model,resource,zone_id,region,account_zone,window,origin,h,timestamp,actual,mean,sigma,lo,hi,interval_level,mase_scale,seed
xlstm,carbon,AUT,Europe,True,holdout,last12,1,2025-01-01,165.26,131.6794621154666,,,,0.8,32.4912962962963,42
xlstm,carbon,AUT,Europe,True,holdout,last12,2,2025-02-01,163.81,126.12970070660114,,,,0.8,32.4912962962963,42
xlstm,carbon,AUT,Europe,True,holdout,last12,3,2025-03-01,119.77,105.09335196316242,,,,0.8,32.4912962962963,42
xlstm,carbon,AUT,Europe,True,holdout,last12,4,2025-04-01,78.4,79.6027988936007,,,,0.8,32.4912962962963,42
xlstm,carbon,AUT,Europe,True,holdout,last12,5,2025-05-01,46.02,62.2314489749819,,,,0.8,32.4912962962963,42
xlstm,carbon,AUT,Europe,True,holdout,last12,6,2025-06-01,43.85,52.25762052588165,,,,0.8,32.4912962962963,42
xlstm,carbon,AUT,Europe,True,holdout,last12,7,2025-07-01,42.55,50.40256594076752,,,,0.8,32.4912962962963,42
xlstm,carbon,AUT,Europe,True,holdout,last12,8,2025-08-01,41.74,61.23900963768362,,,,0.8,32.4912962962963,42
xlstm,carbon,AUT,Europe,True,holdout,last12,9,2025-09-01,55.67,86.71878022626042,,,,0.8,32.4912962962963,42
xlstm,carbon,AUT,Europe,True,holdout,last12,10,2025-10-01,100.37,117.98976266026497,,,,0.8,32.4912962962963,42
xlstm,carbon,AUT,Europe,True,holdout,last12,11,2025-11-01,114.99,140.48720968395472,,,,0.8,32.4912962962963,42
xlstm,carbon,AUT,Europe,True,holdout,last12,12,2025-12-01,156.78,151.4281310939789,,,,0.8,32.4912962962963,42
xlstm,carbon,AUT,Europe,True,rolling,2022-12-01,1,2023-01-01,133.73,185.21100031077864,,,,0.8,33.069404761904764,42
xlstm,carbon,AUT,Europe,True,rolling,2022-12-01,2,2023-02-01,141.99,183.31575989663602,,,,0.8,33.069404761904764,42
xlstm,carbon,AUT,Europe,True,rolling,2022-12-01,3,2023-03-01,112.4,154.47021280378104,,,,0.8,33.069404761904764,42
xlstm,carbon,AUT,Europe,True,rolling,2022-12-01,4,2023-04-01,95.06,105.96126617163421,,,,0.8,33.069404761904764,42
xlstm,carbon,AUT,Europe,True,rolling,2022-12-01,5,2023-05-01,55.73,82.2428168079257,,,,0.8,33.069404761904764,42
xlstm,carbon,AUT,Europe,True,rolling,2022-12-01,6,2023-06-01,42.23,68.45215037807823,,,,0.8,33.069404761904764,42
xlstm,carbon,AUT,Europe,True,rolling,2022-12-01,7,2023-07-01,53.89,65.5431425035,,,,0.8,33.069404761904764,42
xlstm,carbon,AUT,Europe,True,rolling,2022-12-01,8,2023-08-01,41.74,72.42572301372887,,,,0.8,33.069404761904764,42
xlstm,carbon,AUT,Europe,True,rolling,2022-12-01,9,2023-09-01,69.53,95.07946082264186,,,,0.8,33.069404761904764,42
xlstm,carbon,AUT,Europe,True,rolling,2022-12-01,10,2023-10-01,89.25,123.4357377639413,,,,0.8,33.069404761904764,42
xlstm,carbon,AUT,Europe,True,rolling,2022-12-01,11,2023-11-01,97.73,156.22858141601088,,,,0.8,33.069404761904764,42
xlstm,carbon,AUT,Europe,True,rolling,2022-12-01,12,2023-12-01,108.55,176.59519628584385,,,,0.8,33.069404761904764,42
xlstm,carbon,AUT,Europe,True,rolling,2023-12-01,1,2024-01-01,112.28,145.35534451156855,,,,0.8,33.05260416666667,42
xlstm,carbon,AUT,Europe,True,rolling,2023-12-01,2,2024-02-01,90.57,141.7955248454213,,,,0.8,33.05260416666667,42
xlstm,carbon,AUT,Europe,True,rolling,2023-12-01,3,2024-03-01,79.79,123.52422975301742,,,,0.8,33.05260416666667,42
xlstm,carbon,AUT,Europe,True,rolling,2023-12-01,4,2024-04-01,57.14,103.41327709913253,,,,0.8,33.05260416666667,42
xlstm,carbon,AUT,Europe,True,rolling,2023-12-01,5,2024-05-01,41.73,84.0413481400907,,,,0.8,33.05260416666667,42
xlstm,carbon,AUT,Europe,True,rolling,2023-12-01,6,2024-06-01,42.52,71.5662329365313,,,,0.8,33.05260416666667,42
xlstm,carbon,AUT,Europe,True,rolling,2023-12-01,7,2024-07-01,41.6,63.5928674095869,,,,0.8,33.05260416666667,42
xlstm,carbon,AUT,Europe,True,rolling,2023-12-01,8,2024-08-01,53.03,61.05672280877828,,,,0.8,33.05260416666667,42
xlstm,carbon,AUT,Europe,True,rolling,2023-12-01,9,2024-09-01,49.45,67.91533703207969,,,,0.8,33.05260416666667,42
xlstm,carbon,AUT,Europe,True,rolling,2023-12-01,10,2024-10-01,66.98,81.71793038919567,,,,0.8,33.05260416666667,42
xlstm,carbon,AUT,Europe,True,rolling,2023-12-01,11,2024-11-01,163.08,101.0753598153591,,,,0.8,33.05260416666667,42
xlstm,carbon,AUT,Europe,True,rolling,2023-12-01,12,2024-12-01,155.59,121.86742182552814,,,,0.8,33.05260416666667,42
xlstm,carbon,AUT,Europe,True,rolling,2024-12-01,1,2025-01-01,165.26,131.6794621154666,,,,0.8,32.4912962962963,42
xlstm,carbon,AUT,Europe,True,rolling,2024-12-01,2,2025-02-01,163.81,126.12970070660114,,,,0.8,32.4912962962963,42
xlstm,carbon,AUT,Europe,True,rolling,2024-12-01,3,2025-03-01,119.77,105.09335196316242,,,,0.8,32.4912962962963,42
xlstm,carbon,AUT,Europe,True,rolling,2024-12-01,4,2025-04-01,78.4,79.6027988936007,,,,0.8,32.4912962962963,42
xlstm,carbon,AUT,Europe,True,rolling,2024-12-01,5,2025-05-01,46.02,62.2314489749819,,,,0.8,32.4912962962963,42
xlstm,carbon,AUT,Europe,True,rolling,2024-12-01,6,2025-06-01,43.85,52.25762052588165,,,,0.8,32.4912962962963,42
xlstm,carbon,AUT,Europe,True,rolling,2024-12-01,7,2025-07-01,42.55,50.40256594076752,,,,0.8,32.4912962962963,42
xlstm,carbon,AUT,Europe,True,rolling,2024-12-01,8,2025-08-01,41.74,61.23900963768362,,,,0.8,32.4912962962963,42
xlstm,carbon,AUT,Europe,True,rolling,2024-12-01,9,2025-09-01,55.67,86.71878022626042,,,,0.8,32.4912962962963,42
xlstm,carbon,AUT,Europe,True,rolling,2024-12-01,10,2025-10-01,100.37,117.98976266026497,,,,0.8,32.4912962962963,42
xlstm,carbon,AUT,Europe,True,rolling,2024-12-01,11,2025-11-01,114.99,140.48720968395472,,,,0.8,32.4912962962963,42
xlstm,carbon,AUT,Europe,True,rolling,2024-12-01,12,2025-12-01,156.78,151.4281310939789,,,,0.8,32.4912962962963,42
xlstm,carbon,BEL,Europe,True,holdout,last12,1,2025-01-01,178.46,170.87092970490454,,,,0.8,40.944629629629624,42
xlstm,carbon,BEL,Europe,True,holdout,last12,2,2025-02-01,193.04,171.1254275369644,,,,0.8,40.944629629629624,42
xlstm,carbon,BEL,Europe,True,holdout,last12,3,2025-03-01,185.12,171.92706979990004,,,,0.8,40.944629629629624,42
xlstm,carbon,BEL,Europe,True,holdout,last12,4,2025-04-01,186.22,172.82650991559026,,,,0.8,40.944629629629624,42
xlstm,carbon,BEL,Europe,True,holdout,last12,5,2025-05-01,147.06,173.628017591238,,,,0.8,40.944629629629624,42
xlstm,carbon,BEL,Europe,True,holdout,last12,6,2025-06-01,148.35,174.2954965162277,,,,0.8,40.944629629629624,42
xlstm,carbon,BEL,Europe,True,holdout,last12,7,2025-07-01,183.43,174.85653035521506,,,,0.8,40.944629629629624,42
xlstm,carbon,BEL,Europe,True,holdout,last12,8,2025-08-01,156.44,175.34270001530646,,,,0.8,40.944629629629624,42
xlstm,carbon,BEL,Europe,True,holdout,last12,9,2025-09-01,144.51,175.7621951329708,,,,0.8,40.944629629629624,42
xlstm,carbon,BEL,Europe,True,holdout,last12,10,2025-10-01,208.57,176.12026461243627,,,,0.8,40.944629629629624,42
xlstm,carbon,BEL,Europe,True,holdout,last12,11,2025-11-01,198.23,176.42972116351126,,,,0.8,40.944629629629624,42
xlstm,carbon,BEL,Europe,True,holdout,last12,12,2025-12-01,220.76,176.6800938951969,,,,0.8,40.944629629629624,42
xlstm,carbon,BEL,Europe,True,rolling,2022-12-01,1,2023-01-01,164.23,186.13210979372263,,,,0.8,44.41178571428571,42
xlstm,carbon,BEL,Europe,True,rolling,2022-12-01,2,2023-02-01,201.45,186.58769929885864,,,,0.8,44.41178571428571,42
xlstm,carbon,BEL,Europe,True,rolling,2022-12-01,3,2023-03-01,180.82,187.06987453371286,,,,0.8,44.41178571428571,42
xlstm,carbon,BEL,Europe,True,rolling,2022-12-01,4,2023-04-01,174.06,187.5463129132986,,,,0.8,44.41178571428571,42
xlstm,carbon,BEL,Europe,True,rolling,2022-12-01,5,2023-05-01,167.25,187.86741538167,,,,0.8,44.41178571428571,42
xlstm,carbon,BEL,Europe,True,rolling,2022-12-01,6,2023-06-01,171.57,188.08427968651057,,,,0.8,44.41178571428571,42
xlstm,carbon,BEL,Europe,True,rolling,2022-12-01,7,2023-07-01,145.68,188.24290621817113,,,,0.8,44.41178571428571,42
xlstm,carbon,BEL,Europe,True,rolling,2022-12-01,8,2023-08-01,168.07,188.3496092426777,,,,0.8,44.41178571428571,42
xlstm,carbon,BEL,Europe,True,rolling,2022-12-01,9,2023-09-01,185.74,188.3908847987652,,,,0.8,44.41178571428571,42
xlstm,carbon,BEL,Europe,True,rolling,2022-12-01,10,2023-10-01,155.05,188.3764929908514,,,,0.8,44.41178571428571,42
xlstm,carbon,BEL,Europe,True,rolling,2022-12-01,11,2023-11-01,141.52,188.3551660451293,,,,0.8,44.41178571428571,42
xlstm,carbon,BEL,Europe,True,rolling,2022-12-01,12,2023-12-01,151.38,188.29818864166737,,,,0.8,44.41178571428571,42
xlstm,carbon,BEL,Europe,True,rolling,2023-12-01,1,2024-01-01,172.27,161.3567738968134,,,,0.8,41.91822916666666,42
xlstm,carbon,BEL,Europe,True,rolling,2023-12-01,2,2024-02-01,107.53,164.84257780522108,,,,0.8,41.91822916666666,42
xlstm,carbon,BEL,Europe,True,rolling,2023-12-01,3,2024-03-01,141.49,166.95224734738468,,,,0.8,41.91822916666666,42
xlstm,carbon,BEL,Europe,True,rolling,2023-12-01,4,2024-04-01,148.9,168.38208712279797,,,,0.8,41.91822916666666,42
xlstm,carbon,BEL,Europe,True,rolling,2023-12-01,5,2024-05-01,153.31,169.53819073811175,,,,0.8,41.91822916666666,42
xlstm,carbon,BEL,Europe,True,rolling,2023-12-01,6,2024-06-01,146.67,170.58404304668306,,,,0.8,41.91822916666666,42
xlstm,carbon,BEL,Europe,True,rolling,2023-12-01,7,2024-07-01,129.81,171.53545454844834,,,,0.8,41.91822916666666,42
xlstm,carbon,BEL,Europe,True,rolling,2023-12-01,8,2024-08-01,127.42,172.43298679694533,,,,0.8,41.91822916666666,42
xlstm,carbon,BEL,Europe,True,rolling,2023-12-01,9,2024-09-01,151.92,173.2104486514628,,,,0.8,41.91822916666666,42
xlstm,carbon,BEL,Europe,True,rolling,2023-12-01,10,2024-10-01,170.21,173.87198443114758,,,,0.8,41.91822916666666,42
xlstm,carbon,BEL,Europe,True,rolling,2023-12-01,11,2024-11-01,215.89,174.488696372509,,,,0.8,41.91822916666666,42
xlstm,carbon,BEL,Europe,True,rolling,2023-12-01,12,2024-12-01,164.09,175.04801492631435,,,,0.8,41.91822916666666,42
xlstm,carbon,BEL,Europe,True,rolling,2024-12-01,1,2025-01-01,178.46,170.87092970490454,,,,0.8,40.944629629629624,42
xlstm,carbon,BEL,Europe,True,rolling,2024-12-01,2,2025-02-01,193.04,171.1254275369644,,,,0.8,40.944629629629624,42
xlstm,carbon,BEL,Europe,True,rolling,2024-12-01,3,2025-03-01,185.12,171.92706979990004,,,,0.8,40.944629629629624,42
xlstm,carbon,BEL,Europe,True,rolling,2024-12-01,4,2025-04-01,186.22,172.82650991559026,,,,0.8,40.944629629629624,42
xlstm,carbon,BEL,Europe,True,rolling,2024-12-01,5,2025-05-01,147.06,173.628017591238,,,,0.8,40.944629629629624,42
xlstm,carbon,BEL,Europe,True,rolling,2024-12-01,6,2025-06-01,148.35,174.2954965162277,,,,0.8,40.944629629629624,42
xlstm,carbon,BEL,Europe,True,rolling,2024-12-01,7,2025-07-01,183.43,174.85653035521506,,,,0.8,40.944629629629624,42
xlstm,carbon,BEL,Europe,True,rolling,2024-12-01,8,2025-08-01,156.44,175.34270001530646,,,,0.8,40.944629629629624,42
xlstm,carbon,BEL,Europe,True,rolling,2024-12-01,9,2025-09-01,144.51,175.7621951329708,,,,0.8,40.944629629629624,42
xlstm,carbon,BEL,Europe,True,rolling,2024-12-01,10,2025-10-01,208.57,176.12026461243627,,,,0.8,40.944629629629624,42
xlstm,carbon,BEL,Europe,True,rolling,2024-12-01,11,2025-11-01,198.23,176.42972116351126,,,,0.8,40.944629629629624,42
xlstm,carbon,BEL,Europe,True,rolling,2024-12-01,12,2025-12-01,220.76,176.6800938951969,,,,0.8,40.944629629629624,42
xlstm,carbon,BGR,Europe,True,holdout,last12,1,2025-01-01,460.53,279.2100639927387,,,,0.8,72.36092592592593,42
xlstm,carbon,BGR,Europe,True,holdout,last12,2,2025-02-01,473.55,271.52208671860393,,,,0.8,72.36092592592593,42
xlstm,carbon,BGR,Europe,True,holdout,last12,3,2025-03-01,291.54,269.1438190310448,,,,0.8,72.36092592592593,42
xlstm,carbon,BGR,Europe,True,holdout,last12,4,2025-04-01,243.42,268.40287260398264,,,,0.8,72.36092592592593,42
xlstm,carbon,BGR,Europe,True,holdout,last12,5,2025-05-01,244.73,271.5622957064956,,,,0.8,72.36092592592593,42
xlstm,carbon,BGR,Europe,True,holdout,last12,6,2025-06-01,219.86,275.50911976955825,,,,0.8,72.36092592592593,42
xlstm,carbon,BGR,Europe,True,holdout,last12,7,2025-07-01,243.33,284.5018223330378,,,,0.8,72.36092592592593,42
xlstm,carbon,BGR,Europe,True,holdout,last12,8,2025-08-01,216.5,283.0094300478696,,,,0.8,72.36092592592593,42
xlstm,carbon,BGR,Europe,True,holdout,last12,9,2025-09-01,208.79,288.6728246560692,,,,0.8,72.36092592592593,42
xlstm,carbon,BGR,Europe,True,holdout,last12,10,2025-10-01,314.88,297.5209364506602,,,,0.8,72.36092592592593,42
xlstm,carbon,BGR,Europe,True,holdout,last12,11,2025-11-01,432.0,302.2195483361184,,,,0.8,72.36092592592593,42
xlstm,carbon,BGR,Europe,True,holdout,last12,12,2025-12-01,387.39,280.8010396973788,,,,0.8,72.36092592592593,42
xlstm,carbon,BGR,Europe,True,rolling,2022-12-01,1,2023-01-01,528.47,506.1618710803985,,,,0.8,58.91428571428572,42
xlstm,carbon,BGR,Europe,True,rolling,2022-12-01,2,2023-02-01,507.39,506.2142410659789,,,,0.8,58.91428571428572,42
xlstm,carbon,BGR,Europe,True,rolling,2022-12-01,3,2023-03-01,416.44,505.95408712387075,,,,0.8,58.91428571428572,42
xlstm,carbon,BGR,Europe,True,rolling,2022-12-01,4,2023-04-01,371.62,505.56529522895806,,,,0.8,58.91428571428572,42
xlstm,carbon,BGR,Europe,True,rolling,2022-12-01,5,2023-05-01,382.11,505.18914613723746,,,,0.8,58.91428571428572,42
xlstm,carbon,BGR,Europe,True,rolling,2022-12-01,6,2023-06-01,214.29,504.72691291809076,,,,0.8,58.91428571428572,42
xlstm,carbon,BGR,Europe,True,rolling,2022-12-01,7,2023-07-01,291.79,504.48081510066976,,,,0.8,58.91428571428572,42
xlstm,carbon,BGR,Europe,True,rolling,2022-12-01,8,2023-08-01,298.41,504.21398000240316,,,,0.8,58.91428571428572,42
xlstm,carbon,BGR,Europe,True,rolling,2022-12-01,9,2023-09-01,346.03,503.9797540855407,,,,0.8,58.91428571428572,42
xlstm,carbon,BGR,Europe,True,rolling,2022-12-01,10,2023-10-01,456.84,503.7137155866622,,,,0.8,58.91428571428572,42
xlstm,carbon,BGR,Europe,True,rolling,2022-12-01,11,2023-11-01,456.31,503.39654054641716,,,,0.8,58.91428571428572,42
xlstm,carbon,BGR,Europe,True,rolling,2022-12-01,12,2023-12-01,429.33,503.2173056840896,,,,0.8,58.91428571428572,42
xlstm,carbon,BGR,Europe,True,rolling,2023-12-01,1,2024-01-01,403.79,472.9060029762983,,,,0.8,70.59187500000002,42
xlstm,carbon,BGR,Europe,True,rolling,2023-12-01,2,2024-02-01,321.77,475.3840190166235,,,,0.8,70.59187500000002,42
xlstm,carbon,BGR,Europe,True,rolling,2023-12-01,3,2024-03-01,288.34,477.928022891283,,,,0.8,70.59187500000002,42
xlstm,carbon,BGR,Europe,True,rolling,2023-12-01,4,2024-04-01,221.52,480.39016577601427,,,,0.8,70.59187500000002,42
xlstm,carbon,BGR,Europe,True,rolling,2023-12-01,5,2024-05-01,242.06,482.5519512790441,,,,0.8,70.59187500000002,42
xlstm,carbon,BGR,Europe,True,rolling,2023-12-01,6,2024-06-01,224.07,484.30698716998097,,,,0.8,70.59187500000002,42
xlstm,carbon,BGR,Europe,True,rolling,2023-12-01,7,2024-07-01,340.12,485.96558161556715,,,,0.8,70.59187500000002,42
xlstm,carbon,BGR,Europe,True,rolling,2023-12-01,8,2024-08-01,285.29,487.13803060829633,,,,0.8,70.59187500000002,42
xlstm,carbon,BGR,Europe,True,rolling,2023-12-01,9,2024-09-01,281.79,488.0433416074514,,,,0.8,70.59187500000002,42
xlstm,carbon,BGR,Europe,True,rolling,2023-12-01,10,2024-10-01,312.03,488.6755922424793,,,,0.8,70.59187500000002,42
xlstm,carbon,BGR,Europe,True,rolling,2023-12-01,11,2024-11-01,476.02,489.0060424816608,,,,0.8,70.59187500000002,42
xlstm,carbon,BGR,Europe,True,rolling,2023-12-01,12,2024-12-01,438.95,489.2785917782783,,,,0.8,70.59187500000002,42
xlstm,carbon,BGR,Europe,True,rolling,2024-12-01,1,2025-01-01,460.53,279.2100639927387,,,,0.8,72.36092592592593,42
xlstm,carbon,BGR,Europe,True,rolling,2024-12-01,2,2025-02-01,473.55,271.52208671860393,,,,0.8,72.36092592592593,42
xlstm,carbon,BGR,Europe,True,rolling,2024-12-01,3,2025-03-01,291.54,269.1438190310448,,,,0.8,72.36092592592593,42
xlstm,carbon,BGR,Europe,True,rolling,2024-12-01,4,2025-04-01,243.42,268.40287260398264,,,,0.8,72.36092592592593,42
xlstm,carbon,BGR,Europe,True,rolling,2024-12-01,5,2025-05-01,244.73,271.5622957064956,,,,0.8,72.36092592592593,42
xlstm,carbon,BGR,Europe,True,rolling,2024-12-01,6,2025-06-01,219.86,275.50911976955825,,,,0.8,72.36092592592593,42
xlstm,carbon,BGR,Europe,True,rolling,2024-12-01,7,2025-07-01,243.33,284.5018223330378,,,,0.8,72.36092592592593,42
xlstm,carbon,BGR,Europe,True,rolling,2024-12-01,8,2025-08-01,216.5,283.0094300478696,,,,0.8,72.36092592592593,42
xlstm,carbon,BGR,Europe,True,rolling,2024-12-01,9,2025-09-01,208.79,288.6728246560692,,,,0.8,72.36092592592593,42
xlstm,carbon,BGR,Europe,True,rolling,2024-12-01,10,2025-10-01,314.88,297.5209364506602,,,,0.8,72.36092592592593,42
xlstm,carbon,BGR,Europe,True,rolling,2024-12-01,11,2025-11-01,432.0,302.2195483361184,,,,0.8,72.36092592592593,42
xlstm,carbon,BGR,Europe,True,rolling,2024-12-01,12,2025-12-01,387.39,280.8010396973788,,,,0.8,72.36092592592593,42
xlstm,carbon,BIH,Europe,False,holdout,last12,1,2025-01-01,682.54,721.8080477094651,,,,0.8,98.8486666666667,42
xlstm,carbon,BIH,Europe,False,holdout,last12,2,2025-02-01,686.87,735.8787104201317,,,,0.8,98.8486666666667,42
xlstm,carbon,BIH,Europe,False,holdout,last12,3,2025-03-01,591.3,756.8504697585106,,,,0.8,98.8486666666667,42
xlstm,carbon,BIH,Europe,False,holdout,last12,4,2025-04-01,586.96,784.5348616456986,,,,0.8,98.8486666666667,42
xlstm,carbon,BIH,Europe,False,holdout,last12,5,2025-05-01,600.0,791.3698659014702,,,,0.8,98.8486666666667,42
xlstm,carbon,BIH,Europe,False,holdout,last12,6,2025-06-01,636.36,793.1272732734681,,,,0.8,98.8486666666667,42
xlstm,carbon,BIH,Europe,False,holdout,last12,7,2025-07-01,632.91,791.8919732356071,,,,0.8,98.8486666666667,42
xlstm,carbon,BIH,Europe,False,holdout,last12,8,2025-08-01,712.64,784.6553289961815,,,,0.8,98.8486666666667,42
xlstm,carbon,BIH,Europe,False,holdout,last12,9,2025-09-01,734.18,767.9921873950958,,,,0.8,98.8486666666667,42
xlstm,carbon,BIH,Europe,False,holdout,last12,10,2025-10-01,730.34,736.45021900177,,,,0.8,98.8486666666667,42
xlstm,carbon,BIH,Europe,False,holdout,last12,11,2025-11-01,629.63,722.9937448620797,,,,0.8,98.8486666666667,42
xlstm,carbon,BIH,Europe,False,holdout,last12,12,2025-12-01,584.75,698.5621506714821,,,,0.8,98.8486666666667,42
xlstm,carbon,BIH,Europe,False,rolling,2022-12-01,1,2023-01-01,625.95,711.5004293107986,,,,0.8,98.51138888888889,42
xlstm,carbon,BIH,Europe,False,rolling,2022-12-01,2,2023-02-01,558.56,703.9369803655147,,,,0.8,98.51138888888889,42
xlstm,carbon,BIH,Europe,False,rolling,2022-12-01,3,2023-03-01,534.88,700.1225549173355,,,,0.8,98.51138888888889,42
xlstm,carbon,BIH,Europe,False,rolling,2022-12-01,4,2023-04-01,652.17,699.8635394644738,,,,0.8,98.51138888888889,42
xlstm,carbon,BIH,Europe,False,rolling,2022-12-01,5,2023-05-01,508.33,701.3957949161529,,,,0.8,98.51138888888889,42
xlstm,carbon,BIH,Europe,False,rolling,2022-12-01,6,2023-06-01,580.36,706.4202553200722,,,,0.8,98.51138888888889,42
xlstm,carbon,BIH,Europe,False,rolling,2022-12-01,7,2023-07-01,697.25,714.5814389932156,,,,0.8,98.51138888888889,42
xlstm,carbon,BIH,Europe,False,rolling,2022-12-01,8,2023-08-01,828.57,723.7715664958954,,,,0.8,98.51138888888889,42
xlstm,carbon,BIH,Europe,False,rolling,2022-12-01,9,2023-09-01,840.0,731.2306403422356,,,,0.8,98.51138888888889,42
xlstm,carbon,BIH,Europe,False,rolling,2022-12-01,10,2023-10-01,813.73,736.4707272660733,,,,0.8,98.51138888888889,42
xlstm,carbon,BIH,Europe,False,rolling,2022-12-01,11,2023-11-01,603.31,738.5410054862499,,,,0.8,98.51138888888889,42
xlstm,carbon,BIH,Europe,False,rolling,2022-12-01,12,2023-12-01,553.85,740.5761990857123,,,,0.8,98.51138888888889,42
xlstm,carbon,BIH,Europe,False,rolling,2023-12-01,1,2024-01-01,647.06,640.8284137976169,,,,0.8,101.97479166666666,42
xlstm,carbon,BIH,Europe,False,rolling,2023-12-01,2,2024-02-01,635.59,659.769501811266,,,,0.8,101.97479166666666,42
xlstm,carbon,BIH,Europe,False,rolling,2023-12-01,3,2024-03-01,555.56,711.4252721405029,,,,0.8,101.97479166666666,42
xlstm,carbon,BIH,Europe,False,rolling,2023-12-01,4,2024-04-01,662.92,780.6316926050187,,,,0.8,101.97479166666666,42
xlstm,carbon,BIH,Europe,False,rolling,2023-12-01,5,2024-05-01,747.13,819.1896239280701,,,,0.8,101.97479166666666,42
xlstm,carbon,BIH,Europe,False,rolling,2023-12-01,6,2024-06-01,656.57,845.0979233455658,,,,0.8,101.97479166666666,42
xlstm,carbon,BIH,Europe,False,rolling,2023-12-01,7,2024-07-01,750.0,844.9471879291534,,,,0.8,101.97479166666666,42
xlstm,carbon,BIH,Europe,False,rolling,2023-12-01,8,2024-08-01,764.71,830.1122509527206,,,,0.8,101.97479166666666,42
xlstm,carbon,BIH,Europe,False,rolling,2023-12-01,9,2024-09-01,809.52,779.2966490960122,,,,0.8,101.97479166666666,42
xlstm,carbon,BIH,Europe,False,rolling,2023-12-01,10,2024-10-01,641.3,718.7237519550323,,,,0.8,101.97479166666666,42
xlstm,carbon,BIH,Europe,False,rolling,2023-12-01,11,2024-11-01,725.49,674.8018645441532,,,,0.8,101.97479166666666,42
xlstm,carbon,BIH,Europe,False,rolling,2023-12-01,12,2024-12-01,703.7,661.7397602272034,,,,0.8,101.97479166666666,42
xlstm,carbon,BIH,Europe,False,rolling,2024-12-01,1,2025-01-01,682.54,721.8080477094651,,,,0.8,98.8486666666667,42
xlstm,carbon,BIH,Europe,False,rolling,2024-12-01,2,2025-02-01,686.87,735.8787104201317,,,,0.8,98.8486666666667,42
xlstm,carbon,BIH,Europe,False,rolling,2024-12-01,3,2025-03-01,591.3,756.8504697585106,,,,0.8,98.8486666666667,42
xlstm,carbon,BIH,Europe,False,rolling,2024-12-01,4,2025-04-01,586.96,784.5348616456986,,,,0.8,98.8486666666667,42
xlstm,carbon,BIH,Europe,False,rolling,2024-12-01,5,2025-05-01,600.0,791.3698659014702,,,,0.8,98.8486666666667,42
xlstm,carbon,BIH,Europe,False,rolling,2024-12-01,6,2025-06-01,636.36,793.1272732734681,,,,0.8,98.8486666666667,42
xlstm,carbon,BIH,Europe,False,rolling,2024-12-01,7,2025-07-01,632.91,791.8919732356071,,,,0.8,98.8486666666667,42
xlstm,carbon,BIH,Europe,False,rolling,2024-12-01,8,2025-08-01,712.64,784.6553289961815,,,,0.8,98.8486666666667,42
xlstm,carbon,BIH,Europe,False,rolling,2024-12-01,9,2025-09-01,734.18,767.9921873950958,,,,0.8,98.8486666666667,42
xlstm,carbon,BIH,Europe,False,rolling,2024-12-01,10,2025-10-01,730.34,736.45021900177,,,,0.8,98.8486666666667,42
xlstm,carbon,BIH,Europe,False,rolling,2024-12-01,11,2025-11-01,629.63,722.9937448620797,,,,0.8,98.8486666666667,42
xlstm,carbon,BIH,Europe,False,rolling,2024-12-01,12,2025-12-01,584.75,698.5621506714821,,,,0.8,98.8486666666667,42
xlstm,carbon,CHE,Europe,False,holdout,last12,1,2025-01-01,56.67,55.472324314415445,,,,0.8,5.443809523809524,42
xlstm,carbon,CHE,Europe,False,holdout,last12,2,2025-02-01,57.47,55.48943870335817,,,,0.8,5.443809523809524,42
xlstm,carbon,CHE,Europe,False,holdout,last12,3,2025-03-01,60.0,55.49543176323175,,,,0.8,5.443809523809524,42
xlstm,carbon,CHE,Europe,False,holdout,last12,4,2025-04-01,58.18,55.49088858842849,,,,0.8,5.443809523809524,42
xlstm,carbon,CHE,Europe,False,holdout,last12,5,2025-05-01,56.57,55.48093291252851,,,,0.8,5.443809523809524,42
xlstm,carbon,CHE,Europe,False,holdout,last12,6,2025-06-01,52.63,55.47101049780845,,,,0.8,5.443809523809524,42
xlstm,carbon,CHE,Europe,False,holdout,last12,7,2025-07-01,57.99,55.459721350967875,,,,0.8,5.443809523809524,42
xlstm,carbon,CHE,Europe,False,holdout,last12,8,2025-08-01,56.39,55.448751209080214,,,,0.8,5.443809523809524,42
xlstm,carbon,CHE,Europe,False,holdout,last12,9,2025-09-01,54.2,55.44142770200967,,,,0.8,5.443809523809524,42
xlstm,carbon,CHE,Europe,False,holdout,last12,10,2025-10-01,60.08,55.43741519421338,,,,0.8,5.443809523809524,42
xlstm,carbon,CHE,Europe,False,holdout,last12,11,2025-11-01,62.5,55.435114125311365,,,,0.8,5.443809523809524,42
xlstm,carbon,CHE,Europe,False,holdout,last12,12,2025-12-01,66.1,55.434099659323685,,,,0.8,5.443809523809524,42
xlstm,carbon,CHE,Europe,False,rolling,2022-12-01,1,2023-01-01,55.94,61.6799959039688,,,,0.8,5.662666666666667,42
xlstm,carbon,CHE,Europe,False,rolling,2022-12-01,2,2023-02-01,64.26,62.59475848108529,,,,0.8,5.662666666666667,42
xlstm,carbon,CHE,Europe,False,rolling,2022-12-01,3,2023-03-01,57.04,61.72454471886157,,,,0.8,5.662666666666667,42
xlstm,carbon,CHE,Europe,False,rolling,2022-12-01,4,2023-04-01,55.03,60.39220919400453,,,,0.8,5.662666666666667,42
xlstm,carbon,CHE,Europe,False,rolling,2022-12-01,5,2023-05-01,57.59,59.386942946314804,,,,0.8,5.662666666666667,42
xlstm,carbon,CHE,Europe,False,rolling,2022-12-01,6,2023-06-01,50.08,58.45987222075462,,,,0.8,5.662666666666667,42
xlstm,carbon,CHE,Europe,False,rolling,2022-12-01,7,2023-07-01,47.35,56.03844622731208,,,,0.8,5.662666666666667,42
xlstm,carbon,CHE,Europe,False,rolling,2022-12-01,8,2023-08-01,48.53,55.116605066359035,,,,0.8,5.662666666666667,42
xlstm,carbon,CHE,Europe,False,rolling,2022-12-01,9,2023-09-01,46.62,56.38746788322925,,,,0.8,5.662666666666667,42
xlstm,carbon,CHE,Europe,False,rolling,2022-12-01,10,2023-10-01,51.5,57.51073723793029,,,,0.8,5.662666666666667,42
xlstm,carbon,CHE,Europe,False,rolling,2022-12-01,11,2023-11-01,49.05,58.8903928387165,,,,0.8,5.662666666666667,42
xlstm,carbon,CHE,Europe,False,rolling,2022-12-01,12,2023-12-01,51.02,58.95118066877126,,,,0.8,5.662666666666667,42
xlstm,carbon,CHE,Europe,False,rolling,2023-12-01,1,2024-01-01,50.46,59.450828601717944,,,,0.8,5.719166666666666,42
xlstm,carbon,CHE,Europe,False,rolling,2023-12-01,2,2024-02-01,55.08,60.14371794253587,,,,0.8,5.719166666666666,42
xlstm,carbon,CHE,Europe,False,rolling,2023-12-01,3,2024-03-01,51.89,59.92353195518255,,,,0.8,5.719166666666666,42
xlstm,carbon,CHE,Europe,False,rolling,2023-12-01,4,2024-04-01,50.39,59.40821044713258,,,,0.8,5.719166666666666,42
xlstm,carbon,CHE,Europe,False,rolling,2023-12-01,5,2024-05-01,55.91,58.396130193173875,,,,0.8,5.719166666666666,42
xlstm,carbon,CHE,Europe,False,rolling,2023-12-01,6,2024-06-01,49.79,56.86727098673581,,,,0.8,5.719166666666666,42
xlstm,carbon,CHE,Europe,False,rolling,2023-12-01,7,2024-07-01,42.92,55.67187476336955,,,,0.8,5.719166666666666,42
xlstm,carbon,CHE,Europe,False,rolling,2023-12-01,8,2024-08-01,45.57,54.84863032281398,,,,0.8,5.719166666666666,42
xlstm,carbon,CHE,Europe,False,rolling,2023-12-01,9,2024-09-01,49.77,54.40566548794507,,,,0.8,5.719166666666666,42
xlstm,carbon,CHE,Europe,False,rolling,2023-12-01,10,2024-10-01,51.32,54.61656253486871,,,,0.8,5.719166666666666,42
xlstm,carbon,CHE,Europe,False,rolling,2023-12-01,11,2024-11-01,53.07,55.05471205800771,,,,0.8,5.719166666666666,42
xlstm,carbon,CHE,Europe,False,rolling,2023-12-01,12,2024-12-01,55.36,55.96463059782981,,,,0.8,5.719166666666666,42
xlstm,carbon,CHE,Europe,False,rolling,2024-12-01,1,2025-01-01,56.67,55.472324314415445,,,,0.8,5.443809523809524,42
xlstm,carbon,CHE,Europe,False,rolling,2024-12-01,2,2025-02-01,57.47,55.48943870335817,,,,0.8,5.443809523809524,42
xlstm,carbon,CHE,Europe,False,rolling,2024-12-01,3,2025-03-01,60.0,55.49543176323175,,,,0.8,5.443809523809524,42
xlstm,carbon,CHE,Europe,False,rolling,2024-12-01,4,2025-04-01,58.18,55.49088858842849,,,,0.8,5.443809523809524,42
xlstm,carbon,CHE,Europe,False,rolling,2024-12-01,5,2025-05-01,56.57,55.48093291252851,,,,0.8,5.443809523809524,42
xlstm,carbon,CHE,Europe,False,rolling,2024-12-01,6,2025-06-01,52.63,55.47101049780845,,,,0.8,5.443809523809524,42
xlstm,carbon,CHE,Europe,False,rolling,2024-12-01,7,2025-07-01,57.99,55.459721350967875,,,,0.8,5.443809523809524,42
xlstm,carbon,CHE,Europe,False,rolling,2024-12-01,8,2025-08-01,56.39,55.448751209080214,,,,0.8,5.443809523809524,42
xlstm,carbon,CHE,Europe,False,rolling,2024-12-01,9,2025-09-01,54.2,55.44142770200967,,,,0.8,5.443809523809524,42
xlstm,carbon,CHE,Europe,False,rolling,2024-12-01,10,2025-10-01,60.08,55.43741519421338,,,,0.8,5.443809523809524,42
xlstm,carbon,CHE,Europe,False,rolling,2024-12-01,11,2025-11-01,62.5,55.435114125311365,,,,0.8,5.443809523809524,42
xlstm,carbon,CHE,Europe,False,rolling,2024-12-01,12,2025-12-01,66.1,55.434099659323685,,,,0.8,5.443809523809524,42
xlstm,carbon,CYP,Europe,False,holdout,last12,1,2025-01-01,563.64,539.5756216469407,,,,0.8,19.23547619047619,42
xlstm,carbon,CYP,Europe,False,holdout,last12,2,2025-02-01,563.64,536.0433901664614,,,,0.8,19.23547619047619,42
xlstm,carbon,CYP,Europe,False,holdout,last12,3,2025-03-01,510.64,531.825764323771,,,,0.8,19.23547619047619,42
xlstm,carbon,CYP,Europe,False,holdout,last12,4,2025-04-01,500.0,532.3420260378718,,,,0.8,19.23547619047619,42
xlstm,carbon,CYP,Europe,False,holdout,last12,5,2025-05-01,460.0,535.7448652262985,,,,0.8,19.23547619047619,42
xlstm,carbon,CYP,Europe,False,holdout,last12,6,2025-06-01,475.41,539.3745861572027,,,,0.8,19.23547619047619,42
xlstm,carbon,CYP,Europe,False,holdout,last12,7,2025-07-01,506.67,539.4138001668454,,,,0.8,19.23547619047619,42
xlstm,carbon,CYP,Europe,False,holdout,last12,8,2025-08-01,527.03,538.2050876837968,,,,0.8,19.23547619047619,42
xlstm,carbon,CYP,Europe,False,holdout,last12,9,2025-09-01,515.63,537.3749047960341,,,,0.8,19.23547619047619,42
xlstm,carbon,CYP,Europe,False,holdout,last12,10,2025-10-01,538.46,538.3665053912997,,,,0.8,19.23547619047619,42
xlstm,carbon,CYP,Europe,False,holdout,last12,11,2025-11-01,530.61,540.4331673380732,,,,0.8,19.23547619047619,42
xlstm,carbon,CYP,Europe,False,holdout,last12,12,2025-12-01,555.56,541.0520305520296,,,,0.8,19.23547619047619,42
xlstm,carbon,CYP,Europe,False,rolling,2022-12-01,1,2023-01-01,600.0,577.5288422474265,,,,0.8,19.00466666666667,42
xlstm,carbon,CYP,Europe,False,rolling,2022-12-01,2,2023-02-01,580.0,573.0930817240476,,,,0.8,19.00466666666667,42
xlstm,carbon,CYP,Europe,False,rolling,2022-12-01,3,2023-03-01,545.46,570.7763419950008,,,,0.8,19.00466666666667,42
xlstm,carbon,CYP,Europe,False,rolling,2022-12-01,4,2023-04-01,523.81,569.1835610771179,,,,0.8,19.00466666666667,42
xlstm,carbon,CYP,Europe,False,rolling,2022-12-01,5,2023-05-01,511.11,570.1254844167828,,,,0.8,19.00466666666667,42
xlstm,carbon,CYP,Europe,False,rolling,2022-12-01,6,2023-06-01,538.46,572.96432590276,,,,0.8,19.00466666666667,42
xlstm,carbon,CYP,Europe,False,rolling,2022-12-01,7,2023-07-01,583.33,574.7728047409653,,,,0.8,19.00466666666667,42
xlstm,carbon,CYP,Europe,False,rolling,2022-12-01,8,2023-08-01,591.55,573.7948444107175,,,,0.8,19.00466666666667,42
xlstm,carbon,CYP,Europe,False,rolling,2022-12-01,9,2023-09-01,559.32,572.4313527444004,,,,0.8,19.00466666666667,42
xlstm,carbon,CYP,Europe,False,rolling,2022-12-01,10,2023-10-01,540.0,572.6355554261803,,,,0.8,19.00466666666667,42
xlstm,carbon,CYP,Europe,False,rolling,2022-12-01,11,2023-11-01,543.48,573.7355466136336,,,,0.8,19.00466666666667,42
xlstm,carbon,CYP,Europe,False,rolling,2022-12-01,12,2023-12-01,562.5,574.4077726924419,,,,0.8,19.00466666666667,42
xlstm,carbon,CYP,Europe,False,rolling,2023-12-01,1,2024-01-01,568.63,557.2003799378872,,,,0.8,19.292500000000004,42
xlstm,carbon,CYP,Europe,False,rolling,2023-12-01,2,2024-02-01,571.43,547.7399270957708,,,,0.8,19.292500000000004,42
xlstm,carbon,CYP,Europe,False,rolling,2023-12-01,3,2024-03-01,521.74,541.0726726073027,,,,0.8,19.292500000000004,42
xlstm,carbon,CYP,Europe,False,rolling,2023-12-01,4,2024-04-01,500.0,539.764542607069,,,,0.8,19.292500000000004,42
xlstm,carbon,CYP,Europe,False,rolling,2023-12-01,5,2024-05-01,510.64,542.792433911562,,,,0.8,19.292500000000004,42
xlstm,carbon,CYP,Europe,False,rolling,2023-12-01,6,2024-06-01,544.12,551.5146761155129,,,,0.8,19.292500000000004,42
xlstm,carbon,CYP,Europe,False,rolling,2023-12-01,7,2024-07-01,552.63,558.4601409101487,,,,0.8,19.292500000000004,42
xlstm,carbon,CYP,Europe,False,rolling,2023-12-01,8,2024-08-01,547.95,554.3174077373743,,,,0.8,19.292500000000004,42
xlstm,carbon,CYP,Europe,False,rolling,2023-12-01,9,2024-09-01,533.33,546.6010506498814,,,,0.8,19.292500000000004,42
xlstm,carbon,CYP,Europe,False,rolling,2023-12-01,10,2024-10-01,528.3,544.5549114185571,,,,0.8,19.292500000000004,42
xlstm,carbon,CYP,Europe,False,rolling,2023-12-01,11,2024-11-01,541.67,546.3234087592364,,,,0.8,19.292500000000004,42
xlstm,carbon,CYP,Europe,False,rolling,2023-12-01,12,2024-12-01,581.82,548.1034310603142,,,,0.8,19.292500000000004,42
xlstm,carbon,CYP,Europe,False,rolling,2024-12-01,1,2025-01-01,563.64,539.5756216469407,,,,0.8,19.23547619047619,42
xlstm,carbon,CYP,Europe,False,rolling,2024-12-01,2,2025-02-01,563.64,536.0433901664614,,,,0.8,19.23547619047619,42
xlstm,carbon,CYP,Europe,False,rolling,2024-12-01,3,2025-03-01,510.64,531.825764323771,,,,0.8,19.23547619047619,42
xlstm,carbon,CYP,Europe,False,rolling,2024-12-01,4,2025-04-01,500.0,532.3420260378718,,,,0.8,19.23547619047619,42
xlstm,carbon,CYP,Europe,False,rolling,2024-12-01,5,2025-05-01,460.0,535.7448652262985,,,,0.8,19.23547619047619,42
xlstm,carbon,CYP,Europe,False,rolling,2024-12-01,6,2025-06-01,475.41,539.3745861572027,,,,0.8,19.23547619047619,42
xlstm,carbon,CYP,Europe,False,rolling,2024-12-01,7,2025-07-01,506.67,539.4138001668454,,,,0.8,19.23547619047619,42
xlstm,carbon,CYP,Europe,False,rolling,2024-12-01,8,2025-08-01,527.03,538.2050876837968,,,,0.8,19.23547619047619,42
xlstm,carbon,CYP,Europe,False,rolling,2024-12-01,9,2025-09-01,515.63,537.3749047960341,,,,0.8,19.23547619047619,42
xlstm,carbon,CYP,Europe,False,rolling,2024-12-01,10,2025-10-01,538.46,538.3665053912997,,,,0.8,19.23547619047619,42
xlstm,carbon,CYP,Europe,False,rolling,2024-12-01,11,2025-11-01,530.61,540.4331673380732,,,,0.8,19.23547619047619,42
xlstm,carbon,CYP,Europe,False,rolling,2024-12-01,12,2025-12-01,555.56,541.0520305520296,,,,0.8,19.23547619047619,42
xlstm,carbon,CZE,Europe,False,holdout,last12,1,2025-01-01,522.92,427.868009082675,,,,0.8,38.13833333333335,42
xlstm,carbon,CZE,Europe,False,holdout,last12,2,2025-02-01,519.58,422.9832565656304,,,,0.8,38.13833333333335,42
xlstm,carbon,CZE,Europe,False,holdout,last12,3,2025-03-01,458.58,411.3308815015852,,,,0.8,38.13833333333335,42
xlstm,carbon,CZE,Europe,False,holdout,last12,4,2025-04-01,390.63,401.8469766098261,,,,0.8,38.13833333333335,42
xlstm,carbon,CZE,Europe,False,holdout,last12,5,2025-05-01,299.07,400.3056675049662,,,,0.8,38.13833333333335,42
xlstm,carbon,CZE,Europe,False,holdout,last12,6,2025-06-01,248.87,399.7811723253131,,,,0.8,38.13833333333335,42
xlstm,carbon,CZE,Europe,False,holdout,last12,7,2025-07-01,379.58,402.50518636137247,,,,0.8,38.13833333333335,42
xlstm,carbon,CZE,Europe,False,holdout,last12,8,2025-08-01,290.32,411.4128973728418,,,,0.8,38.13833333333335,42
xlstm,carbon,CZE,Europe,False,holdout,last12,9,2025-09-01,332.02,424.27235607147213,,,,0.8,38.13833333333335,42
xlstm,carbon,CZE,Europe,False,holdout,last12,10,2025-10-01,418.53,451.299321206212,,,,0.8,38.13833333333335,42
xlstm,carbon,CZE,Europe,False,holdout,last12,11,2025-11-01,455.11,455.1814633518457,,,,0.8,38.13833333333335,42
xlstm,carbon,CZE,Europe,False,holdout,last12,12,2025-12-01,453.4,428.77573605716225,,,,0.8,38.13833333333335,42
xlstm,carbon,CZE,Europe,False,rolling,2022-12-01,1,2023-01-01,496.52,493.0362008705735,,,,0.8,35.49785714285715,42
xlstm,carbon,CZE,Europe,False,rolling,2022-12-01,2,2023-02-01,506.19,482.70215281248096,,,,0.8,35.49785714285715,42
xlstm,carbon,CZE,Europe,False,rolling,2022-12-01,3,2023-03-01,445.67,480.97208706438545,,,,0.8,35.49785714285715,42
xlstm,carbon,CZE,Europe,False,rolling,2022-12-01,4,2023-04-01,480.84,472.15311871021987,,,,0.8,35.49785714285715,42
xlstm,carbon,CZE,Europe,False,rolling,2022-12-01,5,2023-05-01,377.36,475.38881763964895,,,,0.8,35.49785714285715,42
xlstm,carbon,CZE,Europe,False,rolling,2022-12-01,6,2023-06-01,346.94,481.49363743364813,,,,0.8,35.49785714285715,42
xlstm,carbon,CZE,Europe,False,rolling,2022-12-01,7,2023-07-01,392.72,484.1971335321665,,,,0.8,35.49785714285715,42
xlstm,carbon,CZE,Europe,False,rolling,2022-12-01,8,2023-08-01,420.58,490.225842127204,,,,0.8,35.49785714285715,42
xlstm,carbon,CZE,Europe,False,rolling,2022-12-01,9,2023-09-01,470.48,487.3078533232212,,,,0.8,35.49785714285715,42
xlstm,carbon,CZE,Europe,False,rolling,2022-12-01,10,2023-10-01,474.36,489.9352108150721,,,,0.8,35.49785714285715,42
xlstm,carbon,CZE,Europe,False,rolling,2022-12-01,11,2023-11-01,496.8,495.3550206825137,,,,0.8,35.49785714285715,42
xlstm,carbon,CZE,Europe,False,rolling,2022-12-01,12,2023-12-01,485.36,491.36488810777666,,,,0.8,35.49785714285715,42
xlstm,carbon,CZE,Europe,False,rolling,2023-12-01,1,2024-01-01,445.59,458.86429854840037,,,,0.8,37.805625000000006,42
xlstm,carbon,CZE,Europe,False,rolling,2023-12-01,2,2024-02-01,457.09,451.73860522300004,,,,0.8,37.805625000000006,42
xlstm,carbon,CZE,Europe,False,rolling,2023-12-01,3,2024-03-01,429.05,441.07223415791987,,,,0.8,37.805625000000006,42
xlstm,carbon,CZE,Europe,False,rolling,2023-12-01,4,2024-04-01,370.74,437.7391436937451,,,,0.8,37.805625000000006,42
xlstm,carbon,CZE,Europe,False,rolling,2023-12-01,5,2024-05-01,365.9,428.8869210292399,,,,0.8,37.805625000000006,42
xlstm,carbon,CZE,Europe,False,rolling,2023-12-01,6,2024-06-01,357.29,431.0359756140411,,,,0.8,37.805625000000006,42
xlstm,carbon,CZE,Europe,False,rolling,2023-12-01,7,2024-07-01,351.46,440.2640234991908,,,,0.8,37.805625000000006,42
xlstm,carbon,CZE,Europe,False,rolling,2023-12-01,8,2024-08-01,374.53,449.13362468928096,,,,0.8,37.805625000000006,42
xlstm,carbon,CZE,Europe,False,rolling,2023-12-01,9,2024-09-01,380.36,458.31850819796324,,,,0.8,37.805625000000006,42
xlstm,carbon,CZE,Europe,False,rolling,2023-12-01,10,2024-10-01,467.01,459.27888382464647,,,,0.8,37.805625000000006,42
xlstm,carbon,CZE,Europe,False,rolling,2023-12-01,11,2024-11-01,531.0,459.10613487958904,,,,0.8,37.805625000000006,42
xlstm,carbon,CZE,Europe,False,rolling,2023-12-01,12,2024-12-01,463.3,452.7741337019205,,,,0.8,37.805625000000006,42
xlstm,carbon,CZE,Europe,False,rolling,2024-12-01,1,2025-01-01,522.92,427.868009082675,,,,0.8,38.13833333333335,42
xlstm,carbon,CZE,Europe,False,rolling,2024-12-01,2,2025-02-01,519.58,422.9832565656304,,,,0.8,38.13833333333335,42
xlstm,carbon,CZE,Europe,False,rolling,2024-12-01,3,2025-03-01,458.58,411.3308815015852,,,,0.8,38.13833333333335,42
xlstm,carbon,CZE,Europe,False,rolling,2024-12-01,4,2025-04-01,390.63,401.8469766098261,,,,0.8,38.13833333333335,42
xlstm,carbon,CZE,Europe,False,rolling,2024-12-01,5,2025-05-01,299.07,400.3056675049662,,,,0.8,38.13833333333335,42
xlstm,carbon,CZE,Europe,False,rolling,2024-12-01,6,2025-06-01,248.87,399.7811723253131,,,,0.8,38.13833333333335,42
xlstm,carbon,CZE,Europe,False,rolling,2024-12-01,7,2025-07-01,379.58,402.50518636137247,,,,0.8,38.13833333333335,42
xlstm,carbon,CZE,Europe,False,rolling,2024-12-01,8,2025-08-01,290.32,411.4128973728418,,,,0.8,38.13833333333335,42
xlstm,carbon,CZE,Europe,False,rolling,2024-12-01,9,2025-09-01,332.02,424.27235607147213,,,,0.8,38.13833333333335,42
xlstm,carbon,CZE,Europe,False,rolling,2024-12-01,10,2025-10-01,418.53,451.299321206212,,,,0.8,38.13833333333335,42
xlstm,carbon,CZE,Europe,False,rolling,2024-12-01,11,2025-11-01,455.11,455.1814633518457,,,,0.8,38.13833333333335,42
xlstm,carbon,CZE,Europe,False,rolling,2024-12-01,12,2025-12-01,453.4,428.77573605716225,,,,0.8,38.13833333333335,42
xlstm,carbon,DEU,Europe,True,holdout,last12,1,2025-01-01,380.32,370.37506471544503,,,,0.8,48.53851851851852,42
xlstm,carbon,DEU,Europe,True,holdout,last12,2,2025-02-01,439.78,372.6235397133231,,,,0.8,48.53851851851852,42
xlstm,carbon,DEU,Europe,True,holdout,last12,3,2025-03-01,405.47,373.9308936843276,,,,0.8,48.53851851851852,42
xlstm,carbon,DEU,Europe,True,holdout,last12,4,2025-04-01,349.1,374.4925750312209,,,,0.8,48.53851851851852,42
xlstm,carbon,DEU,Europe,True,holdout,last12,5,2025-05-01,262.95,375.4642295798659,,,,0.8,48.53851851851852,42
xlstm,carbon,DEU,Europe,True,holdout,last12,6,2025-06-01,242.85,376.37374474316834,,,,0.8,48.53851851851852,42
xlstm,carbon,DEU,Europe,True,holdout,last12,7,2025-07-01,332.88,377.169140163362,,,,0.8,48.53851851851852,42
xlstm,carbon,DEU,Europe,True,holdout,last12,8,2025-08-01,295.18,378.0730114224553,,,,0.8,48.53851851851852,42
xlstm,carbon,DEU,Europe,True,holdout,last12,9,2025-09-01,295.35,378.74367655962703,,,,0.8,48.53851851851852,42
xlstm,carbon,DEU,Europe,True,holdout,last12,10,2025-10-01,315.22,379.56287044256925,,,,0.8,48.53851851851852,42
xlstm,carbon,DEU,Europe,True,holdout,last12,11,2025-11-01,395.69,379.3819644996524,,,,0.8,48.53851851851852,42
xlstm,carbon,DEU,Europe,True,holdout,last12,12,2025-12-01,356.53,378.9029005038738,,,,0.8,48.53851851851852,42
xlstm,carbon,DEU,Europe,True,rolling,2022-12-01,1,2023-01-01,421.92,423.31118943989276,,,,0.8,45.980714285714285,42
xlstm,carbon,DEU,Europe,True,rolling,2022-12-01,2,2023-02-01,456.66,424.90180155664683,,,,0.8,45.980714285714285,42
xlstm,carbon,DEU,Europe,True,rolling,2022-12-01,3,2023-03-01,386.57,429.62884412050244,,,,0.8,45.980714285714285,42
xlstm,carbon,DEU,Europe,True,rolling,2022-12-01,4,2023-04-01,386.32,427.5641534566879,,,,0.8,45.980714285714285,42
xlstm,carbon,DEU,Europe,True,rolling,2022-12-01,5,2023-05-01,334.53,429.02986597329374,,,,0.8,45.980714285714285,42
xlstm,carbon,DEU,Europe,True,rolling,2022-12-01,6,2023-06-01,361.18,429.9130805429816,,,,0.8,45.980714285714285,42
xlstm,carbon,DEU,Europe,True,rolling,2022-12-01,7,2023-07-01,313.94,429.0822131848335,,,,0.8,45.980714285714285,42
xlstm,carbon,DEU,Europe,True,rolling,2022-12-01,8,2023-08-01,376.53,428.7356962794065,,,,0.8,45.980714285714285,42
xlstm,carbon,DEU,Europe,True,rolling,2022-12-01,9,2023-09-01,404.67,425.7788548642397,,,,0.8,45.980714285714285,42
xlstm,carbon,DEU,Europe,True,rolling,2022-12-01,10,2023-10-01,385.55,423.4456460511684,,,,0.8,45.980714285714285,42
xlstm,carbon,DEU,Europe,True,rolling,2022-12-01,11,2023-11-01,395.76,423.3586546742916,,,,0.8,45.980714285714285,42
xlstm,carbon,DEU,Europe,True,rolling,2022-12-01,12,2023-12-01,375.81,421.7001746094227,,,,0.8,45.980714285714285,42
xlstm,carbon,DEU,Europe,True,rolling,2023-12-01,1,2024-01-01,360.59,388.1704451909661,,,,0.8,49.02385416666667,42
xlstm,carbon,DEU,Europe,True,rolling,2023-12-01,2,2024-02-01,334.52,387.86792251884935,,,,0.8,49.02385416666667,42
xlstm,carbon,DEU,Europe,True,rolling,2023-12-01,3,2024-03-01,361.1,387.2897515651583,,,,0.8,49.02385416666667,42
xlstm,carbon,DEU,Europe,True,rolling,2023-12-01,4,2024-04-01,297.55,387.8623820862174,,,,0.8,49.02385416666667,42
xlstm,carbon,DEU,Europe,True,rolling,2023-12-01,5,2024-05-01,304.52,388.41655704051254,,,,0.8,49.02385416666667,42
xlstm,carbon,DEU,Europe,True,rolling,2023-12-01,6,2024-06-01,321.54,389.6384623017907,,,,0.8,49.02385416666667,42
xlstm,carbon,DEU,Europe,True,rolling,2023-12-01,7,2024-07-01,317.59,390.41334213018416,,,,0.8,49.02385416666667,42
xlstm,carbon,DEU,Europe,True,rolling,2023-12-01,8,2024-08-01,339.3,391.89695522964,,,,0.8,49.02385416666667,42
xlstm,carbon,DEU,Europe,True,rolling,2023-12-01,9,2024-09-01,327.67,392.24886206358667,,,,0.8,49.02385416666667,42
xlstm,carbon,DEU,Europe,True,rolling,2023-12-01,10,2024-10-01,398.78,392.1418160137534,,,,0.8,49.02385416666667,42
xlstm,carbon,DEU,Europe,True,rolling,2023-12-01,11,2024-11-01,428.19,392.42030506044625,,,,0.8,49.02385416666667,42
xlstm,carbon,DEU,Europe,True,rolling,2023-12-01,12,2024-12-01,370.84,392.52810363084075,,,,0.8,49.02385416666667,42
xlstm,carbon,DEU,Europe,True,rolling,2024-12-01,1,2025-01-01,380.32,370.37506471544503,,,,0.8,48.53851851851852,42
xlstm,carbon,DEU,Europe,True,rolling,2024-12-01,2,2025-02-01,439.78,372.6235397133231,,,,0.8,48.53851851851852,42
xlstm,carbon,DEU,Europe,True,rolling,2024-12-01,3,2025-03-01,405.47,373.9308936843276,,,,0.8,48.53851851851852,42
xlstm,carbon,DEU,Europe,True,rolling,2024-12-01,4,2025-04-01,349.1,374.4925750312209,,,,0.8,48.53851851851852,42
xlstm,carbon,DEU,Europe,True,rolling,2024-12-01,5,2025-05-01,262.95,375.4642295798659,,,,0.8,48.53851851851852,42
xlstm,carbon,DEU,Europe,True,rolling,2024-12-01,6,2025-06-01,242.85,376.37374474316834,,,,0.8,48.53851851851852,42
xlstm,carbon,DEU,Europe,True,rolling,2024-12-01,7,2025-07-01,332.88,377.169140163362,,,,0.8,48.53851851851852,42
xlstm,carbon,DEU,Europe,True,rolling,2024-12-01,8,2025-08-01,295.18,378.0730114224553,,,,0.8,48.53851851851852,42
xlstm,carbon,DEU,Europe,True,rolling,2024-12-01,9,2025-09-01,295.35,378.74367655962703,,,,0.8,48.53851851851852,42
xlstm,carbon,DEU,Europe,True,rolling,2024-12-01,10,2025-10-01,315.22,379.56287044256925,,,,0.8,48.53851851851852,42
xlstm,carbon,DEU,Europe,True,rolling,2024-12-01,11,2025-11-01,395.69,379.3819644996524,,,,0.8,48.53851851851852,42
xlstm,carbon,DEU,Europe,True,rolling,2024-12-01,12,2025-12-01,356.53,378.9029005038738,,,,0.8,48.53851851851852,42
xlstm,carbon,DNK,Europe,True,holdout,last12,1,2025-01-01,189.35,169.01240028113128,,,,0.8,68.38342592592593,42
xlstm,carbon,DNK,Europe,True,holdout,last12,2,2025-02-01,242.96,167.07504236459732,,,,0.8,68.38342592592593,42
xlstm,carbon,DNK,Europe,True,holdout,last12,3,2025-03-01,178.34,166.52318445265294,,,,0.8,68.38342592592593,42
xlstm,carbon,DNK,Europe,True,holdout,last12,4,2025-04-01,196.26,164.9198128476739,,,,0.8,68.38342592592593,42
xlstm,carbon,DNK,Europe,True,holdout,last12,5,2025-05-01,116.94,166.15738793343306,,,,0.8,68.38342592592593,42
xlstm,carbon,DNK,Europe,True,holdout,last12,6,2025-06-01,93.5,168.68398299187422,,,,0.8,68.38342592592593,42
xlstm,carbon,DNK,Europe,True,holdout,last12,7,2025-07-01,128.57,170.49017671942713,,,,0.8,68.38342592592593,42
xlstm,carbon,DNK,Europe,True,holdout,last12,8,2025-08-01,122.17,169.78205228030683,,,,0.8,68.38342592592593,42
xlstm,carbon,DNK,Europe,True,holdout,last12,9,2025-09-01,108.95,168.72930433928968,,,,0.8,68.38342592592593,42
xlstm,carbon,DNK,Europe,True,holdout,last12,10,2025-10-01,133.33,169.80706518024206,,,,0.8,68.38342592592593,42
xlstm,carbon,DNK,Europe,True,holdout,last12,11,2025-11-01,189.71,169.65605762273074,,,,0.8,68.38342592592593,42
xlstm,carbon,DNK,Europe,True,holdout,last12,12,2025-12-01,183.49,167.25086009532214,,,,0.8,68.38342592592593,42
xlstm,carbon,DNK,Europe,True,rolling,2022-12-01,1,2023-01-01,218.84,246.3656075677276,,,,0.8,74.93095238095238,42
xlstm,carbon,DNK,Europe,True,rolling,2022-12-01,2,2023-02-01,222.93,253.38644067347053,,,,0.8,74.93095238095238,42
xlstm,carbon,DNK,Europe,True,rolling,2022-12-01,3,2023-03-01,215.19,258.47294327735904,,,,0.8,74.93095238095238,42
xlstm,carbon,DNK,Europe,True,rolling,2022-12-01,4,2023-04-01,187.05,253.0847955539823,,,,0.8,74.93095238095238,42
xlstm,carbon,DNK,Europe,True,rolling,2022-12-01,5,2023-05-01,133.59,251.1785070198775,,,,0.8,74.93095238095238,42
xlstm,carbon,DNK,Europe,True,rolling,2022-12-01,6,2023-06-01,175.53,248.4592341804505,,,,0.8,74.93095238095238,42
xlstm,carbon,DNK,Europe,True,rolling,2022-12-01,7,2023-07-01,142.86,246.44651917427782,,,,0.8,74.93095238095238,42
xlstm,carbon,DNK,Europe,True,rolling,2022-12-01,8,2023-08-01,200.0,247.5416300594807,,,,0.8,74.93095238095238,42
xlstm,carbon,DNK,Europe,True,rolling,2022-12-01,9,2023-09-01,156.57,246.73609405547384,,,,0.8,74.93095238095238,42
xlstm,carbon,DNK,Europe,True,rolling,2022-12-01,10,2023-10-01,121.43,248.644699099958,,,,0.8,74.93095238095238,42
xlstm,carbon,DNK,Europe,True,rolling,2022-12-01,11,2023-11-01,226.95,252.37247415423397,,,,0.8,74.93095238095238,42
xlstm,carbon,DNK,Europe,True,rolling,2022-12-01,12,2023-12-01,211.86,255.7571507453919,,,,0.8,74.93095238095238,42
xlstm,carbon,DNK,Europe,True,rolling,2023-12-01,1,2024-01-01,212.5,191.4855994716287,,,,0.8,73.74947916666667,42
xlstm,carbon,DNK,Europe,True,rolling,2023-12-01,2,2024-02-01,185.19,192.01604586422445,,,,0.8,73.74947916666667,42
xlstm,carbon,DNK,Europe,True,rolling,2023-12-01,3,2024-03-01,203.54,191.25859324365854,,,,0.8,73.74947916666667,42
xlstm,carbon,DNK,Europe,True,rolling,2023-12-01,4,2024-04-01,151.2,190.18449340879917,,,,0.8,73.74947916666667,42
xlstm,carbon,DNK,Europe,True,rolling,2023-12-01,5,2024-05-01,124.0,189.9318899509311,,,,0.8,73.74947916666667,42
xlstm,carbon,DNK,Europe,True,rolling,2023-12-01,6,2024-06-01,133.05,191.5705538931489,,,,0.8,73.74947916666667,42
xlstm,carbon,DNK,Europe,True,rolling,2023-12-01,7,2024-07-01,177.78,191.92903436273338,,,,0.8,73.74947916666667,42
xlstm,carbon,DNK,Europe,True,rolling,2023-12-01,8,2024-08-01,186.67,193.68601915985346,,,,0.8,73.74947916666667,42
xlstm,carbon,DNK,Europe,True,rolling,2023-12-01,9,2024-09-01,148.15,193.5730049750209,,,,0.8,73.74947916666667,42
xlstm,carbon,DNK,Europe,True,rolling,2023-12-01,10,2024-10-01,168.42,195.22522775739432,,,,0.8,73.74947916666667,42
xlstm,carbon,DNK,Europe,True,rolling,2023-12-01,11,2024-11-01,211.07,198.29665088057519,,,,0.8,73.74947916666667,42
xlstm,carbon,DNK,Europe,True,rolling,2023-12-01,12,2024-12-01,169.59,197.23427342027426,,,,0.8,73.74947916666667,42
xlstm,carbon,DNK,Europe,True,rolling,2024-12-01,1,2025-01-01,189.35,169.01240028113128,,,,0.8,68.38342592592593,42
xlstm,carbon,DNK,Europe,True,rolling,2024-12-01,2,2025-02-01,242.96,167.07504236459732,,,,0.8,68.38342592592593,42
xlstm,carbon,DNK,Europe,True,rolling,2024-12-01,3,2025-03-01,178.34,166.52318445265294,,,,0.8,68.38342592592593,42
xlstm,carbon,DNK,Europe,True,rolling,2024-12-01,4,2025-04-01,196.26,164.9198128476739,,,,0.8,68.38342592592593,42
xlstm,carbon,DNK,Europe,True,rolling,2024-12-01,5,2025-05-01,116.94,166.15738793343306,,,,0.8,68.38342592592593,42
xlstm,carbon,DNK,Europe,True,rolling,2024-12-01,6,2025-06-01,93.5,168.68398299187422,,,,0.8,68.38342592592593,42
xlstm,carbon,DNK,Europe,True,rolling,2024-12-01,7,2025-07-01,128.57,170.49017671942713,,,,0.8,68.38342592592593,42
xlstm,carbon,DNK,Europe,True,rolling,2024-12-01,8,2025-08-01,122.17,169.78205228030683,,,,0.8,68.38342592592593,42
xlstm,carbon,DNK,Europe,True,rolling,2024-12-01,9,2025-09-01,108.95,168.72930433928968,,,,0.8,68.38342592592593,42
xlstm,carbon,DNK,Europe,True,rolling,2024-12-01,10,2025-10-01,133.33,169.80706518024206,,,,0.8,68.38342592592593,42
xlstm,carbon,DNK,Europe,True,rolling,2024-12-01,11,2025-11-01,189.71,169.65605762273074,,,,0.8,68.38342592592593,42
xlstm,carbon,DNK,Europe,True,rolling,2024-12-01,12,2025-12-01,183.49,167.25086009532214,,,,0.8,68.38342592592593,42
xlstm,carbon,ESP,Europe,True,holdout,last12,1,2025-01-01,126.53,144.93425743103026,,,,0.8,52.780092592592595,42
xlstm,carbon,ESP,Europe,True,holdout,last12,2,2025-02-01,137.33,145.20125282287597,,,,0.8,52.780092592592595,42
xlstm,carbon,ESP,Europe,True,holdout,last12,3,2025-03-01,101.78,146.25275604248046,,,,0.8,52.780092592592595,42
xlstm,carbon,ESP,Europe,True,holdout,last12,4,2025-04-01,116.95,147.36308280944823,,,,0.8,52.780092592592595,42
xlstm,carbon,ESP,Europe,True,holdout,last12,5,2025-05-01,130.39,148.64305809020996,,,,0.8,52.780092592592595,42
xlstm,carbon,ESP,Europe,True,holdout,last12,6,2025-06-01,156.79,149.828751373291,,,,0.8,52.780092592592595,42
xlstm,carbon,ESP,Europe,True,holdout,last12,7,2025-07-01,132.97,151.17981895446778,,,,0.8,52.780092592592595,42
xlstm,carbon,ESP,Europe,True,holdout,last12,8,2025-08-01,138.94,151.95605529785155,,,,0.8,52.780092592592595,42
xlstm,carbon,ESP,Europe,True,holdout,last12,9,2025-09-01,138.42,152.4368537902832,,,,0.8,52.780092592592595,42
xlstm,carbon,ESP,Europe,True,holdout,last12,10,2025-10-01,176.38,153.43638328552245,,,,0.8,52.780092592592595,42
xlstm,carbon,ESP,Europe,True,holdout,last12,11,2025-11-01,142.31,154.8419817352295,,,,0.8,52.780092592592595,42
xlstm,carbon,ESP,Europe,True,holdout,last12,12,2025-12-01,162.71,153.82875259399412,,,,0.8,52.780092592592595,42
xlstm,carbon,ESP,Europe,True,rolling,2022-12-01,1,2023-01-01,114.08,211.88207897752523,,,,0.8,53.38345238095237,42
xlstm,carbon,ESP,Europe,True,rolling,2022-12-01,2,2023-02-01,184.07,208.760886862576,,,,0.8,53.38345238095237,42
xlstm,carbon,ESP,Europe,True,rolling,2022-12-01,3,2023-03-01,139.55,206.7991427898407,,,,0.8,53.38345238095237,42
xlstm,carbon,ESP,Europe,True,rolling,2022-12-01,4,2023-04-01,137.48,206.30015048533676,,,,0.8,53.38345238095237,42
xlstm,carbon,ESP,Europe,True,rolling,2022-12-01,5,2023-05-01,150.37,207.55934270590544,,,,0.8,53.38345238095237,42
xlstm,carbon,ESP,Europe,True,rolling,2022-12-01,6,2023-06-01,188.63,211.19497955679893,,,,0.8,53.38345238095237,42
xlstm,carbon,ESP,Europe,True,rolling,2022-12-01,7,2023-07-01,175.26,211.9529991239309,,,,0.8,53.38345238095237,42
xlstm,carbon,ESP,Europe,True,rolling,2022-12-01,8,2023-08-01,178.25,211.60882968783378,,,,0.8,53.38345238095237,42
xlstm,carbon,ESP,Europe,True,rolling,2022-12-01,9,2023-09-01,197.52,211.08760868072508,,,,0.8,53.38345238095237,42
xlstm,carbon,ESP,Europe,True,rolling,2022-12-01,10,2023-10-01,171.15,210.21467296361922,,,,0.8,53.38345238095237,42
xlstm,carbon,ESP,Europe,True,rolling,2022-12-01,11,2023-11-01,120.8,209.04289373636246,,,,0.8,53.38345238095237,42
xlstm,carbon,ESP,Europe,True,rolling,2022-12-01,12,2023-12-01,126.02,209.38161682367323,,,,0.8,53.38345238095237,42
xlstm,carbon,ESP,Europe,True,rolling,2023-12-01,1,2024-01-01,136.96,176.3229808400571,,,,0.8,53.216666666666676,42
xlstm,carbon,ESP,Europe,True,rolling,2023-12-01,2,2024-02-01,104.73,177.2251838965714,,,,0.8,53.216666666666676,42
xlstm,carbon,ESP,Europe,True,rolling,2023-12-01,3,2024-03-01,103.35,176.65785439014434,,,,0.8,53.216666666666676,42
xlstm,carbon,ESP,Europe,True,rolling,2023-12-01,4,2024-04-01,101.92,177.30442736670375,,,,0.8,53.216666666666676,42
xlstm,carbon,ESP,Europe,True,rolling,2023-12-01,5,2024-05-01,110.19,178.29234256342053,,,,0.8,53.216666666666676,42
xlstm,carbon,ESP,Europe,True,rolling,2023-12-01,6,2024-06-01,111.87,179.17499485626817,,,,0.8,53.216666666666676,42
xlstm,carbon,ESP,Europe,True,rolling,2023-12-01,7,2024-07-01,130.12,178.73430200621485,,,,0.8,53.216666666666676,42
xlstm,carbon,ESP,Europe,True,rolling,2023-12-01,8,2024-08-01,139.36,178.67610206976534,,,,0.8,53.216666666666676,42
xlstm,carbon,ESP,Europe,True,rolling,2023-12-01,9,2024-09-01,131.23,178.44332946524023,,,,0.8,53.216666666666676,42
xlstm,carbon,ESP,Europe,True,rolling,2023-12-01,10,2024-10-01,127.0,177.5779435455799,,,,0.8,53.216666666666676,42
xlstm,carbon,ESP,Europe,True,rolling,2023-12-01,11,2024-11-01,172.32,177.353507835418,,,,0.8,53.216666666666676,42
xlstm,carbon,ESP,Europe,True,rolling,2023-12-01,12,2024-12-01,180.56,178.47813362434505,,,,0.8,53.216666666666676,42
xlstm,carbon,ESP,Europe,True,rolling,2024-12-01,1,2025-01-01,126.53,144.93425743103026,,,,0.8,52.780092592592595,42
xlstm,carbon,ESP,Europe,True,rolling,2024-12-01,2,2025-02-01,137.33,145.20125282287597,,,,0.8,52.780092592592595,42
xlstm,carbon,ESP,Europe,True,rolling,2024-12-01,3,2025-03-01,101.78,146.25275604248046,,,,0.8,52.780092592592595,42
xlstm,carbon,ESP,Europe,True,rolling,2024-12-01,4,2025-04-01,116.95,147.36308280944823,,,,0.8,52.780092592592595,42
xlstm,carbon,ESP,Europe,True,rolling,2024-12-01,5,2025-05-01,130.39,148.64305809020996,,,,0.8,52.780092592592595,42
xlstm,carbon,ESP,Europe,True,rolling,2024-12-01,6,2025-06-01,156.79,149.828751373291,,,,0.8,52.780092592592595,42
xlstm,carbon,ESP,Europe,True,rolling,2024-12-01,7,2025-07-01,132.97,151.17981895446778,,,,0.8,52.780092592592595,42
xlstm,carbon,ESP,Europe,True,rolling,2024-12-01,8,2025-08-01,138.94,151.95605529785155,,,,0.8,52.780092592592595,42
xlstm,carbon,ESP,Europe,True,rolling,2024-12-01,9,2025-09-01,138.42,152.4368537902832,,,,0.8,52.780092592592595,42
xlstm,carbon,ESP,Europe,True,rolling,2024-12-01,10,2025-10-01,176.38,153.43638328552245,,,,0.8,52.780092592592595,42
xlstm,carbon,ESP,Europe,True,rolling,2024-12-01,11,2025-11-01,142.31,154.8419817352295,,,,0.8,52.780092592592595,42
xlstm,carbon,ESP,Europe,True,rolling,2024-12-01,12,2025-12-01,162.71,153.82875259399412,,,,0.8,52.780092592592595,42
xlstm,carbon,EST,Europe,False,holdout,last12,1,2025-01-01,347.83,371.33460871368646,,,,0.8,56.75861111111111,42
xlstm,carbon,EST,Europe,False,holdout,last12,2,2025-02-01,489.36,369.0055723759532,,,,0.8,56.75861111111111,42
xlstm,carbon,EST,Europe,False,holdout,last12,3,2025-03-01,313.73,368.8144463726878,,,,0.8,56.75861111111111,42
xlstm,carbon,EST,Europe,False,holdout,last12,4,2025-04-01,340.0,369.6249808576703,,,,0.8,56.75861111111111,42
xlstm,carbon,EST,Europe,False,holdout,last12,5,2025-05-01,272.73,371.8136230567098,,,,0.8,56.75861111111111,42
xlstm,carbon,EST,Europe,False,holdout,last12,6,2025-06-01,263.16,374.18466010123495,,,,0.8,56.75861111111111,42
xlstm,carbon,EST,Europe,False,holdout,last12,7,2025-07-01,166.67,376.0266465523839,,,,0.8,56.75861111111111,42
xlstm,carbon,EST,Europe,False,holdout,last12,8,2025-08-01,160.0,378.1169193062186,,,,0.8,56.75861111111111,42
xlstm,carbon,EST,Europe,False,holdout,last12,9,2025-09-01,225.81,381.1196939948201,,,,0.8,56.75861111111111,42
xlstm,carbon,EST,Europe,False,holdout,last12,10,2025-10-01,411.77,382.45395402640105,,,,0.8,56.75861111111111,42
xlstm,carbon,EST,Europe,False,holdout,last12,11,2025-11-01,432.43,384.4063752314449,,,,0.8,56.75861111111111,42
xlstm,carbon,EST,Europe,False,holdout,last12,12,2025-12-01,342.11,386.0174297553301,,,,0.8,56.75861111111111,42
xlstm,carbon,EST,Europe,False,rolling,2022-12-01,1,2023-01-01,530.61,513.235774037838,,,,0.8,46.911904761904765,42
xlstm,carbon,EST,Europe,False,rolling,2022-12-01,2,2023-02-01,534.88,514.6407936906814,,,,0.8,46.911904761904765,42
xlstm,carbon,EST,Europe,False,rolling,2022-12-01,3,2023-03-01,477.27,515.5654613912105,,,,0.8,46.911904761904765,42
xlstm,carbon,EST,Europe,False,rolling,2022-12-01,4,2023-04-01,363.64,515.4711956131458,,,,0.8,46.911904761904765,42
xlstm,carbon,EST,Europe,False,rolling,2022-12-01,5,2023-05-01,384.62,515.6957820546627,,,,0.8,46.911904761904765,42
xlstm,carbon,EST,Europe,False,rolling,2022-12-01,6,2023-06-01,390.24,514.9262624490261,,,,0.8,46.911904761904765,42
xlstm,carbon,EST,Europe,False,rolling,2022-12-01,7,2023-07-01,300.0,514.2880536150933,,,,0.8,46.911904761904765,42
xlstm,carbon,EST,Europe,False,rolling,2022-12-01,8,2023-08-01,363.64,513.7666215109825,,,,0.8,46.911904761904765,42
xlstm,carbon,EST,Europe,False,rolling,2022-12-01,9,2023-09-01,342.86,513.5251471853256,,,,0.8,46.911904761904765,42
xlstm,carbon,EST,Europe,False,rolling,2022-12-01,10,2023-10-01,333.33,512.18769775033,,,,0.8,46.911904761904765,42
xlstm,carbon,EST,Europe,False,rolling,2022-12-01,11,2023-11-01,512.82,511.4855055058003,,,,0.8,46.911904761904765,42
xlstm,carbon,EST,Europe,False,rolling,2022-12-01,12,2023-12-01,522.73,509.9269443488121,,,,0.8,46.911904761904765,42
xlstm,carbon,EST,Europe,False,rolling,2023-12-01,1,2024-01-01,471.7,548.4405966216326,,,,0.8,54.774375,42
xlstm,carbon,EST,Europe,False,rolling,2023-12-01,2,2024-02-01,432.43,559.0692821109295,,,,0.8,54.774375,42
xlstm,carbon,EST,Europe,False,rolling,2023-12-01,3,2024-03-01,421.05,559.2851885032654,,,,0.8,54.774375,42
xlstm,carbon,EST,Europe,False,rolling,2023-12-01,4,2024-04-01,342.86,554.9847635233402,,,,0.8,54.774375,42
xlstm,carbon,EST,Europe,False,rolling,2023-12-01,5,2024-05-01,325.58,544.4341120994092,,,,0.8,54.774375,42
xlstm,carbon,EST,Europe,False,rolling,2023-12-01,6,2024-06-01,357.14,516.3194520837069,,,,0.8,54.774375,42
xlstm,carbon,EST,Europe,False,rolling,2023-12-01,7,2024-07-01,333.33,472.7187271201611,,,,0.8,54.774375,42
xlstm,carbon,EST,Europe,False,rolling,2023-12-01,8,2024-08-01,257.14,431.06044171422724,,,,0.8,54.774375,42
xlstm,carbon,EST,Europe,False,rolling,2023-12-01,9,2024-09-01,358.97,398.1145064672828,,,,0.8,54.774375,42
xlstm,carbon,EST,Europe,False,rolling,2023-12-01,10,2024-10-01,317.07,392.4085895970464,,,,0.8,54.774375,42
xlstm,carbon,EST,Europe,False,rolling,2023-12-01,11,2024-11-01,333.33,402.3689704328776,,,,0.8,54.774375,42
xlstm,carbon,EST,Europe,False,rolling,2023-12-01,12,2024-12-01,333.33,410.51474312633275,,,,0.8,54.774375,42
xlstm,carbon,EST,Europe,False,rolling,2024-12-01,1,2025-01-01,347.83,371.33460871368646,,,,0.8,56.75861111111111,42
xlstm,carbon,EST,Europe,False,rolling,2024-12-01,2,2025-02-01,489.36,369.0055723759532,,,,0.8,56.75861111111111,42
xlstm,carbon,EST,Europe,False,rolling,2024-12-01,3,2025-03-01,313.73,368.8144463726878,,,,0.8,56.75861111111111,42
xlstm,carbon,EST,Europe,False,rolling,2024-12-01,4,2025-04-01,340.0,369.6249808576703,,,,0.8,56.75861111111111,42
xlstm,carbon,EST,Europe,False,rolling,2024-12-01,5,2025-05-01,272.73,371.8136230567098,,,,0.8,56.75861111111111,42
xlstm,carbon,EST,Europe,False,rolling,2024-12-01,6,2025-06-01,263.16,374.18466010123495,,,,0.8,56.75861111111111,42
xlstm,carbon,EST,Europe,False,rolling,2024-12-01,7,2025-07-01,166.67,376.0266465523839,,,,0.8,56.75861111111111,42
xlstm,carbon,EST,Europe,False,rolling,2024-12-01,8,2025-08-01,160.0,378.1169193062186,,,,0.8,56.75861111111111,42
xlstm,carbon,EST,Europe,False,rolling,2024-12-01,9,2025-09-01,225.81,381.1196939948201,,,,0.8,56.75861111111111,42
xlstm,carbon,EST,Europe,False,rolling,2024-12-01,10,2025-10-01,411.77,382.45395402640105,,,,0.8,56.75861111111111,42
xlstm,carbon,EST,Europe,False,rolling,2024-12-01,11,2025-11-01,432.43,384.4063752314449,,,,0.8,56.75861111111111,42
xlstm,carbon,EST,Europe,False,rolling,2024-12-01,12,2025-12-01,342.11,386.0174297553301,,,,0.8,56.75861111111111,42
xlstm,carbon,FIN,Europe,True,holdout,last12,1,2025-01-01,99.28,85.04299596101046,,,,0.8,33.03595238095239,42
xlstm,carbon,FIN,Europe,True,holdout,last12,2,2025-02-01,99.34,80.81226878017188,,,,0.8,33.03595238095239,42
xlstm,carbon,FIN,Europe,True,holdout,last12,3,2025-03-01,103.79,79.09797671094537,,,,0.8,33.03595238095239,42
xlstm,carbon,FIN,Europe,True,holdout,last12,4,2025-04-01,86.88,74.56820028737188,,,,0.8,33.03595238095239,42
xlstm,carbon,FIN,Europe,True,holdout,last12,5,2025-05-01,64.41,71.40606879770756,,,,0.8,33.03595238095239,42
xlstm,carbon,FIN,Europe,True,holdout,last12,6,2025-06-01,52.54,70.38722971394658,,,,0.8,33.03595238095239,42
xlstm,carbon,FIN,Europe,True,holdout,last12,7,2025-07-01,49.3,71.08395315617322,,,,0.8,33.03595238095239,42
xlstm,carbon,FIN,Europe,True,holdout,last12,8,2025-08-01,50.09,72.2038802549243,,,,0.8,33.03595238095239,42
xlstm,carbon,FIN,Europe,True,holdout,last12,9,2025-09-01,52.82,73.35519365176559,,,,0.8,33.03595238095239,42
xlstm,carbon,FIN,Europe,True,holdout,last12,10,2025-10-01,60.27,74.69956693202258,,,,0.8,33.03595238095239,42
xlstm,carbon,FIN,Europe,True,holdout,last12,11,2025-11-01,75.4,76.79951517522335,,,,0.8,33.03595238095239,42
xlstm,carbon,FIN,Europe,True,holdout,last12,12,2025-12-01,69.31,76.89659364283085,,,,0.8,33.03595238095239,42
xlstm,carbon,FIN,Europe,True,rolling,2022-12-01,1,2023-01-01,146.47,163.42338154882194,,,,0.8,31.437999999999995,42
xlstm,carbon,FIN,Europe,True,rolling,2022-12-01,2,2023-02-01,156.25,164.00219301074745,,,,0.8,31.437999999999995,42
xlstm,carbon,FIN,Europe,True,rolling,2022-12-01,3,2023-03-01,140.35,164.43600316286089,,,,0.8,31.437999999999995,42
xlstm,carbon,FIN,Europe,True,rolling,2022-12-01,4,2023-04-01,92.48,164.81762210130694,,,,0.8,31.437999999999995,42
xlstm,carbon,FIN,Europe,True,rolling,2022-12-01,5,2023-05-01,59.56,165.1452469787002,,,,0.8,31.437999999999995,42
xlstm,carbon,FIN,Europe,True,rolling,2022-12-01,6,2023-06-01,47.27,165.42179524064065,,,,0.8,31.437999999999995,42
xlstm,carbon,FIN,Europe,True,rolling,2022-12-01,7,2023-07-01,45.03,165.74056423932316,,,,0.8,31.437999999999995,42
xlstm,carbon,FIN,Europe,True,rolling,2022-12-01,8,2023-08-01,67.36,166.02299002736808,,,,0.8,31.437999999999995,42
xlstm,carbon,FIN,Europe,True,rolling,2022-12-01,9,2023-09-01,44.14,166.21187483519319,,,,0.8,31.437999999999995,42
xlstm,carbon,FIN,Europe,True,rolling,2022-12-01,10,2023-10-01,64.94,166.33052777409554,,,,0.8,31.437999999999995,42
xlstm,carbon,FIN,Europe,True,rolling,2022-12-01,11,2023-11-01,109.31,166.3906551706791,,,,0.8,31.437999999999995,42
xlstm,carbon,FIN,Europe,True,rolling,2022-12-01,12,2023-12-01,122.14,166.26435231179002,,,,0.8,31.437999999999995,42
xlstm,carbon,FIN,Europe,True,rolling,2023-12-01,1,2024-01-01,123.18,98.31194717869163,,,,0.8,35.36638888888889,42
xlstm,carbon,FIN,Europe,True,rolling,2023-12-01,2,2024-02-01,101.67,87.65035189464689,,,,0.8,35.36638888888889,42
xlstm,carbon,FIN,Europe,True,rolling,2023-12-01,3,2024-03-01,118.11,70.59560408659279,,,,0.8,35.36638888888889,42
xlstm,carbon,FIN,Europe,True,rolling,2023-12-01,4,2024-04-01,100.83,56.5648547911644,,,,0.8,35.36638888888889,42
xlstm,carbon,FIN,Europe,True,rolling,2023-12-01,5,2024-05-01,73.35,51.02975336950273,,,,0.8,35.36638888888889,42
xlstm,carbon,FIN,Europe,True,rolling,2023-12-01,6,2024-06-01,53.38,50.393691583462065,,,,0.8,35.36638888888889,42
xlstm,carbon,FIN,Europe,True,rolling,2023-12-01,7,2024-07-01,52.81,52.20564338080585,,,,0.8,35.36638888888889,42
xlstm,carbon,FIN,Europe,True,rolling,2023-12-01,8,2024-08-01,57.59,55.86854008920491,,,,0.8,35.36638888888889,42
xlstm,carbon,FIN,Europe,True,rolling,2023-12-01,9,2024-09-01,60.98,56.48207515515387,,,,0.8,35.36638888888889,42
xlstm,carbon,FIN,Europe,True,rolling,2023-12-01,10,2024-10-01,60.56,64.5708663289249,,,,0.8,35.36638888888889,42
xlstm,carbon,FIN,Europe,True,rolling,2023-12-01,11,2024-11-01,80.97,72.00722841158509,,,,0.8,35.36638888888889,42
xlstm,carbon,FIN,Europe,True,rolling,2023-12-01,12,2024-12-01,88.97,67.89889682278037,,,,0.8,35.36638888888889,42
xlstm,carbon,FIN,Europe,True,rolling,2024-12-01,1,2025-01-01,99.28,85.04299596101046,,,,0.8,33.03595238095239,42
xlstm,carbon,FIN,Europe,True,rolling,2024-12-01,2,2025-02-01,99.34,80.81226878017188,,,,0.8,33.03595238095239,42
xlstm,carbon,FIN,Europe,True,rolling,2024-12-01,3,2025-03-01,103.79,79.09797671094537,,,,0.8,33.03595238095239,42
xlstm,carbon,FIN,Europe,True,rolling,2024-12-01,4,2025-04-01,86.88,74.56820028737188,,,,0.8,33.03595238095239,42
xlstm,carbon,FIN,Europe,True,rolling,2024-12-01,5,2025-05-01,64.41,71.40606879770756,,,,0.8,33.03595238095239,42
xlstm,carbon,FIN,Europe,True,rolling,2024-12-01,6,2025-06-01,52.54,70.38722971394658,,,,0.8,33.03595238095239,42
xlstm,carbon,FIN,Europe,True,rolling,2024-12-01,7,2025-07-01,49.3,71.08395315617322,,,,0.8,33.03595238095239,42
xlstm,carbon,FIN,Europe,True,rolling,2024-12-01,8,2025-08-01,50.09,72.2038802549243,,,,0.8,33.03595238095239,42
xlstm,carbon,FIN,Europe,True,rolling,2024-12-01,9,2025-09-01,52.82,73.35519365176559,,,,0.8,33.03595238095239,42
xlstm,carbon,FIN,Europe,True,rolling,2024-12-01,10,2025-10-01,60.27,74.69956693202258,,,,0.8,33.03595238095239,42
xlstm,carbon,FIN,Europe,True,rolling,2024-12-01,11,2025-11-01,75.4,76.79951517522335,,,,0.8,33.03595238095239,42
xlstm,carbon,FIN,Europe,True,rolling,2024-12-01,12,2025-12-01,69.31,76.89659364283085,,,,0.8,33.03595238095239,42
xlstm,carbon,FRA,Europe,True,holdout,last12,1,2025-01-01,45.22,27.46484970718622,,,,0.8,16.29888888888889,42
xlstm,carbon,FRA,Europe,True,holdout,last12,2,2025-02-01,49.54,24.815696649476884,,,,0.8,16.29888888888889,42
xlstm,carbon,FRA,Europe,True,holdout,last12,3,2025-03-01,36.3,22.925643552467225,,,,0.8,16.29888888888889,42
xlstm,carbon,FRA,Europe,True,holdout,last12,4,2025-04-01,24.67,21.518820144981145,,,,0.8,16.29888888888889,42
xlstm,carbon,FRA,Europe,True,holdout,last12,5,2025-05-01,22.41,21.457910334076733,,,,0.8,16.29888888888889,42
xlstm,carbon,FRA,Europe,True,holdout,last12,6,2025-06-01,26.14,21.792740583010016,,,,0.8,16.29888888888889,42
xlstm,carbon,FRA,Europe,True,holdout,last12,7,2025-07-01,27.64,22.34437709417194,,,,0.8,16.29888888888889,42
xlstm,carbon,FRA,Europe,True,holdout,last12,8,2025-08-01,27.52,22.895736389271914,,,,0.8,16.29888888888889,42
xlstm,carbon,FRA,Europe,True,holdout,last12,9,2025-09-01,21.81,23.412884456180034,,,,0.8,16.29888888888889,42
xlstm,carbon,FRA,Europe,True,holdout,last12,10,2025-10-01,28.25,23.603152091167868,,,,0.8,16.29888888888889,42
xlstm,carbon,FRA,Europe,True,holdout,last12,11,2025-11-01,39.66,23.665079513527452,,,,0.8,16.29888888888889,42
xlstm,carbon,FRA,Europe,True,holdout,last12,12,2025-12-01,39.57,21.943984645251184,,,,0.8,16.29888888888889,42
xlstm,carbon,FRA,Europe,True,rolling,2022-12-01,1,2023-01-01,58.62,58.08182596653699,,,,0.8,15.497857142857145,42
xlstm,carbon,FRA,Europe,True,rolling,2022-12-01,2,2023-02-01,73.12,57.99465654730796,,,,0.8,15.497857142857145,42
xlstm,carbon,FRA,Europe,True,rolling,2022-12-01,3,2023-03-01,57.85,57.82448214679956,,,,0.8,15.497857142857145,42
xlstm,carbon,FRA,Europe,True,rolling,2022-12-01,4,2023-04-01,37.58,57.66638248801231,,,,0.8,15.497857142857145,42
xlstm,carbon,FRA,Europe,True,rolling,2022-12-01,5,2023-05-01,30.08,57.55169372498988,,,,0.8,15.497857142857145,42
xlstm,carbon,FRA,Europe,True,rolling,2022-12-01,6,2023-06-01,39.16,57.48132631123065,,,,0.8,15.497857142857145,42
xlstm,carbon,FRA,Europe,True,rolling,2022-12-01,7,2023-07-01,39.37,57.44396934002637,,,,0.8,15.497857142857145,42
xlstm,carbon,FRA,Europe,True,rolling,2022-12-01,8,2023-08-01,38.69,57.42791461586952,,,,0.8,15.497857142857145,42
xlstm,carbon,FRA,Europe,True,rolling,2022-12-01,9,2023-09-01,31.16,57.42304782807826,,,,0.8,15.497857142857145,42
xlstm,carbon,FRA,Europe,True,rolling,2022-12-01,10,2023-10-01,28.2,57.4235538983345,,,,0.8,15.497857142857145,42
xlstm,carbon,FRA,Europe,True,rolling,2022-12-01,11,2023-11-01,42.64,57.42575317561626,,,,0.8,15.497857142857145,42
xlstm,carbon,FRA,Europe,True,rolling,2022-12-01,12,2023-12-01,41.86,57.42811326026916,,,,0.8,15.497857142857145,42
xlstm,carbon,FRA,Europe,True,rolling,2023-12-01,1,2024-01-01,45.73,48.23486936330795,,,,0.8,16.81052083333333,42
xlstm,carbon,FRA,Europe,True,rolling,2023-12-01,2,2024-02-01,40.76,51.123605884015554,,,,0.8,16.81052083333333,42
xlstm,carbon,FRA,Europe,True,rolling,2023-12-01,3,2024-03-01,39.44,54.78024016857147,,,,0.8,16.81052083333333,42
xlstm,carbon,FRA,Europe,True,rolling,2023-12-01,4,2024-04-01,23.36,56.633892748653885,,,,0.8,16.81052083333333,42
xlstm,carbon,FRA,Europe,True,rolling,2023-12-01,5,2024-05-01,20.93,55.84960445702075,,,,0.8,16.81052083333333,42
xlstm,carbon,FRA,Europe,True,rolling,2023-12-01,6,2024-06-01,22.38,53.25423497200012,,,,0.8,16.81052083333333,42
xlstm,carbon,FRA,Europe,True,rolling,2023-12-01,7,2024-07-01,24.5,50.37795629292726,,,,0.8,16.81052083333333,42
xlstm,carbon,FRA,Europe,True,rolling,2023-12-01,8,2024-08-01,24.59,47.926573255062095,,,,0.8,16.81052083333333,42
xlstm,carbon,FRA,Europe,True,rolling,2023-12-01,9,2024-09-01,25.99,46.41097324132919,,,,0.8,16.81052083333333,42
xlstm,carbon,FRA,Europe,True,rolling,2023-12-01,10,2024-10-01,24.36,45.9428156876564,,,,0.8,16.81052083333333,42
xlstm,carbon,FRA,Europe,True,rolling,2023-12-01,11,2024-11-01,44.08,46.652243418395514,,,,0.8,16.81052083333333,42
xlstm,carbon,FRA,Europe,True,rolling,2023-12-01,12,2024-12-01,38.62,48.69775811076164,,,,0.8,16.81052083333333,42
xlstm,carbon,FRA,Europe,True,rolling,2024-12-01,1,2025-01-01,45.22,27.46484970718622,,,,0.8,16.29888888888889,42
xlstm,carbon,FRA,Europe,True,rolling,2024-12-01,2,2025-02-01,49.54,24.815696649476884,,,,0.8,16.29888888888889,42
xlstm,carbon,FRA,Europe,True,rolling,2024-12-01,3,2025-03-01,36.3,22.925643552467225,,,,0.8,16.29888888888889,42
xlstm,carbon,FRA,Europe,True,rolling,2024-12-01,4,2025-04-01,24.67,21.518820144981145,,,,0.8,16.29888888888889,42
xlstm,carbon,FRA,Europe,True,rolling,2024-12-01,5,2025-05-01,22.41,21.457910334076733,,,,0.8,16.29888888888889,42
xlstm,carbon,FRA,Europe,True,rolling,2024-12-01,6,2025-06-01,26.14,21.792740583010016,,,,0.8,16.29888888888889,42
xlstm,carbon,FRA,Europe,True,rolling,2024-12-01,7,2025-07-01,27.64,22.34437709417194,,,,0.8,16.29888888888889,42
xlstm,carbon,FRA,Europe,True,rolling,2024-12-01,8,2025-08-01,27.52,22.895736389271914,,,,0.8,16.29888888888889,42
xlstm,carbon,FRA,Europe,True,rolling,2024-12-01,9,2025-09-01,21.81,23.412884456180034,,,,0.8,16.29888888888889,42
xlstm,carbon,FRA,Europe,True,rolling,2024-12-01,10,2025-10-01,28.25,23.603152091167868,,,,0.8,16.29888888888889,42
xlstm,carbon,FRA,Europe,True,rolling,2024-12-01,11,2025-11-01,39.66,23.665079513527452,,,,0.8,16.29888888888889,42
xlstm,carbon,FRA,Europe,True,rolling,2024-12-01,12,2025-12-01,39.57,21.943984645251184,,,,0.8,16.29888888888889,42
xlstm,carbon,GBR,Europe,False,holdout,last12,1,2025-01-01,260.34,210.80036639869215,,,,0.8,40.67314814814816,42
xlstm,carbon,GBR,Europe,False,holdout,last12,2,2025-02-01,226.59,207.40235870927572,,,,0.8,40.67314814814816,42
xlstm,carbon,GBR,Europe,False,holdout,last12,3,2025-03-01,225.67,207.11384542405605,,,,0.8,40.67314814814816,42
xlstm,carbon,GBR,Europe,False,holdout,last12,4,2025-04-01,206.97,207.04941385775805,,,,0.8,40.67314814814816,42
xlstm,carbon,GBR,Europe,False,holdout,last12,5,2025-05-01,170.83,210.18916252285243,,,,0.8,40.67314814814816,42
xlstm,carbon,GBR,Europe,False,holdout,last12,6,2025-06-01,154.06,209.6234153780341,,,,0.8,40.67314814814816,42
xlstm,carbon,GBR,Europe,False,holdout,last12,7,2025-07-01,209.0,211.68088808685542,,,,0.8,40.67314814814816,42
xlstm,carbon,GBR,Europe,False,holdout,last12,8,2025-08-01,196.53,212.1511368122697,,,,0.8,40.67314814814816,42
xlstm,carbon,GBR,Europe,False,holdout,last12,9,2025-09-01,179.46,216.99800179064275,,,,0.8,40.67314814814816,42
xlstm,carbon,GBR,Europe,False,holdout,last12,10,2025-10-01,211.84,218.2591556608677,,,,0.8,40.67314814814816,42
xlstm,carbon,GBR,Europe,False,holdout,last12,11,2025-11-01,201.13,218.13882205575706,,,,0.8,40.67314814814816,42
xlstm,carbon,GBR,Europe,False,holdout,last12,12,2025-12-01,191.73,214.33182217806578,,,,0.8,40.67314814814816,42
xlstm,carbon,GBR,Europe,False,rolling,2022-12-01,1,2023-01-01,204.9,253.92980930447578,,,,0.8,41.377261904761895,42
xlstm,carbon,GBR,Europe,False,rolling,2022-12-01,2,2023-02-01,241.05,253.6320892339945,,,,0.8,41.377261904761895,42
xlstm,carbon,GBR,Europe,False,rolling,2022-12-01,3,2023-03-01,234.39,255.2313608288765,,,,0.8,41.377261904761895,42
xlstm,carbon,GBR,Europe,False,rolling,2022-12-01,4,2023-04-01,235.08,255.2898193371296,,,,0.8,41.377261904761895,42
xlstm,carbon,GBR,Europe,False,rolling,2022-12-01,5,2023-05-01,237.73,255.57522700190543,,,,0.8,41.377261904761895,42
xlstm,carbon,GBR,Europe,False,rolling,2022-12-01,6,2023-06-01,247.55,256.0278277432919,,,,0.8,41.377261904761895,42
xlstm,carbon,GBR,Europe,False,rolling,2022-12-01,7,2023-07-01,208.56,256.63893073618414,,,,0.8,41.377261904761895,42
xlstm,carbon,GBR,Europe,False,rolling,2022-12-01,8,2023-08-01,240.98,255.88409747362138,,,,0.8,41.377261904761895,42
xlstm,carbon,GBR,Europe,False,rolling,2022-12-01,9,2023-09-01,235.98,254.58986657738686,,,,0.8,41.377261904761895,42
xlstm,carbon,GBR,Europe,False,rolling,2022-12-01,10,2023-10-01,206.51,253.73530912280083,,,,0.8,41.377261904761895,42
xlstm,carbon,GBR,Europe,False,rolling,2022-12-01,11,2023-11-01,243.43,254.3533163589239,,,,0.8,41.377261904761895,42
xlstm,carbon,GBR,Europe,False,rolling,2022-12-01,12,2023-12-01,188.06,254.76897988319396,,,,0.8,41.377261904761895,42
xlstm,carbon,GBR,Europe,False,rolling,2023-12-01,1,2024-01-01,251.33,243.0677497959137,,,,0.8,40.76166666666666,42
xlstm,carbon,GBR,Europe,False,rolling,2023-12-01,2,2024-02-01,203.28,243.90593267083167,,,,0.8,40.76166666666666,42
xlstm,carbon,GBR,Europe,False,rolling,2023-12-01,3,2024-03-01,200.0,243.64928461670877,,,,0.8,40.76166666666666,42
xlstm,carbon,GBR,Europe,False,rolling,2023-12-01,4,2024-04-01,150.94,243.62092202425004,,,,0.8,40.76166666666666,42
xlstm,carbon,GBR,Europe,False,rolling,2023-12-01,5,2024-05-01,210.94,243.56748918533324,,,,0.8,40.76166666666666,42
xlstm,carbon,GBR,Europe,False,rolling,2023-12-01,6,2024-06-01,173.56,243.40330763697625,,,,0.8,40.76166666666666,42
xlstm,carbon,GBR,Europe,False,rolling,2023-12-01,7,2024-07-01,200.72,242.89967553257944,,,,0.8,40.76166666666666,42
xlstm,carbon,GBR,Europe,False,rolling,2023-12-01,8,2024-08-01,146.81,243.580987803936,,,,0.8,40.76166666666666,42
xlstm,carbon,GBR,Europe,False,rolling,2023-12-01,9,2024-09-01,198.98,243.29468926906586,,,,0.8,40.76166666666666,42
xlstm,carbon,GBR,Europe,False,rolling,2023-12-01,10,2024-10-01,215.53,243.14090766072275,,,,0.8,40.76166666666666,42
xlstm,carbon,GBR,Europe,False,rolling,2023-12-01,11,2024-11-01,260.31,243.95984967827798,,,,0.8,40.76166666666666,42
xlstm,carbon,GBR,Europe,False,rolling,2023-12-01,12,2024-12-01,199.22,243.6871369123459,,,,0.8,40.76166666666666,42
xlstm,carbon,GBR,Europe,False,rolling,2024-12-01,1,2025-01-01,260.34,210.80036639869215,,,,0.8,40.67314814814816,42
xlstm,carbon,GBR,Europe,False,rolling,2024-12-01,2,2025-02-01,226.59,207.40235870927572,,,,0.8,40.67314814814816,42
xlstm,carbon,GBR,Europe,False,rolling,2024-12-01,3,2025-03-01,225.67,207.11384542405605,,,,0.8,40.67314814814816,42
xlstm,carbon,GBR,Europe,False,rolling,2024-12-01,4,2025-04-01,206.97,207.04941385775805,,,,0.8,40.67314814814816,42
xlstm,carbon,GBR,Europe,False,rolling,2024-12-01,5,2025-05-01,170.83,210.18916252285243,,,,0.8,40.67314814814816,42
xlstm,carbon,GBR,Europe,False,rolling,2024-12-01,6,2025-06-01,154.06,209.6234153780341,,,,0.8,40.67314814814816,42
xlstm,carbon,GBR,Europe,False,rolling,2024-12-01,7,2025-07-01,209.0,211.68088808685542,,,,0.8,40.67314814814816,42
xlstm,carbon,GBR,Europe,False,rolling,2024-12-01,8,2025-08-01,196.53,212.1511368122697,,,,0.8,40.67314814814816,42
xlstm,carbon,GBR,Europe,False,rolling,2024-12-01,9,2025-09-01,179.46,216.99800179064275,,,,0.8,40.67314814814816,42
xlstm,carbon,GBR,Europe,False,rolling,2024-12-01,10,2025-10-01,211.84,218.2591556608677,,,,0.8,40.67314814814816,42
xlstm,carbon,GBR,Europe,False,rolling,2024-12-01,11,2025-11-01,201.13,218.13882205575706,,,,0.8,40.67314814814816,42
xlstm,carbon,GBR,Europe,False,rolling,2024-12-01,12,2025-12-01,191.73,214.33182217806578,,,,0.8,40.67314814814816,42
xlstm,carbon,GRC,Europe,True,holdout,last12,1,2025-01-01,414.1,330.85122641563413,,,,0.8,63.509074074074064,42
xlstm,carbon,GRC,Europe,True,holdout,last12,2,2025-02-01,415.18,332.0811941862106,,,,0.8,63.509074074074064,42
xlstm,carbon,GRC,Europe,True,holdout,last12,3,2025-03-01,277.05,332.85713164806367,,,,0.8,63.509074074074064,42
xlstm,carbon,GRC,Europe,True,holdout,last12,4,2025-04-01,262.46,333.36817184448245,,,,0.8,63.509074074074064,42
xlstm,carbon,GRC,Europe,True,holdout,last12,5,2025-05-01,253.6,335.22480984210966,,,,0.8,63.509074074074064,42
xlstm,carbon,GRC,Europe,True,holdout,last12,6,2025-06-01,267.9,336.4386270952225,,,,0.8,63.509074074074064,42
xlstm,carbon,GRC,Europe,True,holdout,last12,7,2025-07-01,306.54,337.1652427816391,,,,0.8,63.509074074074064,42
xlstm,carbon,GRC,Europe,True,holdout,last12,8,2025-08-01,252.99,337.3433712720871,,,,0.8,63.509074074074064,42
xlstm,carbon,GRC,Europe,True,holdout,last12,9,2025-09-01,274.23,337.57168490886687,,,,0.8,63.509074074074064,42
xlstm,carbon,GRC,Europe,True,holdout,last12,10,2025-10-01,347.71,337.98381432056425,,,,0.8,63.509074074074064,42
xlstm,carbon,GRC,Europe,True,holdout,last12,11,2025-11-01,322.25,340.379243721962,,,,0.8,63.509074074074064,42
xlstm,carbon,GRC,Europe,True,holdout,last12,12,2025-12-01,405.23,338.965247759819,,,,0.8,63.509074074074064,42
xlstm,carbon,GRC,Europe,True,rolling,2022-12-01,1,2023-01-01,366.55,388.8372365646064,,,,0.8,66.60892857142856,42
xlstm,carbon,GRC,Europe,True,rolling,2022-12-01,2,2023-02-01,402.56,388.9288464146852,,,,0.8,66.60892857142856,42
xlstm,carbon,GRC,Europe,True,rolling,2022-12-01,3,2023-03-01,358.55,388.2675723299384,,,,0.8,66.60892857142856,42
xlstm,carbon,GRC,Europe,True,rolling,2022-12-01,4,2023-04-01,358.7,387.27178532779214,,,,0.8,66.60892857142856,42
xlstm,carbon,GRC,Europe,True,rolling,2022-12-01,5,2023-05-01,298.11,389.56440691009163,,,,0.8,66.60892857142856,42
xlstm,carbon,GRC,Europe,True,rolling,2022-12-01,6,2023-06-01,348.77,390.5317665718496,,,,0.8,66.60892857142856,42
xlstm,carbon,GRC,Europe,True,rolling,2022-12-01,7,2023-07-01,394.4,390.0637881852686,,,,0.8,66.60892857142856,42
xlstm,carbon,GRC,Europe,True,rolling,2022-12-01,8,2023-08-01,329.49,389.1047741061449,,,,0.8,66.60892857142856,42
xlstm,carbon,GRC,Europe,True,rolling,2022-12-01,9,2023-09-01,294.87,387.4275674085319,,,,0.8,66.60892857142856,42
xlstm,carbon,GRC,Europe,True,rolling,2022-12-01,10,2023-10-01,340.72,387.4558798135817,,,,0.8,66.60892857142856,42
xlstm,carbon,GRC,Europe,True,rolling,2022-12-01,11,2023-11-01,325.88,389.55550580665465,,,,0.8,66.60892857142856,42
xlstm,carbon,GRC,Europe,True,rolling,2022-12-01,12,2023-12-01,353.76,390.0853194053471,,,,0.8,66.60892857142856,42
xlstm,carbon,GRC,Europe,True,rolling,2023-12-01,1,2024-01-01,317.62,358.41928635179994,,,,0.8,66.06822916666667,42
xlstm,carbon,GRC,Europe,True,rolling,2023-12-01,2,2024-02-01,333.33,357.737196200192,,,,0.8,66.06822916666667,42
xlstm,carbon,GRC,Europe,True,rolling,2023-12-01,3,2024-03-01,340.06,356.62095696330067,,,,0.8,66.06822916666667,42
xlstm,carbon,GRC,Europe,True,rolling,2023-12-01,4,2024-04-01,280.0,356.682166416347,,,,0.8,66.06822916666667,42
xlstm,carbon,GRC,Europe,True,rolling,2023-12-01,5,2024-05-01,298.59,356.86170818567274,,,,0.8,66.06822916666667,42
xlstm,carbon,GRC,Europe,True,rolling,2023-12-01,6,2024-06-01,312.91,358.24678117930887,,,,0.8,66.06822916666667,42
xlstm,carbon,GRC,Europe,True,rolling,2023-12-01,7,2024-07-01,331.54,358.5724823874235,,,,0.8,66.06822916666667,42
xlstm,carbon,GRC,Europe,True,rolling,2023-12-01,8,2024-08-01,330.61,358.0454080809653,,,,0.8,66.06822916666667,42
xlstm,carbon,GRC,Europe,True,rolling,2023-12-01,9,2024-09-01,325.2,358.8535376018286,,,,0.8,66.06822916666667,42
xlstm,carbon,GRC,Europe,True,rolling,2023-12-01,10,2024-10-01,256.07,360.3449768659472,,,,0.8,66.06822916666667,42
xlstm,carbon,GRC,Europe,True,rolling,2023-12-01,11,2024-11-01,377.53,360.85402548015117,,,,0.8,66.06822916666667,42
xlstm,carbon,GRC,Europe,True,rolling,2023-12-01,12,2024-12-01,387.89,361.69290658935904,,,,0.8,66.06822916666667,42
xlstm,carbon,GRC,Europe,True,rolling,2024-12-01,1,2025-01-01,414.1,330.85122641563413,,,,0.8,63.509074074074064,42
xlstm,carbon,GRC,Europe,True,rolling,2024-12-01,2,2025-02-01,415.18,332.0811941862106,,,,0.8,63.509074074074064,42
xlstm,carbon,GRC,Europe,True,rolling,2024-12-01,3,2025-03-01,277.05,332.85713164806367,,,,0.8,63.509074074074064,42
xlstm,carbon,GRC,Europe,True,rolling,2024-12-01,4,2025-04-01,262.46,333.36817184448245,,,,0.8,63.509074074074064,42
xlstm,carbon,GRC,Europe,True,rolling,2024-12-01,5,2025-05-01,253.6,335.22480984210966,,,,0.8,63.509074074074064,42
xlstm,carbon,GRC,Europe,True,rolling,2024-12-01,6,2025-06-01,267.9,336.4386270952225,,,,0.8,63.509074074074064,42
xlstm,carbon,GRC,Europe,True,rolling,2024-12-01,7,2025-07-01,306.54,337.1652427816391,,,,0.8,63.509074074074064,42
xlstm,carbon,GRC,Europe,True,rolling,2024-12-01,8,2025-08-01,252.99,337.3433712720871,,,,0.8,63.509074074074064,42
xlstm,carbon,GRC,Europe,True,rolling,2024-12-01,9,2025-09-01,274.23,337.57168490886687,,,,0.8,63.509074074074064,42
xlstm,carbon,GRC,Europe,True,rolling,2024-12-01,10,2025-10-01,347.71,337.98381432056425,,,,0.8,63.509074074074064,42
xlstm,carbon,GRC,Europe,True,rolling,2024-12-01,11,2025-11-01,322.25,340.379243721962,,,,0.8,63.509074074074064,42
xlstm,carbon,GRC,Europe,True,rolling,2024-12-01,12,2025-12-01,405.23,338.965247759819,,,,0.8,63.509074074074064,42
xlstm,carbon,HRV,Europe,True,holdout,last12,1,2025-01-01,138.46,217.32153618454936,,,,0.8,55.8327868852459,42
xlstm,carbon,HRV,Europe,True,holdout,last12,2,2025-02-01,161.91,217.19574916481974,,,,0.8,55.8327868852459,42
xlstm,carbon,HRV,Europe,True,holdout,last12,3,2025-03-01,98.49,217.06473820328713,,,,0.8,55.8327868852459,42
xlstm,carbon,HRV,Europe,True,holdout,last12,4,2025-04-01,111.11,216.94335029244425,,,,0.8,55.8327868852459,42
xlstm,carbon,HRV,Europe,True,holdout,last12,5,2025-05-01,46.51,216.84093353867533,,,,0.8,55.8327868852459,42
xlstm,carbon,HRV,Europe,True,holdout,last12,6,2025-06-01,72.29,216.77087429285052,,,,0.8,55.8327868852459,42
xlstm,carbon,HRV,Europe,True,holdout,last12,7,2025-07-01,180.95,216.71542146325112,,,,0.8,55.8327868852459,42
xlstm,carbon,HRV,Europe,True,holdout,last12,8,2025-08-01,180.95,216.72009551644328,,,,0.8,55.8327868852459,42
xlstm,carbon,HRV,Europe,True,holdout,last12,9,2025-09-01,265.06,216.73939316987992,,,,0.8,55.8327868852459,42
xlstm,carbon,HRV,Europe,True,holdout,last12,10,2025-10-01,259.26,216.7320899617672,,,,0.8,55.8327868852459,42
xlstm,carbon,HRV,Europe,True,holdout,last12,11,2025-11-01,185.84,216.7354580295086,,,,0.8,55.8327868852459,42
xlstm,carbon,HRV,Europe,True,holdout,last12,12,2025-12-01,248.0,216.7400633466244,,,,0.8,55.8327868852459,42
xlstm,carbon,HRV,Europe,True,rolling,2022-12-01,1,2023-01-01,194.44,230.4292481851578,,,,0.8,55.4491891891892,42
xlstm,carbon,HRV,Europe,True,rolling,2022-12-01,2,2023-02-01,228.35,230.4342487347126,,,,0.8,55.4491891891892,42
xlstm,carbon,HRV,Europe,True,rolling,2022-12-01,3,2023-03-01,220.78,230.69049682736397,,,,0.8,55.4491891891892,42
xlstm,carbon,HRV,Europe,True,rolling,2022-12-01,4,2023-04-01,178.86,230.9220686686039,,,,0.8,55.4491891891892,42
xlstm,carbon,HRV,Europe,True,rolling,2022-12-01,5,2023-05-01,102.94,231.12360284447672,,,,0.8,55.4491891891892,42
xlstm,carbon,HRV,Europe,True,rolling,2022-12-01,6,2023-06-01,211.86,231.46707701802256,,,,0.8,55.4491891891892,42
xlstm,carbon,HRV,Europe,True,rolling,2022-12-01,7,2023-07-01,235.29,231.75367208838463,,,,0.8,55.4491891891892,42
xlstm,carbon,HRV,Europe,True,rolling,2022-12-01,8,2023-08-01,235.77,231.9920831692219,,,,0.8,55.4491891891892,42
xlstm,carbon,HRV,Europe,True,rolling,2022-12-01,9,2023-09-01,275.23,232.1739072751999,,,,0.8,55.4491891891892,42
xlstm,carbon,HRV,Europe,True,rolling,2022-12-01,10,2023-10-01,268.52,232.27439941883088,,,,0.8,55.4491891891892,42
xlstm,carbon,HRV,Europe,True,rolling,2022-12-01,11,2023-11-01,183.1,232.40962046504023,,,,0.8,55.4491891891892,42
xlstm,carbon,HRV,Europe,True,rolling,2022-12-01,12,2023-12-01,137.68,232.3551127564907,,,,0.8,55.4491891891892,42
xlstm,carbon,HRV,Europe,True,rolling,2023-12-01,1,2024-01-01,128.57,229.08336144208909,,,,0.8,54.48612244897961,42
xlstm,carbon,HRV,Europe,True,rolling,2023-12-01,2,2024-02-01,140.35,229.08038860678676,,,,0.8,54.48612244897961,42
xlstm,carbon,HRV,Europe,True,rolling,2023-12-01,3,2024-03-01,130.77,229.1308408868313,,,,0.8,54.48612244897961,42
xlstm,carbon,HRV,Europe,True,rolling,2023-12-01,4,2024-04-01,115.39,229.14616903185845,,,,0.8,54.48612244897961,42
xlstm,carbon,HRV,Europe,True,rolling,2023-12-01,5,2024-05-01,129.03,229.09075057029725,,,,0.8,54.48612244897961,42
xlstm,carbon,HRV,Europe,True,rolling,2023-12-01,6,2024-06-01,108.43,228.95360491395,,,,0.8,54.48612244897961,42
xlstm,carbon,HRV,Europe,True,rolling,2023-12-01,7,2024-07-01,219.3,228.92415150523186,,,,0.8,54.48612244897961,42
xlstm,carbon,HRV,Europe,True,rolling,2023-12-01,8,2024-08-01,256.88,228.90298079371453,,,,0.8,54.48612244897961,42
xlstm,carbon,HRV,Europe,True,rolling,2023-12-01,9,2024-09-01,196.08,228.87229013562205,,,,0.8,54.48612244897961,42
xlstm,carbon,HRV,Europe,True,rolling,2023-12-01,10,2024-10-01,215.52,228.87258226394655,,,,0.8,54.48612244897961,42
xlstm,carbon,HRV,Europe,True,rolling,2023-12-01,11,2024-11-01,219.3,228.85703072667124,,,,0.8,54.48612244897961,42
xlstm,carbon,HRV,Europe,True,rolling,2023-12-01,12,2024-12-01,231.34,228.7640995514393,,,,0.8,54.48612244897961,42
xlstm,carbon,HRV,Europe,True,rolling,2024-12-01,1,2025-01-01,138.46,217.32153618454936,,,,0.8,55.8327868852459,42
xlstm,carbon,HRV,Europe,True,rolling,2024-12-01,2,2025-02-01,161.91,217.19574916481974,,,,0.8,55.8327868852459,42
xlstm,carbon,HRV,Europe,True,rolling,2024-12-01,3,2025-03-01,98.49,217.06473820328713,,,,0.8,55.8327868852459,42
xlstm,carbon,HRV,Europe,True,rolling,2024-12-01,4,2025-04-01,111.11,216.94335029244425,,,,0.8,55.8327868852459,42
xlstm,carbon,HRV,Europe,True,rolling,2024-12-01,5,2025-05-01,46.51,216.84093353867533,,,,0.8,55.8327868852459,42
xlstm,carbon,HRV,Europe,True,rolling,2024-12-01,6,2025-06-01,72.29,216.77087429285052,,,,0.8,55.8327868852459,42
xlstm,carbon,HRV,Europe,True,rolling,2024-12-01,7,2025-07-01,180.95,216.71542146325112,,,,0.8,55.8327868852459,42
xlstm,carbon,HRV,Europe,True,rolling,2024-12-01,8,2025-08-01,180.95,216.72009551644328,,,,0.8,55.8327868852459,42
xlstm,carbon,HRV,Europe,True,rolling,2024-12-01,9,2025-09-01,265.06,216.73939316987992,,,,0.8,55.8327868852459,42
xlstm,carbon,HRV,Europe,True,rolling,2024-12-01,10,2025-10-01,259.26,216.7320899617672,,,,0.8,55.8327868852459,42
xlstm,carbon,HRV,Europe,True,rolling,2024-12-01,11,2025-11-01,185.84,216.7354580295086,,,,0.8,55.8327868852459,42
xlstm,carbon,HRV,Europe,True,rolling,2024-12-01,12,2025-12-01,248.0,216.7400633466244,,,,0.8,55.8327868852459,42
xlstm,carbon,HUN,Europe,True,holdout,last12,1,2025-01-01,233.23,204.4768338853121,,,,0.8,26.62092592592593,42
xlstm,carbon,HUN,Europe,True,holdout,last12,2,2025-02-01,240.26,195.59804716423153,,,,0.8,26.62092592592593,42
xlstm,carbon,HUN,Europe,True,holdout,last12,3,2025-03-01,176.1,183.30768198534847,,,,0.8,26.62092592592593,42
xlstm,carbon,HUN,Europe,True,holdout,last12,4,2025-04-01,135.95,170.74516536626965,,,,0.8,26.62092592592593,42
xlstm,carbon,HUN,Europe,True,holdout,last12,5,2025-05-01,123.46,170.20527346745135,,,,0.8,26.62092592592593,42
xlstm,carbon,HUN,Europe,True,holdout,last12,6,2025-06-01,133.33,171.6847052801028,,,,0.8,26.62092592592593,42
xlstm,carbon,HUN,Europe,True,holdout,last12,7,2025-07-01,148.69,175.07810636717826,,,,0.8,26.62092592592593,42
xlstm,carbon,HUN,Europe,True,holdout,last12,8,2025-08-01,136.65,183.64659701600672,,,,0.8,26.62092592592593,42
xlstm,carbon,HUN,Europe,True,holdout,last12,9,2025-09-01,137.71,195.959353441149,,,,0.8,26.62092592592593,42
xlstm,carbon,HUN,Europe,True,holdout,last12,10,2025-10-01,185.29,202.20348158568143,,,,0.8,26.62092592592593,42
xlstm,carbon,HUN,Europe,True,holdout,last12,11,2025-11-01,245.73,210.34646055191754,,,,0.8,26.62092592592593,42
xlstm,carbon,HUN,Europe,True,holdout,last12,12,2025-12-01,259.65,200.76079285532236,,,,0.8,26.62092592592593,42
xlstm,carbon,HUN,Europe,True,rolling,2022-12-01,1,2023-01-01,235.96,258.232485024929,,,,0.8,27.60238095238096,42
xlstm,carbon,HUN,Europe,True,rolling,2022-12-01,2,2023-02-01,260.38,255.2558047389984,,,,0.8,27.60238095238096,42
xlstm,carbon,HUN,Europe,True,rolling,2022-12-01,3,2023-03-01,235.09,245.61186509668823,,,,0.8,27.60238095238096,42
xlstm,carbon,HUN,Europe,True,rolling,2022-12-01,4,2023-04-01,209.79,242.58518173098562,,,,0.8,27.60238095238096,42
xlstm,carbon,HUN,Europe,True,rolling,2022-12-01,5,2023-05-01,204.72,243.81200909972188,,,,0.8,27.60238095238096,42
xlstm,carbon,HUN,Europe,True,rolling,2022-12-01,6,2023-06-01,187.02,246.84942521631714,,,,0.8,27.60238095238096,42
xlstm,carbon,HUN,Europe,True,rolling,2022-12-01,7,2023-07-01,196.77,252.11645269632336,,,,0.8,27.60238095238096,42
xlstm,carbon,HUN,Europe,True,rolling,2022-12-01,8,2023-08-01,185.67,263.19037734985346,,,,0.8,27.60238095238096,42
xlstm,carbon,HUN,Europe,True,rolling,2022-12-01,9,2023-09-01,192.44,265.13856209278106,,,,0.8,27.60238095238096,42
xlstm,carbon,HUN,Europe,True,rolling,2022-12-01,10,2023-10-01,198.61,267.84189332962035,,,,0.8,27.60238095238096,42
xlstm,carbon,HUN,Europe,True,rolling,2022-12-01,11,2023-11-01,251.88,267.1437267637253,,,,0.8,27.60238095238096,42
xlstm,carbon,HUN,Europe,True,rolling,2022-12-01,12,2023-12-01,264.46,258.2194892096519,,,,0.8,27.60238095238096,42
xlstm,carbon,HUN,Europe,True,rolling,2023-12-01,1,2024-01-01,234.11,226.19307082384822,,,,0.8,27.85104166666667,42
xlstm,carbon,HUN,Europe,True,rolling,2023-12-01,2,2024-02-01,232.56,225.77336365386842,,,,0.8,27.85104166666667,42
xlstm,carbon,HUN,Europe,True,rolling,2023-12-01,3,2024-03-01,221.82,220.19208814933893,,,,0.8,27.85104166666667,42
xlstm,carbon,HUN,Europe,True,rolling,2023-12-01,4,2024-04-01,177.05,217.2730346482992,,,,0.8,27.85104166666667,42
xlstm,carbon,HUN,Europe,True,rolling,2023-12-01,5,2024-05-01,172.19,216.33302502363918,,,,0.8,27.85104166666667,42
xlstm,carbon,HUN,Europe,True,rolling,2023-12-01,6,2024-06-01,170.97,215.5421516293287,,,,0.8,27.85104166666667,42
xlstm,carbon,HUN,Europe,True,rolling,2023-12-01,7,2024-07-01,165.19,216.39173407137392,,,,0.8,27.85104166666667,42
xlstm,carbon,HUN,Europe,True,rolling,2023-12-01,8,2024-08-01,169.87,216.7818518812954,,,,0.8,27.85104166666667,42
xlstm,carbon,HUN,Europe,True,rolling,2023-12-01,9,2024-09-01,197.08,219.20337898835538,,,,0.8,27.85104166666667,42
xlstm,carbon,HUN,Europe,True,rolling,2023-12-01,10,2024-10-01,199.32,223.14567171990868,,,,0.8,27.85104166666667,42
xlstm,carbon,HUN,Europe,True,rolling,2023-12-01,11,2024-11-01,241.16,230.82084124729036,,,,0.8,27.85104166666667,42
xlstm,carbon,HUN,Europe,True,rolling,2023-12-01,12,2024-12-01,250.81,228.26878181591627,,,,0.8,27.85104166666667,42
xlstm,carbon,HUN,Europe,True,rolling,2024-12-01,1,2025-01-01,233.23,204.4768338853121,,,,0.8,26.62092592592593,42
xlstm,carbon,HUN,Europe,True,rolling,2024-12-01,2,2025-02-01,240.26,195.59804716423153,,,,0.8,26.62092592592593,42
xlstm,carbon,HUN,Europe,True,rolling,2024-12-01,3,2025-03-01,176.1,183.30768198534847,,,,0.8,26.62092592592593,42
xlstm,carbon,HUN,Europe,True,rolling,2024-12-01,4,2025-04-01,135.95,170.74516536626965,,,,0.8,26.62092592592593,42
xlstm,carbon,HUN,Europe,True,rolling,2024-12-01,5,2025-05-01,123.46,170.20527346745135,,,,0.8,26.62092592592593,42
xlstm,carbon,HUN,Europe,True,rolling,2024-12-01,6,2025-06-01,133.33,171.6847052801028,,,,0.8,26.62092592592593,42
xlstm,carbon,HUN,Europe,True,rolling,2024-12-01,7,2025-07-01,148.69,175.07810636717826,,,,0.8,26.62092592592593,42
xlstm,carbon,HUN,Europe,True,rolling,2024-12-01,8,2025-08-01,136.65,183.64659701600672,,,,0.8,26.62092592592593,42
xlstm,carbon,HUN,Europe,True,rolling,2024-12-01,9,2025-09-01,137.71,195.959353441149,,,,0.8,26.62092592592593,42
xlstm,carbon,HUN,Europe,True,rolling,2024-12-01,10,2025-10-01,185.29,202.20348158568143,,,,0.8,26.62092592592593,42
xlstm,carbon,HUN,Europe,True,rolling,2024-12-01,11,2025-11-01,245.73,210.34646055191754,,,,0.8,26.62092592592593,42
xlstm,carbon,HUN,Europe,True,rolling,2024-12-01,12,2025-12-01,259.65,200.76079285532236,,,,0.8,26.62092592592593,42
xlstm,carbon,IND|delhi,India,True,holdout,last12,1,2024-12-01,192.37,410.52731134712695,,,,0.8,21.43559322033899,42
xlstm,carbon,IND|delhi,India,True,holdout,last12,2,2025-01-01,327.65,410.77208833634853,,,,0.8,21.43559322033899,42
xlstm,carbon,IND|delhi,India,True,holdout,last12,3,2025-02-01,399.12,409.7192153400183,,,,0.8,21.43559322033899,42
xlstm,carbon,IND|delhi,India,True,holdout,last12,4,2025-03-01,381.48,409.87788042724134,,,,0.8,21.43559322033899,42
xlstm,carbon,IND|delhi,India,True,holdout,last12,5,2025-04-01,428.02,411.4929571843147,,,,0.8,21.43559322033899,42
xlstm,carbon,IND|delhi,India,True,holdout,last12,6,2025-05-01,420.77,411.1642022103071,,,,0.8,21.43559322033899,42
xlstm,carbon,IND|delhi,India,True,holdout,last12,7,2025-06-01,437.75,407.82594778716566,,,,0.8,21.43559322033899,42
xlstm,carbon,IND|delhi,India,True,holdout,last12,8,2025-07-01,423.86,404.7959961026907,,,,0.8,21.43559322033899,42
xlstm,carbon,IND|delhi,India,True,holdout,last12,9,2025-08-01,398.91,403.19928157150747,,,,0.8,21.43559322033899,42
xlstm,carbon,IND|delhi,India,True,holdout,last12,10,2025-09-01,374.35,402.4721953845024,,,,0.8,21.43559322033899,42
xlstm,carbon,IND|delhi,India,True,holdout,last12,11,2025-10-01,249.39,402.7475409573317,,,,0.8,21.43559322033899,42
xlstm,carbon,IND|delhi,India,True,holdout,last12,12,2025-11-01,323.17,402.66613596737386,,,,0.8,21.43559322033899,42
xlstm,carbon,IND|delhi,India,True,rolling,2022-12-01,1,2023-01-01,433.94,449.24737729907037,,,,0.8,10.761944444444445,42
xlstm,carbon,IND|delhi,India,True,rolling,2022-12-01,2,2023-02-01,418.66,449.0897884464264,,,,0.8,10.761944444444445,42
xlstm,carbon,IND|delhi,India,True,rolling,2022-12-01,3,2023-03-01,336.74,449.0495347213745,,,,0.8,10.761944444444445,42
xlstm,carbon,IND|delhi,India,True,rolling,2022-12-01,4,2023-04-01,352.77,449.0904792571068,,,,0.8,10.761944444444445,42
xlstm,carbon,IND|delhi,India,True,rolling,2022-12-01,5,2023-05-01,411.45,449.13577403306965,,,,0.8,10.761944444444445,42
xlstm,carbon,IND|delhi,India,True,rolling,2022-12-01,6,2023-06-01,416.71,449.2513027840853,,,,0.8,10.761944444444445,42
xlstm,carbon,IND|delhi,India,True,rolling,2022-12-01,7,2023-07-01,400.75,449.42289455592635,,,,0.8,10.761944444444445,42
xlstm,carbon,IND|delhi,India,True,rolling,2022-12-01,8,2023-08-01,447.37,449.5941362547875,,,,0.8,10.761944444444445,42
xlstm,carbon,IND|delhi,India,True,rolling,2022-12-01,9,2023-09-01,436.29,449.76574669718747,,,,0.8,10.761944444444445,42
xlstm,carbon,IND|delhi,India,True,rolling,2022-12-01,10,2023-10-01,439.41,449.9380199444294,,,,0.8,10.761944444444445,42
xlstm,carbon,IND|delhi,India,True,rolling,2022-12-01,11,2023-11-01,393.84,450.24402573764326,,,,0.8,10.761944444444445,42
xlstm,carbon,IND|delhi,India,True,rolling,2022-12-01,12,2023-12-01,402.2,450.3719050633907,,,,0.8,10.761944444444445,42
xlstm,carbon,IND|delhi,India,True,rolling,2023-12-01,1,2024-01-01,424.92,408.90879477500914,,,,0.8,18.07854166666667,42
xlstm,carbon,IND|delhi,India,True,rolling,2023-12-01,2,2024-02-01,406.4,408.9283387374878,,,,0.8,18.07854166666667,42
xlstm,carbon,IND|delhi,India,True,rolling,2023-12-01,3,2024-03-01,384.36,408.92381251335144,,,,0.8,18.07854166666667,42
xlstm,carbon,IND|delhi,India,True,rolling,2023-12-01,4,2024-04-01,409.0,409.22962608337406,,,,0.8,18.07854166666667,42
xlstm,carbon,IND|delhi,India,True,rolling,2023-12-01,5,2024-05-01,449.78,409.5771323680878,,,,0.8,18.07854166666667,42
xlstm,carbon,IND|delhi,India,True,rolling,2023-12-01,6,2024-06-01,456.78,409.31080065727235,,,,0.8,18.07854166666667,42
xlstm,carbon,IND|delhi,India,True,rolling,2023-12-01,7,2024-07-01,439.63,408.99510657310486,,,,0.8,18.07854166666667,42
xlstm,carbon,IND|delhi,India,True,rolling,2023-12-01,8,2024-08-01,425.08,408.86428020477297,,,,0.8,18.07854166666667,42
xlstm,carbon,IND|delhi,India,True,rolling,2023-12-01,9,2024-09-01,399.95,408.30724913597106,,,,0.8,18.07854166666667,42
xlstm,carbon,IND|delhi,India,True,rolling,2023-12-01,10,2024-10-01,413.07,408.05395745277406,,,,0.8,18.07854166666667,42
xlstm,carbon,IND|delhi,India,True,rolling,2023-12-01,11,2024-11-01,324.29,407.8962068843842,,,,0.8,18.07854166666667,42
xlstm,carbon,IND|delhi,India,True,rolling,2023-12-01,12,2024-12-01,192.37,407.98010684013366,,,,0.8,18.07854166666667,42
xlstm,carbon,IND|gujarat,India,True,holdout,last12,1,2024-12-01,455.6,496.169056994915,,,,0.8,55.910508474576275,42
xlstm,carbon,IND|gujarat,India,True,holdout,last12,2,2025-01-01,479.02,495.81000752806665,,,,0.8,55.910508474576275,42
xlstm,carbon,IND|gujarat,India,True,holdout,last12,3,2025-02-01,488.51,491.91682749032975,,,,0.8,55.910508474576275,42
xlstm,carbon,IND|gujarat,India,True,holdout,last12,4,2025-03-01,448.19,490.29672773361204,,,,0.8,55.910508474576275,42
xlstm,carbon,IND|gujarat,India,True,holdout,last12,5,2025-04-01,451.02,489.2097208738327,,,,0.8,55.910508474576275,42
xlstm,carbon,IND|gujarat,India,True,holdout,last12,6,2025-05-01,442.48,487.1749524140358,,,,0.8,55.910508474576275,42
xlstm,carbon,IND|gujarat,India,True,holdout,last12,7,2025-06-01,397.66,487.06024376392367,,,,0.8,55.910508474576275,42
xlstm,carbon,IND|gujarat,India,True,holdout,last12,8,2025-07-01,365.98,486.73920851588247,,,,0.8,55.910508474576275,42
xlstm,carbon,IND|gujarat,India,True,holdout,last12,9,2025-08-01,349.18,487.10967626929283,,,,0.8,55.910508474576275,42
xlstm,carbon,IND|gujarat,India,True,holdout,last12,10,2025-09-01,347.7,491.9800180232525,,,,0.8,55.910508474576275,42
xlstm,carbon,IND|gujarat,India,True,holdout,last12,11,2025-10-01,284.17,497.2143516182899,,,,0.8,55.910508474576275,42
xlstm,carbon,IND|gujarat,India,True,holdout,last12,12,2025-11-01,348.23,494.5080862569809,,,,0.8,55.910508474576275,42
xlstm,carbon,IND|gujarat,India,True,rolling,2022-12-01,1,2023-01-01,440.37,489.9402283215523,,,,0.8,65.0888888888889,42
xlstm,carbon,IND|gujarat,India,True,rolling,2022-12-01,2,2023-02-01,479.11,487.92475615262987,,,,0.8,65.0888888888889,42
xlstm,carbon,IND|gujarat,India,True,rolling,2022-12-01,3,2023-03-01,474.47,487.13872586250307,,,,0.8,65.0888888888889,42
xlstm,carbon,IND|gujarat,India,True,rolling,2022-12-01,4,2023-04-01,522.54,485.01703646302224,,,,0.8,65.0888888888889,42
xlstm,carbon,IND|gujarat,India,True,rolling,2022-12-01,5,2023-05-01,439.61,482.0911596822739,,,,0.8,65.0888888888889,42
xlstm,carbon,IND|gujarat,India,True,rolling,2022-12-01,6,2023-06-01,480.77,483.4215959990025,,,,0.8,65.0888888888889,42
xlstm,carbon,IND|gujarat,India,True,rolling,2022-12-01,7,2023-07-01,476.76,482.76845773935315,,,,0.8,65.0888888888889,42
xlstm,carbon,IND|gujarat,India,True,rolling,2022-12-01,8,2023-08-01,424.99,486.3782136464119,,,,0.8,65.0888888888889,42
xlstm,carbon,IND|gujarat,India,True,rolling,2022-12-01,9,2023-09-01,501.58,490.6778776752949,,,,0.8,65.0888888888889,42
xlstm,carbon,IND|gujarat,India,True,rolling,2022-12-01,10,2023-10-01,572.0,491.8401944005489,,,,0.8,65.0888888888889,42
xlstm,carbon,IND|gujarat,India,True,rolling,2022-12-01,11,2023-11-01,535.35,492.29243040561676,,,,0.8,65.0888888888889,42
xlstm,carbon,IND|gujarat,India,True,rolling,2022-12-01,12,2023-12-01,501.14,488.4061293816566,,,,0.8,65.0888888888889,42
xlstm,carbon,IND|gujarat,India,True,rolling,2023-12-01,1,2024-01-01,556.03,481.06659849405287,,,,0.8,59.99875,42
xlstm,carbon,IND|gujarat,India,True,rolling,2023-12-01,2,2024-02-01,519.3,485.62377424120905,,,,0.8,59.99875,42
xlstm,carbon,IND|gujarat,India,True,rolling,2023-12-01,3,2024-03-01,508.49,487.04640686869624,,,,0.8,59.99875,42
xlstm,carbon,IND|gujarat,India,True,rolling,2023-12-01,4,2024-04-01,524.9,488.62195515275,,,,0.8,59.99875,42
xlstm,carbon,IND|gujarat,India,True,rolling,2023-12-01,5,2024-05-01,489.45,486.51061494469644,,,,0.8,59.99875,42
xlstm,carbon,IND|gujarat,India,True,rolling,2023-12-01,6,2024-06-01,493.73,490.75954953312873,,,,0.8,59.99875,42
xlstm,carbon,IND|gujarat,India,True,rolling,2023-12-01,7,2024-07-01,483.12,491.8534091174603,,,,0.8,59.99875,42
xlstm,carbon,IND|gujarat,India,True,rolling,2023-12-01,8,2024-08-01,404.63,493.3569775044918,,,,0.8,59.99875,42
xlstm,carbon,IND|gujarat,India,True,rolling,2023-12-01,9,2024-09-01,407.34,498.9389335167408,,,,0.8,59.99875,42
xlstm,carbon,IND|gujarat,India,True,rolling,2023-12-01,10,2024-10-01,533.83,498.0862863314152,,,,0.8,59.99875,42
xlstm,carbon,IND|gujarat,India,True,rolling,2023-12-01,11,2024-11-01,539.97,491.49889892339706,,,,0.8,59.99875,42
xlstm,carbon,IND|gujarat,India,True,rolling,2023-12-01,12,2024-12-01,455.6,488.0867503547668,,,,0.8,59.99875,42
xlstm,carbon,IND|karnataka,India,True,holdout,last12,1,2024-12-01,413.15,389.4420930993557,,,,0.8,67.29084745762714,42
xlstm,carbon,IND|karnataka,India,True,holdout,last12,2,2025-01-01,398.82,389.5776971435547,,,,0.8,67.29084745762714,42
xlstm,carbon,IND|karnataka,India,True,holdout,last12,3,2025-02-01,414.87,389.00771857738494,,,,0.8,67.29084745762714,42
xlstm,carbon,IND|karnataka,India,True,holdout,last12,4,2025-03-01,434.13,388.52100948333737,,,,0.8,67.29084745762714,42
xlstm,carbon,IND|karnataka,India,True,holdout,last12,5,2025-04-01,426.0,387.0266961038113,,,,0.8,67.29084745762714,42
xlstm,carbon,IND|karnataka,India,True,holdout,last12,6,2025-05-01,364.92,383.4118741798401,,,,0.8,67.29084745762714,42
xlstm,carbon,IND|karnataka,India,True,holdout,last12,7,2025-06-01,252.32,378.5553132367134,,,,0.8,67.29084745762714,42
xlstm,carbon,IND|karnataka,India,True,holdout,last12,8,2025-07-01,247.33,371.48708891034124,,,,0.8,67.29084745762714,42
xlstm,carbon,IND|karnataka,India,True,holdout,last12,9,2025-08-01,261.48,374.3150240278244,,,,0.8,67.29084745762714,42
xlstm,carbon,IND|karnataka,India,True,holdout,last12,10,2025-09-01,293.28,377.64980625271795,,,,0.8,67.29084745762714,42
xlstm,carbon,IND|karnataka,India,True,holdout,last12,11,2025-10-01,360.9,383.047934179306,,,,0.8,67.29084745762714,42
xlstm,carbon,IND|karnataka,India,True,holdout,last12,12,2025-11-01,391.72,383.61437039613725,,,,0.8,67.29084745762714,42
xlstm,carbon,IND|karnataka,India,True,rolling,2022-12-01,1,2023-01-01,398.07,310.63400889635085,,,,0.8,75.85472222222224,42
xlstm,carbon,IND|karnataka,India,True,rolling,2022-12-01,2,2023-02-01,422.54,310.59399925708766,,,,0.8,75.85472222222224,42
xlstm,carbon,IND|karnataka,India,True,rolling,2022-12-01,3,2023-03-01,410.35,310.51226561069484,,,,0.8,75.85472222222224,42
xlstm,carbon,IND|karnataka,India,True,rolling,2022-12-01,4,2023-04-01,427.9,310.408500020504,,,,0.8,75.85472222222224,42
xlstm,carbon,IND|karnataka,India,True,rolling,2022-12-01,5,2023-05-01,422.54,310.3051051044464,,,,0.8,75.85472222222224,42
xlstm,carbon,IND|karnataka,India,True,rolling,2022-12-01,6,2023-06-01,417.43,310.2389397716522,,,,0.8,75.85472222222224,42
xlstm,carbon,IND|karnataka,India,True,rolling,2022-12-01,7,2023-07-01,315.29,310.17221842765804,,,,0.8,75.85472222222224,42
xlstm,carbon,IND|karnataka,India,True,rolling,2022-12-01,8,2023-08-01,322.74,310.1911228084564,,,,0.8,75.85472222222224,42
xlstm,carbon,IND|karnataka,India,True,rolling,2022-12-01,9,2023-09-01,393.42,310.2033550548553,,,,0.8,75.85472222222224,42
xlstm,carbon,IND|karnataka,India,True,rolling,2022-12-01,10,2023-10-01,461.97,310.19404186725615,,,,0.8,75.85472222222224,42
xlstm,carbon,IND|karnataka,India,True,rolling,2022-12-01,11,2023-11-01,443.41,310.21317791938776,,,,0.8,75.85472222222224,42
xlstm,carbon,IND|karnataka,India,True,rolling,2022-12-01,12,2023-12-01,438.27,310.18255096912384,,,,0.8,75.85472222222224,42
xlstm,carbon,IND|karnataka,India,True,rolling,2023-12-01,1,2024-01-01,468.91,339.1609743595123,,,,0.8,71.31375000000001,42
xlstm,carbon,IND|karnataka,India,True,rolling,2023-12-01,2,2024-02-01,449.54,339.11480226278303,,,,0.8,71.31375000000001,42
xlstm,carbon,IND|karnataka,India,True,rolling,2023-12-01,3,2024-03-01,468.52,338.8296380186081,,,,0.8,71.31375000000001,42
xlstm,carbon,IND|karnataka,India,True,rolling,2023-12-01,4,2024-04-01,482.56,338.4625316238403,,,,0.8,71.31375000000001,42
xlstm,carbon,IND|karnataka,India,True,rolling,2023-12-01,5,2024-05-01,439.63,338.0119308805465,,,,0.8,71.31375000000001,42
xlstm,carbon,IND|karnataka,India,True,rolling,2023-12-01,6,2024-06-01,411.33,337.5675389289856,,,,0.8,71.31375000000001,42
xlstm,carbon,IND|karnataka,India,True,rolling,2023-12-01,7,2024-07-01,313.17,337.152476568222,,,,0.8,71.31375000000001,42
xlstm,carbon,IND|karnataka,India,True,rolling,2023-12-01,8,2024-08-01,312.36,336.95842865943905,,,,0.8,71.31375000000001,42
xlstm,carbon,IND|karnataka,India,True,rolling,2023-12-01,9,2024-09-01,277.98,336.7451520299911,,,,0.8,71.31375000000001,42
xlstm,carbon,IND|karnataka,India,True,rolling,2023-12-01,10,2024-10-01,366.13,336.404734172821,,,,0.8,71.31375000000001,42
xlstm,carbon,IND|karnataka,India,True,rolling,2023-12-01,11,2024-11-01,353.95,335.97470584392545,,,,0.8,71.31375000000001,42
xlstm,carbon,IND|karnataka,India,True,rolling,2023-12-01,12,2024-12-01,413.15,335.6492076206207,,,,0.8,71.31375000000001,42
xlstm,carbon,IND|kerala,India,False,holdout,last12,1,2024-12-01,29.96,28.469915028214455,,,,0.8,3.834067796610169,42
xlstm,carbon,IND|kerala,India,False,holdout,last12,2,2025-01-01,30.06,28.472582444548607,,,,0.8,3.834067796610169,42
xlstm,carbon,IND|kerala,India,False,holdout,last12,3,2025-02-01,30.26,28.47411352932453,,,,0.8,3.834067796610169,42
xlstm,carbon,IND|kerala,India,False,holdout,last12,4,2025-03-01,30.12,28.474875586032866,,,,0.8,3.834067796610169,42
xlstm,carbon,IND|kerala,India,False,holdout,last12,5,2025-04-01,30.6,28.475147904753683,,,,0.8,3.834067796610169,42
xlstm,carbon,IND|kerala,India,False,holdout,last12,6,2025-05-01,28.42,28.475377523899077,,,,0.8,3.834067796610169,42
xlstm,carbon,IND|kerala,India,False,holdout,last12,7,2025-06-01,26.6,28.475215439796447,,,,0.8,3.834067796610169,42
xlstm,carbon,IND|kerala,India,False,holdout,last12,8,2025-07-01,26.22,28.474913057088852,,,,0.8,3.834067796610169,42
xlstm,carbon,IND|kerala,India,False,holdout,last12,9,2025-08-01,26.38,28.474347505569458,,,,0.8,3.834067796610169,42
xlstm,carbon,IND|kerala,India,False,holdout,last12,10,2025-09-01,27.61,28.47396320939064,,,,0.8,3.834067796610169,42
xlstm,carbon,IND|kerala,India,False,holdout,last12,11,2025-10-01,27.83,28.473803303837776,,,,0.8,3.834067796610169,42
xlstm,carbon,IND|kerala,India,False,holdout,last12,12,2025-11-01,29.48,28.473859510421754,,,,0.8,3.834067796610169,42
xlstm,carbon,IND|kerala,India,False,rolling,2022-12-01,1,2023-01-01,31.32,27.75313250541687,,,,0.8,4.753333333333334,42
xlstm,carbon,IND|kerala,India,False,rolling,2022-12-01,2,2023-02-01,28.39,27.752735137939453,,,,0.8,4.753333333333334,42
xlstm,carbon,IND|kerala,India,False,rolling,2022-12-01,3,2023-03-01,30.36,27.752110329866408,,,,0.8,4.753333333333334,42
xlstm,carbon,IND|kerala,India,False,rolling,2022-12-01,4,2023-04-01,29.43,27.751434543728827,,,,0.8,4.753333333333334,42
xlstm,carbon,IND|kerala,India,False,rolling,2022-12-01,5,2023-05-01,28.45,27.750829342603684,,,,0.8,4.753333333333334,42
xlstm,carbon,IND|kerala,India,False,rolling,2022-12-01,6,2023-06-01,29.72,27.750359211564064,,,,0.8,4.753333333333334,42
xlstm,carbon,IND|kerala,India,False,rolling,2022-12-01,7,2023-07-01,28.29,27.750046807527543,,,,0.8,4.753333333333334,42
xlstm,carbon,IND|kerala,India,False,rolling,2022-12-01,8,2023-08-01,27.05,27.749813266992568,,,,0.8,4.753333333333334,42
xlstm,carbon,IND|kerala,India,False,rolling,2022-12-01,9,2023-09-01,31.23,27.749559683799742,,,,0.8,4.753333333333334,42
xlstm,carbon,IND|kerala,India,False,rolling,2022-12-01,10,2023-10-01,29.32,27.749409799575805,,,,0.8,4.753333333333334,42
xlstm,carbon,IND|kerala,India,False,rolling,2022-12-01,11,2023-11-01,31.31,27.74934705734253,,,,0.8,4.753333333333334,42
xlstm,carbon,IND|kerala,India,False,rolling,2022-12-01,12,2023-12-01,31.2,27.749305229187012,,,,0.8,4.753333333333334,42
xlstm,carbon,IND|kerala,India,False,rolling,2023-12-01,1,2024-01-01,30.85,28.27021085679531,,,,0.8,4.3133333333333335,42
xlstm,carbon,IND|kerala,India,False,rolling,2023-12-01,2,2024-02-01,30.88,28.26872944295406,,,,0.8,4.3133333333333335,42
xlstm,carbon,IND|kerala,India,False,rolling,2023-12-01,3,2024-03-01,30.69,28.26719835817814,,,,0.8,4.3133333333333335,42
xlstm,carbon,IND|kerala,India,False,rolling,2023-12-01,4,2024-04-01,32.52,28.266877675652502,,,,0.8,4.3133333333333335,42
xlstm,carbon,IND|kerala,India,False,rolling,2023-12-01,5,2024-05-01,30.45,28.267320356965065,,,,0.8,4.3133333333333335,42
xlstm,carbon,IND|kerala,India,False,rolling,2023-12-01,6,2024-06-01,29.17,28.26821007668972,,,,0.8,4.3133333333333335,42
xlstm,carbon,IND|kerala,India,False,rolling,2023-12-01,7,2024-07-01,26.05,28.269457514286042,,,,0.8,4.3133333333333335,42
xlstm,carbon,IND|kerala,India,False,rolling,2023-12-01,8,2024-08-01,26.17,28.270510625243187,,,,0.8,4.3133333333333335,42
xlstm,carbon,IND|kerala,India,False,rolling,2023-12-01,9,2024-09-01,27.14,28.271316688656807,,,,0.8,4.3133333333333335,42
xlstm,carbon,IND|kerala,India,False,rolling,2023-12-01,10,2024-10-01,28.65,28.272392892241477,,,,0.8,4.3133333333333335,42
xlstm,carbon,IND|kerala,India,False,rolling,2023-12-01,11,2024-11-01,28.95,28.27299504339695,,,,0.8,4.3133333333333335,42
xlstm,carbon,IND|kerala,India,False,rolling,2023-12-01,12,2024-12-01,29.96,28.27362203001976,,,,0.8,4.3133333333333335,42
xlstm,carbon,IND|maharashtra,India,True,holdout,last12,1,2024-12-01,659.36,654.0959980207682,,,,0.8,23.36322033898304,42
xlstm,carbon,IND|maharashtra,India,True,holdout,last12,2,2025-01-01,668.96,654.0866314375401,,,,0.8,23.36322033898304,42
xlstm,carbon,IND|maharashtra,India,True,holdout,last12,3,2025-02-01,677.2,654.0729479938745,,,,0.8,23.36322033898304,42
xlstm,carbon,IND|maharashtra,India,True,holdout,last12,4,2025-03-01,663.44,654.050650907755,,,,0.8,23.36322033898304,42
xlstm,carbon,IND|maharashtra,India,True,holdout,last12,5,2025-04-01,654.09,654.0454204791785,,,,0.8,23.36322033898304,42
xlstm,carbon,IND|maharashtra,India,True,holdout,last12,6,2025-05-01,655.89,654.0400695800781,,,,0.8,23.36322033898304,42
xlstm,carbon,IND|maharashtra,India,True,holdout,last12,7,2025-06-01,632.08,654.0509621232749,,,,0.8,23.36322033898304,42
xlstm,carbon,IND|maharashtra,India,True,holdout,last12,8,2025-07-01,610.57,654.0561021989585,,,,0.8,23.36322033898304,42
xlstm,carbon,IND|maharashtra,India,True,holdout,last12,9,2025-08-01,633.35,654.0909583371878,,,,0.8,23.36322033898304,42
xlstm,carbon,IND|maharashtra,India,True,holdout,last12,10,2025-09-01,646.63,654.114309540391,,,,0.8,23.36322033898304,42
xlstm,carbon,IND|maharashtra,India,True,holdout,last12,11,2025-10-01,658.41,654.1199515765906,,,,0.8,23.36322033898304,42
xlstm,carbon,IND|maharashtra,India,True,holdout,last12,12,2025-11-01,650.39,654.110253699422,,,,0.8,23.36322033898304,42
xlstm,carbon,IND|maharashtra,India,True,rolling,2022-12-01,1,2023-01-01,665.68,649.0753287047148,,,,0.8,30.15888888888887,42
xlstm,carbon,IND|maharashtra,India,True,rolling,2022-12-01,2,2023-02-01,670.14,649.0751479989291,,,,0.8,30.15888888888887,42
xlstm,carbon,IND|maharashtra,India,True,rolling,2022-12-01,3,2023-03-01,686.55,649.0606112223863,,,,0.8,30.15888888888887,42
xlstm,carbon,IND|maharashtra,India,True,rolling,2022-12-01,4,2023-04-01,692.46,649.0472189158202,,,,0.8,30.15888888888887,42
xlstm,carbon,IND|maharashtra,India,True,rolling,2022-12-01,5,2023-05-01,655.51,649.0304835522176,,,,0.8,30.15888888888887,42
xlstm,carbon,IND|maharashtra,India,True,rolling,2022-12-01,6,2023-06-01,650.02,649.021920105815,,,,0.8,30.15888888888887,42
xlstm,carbon,IND|maharashtra,India,True,rolling,2022-12-01,7,2023-07-01,620.78,649.008286858201,,,,0.8,30.15888888888887,42
xlstm,carbon,IND|maharashtra,India,True,rolling,2022-12-01,8,2023-08-01,627.61,649.0108769744635,,,,0.8,30.15888888888887,42
xlstm,carbon,IND|maharashtra,India,True,rolling,2022-12-01,9,2023-09-01,654.8,649.01485250175,,,,0.8,30.15888888888887,42
xlstm,carbon,IND|maharashtra,India,True,rolling,2022-12-01,10,2023-10-01,683.54,649.0062187808752,,,,0.8,30.15888888888887,42
xlstm,carbon,IND|maharashtra,India,True,rolling,2022-12-01,11,2023-11-01,677.09,648.9975649815798,,,,0.8,30.15888888888887,42
xlstm,carbon,IND|maharashtra,India,True,rolling,2022-12-01,12,2023-12-01,674.03,648.9887505549193,,,,0.8,30.15888888888887,42
xlstm,carbon,IND|maharashtra,India,True,rolling,2023-12-01,1,2024-01-01,679.0,653.1495815855266,,,,0.8,25.964791666666656,42
xlstm,carbon,IND|maharashtra,India,True,rolling,2023-12-01,2,2024-02-01,692.64,653.155253739357,,,,0.8,25.964791666666656,42
xlstm,carbon,IND|maharashtra,India,True,rolling,2023-12-01,3,2024-03-01,672.5,653.1406266099215,,,,0.8,25.964791666666656,42
xlstm,carbon,IND|maharashtra,India,True,rolling,2023-12-01,4,2024-04-01,673.95,653.1073265492917,,,,0.8,25.964791666666656,42
xlstm,carbon,IND|maharashtra,India,True,rolling,2023-12-01,5,2024-05-01,652.29,653.0699505692721,,,,0.8,25.964791666666656,42
xlstm,carbon,IND|maharashtra,India,True,rolling,2023-12-01,6,2024-06-01,658.94,653.0605639076233,,,,0.8,25.964791666666656,42
xlstm,carbon,IND|maharashtra,India,True,rolling,2023-12-01,7,2024-07-01,615.31,653.0546508127451,,,,0.8,25.964791666666656,42
xlstm,carbon,IND|maharashtra,India,True,rolling,2023-12-01,8,2024-08-01,623.1,653.0679828840495,,,,0.8,25.964791666666656,42
xlstm,carbon,IND|maharashtra,India,True,rolling,2023-12-01,9,2024-09-01,642.54,653.0730024892092,,,,0.8,25.964791666666656,42
xlstm,carbon,IND|maharashtra,India,True,rolling,2023-12-01,10,2024-10-01,663.07,653.0576826542616,,,,0.8,25.964791666666656,42
xlstm,carbon,IND|maharashtra,India,True,rolling,2023-12-01,11,2024-11-01,668.2,653.0249146717787,,,,0.8,25.964791666666656,42
xlstm,carbon,IND|maharashtra,India,True,rolling,2023-12-01,12,2024-12-01,659.36,653.0016337430477,,,,0.8,25.964791666666656,42
xlstm,carbon,IND|odisha,India,True,holdout,last12,1,2024-12-01,777.49,738.3881195640564,,,,0.8,19.652372881355937,42
xlstm,carbon,IND|odisha,India,True,holdout,last12,2,2025-01-01,764.78,738.2555041265488,,,,0.8,19.652372881355937,42
xlstm,carbon,IND|odisha,India,True,holdout,last12,3,2025-02-01,754.79,738.1927056968212,,,,0.8,19.652372881355937,42
xlstm,carbon,IND|odisha,India,True,holdout,last12,4,2025-03-01,759.38,738.1526522183419,,,,0.8,19.652372881355937,42
xlstm,carbon,IND|odisha,India,True,holdout,last12,5,2025-04-01,758.35,738.111206920147,,,,0.8,19.652372881355937,42
xlstm,carbon,IND|odisha,India,True,holdout,last12,6,2025-05-01,768.82,738.097574224472,,,,0.8,19.652372881355937,42
xlstm,carbon,IND|odisha,India,True,holdout,last12,7,2025-06-01,750.02,738.0767802000046,,,,0.8,19.652372881355937,42
xlstm,carbon,IND|odisha,India,True,holdout,last12,8,2025-07-01,694.51,738.0753526926042,,,,0.8,19.652372881355937,42
xlstm,carbon,IND|odisha,India,True,holdout,last12,9,2025-08-01,697.64,738.1078284859658,,,,0.8,19.652372881355937,42
xlstm,carbon,IND|odisha,India,True,holdout,last12,10,2025-09-01,673.11,738.1881495690346,,,,0.8,19.652372881355937,42
xlstm,carbon,IND|odisha,India,True,holdout,last12,11,2025-10-01,671.94,738.3066802668571,,,,0.8,19.652372881355937,42
xlstm,carbon,IND|odisha,India,True,holdout,last12,12,2025-11-01,745.33,738.3996347904206,,,,0.8,19.652372881355937,42
xlstm,carbon,IND|odisha,India,True,rolling,2022-12-01,1,2023-01-01,764.6,736.6614066123963,,,,0.8,22.486666666666665,42
xlstm,carbon,IND|odisha,India,True,rolling,2022-12-01,2,2023-02-01,760.88,736.6001665449143,,,,0.8,22.486666666666665,42
xlstm,carbon,IND|odisha,India,True,rolling,2022-12-01,3,2023-03-01,771.04,736.5430900406838,,,,0.8,22.486666666666665,42
xlstm,carbon,IND|odisha,India,True,rolling,2022-12-01,4,2023-04-01,760.46,736.496244006157,,,,0.8,22.486666666666665,42
xlstm,carbon,IND|odisha,India,True,rolling,2022-12-01,5,2023-05-01,758.97,736.4850380730629,,,,0.8,22.486666666666665,42
xlstm,carbon,IND|odisha,India,True,rolling,2022-12-01,6,2023-06-01,750.29,736.4332195544243,,,,0.8,22.486666666666665,42
xlstm,carbon,IND|odisha,India,True,rolling,2022-12-01,7,2023-07-01,705.04,736.3590605449677,,,,0.8,22.486666666666665,42
xlstm,carbon,IND|odisha,India,True,rolling,2022-12-01,8,2023-08-01,674.37,736.3687438035012,,,,0.8,22.486666666666665,42
xlstm,carbon,IND|odisha,India,True,rolling,2022-12-01,9,2023-09-01,710.02,736.4330886995792,,,,0.8,22.486666666666665,42
xlstm,carbon,IND|odisha,India,True,rolling,2022-12-01,10,2023-10-01,707.03,736.5286246323586,,,,0.8,22.486666666666665,42
xlstm,carbon,IND|odisha,India,True,rolling,2022-12-01,11,2023-11-01,761.34,736.5743762445451,,,,0.8,22.486666666666665,42
xlstm,carbon,IND|odisha,India,True,rolling,2022-12-01,12,2023-12-01,773.92,736.5371896767617,,,,0.8,22.486666666666665,42
xlstm,carbon,IND|odisha,India,True,rolling,2023-12-01,1,2024-01-01,752.72,738.4557596230508,,,,0.8,20.617916666666666,42
xlstm,carbon,IND|odisha,India,True,rolling,2023-12-01,2,2024-02-01,750.78,738.4172882986069,,,,0.8,20.617916666666666,42
xlstm,carbon,IND|odisha,India,True,rolling,2023-12-01,3,2024-03-01,759.22,738.3922117519379,,,,0.8,20.617916666666666,42
xlstm,carbon,IND|odisha,India,True,rolling,2023-12-01,4,2024-04-01,750.9,738.350445264578,,,,0.8,20.617916666666666,42
xlstm,carbon,IND|odisha,India,True,rolling,2023-12-01,5,2024-05-01,759.04,738.3359560644627,,,,0.8,20.617916666666666,42
xlstm,carbon,IND|odisha,India,True,rolling,2023-12-01,6,2024-06-01,753.44,738.328140461445,,,,0.8,20.617916666666666,42
xlstm,carbon,IND|odisha,India,True,rolling,2023-12-01,7,2024-07-01,738.74,738.342379847765,,,,0.8,20.617916666666666,42
xlstm,carbon,IND|odisha,India,True,rolling,2023-12-01,8,2024-08-01,713.39,738.4475633513928,,,,0.8,20.617916666666666,42
xlstm,carbon,IND|odisha,India,True,rolling,2023-12-01,9,2024-09-01,687.91,738.5973088777066,,,,0.8,20.617916666666666,42
xlstm,carbon,IND|odisha,India,True,rolling,2023-12-01,10,2024-10-01,692.75,738.6539690256119,,,,0.8,20.617916666666666,42
xlstm,carbon,IND|odisha,India,True,rolling,2023-12-01,11,2024-11-01,747.2,738.7053236043454,,,,0.8,20.617916666666666,42
xlstm,carbon,IND|odisha,India,True,rolling,2023-12-01,12,2024-12-01,777.49,738.6414188563824,,,,0.8,20.617916666666666,42
xlstm,carbon,IND|rajasthan,India,False,holdout,last12,1,2024-12-01,441.25,439.01876037746666,,,,0.8,37.943050847457634,42
xlstm,carbon,IND|rajasthan,India,False,holdout,last12,2,2025-01-01,456.82,438.4081343621015,,,,0.8,37.943050847457634,42
xlstm,carbon,IND|rajasthan,India,False,holdout,last12,3,2025-02-01,459.85,435.9715604273975,,,,0.8,37.943050847457634,42
xlstm,carbon,IND|rajasthan,India,False,holdout,last12,4,2025-03-01,397.78,435.4506105701625,,,,0.8,37.943050847457634,42
xlstm,carbon,IND|rajasthan,India,False,holdout,last12,5,2025-04-01,373.59,435.35463410958647,,,,0.8,37.943050847457634,42
xlstm,carbon,IND|rajasthan,India,False,holdout,last12,6,2025-05-01,356.79,434.82984495982527,,,,0.8,37.943050847457634,42
xlstm,carbon,IND|rajasthan,India,False,holdout,last12,7,2025-06-01,343.2,435.02720859125253,,,,0.8,37.943050847457634,42
xlstm,carbon,IND|rajasthan,India,False,holdout,last12,8,2025-07-01,339.63,435.08833879008887,,,,0.8,37.943050847457634,42
xlstm,carbon,IND|rajasthan,India,False,holdout,last12,9,2025-08-01,340.29,435.30378104135394,,,,0.8,37.943050847457634,42
xlstm,carbon,IND|rajasthan,India,False,holdout,last12,10,2025-09-01,340.71,435.6602265779674,,,,0.8,37.943050847457634,42
xlstm,carbon,IND|rajasthan,India,False,holdout,last12,11,2025-10-01,363.5,435.8421189139783,,,,0.8,37.943050847457634,42
xlstm,carbon,IND|rajasthan,India,False,holdout,last12,12,2025-11-01,400.53,436.5851683323085,,,,0.8,37.943050847457634,42
xlstm,carbon,IND|rajasthan,India,False,rolling,2022-12-01,1,2023-01-01,475.46,506.2609331163764,,,,0.8,46.550833333333344,42
xlstm,carbon,IND|rajasthan,India,False,rolling,2022-12-01,2,2023-02-01,474.78,506.56095495581627,,,,0.8,46.550833333333344,42
xlstm,carbon,IND|rajasthan,India,False,rolling,2022-12-01,3,2023-03-01,444.97,506.93599208563563,,,,0.8,46.550833333333344,42
xlstm,carbon,IND|rajasthan,India,False,rolling,2022-12-01,4,2023-04-01,424.56,507.3044287237525,,,,0.8,46.550833333333344,42
xlstm,carbon,IND|rajasthan,India,False,rolling,2022-12-01,5,2023-05-01,424.56,507.634172436893,,,,0.8,46.550833333333344,42
xlstm,carbon,IND|rajasthan,India,False,rolling,2022-12-01,6,2023-06-01,425.41,507.9281723809242,,,,0.8,46.550833333333344,42
xlstm,carbon,IND|rajasthan,India,False,rolling,2022-12-01,7,2023-07-01,422.12,508.15054996818304,,,,0.8,46.550833333333344,42
xlstm,carbon,IND|rajasthan,India,False,rolling,2022-12-01,8,2023-08-01,423.75,508.30859663546084,,,,0.8,46.550833333333344,42
xlstm,carbon,IND|rajasthan,India,False,rolling,2022-12-01,9,2023-09-01,451.4,508.44265121757985,,,,0.8,46.550833333333344,42
xlstm,carbon,IND|rajasthan,India,False,rolling,2022-12-01,10,2023-10-01,470.33,508.5406755411625,,,,0.8,46.550833333333344,42
xlstm,carbon,IND|rajasthan,India,False,rolling,2022-12-01,11,2023-11-01,482.75,508.61510661780835,,,,0.8,46.550833333333344,42
xlstm,carbon,IND|rajasthan,India,False,rolling,2022-12-01,12,2023-12-01,459.49,508.6502324685454,,,,0.8,46.550833333333344,42
xlstm,carbon,IND|rajasthan,India,False,rolling,2023-12-01,1,2024-01-01,503.74,439.2102369941771,,,,0.8,42.23916666666667,42
xlstm,carbon,IND|rajasthan,India,False,rolling,2023-12-01,2,2024-02-01,453.49,436.97358314096925,,,,0.8,42.23916666666667,42
xlstm,carbon,IND|rajasthan,India,False,rolling,2023-12-01,3,2024-03-01,437.24,434.71010460861027,,,,0.8,42.23916666666667,42
xlstm,carbon,IND|rajasthan,India,False,rolling,2023-12-01,4,2024-04-01,450.63,434.19965347625316,,,,0.8,42.23916666666667,42
xlstm,carbon,IND|rajasthan,India,False,rolling,2023-12-01,5,2024-05-01,422.24,434.86607282318175,,,,0.8,42.23916666666667,42
xlstm,carbon,IND|rajasthan,India,False,rolling,2023-12-01,6,2024-06-01,427.79,435.7249540819973,,,,0.8,42.23916666666667,42
xlstm,carbon,IND|rajasthan,India,False,rolling,2023-12-01,7,2024-07-01,422.85,436.81452252581715,,,,0.8,42.23916666666667,42
xlstm,carbon,IND|rajasthan,India,False,rolling,2023-12-01,8,2024-08-01,419.85,438.59307978510856,,,,0.8,42.23916666666667,42
xlstm,carbon,IND|rajasthan,India,False,rolling,2023-12-01,9,2024-09-01,427.85,440.90198936142025,,,,0.8,42.23916666666667,42
xlstm,carbon,IND|rajasthan,India,False,rolling,2023-12-01,10,2024-10-01,413.11,440.92748551607133,,,,0.8,42.23916666666667,42
xlstm,carbon,IND|rajasthan,India,False,rolling,2023-12-01,11,2024-11-01,445.06,439.01015221655365,,,,0.8,42.23916666666667,42
xlstm,carbon,IND|rajasthan,India,False,rolling,2023-12-01,12,2024-12-01,441.25,436.04197710283097,,,,0.8,42.23916666666667,42
xlstm,carbon,IND|tamil nadu,India,True,holdout,last12,1,2024-12-01,461.54,484.38085731029514,,,,0.8,39.45525423728814,42
xlstm,carbon,IND|tamil nadu,India,True,holdout,last12,2,2025-01-01,457.98,491.0253532266617,,,,0.8,39.45525423728814,42
xlstm,carbon,IND|tamil nadu,India,True,holdout,last12,3,2025-02-01,491.62,495.68577917099003,,,,0.8,39.45525423728814,42
xlstm,carbon,IND|tamil nadu,India,True,holdout,last12,4,2025-03-01,514.26,498.11298811912536,,,,0.8,39.45525423728814,42
xlstm,carbon,IND|tamil nadu,India,True,holdout,last12,5,2025-04-01,489.4,498.3302785968781,,,,0.8,39.45525423728814,42
xlstm,carbon,IND|tamil nadu,India,True,holdout,last12,6,2025-05-01,374.19,496.43167716026306,,,,0.8,39.45525423728814,42
xlstm,carbon,IND|tamil nadu,India,True,holdout,last12,7,2025-06-01,356.97,493.33282094955445,,,,0.8,39.45525423728814,42
xlstm,carbon,IND|tamil nadu,India,True,holdout,last12,8,2025-07-01,312.84,489.93676894664765,,,,0.8,39.45525423728814,42
xlstm,carbon,IND|tamil nadu,India,True,holdout,last12,9,2025-08-01,364.08,487.03245288848876,,,,0.8,39.45525423728814,42
xlstm,carbon,IND|tamil nadu,India,True,holdout,last12,10,2025-09-01,388.66,485.56259508609776,,,,0.8,39.45525423728814,42
xlstm,carbon,IND|tamil nadu,India,True,holdout,last12,11,2025-10-01,440.08,484.90500815391545,,,,0.8,39.45525423728814,42
xlstm,carbon,IND|tamil nadu,India,True,holdout,last12,12,2025-11-01,505.5,485.4118399190903,,,,0.8,39.45525423728814,42
xlstm,carbon,IND|tamil nadu,India,True,rolling,2022-12-01,1,2023-01-01,470.99,486.14682465553284,,,,0.8,48.13722222222222,42
xlstm,carbon,IND|tamil nadu,India,True,rolling,2022-12-01,2,2023-02-01,512.77,486.503906288147,,,,0.8,48.13722222222222,42
xlstm,carbon,IND|tamil nadu,India,True,rolling,2022-12-01,3,2023-03-01,531.4,486.44997959136964,,,,0.8,48.13722222222222,42
xlstm,carbon,IND|tamil nadu,India,True,rolling,2022-12-01,4,2023-04-01,585.97,486.096775970459,,,,0.8,48.13722222222222,42
xlstm,carbon,IND|tamil nadu,India,True,rolling,2022-12-01,5,2023-05-01,533.64,485.89877403259277,,,,0.8,48.13722222222222,42
xlstm,carbon,IND|tamil nadu,India,True,rolling,2022-12-01,6,2023-06-01,455.07,485.2527703762055,,,,0.8,48.13722222222222,42
xlstm,carbon,IND|tamil nadu,India,True,rolling,2022-12-01,7,2023-07-01,398.07,484.56016966819766,,,,0.8,48.13722222222222,42
xlstm,carbon,IND|tamil nadu,India,True,rolling,2022-12-01,8,2023-08-01,426.07,483.9497584438324,,,,0.8,48.13722222222222,42
xlstm,carbon,IND|tamil nadu,India,True,rolling,2022-12-01,9,2023-09-01,421.73,483.60762035369874,,,,0.8,48.13722222222222,42
xlstm,carbon,IND|tamil nadu,India,True,rolling,2022-12-01,10,2023-10-01,530.63,483.39522307395936,,,,0.8,48.13722222222222,42
xlstm,carbon,IND|tamil nadu,India,True,rolling,2022-12-01,11,2023-11-01,538.12,483.39774073600773,,,,0.8,48.13722222222222,42
xlstm,carbon,IND|tamil nadu,India,True,rolling,2022-12-01,12,2023-12-01,513.25,483.5472979831696,,,,0.8,48.13722222222222,42
xlstm,carbon,IND|tamil nadu,India,True,rolling,2023-12-01,1,2024-01-01,533.89,518.0412172031403,,,,0.8,41.88083333333333,42
xlstm,carbon,IND|tamil nadu,India,True,rolling,2023-12-01,2,2024-02-01,570.74,528.2755540370941,,,,0.8,41.88083333333333,42
xlstm,carbon,IND|tamil nadu,India,True,rolling,2023-12-01,3,2024-03-01,604.04,524.6286799526215,,,,0.8,41.88083333333333,42
xlstm,carbon,IND|tamil nadu,India,True,rolling,2023-12-01,4,2024-04-01,576.35,508.21760444641114,,,,0.8,41.88083333333333,42
xlstm,carbon,IND|tamil nadu,India,True,rolling,2023-12-01,5,2024-05-01,537.6,478.9922179222107,,,,0.8,41.88083333333333,42
xlstm,carbon,IND|tamil nadu,India,True,rolling,2023-12-01,6,2024-06-01,473.34,455.99462378978734,,,,0.8,41.88083333333333,42
xlstm,carbon,IND|tamil nadu,India,True,rolling,2023-12-01,7,2024-07-01,388.17,449.810352435112,,,,0.8,41.88083333333333,42
xlstm,carbon,IND|tamil nadu,India,True,rolling,2023-12-01,8,2024-08-01,425.9,460.11031091213226,,,,0.8,41.88083333333333,42
xlstm,carbon,IND|tamil nadu,India,True,rolling,2023-12-01,9,2024-09-01,398.7,475.5015911626816,,,,0.8,41.88083333333333,42
xlstm,carbon,IND|tamil nadu,India,True,rolling,2023-12-01,10,2024-10-01,511.82,495.7108542728424,,,,0.8,41.88083333333333,42
xlstm,carbon,IND|tamil nadu,India,True,rolling,2023-12-01,11,2024-11-01,497.81,505.91692831993106,,,,0.8,41.88083333333333,42
xlstm,carbon,IND|tamil nadu,India,True,rolling,2023-12-01,12,2024-12-01,461.54,513.6220299816132,,,,0.8,41.88083333333333,42
xlstm,carbon,IND|telangana,India,True,holdout,last12,1,2024-12-01,711.36,676.0222831618786,,,,0.8,34.24677966101694,42
xlstm,carbon,IND|telangana,India,True,holdout,last12,2,2025-01-01,708.93,676.7919728541374,,,,0.8,34.24677966101694,42
xlstm,carbon,IND|telangana,India,True,holdout,last12,3,2025-02-01,712.82,677.4442737090587,,,,0.8,34.24677966101694,42
xlstm,carbon,IND|telangana,India,True,holdout,last12,4,2025-03-01,706.15,677.8827052491904,,,,0.8,34.24677966101694,42
xlstm,carbon,IND|telangana,India,True,holdout,last12,5,2025-04-01,727.04,678.1321731841564,,,,0.8,34.24677966101694,42
xlstm,carbon,IND|telangana,India,True,holdout,last12,6,2025-05-01,718.22,678.2302859127522,,,,0.8,34.24677966101694,42
xlstm,carbon,IND|telangana,India,True,holdout,last12,7,2025-06-01,693.28,678.221402913332,,,,0.8,34.24677966101694,42
xlstm,carbon,IND|telangana,India,True,holdout,last12,8,2025-07-01,610.41,678.1499169754982,,,,0.8,34.24677966101694,42
xlstm,carbon,IND|telangana,India,True,holdout,last12,9,2025-08-01,592.36,678.0242891561985,,,,0.8,34.24677966101694,42
xlstm,carbon,IND|telangana,India,True,holdout,last12,10,2025-09-01,587.33,677.8195804345607,,,,0.8,34.24677966101694,42
xlstm,carbon,IND|telangana,India,True,holdout,last12,11,2025-10-01,539.4,677.6720449179411,,,,0.8,34.24677966101694,42
xlstm,carbon,IND|telangana,India,True,holdout,last12,12,2025-11-01,615.77,677.5627507138253,,,,0.8,34.24677966101694,42
xlstm,carbon,IND|telangana,India,True,rolling,2022-12-01,1,2023-01-01,699.96,666.9322182440758,,,,0.8,21.136666666666656,42
xlstm,carbon,IND|telangana,India,True,rolling,2022-12-01,2,2023-02-01,689.69,667.273215687275,,,,0.8,21.136666666666656,42
xlstm,carbon,IND|telangana,India,True,rolling,2022-12-01,3,2023-03-01,713.44,667.4061034297943,,,,0.8,21.136666666666656,42
xlstm,carbon,IND|telangana,India,True,rolling,2022-12-01,4,2023-04-01,717.88,667.4070787727833,,,,0.8,21.136666666666656,42
xlstm,carbon,IND|telangana,India,True,rolling,2022-12-01,5,2023-05-01,713.42,667.3234732484817,,,,0.8,21.136666666666656,42
xlstm,carbon,IND|telangana,India,True,rolling,2022-12-01,6,2023-06-01,703.62,667.1804156374932,,,,0.8,21.136666666666656,42
xlstm,carbon,IND|telangana,India,True,rolling,2022-12-01,7,2023-07-01,723.76,667.0106949985027,,,,0.8,21.136666666666656,42
xlstm,carbon,IND|telangana,India,True,rolling,2022-12-01,8,2023-08-01,691.35,666.7670784294605,,,,0.8,21.136666666666656,42
xlstm,carbon,IND|telangana,India,True,rolling,2022-12-01,9,2023-09-01,716.22,666.4704974484443,,,,0.8,21.136666666666656,42
xlstm,carbon,IND|telangana,India,True,rolling,2022-12-01,10,2023-10-01,709.81,666.2660261058808,,,,0.8,21.136666666666656,42
xlstm,carbon,IND|telangana,India,True,rolling,2022-12-01,11,2023-11-01,728.97,666.1099602687359,,,,0.8,21.136666666666656,42
xlstm,carbon,IND|telangana,India,True,rolling,2022-12-01,12,2023-12-01,719.55,666.0915931355953,,,,0.8,21.136666666666656,42
xlstm,carbon,IND|telangana,India,True,rolling,2023-12-01,1,2024-01-01,728.05,677.276990916729,,,,0.8,29.774374999999992,42
xlstm,carbon,IND|telangana,India,True,rolling,2023-12-01,2,2024-02-01,719.27,677.2287388360501,,,,0.8,29.774374999999992,42
xlstm,carbon,IND|telangana,India,True,rolling,2023-12-01,3,2024-03-01,726.78,677.1707662022113,,,,0.8,29.774374999999992,42
xlstm,carbon,IND|telangana,India,True,rolling,2023-12-01,4,2024-04-01,729.32,677.1133634316922,,,,0.8,29.774374999999992,42
xlstm,carbon,IND|telangana,India,True,rolling,2023-12-01,5,2024-05-01,728.38,677.0664812147618,,,,0.8,29.774374999999992,42
xlstm,carbon,IND|telangana,India,True,rolling,2023-12-01,6,2024-06-01,732.39,677.0318401002884,,,,0.8,29.774374999999992,42
xlstm,carbon,IND|telangana,India,True,rolling,2023-12-01,7,2024-07-01,700.0,677.0083113205433,,,,0.8,29.774374999999992,42
xlstm,carbon,IND|telangana,India,True,rolling,2023-12-01,8,2024-08-01,573.07,676.9870619940758,,,,0.8,29.774374999999992,42
xlstm,carbon,IND|telangana,India,True,rolling,2023-12-01,9,2024-09-01,587.69,676.9772976052761,,,,0.8,29.774374999999992,42
xlstm,carbon,IND|telangana,India,True,rolling,2023-12-01,10,2024-10-01,584.75,676.9647825300693,,,,0.8,29.774374999999992,42
xlstm,carbon,IND|telangana,India,True,rolling,2023-12-01,11,2024-11-01,659.39,676.9552482783795,,,,0.8,29.774374999999992,42
xlstm,carbon,IND|telangana,India,True,rolling,2023-12-01,12,2024-12-01,711.36,676.942437312603,,,,0.8,29.774374999999992,42
xlstm,carbon,IND|uttar pradesh,India,True,holdout,last12,1,2024-12-01,753.61,761.8229593276977,,,,0.8,9.720508474576265,42
xlstm,carbon,IND|uttar pradesh,India,True,holdout,last12,2,2025-01-01,751.35,761.8036448478698,,,,0.8,9.720508474576265,42
xlstm,carbon,IND|uttar pradesh,India,True,holdout,last12,3,2025-02-01,747.96,761.7968429374695,,,,0.8,9.720508474576265,42
xlstm,carbon,IND|uttar pradesh,India,True,holdout,last12,4,2025-03-01,761.62,761.7946738243103,,,,0.8,9.720508474576265,42
xlstm,carbon,IND|uttar pradesh,India,True,holdout,last12,5,2025-04-01,770.6,761.799293231964,,,,0.8,9.720508474576265,42
xlstm,carbon,IND|uttar pradesh,India,True,holdout,last12,6,2025-05-01,777.9,761.8085789108276,,,,0.8,9.720508474576265,42
xlstm,carbon,IND|uttar pradesh,India,True,holdout,last12,7,2025-06-01,779.01,761.8186612701415,,,,0.8,9.720508474576265,42
xlstm,carbon,IND|uttar pradesh,India,True,holdout,last12,8,2025-07-01,777.63,761.8275653457641,,,,0.8,9.720508474576265,42
xlstm,carbon,IND|uttar pradesh,India,True,holdout,last12,9,2025-08-01,772.55,761.8352241897583,,,,0.8,9.720508474576265,42
xlstm,carbon,IND|uttar pradesh,India,True,holdout,last12,10,2025-09-01,767.31,761.8379623603821,,,,0.8,9.720508474576265,42
xlstm,carbon,IND|uttar pradesh,India,True,holdout,last12,11,2025-10-01,765.24,761.8374066925048,,,,0.8,9.720508474576265,42
xlstm,carbon,IND|uttar pradesh,India,True,holdout,last12,12,2025-11-01,757.15,761.8382703208923,,,,0.8,9.720508474576265,42
xlstm,carbon,IND|uttar pradesh,India,True,rolling,2022-12-01,1,2023-01-01,753.3,739.6681362819671,,,,0.8,10.561388888888892,42
xlstm,carbon,IND|uttar pradesh,India,True,rolling,2022-12-01,2,2023-02-01,746.99,739.5666281461715,,,,0.8,10.561388888888892,42
xlstm,carbon,IND|uttar pradesh,India,True,rolling,2022-12-01,3,2023-03-01,750.43,743.6253033113479,,,,0.8,10.561388888888892,42
xlstm,carbon,IND|uttar pradesh,India,True,rolling,2022-12-01,4,2023-04-01,760.54,751.2285068750381,,,,0.8,10.561388888888892,42
xlstm,carbon,IND|uttar pradesh,India,True,rolling,2022-12-01,5,2023-05-01,767.67,758.7849188518524,,,,0.8,10.561388888888892,42
xlstm,carbon,IND|uttar pradesh,India,True,rolling,2022-12-01,6,2023-06-01,771.37,765.4054773330688,,,,0.8,10.561388888888892,42
xlstm,carbon,IND|uttar pradesh,India,True,rolling,2022-12-01,7,2023-07-01,771.21,770.704122018814,,,,0.8,10.561388888888892,42
xlstm,carbon,IND|uttar pradesh,India,True,rolling,2022-12-01,8,2023-08-01,773.35,773.6237550258636,,,,0.8,10.561388888888892,42
xlstm,carbon,IND|uttar pradesh,India,True,rolling,2022-12-01,9,2023-09-01,775.41,773.0807670879364,,,,0.8,10.561388888888892,42
xlstm,carbon,IND|uttar pradesh,India,True,rolling,2022-12-01,10,2023-10-01,770.42,768.7510565471649,,,,0.8,10.561388888888892,42
xlstm,carbon,IND|uttar pradesh,India,True,rolling,2022-12-01,11,2023-11-01,778.17,762.1670148181915,,,,0.8,10.561388888888892,42
xlstm,carbon,IND|uttar pradesh,India,True,rolling,2022-12-01,12,2023-12-01,775.66,755.6430320835113,,,,0.8,10.561388888888892,42
xlstm,carbon,IND|uttar pradesh,India,True,rolling,2023-12-01,1,2024-01-01,768.21,750.7393701839446,,,,0.8,10.131249999999994,42
xlstm,carbon,IND|uttar pradesh,India,True,rolling,2023-12-01,2,2024-02-01,750.25,748.8381190681457,,,,0.8,10.131249999999994,42
xlstm,carbon,IND|uttar pradesh,India,True,rolling,2023-12-01,3,2024-03-01,754.68,750.1676565599441,,,,0.8,10.131249999999994,42
xlstm,carbon,IND|uttar pradesh,India,True,rolling,2023-12-01,4,2024-04-01,765.27,752.9415489292145,,,,0.8,10.131249999999994,42
xlstm,carbon,IND|uttar pradesh,India,True,rolling,2023-12-01,5,2024-05-01,771.38,755.5867188262939,,,,0.8,10.131249999999994,42
xlstm,carbon,IND|uttar pradesh,India,True,rolling,2023-12-01,6,2024-06-01,774.86,758.6044975090026,,,,0.8,10.131249999999994,42
xlstm,carbon,IND|uttar pradesh,India,True,rolling,2023-12-01,7,2024-07-01,779.75,762.4677549934387,,,,0.8,10.131249999999994,42
xlstm,carbon,IND|uttar pradesh,India,True,rolling,2023-12-01,8,2024-08-01,769.94,767.0541238403321,,,,0.8,10.131249999999994,42
xlstm,carbon,IND|uttar pradesh,India,True,rolling,2023-12-01,9,2024-09-01,760.53,770.8535732460022,,,,0.8,10.131249999999994,42
xlstm,carbon,IND|uttar pradesh,India,True,rolling,2023-12-01,10,2024-10-01,766.32,772.6321054458618,,,,0.8,10.131249999999994,42
xlstm,carbon,IND|uttar pradesh,India,True,rolling,2023-12-01,11,2024-11-01,756.24,771.4576913452148,,,,0.8,10.131249999999994,42
xlstm,carbon,IND|uttar pradesh,India,True,rolling,2023-12-01,12,2024-12-01,753.61,765.5663197517395,,,,0.8,10.131249999999994,42
xlstm,carbon,IND|west bengal,India,True,holdout,last12,1,2024-12-01,787.47,780.6682835865021,,,,0.8,5.506440677966108,42
xlstm,carbon,IND|west bengal,India,True,holdout,last12,2,2025-01-01,786.84,782.1455530929566,,,,0.8,5.506440677966108,42
xlstm,carbon,IND|west bengal,India,True,holdout,last12,3,2025-02-01,786.52,784.3566142511368,,,,0.8,5.506440677966108,42
xlstm,carbon,IND|west bengal,India,True,holdout,last12,4,2025-03-01,789.24,786.3878412902355,,,,0.8,5.506440677966108,42
xlstm,carbon,IND|west bengal,India,True,holdout,last12,5,2025-04-01,785.97,787.4050285089016,,,,0.8,5.506440677966108,42
xlstm,carbon,IND|west bengal,India,True,holdout,last12,6,2025-05-01,782.43,787.0159711694718,,,,0.8,5.506440677966108,42
xlstm,carbon,IND|west bengal,India,True,holdout,last12,7,2025-06-01,778.17,784.3734446465969,,,,0.8,5.506440677966108,42
xlstm,carbon,IND|west bengal,India,True,holdout,last12,8,2025-07-01,776.2,779.9188815808296,,,,0.8,5.506440677966108,42
xlstm,carbon,IND|west bengal,India,True,holdout,last12,9,2025-08-01,771.09,777.4234797096252,,,,0.8,5.506440677966108,42
xlstm,carbon,IND|west bengal,India,True,holdout,last12,10,2025-09-01,766.65,779.6218400812149,,,,0.8,5.506440677966108,42
xlstm,carbon,IND|west bengal,India,True,holdout,last12,11,2025-10-01,771.76,781.1250362420082,,,,0.8,5.506440677966108,42
xlstm,carbon,IND|west bengal,India,True,holdout,last12,12,2025-11-01,774.84,782.0203860998154,,,,0.8,5.506440677966108,42
xlstm,carbon,IND|west bengal,India,True,rolling,2022-12-01,1,2023-01-01,783.28,786.1509648251533,,,,0.8,5.5222222222222275,42
xlstm,carbon,IND|west bengal,India,True,rolling,2022-12-01,2,2023-02-01,786.61,788.1884619510174,,,,0.8,5.5222222222222275,42
xlstm,carbon,IND|west bengal,India,True,rolling,2022-12-01,3,2023-03-01,792.01,787.1510807287693,,,,0.8,5.5222222222222275,42
xlstm,carbon,IND|west bengal,India,True,rolling,2022-12-01,4,2023-04-01,788.89,781.6122652256489,,,,0.8,5.5222222222222275,42
xlstm,carbon,IND|west bengal,India,True,rolling,2022-12-01,5,2023-05-01,780.39,774.013133187294,,,,0.8,5.5222222222222275,42
xlstm,carbon,IND|west bengal,India,True,rolling,2022-12-01,6,2023-06-01,773.86,766.2202415686845,,,,0.8,5.5222222222222275,42
xlstm,carbon,IND|west bengal,India,True,rolling,2022-12-01,7,2023-07-01,766.18,760.6657709252834,,,,0.8,5.5222222222222275,42
xlstm,carbon,IND|west bengal,India,True,rolling,2022-12-01,8,2023-08-01,766.47,758.2043433493376,,,,0.8,5.5222222222222275,42
xlstm,carbon,IND|west bengal,India,True,rolling,2022-12-01,9,2023-09-01,767.19,759.6138171565532,,,,0.8,5.5222222222222275,42
xlstm,carbon,IND|west bengal,India,True,rolling,2022-12-01,10,2023-10-01,777.26,766.0856632679701,,,,0.8,5.5222222222222275,42
xlstm,carbon,IND|west bengal,India,True,rolling,2022-12-01,11,2023-11-01,789.22,775.2003447735309,,,,0.8,5.5222222222222275,42
xlstm,carbon,IND|west bengal,India,True,rolling,2022-12-01,12,2023-12-01,786.23,782.0017240977287,,,,0.8,5.5222222222222275,42
xlstm,carbon,IND|west bengal,India,True,rolling,2023-12-01,1,2024-01-01,786.22,781.9786730349064,,,,0.8,5.809375000000007,42
xlstm,carbon,IND|west bengal,India,True,rolling,2023-12-01,2,2024-02-01,788.06,783.7620957434177,,,,0.8,5.809375000000007,42
xlstm,carbon,IND|west bengal,India,True,rolling,2023-12-01,3,2024-03-01,791.54,783.3238382995129,,,,0.8,5.809375000000007,42
xlstm,carbon,IND|west bengal,India,True,rolling,2023-12-01,4,2024-04-01,790.48,778.8789521706104,,,,0.8,5.809375000000007,42
xlstm,carbon,IND|west bengal,India,True,rolling,2023-12-01,5,2024-05-01,787.6,771.4935945707559,,,,0.8,5.809375000000007,42
xlstm,carbon,IND|west bengal,India,True,rolling,2023-12-01,6,2024-06-01,782.19,766.0291228377819,,,,0.8,5.809375000000007,42
xlstm,carbon,IND|west bengal,India,True,rolling,2023-12-01,7,2024-07-01,776.41,764.5196426910162,,,,0.8,5.809375000000007,42
xlstm,carbon,IND|west bengal,India,True,rolling,2023-12-01,8,2024-08-01,769.79,767.9222118347883,,,,0.8,5.809375000000007,42
xlstm,carbon,IND|west bengal,India,True,rolling,2023-12-01,9,2024-09-01,773.43,773.3281462848187,,,,0.8,5.809375000000007,42
xlstm,carbon,IND|west bengal,India,True,rolling,2023-12-01,10,2024-10-01,776.96,778.8156768023968,,,,0.8,5.809375000000007,42
xlstm,carbon,IND|west bengal,India,True,rolling,2023-12-01,11,2024-11-01,785.27,782.2157379114627,,,,0.8,5.809375000000007,42
xlstm,carbon,IND|west bengal,India,True,rolling,2023-12-01,12,2024-12-01,787.47,783.8329199254513,,,,0.8,5.809375000000007,42
xlstm,carbon,IRL,Europe,True,holdout,last12,1,2025-01-01,303.14,318.974131988436,,,,0.8,48.998511904761905,42
xlstm,carbon,IRL,Europe,True,holdout,last12,2,2025-02-01,215.69,319.1173733614385,,,,0.8,48.998511904761905,42
xlstm,carbon,IRL,Europe,True,holdout,last12,3,2025-03-01,274.19,320.7332957440615,,,,0.8,48.998511904761905,42
xlstm,carbon,IRL,Europe,True,holdout,last12,4,2025-04-01,331.88,323.3012794184685,,,,0.8,48.998511904761905,42
xlstm,carbon,IRL,Europe,True,holdout,last12,5,2025-05-01,333.33,324.95793082267045,,,,0.8,48.998511904761905,42
xlstm,carbon,IRL,Europe,True,holdout,last12,6,2025-06-01,268.66,324.0075419378281,,,,0.8,48.998511904761905,42
xlstm,carbon,IRL,Europe,True,holdout,last12,7,2025-07-01,314.41,323.97308021903035,,,,0.8,48.998511904761905,42
xlstm,carbon,IRL,Europe,True,holdout,last12,8,2025-08-01,297.67,322.0997141563892,,,,0.8,48.998511904761905,42
xlstm,carbon,IRL,Europe,True,holdout,last12,9,2025-09-01,250.0,323.49550386369225,,,,0.8,48.998511904761905,42
xlstm,carbon,IRL,Europe,True,holdout,last12,10,2025-10-01,252.03,323.07194005846975,,,,0.8,48.998511904761905,42
xlstm,carbon,IRL,Europe,True,holdout,last12,11,2025-11-01,264.59,323.7654202082753,,,,0.8,48.998511904761905,42
xlstm,carbon,IRL,Europe,True,holdout,last12,12,2025-12-01,261.03,323.3550216805935,,,,0.8,48.998511904761905,42
xlstm,carbon,IRL,Europe,True,rolling,2022-12-01,1,2023-01-01,294.96,359.45410802364347,,,,0.8,47.93534722222223,42
xlstm,carbon,IRL,Europe,True,rolling,2022-12-01,2,2023-02-01,292.0,357.663150639534,,,,0.8,47.93534722222223,42
xlstm,carbon,IRL,Europe,True,rolling,2022-12-01,3,2023-03-01,307.69,365.009244658947,,,,0.8,47.93534722222223,42
xlstm,carbon,IRL,Europe,True,rolling,2022-12-01,4,2023-04-01,305.79,363.151739153862,,,,0.8,47.93534722222223,42
xlstm,carbon,IRL,Europe,True,rolling,2022-12-01,5,2023-05-01,374.45,364.08275129079817,,,,0.8,47.93534722222223,42
xlstm,carbon,IRL,Europe,True,rolling,2022-12-01,6,2023-06-01,384.26,366.0002117753029,,,,0.8,47.93534722222223,42
xlstm,carbon,IRL,Europe,True,rolling,2022-12-01,7,2023-07-01,305.31,366.0321459031105,,,,0.8,47.93534722222223,42
xlstm,carbon,IRL,Europe,True,rolling,2022-12-01,8,2023-08-01,292.58,359.09362688779834,,,,0.8,47.93534722222223,42
xlstm,carbon,IRL,Europe,True,rolling,2022-12-01,9,2023-09-01,318.39,353.3970180296898,,,,0.8,47.93534722222223,42
xlstm,carbon,IRL,Europe,True,rolling,2022-12-01,10,2023-10-01,314.41,350.096892786026,,,,0.8,47.93534722222223,42
xlstm,carbon,IRL,Europe,True,rolling,2022-12-01,11,2023-11-01,281.85,352.352139647007,,,,0.8,47.93534722222223,42
xlstm,carbon,IRL,Europe,True,rolling,2022-12-01,12,2023-12-01,225.46,356.29701358556747,,,,0.8,47.93534722222223,42
xlstm,carbon,IRL,Europe,True,rolling,2023-12-01,1,2024-01-01,286.22,331.8761321333051,,,,0.8,50.05967948717948,42
xlstm,carbon,IRL,Europe,True,rolling,2023-12-01,2,2024-02-01,248.0,332.1227136147022,,,,0.8,50.05967948717948,42
xlstm,carbon,IRL,Europe,True,rolling,2023-12-01,3,2024-03-01,238.64,332.89440835177896,,,,0.8,50.05967948717948,42
xlstm,carbon,IRL,Europe,True,rolling,2023-12-01,4,2024-04-01,278.26,333.47067360967395,,,,0.8,50.05967948717948,42
xlstm,carbon,IRL,Europe,True,rolling,2023-12-01,5,2024-05-01,344.04,334.233189817071,,,,0.8,50.05967948717948,42
xlstm,carbon,IRL,Europe,True,rolling,2023-12-01,6,2024-06-01,319.8,332.64658805042507,,,,0.8,50.05967948717948,42
xlstm,carbon,IRL,Europe,True,rolling,2023-12-01,7,2024-07-01,368.42,330.96628644704816,,,,0.8,50.05967948717948,42
xlstm,carbon,IRL,Europe,True,rolling,2023-12-01,8,2024-08-01,274.88,331.3193163487315,,,,0.8,50.05967948717948,42
xlstm,carbon,IRL,Europe,True,rolling,2023-12-01,9,2024-09-01,327.35,331.98115027964116,,,,0.8,50.05967948717948,42
xlstm,carbon,IRL,Europe,True,rolling,2023-12-01,10,2024-10-01,296.0,331.99755901306867,,,,0.8,50.05967948717948,42
xlstm,carbon,IRL,Europe,True,rolling,2023-12-01,11,2024-11-01,328.3,332.1391673961282,,,,0.8,50.05967948717948,42
xlstm,carbon,IRL,Europe,True,rolling,2023-12-01,12,2024-12-01,249.08,333.2210851743817,,,,0.8,50.05967948717948,42
xlstm,carbon,IRL,Europe,True,rolling,2024-12-01,1,2025-01-01,303.14,318.974131988436,,,,0.8,48.998511904761905,42
xlstm,carbon,IRL,Europe,True,rolling,2024-12-01,2,2025-02-01,215.69,319.1173733614385,,,,0.8,48.998511904761905,42
xlstm,carbon,IRL,Europe,True,rolling,2024-12-01,3,2025-03-01,274.19,320.7332957440615,,,,0.8,48.998511904761905,42
xlstm,carbon,IRL,Europe,True,rolling,2024-12-01,4,2025-04-01,331.88,323.3012794184685,,,,0.8,48.998511904761905,42
xlstm,carbon,IRL,Europe,True,rolling,2024-12-01,5,2025-05-01,333.33,324.95793082267045,,,,0.8,48.998511904761905,42
xlstm,carbon,IRL,Europe,True,rolling,2024-12-01,6,2025-06-01,268.66,324.0075419378281,,,,0.8,48.998511904761905,42
xlstm,carbon,IRL,Europe,True,rolling,2024-12-01,7,2025-07-01,314.41,323.97308021903035,,,,0.8,48.998511904761905,42
xlstm,carbon,IRL,Europe,True,rolling,2024-12-01,8,2025-08-01,297.67,322.0997141563892,,,,0.8,48.998511904761905,42
xlstm,carbon,IRL,Europe,True,rolling,2024-12-01,9,2025-09-01,250.0,323.49550386369225,,,,0.8,48.998511904761905,42
xlstm,carbon,IRL,Europe,True,rolling,2024-12-01,10,2025-10-01,252.03,323.07194005846975,,,,0.8,48.998511904761905,42
xlstm,carbon,IRL,Europe,True,rolling,2024-12-01,11,2025-11-01,264.59,323.7654202082753,,,,0.8,48.998511904761905,42
xlstm,carbon,IRL,Europe,True,rolling,2024-12-01,12,2025-12-01,261.03,323.3550216805935,,,,0.8,48.998511904761905,42
xlstm,carbon,ITA,Europe,True,holdout,last12,1,2025-01-01,333.33,281.68809849083425,,,,0.8,35.58385416666667,42
xlstm,carbon,ITA,Europe,True,holdout,last12,2,2025-02-01,356.05,282.2097707653046,,,,0.8,35.58385416666667,42
xlstm,carbon,ITA,Europe,True,holdout,last12,3,2025-03-01,295.93,282.7606999740005,,,,0.8,35.58385416666667,42
xlstm,carbon,ITA,Europe,True,holdout,last12,4,2025-04-01,242.36,282.8338320487738,,,,0.8,35.58385416666667,42
xlstm,carbon,ITA,Europe,True,holdout,last12,5,2025-05-01,202.42,282.47968428194525,,,,0.8,35.58385416666667,42
xlstm,carbon,ITA,Europe,True,holdout,last12,6,2025-06-01,242.56,281.5889382106066,,,,0.8,35.58385416666667,42
xlstm,carbon,ITA,Europe,True,holdout,last12,7,2025-07-01,268.96,280.9824981248379,,,,0.8,35.58385416666667,42
xlstm,carbon,ITA,Europe,True,holdout,last12,8,2025-08-01,263.74,281.95979054450993,,,,0.8,35.58385416666667,42
xlstm,carbon,ITA,Europe,True,holdout,last12,9,2025-09-01,291.81,281.8114058315754,,,,0.8,35.58385416666667,42
xlstm,carbon,ITA,Europe,True,holdout,last12,10,2025-10-01,299.17,282.1803086152673,,,,0.8,35.58385416666667,42
xlstm,carbon,ITA,Europe,True,holdout,last12,11,2025-11-01,345.15,284.6033190664649,,,,0.8,35.58385416666667,42
xlstm,carbon,ITA,Europe,True,holdout,last12,12,2025-12-01,374.01,281.2300294369459,,,,0.8,35.58385416666667,42
xlstm,carbon,ITA,Europe,True,rolling,2022-12-01,1,2023-01-01,416.3,370.79451330125335,,,,0.8,27.91027777777778,42
xlstm,carbon,ITA,Europe,True,rolling,2022-12-01,2,2023-02-01,411.64,370.686690030098,,,,0.8,27.91027777777778,42
xlstm,carbon,ITA,Europe,True,rolling,2022-12-01,3,2023-03-01,376.44,370.3808619588614,,,,0.8,27.91027777777778,42
xlstm,carbon,ITA,Europe,True,rolling,2022-12-01,4,2023-04-01,310.31,370.0554503142834,,,,0.8,27.91027777777778,42
xlstm,carbon,ITA,Europe,True,rolling,2022-12-01,5,2023-05-01,284.13,369.81655344307427,,,,0.8,27.91027777777778,42
xlstm,carbon,ITA,Europe,True,rolling,2022-12-01,6,2023-06-01,301.89,369.63009634077554,,,,0.8,27.91027777777778,42
xlstm,carbon,ITA,Europe,True,rolling,2022-12-01,7,2023-07-01,327.8,369.4778381896019,,,,0.8,27.91027777777778,42
xlstm,carbon,ITA,Europe,True,rolling,2022-12-01,8,2023-08-01,297.74,369.3488406962157,,,,0.8,27.91027777777778,42
xlstm,carbon,ITA,Europe,True,rolling,2022-12-01,9,2023-09-01,329.62,369.254579256177,,,,0.8,27.91027777777778,42
xlstm,carbon,ITA,Europe,True,rolling,2022-12-01,10,2023-10-01,322.07,369.17030585169795,,,,0.8,27.91027777777778,42
xlstm,carbon,ITA,Europe,True,rolling,2022-12-01,11,2023-11-01,292.51,369.0906184738875,,,,0.8,27.91027777777778,42
xlstm,carbon,ITA,Europe,True,rolling,2022-12-01,12,2023-12-01,333.17,369.04005856275563,,,,0.8,27.91027777777778,42
xlstm,carbon,ITA,Europe,True,rolling,2023-12-01,1,2024-01-01,325.67,356.8715015977621,,,,0.8,32.63726190476191,42
xlstm,carbon,ITA,Europe,True,rolling,2023-12-01,2,2024-02-01,326.29,356.5142718109489,,,,0.8,32.63726190476191,42
xlstm,carbon,ITA,Europe,True,rolling,2023-12-01,3,2024-03-01,270.67,362.12141759991647,,,,0.8,32.63726190476191,42
xlstm,carbon,ITA,Europe,True,rolling,2023-12-01,4,2024-04-01,232.0,369.60289004743106,,,,0.8,32.63726190476191,42
xlstm,carbon,ITA,Europe,True,rolling,2023-12-01,5,2024-05-01,219.44,374.0845123070479,,,,0.8,32.63726190476191,42
xlstm,carbon,ITA,Europe,True,rolling,2023-12-01,6,2024-06-01,235.99,372.45956117749216,,,,0.8,32.63726190476191,42
xlstm,carbon,ITA,Europe,True,rolling,2023-12-01,7,2024-07-01,280.12,365.9597463303805,,,,0.8,32.63726190476191,42
xlstm,carbon,ITA,Europe,True,rolling,2023-12-01,8,2024-08-01,307.66,358.36685615837575,,,,0.8,32.63726190476191,42
xlstm,carbon,ITA,Europe,True,rolling,2023-12-01,9,2024-09-01,301.04,352.7429414182902,,,,0.8,32.63726190476191,42
xlstm,carbon,ITA,Europe,True,rolling,2023-12-01,10,2024-10-01,286.49,349.4262990435958,,,,0.8,32.63726190476191,42
xlstm,carbon,ITA,Europe,True,rolling,2023-12-01,11,2024-11-01,342.27,348.89211989670997,,,,0.8,32.63726190476191,42
xlstm,carbon,ITA,Europe,True,rolling,2023-12-01,12,2024-12-01,345.52,350.7700513374806,,,,0.8,32.63726190476191,42
xlstm,carbon,ITA,Europe,True,rolling,2024-12-01,1,2025-01-01,333.33,281.68809849083425,,,,0.8,35.58385416666667,42
xlstm,carbon,ITA,Europe,True,rolling,2024-12-01,2,2025-02-01,356.05,282.2097707653046,,,,0.8,35.58385416666667,42
xlstm,carbon,ITA,Europe,True,rolling,2024-12-01,3,2025-03-01,295.93,282.7606999740005,,,,0.8,35.58385416666667,42
xlstm,carbon,ITA,Europe,True,rolling,2024-12-01,4,2025-04-01,242.36,282.8338320487738,,,,0.8,35.58385416666667,42
xlstm,carbon,ITA,Europe,True,rolling,2024-12-01,5,2025-05-01,202.42,282.47968428194525,,,,0.8,35.58385416666667,42
xlstm,carbon,ITA,Europe,True,rolling,2024-12-01,6,2025-06-01,242.56,281.5889382106066,,,,0.8,35.58385416666667,42
xlstm,carbon,ITA,Europe,True,rolling,2024-12-01,7,2025-07-01,268.96,280.9824981248379,,,,0.8,35.58385416666667,42
xlstm,carbon,ITA,Europe,True,rolling,2024-12-01,8,2025-08-01,263.74,281.95979054450993,,,,0.8,35.58385416666667,42
xlstm,carbon,ITA,Europe,True,rolling,2024-12-01,9,2025-09-01,291.81,281.8114058315754,,,,0.8,35.58385416666667,42
xlstm,carbon,ITA,Europe,True,rolling,2024-12-01,10,2025-10-01,299.17,282.1803086152673,,,,0.8,35.58385416666667,42
xlstm,carbon,ITA,Europe,True,rolling,2024-12-01,11,2025-11-01,345.15,284.6033190664649,,,,0.8,35.58385416666667,42
xlstm,carbon,ITA,Europe,True,rolling,2024-12-01,12,2025-12-01,374.01,281.2300294369459,,,,0.8,35.58385416666667,42
xlstm,carbon,LTU,Europe,True,holdout,last12,1,2025-01-01,209.88,164.21730434268713,,,,0.8,56.58712962962962,42
xlstm,carbon,LTU,Europe,True,holdout,last12,2,2025-02-01,274.19,164.71266050428153,,,,0.8,56.58712962962962,42
xlstm,carbon,LTU,Europe,True,holdout,last12,3,2025-03-01,185.19,165.22256280839443,,,,0.8,56.58712962962962,42
xlstm,carbon,LTU,Europe,True,holdout,last12,4,2025-04-01,176.47,165.95487227112054,,,,0.8,56.58712962962962,42
xlstm,carbon,LTU,Europe,True,holdout,last12,5,2025-05-01,197.53,166.11513907700777,,,,0.8,56.58712962962962,42
xlstm,carbon,LTU,Europe,True,holdout,last12,6,2025-06-01,77.92,166.47591221570968,,,,0.8,56.58712962962962,42
xlstm,carbon,LTU,Europe,True,holdout,last12,7,2025-07-01,147.54,166.7536427229643,,,,0.8,56.58712962962962,42
xlstm,carbon,LTU,Europe,True,holdout,last12,8,2025-08-01,150.0,167.07267851412297,,,,0.8,56.58712962962962,42
xlstm,carbon,LTU,Europe,True,holdout,last12,9,2025-09-01,161.29,167.1051985040307,,,,0.8,56.58712962962962,42
xlstm,carbon,LTU,Europe,True,holdout,last12,10,2025-10-01,162.16,167.17617215782403,,,,0.8,56.58712962962962,42
xlstm,carbon,LTU,Europe,True,holdout,last12,11,2025-11-01,181.82,166.99046160429717,,,,0.8,56.58712962962962,42
xlstm,carbon,LTU,Europe,True,holdout,last12,12,2025-12-01,150.69,166.97362072378397,,,,0.8,56.58712962962962,42
xlstm,carbon,LTU,Europe,True,rolling,2022-12-01,1,2023-01-01,138.89,176.87278438329696,,,,0.8,62.30095238095238,42
xlstm,carbon,LTU,Europe,True,rolling,2022-12-01,2,2023-02-01,125.0,177.801461969316,,,,0.8,62.30095238095238,42
xlstm,carbon,LTU,Europe,True,rolling,2022-12-01,3,2023-03-01,119.05,178.47088216900826,,,,0.8,62.30095238095238,42
xlstm,carbon,LTU,Europe,True,rolling,2022-12-01,4,2023-04-01,111.11,178.49831340938806,,,,0.8,62.30095238095238,42
xlstm,carbon,LTU,Europe,True,rolling,2022-12-01,5,2023-05-01,121.21,178.68836380213497,,,,0.8,62.30095238095238,42
xlstm,carbon,LTU,Europe,True,rolling,2022-12-01,6,2023-06-01,171.43,179.00323257952928,,,,0.8,62.30095238095238,42
xlstm,carbon,LTU,Europe,True,rolling,2022-12-01,7,2023-07-01,105.26,179.29211993008852,,,,0.8,62.30095238095238,42
xlstm,carbon,LTU,Europe,True,rolling,2022-12-01,8,2023-08-01,170.73,179.02736093342304,,,,0.8,62.30095238095238,42
xlstm,carbon,LTU,Europe,True,rolling,2022-12-01,9,2023-09-01,162.79,178.54987300366162,,,,0.8,62.30095238095238,42
xlstm,carbon,LTU,Europe,True,rolling,2022-12-01,10,2023-10-01,135.59,179.14867480188607,,,,0.8,62.30095238095238,42
xlstm,carbon,LTU,Europe,True,rolling,2022-12-01,11,2023-11-01,150.0,179.40894993811844,,,,0.8,62.30095238095238,42
xlstm,carbon,LTU,Europe,True,rolling,2022-12-01,12,2023-12-01,178.57,179.13280366420744,,,,0.8,62.30095238095238,42
xlstm,carbon,LTU,Europe,True,rolling,2023-12-01,1,2024-01-01,151.52,165.2298598831892,,,,0.8,61.1353125,42
xlstm,carbon,LTU,Europe,True,rolling,2023-12-01,2,2024-02-01,134.62,165.7552876740694,,,,0.8,61.1353125,42
xlstm,carbon,LTU,Europe,True,rolling,2023-12-01,3,2024-03-01,105.26,166.3942233836651,,,,0.8,61.1353125,42
xlstm,carbon,LTU,Europe,True,rolling,2023-12-01,4,2024-04-01,155.17,167.06945243895052,,,,0.8,61.1353125,42
xlstm,carbon,LTU,Europe,True,rolling,2023-12-01,5,2024-05-01,137.93,167.80154106914998,,,,0.8,61.1353125,42
xlstm,carbon,LTU,Europe,True,rolling,2023-12-01,6,2024-06-01,145.46,168.42043862730264,,,,0.8,61.1353125,42
xlstm,carbon,LTU,Europe,True,rolling,2023-12-01,7,2024-07-01,142.86,168.52065818876028,,,,0.8,61.1353125,42
xlstm,carbon,LTU,Europe,True,rolling,2023-12-01,8,2024-08-01,163.64,169.320984069705,,,,0.8,61.1353125,42
xlstm,carbon,LTU,Europe,True,rolling,2023-12-01,9,2024-09-01,160.71,169.36453608453274,,,,0.8,61.1353125,42
xlstm,carbon,LTU,Europe,True,rolling,2023-12-01,10,2024-10-01,178.57,169.52169203221797,,,,0.8,61.1353125,42
xlstm,carbon,LTU,Europe,True,rolling,2023-12-01,11,2024-11-01,166.67,169.99508975952864,,,,0.8,61.1353125,42
xlstm,carbon,LTU,Europe,True,rolling,2023-12-01,12,2024-12-01,191.78,170.26958459019662,,,,0.8,61.1353125,42
xlstm,carbon,LTU,Europe,True,rolling,2024-12-01,1,2025-01-01,209.88,164.21730434268713,,,,0.8,56.58712962962962,42
xlstm,carbon,LTU,Europe,True,rolling,2024-12-01,2,2025-02-01,274.19,164.71266050428153,,,,0.8,56.58712962962962,42
xlstm,carbon,LTU,Europe,True,rolling,2024-12-01,3,2025-03-01,185.19,165.22256280839443,,,,0.8,56.58712962962962,42
xlstm,carbon,LTU,Europe,True,rolling,2024-12-01,4,2025-04-01,176.47,165.95487227112054,,,,0.8,56.58712962962962,42
xlstm,carbon,LTU,Europe,True,rolling,2024-12-01,5,2025-05-01,197.53,166.11513907700777,,,,0.8,56.58712962962962,42
xlstm,carbon,LTU,Europe,True,rolling,2024-12-01,6,2025-06-01,77.92,166.47591221570968,,,,0.8,56.58712962962962,42
xlstm,carbon,LTU,Europe,True,rolling,2024-12-01,7,2025-07-01,147.54,166.7536427229643,,,,0.8,56.58712962962962,42
xlstm,carbon,LTU,Europe,True,rolling,2024-12-01,8,2025-08-01,150.0,167.07267851412297,,,,0.8,56.58712962962962,42
xlstm,carbon,LTU,Europe,True,rolling,2024-12-01,9,2025-09-01,161.29,167.1051985040307,,,,0.8,56.58712962962962,42
xlstm,carbon,LTU,Europe,True,rolling,2024-12-01,10,2025-10-01,162.16,167.17617215782403,,,,0.8,56.58712962962962,42
xlstm,carbon,LTU,Europe,True,rolling,2024-12-01,11,2025-11-01,181.82,166.99046160429717,,,,0.8,56.58712962962962,42
xlstm,carbon,LTU,Europe,True,rolling,2024-12-01,12,2025-12-01,150.69,166.97362072378397,,,,0.8,56.58712962962962,42
xlstm,carbon,LUX,Europe,True,holdout,last12,1,2025-01-01,166.67,111.87761405289173,,,,0.8,58.45986111111112,42
xlstm,carbon,LUX,Europe,True,holdout,last12,2,2025-02-01,125.0,114.03734689056874,,,,0.8,58.45986111111112,42
xlstm,carbon,LUX,Europe,True,holdout,last12,3,2025-03-01,142.86,116.34639780431986,,,,0.8,58.45986111111112,42
xlstm,carbon,LUX,Europe,True,holdout,last12,4,2025-04-01,83.33,118.07063365995884,,,,0.8,58.45986111111112,42
xlstm,carbon,LUX,Europe,True,holdout,last12,5,2025-05-01,76.92,121.57731865882873,,,,0.8,58.45986111111112,42
xlstm,carbon,LUX,Europe,True,holdout,last12,6,2025-06-01,83.33,124.6624142870307,,,,0.8,58.45986111111112,42
xlstm,carbon,LUX,Europe,True,holdout,last12,7,2025-07-01,90.91,127.06871914029122,,,,0.8,58.45986111111112,42
xlstm,carbon,LUX,Europe,True,holdout,last12,8,2025-08-01,90.91,130.3296566462517,,,,0.8,58.45986111111112,42
xlstm,carbon,LUX,Europe,True,holdout,last12,9,2025-09-01,100.0,125.98696525990964,,,,0.8,58.45986111111112,42
xlstm,carbon,LUX,Europe,True,holdout,last12,10,2025-10-01,0.0,121.5569142061472,,,,0.8,58.45986111111112,42
xlstm,carbon,LUX,Europe,True,holdout,last12,11,2025-11-01,100.0,117.23979295670986,,,,0.8,58.45986111111112,42
xlstm,carbon,LUX,Europe,True,holdout,last12,12,2025-12-01,83.33,119.11598933458329,,,,0.8,58.45986111111112,42
xlstm,carbon,LUX,Europe,True,rolling,2022-12-01,1,2023-01-01,100.0,177.04399208128453,,,,0.8,56.19208333333333,42
xlstm,carbon,LUX,Europe,True,rolling,2022-12-01,2,2023-02-01,100.0,177.17911445975304,,,,0.8,56.19208333333333,42
xlstm,carbon,LUX,Europe,True,rolling,2022-12-01,3,2023-03-01,83.33,177.26774568021298,,,,0.8,56.19208333333333,42
xlstm,carbon,LUX,Europe,True,rolling,2022-12-01,4,2023-04-01,90.91,177.37159580111503,,,,0.8,56.19208333333333,42
xlstm,carbon,LUX,Europe,True,rolling,2022-12-01,5,2023-05-01,90.91,177.3574299055338,,,,0.8,56.19208333333333,42
xlstm,carbon,LUX,Europe,True,rolling,2022-12-01,6,2023-06-01,125.0,177.3727680140734,,,,0.8,56.19208333333333,42
xlstm,carbon,LUX,Europe,True,rolling,2022-12-01,7,2023-07-01,125.0,177.37590716063977,,,,0.8,56.19208333333333,42
xlstm,carbon,LUX,Europe,True,rolling,2022-12-01,8,2023-08-01,111.11,177.3640856909752,,,,0.8,56.19208333333333,42
xlstm,carbon,LUX,Europe,True,rolling,2022-12-01,9,2023-09-01,142.86,177.35468811929226,,,,0.8,56.19208333333333,42
xlstm,carbon,LUX,Europe,True,rolling,2022-12-01,10,2023-10-01,111.11,177.29343502521516,,,,0.8,56.19208333333333,42
xlstm,carbon,LUX,Europe,True,rolling,2022-12-01,11,2023-11-01,0.0,177.28928260982036,,,,0.8,56.19208333333333,42
xlstm,carbon,LUX,Europe,True,rolling,2022-12-01,12,2023-12-01,0.0,177.22457248091698,,,,0.8,56.19208333333333,42
xlstm,carbon,LUX,Europe,True,rolling,2023-12-01,1,2024-01-01,90.91,153.49339929163457,,,,0.8,62.87766666666667,42
xlstm,carbon,LUX,Europe,True,rolling,2023-12-01,2,2024-02-01,90.91,153.18312048196793,,,,0.8,62.87766666666667,42
xlstm,carbon,LUX,Europe,True,rolling,2023-12-01,3,2024-03-01,100.0,153.30963007539512,,,,0.8,62.87766666666667,42
xlstm,carbon,LUX,Europe,True,rolling,2023-12-01,4,2024-04-01,83.33,153.76852164655924,,,,0.8,62.87766666666667,42
xlstm,carbon,LUX,Europe,True,rolling,2023-12-01,5,2024-05-01,90.91,154.3721616500616,,,,0.8,62.87766666666667,42
xlstm,carbon,LUX,Europe,True,rolling,2023-12-01,6,2024-06-01,100.0,155.03474012374878,,,,0.8,62.87766666666667,42
xlstm,carbon,LUX,Europe,True,rolling,2023-12-01,7,2024-07-01,90.91,155.62709509402515,,,,0.8,62.87766666666667,42
xlstm,carbon,LUX,Europe,True,rolling,2023-12-01,8,2024-08-01,166.67,156.18641948729754,,,,0.8,62.87766666666667,42
xlstm,carbon,LUX,Europe,True,rolling,2023-12-01,9,2024-09-01,166.67,156.71284244567155,,,,0.8,62.87766666666667,42
xlstm,carbon,LUX,Europe,True,rolling,2023-12-01,10,2024-10-01,166.67,157.11123590737583,,,,0.8,62.87766666666667,42
xlstm,carbon,LUX,Europe,True,rolling,2023-12-01,11,2024-11-01,100.0,157.5090432626009,,,,0.8,62.87766666666667,42
xlstm,carbon,LUX,Europe,True,rolling,2023-12-01,12,2024-12-01,100.0,158.0270322480798,,,,0.8,62.87766666666667,42
xlstm,carbon,LUX,Europe,True,rolling,2024-12-01,1,2025-01-01,166.67,111.87761405289173,,,,0.8,58.45986111111112,42
xlstm,carbon,LUX,Europe,True,rolling,2024-12-01,2,2025-02-01,125.0,114.03734689056874,,,,0.8,58.45986111111112,42
xlstm,carbon,LUX,Europe,True,rolling,2024-12-01,3,2025-03-01,142.86,116.34639780431986,,,,0.8,58.45986111111112,42
xlstm,carbon,LUX,Europe,True,rolling,2024-12-01,4,2025-04-01,83.33,118.07063365995884,,,,0.8,58.45986111111112,42
xlstm,carbon,LUX,Europe,True,rolling,2024-12-01,5,2025-05-01,76.92,121.57731865882873,,,,0.8,58.45986111111112,42
xlstm,carbon,LUX,Europe,True,rolling,2024-12-01,6,2025-06-01,83.33,124.6624142870307,,,,0.8,58.45986111111112,42
xlstm,carbon,LUX,Europe,True,rolling,2024-12-01,7,2025-07-01,90.91,127.06871914029122,,,,0.8,58.45986111111112,42
xlstm,carbon,LUX,Europe,True,rolling,2024-12-01,8,2025-08-01,90.91,130.3296566462517,,,,0.8,58.45986111111112,42
xlstm,carbon,LUX,Europe,True,rolling,2024-12-01,9,2025-09-01,100.0,125.98696525990964,,,,0.8,58.45986111111112,42
xlstm,carbon,LUX,Europe,True,rolling,2024-12-01,10,2025-10-01,0.0,121.5569142061472,,,,0.8,58.45986111111112,42
xlstm,carbon,LUX,Europe,True,rolling,2024-12-01,11,2025-11-01,100.0,117.23979295670986,,,,0.8,58.45986111111112,42
xlstm,carbon,LUX,Europe,True,rolling,2024-12-01,12,2025-12-01,83.33,119.11598933458329,,,,0.8,58.45986111111112,42
xlstm,carbon,LVA,Europe,True,holdout,last12,1,2025-01-01,163.93,170.90127185463905,,,,0.8,67.84648148148149,42
xlstm,carbon,LVA,Europe,True,holdout,last12,2,2025-02-01,250.0,125.0919356226921,,,,0.8,67.84648148148149,42
xlstm,carbon,LVA,Europe,True,holdout,last12,3,2025-03-01,145.46,100.13906935811043,,,,0.8,67.84648148148149,42
xlstm,carbon,LVA,Europe,True,holdout,last12,4,2025-04-01,95.24,97.24982881307602,,,,0.8,67.84648148148149,42
xlstm,carbon,LVA,Europe,True,holdout,last12,5,2025-05-01,75.0,101.87093764424324,,,,0.8,67.84648148148149,42
xlstm,carbon,LVA,Europe,True,holdout,last12,6,2025-06-01,41.67,118.88293549656868,,,,0.8,67.84648148148149,42
xlstm,carbon,LVA,Europe,True,holdout,last12,7,2025-07-01,104.17,141.81922999620437,,,,0.8,67.84648148148149,42
xlstm,carbon,LVA,Europe,True,holdout,last12,8,2025-08-01,113.64,152.5224067902565,,,,0.8,67.84648148148149,42
xlstm,carbon,LVA,Europe,True,holdout,last12,9,2025-09-01,121.21,162.07102504253388,,,,0.8,67.84648148148149,42
xlstm,carbon,LVA,Europe,True,holdout,last12,10,2025-10-01,181.82,159.68005621671676,,,,0.8,67.84648148148149,42
xlstm,carbon,LVA,Europe,True,holdout,last12,11,2025-11-01,212.77,169.65182908296583,,,,0.8,67.84648148148149,42
xlstm,carbon,LVA,Europe,True,holdout,last12,12,2025-12-01,137.26,153.4280173921585,,,,0.8,67.84648148148149,42
xlstm,carbon,LVA,Europe,True,rolling,2022-12-01,1,2023-01-01,123.6,224.5805538320541,,,,0.8,74.40988095238095,42
xlstm,carbon,LVA,Europe,True,rolling,2022-12-01,2,2023-02-01,169.23,232.2381416326761,,,,0.8,74.40988095238095,42
xlstm,carbon,LVA,Europe,True,rolling,2022-12-01,3,2023-03-01,109.76,235.78229549586771,,,,0.8,74.40988095238095,42
xlstm,carbon,LVA,Europe,True,rolling,2022-12-01,4,2023-04-01,31.25,236.80088696718212,,,,0.8,74.40988095238095,42
xlstm,carbon,LVA,Europe,True,rolling,2022-12-01,5,2023-05-01,58.82,236.59264560997482,,,,0.8,74.40988095238095,42
xlstm,carbon,LVA,Europe,True,rolling,2022-12-01,6,2023-06-01,157.9,235.94060269892213,,,,0.8,74.40988095238095,42
xlstm,carbon,LVA,Europe,True,rolling,2022-12-01,7,2023-07-01,76.92,235.20232210218904,,,,0.8,74.40988095238095,42
xlstm,carbon,LVA,Europe,True,rolling,2022-12-01,8,2023-08-01,173.91,234.54187044084068,,,,0.8,74.40988095238095,42
xlstm,carbon,LVA,Europe,True,rolling,2022-12-01,9,2023-09-01,222.22,234.06493303537366,,,,0.8,74.40988095238095,42
xlstm,carbon,LVA,Europe,True,rolling,2022-12-01,10,2023-10-01,185.19,233.70007390439508,,,,0.8,74.40988095238095,42
xlstm,carbon,LVA,Europe,True,rolling,2022-12-01,11,2023-11-01,191.49,233.38557128489015,,,,0.8,74.40988095238095,42
xlstm,carbon,LVA,Europe,True,rolling,2022-12-01,12,2023-12-01,157.9,233.2511848646402,,,,0.8,74.40988095238095,42
xlstm,carbon,LVA,Europe,True,rolling,2023-12-01,1,2024-01-01,225.0,122.24992895722389,,,,0.8,71.71729166666667,42
xlstm,carbon,LVA,Europe,True,rolling,2023-12-01,2,2024-02-01,186.67,119.20130200266837,,,,0.8,71.71729166666667,42
xlstm,carbon,LVA,Europe,True,rolling,2023-12-01,3,2024-03-01,97.83,104.57146106421948,,,,0.8,71.71729166666667,42
xlstm,carbon,LVA,Europe,True,rolling,2023-12-01,4,2024-04-01,62.5,101.58753436684609,,,,0.8,71.71729166666667,42
xlstm,carbon,LVA,Europe,True,rolling,2023-12-01,5,2024-05-01,41.67,128.37546224713324,,,,0.8,71.71729166666667,42
xlstm,carbon,LVA,Europe,True,rolling,2023-12-01,6,2024-06-01,45.46,147.32867097139356,,,,0.8,71.71729166666667,42
xlstm,carbon,LVA,Europe,True,rolling,2023-12-01,7,2024-07-01,137.93,153.47433706760407,,,,0.8,71.71729166666667,42
xlstm,carbon,LVA,Europe,True,rolling,2023-12-01,8,2024-08-01,161.29,175.89562991261482,,,,0.8,71.71729166666667,42
xlstm,carbon,LVA,Europe,True,rolling,2023-12-01,9,2024-09-01,200.0,184.86821830630302,,,,0.8,71.71729166666667,42
xlstm,carbon,LVA,Europe,True,rolling,2023-12-01,10,2024-10-01,142.86,180.11449908852575,,,,0.8,71.71729166666667,42
xlstm,carbon,LVA,Europe,True,rolling,2023-12-01,11,2024-11-01,200.0,171.0341666603088,,,,0.8,71.71729166666667,42
xlstm,carbon,LVA,Europe,True,rolling,2023-12-01,12,2024-12-01,162.16,144.85186853647232,,,,0.8,71.71729166666667,42
xlstm,carbon,LVA,Europe,True,rolling,2024-12-01,1,2025-01-01,163.93,170.90127185463905,,,,0.8,67.84648148148149,42
xlstm,carbon,LVA,Europe,True,rolling,2024-12-01,2,2025-02-01,250.0,125.0919356226921,,,,0.8,67.84648148148149,42
xlstm,carbon,LVA,Europe,True,rolling,2024-12-01,3,2025-03-01,145.46,100.13906935811043,,,,0.8,67.84648148148149,42
xlstm,carbon,LVA,Europe,True,rolling,2024-12-01,4,2025-04-01,95.24,97.24982881307602,,,,0.8,67.84648148148149,42
xlstm,carbon,LVA,Europe,True,rolling,2024-12-01,5,2025-05-01,75.0,101.87093764424324,,,,0.8,67.84648148148149,42
xlstm,carbon,LVA,Europe,True,rolling,2024-12-01,6,2025-06-01,41.67,118.88293549656868,,,,0.8,67.84648148148149,42
xlstm,carbon,LVA,Europe,True,rolling,2024-12-01,7,2025-07-01,104.17,141.81922999620437,,,,0.8,67.84648148148149,42
xlstm,carbon,LVA,Europe,True,rolling,2024-12-01,8,2025-08-01,113.64,152.5224067902565,,,,0.8,67.84648148148149,42
xlstm,carbon,LVA,Europe,True,rolling,2024-12-01,9,2025-09-01,121.21,162.07102504253388,,,,0.8,67.84648148148149,42
xlstm,carbon,LVA,Europe,True,rolling,2024-12-01,10,2025-10-01,181.82,159.68005621671676,,,,0.8,67.84648148148149,42
xlstm,carbon,LVA,Europe,True,rolling,2024-12-01,11,2025-11-01,212.77,169.65182908296583,,,,0.8,67.84648148148149,42
xlstm,carbon,LVA,Europe,True,rolling,2024-12-01,12,2025-12-01,137.26,153.4280173921585,,,,0.8,67.84648148148149,42
xlstm,carbon,MDA,Europe,False,holdout,last12,1,2023-09-01,720.93,712.8835003232956,,,,0.8,14.626562500000013,42
xlstm,carbon,MDA,Europe,False,holdout,last12,2,2023-10-01,708.33,712.8924919176102,,,,0.8,14.626562500000013,42
xlstm,carbon,MDA,Europe,False,holdout,last12,3,2023-11-01,702.13,712.9033686971665,,,,0.8,14.626562500000013,42
xlstm,carbon,MDA,Europe,False,holdout,last12,4,2023-12-01,702.13,712.9349409294128,,,,0.8,14.626562500000013,42
xlstm,carbon,MDA,Europe,False,holdout,last12,5,2024-01-01,717.39,712.9438077688217,,,,0.8,14.626562500000013,42
xlstm,carbon,MDA,Europe,False,holdout,last12,6,2024-02-01,711.11,712.946695613861,,,,0.8,14.626562500000013,42
xlstm,carbon,MDA,Europe,False,holdout,last12,7,2024-03-01,714.29,712.9550726747512,,,,0.8,14.626562500000013,42
xlstm,carbon,MDA,Europe,False,holdout,last12,8,2024-04-01,704.55,712.9623731470108,,,,0.8,14.626562500000013,42
xlstm,carbon,MDA,Europe,False,holdout,last12,9,2024-05-01,697.67,712.9777457237243,,,,0.8,14.626562500000013,42
xlstm,carbon,MDA,Europe,False,holdout,last12,10,2024-06-01,720.93,712.9873795747757,,,,0.8,14.626562500000013,42
xlstm,carbon,MDA,Europe,False,holdout,last12,11,2024-07-01,714.29,712.9949757623672,,,,0.8,14.626562500000013,42
xlstm,carbon,MDA,Europe,False,holdout,last12,12,2024-08-01,702.13,712.9993514251709,,,,0.8,14.626562500000013,42
xlstm,carbon,MDA,Europe,False,rolling,2022-12-01,1,2023-01-01,733.33,714.0708944129943,,,,0.8,15.044166666666683,42
xlstm,carbon,MDA,Europe,False,rolling,2022-12-01,2,2023-02-01,717.95,714.0752238702773,,,,0.8,15.044166666666683,42
xlstm,carbon,MDA,Europe,False,rolling,2022-12-01,3,2023-03-01,717.39,714.0839151287079,,,,0.8,15.044166666666683,42
xlstm,carbon,MDA,Europe,False,rolling,2022-12-01,4,2023-04-01,690.48,714.0938585567474,,,,0.8,15.044166666666683,42
xlstm,carbon,MDA,Europe,False,rolling,2022-12-01,5,2023-05-01,697.67,714.105049533844,,,,0.8,15.044166666666683,42
xlstm,carbon,MDA,Europe,False,rolling,2022-12-01,6,2023-06-01,697.67,714.1148312425613,,,,0.8,15.044166666666683,42
xlstm,carbon,MDA,Europe,False,rolling,2022-12-01,7,2023-07-01,702.13,714.120824098587,,,,0.8,15.044166666666683,42
xlstm,carbon,MDA,Europe,False,rolling,2022-12-01,8,2023-08-01,717.39,714.125084247589,,,,0.8,15.044166666666683,42
xlstm,carbon,MDA,Europe,False,rolling,2022-12-01,9,2023-09-01,720.93,714.1280229187012,,,,0.8,15.044166666666683,42
xlstm,carbon,MDA,Europe,False,rolling,2022-12-01,10,2023-10-01,708.33,714.1297510051727,,,,0.8,15.044166666666683,42
xlstm,carbon,MDA,Europe,False,rolling,2022-12-01,11,2023-11-01,702.13,714.1303701591492,,,,0.8,15.044166666666683,42
xlstm,carbon,MDA,Europe,False,rolling,2022-12-01,12,2023-12-01,702.13,714.1348798179627,,,,0.8,15.044166666666683,42
xlstm,carbon,MKD,Europe,False,holdout,last12,1,2024-03-01,555.56,630.8395377540588,,,,0.8,118.73324324324322,42
xlstm,carbon,MKD,Europe,False,holdout,last12,2,2024-04-01,617.02,631.4305774664879,,,,0.8,118.73324324324322,42
xlstm,carbon,MKD,Europe,False,holdout,last12,3,2024-05-01,565.22,631.8653265213966,,,,0.8,118.73324324324322,42
xlstm,carbon,MKD,Europe,False,holdout,last12,4,2024-06-01,600.0,632.1658331179618,,,,0.8,118.73324324324322,42
xlstm,carbon,MKD,Europe,False,holdout,last12,5,2024-07-01,456.14,632.3110848784446,,,,0.8,118.73324324324322,42
xlstm,carbon,MKD,Europe,False,holdout,last12,6,2024-08-01,517.86,632.1853953456879,,,,0.8,118.73324324324322,42
xlstm,carbon,MKD,Europe,False,holdout,last12,7,2024-09-01,530.61,632.0780842447281,,,,0.8,118.73324324324322,42
xlstm,carbon,MKD,Europe,False,holdout,last12,8,2024-10-01,595.24,631.9799475622177,,,,0.8,118.73324324324322,42
xlstm,carbon,MKD,Europe,False,holdout,last12,9,2024-11-01,639.34,631.8452907752991,,,,0.8,118.73324324324322,42
xlstm,carbon,MKD,Europe,False,holdout,last12,10,2024-12-01,571.43,631.7312912273406,,,,0.8,118.73324324324322,42
xlstm,carbon,MKD,Europe,False,holdout,last12,11,2025-01-01,515.15,631.6309645223618,,,,0.8,118.73324324324322,42
xlstm,carbon,MKD,Europe,False,holdout,last12,12,2025-02-01,608.7,631.5106316661835,,,,0.8,118.73324324324322,42
xlstm,carbon,MKD,Europe,False,rolling,2022-12-01,1,2023-01-01,604.94,643.4167480063438,,,,0.8,125.03083333333333,42
xlstm,carbon,MKD,Europe,False,rolling,2022-12-01,2,2023-02-01,610.39,643.0036032271385,,,,0.8,125.03083333333333,42
xlstm,carbon,MKD,Europe,False,rolling,2022-12-01,3,2023-03-01,565.79,642.9038980150223,,,,0.8,125.03083333333333,42
xlstm,carbon,MKD,Europe,False,rolling,2022-12-01,4,2023-04-01,558.82,642.8165930652618,,,,0.8,125.03083333333333,42
xlstm,carbon,MKD,Europe,False,rolling,2022-12-01,5,2023-05-01,600.0,642.7738284373283,,,,0.8,125.03083333333333,42
xlstm,carbon,MKD,Europe,False,rolling,2022-12-01,6,2023-06-01,614.04,642.8635305738449,,,,0.8,125.03083333333333,42
xlstm,carbon,MKD,Europe,False,rolling,2022-12-01,7,2023-07-01,491.53,643.0983660912514,,,,0.8,125.03083333333333,42
xlstm,carbon,MKD,Europe,False,rolling,2022-12-01,8,2023-08-01,550.0,643.2932189011574,,,,0.8,125.03083333333333,42
xlstm,carbon,MKD,Europe,False,rolling,2022-12-01,9,2023-09-01,584.91,643.4033711123466,,,,0.8,125.03083333333333,42
xlstm,carbon,MKD,Europe,False,rolling,2022-12-01,10,2023-10-01,566.67,643.4392105340958,,,,0.8,125.03083333333333,42
xlstm,carbon,MKD,Europe,False,rolling,2022-12-01,11,2023-11-01,578.13,643.6440960144996,,,,0.8,125.03083333333333,42
xlstm,carbon,MKD,Europe,False,rolling,2022-12-01,12,2023-12-01,578.13,643.6276412510872,,,,0.8,125.03083333333333,42
xlstm,carbon,MKD,Europe,False,rolling,2023-12-01,1,2024-01-01,545.46,635.3099063205718,,,,0.8,120.35458333333332,42
xlstm,carbon,MKD,Europe,False,rolling,2023-12-01,2,2024-02-01,671.64,641.8221157002449,,,,0.8,120.35458333333332,42
xlstm,carbon,MKD,Europe,False,rolling,2023-12-01,3,2024-03-01,555.56,649.9982686376571,,,,0.8,120.35458333333332,42
xlstm,carbon,MKD,Europe,False,rolling,2023-12-01,4,2024-04-01,617.02,657.3398158502579,,,,0.8,120.35458333333332,42
xlstm,carbon,MKD,Europe,False,rolling,2023-12-01,5,2024-05-01,565.22,663.5382009291649,,,,0.8,120.35458333333332,42
xlstm,carbon,MKD,Europe,False,rolling,2023-12-01,6,2024-06-01,600.0,668.6613145709038,,,,0.8,120.35458333333332,42
xlstm,carbon,MKD,Europe,False,rolling,2023-12-01,7,2024-07-01,456.14,671.4758189868927,,,,0.8,120.35458333333332,42
xlstm,carbon,MKD,Europe,False,rolling,2023-12-01,8,2024-08-01,517.86,669.2259852290154,,,,0.8,120.35458333333332,42
xlstm,carbon,MKD,Europe,False,rolling,2023-12-01,9,2024-09-01,530.61,666.6724486255646,,,,0.8,120.35458333333332,42
xlstm,carbon,MKD,Europe,False,rolling,2023-12-01,10,2024-10-01,595.24,663.1981259536743,,,,0.8,120.35458333333332,42
xlstm,carbon,MKD,Europe,False,rolling,2023-12-01,11,2024-11-01,639.34,657.9044865083694,,,,0.8,120.35458333333332,42
xlstm,carbon,MKD,Europe,False,rolling,2023-12-01,12,2024-12-01,571.43,652.293382589817,,,,0.8,120.35458333333332,42
xlstm,carbon,MLT,Europe,True,holdout,last12,1,2025-01-01,538.46,504.4989982065558,,,,0.8,33.61149999999999,42
xlstm,carbon,MLT,Europe,True,holdout,last12,2,2025-02-01,520.0,504.70201579660176,,,,0.8,33.61149999999999,42
xlstm,carbon,MLT,Europe,True,holdout,last12,3,2025-03-01,480.0,504.58484455317256,,,,0.8,33.61149999999999,42
xlstm,carbon,MLT,Europe,True,holdout,last12,4,2025-04-01,480.0,504.74512997537846,,,,0.8,33.61149999999999,42
xlstm,carbon,MLT,Europe,True,holdout,last12,5,2025-05-01,481.48,505.2640759158134,,,,0.8,33.61149999999999,42
xlstm,carbon,MLT,Europe,True,holdout,last12,6,2025-06-01,466.67,505.5427263656258,,,,0.8,33.61149999999999,42
xlstm,carbon,MLT,Europe,True,holdout,last12,7,2025-07-01,500.0,505.8304973265528,,,,0.8,33.61149999999999,42
xlstm,carbon,MLT,Europe,True,holdout,last12,8,2025-08-01,500.0,505.8836180695891,,,,0.8,33.61149999999999,42
xlstm,carbon,MLT,Europe,True,holdout,last12,9,2025-09-01,500.0,505.5081809043884,,,,0.8,33.61149999999999,42
xlstm,carbon,MLT,Europe,True,holdout,last12,10,2025-10-01,518.52,505.8816867920756,,,,0.8,33.61149999999999,42
xlstm,carbon,MLT,Europe,True,holdout,last12,11,2025-11-01,538.46,505.6466917032003,,,,0.8,33.61149999999999,42
xlstm,carbon,MLT,Europe,True,holdout,last12,12,2025-12-01,538.46,505.4046559405326,,,,0.8,33.61149999999999,42
xlstm,carbon,MLT,Europe,True,rolling,2022-12-01,1,2023-01-01,551.72,597.780383799076,,,,0.8,24.878055555555544,42
xlstm,carbon,MLT,Europe,True,rolling,2022-12-01,2,2023-02-01,535.71,597.7739758229255,,,,0.8,24.878055555555544,42
xlstm,carbon,MLT,Europe,True,rolling,2022-12-01,3,2023-03-01,517.24,597.7958854472637,,,,0.8,24.878055555555544,42
xlstm,carbon,MLT,Europe,True,rolling,2022-12-01,4,2023-04-01,482.76,597.8319680070878,,,,0.8,24.878055555555544,42
xlstm,carbon,MLT,Europe,True,rolling,2022-12-01,5,2023-05-01,517.24,597.9971053218842,,,,0.8,24.878055555555544,42
xlstm,carbon,MLT,Europe,True,rolling,2022-12-01,6,2023-06-01,500.0,598.015198431015,,,,0.8,24.878055555555544,42
xlstm,carbon,MLT,Europe,True,rolling,2022-12-01,7,2023-07-01,515.15,598.005077598095,,,,0.8,24.878055555555544,42
xlstm,carbon,MLT,Europe,True,rolling,2022-12-01,8,2023-08-01,515.15,597.9795210814476,,,,0.8,24.878055555555544,42
xlstm,carbon,MLT,Europe,True,rolling,2022-12-01,9,2023-09-01,516.13,598.0536651349067,,,,0.8,24.878055555555544,42
xlstm,carbon,MLT,Europe,True,rolling,2022-12-01,10,2023-10-01,535.71,598.0434594905377,,,,0.8,24.878055555555544,42
xlstm,carbon,MLT,Europe,True,rolling,2022-12-01,11,2023-11-01,520.0,598.1565319991112,,,,0.8,24.878055555555544,42
xlstm,carbon,MLT,Europe,True,rolling,2022-12-01,12,2023-12-01,541.67,598.1138247227669,,,,0.8,24.878055555555544,42
xlstm,carbon,MLT,Europe,True,rolling,2023-12-01,1,2024-01-01,518.52,498.06868925750257,,,,0.8,37.187708333333326,42
xlstm,carbon,MLT,Europe,True,rolling,2023-12-01,2,2024-02-01,538.46,497.14167773857713,,,,0.8,37.187708333333326,42
xlstm,carbon,MLT,Europe,True,rolling,2023-12-01,3,2024-03-01,500.0,496.6512979401648,,,,0.8,37.187708333333326,42
xlstm,carbon,MLT,Europe,True,rolling,2023-12-01,4,2024-04-01,458.33,496.54663590028883,,,,0.8,37.187708333333326,42
xlstm,carbon,MLT,Europe,True,rolling,2023-12-01,5,2024-05-01,481.48,497.16167910531163,,,,0.8,37.187708333333326,42
xlstm,carbon,MLT,Europe,True,rolling,2023-12-01,6,2024-06-01,482.76,496.9261906935275,,,,0.8,37.187708333333326,42
xlstm,carbon,MLT,Europe,True,rolling,2023-12-01,7,2024-07-01,500.0,497.0765284104645,,,,0.8,37.187708333333326,42
xlstm,carbon,MLT,Europe,True,rolling,2023-12-01,8,2024-08-01,529.41,496.78737084254624,,,,0.8,37.187708333333326,42
xlstm,carbon,MLT,Europe,True,rolling,2023-12-01,9,2024-09-01,481.48,496.44437685146926,,,,0.8,37.187708333333326,42
xlstm,carbon,MLT,Europe,True,rolling,2023-12-01,10,2024-10-01,518.52,496.01568795874715,,,,0.8,37.187708333333326,42
xlstm,carbon,MLT,Europe,True,rolling,2023-12-01,11,2024-11-01,518.52,495.1369164852798,,,,0.8,37.187708333333326,42
xlstm,carbon,MLT,Europe,True,rolling,2023-12-01,12,2024-12-01,560.0,494.6303164972365,,,,0.8,37.187708333333326,42
xlstm,carbon,MLT,Europe,True,rolling,2024-12-01,1,2025-01-01,538.46,504.4989982065558,,,,0.8,33.61149999999999,42
xlstm,carbon,MLT,Europe,True,rolling,2024-12-01,2,2025-02-01,520.0,504.70201579660176,,,,0.8,33.61149999999999,42
xlstm,carbon,MLT,Europe,True,rolling,2024-12-01,3,2025-03-01,480.0,504.58484455317256,,,,0.8,33.61149999999999,42
xlstm,carbon,MLT,Europe,True,rolling,2024-12-01,4,2025-04-01,480.0,504.74512997537846,,,,0.8,33.61149999999999,42
xlstm,carbon,MLT,Europe,True,rolling,2024-12-01,5,2025-05-01,481.48,505.2640759158134,,,,0.8,33.61149999999999,42
xlstm,carbon,MLT,Europe,True,rolling,2024-12-01,6,2025-06-01,466.67,505.5427263656258,,,,0.8,33.61149999999999,42
xlstm,carbon,MLT,Europe,True,rolling,2024-12-01,7,2025-07-01,500.0,505.8304973265528,,,,0.8,33.61149999999999,42
xlstm,carbon,MLT,Europe,True,rolling,2024-12-01,8,2025-08-01,500.0,505.8836180695891,,,,0.8,33.61149999999999,42
xlstm,carbon,MLT,Europe,True,rolling,2024-12-01,9,2025-09-01,500.0,505.5081809043884,,,,0.8,33.61149999999999,42
xlstm,carbon,MLT,Europe,True,rolling,2024-12-01,10,2025-10-01,518.52,505.8816867920756,,,,0.8,33.61149999999999,42
xlstm,carbon,MLT,Europe,True,rolling,2024-12-01,11,2025-11-01,538.46,505.6466917032003,,,,0.8,33.61149999999999,42
xlstm,carbon,MLT,Europe,True,rolling,2024-12-01,12,2025-12-01,538.46,505.4046559405326,,,,0.8,33.61149999999999,42
xlstm,carbon,NLD,Europe,True,holdout,last12,1,2025-01-01,351.2,245.2531935596466,,,,0.8,45.02601851851852,42
xlstm,carbon,NLD,Europe,True,holdout,last12,2,2025-02-01,341.26,245.8321449279785,,,,0.8,45.02601851851852,42
xlstm,carbon,NLD,Europe,True,holdout,last12,3,2025-03-01,306.33,247.19496955871583,,,,0.8,45.02601851851852,42
xlstm,carbon,NLD,Europe,True,holdout,last12,4,2025-04-01,249.53,248.3191130542755,,,,0.8,45.02601851851852,42
xlstm,carbon,NLD,Europe,True,holdout,last12,5,2025-05-01,156.28,251.59289381980895,,,,0.8,45.02601851851852,42
xlstm,carbon,NLD,Europe,True,holdout,last12,6,2025-06-01,159.59,253.64013864517213,,,,0.8,45.02601851851852,42
xlstm,carbon,NLD,Europe,True,holdout,last12,7,2025-07-01,225.5,256.6837574863434,,,,0.8,45.02601851851852,42
xlstm,carbon,NLD,Europe,True,holdout,last12,8,2025-08-01,237.61,259.6544336986542,,,,0.8,45.02601851851852,42
xlstm,carbon,NLD,Europe,True,holdout,last12,9,2025-09-01,203.88,261.37910059928896,,,,0.8,45.02601851851852,42
xlstm,carbon,NLD,Europe,True,holdout,last12,10,2025-10-01,253.65,262.1206455898285,,,,0.8,45.02601851851852,42
xlstm,carbon,NLD,Europe,True,holdout,last12,11,2025-11-01,292.58,259.6034928035736,,,,0.8,45.02601851851852,42
xlstm,carbon,NLD,Europe,True,holdout,last12,12,2025-12-01,269.98,255.11769238471985,,,,0.8,45.02601851851852,42
xlstm,carbon,NLD,Europe,True,rolling,2022-12-01,1,2023-01-01,320.35,335.39343452453613,,,,0.8,40.212142857142865,42
xlstm,carbon,NLD,Europe,True,rolling,2022-12-01,2,2023-02-01,356.5,334.89348480045794,,,,0.8,40.212142857142865,42
xlstm,carbon,NLD,Europe,True,rolling,2022-12-01,3,2023-03-01,306.36,336.5219710707665,,,,0.8,40.212142857142865,42
xlstm,carbon,NLD,Europe,True,rolling,2022-12-01,4,2023-04-01,298.78,336.32366105318073,,,,0.8,40.212142857142865,42
xlstm,carbon,NLD,Europe,True,rolling,2022-12-01,5,2023-05-01,226.91,337.35408498942854,,,,0.8,40.212142857142865,42
xlstm,carbon,NLD,Europe,True,rolling,2022-12-01,6,2023-06-01,213.75,339.4021698325873,,,,0.8,40.212142857142865,42
xlstm,carbon,NLD,Europe,True,rolling,2022-12-01,7,2023-07-01,198.81,340.0114036309719,,,,0.8,40.212142857142865,42
xlstm,carbon,NLD,Europe,True,rolling,2022-12-01,8,2023-08-01,256.26,340.25498935103417,,,,0.8,40.212142857142865,42
xlstm,carbon,NLD,Europe,True,rolling,2022-12-01,9,2023-09-01,272.54,340.21177810668945,,,,0.8,40.212142857142865,42
xlstm,carbon,NLD,Europe,True,rolling,2022-12-01,10,2023-10-01,249.47,339.1318325996399,,,,0.8,40.212142857142865,42
xlstm,carbon,NLD,Europe,True,rolling,2022-12-01,11,2023-11-01,258.03,339.4171346116066,,,,0.8,40.212142857142865,42
xlstm,carbon,NLD,Europe,True,rolling,2022-12-01,12,2023-12-01,263.51,340.30927544713023,,,,0.8,40.212142857142865,42
xlstm,carbon,NLD,Europe,True,rolling,2023-12-01,1,2024-01-01,288.51,273.1028549127281,,,,0.8,44.44145833333334,42
xlstm,carbon,NLD,Europe,True,rolling,2023-12-01,2,2024-02-01,260.36,270.46583859577777,,,,0.8,44.44145833333334,42
xlstm,carbon,NLD,Europe,True,rolling,2023-12-01,3,2024-03-01,256.29,267.35594341948627,,,,0.8,44.44145833333334,42
xlstm,carbon,NLD,Europe,True,rolling,2023-12-01,4,2024-04-01,190.29,266.41954525440934,,,,0.8,44.44145833333334,42
xlstm,carbon,NLD,Europe,True,rolling,2023-12-01,5,2024-05-01,214.67,266.0040550772846,,,,0.8,44.44145833333334,42
xlstm,carbon,NLD,Europe,True,rolling,2023-12-01,6,2024-06-01,187.96,267.69237782076004,,,,0.8,44.44145833333334,42
xlstm,carbon,NLD,Europe,True,rolling,2023-12-01,7,2024-07-01,188.81,269.70877627149224,,,,0.8,44.44145833333334,42
xlstm,carbon,NLD,Europe,True,rolling,2023-12-01,8,2024-08-01,214.84,272.1147517347336,,,,0.8,44.44145833333334,42
xlstm,carbon,NLD,Europe,True,rolling,2023-12-01,9,2024-09-01,233.37,272.6369517414272,,,,0.8,44.44145833333334,42
xlstm,carbon,NLD,Europe,True,rolling,2023-12-01,10,2024-10-01,298.98,272.6914348979294,,,,0.8,44.44145833333334,42
xlstm,carbon,NLD,Europe,True,rolling,2023-12-01,11,2024-11-01,349.18,273.54800692856315,,,,0.8,44.44145833333334,42
xlstm,carbon,NLD,Europe,True,rolling,2023-12-01,12,2024-12-01,304.12,274.1187091974914,,,,0.8,44.44145833333334,42
xlstm,carbon,NLD,Europe,True,rolling,2024-12-01,1,2025-01-01,351.2,245.2531935596466,,,,0.8,45.02601851851852,42
xlstm,carbon,NLD,Europe,True,rolling,2024-12-01,2,2025-02-01,341.26,245.8321449279785,,,,0.8,45.02601851851852,42
xlstm,carbon,NLD,Europe,True,rolling,2024-12-01,3,2025-03-01,306.33,247.19496955871583,,,,0.8,45.02601851851852,42
xlstm,carbon,NLD,Europe,True,rolling,2024-12-01,4,2025-04-01,249.53,248.3191130542755,,,,0.8,45.02601851851852,42
xlstm,carbon,NLD,Europe,True,rolling,2024-12-01,5,2025-05-01,156.28,251.59289381980895,,,,0.8,45.02601851851852,42
xlstm,carbon,NLD,Europe,True,rolling,2024-12-01,6,2025-06-01,159.59,253.64013864517213,,,,0.8,45.02601851851852,42
xlstm,carbon,NLD,Europe,True,rolling,2024-12-01,7,2025-07-01,225.5,256.6837574863434,,,,0.8,45.02601851851852,42
xlstm,carbon,NLD,Europe,True,rolling,2024-12-01,8,2025-08-01,237.61,259.6544336986542,,,,0.8,45.02601851851852,42
xlstm,carbon,NLD,Europe,True,rolling,2024-12-01,9,2025-09-01,203.88,261.37910059928896,,,,0.8,45.02601851851852,42
xlstm,carbon,NLD,Europe,True,rolling,2024-12-01,10,2025-10-01,253.65,262.1206455898285,,,,0.8,45.02601851851852,42
xlstm,carbon,NLD,Europe,True,rolling,2024-12-01,11,2025-11-01,292.58,259.6034928035736,,,,0.8,45.02601851851852,42
xlstm,carbon,NLD,Europe,True,rolling,2024-12-01,12,2025-12-01,269.98,255.11769238471985,,,,0.8,45.02601851851852,42
xlstm,carbon,NOR,Europe,False,holdout,last12,1,2025-01-01,26.71,27.62368421107531,,,,0.8,3.146111111111111,42
xlstm,carbon,NOR,Europe,False,holdout,last12,2,2025-02-01,26.64,27.689448542892936,,,,0.8,3.146111111111111,42
xlstm,carbon,NOR,Europe,False,holdout,last12,3,2025-03-01,27.16,27.911143342554574,,,,0.8,3.146111111111111,42
xlstm,carbon,NOR,Europe,False,holdout,last12,4,2025-04-01,27.03,28.122563530206683,,,,0.8,3.146111111111111,42
xlstm,carbon,NOR,Europe,False,holdout,last12,5,2025-05-01,24.15,28.26353836268187,,,,0.8,3.146111111111111,42
xlstm,carbon,NOR,Europe,False,holdout,last12,6,2025-06-01,25.94,28.323168168663983,,,,0.8,3.146111111111111,42
xlstm,carbon,NOR,Europe,False,holdout,last12,7,2025-07-01,26.22,28.344947634339338,,,,0.8,3.146111111111111,42
xlstm,carbon,NOR,Europe,False,holdout,last12,8,2025-08-01,26.78,28.327787786424164,,,,0.8,3.146111111111111,42
xlstm,carbon,NOR,Europe,False,holdout,last12,9,2025-09-01,28.34,28.313619775474077,,,,0.8,3.146111111111111,42
xlstm,carbon,NOR,Europe,False,holdout,last12,10,2025-10-01,26.58,28.30335687667132,,,,0.8,3.146111111111111,42
xlstm,carbon,NOR,Europe,False,holdout,last12,11,2025-11-01,27.05,28.30379523456097,,,,0.8,3.146111111111111,42
xlstm,carbon,NOR,Europe,False,holdout,last12,12,2025-12-01,27.29,28.31657292336226,,,,0.8,3.146111111111111,42
xlstm,carbon,NOR,Europe,False,rolling,2022-12-01,1,2023-01-01,27.6,27.46203024446965,,,,0.8,3.5854761904761907,42
xlstm,carbon,NOR,Europe,False,rolling,2022-12-01,2,2023-02-01,26.77,27.524345924258235,,,,0.8,3.5854761904761907,42
xlstm,carbon,NOR,Europe,False,rolling,2022-12-01,3,2023-03-01,27.76,27.54878712743521,,,,0.8,3.5854761904761907,42
xlstm,carbon,NOR,Europe,False,rolling,2022-12-01,4,2023-04-01,29.54,27.56976157635451,,,,0.8,3.5854761904761907,42
xlstm,carbon,NOR,Europe,False,rolling,2022-12-01,5,2023-05-01,25.81,27.558556651771074,,,,0.8,3.5854761904761907,42
xlstm,carbon,NOR,Europe,False,rolling,2022-12-01,6,2023-06-01,25.48,27.570547780990605,,,,0.8,3.5854761904761907,42
xlstm,carbon,NOR,Europe,False,rolling,2022-12-01,7,2023-07-01,28.44,27.500086098313336,,,,0.8,3.5854761904761907,42
xlstm,carbon,NOR,Europe,False,rolling,2022-12-01,8,2023-08-01,30.83,27.3822274568677,,,,0.8,3.5854761904761907,42
xlstm,carbon,NOR,Europe,False,rolling,2022-12-01,9,2023-09-01,28.91,27.262416259348395,,,,0.8,3.5854761904761907,42
xlstm,carbon,NOR,Europe,False,rolling,2022-12-01,10,2023-10-01,29.07,27.155559513568882,,,,0.8,3.5854761904761907,42
xlstm,carbon,NOR,Europe,False,rolling,2022-12-01,11,2023-11-01,28.02,27.100939055681234,,,,0.8,3.5854761904761907,42
xlstm,carbon,NOR,Europe,False,rolling,2022-12-01,12,2023-12-01,28.53,27.065409172624353,,,,0.8,3.5854761904761907,42
xlstm,carbon,NOR,Europe,False,rolling,2023-12-01,1,2024-01-01,27.76,27.85821100622416,,,,0.8,3.3395833333333336,42
xlstm,carbon,NOR,Europe,False,rolling,2023-12-01,2,2024-02-01,27.42,27.819442421495918,,,,0.8,3.3395833333333336,42
xlstm,carbon,NOR,Europe,False,rolling,2023-12-01,3,2024-03-01,28.27,27.77192691087723,,,,0.8,3.3395833333333336,42
xlstm,carbon,NOR,Europe,False,rolling,2023-12-01,4,2024-04-01,28.74,27.7152889418602,,,,0.8,3.3395833333333336,42
xlstm,carbon,NOR,Europe,False,rolling,2023-12-01,5,2024-05-01,30.41,27.652237104773526,,,,0.8,3.3395833333333336,42
xlstm,carbon,NOR,Europe,False,rolling,2023-12-01,6,2024-06-01,28.88,27.639757215380673,,,,0.8,3.3395833333333336,42
xlstm,carbon,NOR,Europe,False,rolling,2023-12-01,7,2024-07-01,30.58,27.637550163269047,,,,0.8,3.3395833333333336,42
xlstm,carbon,NOR,Europe,False,rolling,2023-12-01,8,2024-08-01,28.65,27.60388072788716,,,,0.8,3.3395833333333336,42
xlstm,carbon,NOR,Europe,False,rolling,2023-12-01,9,2024-09-01,28.24,27.549598178267484,,,,0.8,3.3395833333333336,42
xlstm,carbon,NOR,Europe,False,rolling,2023-12-01,10,2024-10-01,27.8,27.52180664300919,,,,0.8,3.3395833333333336,42
xlstm,carbon,NOR,Europe,False,rolling,2023-12-01,11,2024-11-01,27.25,27.494355500638488,,,,0.8,3.3395833333333336,42
xlstm,carbon,NOR,Europe,False,rolling,2023-12-01,12,2024-12-01,26.5,27.478271847963338,,,,0.8,3.3395833333333336,42
xlstm,carbon,NOR,Europe,False,rolling,2024-12-01,1,2025-01-01,26.71,27.62368421107531,,,,0.8,3.146111111111111,42
xlstm,carbon,NOR,Europe,False,rolling,2024-12-01,2,2025-02-01,26.64,27.689448542892936,,,,0.8,3.146111111111111,42
xlstm,carbon,NOR,Europe,False,rolling,2024-12-01,3,2025-03-01,27.16,27.911143342554574,,,,0.8,3.146111111111111,42
xlstm,carbon,NOR,Europe,False,rolling,2024-12-01,4,2025-04-01,27.03,28.122563530206683,,,,0.8,3.146111111111111,42
xlstm,carbon,NOR,Europe,False,rolling,2024-12-01,5,2025-05-01,24.15,28.26353836268187,,,,0.8,3.146111111111111,42
xlstm,carbon,NOR,Europe,False,rolling,2024-12-01,6,2025-06-01,25.94,28.323168168663983,,,,0.8,3.146111111111111,42
xlstm,carbon,NOR,Europe,False,rolling,2024-12-01,7,2025-07-01,26.22,28.344947634339338,,,,0.8,3.146111111111111,42
xlstm,carbon,NOR,Europe,False,rolling,2024-12-01,8,2025-08-01,26.78,28.327787786424164,,,,0.8,3.146111111111111,42
xlstm,carbon,NOR,Europe,False,rolling,2024-12-01,9,2025-09-01,28.34,28.313619775474077,,,,0.8,3.146111111111111,42
xlstm,carbon,NOR,Europe,False,rolling,2024-12-01,10,2025-10-01,26.58,28.30335687667132,,,,0.8,3.146111111111111,42
xlstm,carbon,NOR,Europe,False,rolling,2024-12-01,11,2025-11-01,27.05,28.30379523456097,,,,0.8,3.146111111111111,42
xlstm,carbon,NOR,Europe,False,rolling,2024-12-01,12,2025-12-01,27.29,28.31657292336226,,,,0.8,3.146111111111111,42
xlstm,carbon,POL,Europe,True,holdout,last12,1,2025-01-01,681.1,648.6218181622028,,,,0.8,37.36083333333334,42
xlstm,carbon,POL,Europe,True,holdout,last12,2,2025-02-01,746.76,647.4071600955724,,,,0.8,37.36083333333334,42
xlstm,carbon,POL,Europe,True,holdout,last12,3,2025-03-01,648.38,646.7190085573494,,,,0.8,37.36083333333334,42
xlstm,carbon,POL,Europe,True,holdout,last12,4,2025-04-01,597.92,645.3919639463722,,,,0.8,37.36083333333334,42
xlstm,carbon,POL,Europe,True,holdout,last12,5,2025-05-01,581.57,645.6768618091941,,,,0.8,37.36083333333334,42
xlstm,carbon,POL,Europe,True,holdout,last12,6,2025-06-01,535.89,646.3722308808565,,,,0.8,37.36083333333334,42
xlstm,carbon,POL,Europe,True,holdout,last12,7,2025-07-01,623.19,645.9593804998696,,,,0.8,37.36083333333334,42
xlstm,carbon,POL,Europe,True,holdout,last12,8,2025-08-01,598.8,646.2779015062749,,,,0.8,37.36083333333334,42
xlstm,carbon,POL,Europe,True,holdout,last12,9,2025-09-01,608.77,646.8258899320662,,,,0.8,37.36083333333334,42
xlstm,carbon,POL,Europe,True,holdout,last12,10,2025-10-01,617.56,649.1279523622989,,,,0.8,37.36083333333334,42
xlstm,carbon,POL,Europe,True,holdout,last12,11,2025-11-01,711.88,648.6904194039106,,,,0.8,37.36083333333334,42
xlstm,carbon,POL,Europe,True,holdout,last12,12,2025-12-01,707.98,646.1509998780489,,,,0.8,37.36083333333334,42
xlstm,carbon,POL,Europe,True,rolling,2022-12-01,1,2023-01-01,752.14,805.944419336617,,,,0.8,28.87309523809524,42
xlstm,carbon,POL,Europe,True,rolling,2022-12-01,2,2023-02-01,735.98,806.5958386301994,,,,0.8,28.87309523809524,42
xlstm,carbon,POL,Europe,True,rolling,2022-12-01,3,2023-03-01,699.12,808.8973302921653,,,,0.8,28.87309523809524,42
xlstm,carbon,POL,Europe,True,rolling,2022-12-01,4,2023-04-01,709.35,807.6448498001695,,,,0.8,28.87309523809524,42
xlstm,carbon,POL,Europe,True,rolling,2022-12-01,5,2023-05-01,680.51,808.6930502811074,,,,0.8,28.87309523809524,42
xlstm,carbon,POL,Europe,True,rolling,2022-12-01,6,2023-06-01,702.19,810.4474903467298,,,,0.8,28.87309523809524,42
xlstm,carbon,POL,Europe,True,rolling,2022-12-01,7,2023-07-01,683.44,811.5607298880815,,,,0.8,28.87309523809524,42
xlstm,carbon,POL,Europe,True,rolling,2022-12-01,8,2023-08-01,713.92,813.7891777870059,,,,0.8,28.87309523809524,42
xlstm,carbon,POL,Europe,True,rolling,2022-12-01,9,2023-09-01,735.91,812.4936013385653,,,,0.8,28.87309523809524,42
xlstm,carbon,POL,Europe,True,rolling,2022-12-01,10,2023-10-01,700.23,811.8892905715107,,,,0.8,28.87309523809524,42
xlstm,carbon,POL,Europe,True,rolling,2022-12-01,11,2023-11-01,741.53,813.6776433262229,,,,0.8,28.87309523809524,42
xlstm,carbon,POL,Europe,True,rolling,2022-12-01,12,2023-12-01,702.01,811.6129886743427,,,,0.8,28.87309523809524,42
xlstm,carbon,POL,Europe,True,rolling,2023-12-01,1,2024-01-01,689.25,685.1361627797783,,,,0.8,35.71885416666667,42
xlstm,carbon,POL,Europe,True,rolling,2023-12-01,2,2024-02-01,675.31,682.0669692116603,,,,0.8,35.71885416666667,42
xlstm,carbon,POL,Europe,True,rolling,2023-12-01,3,2024-03-01,686.22,679.9270542488993,,,,0.8,35.71885416666667,42
xlstm,carbon,POL,Europe,True,rolling,2023-12-01,4,2024-04-01,647.53,679.8959846078604,,,,0.8,35.71885416666667,42
xlstm,carbon,POL,Europe,True,rolling,2023-12-01,5,2024-05-01,636.96,679.0795060323924,,,,0.8,35.71885416666667,42
xlstm,carbon,POL,Europe,True,rolling,2023-12-01,6,2024-06-01,660.79,679.9640506558866,,,,0.8,35.71885416666667,42
xlstm,carbon,POL,Europe,True,rolling,2023-12-01,7,2024-07-01,644.78,679.4407430534437,,,,0.8,35.71885416666667,42
xlstm,carbon,POL,Europe,True,rolling,2023-12-01,8,2024-08-01,641.13,680.043088169247,,,,0.8,35.71885416666667,42
xlstm,carbon,POL,Europe,True,rolling,2023-12-01,9,2024-09-01,607.28,678.5626502986626,,,,0.8,35.71885416666667,42
xlstm,carbon,POL,Europe,True,rolling,2023-12-01,10,2024-10-01,661.9,675.670120395124,,,,0.8,35.71885416666667,42
xlstm,carbon,POL,Europe,True,rolling,2023-12-01,11,2024-11-01,702.2,674.7729043523967,,,,0.8,35.71885416666667,42
xlstm,carbon,POL,Europe,True,rolling,2023-12-01,12,2024-12-01,707.0,671.5920460902155,,,,0.8,35.71885416666667,42
xlstm,carbon,POL,Europe,True,rolling,2024-12-01,1,2025-01-01,681.1,648.6218181622028,,,,0.8,37.36083333333334,42
xlstm,carbon,POL,Europe,True,rolling,2024-12-01,2,2025-02-01,746.76,647.4071600955724,,,,0.8,37.36083333333334,42
xlstm,carbon,POL,Europe,True,rolling,2024-12-01,3,2025-03-01,648.38,646.7190085573494,,,,0.8,37.36083333333334,42
xlstm,carbon,POL,Europe,True,rolling,2024-12-01,4,2025-04-01,597.92,645.3919639463722,,,,0.8,37.36083333333334,42
xlstm,carbon,POL,Europe,True,rolling,2024-12-01,5,2025-05-01,581.57,645.6768618091941,,,,0.8,37.36083333333334,42
xlstm,carbon,POL,Europe,True,rolling,2024-12-01,6,2025-06-01,535.89,646.3722308808565,,,,0.8,37.36083333333334,42
xlstm,carbon,POL,Europe,True,rolling,2024-12-01,7,2025-07-01,623.19,645.9593804998696,,,,0.8,37.36083333333334,42
xlstm,carbon,POL,Europe,True,rolling,2024-12-01,8,2025-08-01,598.8,646.2779015062749,,,,0.8,37.36083333333334,42
xlstm,carbon,POL,Europe,True,rolling,2024-12-01,9,2025-09-01,608.77,646.8258899320662,,,,0.8,37.36083333333334,42
xlstm,carbon,POL,Europe,True,rolling,2024-12-01,10,2025-10-01,617.56,649.1279523622989,,,,0.8,37.36083333333334,42
xlstm,carbon,POL,Europe,True,rolling,2024-12-01,11,2025-11-01,711.88,648.6904194039106,,,,0.8,37.36083333333334,42
xlstm,carbon,POL,Europe,True,rolling,2024-12-01,12,2025-12-01,707.98,646.1509998780489,,,,0.8,37.36083333333334,42
xlstm,carbon,PRT,Europe,True,holdout,last12,1,2025-01-01,108.6,89.54344644799828,,,,0.8,81.61703703703704,42
xlstm,carbon,PRT,Europe,True,holdout,last12,2,2025-02-01,103.28,88.84933200463652,,,,0.8,81.61703703703704,42
xlstm,carbon,PRT,Europe,True,holdout,last12,3,2025-03-01,80.61,89.69082766830921,,,,0.8,81.61703703703704,42
xlstm,carbon,PRT,Europe,True,holdout,last12,4,2025-04-01,77.69,90.85057097747922,,,,0.8,81.61703703703704,42
xlstm,carbon,PRT,Europe,True,holdout,last12,5,2025-05-01,119.7,93.71557273522019,,,,0.8,81.61703703703704,42
xlstm,carbon,PRT,Europe,True,holdout,last12,6,2025-06-01,145.51,96.2849631895125,,,,0.8,81.61703703703704,42
xlstm,carbon,PRT,Europe,True,holdout,last12,7,2025-07-01,145.3,97.48610408946871,,,,0.8,81.61703703703704,42
xlstm,carbon,PRT,Europe,True,holdout,last12,8,2025-08-01,153.15,96.78579915866256,,,,0.8,81.61703703703704,42
xlstm,carbon,PRT,Europe,True,holdout,last12,9,2025-09-01,141.18,95.70511396422982,,,,0.8,81.61703703703704,42
xlstm,carbon,PRT,Europe,True,holdout,last12,10,2025-10-01,163.01,94.72293481498957,,,,0.8,81.61703703703704,42
xlstm,carbon,PRT,Europe,True,holdout,last12,11,2025-11-01,128.69,95.0202334921062,,,,0.8,81.61703703703704,42
xlstm,carbon,PRT,Europe,True,holdout,last12,12,2025-12-01,108.7,93.40758735820651,,,,0.8,81.61703703703704,42
xlstm,carbon,PRT,Europe,True,rolling,2022-12-01,1,2023-01-01,93.42,233.2007347869873,,,,0.8,83.82892857142858,42
xlstm,carbon,PRT,Europe,True,rolling,2022-12-01,2,2023-02-01,189.78,233.4605921137333,,,,0.8,83.82892857142858,42
xlstm,carbon,PRT,Europe,True,rolling,2022-12-01,3,2023-03-01,135.39,232.41582656383514,,,,0.8,83.82892857142858,42
xlstm,carbon,PRT,Europe,True,rolling,2022-12-01,4,2023-04-01,150.2,234.3254681098461,,,,0.8,83.82892857142858,42
xlstm,carbon,PRT,Europe,True,rolling,2022-12-01,5,2023-05-01,161.4,237.15704045772551,,,,0.8,83.82892857142858,42
xlstm,carbon,PRT,Europe,True,rolling,2022-12-01,6,2023-06-01,214.52,236.94482996344567,,,,0.8,83.82892857142858,42
xlstm,carbon,PRT,Europe,True,rolling,2022-12-01,7,2023-07-01,220.18,234.61534496426583,,,,0.8,83.82892857142858,42
xlstm,carbon,PRT,Europe,True,rolling,2022-12-01,8,2023-08-01,196.14,231.67004235863686,,,,0.8,83.82892857142858,42
xlstm,carbon,PRT,Europe,True,rolling,2022-12-01,9,2023-09-01,217.54,229.03841473340987,,,,0.8,83.82892857142858,42
xlstm,carbon,PRT,Europe,True,rolling,2022-12-01,10,2023-10-01,139.13,227.94185474991798,,,,0.8,83.82892857142858,42
xlstm,carbon,PRT,Europe,True,rolling,2022-12-01,11,2023-11-01,99.03,226.95932850718498,,,,0.8,83.82892857142858,42
xlstm,carbon,PRT,Europe,True,rolling,2022-12-01,12,2023-12-01,100.26,227.21789603114127,,,,0.8,83.82892857142858,42
xlstm,carbon,PRT,Europe,True,rolling,2023-12-01,1,2024-01-01,110.6,183.83950058221816,,,,0.8,82.50416666666666,42
xlstm,carbon,PRT,Europe,True,rolling,2023-12-01,2,2024-02-01,86.0,186.48122515663505,,,,0.8,82.50416666666666,42
xlstm,carbon,PRT,Europe,True,rolling,2023-12-01,3,2024-03-01,80.41,185.4032428281009,,,,0.8,82.50416666666666,42
xlstm,carbon,PRT,Europe,True,rolling,2023-12-01,4,2024-04-01,59.59,187.19807176217435,,,,0.8,82.50416666666666,42
xlstm,carbon,PRT,Europe,True,rolling,2023-12-01,5,2024-05-01,67.09,188.66738468036056,,,,0.8,82.50416666666666,42
xlstm,carbon,PRT,Europe,True,rolling,2023-12-01,6,2024-06-01,86.61,189.76734145104885,,,,0.8,82.50416666666666,42
xlstm,carbon,PRT,Europe,True,rolling,2023-12-01,7,2024-07-01,110.35,188.14963227823375,,,,0.8,82.50416666666666,42
xlstm,carbon,PRT,Europe,True,rolling,2023-12-01,8,2024-08-01,114.58,186.22157489225268,,,,0.8,82.50416666666666,42
xlstm,carbon,PRT,Europe,True,rolling,2023-12-01,9,2024-09-01,112.68,185.31926015660164,,,,0.8,82.50416666666666,42
xlstm,carbon,PRT,Europe,True,rolling,2023-12-01,10,2024-10-01,95.93,183.4906667084992,,,,0.8,82.50416666666666,42
xlstm,carbon,PRT,Europe,True,rolling,2023-12-01,11,2024-11-01,118.16,184.87955380812286,,,,0.8,82.50416666666666,42
xlstm,carbon,PRT,Europe,True,rolling,2023-12-01,12,2024-12-01,147.15,188.30402272567153,,,,0.8,82.50416666666666,42
xlstm,carbon,PRT,Europe,True,rolling,2024-12-01,1,2025-01-01,108.6,89.54344644799828,,,,0.8,81.61703703703704,42
xlstm,carbon,PRT,Europe,True,rolling,2024-12-01,2,2025-02-01,103.28,88.84933200463652,,,,0.8,81.61703703703704,42
xlstm,carbon,PRT,Europe,True,rolling,2024-12-01,3,2025-03-01,80.61,89.69082766830921,,,,0.8,81.61703703703704,42
xlstm,carbon,PRT,Europe,True,rolling,2024-12-01,4,2025-04-01,77.69,90.85057097747922,,,,0.8,81.61703703703704,42
xlstm,carbon,PRT,Europe,True,rolling,2024-12-01,5,2025-05-01,119.7,93.71557273522019,,,,0.8,81.61703703703704,42
xlstm,carbon,PRT,Europe,True,rolling,2024-12-01,6,2025-06-01,145.51,96.2849631895125,,,,0.8,81.61703703703704,42
xlstm,carbon,PRT,Europe,True,rolling,2024-12-01,7,2025-07-01,145.3,97.48610408946871,,,,0.8,81.61703703703704,42
xlstm,carbon,PRT,Europe,True,rolling,2024-12-01,8,2025-08-01,153.15,96.78579915866256,,,,0.8,81.61703703703704,42
xlstm,carbon,PRT,Europe,True,rolling,2024-12-01,9,2025-09-01,141.18,95.70511396422982,,,,0.8,81.61703703703704,42
xlstm,carbon,PRT,Europe,True,rolling,2024-12-01,10,2025-10-01,163.01,94.72293481498957,,,,0.8,81.61703703703704,42
xlstm,carbon,PRT,Europe,True,rolling,2024-12-01,11,2025-11-01,128.69,95.0202334921062,,,,0.8,81.61703703703704,42
xlstm,carbon,PRT,Europe,True,rolling,2024-12-01,12,2025-12-01,108.7,93.40758735820651,,,,0.8,81.61703703703704,42
xlstm,carbon,ROU,Europe,False,holdout,last12,1,2025-01-01,316.16,274.593227211237,,,,0.8,40.26805555555555,42
xlstm,carbon,ROU,Europe,False,holdout,last12,2,2025-02-01,328.5,273.6592457258701,,,,0.8,40.26805555555555,42
xlstm,carbon,ROU,Europe,False,holdout,last12,3,2025-03-01,254.59,273.34375129818915,,,,0.8,40.26805555555555,42
xlstm,carbon,ROU,Europe,False,holdout,last12,4,2025-04-01,183.25,273.17839575171473,,,,0.8,40.26805555555555,42
xlstm,carbon,ROU,Europe,False,holdout,last12,5,2025-05-01,214.29,277.31179003953935,,,,0.8,40.26805555555555,42
xlstm,carbon,ROU,Europe,False,holdout,last12,6,2025-06-01,238.58,281.4381122648716,,,,0.8,40.26805555555555,42
xlstm,carbon,ROU,Europe,False,holdout,last12,7,2025-07-01,264.78,281.5663059663773,,,,0.8,40.26805555555555,42
xlstm,carbon,ROU,Europe,False,holdout,last12,8,2025-08-01,245.74,280.48520211935045,,,,0.8,40.26805555555555,42
xlstm,carbon,ROU,Europe,False,holdout,last12,9,2025-09-01,254.55,280.0316767847538,,,,0.8,40.26805555555555,42
xlstm,carbon,ROU,Europe,False,holdout,last12,10,2025-10-01,268.62,281.8850934278965,,,,0.8,40.26805555555555,42
xlstm,carbon,ROU,Europe,False,holdout,last12,11,2025-11-01,285.71,282.7515635299683,,,,0.8,40.26805555555555,42
xlstm,carbon,ROU,Europe,False,holdout,last12,12,2025-12-01,266.95,281.0257875597477,,,,0.8,40.26805555555555,42
xlstm,carbon,ROU,Europe,False,rolling,2022-12-01,1,2023-01-01,277.17,313.3431951606274,,,,0.8,39.39785714285715,42
xlstm,carbon,ROU,Europe,False,rolling,2022-12-01,2,2023-02-01,276.89,315.5786821210384,,,,0.8,39.39785714285715,42
xlstm,carbon,ROU,Europe,False,rolling,2022-12-01,3,2023-03-01,248.99,314.292955186367,,,,0.8,39.39785714285715,42
xlstm,carbon,ROU,Europe,False,rolling,2022-12-01,4,2023-04-01,221.79,315.4617108637094,,,,0.8,39.39785714285715,42
xlstm,carbon,ROU,Europe,False,rolling,2022-12-01,5,2023-05-01,228.07,326.74541304051877,,,,0.8,39.39785714285715,42
xlstm,carbon,ROU,Europe,False,rolling,2022-12-01,6,2023-06-01,193.76,331.44251853466034,,,,0.8,39.39785714285715,42
xlstm,carbon,ROU,Europe,False,rolling,2022-12-01,7,2023-07-01,246.78,325.93138388335706,,,,0.8,39.39785714285715,42
xlstm,carbon,ROU,Europe,False,rolling,2022-12-01,8,2023-08-01,285.39,322.59293711423874,,,,0.8,39.39785714285715,42
xlstm,carbon,ROU,Europe,False,rolling,2022-12-01,9,2023-09-01,275.53,318.7863753640652,,,,0.8,39.39785714285715,42
xlstm,carbon,ROU,Europe,False,rolling,2022-12-01,10,2023-10-01,285.06,318.78586353600025,,,,0.8,39.39785714285715,42
xlstm,carbon,ROU,Europe,False,rolling,2022-12-01,11,2023-11-01,290.6,320.9794770264625,,,,0.8,39.39785714285715,42
xlstm,carbon,ROU,Europe,False,rolling,2022-12-01,12,2023-12-01,295.11,315.521787610054,,,,0.8,39.39785714285715,42
xlstm,carbon,ROU,Europe,False,rolling,2023-12-01,1,2024-01-01,275.55,296.440543000102,,,,0.8,42.648020833333334,42
xlstm,carbon,ROU,Europe,False,rolling,2023-12-01,2,2024-02-01,255.95,296.99323817193505,,,,0.8,42.648020833333334,42
xlstm,carbon,ROU,Europe,False,rolling,2023-12-01,3,2024-03-01,248.5,297.4950433343649,,,,0.8,42.648020833333334,42
xlstm,carbon,ROU,Europe,False,rolling,2023-12-01,4,2024-04-01,183.13,297.81358963847157,,,,0.8,42.648020833333334,42
xlstm,carbon,ROU,Europe,False,rolling,2023-12-01,5,2024-05-01,217.85,297.9356547117233,,,,0.8,42.648020833333334,42
xlstm,carbon,ROU,Europe,False,rolling,2023-12-01,6,2024-06-01,279.52,298.0001702147722,,,,0.8,42.648020833333334,42
xlstm,carbon,ROU,Europe,False,rolling,2023-12-01,7,2024-07-01,292.68,297.9786516097188,,,,0.8,42.648020833333334,42
xlstm,carbon,ROU,Europe,False,rolling,2023-12-01,8,2024-08-01,283.29,298.11622878342865,,,,0.8,42.648020833333334,42
xlstm,carbon,ROU,Europe,False,rolling,2023-12-01,9,2024-09-01,257.91,298.1661593645811,,,,0.8,42.648020833333334,42
xlstm,carbon,ROU,Europe,False,rolling,2023-12-01,10,2024-10-01,274.65,298.28198412299156,,,,0.8,42.648020833333334,42
xlstm,carbon,ROU,Europe,False,rolling,2023-12-01,11,2024-11-01,301.89,298.3716705083847,,,,0.8,42.648020833333334,42
xlstm,carbon,ROU,Europe,False,rolling,2023-12-01,12,2024-12-01,285.38,298.43569420367476,,,,0.8,42.648020833333334,42
xlstm,carbon,ROU,Europe,False,rolling,2024-12-01,1,2025-01-01,316.16,274.593227211237,,,,0.8,40.26805555555555,42
xlstm,carbon,ROU,Europe,False,rolling,2024-12-01,2,2025-02-01,328.5,273.6592457258701,,,,0.8,40.26805555555555,42
xlstm,carbon,ROU,Europe,False,rolling,2024-12-01,3,2025-03-01,254.59,273.34375129818915,,,,0.8,40.26805555555555,42
xlstm,carbon,ROU,Europe,False,rolling,2024-12-01,4,2025-04-01,183.25,273.17839575171473,,,,0.8,40.26805555555555,42
xlstm,carbon,ROU,Europe,False,rolling,2024-12-01,5,2025-05-01,214.29,277.31179003953935,,,,0.8,40.26805555555555,42
xlstm,carbon,ROU,Europe,False,rolling,2024-12-01,6,2025-06-01,238.58,281.4381122648716,,,,0.8,40.26805555555555,42
xlstm,carbon,ROU,Europe,False,rolling,2024-12-01,7,2025-07-01,264.78,281.5663059663773,,,,0.8,40.26805555555555,42
xlstm,carbon,ROU,Europe,False,rolling,2024-12-01,8,2025-08-01,245.74,280.48520211935045,,,,0.8,40.26805555555555,42
xlstm,carbon,ROU,Europe,False,rolling,2024-12-01,9,2025-09-01,254.55,280.0316767847538,,,,0.8,40.26805555555555,42
xlstm,carbon,ROU,Europe,False,rolling,2024-12-01,10,2025-10-01,268.62,281.8850934278965,,,,0.8,40.26805555555555,42
xlstm,carbon,ROU,Europe,False,rolling,2024-12-01,11,2025-11-01,285.71,282.7515635299683,,,,0.8,40.26805555555555,42
xlstm,carbon,ROU,Europe,False,rolling,2024-12-01,12,2025-12-01,266.95,281.0257875597477,,,,0.8,40.26805555555555,42
xlstm,carbon,SRB,Europe,False,holdout,last12,1,2025-01-01,712.61,728.1564919763804,,,,0.8,69.39571428571428,42
xlstm,carbon,SRB,Europe,False,holdout,last12,2,2025-02-01,738.32,726.7686606633663,,,,0.8,69.39571428571428,42
xlstm,carbon,SRB,Europe,False,holdout,last12,3,2025-03-01,683.87,725.4290744817257,,,,0.8,69.39571428571428,42
xlstm,carbon,SRB,Europe,False,holdout,last12,4,2025-04-01,600.75,724.4786747151613,,,,0.8,69.39571428571428,42
xlstm,carbon,SRB,Europe,False,holdout,last12,5,2025-05-01,650.66,723.9098603308202,,,,0.8,69.39571428571428,42
xlstm,carbon,SRB,Europe,False,holdout,last12,6,2025-06-01,761.91,723.6774085664749,,,,0.8,69.39571428571428,42
xlstm,carbon,SRB,Europe,False,holdout,last12,7,2025-07-01,843.87,723.6507034540176,,,,0.8,69.39571428571428,42
xlstm,carbon,SRB,Europe,False,holdout,last12,8,2025-08-01,797.67,723.9335205191373,,,,0.8,69.39571428571428,42
xlstm,carbon,SRB,Europe,False,holdout,last12,9,2025-09-01,792.53,724.33766089499,,,,0.8,69.39571428571428,42
xlstm,carbon,SRB,Europe,False,holdout,last12,10,2025-10-01,804.78,724.6026144051552,,,,0.8,69.39571428571428,42
xlstm,carbon,SRB,Europe,False,holdout,last12,11,2025-11-01,748.3,724.7700401228667,,,,0.8,69.39571428571428,42
xlstm,carbon,SRB,Europe,False,holdout,last12,12,2025-12-01,730.65,725.0365724825859,,,,0.8,69.39571428571428,42
xlstm,carbon,SRB,Europe,False,rolling,2022-12-01,1,2023-01-01,643.51,736.4993488299847,,,,0.8,66.2815,42
xlstm,carbon,SRB,Europe,False,rolling,2022-12-01,2,2023-02-01,697.25,733.6500892025233,,,,0.8,66.2815,42
xlstm,carbon,SRB,Europe,False,rolling,2022-12-01,3,2023-03-01,636.89,732.5427007234098,,,,0.8,66.2815,42
xlstm,carbon,SRB,Europe,False,rolling,2022-12-01,4,2023-04-01,625.41,733.0230368185044,,,,0.8,66.2815,42
xlstm,carbon,SRB,Europe,False,rolling,2022-12-01,5,2023-05-01,530.08,733.8563539201022,,,,0.8,66.2815,42
xlstm,carbon,SRB,Europe,False,rolling,2022-12-01,6,2023-06-01,525.29,735.0806314003469,,,,0.8,66.2815,42
xlstm,carbon,SRB,Europe,False,rolling,2022-12-01,7,2023-07-01,758.24,737.0766183030606,,,,0.8,66.2815,42
xlstm,carbon,SRB,Europe,False,rolling,2022-12-01,8,2023-08-01,766.42,739.4645633655787,,,,0.8,66.2815,42
xlstm,carbon,SRB,Europe,False,rolling,2022-12-01,9,2023-09-01,802.42,741.3738282251359,,,,0.8,66.2815,42
xlstm,carbon,SRB,Europe,False,rolling,2022-12-01,10,2023-10-01,850.98,742.2175901848078,,,,0.8,66.2815,42
xlstm,carbon,SRB,Europe,False,rolling,2022-12-01,11,2023-11-01,656.25,742.5256498098374,,,,0.8,66.2815,42
xlstm,carbon,SRB,Europe,False,rolling,2022-12-01,12,2023-12-01,594.03,742.5211067211628,,,,0.8,66.2815,42
xlstm,carbon,SRB,Europe,False,rolling,2023-12-01,1,2024-01-01,656.89,735.36448151052,,,,0.8,68.2976388888889,42
xlstm,carbon,SRB,Europe,False,rolling,2023-12-01,2,2024-02-01,636.66,734.0715390557051,,,,0.8,68.2976388888889,42
xlstm,carbon,SRB,Europe,False,rolling,2023-12-01,3,2024-03-01,662.46,733.4660502517223,,,,0.8,68.2976388888889,42
xlstm,carbon,SRB,Europe,False,rolling,2023-12-01,4,2024-04-01,653.99,732.9258807092905,,,,0.8,68.2976388888889,42
xlstm,carbon,SRB,Europe,False,rolling,2023-12-01,5,2024-05-01,646.81,732.4828780794144,,,,0.8,68.2976388888889,42
xlstm,carbon,SRB,Europe,False,rolling,2023-12-01,6,2024-06-01,618.64,731.8447521996499,,,,0.8,68.2976388888889,42
xlstm,carbon,SRB,Europe,False,rolling,2023-12-01,7,2024-07-01,716.42,731.2992822337151,,,,0.8,68.2976388888889,42
xlstm,carbon,SRB,Europe,False,rolling,2023-12-01,8,2024-08-01,787.88,731.4835114216804,,,,0.8,68.2976388888889,42
xlstm,carbon,SRB,Europe,False,rolling,2023-12-01,9,2024-09-01,744.68,731.5521913772822,,,,0.8,68.2976388888889,42
xlstm,carbon,SRB,Europe,False,rolling,2023-12-01,10,2024-10-01,714.75,731.6244124668837,,,,0.8,68.2976388888889,42
xlstm,carbon,SRB,Europe,False,rolling,2023-12-01,11,2024-11-01,803.23,731.7400293642282,,,,0.8,68.2976388888889,42
xlstm,carbon,SRB,Europe,False,rolling,2023-12-01,12,2024-12-01,763.41,731.2444059342146,,,,0.8,68.2976388888889,42
xlstm,carbon,SRB,Europe,False,rolling,2024-12-01,1,2025-01-01,712.61,728.1564919763804,,,,0.8,69.39571428571428,42
xlstm,carbon,SRB,Europe,False,rolling,2024-12-01,2,2025-02-01,738.32,726.7686606633663,,,,0.8,69.39571428571428,42
xlstm,carbon,SRB,Europe,False,rolling,2024-12-01,3,2025-03-01,683.87,725.4290744817257,,,,0.8,69.39571428571428,42
xlstm,carbon,SRB,Europe,False,rolling,2024-12-01,4,2025-04-01,600.75,724.4786747151613,,,,0.8,69.39571428571428,42
xlstm,carbon,SRB,Europe,False,rolling,2024-12-01,5,2025-05-01,650.66,723.9098603308202,,,,0.8,69.39571428571428,42
xlstm,carbon,SRB,Europe,False,rolling,2024-12-01,6,2025-06-01,761.91,723.6774085664749,,,,0.8,69.39571428571428,42
xlstm,carbon,SRB,Europe,False,rolling,2024-12-01,7,2025-07-01,843.87,723.6507034540176,,,,0.8,69.39571428571428,42
xlstm,carbon,SRB,Europe,False,rolling,2024-12-01,8,2025-08-01,797.67,723.9335205191373,,,,0.8,69.39571428571428,42
xlstm,carbon,SRB,Europe,False,rolling,2024-12-01,9,2025-09-01,792.53,724.33766089499,,,,0.8,69.39571428571428,42
xlstm,carbon,SRB,Europe,False,rolling,2024-12-01,10,2025-10-01,804.78,724.6026144051552,,,,0.8,69.39571428571428,42
xlstm,carbon,SRB,Europe,False,rolling,2024-12-01,11,2025-11-01,748.3,724.7700401228667,,,,0.8,69.39571428571428,42
xlstm,carbon,SRB,Europe,False,rolling,2024-12-01,12,2025-12-01,730.65,725.0365724825859,,,,0.8,69.39571428571428,42
xlstm,carbon,SVK,Europe,False,holdout,last12,1,2025-01-01,104.48,86.60390184495598,,,,0.8,25.02342592592593,42
xlstm,carbon,SVK,Europe,False,holdout,last12,2,2025-02-01,107.44,85.83799914125353,,,,0.8,25.02342592592593,42
xlstm,carbon,SVK,Europe,False,holdout,last12,3,2025-03-01,108.33,85.3744860104099,,,,0.8,25.02342592592593,42
xlstm,carbon,SVK,Europe,False,holdout,last12,4,2025-04-01,100.0,84.33107642013579,,,,0.8,25.02342592592593,42
xlstm,carbon,SVK,Europe,False,holdout,last12,5,2025-05-01,79.07,84.7941091877967,,,,0.8,25.02342592592593,42
xlstm,carbon,SVK,Europe,False,holdout,last12,6,2025-06-01,67.27,85.44479181393982,,,,0.8,25.02342592592593,42
xlstm,carbon,SVK,Europe,False,holdout,last12,7,2025-07-01,85.71,85.48767957556993,,,,0.8,25.02342592592593,42
xlstm,carbon,SVK,Europe,False,holdout,last12,8,2025-08-01,81.34,85.59635367631913,,,,0.8,25.02342592592593,42
xlstm,carbon,SVK,Europe,False,holdout,last12,9,2025-09-01,90.09,85.5682786950469,,,,0.8,25.02342592592593,42
xlstm,carbon,SVK,Europe,False,holdout,last12,10,2025-10-01,89.49,86.05574986051768,,,,0.8,25.02342592592593,42
xlstm,carbon,SVK,Europe,False,holdout,last12,11,2025-11-01,104.48,86.09433397307993,,,,0.8,25.02342592592593,42
xlstm,carbon,SVK,Europe,False,holdout,last12,12,2025-12-01,105.84,83.8961426835507,,,,0.8,25.02342592592593,42
xlstm,carbon,SVK,Europe,False,rolling,2022-12-01,1,2023-01-01,155.46,146.80713288784025,,,,0.8,24.798095238095236,42
xlstm,carbon,SVK,Europe,False,rolling,2022-12-01,2,2023-02-01,152.89,146.56447043836116,,,,0.8,24.798095238095236,42
xlstm,carbon,SVK,Europe,False,rolling,2022-12-01,3,2023-03-01,128.91,146.64757205486296,,,,0.8,24.798095238095236,42
xlstm,carbon,SVK,Europe,False,rolling,2022-12-01,4,2023-04-01,109.09,147.15574698895216,,,,0.8,24.798095238095236,42
xlstm,carbon,SVK,Europe,False,rolling,2022-12-01,5,2023-05-01,99.57,147.47958637028933,,,,0.8,24.798095238095236,42
xlstm,carbon,SVK,Europe,False,rolling,2022-12-01,6,2023-06-01,107.98,148.4080676704645,,,,0.8,24.798095238095236,42
xlstm,carbon,SVK,Europe,False,rolling,2022-12-01,7,2023-07-01,116.59,149.12656587600708,,,,0.8,24.798095238095236,42
xlstm,carbon,SVK,Europe,False,rolling,2022-12-01,8,2023-08-01,98.43,150.16023790597916,,,,0.8,24.798095238095236,42
xlstm,carbon,SVK,Europe,False,rolling,2022-12-01,9,2023-09-01,102.33,151.66984416425228,,,,0.8,24.798095238095236,42
xlstm,carbon,SVK,Europe,False,rolling,2022-12-01,10,2023-10-01,109.31,151.77935872048138,,,,0.8,24.798095238095236,42
xlstm,carbon,SVK,Europe,False,rolling,2022-12-01,11,2023-11-01,108.21,152.2230746230483,,,,0.8,24.798095238095236,42
xlstm,carbon,SVK,Europe,False,rolling,2022-12-01,12,2023-12-01,102.39,151.9311760547757,,,,0.8,24.798095238095236,42
xlstm,carbon,SVK,Europe,False,rolling,2023-12-01,1,2024-01-01,106.67,105.96888484999538,,,,0.8,25.072187500000002,42
xlstm,carbon,SVK,Europe,False,rolling,2023-12-01,2,2024-02-01,100.36,100.03444530382752,,,,0.8,25.072187500000002,42
xlstm,carbon,SVK,Europe,False,rolling,2023-12-01,3,2024-03-01,108.3,94.1816839619726,,,,0.8,25.072187500000002,42
xlstm,carbon,SVK,Europe,False,rolling,2023-12-01,4,2024-04-01,82.97,91.03092147111893,,,,0.8,25.072187500000002,42
xlstm,carbon,SVK,Europe,False,rolling,2023-12-01,5,2024-05-01,78.82,90.01680485501885,,,,0.8,25.072187500000002,42
xlstm,carbon,SVK,Europe,False,rolling,2023-12-01,6,2024-06-01,87.63,89.91403340622783,,,,0.8,25.072187500000002,42
xlstm,carbon,SVK,Europe,False,rolling,2023-12-01,7,2024-07-01,86.12,88.6979389321804,,,,0.8,25.072187500000002,42
xlstm,carbon,SVK,Europe,False,rolling,2023-12-01,8,2024-08-01,87.96,86.4267018944025,,,,0.8,25.072187500000002,42
xlstm,carbon,SVK,Europe,False,rolling,2023-12-01,9,2024-09-01,79.3,86.02434955060482,,,,0.8,25.072187500000002,42
xlstm,carbon,SVK,Europe,False,rolling,2023-12-01,10,2024-10-01,85.02,85.05162445545196,,,,0.8,25.072187500000002,42
xlstm,carbon,SVK,Europe,False,rolling,2023-12-01,11,2024-11-01,119.84,83.20697620868683,,,,0.8,25.072187500000002,42
xlstm,carbon,SVK,Europe,False,rolling,2023-12-01,12,2024-12-01,108.95,81.35083787500858,,,,0.8,25.072187500000002,42
xlstm,carbon,SVK,Europe,False,rolling,2024-12-01,1,2025-01-01,104.48,86.60390184495598,,,,0.8,25.02342592592593,42
xlstm,carbon,SVK,Europe,False,rolling,2024-12-01,2,2025-02-01,107.44,85.83799914125353,,,,0.8,25.02342592592593,42
xlstm,carbon,SVK,Europe,False,rolling,2024-12-01,3,2025-03-01,108.33,85.3744860104099,,,,0.8,25.02342592592593,42
xlstm,carbon,SVK,Europe,False,rolling,2024-12-01,4,2025-04-01,100.0,84.33107642013579,,,,0.8,25.02342592592593,42
xlstm,carbon,SVK,Europe,False,rolling,2024-12-01,5,2025-05-01,79.07,84.7941091877967,,,,0.8,25.02342592592593,42
xlstm,carbon,SVK,Europe,False,rolling,2024-12-01,6,2025-06-01,67.27,85.44479181393982,,,,0.8,25.02342592592593,42
xlstm,carbon,SVK,Europe,False,rolling,2024-12-01,7,2025-07-01,85.71,85.48767957556993,,,,0.8,25.02342592592593,42
xlstm,carbon,SVK,Europe,False,rolling,2024-12-01,8,2025-08-01,81.34,85.59635367631913,,,,0.8,25.02342592592593,42
xlstm,carbon,SVK,Europe,False,rolling,2024-12-01,9,2025-09-01,90.09,85.5682786950469,,,,0.8,25.02342592592593,42
xlstm,carbon,SVK,Europe,False,rolling,2024-12-01,10,2025-10-01,89.49,86.05574986051768,,,,0.8,25.02342592592593,42
xlstm,carbon,SVK,Europe,False,rolling,2024-12-01,11,2025-11-01,104.48,86.09433397307993,,,,0.8,25.02342592592593,42
xlstm,carbon,SVK,Europe,False,rolling,2024-12-01,12,2025-12-01,105.84,83.8961426835507,,,,0.8,25.02342592592593,42
xlstm,carbon,SVN,Europe,False,holdout,last12,1,2025-01-01,258.07,276.12409741997715,,,,0.8,74.96635416666668,42
xlstm,carbon,SVN,Europe,False,holdout,last12,2,2025-02-01,307.02,277.18275933533903,,,,0.8,74.96635416666668,42
xlstm,carbon,SVN,Europe,False,holdout,last12,3,2025-03-01,262.41,278.1759122100472,,,,0.8,74.96635416666668,42
xlstm,carbon,SVN,Europe,False,holdout,last12,4,2025-04-01,168.0,279.2651777860522,,,,0.8,74.96635416666668,42
xlstm,carbon,SVN,Europe,False,holdout,last12,5,2025-05-01,40.32,280.0188741353154,,,,0.8,74.96635416666668,42
xlstm,carbon,SVN,Europe,False,holdout,last12,6,2025-06-01,43.86,281.27789082497355,,,,0.8,74.96635416666668,42
xlstm,carbon,SVN,Europe,False,holdout,last12,7,2025-07-01,45.87,281.9316468206048,,,,0.8,74.96635416666668,42
xlstm,carbon,SVN,Europe,False,holdout,last12,8,2025-08-01,42.11,282.4528923016786,,,,0.8,74.96635416666668,42
xlstm,carbon,SVN,Europe,False,holdout,last12,9,2025-09-01,40.82,282.71240010678764,,,,0.8,74.96635416666668,42
xlstm,carbon,SVN,Europe,False,holdout,last12,10,2025-10-01,392.41,283.05999658972024,,,,0.8,74.96635416666668,42
xlstm,carbon,SVN,Europe,False,holdout,last12,11,2025-11-01,229.01,283.29272838652133,,,,0.8,74.96635416666668,42
xlstm,carbon,SVN,Europe,False,holdout,last12,12,2025-12-01,312.0,283.0687404927611,,,,0.8,74.96635416666668,42
xlstm,carbon,SVN,Europe,False,rolling,2022-12-01,1,2023-01-01,230.09,298.58783289194105,,,,0.8,78.04097222222222,42
xlstm,carbon,SVN,Europe,False,rolling,2022-12-01,2,2023-02-01,284.31,298.7094756841659,,,,0.8,78.04097222222222,42
xlstm,carbon,SVN,Europe,False,rolling,2022-12-01,3,2023-03-01,252.17,298.8862090325355,,,,0.8,78.04097222222222,42
xlstm,carbon,SVN,Europe,False,rolling,2022-12-01,4,2023-04-01,203.54,299.039392607212,,,,0.8,78.04097222222222,42
xlstm,carbon,SVN,Europe,False,rolling,2022-12-01,5,2023-05-01,96.0,299.1169324803352,,,,0.8,78.04097222222222,42
xlstm,carbon,SVN,Europe,False,rolling,2022-12-01,6,2023-06-01,244.44,299.14452854871746,,,,0.8,78.04097222222222,42
xlstm,carbon,SVN,Europe,False,rolling,2022-12-01,7,2023-07-01,226.95,299.14476557016366,,,,0.8,78.04097222222222,42
xlstm,carbon,SVN,Europe,False,rolling,2022-12-01,8,2023-08-01,228.57,299.12434786558146,,,,0.8,78.04097222222222,42
xlstm,carbon,SVN,Europe,False,rolling,2022-12-01,9,2023-09-01,226.89,299.09874954938886,,,,0.8,78.04097222222222,42
xlstm,carbon,SVN,Europe,False,rolling,2022-12-01,10,2023-10-01,400.0,299.0588622260093,,,,0.8,78.04097222222222,42
xlstm,carbon,SVN,Europe,False,rolling,2022-12-01,11,2023-11-01,301.89,299.0383429408073,,,,0.8,78.04097222222222,42
xlstm,carbon,SVN,Europe,False,rolling,2022-12-01,12,2023-12-01,219.7,298.98958424329754,,,,0.8,78.04097222222222,42
xlstm,carbon,SVN,Europe,False,rolling,2023-12-01,1,2024-01-01,279.41,288.1136143958568,,,,0.8,78.28619047619048,42
xlstm,carbon,SVN,Europe,False,rolling,2023-12-01,2,2024-02-01,289.06,288.3213414520025,,,,0.8,78.28619047619048,42
xlstm,carbon,SVN,Europe,False,rolling,2023-12-01,3,2024-03-01,224.64,288.4854277986288,,,,0.8,78.28619047619048,42
xlstm,carbon,SVN,Europe,False,rolling,2023-12-01,4,2024-04-01,284.09,288.64607867240903,,,,0.8,78.28619047619048,42
xlstm,carbon,SVN,Europe,False,rolling,2023-12-01,5,2024-05-01,77.52,288.80089604526756,,,,0.8,78.28619047619048,42
xlstm,carbon,SVN,Europe,False,rolling,2023-12-01,6,2024-06-01,192.05,288.9643701294064,,,,0.8,78.28619047619048,42
xlstm,carbon,SVN,Europe,False,rolling,2023-12-01,7,2024-07-01,194.25,289.033130608201,,,,0.8,78.28619047619048,42
xlstm,carbon,SVN,Europe,False,rolling,2023-12-01,8,2024-08-01,243.9,289.0940507256984,,,,0.8,78.28619047619048,42
xlstm,carbon,SVN,Europe,False,rolling,2023-12-01,9,2024-09-01,201.55,289.13969829559323,,,,0.8,78.28619047619048,42
xlstm,carbon,SVN,Europe,False,rolling,2023-12-01,10,2024-10-01,211.92,289.17415506780145,,,,0.8,78.28619047619048,42
xlstm,carbon,SVN,Europe,False,rolling,2023-12-01,11,2024-11-01,333.33,289.1356165456772,,,,0.8,78.28619047619048,42
xlstm,carbon,SVN,Europe,False,rolling,2023-12-01,12,2024-12-01,314.52,289.1472835475206,,,,0.8,78.28619047619048,42
xlstm,carbon,SVN,Europe,False,rolling,2024-12-01,1,2025-01-01,258.07,276.12409741997715,,,,0.8,74.96635416666668,42
xlstm,carbon,SVN,Europe,False,rolling,2024-12-01,2,2025-02-01,307.02,277.18275933533903,,,,0.8,74.96635416666668,42
xlstm,carbon,SVN,Europe,False,rolling,2024-12-01,3,2025-03-01,262.41,278.1759122100472,,,,0.8,74.96635416666668,42
xlstm,carbon,SVN,Europe,False,rolling,2024-12-01,4,2025-04-01,168.0,279.2651777860522,,,,0.8,74.96635416666668,42
xlstm,carbon,SVN,Europe,False,rolling,2024-12-01,5,2025-05-01,40.32,280.0188741353154,,,,0.8,74.96635416666668,42
xlstm,carbon,SVN,Europe,False,rolling,2024-12-01,6,2025-06-01,43.86,281.27789082497355,,,,0.8,74.96635416666668,42
xlstm,carbon,SVN,Europe,False,rolling,2024-12-01,7,2025-07-01,45.87,281.9316468206048,,,,0.8,74.96635416666668,42
xlstm,carbon,SVN,Europe,False,rolling,2024-12-01,8,2025-08-01,42.11,282.4528923016786,,,,0.8,74.96635416666668,42
xlstm,carbon,SVN,Europe,False,rolling,2024-12-01,9,2025-09-01,40.82,282.71240010678764,,,,0.8,74.96635416666668,42
xlstm,carbon,SVN,Europe,False,rolling,2024-12-01,10,2025-10-01,392.41,283.05999658972024,,,,0.8,74.96635416666668,42
xlstm,carbon,SVN,Europe,False,rolling,2024-12-01,11,2025-11-01,229.01,283.29272838652133,,,,0.8,74.96635416666668,42
xlstm,carbon,SVN,Europe,False,rolling,2024-12-01,12,2025-12-01,312.0,283.0687404927611,,,,0.8,74.96635416666668,42
xlstm,carbon,SWE,Europe,True,holdout,last12,1,2025-01-01,24.11,26.02674520075321,,,,0.8,2.0722222222222224,42
xlstm,carbon,SWE,Europe,True,holdout,last12,2,2025-02-01,26.13,27.547399533390998,,,,0.8,2.0722222222222224,42
xlstm,carbon,SWE,Europe,True,holdout,last12,3,2025-03-01,23.45,28.751532721519467,,,,0.8,2.0722222222222224,42
xlstm,carbon,SWE,Europe,True,holdout,last12,4,2025-04-01,25.32,28.674352123737332,,,,0.8,2.0722222222222224,42
xlstm,carbon,SWE,Europe,True,holdout,last12,5,2025-05-01,25.06,27.681713351011275,,,,0.8,2.0722222222222224,42
xlstm,carbon,SWE,Europe,True,holdout,last12,6,2025-06-01,21.94,25.66993196249008,,,,0.8,2.0722222222222224,42
xlstm,carbon,SWE,Europe,True,holdout,last12,7,2025-07-01,23.1,23.648276353776453,,,,0.8,2.0722222222222224,42
xlstm,carbon,SWE,Europe,True,holdout,last12,8,2025-08-01,21.85,21.716055828928944,,,,0.8,2.0722222222222224,42
xlstm,carbon,SWE,Europe,True,holdout,last12,9,2025-09-01,21.47,20.88854024812579,,,,0.8,2.0722222222222224,42
xlstm,carbon,SWE,Europe,True,holdout,last12,10,2025-10-01,23.73,20.77627820432186,,,,0.8,2.0722222222222224,42
xlstm,carbon,SWE,Europe,True,holdout,last12,11,2025-11-01,24.51,22.077936840355395,,,,0.8,2.0722222222222224,42
xlstm,carbon,SWE,Europe,True,holdout,last12,12,2025-12-01,23.78,23.835822549164295,,,,0.8,2.0722222222222224,42
xlstm,carbon,SWE,Europe,True,rolling,2022-12-01,1,2023-01-01,28.59,28.981029821038245,,,,0.8,2.1272619047619052,42
xlstm,carbon,SWE,Europe,True,rolling,2022-12-01,2,2023-02-01,28.18,29.295645971298217,,,,0.8,2.1272619047619052,42
xlstm,carbon,SWE,Europe,True,rolling,2022-12-01,3,2023-03-01,30.48,29.092922344803807,,,,0.8,2.1272619047619052,42
xlstm,carbon,SWE,Europe,True,rolling,2022-12-01,4,2023-04-01,28.86,27.52113405883312,,,,0.8,2.1272619047619052,42
xlstm,carbon,SWE,Europe,True,rolling,2022-12-01,5,2023-05-01,27.03,24.812158967256543,,,,0.8,2.1272619047619052,42
xlstm,carbon,SWE,Europe,True,rolling,2022-12-01,6,2023-06-01,23.58,22.533808314204215,,,,0.8,2.1272619047619052,42
xlstm,carbon,SWE,Europe,True,rolling,2022-12-01,7,2023-07-01,22.35,21.778169387578963,,,,0.8,2.1272619047619052,42
xlstm,carbon,SWE,Europe,True,rolling,2022-12-01,8,2023-08-01,21.37,22.559796343445775,,,,0.8,2.1272619047619052,42
xlstm,carbon,SWE,Europe,True,rolling,2022-12-01,9,2023-09-01,20.35,24.63408645480871,,,,0.8,2.1272619047619052,42
xlstm,carbon,SWE,Europe,True,rolling,2022-12-01,10,2023-10-01,21.0,26.38117963850498,,,,0.8,2.1272619047619052,42
xlstm,carbon,SWE,Europe,True,rolling,2022-12-01,11,2023-11-01,26.11,28.298430327773094,,,,0.8,2.1272619047619052,42
xlstm,carbon,SWE,Europe,True,rolling,2022-12-01,12,2023-12-01,28.03,29.31198007583618,,,,0.8,2.1272619047619052,42
xlstm,carbon,SWE,Europe,True,rolling,2023-12-01,1,2024-01-01,25.47,28.767812118530273,,,,0.8,2.066666666666667,42
xlstm,carbon,SWE,Europe,True,rolling,2023-12-01,2,2024-02-01,23.47,29.512701992988585,,,,0.8,2.066666666666667,42
xlstm,carbon,SWE,Europe,True,rolling,2023-12-01,3,2024-03-01,27.03,29.669767303466795,,,,0.8,2.066666666666667,42
xlstm,carbon,SWE,Europe,True,rolling,2023-12-01,4,2024-04-01,27.44,28.85654675066471,,,,0.8,2.066666666666667,42
xlstm,carbon,SWE,Europe,True,rolling,2023-12-01,5,2024-05-01,26.94,26.87762700140476,,,,0.8,2.066666666666667,42
xlstm,carbon,SWE,Europe,True,rolling,2023-12-01,6,2024-06-01,23.77,24.05706858128309,,,,0.8,2.066666666666667,42
xlstm,carbon,SWE,Europe,True,rolling,2023-12-01,7,2024-07-01,23.51,22.026399419009685,,,,0.8,2.066666666666667,42
xlstm,carbon,SWE,Europe,True,rolling,2023-12-01,8,2024-08-01,20.18,20.817157671302557,,,,0.8,2.066666666666667,42
xlstm,carbon,SWE,Europe,True,rolling,2023-12-01,9,2024-09-01,20.31,20.842508748620748,,,,0.8,2.066666666666667,42
xlstm,carbon,SWE,Europe,True,rolling,2023-12-01,10,2024-10-01,19.8,22.896971044838427,,,,0.8,2.066666666666667,42
xlstm,carbon,SWE,Europe,True,rolling,2023-12-01,11,2024-11-01,23.49,26.04128079533577,,,,0.8,2.066666666666667,42
xlstm,carbon,SWE,Europe,True,rolling,2023-12-01,12,2024-12-01,21.82,27.719341383576392,,,,0.8,2.066666666666667,42
xlstm,carbon,SWE,Europe,True,rolling,2024-12-01,1,2025-01-01,24.11,26.02674520075321,,,,0.8,2.0722222222222224,42
xlstm,carbon,SWE,Europe,True,rolling,2024-12-01,2,2025-02-01,26.13,27.547399533390998,,,,0.8,2.0722222222222224,42
xlstm,carbon,SWE,Europe,True,rolling,2024-12-01,3,2025-03-01,23.45,28.751532721519467,,,,0.8,2.0722222222222224,42
xlstm,carbon,SWE,Europe,True,rolling,2024-12-01,4,2025-04-01,25.32,28.674352123737332,,,,0.8,2.0722222222222224,42
xlstm,carbon,SWE,Europe,True,rolling,2024-12-01,5,2025-05-01,25.06,27.681713351011275,,,,0.8,2.0722222222222224,42
xlstm,carbon,SWE,Europe,True,rolling,2024-12-01,6,2025-06-01,21.94,25.66993196249008,,,,0.8,2.0722222222222224,42
xlstm,carbon,SWE,Europe,True,rolling,2024-12-01,7,2025-07-01,23.1,23.648276353776453,,,,0.8,2.0722222222222224,42
xlstm,carbon,SWE,Europe,True,rolling,2024-12-01,8,2025-08-01,21.85,21.716055828928944,,,,0.8,2.0722222222222224,42
xlstm,carbon,SWE,Europe,True,rolling,2024-12-01,9,2025-09-01,21.47,20.88854024812579,,,,0.8,2.0722222222222224,42
xlstm,carbon,SWE,Europe,True,rolling,2024-12-01,10,2025-10-01,23.73,20.77627820432186,,,,0.8,2.0722222222222224,42
xlstm,carbon,SWE,Europe,True,rolling,2024-12-01,11,2025-11-01,24.51,22.077936840355395,,,,0.8,2.0722222222222224,42
xlstm,carbon,SWE,Europe,True,rolling,2024-12-01,12,2025-12-01,23.78,23.835822549164295,,,,0.8,2.0722222222222224,42
xlstm,carbon,TUR,Europe,False,holdout,last12,1,2025-01-01,515.89,533.0778322529793,,,,0.8,38.00555555555557,42
xlstm,carbon,TUR,Europe,False,holdout,last12,2,2025-02-01,504.08,505.7645147961378,,,,0.8,38.00555555555557,42
xlstm,carbon,TUR,Europe,False,holdout,last12,3,2025-03-01,446.11,456.93020751297473,,,,0.8,38.00555555555557,42
xlstm,carbon,TUR,Europe,False,holdout,last12,4,2025-04-01,386.81,400.70946775496003,,,,0.8,38.00555555555557,42
xlstm,carbon,TUR,Europe,False,holdout,last12,5,2025-05-01,386.75,407.95041793107987,,,,0.8,38.00555555555557,42
xlstm,carbon,TUR,Europe,False,holdout,last12,6,2025-06-01,428.26,441.1773517680168,,,,0.8,38.00555555555557,42
xlstm,carbon,TUR,Europe,False,holdout,last12,7,2025-07-01,462.65,469.67262209177017,,,,0.8,38.00555555555557,42
xlstm,carbon,TUR,Europe,False,holdout,last12,8,2025-08-01,472.3,492.83387372910977,,,,0.8,38.00555555555557,42
xlstm,carbon,TUR,Europe,False,holdout,last12,9,2025-09-01,490.85,510.5110120636225,,,,0.8,38.00555555555557,42
xlstm,carbon,TUR,Europe,False,holdout,last12,10,2025-10-01,534.24,522.8389262688161,,,,0.8,38.00555555555557,42
xlstm,carbon,TUR,Europe,False,holdout,last12,11,2025-11-01,530.21,532.9328061175347,,,,0.8,38.00555555555557,42
xlstm,carbon,TUR,Europe,False,holdout,last12,12,2025-12-01,532.04,535.3264638346434,,,,0.8,38.00555555555557,42
xlstm,carbon,TUR,Europe,False,rolling,2022-12-01,1,2023-01-01,576.1,554.6995496910811,,,,0.8,40.46020833333334,42
xlstm,carbon,TUR,Europe,False,rolling,2022-12-01,2,2023-02-01,547.71,509.2298859190941,,,,0.8,40.46020833333334,42
xlstm,carbon,TUR,Europe,False,rolling,2022-12-01,3,2023-03-01,486.05,446.42906677097085,,,,0.8,40.46020833333334,42
xlstm,carbon,TUR,Europe,False,rolling,2022-12-01,4,2023-04-01,396.6,403.638694961071,,,,0.8,40.46020833333334,42
xlstm,carbon,TUR,Europe,False,rolling,2022-12-01,5,2023-05-01,418.25,395.8772751455009,,,,0.8,40.46020833333334,42
xlstm,carbon,TUR,Europe,False,rolling,2022-12-01,6,2023-06-01,437.73,418.046147775352,,,,0.8,40.46020833333334,42
xlstm,carbon,TUR,Europe,False,rolling,2022-12-01,7,2023-07-01,483.6,447.5201755639911,,,,0.8,40.46020833333334,42
xlstm,carbon,TUR,Europe,False,rolling,2022-12-01,8,2023-08-01,500.0,483.4294762414694,,,,0.8,40.46020833333334,42
xlstm,carbon,TUR,Europe,False,rolling,2022-12-01,9,2023-09-01,517.02,514.324976412654,,,,0.8,40.46020833333334,42
xlstm,carbon,TUR,Europe,False,rolling,2022-12-01,10,2023-10-01,546.07,539.6599981677532,,,,0.8,40.46020833333334,42
xlstm,carbon,TUR,Europe,False,rolling,2022-12-01,11,2023-11-01,526.52,558.2784209978581,,,,0.8,40.46020833333334,42
xlstm,carbon,TUR,Europe,False,rolling,2022-12-01,12,2023-12-01,478.76,568.4197587233783,,,,0.8,40.46020833333334,42
xlstm,carbon,TUR,Europe,False,rolling,2023-12-01,1,2024-01-01,425.64,538.5595971596241,,,,0.8,38.58716666666667,42
xlstm,carbon,TUR,Europe,False,rolling,2023-12-01,2,2024-02-01,459.39,515.6874516767264,,,,0.8,38.58716666666667,42
xlstm,carbon,TUR,Europe,False,rolling,2023-12-01,3,2024-03-01,476.82,471.81949547052386,,,,0.8,38.58716666666667,42
xlstm,carbon,TUR,Europe,False,rolling,2023-12-01,4,2024-04-01,340.16,437.6737474036217,,,,0.8,38.58716666666667,42
xlstm,carbon,TUR,Europe,False,rolling,2023-12-01,5,2024-05-01,402.62,446.41265334010126,,,,0.8,38.58716666666667,42
xlstm,carbon,TUR,Europe,False,rolling,2023-12-01,6,2024-06-01,439.6,465.1042650353909,,,,0.8,38.58716666666667,42
xlstm,carbon,TUR,Europe,False,rolling,2023-12-01,7,2024-07-01,469.8,485.48216034889225,,,,0.8,38.58716666666667,42
xlstm,carbon,TUR,Europe,False,rolling,2023-12-01,8,2024-08-01,498.2,501.23773617863657,,,,0.8,38.58716666666667,42
xlstm,carbon,TUR,Europe,False,rolling,2023-12-01,9,2024-09-01,523.0,515.0959092628956,,,,0.8,38.58716666666667,42
xlstm,carbon,TUR,Europe,False,rolling,2023-12-01,10,2024-10-01,516.77,525.3280910623074,,,,0.8,38.58716666666667,42
xlstm,carbon,TUR,Europe,False,rolling,2023-12-01,11,2024-11-01,528.3,529.6706979763508,,,,0.8,38.58716666666667,42
xlstm,carbon,TUR,Europe,False,rolling,2023-12-01,12,2024-12-01,525.32,528.9582385015487,,,,0.8,38.58716666666667,42
xlstm,carbon,TUR,Europe,False,rolling,2024-12-01,1,2025-01-01,515.89,533.0778322529793,,,,0.8,38.00555555555557,42
xlstm,carbon,TUR,Europe,False,rolling,2024-12-01,2,2025-02-01,504.08,505.7645147961378,,,,0.8,38.00555555555557,42
xlstm,carbon,TUR,Europe,False,rolling,2024-12-01,3,2025-03-01,446.11,456.93020751297473,,,,0.8,38.00555555555557,42
xlstm,carbon,TUR,Europe,False,rolling,2024-12-01,4,2025-04-01,386.81,400.70946775496003,,,,0.8,38.00555555555557,42
xlstm,carbon,TUR,Europe,False,rolling,2024-12-01,5,2025-05-01,386.75,407.95041793107987,,,,0.8,38.00555555555557,42
xlstm,carbon,TUR,Europe,False,rolling,2024-12-01,6,2025-06-01,428.26,441.1773517680168,,,,0.8,38.00555555555557,42
xlstm,carbon,TUR,Europe,False,rolling,2024-12-01,7,2025-07-01,462.65,469.67262209177017,,,,0.8,38.00555555555557,42
xlstm,carbon,TUR,Europe,False,rolling,2024-12-01,8,2025-08-01,472.3,492.83387372910977,,,,0.8,38.00555555555557,42
xlstm,carbon,TUR,Europe,False,rolling,2024-12-01,9,2025-09-01,490.85,510.5110120636225,,,,0.8,38.00555555555557,42
xlstm,carbon,TUR,Europe,False,rolling,2024-12-01,10,2025-10-01,534.24,522.8389262688161,,,,0.8,38.00555555555557,42
xlstm,carbon,TUR,Europe,False,rolling,2024-12-01,11,2025-11-01,530.21,532.9328061175347,,,,0.8,38.00555555555557,42
xlstm,carbon,TUR,Europe,False,rolling,2024-12-01,12,2025-12-01,532.04,535.3264638346434,,,,0.8,38.00555555555557,42
xlstm,carbon,USA|alabama,US,True,holdout,last12,1,2025-01-01,373.6,350.4749151808023,,,,0.8,30.192282608695653,42
xlstm,carbon,USA|alabama,US,True,holdout,last12,2,2025-02-01,347.25,351.2934947937727,,,,0.8,30.192282608695653,42
xlstm,carbon,USA|alabama,US,True,holdout,last12,3,2025-03-01,354.01,353.85153415858747,,,,0.8,30.192282608695653,42
xlstm,carbon,USA|alabama,US,True,holdout,last12,4,2025-04-01,358.88,356.63334252476693,,,,0.8,30.192282608695653,42
xlstm,carbon,USA|alabama,US,True,holdout,last12,5,2025-05-01,352.28,357.0593056213856,,,,0.8,30.192282608695653,42
xlstm,carbon,USA|alabama,US,True,holdout,last12,6,2025-06-01,370.61,357.75819030582903,,,,0.8,30.192282608695653,42
xlstm,carbon,USA|alabama,US,True,holdout,last12,7,2025-07-01,371.0,356.0644724732637,,,,0.8,30.192282608695653,42
xlstm,carbon,USA|alabama,US,True,holdout,last12,8,2025-08-01,360.84,354.14978238642215,,,,0.8,30.192282608695653,42
xlstm,carbon,USA|alabama,US,True,holdout,last12,9,2025-09-01,359.64,352.95602938354017,,,,0.8,30.192282608695653,42
xlstm,carbon,USA|alabama,US,True,holdout,last12,10,2025-10-01,362.49,351.2849096572399,,,,0.8,30.192282608695653,42
xlstm,carbon,USA|alabama,US,True,holdout,last12,11,2025-11-01,342.94,352.25302266418936,,,,0.8,30.192282608695653,42
xlstm,carbon,USA|alabama,US,True,holdout,last12,12,2025-12-01,349.54,353.9538151949644,,,,0.8,30.192282608695653,42
xlstm,carbon,USA|alabama,US,True,rolling,2022-12-01,1,2023-01-01,316.68,364.92630181729794,,,,0.8,30.70218253968254,42
xlstm,carbon,USA|alabama,US,True,rolling,2022-12-01,2,2023-02-01,321.39,365.33283385574816,,,,0.8,30.70218253968254,42
xlstm,carbon,USA|alabama,US,True,rolling,2022-12-01,3,2023-03-01,331.58,366.1647832840681,,,,0.8,30.70218253968254,42
xlstm,carbon,USA|alabama,US,True,rolling,2022-12-01,4,2023-04-01,317.51,367.9764127534628,,,,0.8,30.70218253968254,42
xlstm,carbon,USA|alabama,US,True,rolling,2022-12-01,5,2023-05-01,324.07,370.64908951461314,,,,0.8,30.70218253968254,42
xlstm,carbon,USA|alabama,US,True,rolling,2022-12-01,6,2023-06-01,370.0,371.9084247750044,,,,0.8,30.70218253968254,42
xlstm,carbon,USA|alabama,US,True,rolling,2022-12-01,7,2023-07-01,375.07,372.5429842764139,,,,0.8,30.70218253968254,42
xlstm,carbon,USA|alabama,US,True,rolling,2022-12-01,8,2023-08-01,364.98,371.8431543499231,,,,0.8,30.70218253968254,42
xlstm,carbon,USA|alabama,US,True,rolling,2022-12-01,9,2023-09-01,336.98,371.80514002799987,,,,0.8,30.70218253968254,42
xlstm,carbon,USA|alabama,US,True,rolling,2022-12-01,10,2023-10-01,315.81,371.01130236923694,,,,0.8,30.70218253968254,42
xlstm,carbon,USA|alabama,US,True,rolling,2022-12-01,11,2023-11-01,340.45,368.13860459506515,,,,0.8,30.70218253968254,42
xlstm,carbon,USA|alabama,US,True,rolling,2022-12-01,12,2023-12-01,313.47,368.3168363171816,,,,0.8,30.70218253968254,42
xlstm,carbon,USA|alabama,US,True,rolling,2023-12-01,1,2024-01-01,338.63,342.17272759735584,,,,0.8,30.80643939393939,42
xlstm,carbon,USA|alabama,US,True,rolling,2023-12-01,2,2024-02-01,319.25,343.6636861383915,,,,0.8,30.80643939393939,42
xlstm,carbon,USA|alabama,US,True,rolling,2023-12-01,3,2024-03-01,320.21,345.04341795027256,,,,0.8,30.80643939393939,42
xlstm,carbon,USA|alabama,US,True,rolling,2023-12-01,4,2024-04-01,349.94,345.8270041179657,,,,0.8,30.80643939393939,42
xlstm,carbon,USA|alabama,US,True,rolling,2023-12-01,5,2024-05-01,347.41,348.0405466079712,,,,0.8,30.80643939393939,42
xlstm,carbon,USA|alabama,US,True,rolling,2023-12-01,6,2024-06-01,374.43,349.89665117740634,,,,0.8,30.80643939393939,42
xlstm,carbon,USA|alabama,US,True,rolling,2023-12-01,7,2024-07-01,376.72,347.6634340101481,,,,0.8,30.80643939393939,42
xlstm,carbon,USA|alabama,US,True,rolling,2023-12-01,8,2024-08-01,367.59,344.93155781149864,,,,0.8,30.80643939393939,42
xlstm,carbon,USA|alabama,US,True,rolling,2023-12-01,9,2024-09-01,373.39,343.00627516686916,,,,0.8,30.80643939393939,42
xlstm,carbon,USA|alabama,US,True,rolling,2023-12-01,10,2024-10-01,340.37,343.32521152734756,,,,0.8,30.80643939393939,42
xlstm,carbon,USA|alabama,US,True,rolling,2023-12-01,11,2024-11-01,332.09,345.44067297399044,,,,0.8,30.80643939393939,42
xlstm,carbon,USA|alabama,US,True,rolling,2023-12-01,12,2024-12-01,344.39,345.66587445557116,,,,0.8,30.80643939393939,42
xlstm,carbon,USA|alabama,US,True,rolling,2024-12-01,1,2025-01-01,373.6,350.4749151808023,,,,0.8,30.192282608695653,42
xlstm,carbon,USA|alabama,US,True,rolling,2024-12-01,2,2025-02-01,347.25,351.2934947937727,,,,0.8,30.192282608695653,42
xlstm,carbon,USA|alabama,US,True,rolling,2024-12-01,3,2025-03-01,354.01,353.85153415858747,,,,0.8,30.192282608695653,42
xlstm,carbon,USA|alabama,US,True,rolling,2024-12-01,4,2025-04-01,358.88,356.63334252476693,,,,0.8,30.192282608695653,42
xlstm,carbon,USA|alabama,US,True,rolling,2024-12-01,5,2025-05-01,352.28,357.0593056213856,,,,0.8,30.192282608695653,42
xlstm,carbon,USA|alabama,US,True,rolling,2024-12-01,6,2025-06-01,370.61,357.75819030582903,,,,0.8,30.192282608695653,42
xlstm,carbon,USA|alabama,US,True,rolling,2024-12-01,7,2025-07-01,371.0,356.0644724732637,,,,0.8,30.192282608695653,42
xlstm,carbon,USA|alabama,US,True,rolling,2024-12-01,8,2025-08-01,360.84,354.14978238642215,,,,0.8,30.192282608695653,42
xlstm,carbon,USA|alabama,US,True,rolling,2024-12-01,9,2025-09-01,359.64,352.95602938354017,,,,0.8,30.192282608695653,42
xlstm,carbon,USA|alabama,US,True,rolling,2024-12-01,10,2025-10-01,362.49,351.2849096572399,,,,0.8,30.192282608695653,42
xlstm,carbon,USA|alabama,US,True,rolling,2024-12-01,11,2025-11-01,342.94,352.25302266418936,,,,0.8,30.192282608695653,42
xlstm,carbon,USA|alabama,US,True,rolling,2024-12-01,12,2025-12-01,349.54,353.9538151949644,,,,0.8,30.192282608695653,42
xlstm,carbon,USA|arizona,US,True,holdout,last12,1,2025-01-01,292.87,302.48507396772504,,,,0.8,20.813007246376817,42
xlstm,carbon,USA|arizona,US,True,holdout,last12,2,2025-02-01,273.88,291.05301340952514,,,,0.8,20.813007246376817,42
xlstm,carbon,USA|arizona,US,True,holdout,last12,3,2025-03-01,226.26,285.18767380163075,,,,0.8,20.813007246376817,42
xlstm,carbon,USA|arizona,US,True,holdout,last12,4,2025-04-01,231.91,296.1498080827296,,,,0.8,20.813007246376817,42
xlstm,carbon,USA|arizona,US,True,holdout,last12,5,2025-05-01,241.64,301.295798933357,,,,0.8,20.813007246376817,42
xlstm,carbon,USA|arizona,US,True,holdout,last12,6,2025-06-01,261.97,314.66978767216204,,,,0.8,20.813007246376817,42
xlstm,carbon,USA|arizona,US,True,holdout,last12,7,2025-07-01,294.69,323.66957210361954,,,,0.8,20.813007246376817,42
xlstm,carbon,USA|arizona,US,True,holdout,last12,8,2025-08-01,314.63,321.63633473873136,,,,0.8,20.813007246376817,42
xlstm,carbon,USA|arizona,US,True,holdout,last12,9,2025-09-01,312.12,318.44973582804204,,,,0.8,20.813007246376817,42
xlstm,carbon,USA|arizona,US,True,holdout,last12,10,2025-10-01,306.55,316.46367619276043,,,,0.8,20.813007246376817,42
xlstm,carbon,USA|arizona,US,True,holdout,last12,11,2025-11-01,317.21,305.355939271599,,,,0.8,20.813007246376817,42
xlstm,carbon,USA|arizona,US,True,holdout,last12,12,2025-12-01,288.72,306.7415943959355,,,,0.8,20.813007246376817,42
xlstm,carbon,USA|arizona,US,True,rolling,2022-12-01,1,2023-01-01,317.47,298.7643991959095,,,,0.8,21.251626984126986,42
xlstm,carbon,USA|arizona,US,True,rolling,2022-12-01,2,2023-02-01,302.25,294.63817721128464,,,,0.8,21.251626984126986,42
xlstm,carbon,USA|arizona,US,True,rolling,2022-12-01,3,2023-03-01,264.89,289.57091915130616,,,,0.8,21.251626984126986,42
xlstm,carbon,USA|arizona,US,True,rolling,2022-12-01,4,2023-04-01,293.95,298.93499165296555,,,,0.8,21.251626984126986,42
xlstm,carbon,USA|arizona,US,True,rolling,2022-12-01,5,2023-05-01,281.39,308.68310921907425,,,,0.8,21.251626984126986,42
xlstm,carbon,USA|arizona,US,True,rolling,2022-12-01,6,2023-06-01,288.13,323.5905018401146,,,,0.8,21.251626984126986,42
xlstm,carbon,USA|arizona,US,True,rolling,2022-12-01,7,2023-07-01,345.24,329.31568008184433,,,,0.8,21.251626984126986,42
xlstm,carbon,USA|arizona,US,True,rolling,2022-12-01,8,2023-08-01,351.17,329.3533447933197,,,,0.8,21.251626984126986,42
xlstm,carbon,USA|arizona,US,True,rolling,2022-12-01,9,2023-09-01,326.71,323.7162669849396,,,,0.8,21.251626984126986,42
xlstm,carbon,USA|arizona,US,True,rolling,2022-12-01,10,2023-10-01,355.42,317.0690804076195,,,,0.8,21.251626984126986,42
xlstm,carbon,USA|arizona,US,True,rolling,2022-12-01,11,2023-11-01,337.87,309.47525822639466,,,,0.8,21.251626984126986,42
xlstm,carbon,USA|arizona,US,True,rolling,2022-12-01,12,2023-12-01,316.23,307.89246111631394,,,,0.8,21.251626984126986,42
xlstm,carbon,USA|arizona,US,True,rolling,2023-12-01,1,2024-01-01,319.49,303.2280405116081,,,,0.8,20.9125,42
xlstm,carbon,USA|arizona,US,True,rolling,2023-12-01,2,2024-02-01,289.08,298.3614329648018,,,,0.8,20.9125,42
xlstm,carbon,USA|arizona,US,True,rolling,2023-12-01,3,2024-03-01,233.76,296.06748240709305,,,,0.8,20.9125,42
xlstm,carbon,USA|arizona,US,True,rolling,2023-12-01,4,2024-04-01,271.57,303.7075306725502,,,,0.8,20.9125,42
xlstm,carbon,USA|arizona,US,True,rolling,2023-12-01,5,2024-05-01,261.91,307.11983274936676,,,,0.8,20.9125,42
xlstm,carbon,USA|arizona,US,True,rolling,2023-12-01,6,2024-06-01,291.95,316.7940951538086,,,,0.8,20.9125,42
xlstm,carbon,USA|arizona,US,True,rolling,2023-12-01,7,2024-07-01,326.76,329.6140048456192,,,,0.8,20.9125,42
xlstm,carbon,USA|arizona,US,True,rolling,2023-12-01,8,2024-08-01,326.14,327.3857832503319,,,,0.8,20.9125,42
xlstm,carbon,USA|arizona,US,True,rolling,2023-12-01,9,2024-09-01,318.54,321.9940367293358,,,,0.8,20.9125,42
xlstm,carbon,USA|arizona,US,True,rolling,2023-12-01,10,2024-10-01,337.36,322.6336529803276,,,,0.8,20.9125,42
xlstm,carbon,USA|arizona,US,True,rolling,2023-12-01,11,2024-11-01,292.3,313.6026303124428,,,,0.8,20.9125,42
xlstm,carbon,USA|arizona,US,True,rolling,2023-12-01,12,2024-12-01,300.05,306.89748572826386,,,,0.8,20.9125,42
xlstm,carbon,USA|arizona,US,True,rolling,2024-12-01,1,2025-01-01,292.87,302.48507396772504,,,,0.8,20.813007246376817,42
xlstm,carbon,USA|arizona,US,True,rolling,2024-12-01,2,2025-02-01,273.88,291.05301340952514,,,,0.8,20.813007246376817,42
xlstm,carbon,USA|arizona,US,True,rolling,2024-12-01,3,2025-03-01,226.26,285.18767380163075,,,,0.8,20.813007246376817,42
xlstm,carbon,USA|arizona,US,True,rolling,2024-12-01,4,2025-04-01,231.91,296.1498080827296,,,,0.8,20.813007246376817,42
xlstm,carbon,USA|arizona,US,True,rolling,2024-12-01,5,2025-05-01,241.64,301.295798933357,,,,0.8,20.813007246376817,42
xlstm,carbon,USA|arizona,US,True,rolling,2024-12-01,6,2025-06-01,261.97,314.66978767216204,,,,0.8,20.813007246376817,42
xlstm,carbon,USA|arizona,US,True,rolling,2024-12-01,7,2025-07-01,294.69,323.66957210361954,,,,0.8,20.813007246376817,42
xlstm,carbon,USA|arizona,US,True,rolling,2024-12-01,8,2025-08-01,314.63,321.63633473873136,,,,0.8,20.813007246376817,42
xlstm,carbon,USA|arizona,US,True,rolling,2024-12-01,9,2025-09-01,312.12,318.44973582804204,,,,0.8,20.813007246376817,42
xlstm,carbon,USA|arizona,US,True,rolling,2024-12-01,10,2025-10-01,306.55,316.46367619276043,,,,0.8,20.813007246376817,42
xlstm,carbon,USA|arizona,US,True,rolling,2024-12-01,11,2025-11-01,317.21,305.355939271599,,,,0.8,20.813007246376817,42
xlstm,carbon,USA|arizona,US,True,rolling,2024-12-01,12,2025-12-01,288.72,306.7415943959355,,,,0.8,20.813007246376817,42
xlstm,carbon,USA|arkansas,US,True,holdout,last12,1,2025-01-01,468.61,402.8390277123451,,,,0.8,47.66137681159421,42
xlstm,carbon,USA|arkansas,US,True,holdout,last12,2,2025-02-01,422.75,404.6369757759571,,,,0.8,47.66137681159421,42
xlstm,carbon,USA|arkansas,US,True,holdout,last12,3,2025-03-01,347.2,411.379346036613,,,,0.8,47.66137681159421,42
xlstm,carbon,USA|arkansas,US,True,holdout,last12,4,2025-04-01,286.12,419.6850103995204,,,,0.8,47.66137681159421,42
xlstm,carbon,USA|arkansas,US,True,holdout,last12,5,2025-05-01,386.67,431.4550961813331,,,,0.8,47.66137681159421,42
xlstm,carbon,USA|arkansas,US,True,holdout,last12,6,2025-06-01,412.08,438.97452401578425,,,,0.8,47.66137681159421,42
xlstm,carbon,USA|arkansas,US,True,holdout,last12,7,2025-07-01,460.66,441.28011053651574,,,,0.8,47.66137681159421,42
xlstm,carbon,USA|arkansas,US,True,holdout,last12,8,2025-08-01,432.6,439.91683528453115,,,,0.8,47.66137681159421,42
xlstm,carbon,USA|arkansas,US,True,holdout,last12,9,2025-09-01,419.79,436.2440830221772,,,,0.8,47.66137681159421,42
xlstm,carbon,USA|arkansas,US,True,holdout,last12,10,2025-10-01,456.23,431.3755307915807,,,,0.8,47.66137681159421,42
xlstm,carbon,USA|arkansas,US,True,holdout,last12,11,2025-11-01,431.12,424.5117967608571,,,,0.8,47.66137681159421,42
xlstm,carbon,USA|arkansas,US,True,holdout,last12,12,2025-12-01,447.74,424.59378964275123,,,,0.8,47.66137681159421,42
xlstm,carbon,USA|arkansas,US,True,rolling,2022-12-01,1,2023-01-01,436.57,479.4112976884842,,,,0.8,48.01357142857143,42
xlstm,carbon,USA|arkansas,US,True,rolling,2022-12-01,2,2023-02-01,362.11,479.57420211791987,,,,0.8,48.01357142857143,42
xlstm,carbon,USA|arkansas,US,True,rolling,2022-12-01,3,2023-03-01,350.18,478.7243014192581,,,,0.8,48.01357142857143,42
xlstm,carbon,USA|arkansas,US,True,rolling,2022-12-01,4,2023-04-01,362.8,479.74049385547636,,,,0.8,48.01357142857143,42
xlstm,carbon,USA|arkansas,US,True,rolling,2022-12-01,5,2023-05-01,475.85,484.8033799386024,,,,0.8,48.01357142857143,42
xlstm,carbon,USA|arkansas,US,True,rolling,2022-12-01,6,2023-06-01,453.63,490.06847995281214,,,,0.8,48.01357142857143,42
xlstm,carbon,USA|arkansas,US,True,rolling,2022-12-01,7,2023-07-01,473.27,494.5860198831558,,,,0.8,48.01357142857143,42
xlstm,carbon,USA|arkansas,US,True,rolling,2022-12-01,8,2023-08-01,465.72,496.68627637386317,,,,0.8,48.01357142857143,42
xlstm,carbon,USA|arkansas,US,True,rolling,2022-12-01,9,2023-09-01,440.06,497.7046851968765,,,,0.8,48.01357142857143,42
xlstm,carbon,USA|arkansas,US,True,rolling,2022-12-01,10,2023-10-01,409.97,498.9687365865707,,,,0.8,48.01357142857143,42
xlstm,carbon,USA|arkansas,US,True,rolling,2022-12-01,11,2023-11-01,397.16,499.68962684631344,,,,0.8,48.01357142857143,42
xlstm,carbon,USA|arkansas,US,True,rolling,2022-12-01,12,2023-12-01,387.23,500.54078210353845,,,,0.8,48.01357142857143,42
xlstm,carbon,USA|arkansas,US,True,rolling,2023-12-01,1,2024-01-01,457.35,409.825053319931,,,,0.8,48.448371212121216,42
xlstm,carbon,USA|arkansas,US,True,rolling,2023-12-01,2,2024-02-01,381.55,413.7735568499565,,,,0.8,48.448371212121216,42
xlstm,carbon,USA|arkansas,US,True,rolling,2023-12-01,3,2024-03-01,344.67,424.6289802765846,,,,0.8,48.448371212121216,42
xlstm,carbon,USA|arkansas,US,True,rolling,2023-12-01,4,2024-04-01,301.93,437.77608492136,,,,0.8,48.448371212121216,42
xlstm,carbon,USA|arkansas,US,True,rolling,2023-12-01,5,2024-05-01,410.44,450.642691180706,,,,0.8,48.448371212121216,42
xlstm,carbon,USA|arkansas,US,True,rolling,2023-12-01,6,2024-06-01,445.89,452.8526379084587,,,,0.8,48.448371212121216,42
xlstm,carbon,USA|arkansas,US,True,rolling,2023-12-01,7,2024-07-01,445.73,453.3539176917076,,,,0.8,48.448371212121216,42
xlstm,carbon,USA|arkansas,US,True,rolling,2023-12-01,8,2024-08-01,434.44,449.3031258201599,,,,0.8,48.448371212121216,42
xlstm,carbon,USA|arkansas,US,True,rolling,2023-12-01,9,2024-09-01,425.47,443.41800205469127,,,,0.8,48.448371212121216,42
xlstm,carbon,USA|arkansas,US,True,rolling,2023-12-01,10,2024-10-01,451.61,437.8875524497032,,,,0.8,48.448371212121216,42
xlstm,carbon,USA|arkansas,US,True,rolling,2023-12-01,11,2024-11-01,330.1,434.54131021261213,,,,0.8,48.448371212121216,42
xlstm,carbon,USA|arkansas,US,True,rolling,2023-12-01,12,2024-12-01,389.54,434.1433851456642,,,,0.8,48.448371212121216,42
xlstm,carbon,USA|arkansas,US,True,rolling,2024-12-01,1,2025-01-01,468.61,402.8390277123451,,,,0.8,47.66137681159421,42
xlstm,carbon,USA|arkansas,US,True,rolling,2024-12-01,2,2025-02-01,422.75,404.6369757759571,,,,0.8,47.66137681159421,42
xlstm,carbon,USA|arkansas,US,True,rolling,2024-12-01,3,2025-03-01,347.2,411.379346036613,,,,0.8,47.66137681159421,42
xlstm,carbon,USA|arkansas,US,True,rolling,2024-12-01,4,2025-04-01,286.12,419.6850103995204,,,,0.8,47.66137681159421,42
xlstm,carbon,USA|arkansas,US,True,rolling,2024-12-01,5,2025-05-01,386.67,431.4550961813331,,,,0.8,47.66137681159421,42
xlstm,carbon,USA|arkansas,US,True,rolling,2024-12-01,6,2025-06-01,412.08,438.97452401578425,,,,0.8,47.66137681159421,42
xlstm,carbon,USA|arkansas,US,True,rolling,2024-12-01,7,2025-07-01,460.66,441.28011053651574,,,,0.8,47.66137681159421,42
xlstm,carbon,USA|arkansas,US,True,rolling,2024-12-01,8,2025-08-01,432.6,439.91683528453115,,,,0.8,47.66137681159421,42
xlstm,carbon,USA|arkansas,US,True,rolling,2024-12-01,9,2025-09-01,419.79,436.2440830221772,,,,0.8,47.66137681159421,42
xlstm,carbon,USA|arkansas,US,True,rolling,2024-12-01,10,2025-10-01,456.23,431.3755307915807,,,,0.8,47.66137681159421,42
xlstm,carbon,USA|arkansas,US,True,rolling,2024-12-01,11,2025-11-01,431.12,424.5117967608571,,,,0.8,47.66137681159421,42
xlstm,carbon,USA|arkansas,US,True,rolling,2024-12-01,12,2025-12-01,447.74,424.59378964275123,,,,0.8,47.66137681159421,42
xlstm,carbon,USA|california,US,True,holdout,last12,1,2025-01-01,220.25,226.21839550018314,,,,0.8,25.847789855072467,42
xlstm,carbon,USA|california,US,True,holdout,last12,2,2025-02-01,184.33,200.9730404186249,,,,0.8,25.847789855072467,42
xlstm,carbon,USA|california,US,True,holdout,last12,3,2025-03-01,140.14,173.74721447706224,,,,0.8,25.847789855072467,42
xlstm,carbon,USA|california,US,True,holdout,last12,4,2025-04-01,129.27,156.58600138902665,,,,0.8,25.847789855072467,42
xlstm,carbon,USA|california,US,True,holdout,last12,5,2025-05-01,133.59,152.40177810668945,,,,0.8,25.847789855072467,42
xlstm,carbon,USA|california,US,True,holdout,last12,6,2025-06-01,141.8,167.4384080696106,,,,0.8,25.847789855072467,42
xlstm,carbon,USA|california,US,True,holdout,last12,7,2025-07-01,160.38,190.49036219596863,,,,0.8,25.847789855072467,42
xlstm,carbon,USA|california,US,True,holdout,last12,8,2025-08-01,203.9,199.4351537513733,,,,0.8,25.847789855072467,42
xlstm,carbon,USA|california,US,True,holdout,last12,9,2025-09-01,205.58,210.35019305229187,,,,0.8,25.847789855072467,42
xlstm,carbon,USA|california,US,True,holdout,last12,10,2025-10-01,195.96,219.2763145017624,,,,0.8,25.847789855072467,42
xlstm,carbon,USA|california,US,True,holdout,last12,11,2025-11-01,221.32,221.2958496618271,,,,0.8,25.847789855072467,42
xlstm,carbon,USA|california,US,True,holdout,last12,12,2025-12-01,201.61,220.1476763057709,,,,0.8,25.847789855072467,42
xlstm,carbon,USA|california,US,True,rolling,2022-12-01,1,2023-01-01,249.03,287.82061863541605,,,,0.8,26.149166666666666,42
xlstm,carbon,USA|california,US,True,rolling,2022-12-01,2,2023-02-01,237.55,280.8559764838219,,,,0.8,26.149166666666666,42
xlstm,carbon,USA|california,US,True,rolling,2022-12-01,3,2023-03-01,207.4,265.91185262918475,,,,0.8,26.149166666666666,42
xlstm,carbon,USA|california,US,True,rolling,2022-12-01,4,2023-04-01,170.92,245.39177411645653,,,,0.8,26.149166666666666,42
xlstm,carbon,USA|california,US,True,rolling,2022-12-01,5,2023-05-01,130.7,222.42363806754352,,,,0.8,26.149166666666666,42
xlstm,carbon,USA|california,US,True,rolling,2022-12-01,6,2023-06-01,149.78,212.33473219931125,,,,0.8,26.149166666666666,42
xlstm,carbon,USA|california,US,True,rolling,2022-12-01,7,2023-07-01,229.25,219.93326936334375,,,,0.8,26.149166666666666,42
xlstm,carbon,USA|california,US,True,rolling,2022-12-01,8,2023-08-01,236.04,239.37078950643541,,,,0.8,26.149166666666666,42
xlstm,carbon,USA|california,US,True,rolling,2022-12-01,9,2023-09-01,205.83,259.30121544420723,,,,0.8,26.149166666666666,42
xlstm,carbon,USA|california,US,True,rolling,2022-12-01,10,2023-10-01,249.36,276.7508701050282,,,,0.8,26.149166666666666,42
xlstm,carbon,USA|california,US,True,rolling,2022-12-01,11,2023-11-01,259.39,290.3549024432898,,,,0.8,26.149166666666666,42
xlstm,carbon,USA|california,US,True,rolling,2022-12-01,12,2023-12-01,273.67,299.8152553868294,,,,0.8,26.149166666666666,42
xlstm,carbon,USA|california,US,True,rolling,2023-12-01,1,2024-01-01,269.22,278.4385543489456,,,,0.8,26.007803030303027,42
xlstm,carbon,USA|california,US,True,rolling,2023-12-01,2,2024-02-01,210.55,276.25986711144446,,,,0.8,26.007803030303027,42
xlstm,carbon,USA|california,US,True,rolling,2023-12-01,3,2024-03-01,158.74,264.7314860343933,,,,0.8,26.007803030303027,42
xlstm,carbon,USA|california,US,True,rolling,2023-12-01,4,2024-04-01,145.24,244.47775812447068,,,,0.8,26.007803030303027,42
xlstm,carbon,USA|california,US,True,rolling,2023-12-01,5,2024-05-01,126.88,221.08520072102547,,,,0.8,26.007803030303027,42
xlstm,carbon,USA|california,US,True,rolling,2023-12-01,6,2024-06-01,155.86,211.7215446996689,,,,0.8,26.007803030303027,42
xlstm,carbon,USA|california,US,True,rolling,2023-12-01,7,2024-07-01,220.38,226.4541304910183,,,,0.8,26.007803030303027,42
xlstm,carbon,USA|california,US,True,rolling,2023-12-01,8,2024-08-01,206.75,239.95787367999552,,,,0.8,26.007803030303027,42
xlstm,carbon,USA|california,US,True,rolling,2023-12-01,9,2024-09-01,210.49,252.66120033502577,,,,0.8,26.007803030303027,42
xlstm,carbon,USA|california,US,True,rolling,2023-12-01,10,2024-10-01,227.96,270.91932574629783,,,,0.8,26.007803030303027,42
xlstm,carbon,USA|california,US,True,rolling,2023-12-01,11,2024-11-01,223.21,283.3085579037666,,,,0.8,26.007803030303027,42
xlstm,carbon,USA|california,US,True,rolling,2023-12-01,12,2024-12-01,237.57,291.3554969263077,,,,0.8,26.007803030303027,42
xlstm,carbon,USA|california,US,True,rolling,2024-12-01,1,2025-01-01,220.25,226.21839550018314,,,,0.8,25.847789855072467,42
xlstm,carbon,USA|california,US,True,rolling,2024-12-01,2,2025-02-01,184.33,200.9730404186249,,,,0.8,25.847789855072467,42
xlstm,carbon,USA|california,US,True,rolling,2024-12-01,3,2025-03-01,140.14,173.74721447706224,,,,0.8,25.847789855072467,42
xlstm,carbon,USA|california,US,True,rolling,2024-12-01,4,2025-04-01,129.27,156.58600138902665,,,,0.8,25.847789855072467,42
xlstm,carbon,USA|california,US,True,rolling,2024-12-01,5,2025-05-01,133.59,152.40177810668945,,,,0.8,25.847789855072467,42
xlstm,carbon,USA|california,US,True,rolling,2024-12-01,6,2025-06-01,141.8,167.4384080696106,,,,0.8,25.847789855072467,42
xlstm,carbon,USA|california,US,True,rolling,2024-12-01,7,2025-07-01,160.38,190.49036219596863,,,,0.8,25.847789855072467,42
xlstm,carbon,USA|california,US,True,rolling,2024-12-01,8,2025-08-01,203.9,199.4351537513733,,,,0.8,25.847789855072467,42
xlstm,carbon,USA|california,US,True,rolling,2024-12-01,9,2025-09-01,205.58,210.35019305229187,,,,0.8,25.847789855072467,42
xlstm,carbon,USA|california,US,True,rolling,2024-12-01,10,2025-10-01,195.96,219.2763145017624,,,,0.8,25.847789855072467,42
xlstm,carbon,USA|california,US,True,rolling,2024-12-01,11,2025-11-01,221.32,221.2958496618271,,,,0.8,25.847789855072467,42
xlstm,carbon,USA|california,US,True,rolling,2024-12-01,12,2025-12-01,201.61,220.1476763057709,,,,0.8,25.847789855072467,42
xlstm,carbon,USA|colorado,US,True,holdout,last12,1,2025-01-01,409.29,375.18828894123436,,,,0.8,24.53539855072464,42
xlstm,carbon,USA|colorado,US,True,holdout,last12,2,2025-02-01,394.75,368.73497056901454,,,,0.8,24.53539855072464,42
xlstm,carbon,USA|colorado,US,True,holdout,last12,3,2025-03-01,337.83,365.66336849153043,,,,0.8,24.53539855072464,42
xlstm,carbon,USA|colorado,US,True,holdout,last12,4,2025-04-01,348.54,367.974749622643,,,,0.8,24.53539855072464,42
xlstm,carbon,USA|colorado,US,True,holdout,last12,5,2025-05-01,346.1,375.58908173948527,,,,0.8,24.53539855072464,42
xlstm,carbon,USA|colorado,US,True,holdout,last12,6,2025-06-01,354.68,382.74123415708544,,,,0.8,24.53539855072464,42
xlstm,carbon,USA|colorado,US,True,holdout,last12,7,2025-07-01,373.05,383.0434274838865,,,,0.8,24.53539855072464,42
xlstm,carbon,USA|colorado,US,True,holdout,last12,8,2025-08-01,384.31,379.89952953711156,,,,0.8,24.53539855072464,42
xlstm,carbon,USA|colorado,US,True,holdout,last12,9,2025-09-01,350.0,377.384575843364,,,,0.8,24.53539855072464,42
xlstm,carbon,USA|colorado,US,True,holdout,last12,10,2025-10-01,304.8,376.4641130119562,,,,0.8,24.53539855072464,42
xlstm,carbon,USA|colorado,US,True,holdout,last12,11,2025-11-01,323.54,377.8275850003958,,,,0.8,24.53539855072464,42
xlstm,carbon,USA|colorado,US,True,holdout,last12,12,2025-12-01,317.06,377.46521135985853,,,,0.8,24.53539855072464,42
xlstm,carbon,USA|colorado,US,True,rolling,2022-12-01,1,2023-01-01,458.49,431.7898988847434,,,,0.8,23.739166666666662,42
xlstm,carbon,USA|colorado,US,True,rolling,2022-12-01,2,2023-02-01,391.5,431.22273340448737,,,,0.8,23.739166666666662,42
xlstm,carbon,USA|colorado,US,True,rolling,2022-12-01,3,2023-03-01,391.14,431.94212998166677,,,,0.8,23.739166666666662,42
xlstm,carbon,USA|colorado,US,True,rolling,2022-12-01,4,2023-04-01,356.16,434.8219573435187,,,,0.8,23.739166666666662,42
xlstm,carbon,USA|colorado,US,True,rolling,2022-12-01,5,2023-05-01,355.43,441.80476405099034,,,,0.8,23.739166666666662,42
xlstm,carbon,USA|colorado,US,True,rolling,2022-12-01,6,2023-06-01,404.78,446.15412959367035,,,,0.8,23.739166666666662,42
xlstm,carbon,USA|colorado,US,True,rolling,2022-12-01,7,2023-07-01,447.45,446.8550791549682,,,,0.8,23.739166666666662,42
xlstm,carbon,USA|colorado,US,True,rolling,2022-12-01,8,2023-08-01,435.8,443.5258866843581,,,,0.8,23.739166666666662,42
xlstm,carbon,USA|colorado,US,True,rolling,2022-12-01,9,2023-09-01,434.22,439.93158935800193,,,,0.8,23.739166666666662,42
xlstm,carbon,USA|colorado,US,True,rolling,2022-12-01,10,2023-10-01,421.17,438.4555564446747,,,,0.8,23.739166666666662,42
xlstm,carbon,USA|colorado,US,True,rolling,2022-12-01,11,2023-11-01,417.5,436.88960976317526,,,,0.8,23.739166666666662,42
xlstm,carbon,USA|colorado,US,True,rolling,2022-12-01,12,2023-12-01,421.99,438.2265492133796,,,,0.8,23.739166666666662,42
xlstm,carbon,USA|colorado,US,True,rolling,2023-12-01,1,2024-01-01,453.18,410.4985544168949,,,,0.8,23.807575757575755,42
xlstm,carbon,USA|colorado,US,True,rolling,2023-12-01,2,2024-02-01,412.17,407.38163227662443,,,,0.8,23.807575757575755,42
xlstm,carbon,USA|colorado,US,True,rolling,2023-12-01,3,2024-03-01,341.29,408.92890968903896,,,,0.8,23.807575757575755,42
xlstm,carbon,USA|colorado,US,True,rolling,2023-12-01,4,2024-04-01,276.68,410.5501727233827,,,,0.8,23.807575757575755,42
xlstm,carbon,USA|colorado,US,True,rolling,2023-12-01,5,2024-05-01,291.44,414.8546863348782,,,,0.8,23.807575757575755,42
xlstm,carbon,USA|colorado,US,True,rolling,2023-12-01,6,2024-06-01,374.26,419.54692065969107,,,,0.8,23.807575757575755,42
xlstm,carbon,USA|colorado,US,True,rolling,2023-12-01,7,2024-07-01,413.71,420.5013191309571,,,,0.8,23.807575757575755,42
xlstm,carbon,USA|colorado,US,True,rolling,2023-12-01,8,2024-08-01,406.83,418.033746766597,,,,0.8,23.807575757575755,42
xlstm,carbon,USA|colorado,US,True,rolling,2023-12-01,9,2024-09-01,388.17,416.5090836176276,,,,0.8,23.807575757575755,42
xlstm,carbon,USA|colorado,US,True,rolling,2023-12-01,10,2024-10-01,360.64,415.1137224434316,,,,0.8,23.807575757575755,42
xlstm,carbon,USA|colorado,US,True,rolling,2023-12-01,11,2024-11-01,381.28,414.7045542959869,,,,0.8,23.807575757575755,42
xlstm,carbon,USA|colorado,US,True,rolling,2023-12-01,12,2024-12-01,390.75,414.54864367380736,,,,0.8,23.807575757575755,42
xlstm,carbon,USA|colorado,US,True,rolling,2024-12-01,1,2025-01-01,409.29,375.18828894123436,,,,0.8,24.53539855072464,42
xlstm,carbon,USA|colorado,US,True,rolling,2024-12-01,2,2025-02-01,394.75,368.73497056901454,,,,0.8,24.53539855072464,42
xlstm,carbon,USA|colorado,US,True,rolling,2024-12-01,3,2025-03-01,337.83,365.66336849153043,,,,0.8,24.53539855072464,42
xlstm,carbon,USA|colorado,US,True,rolling,2024-12-01,4,2025-04-01,348.54,367.974749622643,,,,0.8,24.53539855072464,42
xlstm,carbon,USA|colorado,US,True,rolling,2024-12-01,5,2025-05-01,346.1,375.58908173948527,,,,0.8,24.53539855072464,42
xlstm,carbon,USA|colorado,US,True,rolling,2024-12-01,6,2025-06-01,354.68,382.74123415708544,,,,0.8,24.53539855072464,42
xlstm,carbon,USA|colorado,US,True,rolling,2024-12-01,7,2025-07-01,373.05,383.0434274838865,,,,0.8,24.53539855072464,42
xlstm,carbon,USA|colorado,US,True,rolling,2024-12-01,8,2025-08-01,384.31,379.89952953711156,,,,0.8,24.53539855072464,42
xlstm,carbon,USA|colorado,US,True,rolling,2024-12-01,9,2025-09-01,350.0,377.384575843364,,,,0.8,24.53539855072464,42
xlstm,carbon,USA|colorado,US,True,rolling,2024-12-01,10,2025-10-01,304.8,376.4641130119562,,,,0.8,24.53539855072464,42
xlstm,carbon,USA|colorado,US,True,rolling,2024-12-01,11,2025-11-01,323.54,377.8275850003958,,,,0.8,24.53539855072464,42
xlstm,carbon,USA|colorado,US,True,rolling,2024-12-01,12,2025-12-01,317.06,377.46521135985853,,,,0.8,24.53539855072464,42
xlstm,carbon,USA|connecticut,US,False,holdout,last12,1,2025-01-01,287.97,297.658102555275,,,,0.8,33.26054347826087,42
xlstm,carbon,USA|connecticut,US,False,holdout,last12,2,2025-02-01,284.05,291.88865715116265,,,,0.8,33.26054347826087,42
xlstm,carbon,USA|connecticut,US,False,holdout,last12,3,2025-03-01,273.17,290.03596572935584,,,,0.8,33.26054347826087,42
xlstm,carbon,USA|connecticut,US,False,holdout,last12,4,2025-04-01,303.99,289.4147302168608,,,,0.8,33.26054347826087,42
xlstm,carbon,USA|connecticut,US,False,holdout,last12,5,2025-05-01,266.01,290.65394348949195,,,,0.8,33.26054347826087,42
xlstm,carbon,USA|connecticut,US,False,holdout,last12,6,2025-06-01,274.02,292.31650295704605,,,,0.8,33.26054347826087,42
xlstm,carbon,USA|connecticut,US,False,holdout,last12,7,2025-07-01,301.22,293.86508362144235,,,,0.8,33.26054347826087,42
xlstm,carbon,USA|connecticut,US,False,holdout,last12,8,2025-08-01,301.18,295.14664767473937,,,,0.8,33.26054347826087,42
xlstm,carbon,USA|connecticut,US,False,holdout,last12,9,2025-09-01,277.87,296.151243236363,,,,0.8,33.26054347826087,42
xlstm,carbon,USA|connecticut,US,False,holdout,last12,10,2025-10-01,283.68,296.4052458497882,,,,0.8,33.26054347826087,42
xlstm,carbon,USA|connecticut,US,False,holdout,last12,11,2025-11-01,279.34,295.95926550596954,,,,0.8,33.26054347826087,42
xlstm,carbon,USA|connecticut,US,False,holdout,last12,12,2025-12-01,289.29,295.40948789834977,,,,0.8,33.26054347826087,42
xlstm,carbon,USA|connecticut,US,False,rolling,2022-12-01,1,2023-01-01,282.62,288.59736610412597,,,,0.8,32.96373015873016,42
xlstm,carbon,USA|connecticut,US,False,rolling,2022-12-01,2,2023-02-01,278.48,292.6137324568629,,,,0.8,32.96373015873016,42
xlstm,carbon,USA|connecticut,US,False,rolling,2022-12-01,3,2023-03-01,280.64,296.31271037220955,,,,0.8,32.96373015873016,42
xlstm,carbon,USA|connecticut,US,False,rolling,2022-12-01,4,2023-04-01,304.72,299.3983802559972,,,,0.8,32.96373015873016,42
xlstm,carbon,USA|connecticut,US,False,rolling,2022-12-01,5,2023-05-01,300.74,300.4804133567214,,,,0.8,32.96373015873016,42
xlstm,carbon,USA|connecticut,US,False,rolling,2022-12-01,6,2023-06-01,457.02,299.7652814257145,,,,0.8,32.96373015873016,42
xlstm,carbon,USA|connecticut,US,False,rolling,2022-12-01,7,2023-07-01,307.52,299.29168248683214,,,,0.8,32.96373015873016,42
xlstm,carbon,USA|connecticut,US,False,rolling,2022-12-01,8,2023-08-01,287.51,298.2981020408869,,,,0.8,32.96373015873016,42
xlstm,carbon,USA|connecticut,US,False,rolling,2022-12-01,9,2023-09-01,298.99,297.1487533992529,,,,0.8,32.96373015873016,42
xlstm,carbon,USA|connecticut,US,False,rolling,2022-12-01,10,2023-10-01,294.87,296.497211433351,,,,0.8,32.96373015873016,42
xlstm,carbon,USA|connecticut,US,False,rolling,2022-12-01,11,2023-11-01,365.33,296.965698337853,,,,0.8,32.96373015873016,42
xlstm,carbon,USA|connecticut,US,False,rolling,2022-12-01,12,2023-12-01,306.96,297.3568582797051,,,,0.8,32.96373015873016,42
xlstm,carbon,USA|connecticut,US,False,rolling,2023-12-01,1,2024-01-01,306.79,300.5992575237155,,,,0.8,32.99272727272727,42
xlstm,carbon,USA|connecticut,US,False,rolling,2023-12-01,2,2024-02-01,267.61,299.53711967825893,,,,0.8,32.99272727272727,42
xlstm,carbon,USA|connecticut,US,False,rolling,2023-12-01,3,2024-03-01,273.35,297.9609714540839,,,,0.8,32.99272727272727,42
xlstm,carbon,USA|connecticut,US,False,rolling,2023-12-01,4,2024-04-01,246.12,296.5927664986253,,,,0.8,32.99272727272727,42
xlstm,carbon,USA|connecticut,US,False,rolling,2023-12-01,5,2024-05-01,250.22,295.6208675429225,,,,0.8,32.99272727272727,42
xlstm,carbon,USA|connecticut,US,False,rolling,2023-12-01,6,2024-06-01,285.71,295.0368537649512,,,,0.8,32.99272727272727,42
xlstm,carbon,USA|connecticut,US,False,rolling,2023-12-01,7,2024-07-01,306.14,293.72182757645845,,,,0.8,32.99272727272727,42
xlstm,carbon,USA|connecticut,US,False,rolling,2023-12-01,8,2024-08-01,303.87,293.3399985858798,,,,0.8,32.99272727272727,42
xlstm,carbon,USA|connecticut,US,False,rolling,2023-12-01,9,2024-09-01,325.09,293.3184787073732,,,,0.8,32.99272727272727,42
xlstm,carbon,USA|connecticut,US,False,rolling,2023-12-01,10,2024-10-01,329.69,293.2329435697198,,,,0.8,32.99272727272727,42
xlstm,carbon,USA|connecticut,US,False,rolling,2023-12-01,11,2024-11-01,311.31,293.2250586181879,,,,0.8,32.99272727272727,42
xlstm,carbon,USA|connecticut,US,False,rolling,2023-12-01,12,2024-12-01,292.57,292.08737153917554,,,,0.8,32.99272727272727,42
xlstm,carbon,USA|connecticut,US,False,rolling,2024-12-01,1,2025-01-01,287.97,297.658102555275,,,,0.8,33.26054347826087,42
xlstm,carbon,USA|connecticut,US,False,rolling,2024-12-01,2,2025-02-01,284.05,291.88865715116265,,,,0.8,33.26054347826087,42
xlstm,carbon,USA|connecticut,US,False,rolling,2024-12-01,3,2025-03-01,273.17,290.03596572935584,,,,0.8,33.26054347826087,42
xlstm,carbon,USA|connecticut,US,False,rolling,2024-12-01,4,2025-04-01,303.99,289.4147302168608,,,,0.8,33.26054347826087,42
xlstm,carbon,USA|connecticut,US,False,rolling,2024-12-01,5,2025-05-01,266.01,290.65394348949195,,,,0.8,33.26054347826087,42
xlstm,carbon,USA|connecticut,US,False,rolling,2024-12-01,6,2025-06-01,274.02,292.31650295704605,,,,0.8,33.26054347826087,42
xlstm,carbon,USA|connecticut,US,False,rolling,2024-12-01,7,2025-07-01,301.22,293.86508362144235,,,,0.8,33.26054347826087,42
xlstm,carbon,USA|connecticut,US,False,rolling,2024-12-01,8,2025-08-01,301.18,295.14664767473937,,,,0.8,33.26054347826087,42
xlstm,carbon,USA|connecticut,US,False,rolling,2024-12-01,9,2025-09-01,277.87,296.151243236363,,,,0.8,33.26054347826087,42
xlstm,carbon,USA|connecticut,US,False,rolling,2024-12-01,10,2025-10-01,283.68,296.4052458497882,,,,0.8,33.26054347826087,42
xlstm,carbon,USA|connecticut,US,False,rolling,2024-12-01,11,2025-11-01,279.34,295.95926550596954,,,,0.8,33.26054347826087,42
xlstm,carbon,USA|connecticut,US,False,rolling,2024-12-01,12,2025-12-01,289.29,295.40948789834977,,,,0.8,33.26054347826087,42
xlstm,carbon,USA|delaware,US,False,holdout,last12,1,2025-01-01,598.41,478.0740034455061,,,,0.8,31.041485507246374,42
xlstm,carbon,USA|delaware,US,False,holdout,last12,2,2025-02-01,523.69,478.8845808982849,,,,0.8,31.041485507246374,42
xlstm,carbon,USA|delaware,US,False,holdout,last12,3,2025-03-01,414.25,480.36016994804146,,,,0.8,31.041485507246374,42
xlstm,carbon,USA|delaware,US,False,holdout,last12,4,2025-04-01,457.07,481.8012708586454,,,,0.8,31.041485507246374,42
xlstm,carbon,USA|delaware,US,False,holdout,last12,5,2025-05-01,415.49,482.9582640428841,,,,0.8,31.041485507246374,42
xlstm,carbon,USA|delaware,US,False,holdout,last12,6,2025-06-01,456.55,483.91026622638105,,,,0.8,31.041485507246374,42
xlstm,carbon,USA|delaware,US,False,holdout,last12,7,2025-07-01,472.41,484.4017593732476,,,,0.8,31.041485507246374,42
xlstm,carbon,USA|delaware,US,False,holdout,last12,8,2025-08-01,459.02,484.6016642229259,,,,0.8,31.041485507246374,42
xlstm,carbon,USA|delaware,US,False,holdout,last12,9,2025-09-01,460.94,485.09639594197273,,,,0.8,31.041485507246374,42
xlstm,carbon,USA|delaware,US,False,holdout,last12,10,2025-10-01,471.01,485.9743410052359,,,,0.8,31.041485507246374,42
xlstm,carbon,USA|delaware,US,False,holdout,last12,11,2025-11-01,472.81,486.609998396337,,,,0.8,31.041485507246374,42
xlstm,carbon,USA|delaware,US,False,holdout,last12,12,2025-12-01,472.08,487.12763372257353,,,,0.8,31.041485507246374,42
xlstm,carbon,USA|delaware,US,False,rolling,2022-12-01,1,2023-01-01,471.7,493.2562022583187,,,,0.8,31.87392857142857,42
xlstm,carbon,USA|delaware,US,False,rolling,2022-12-01,2,2023-02-01,444.88,492.21556831762194,,,,0.8,31.87392857142857,42
xlstm,carbon,USA|delaware,US,False,rolling,2022-12-01,3,2023-03-01,446.13,492.6987519048154,,,,0.8,31.87392857142857,42
xlstm,carbon,USA|delaware,US,False,rolling,2022-12-01,4,2023-04-01,459.36,494.2406762997806,,,,0.8,31.87392857142857,42
xlstm,carbon,USA|delaware,US,False,rolling,2022-12-01,5,2023-05-01,434.05,495.2781221239269,,,,0.8,31.87392857142857,42
xlstm,carbon,USA|delaware,US,False,rolling,2022-12-01,6,2023-06-01,456.61,496.10622517958285,,,,0.8,31.87392857142857,42
xlstm,carbon,USA|delaware,US,False,rolling,2022-12-01,7,2023-07-01,476.15,496.523306439966,,,,0.8,31.87392857142857,42
xlstm,carbon,USA|delaware,US,False,rolling,2022-12-01,8,2023-08-01,465.38,497.08211583033204,,,,0.8,31.87392857142857,42
xlstm,carbon,USA|delaware,US,False,rolling,2022-12-01,9,2023-09-01,468.4,497.5322737999261,,,,0.8,31.87392857142857,42
xlstm,carbon,USA|delaware,US,False,rolling,2022-12-01,10,2023-10-01,464.77,498.2954598541558,,,,0.8,31.87392857142857,42
xlstm,carbon,USA|delaware,US,False,rolling,2022-12-01,11,2023-11-01,463.29,498.9189103512466,,,,0.8,31.87392857142857,42
xlstm,carbon,USA|delaware,US,False,rolling,2022-12-01,12,2023-12-01,451.54,499.47817956611516,,,,0.8,31.87392857142857,42
xlstm,carbon,USA|delaware,US,False,rolling,2023-12-01,1,2024-01-01,494.58,475.6339596367627,,,,0.8,31.74878787878788,42
xlstm,carbon,USA|delaware,US,False,rolling,2023-12-01,2,2024-02-01,459.93,475.70595150358974,,,,0.8,31.74878787878788,42
xlstm,carbon,USA|delaware,US,False,rolling,2023-12-01,3,2024-03-01,449.9,476.6094175774604,,,,0.8,31.74878787878788,42
xlstm,carbon,USA|delaware,US,False,rolling,2023-12-01,4,2024-04-01,452.61,477.64459266550836,,,,0.8,31.74878787878788,42
xlstm,carbon,USA|delaware,US,False,rolling,2023-12-01,5,2024-05-01,455.27,478.4960770013183,,,,0.8,31.74878787878788,42
xlstm,carbon,USA|delaware,US,False,rolling,2023-12-01,6,2024-06-01,470.8,479.96987421810627,,,,0.8,31.74878787878788,42
xlstm,carbon,USA|delaware,US,False,rolling,2023-12-01,7,2024-07-01,482.21,480.91615315437315,,,,0.8,31.74878787878788,42
xlstm,carbon,USA|delaware,US,False,rolling,2023-12-01,8,2024-08-01,471.26,481.42220394864677,,,,0.8,31.74878787878788,42
xlstm,carbon,USA|delaware,US,False,rolling,2023-12-01,9,2024-09-01,455.9,482.1952511280775,,,,0.8,31.74878787878788,42
xlstm,carbon,USA|delaware,US,False,rolling,2023-12-01,10,2024-10-01,464.4,482.8821310509741,,,,0.8,31.74878787878788,42
xlstm,carbon,USA|delaware,US,False,rolling,2023-12-01,11,2024-11-01,468.36,483.6389906786382,,,,0.8,31.74878787878788,42
xlstm,carbon,USA|delaware,US,False,rolling,2023-12-01,12,2024-12-01,523.57,484.4121758955717,,,,0.8,31.74878787878788,42
xlstm,carbon,USA|delaware,US,False,rolling,2024-12-01,1,2025-01-01,598.41,478.0740034455061,,,,0.8,31.041485507246374,42
xlstm,carbon,USA|delaware,US,False,rolling,2024-12-01,2,2025-02-01,523.69,478.8845808982849,,,,0.8,31.041485507246374,42
xlstm,carbon,USA|delaware,US,False,rolling,2024-12-01,3,2025-03-01,414.25,480.36016994804146,,,,0.8,31.041485507246374,42
xlstm,carbon,USA|delaware,US,False,rolling,2024-12-01,4,2025-04-01,457.07,481.8012708586454,,,,0.8,31.041485507246374,42
xlstm,carbon,USA|delaware,US,False,rolling,2024-12-01,5,2025-05-01,415.49,482.9582640428841,,,,0.8,31.041485507246374,42
xlstm,carbon,USA|delaware,US,False,rolling,2024-12-01,6,2025-06-01,456.55,483.91026622638105,,,,0.8,31.041485507246374,42
xlstm,carbon,USA|delaware,US,False,rolling,2024-12-01,7,2025-07-01,472.41,484.4017593732476,,,,0.8,31.041485507246374,42
xlstm,carbon,USA|delaware,US,False,rolling,2024-12-01,8,2025-08-01,459.02,484.6016642229259,,,,0.8,31.041485507246374,42
xlstm,carbon,USA|delaware,US,False,rolling,2024-12-01,9,2025-09-01,460.94,485.09639594197273,,,,0.8,31.041485507246374,42
xlstm,carbon,USA|delaware,US,False,rolling,2024-12-01,10,2025-10-01,471.01,485.9743410052359,,,,0.8,31.041485507246374,42
xlstm,carbon,USA|delaware,US,False,rolling,2024-12-01,11,2025-11-01,472.81,486.609998396337,,,,0.8,31.041485507246374,42
xlstm,carbon,USA|delaware,US,False,rolling,2024-12-01,12,2025-12-01,472.08,487.12763372257353,,,,0.8,31.041485507246374,42
xlstm,carbon,USA|florida,US,True,holdout,last12,1,2025-01-01,403.21,407.39902272403236,,,,0.8,14.52355072463768,42
xlstm,carbon,USA|florida,US,True,holdout,last12,2,2025-02-01,375.13,407.0771760781109,,,,0.8,14.52355072463768,42
xlstm,carbon,USA|florida,US,True,holdout,last12,3,2025-03-01,374.66,409.24980998009437,,,,0.8,14.52355072463768,42
xlstm,carbon,USA|florida,US,True,holdout,last12,4,2025-04-01,377.2,410.42598094075913,,,,0.8,14.52355072463768,42
xlstm,carbon,USA|florida,US,True,holdout,last12,5,2025-05-01,395.79,412.44637731909745,,,,0.8,14.52355072463768,42
xlstm,carbon,USA|florida,US,True,holdout,last12,6,2025-06-01,406.24,413.1404747328162,,,,0.8,14.52355072463768,42
xlstm,carbon,USA|florida,US,True,holdout,last12,7,2025-07-01,409.98,412.3836463731527,,,,0.8,14.52355072463768,42
xlstm,carbon,USA|florida,US,True,holdout,last12,8,2025-08-01,413.24,411.4371357363462,,,,0.8,14.52355072463768,42
xlstm,carbon,USA|florida,US,True,holdout,last12,9,2025-09-01,413.88,410.4973244604468,,,,0.8,14.52355072463768,42
xlstm,carbon,USA|florida,US,True,holdout,last12,10,2025-10-01,413.26,408.51617387309665,,,,0.8,14.52355072463768,42
xlstm,carbon,USA|florida,US,True,holdout,last12,11,2025-11-01,379.33,407.8889049214124,,,,0.8,14.52355072463768,42
xlstm,carbon,USA|florida,US,True,holdout,last12,12,2025-12-01,388.5,408.3585145410895,,,,0.8,14.52355072463768,42
xlstm,carbon,USA|florida,US,True,rolling,2022-12-01,1,2023-01-01,405.31,426.28318268552425,,,,0.8,14.799563492063491,42
xlstm,carbon,USA|florida,US,True,rolling,2022-12-01,2,2023-02-01,404.04,426.1514471749962,,,,0.8,14.799563492063491,42
xlstm,carbon,USA|florida,US,True,rolling,2022-12-01,3,2023-03-01,413.27,426.9694058254361,,,,0.8,14.799563492063491,42
xlstm,carbon,USA|florida,US,True,rolling,2022-12-01,4,2023-04-01,417.32,427.85733681857585,,,,0.8,14.799563492063491,42
xlstm,carbon,USA|florida,US,True,rolling,2022-12-01,5,2023-05-01,407.88,428.377029235065,,,,0.8,14.799563492063491,42
xlstm,carbon,USA|florida,US,True,rolling,2022-12-01,6,2023-06-01,418.28,428.9125718829036,,,,0.8,14.799563492063491,42
xlstm,carbon,USA|florida,US,True,rolling,2022-12-01,7,2023-07-01,430.44,428.65214804232124,,,,0.8,14.799563492063491,42
xlstm,carbon,USA|florida,US,True,rolling,2022-12-01,8,2023-08-01,431.45,428.3309491249919,,,,0.8,14.799563492063491,42
xlstm,carbon,USA|florida,US,True,rolling,2022-12-01,9,2023-09-01,426.6,427.81329541087155,,,,0.8,14.799563492063491,42
xlstm,carbon,USA|florida,US,True,rolling,2022-12-01,10,2023-10-01,421.49,426.342252047956,,,,0.8,14.799563492063491,42
xlstm,carbon,USA|florida,US,True,rolling,2022-12-01,11,2023-11-01,416.69,427.2819280254841,,,,0.8,14.799563492063491,42
xlstm,carbon,USA|florida,US,True,rolling,2022-12-01,12,2023-12-01,410.15,427.38325561061504,,,,0.8,14.799563492063491,42
xlstm,carbon,USA|florida,US,True,rolling,2023-12-01,1,2024-01-01,412.56,415.382658078149,,,,0.8,14.592840909090908,42
xlstm,carbon,USA|florida,US,True,rolling,2023-12-01,2,2024-02-01,380.4,416.6018945453316,,,,0.8,14.592840909090908,42
xlstm,carbon,USA|florida,US,True,rolling,2023-12-01,3,2024-03-01,394.85,418.10400864221157,,,,0.8,14.592840909090908,42
xlstm,carbon,USA|florida,US,True,rolling,2023-12-01,4,2024-04-01,385.86,418.7460784568638,,,,0.8,14.592840909090908,42
xlstm,carbon,USA|florida,US,True,rolling,2023-12-01,5,2024-05-01,402.43,419.0064732376486,,,,0.8,14.592840909090908,42
xlstm,carbon,USA|florida,US,True,rolling,2023-12-01,6,2024-06-01,419.28,420.33119254373014,,,,0.8,14.592840909090908,42
xlstm,carbon,USA|florida,US,True,rolling,2023-12-01,7,2024-07-01,421.34,420.57250661291187,,,,0.8,14.592840909090908,42
xlstm,carbon,USA|florida,US,True,rolling,2023-12-01,8,2024-08-01,420.89,419.4410983517021,,,,0.8,14.592840909090908,42
xlstm,carbon,USA|florida,US,True,rolling,2023-12-01,9,2024-09-01,433.85,418.11181338287895,,,,0.8,14.592840909090908,42
xlstm,carbon,USA|florida,US,True,rolling,2023-12-01,10,2024-10-01,417.28,417.2154552231729,,,,0.8,14.592840909090908,42
xlstm,carbon,USA|florida,US,True,rolling,2023-12-01,11,2024-11-01,403.55,416.8052682887763,,,,0.8,14.592840909090908,42
xlstm,carbon,USA|florida,US,True,rolling,2023-12-01,12,2024-12-01,385.64,416.88725399412215,,,,0.8,14.592840909090908,42
xlstm,carbon,USA|florida,US,True,rolling,2024-12-01,1,2025-01-01,403.21,407.39902272403236,,,,0.8,14.52355072463768,42
xlstm,carbon,USA|florida,US,True,rolling,2024-12-01,2,2025-02-01,375.13,407.0771760781109,,,,0.8,14.52355072463768,42
xlstm,carbon,USA|florida,US,True,rolling,2024-12-01,3,2025-03-01,374.66,409.24980998009437,,,,0.8,14.52355072463768,42
xlstm,carbon,USA|florida,US,True,rolling,2024-12-01,4,2025-04-01,377.2,410.42598094075913,,,,0.8,14.52355072463768,42
xlstm,carbon,USA|florida,US,True,rolling,2024-12-01,5,2025-05-01,395.79,412.44637731909745,,,,0.8,14.52355072463768,42
xlstm,carbon,USA|florida,US,True,rolling,2024-12-01,6,2025-06-01,406.24,413.1404747328162,,,,0.8,14.52355072463768,42
xlstm,carbon,USA|florida,US,True,rolling,2024-12-01,7,2025-07-01,409.98,412.3836463731527,,,,0.8,14.52355072463768,42
xlstm,carbon,USA|florida,US,True,rolling,2024-12-01,8,2025-08-01,413.24,411.4371357363462,,,,0.8,14.52355072463768,42
xlstm,carbon,USA|florida,US,True,rolling,2024-12-01,9,2025-09-01,413.88,410.4973244604468,,,,0.8,14.52355072463768,42
xlstm,carbon,USA|florida,US,True,rolling,2024-12-01,10,2025-10-01,413.26,408.51617387309665,,,,0.8,14.52355072463768,42
xlstm,carbon,USA|florida,US,True,rolling,2024-12-01,11,2025-11-01,379.33,407.8889049214124,,,,0.8,14.52355072463768,42
xlstm,carbon,USA|florida,US,True,rolling,2024-12-01,12,2025-12-01,388.5,408.3585145410895,,,,0.8,14.52355072463768,42
xlstm,carbon,USA|georgia,US,True,holdout,last12,1,2025-01-01,348.89,330.7246943598986,,,,0.8,28.06677536231884,42
xlstm,carbon,USA|georgia,US,True,holdout,last12,2,2025-02-01,303.29,326.8140696436167,,,,0.8,28.06677536231884,42
xlstm,carbon,USA|georgia,US,True,holdout,last12,3,2025-03-01,302.63,325.60465870022773,,,,0.8,28.06677536231884,42
xlstm,carbon,USA|georgia,US,True,holdout,last12,4,2025-04-01,298.5,328.7573825630546,,,,0.8,28.06677536231884,42
xlstm,carbon,USA|georgia,US,True,holdout,last12,5,2025-05-01,300.12,331.4248807156086,,,,0.8,28.06677536231884,42
xlstm,carbon,USA|georgia,US,True,holdout,last12,6,2025-06-01,324.92,334.3303193303943,,,,0.8,28.06677536231884,42
xlstm,carbon,USA|georgia,US,True,holdout,last12,7,2025-07-01,360.83,332.91121118962764,,,,0.8,28.06677536231884,42
xlstm,carbon,USA|georgia,US,True,holdout,last12,8,2025-08-01,329.44,330.0400028207898,,,,0.8,28.06677536231884,42
xlstm,carbon,USA|georgia,US,True,holdout,last12,9,2025-09-01,317.0,328.084267552495,,,,0.8,28.06677536231884,42
xlstm,carbon,USA|georgia,US,True,holdout,last12,10,2025-10-01,295.39,326.1818342494965,,,,0.8,28.06677536231884,42
xlstm,carbon,USA|georgia,US,True,holdout,last12,11,2025-11-01,283.84,328.44925939649346,,,,0.8,28.06677536231884,42
xlstm,carbon,USA|georgia,US,True,holdout,last12,12,2025-12-01,329.76,330.8942762362957,,,,0.8,28.06677536231884,42
xlstm,carbon,USA|georgia,US,True,rolling,2022-12-01,1,2023-01-01,325.67,362.2776040841639,,,,0.8,28.258849206349208,42
xlstm,carbon,USA|georgia,US,True,rolling,2022-12-01,2,2023-02-01,337.96,359.63209060639144,,,,0.8,28.258849206349208,42
xlstm,carbon,USA|georgia,US,True,rolling,2022-12-01,3,2023-03-01,362.23,358.1278156541288,,,,0.8,28.258849206349208,42
xlstm,carbon,USA|georgia,US,True,rolling,2022-12-01,4,2023-04-01,319.99,357.6244943721593,,,,0.8,28.258849206349208,42
xlstm,carbon,USA|georgia,US,True,rolling,2022-12-01,5,2023-05-01,339.25,360.26232215955855,,,,0.8,28.258849206349208,42
xlstm,carbon,USA|georgia,US,True,rolling,2022-12-01,6,2023-06-01,370.73,361.2200184908509,,,,0.8,28.258849206349208,42
xlstm,carbon,USA|georgia,US,True,rolling,2022-12-01,7,2023-07-01,393.12,358.0517545035482,,,,0.8,28.258849206349208,42
xlstm,carbon,USA|georgia,US,True,rolling,2022-12-01,8,2023-08-01,388.4,356.70975388333204,,,,0.8,28.258849206349208,42
xlstm,carbon,USA|georgia,US,True,rolling,2022-12-01,9,2023-09-01,364.7,355.38323832288387,,,,0.8,28.258849206349208,42
xlstm,carbon,USA|georgia,US,True,rolling,2022-12-01,10,2023-10-01,305.69,356.5259793885052,,,,0.8,28.258849206349208,42
xlstm,carbon,USA|georgia,US,True,rolling,2022-12-01,11,2023-11-01,320.47,361.1491272644699,,,,0.8,28.258849206349208,42
xlstm,carbon,USA|georgia,US,True,rolling,2022-12-01,12,2023-12-01,335.37,362.1964174924791,,,,0.8,28.258849206349208,42
xlstm,carbon,USA|georgia,US,True,rolling,2023-12-01,1,2024-01-01,364.2,344.00610344961285,,,,0.8,27.94049242424242,42
xlstm,carbon,USA|georgia,US,True,rolling,2023-12-01,2,2024-02-01,333.79,347.37524321064353,,,,0.8,27.94049242424242,42
xlstm,carbon,USA|georgia,US,True,rolling,2023-12-01,3,2024-03-01,285.22,349.2614104795456,,,,0.8,27.94049242424242,42
xlstm,carbon,USA|georgia,US,True,rolling,2023-12-01,4,2024-04-01,294.82,347.48529438868167,,,,0.8,27.94049242424242,42
xlstm,carbon,USA|georgia,US,True,rolling,2023-12-01,5,2024-05-01,295.33,352.4188749597967,,,,0.8,27.94049242424242,42
xlstm,carbon,USA|georgia,US,True,rolling,2023-12-01,6,2024-06-01,342.91,354.9484605483711,,,,0.8,27.94049242424242,42
xlstm,carbon,USA|georgia,US,True,rolling,2023-12-01,7,2024-07-01,358.12,352.52539714559913,,,,0.8,27.94049242424242,42
xlstm,carbon,USA|georgia,US,True,rolling,2023-12-01,8,2024-08-01,347.33,345.98295692235234,,,,0.8,27.94049242424242,42
xlstm,carbon,USA|georgia,US,True,rolling,2023-12-01,9,2024-09-01,346.59,339.31315665438774,,,,0.8,27.94049242424242,42
xlstm,carbon,USA|georgia,US,True,rolling,2023-12-01,10,2024-10-01,299.08,335.5236491704732,,,,0.8,27.94049242424242,42
xlstm,carbon,USA|georgia,US,True,rolling,2023-12-01,11,2024-11-01,299.53,340.430324882716,,,,0.8,27.94049242424242,42
xlstm,carbon,USA|georgia,US,True,rolling,2023-12-01,12,2024-12-01,303.58,343.88437793031335,,,,0.8,27.94049242424242,42
xlstm,carbon,USA|georgia,US,True,rolling,2024-12-01,1,2025-01-01,348.89,330.7246943598986,,,,0.8,28.06677536231884,42
xlstm,carbon,USA|georgia,US,True,rolling,2024-12-01,2,2025-02-01,303.29,326.8140696436167,,,,0.8,28.06677536231884,42
xlstm,carbon,USA|georgia,US,True,rolling,2024-12-01,3,2025-03-01,302.63,325.60465870022773,,,,0.8,28.06677536231884,42
xlstm,carbon,USA|georgia,US,True,rolling,2024-12-01,4,2025-04-01,298.5,328.7573825630546,,,,0.8,28.06677536231884,42
xlstm,carbon,USA|georgia,US,True,rolling,2024-12-01,5,2025-05-01,300.12,331.4248807156086,,,,0.8,28.06677536231884,42
xlstm,carbon,USA|georgia,US,True,rolling,2024-12-01,6,2025-06-01,324.92,334.3303193303943,,,,0.8,28.06677536231884,42
xlstm,carbon,USA|georgia,US,True,rolling,2024-12-01,7,2025-07-01,360.83,332.91121118962764,,,,0.8,28.06677536231884,42
xlstm,carbon,USA|georgia,US,True,rolling,2024-12-01,8,2025-08-01,329.44,330.0400028207898,,,,0.8,28.06677536231884,42
xlstm,carbon,USA|georgia,US,True,rolling,2024-12-01,9,2025-09-01,317.0,328.084267552495,,,,0.8,28.06677536231884,42
xlstm,carbon,USA|georgia,US,True,rolling,2024-12-01,10,2025-10-01,295.39,326.1818342494965,,,,0.8,28.06677536231884,42
xlstm,carbon,USA|georgia,US,True,rolling,2024-12-01,11,2025-11-01,283.84,328.44925939649346,,,,0.8,28.06677536231884,42
xlstm,carbon,USA|georgia,US,True,rolling,2024-12-01,12,2025-12-01,329.76,330.8942762362957,,,,0.8,28.06677536231884,42
xlstm,carbon,USA|idaho,US,False,holdout,last12,1,2025-01-01,173.24,181.42567673623563,,,,0.8,33.89942028985508,42
xlstm,carbon,USA|idaho,US,False,holdout,last12,2,2025-02-01,170.25,172.66129654943944,,,,0.8,33.89942028985508,42
xlstm,carbon,USA|idaho,US,False,holdout,last12,3,2025-03-01,109.99,144.7951965212822,,,,0.8,33.89942028985508,42
xlstm,carbon,USA|idaho,US,False,holdout,last12,4,2025-04-01,87.98,107.25233320444823,,,,0.8,33.89942028985508,42
xlstm,carbon,USA|idaho,US,False,holdout,last12,5,2025-05-01,128.12,102.27589000314475,,,,0.8,33.89942028985508,42
xlstm,carbon,USA|idaho,US,False,holdout,last12,6,2025-06-01,161.79,132.71440716385843,,,,0.8,33.89942028985508,42
xlstm,carbon,USA|idaho,US,False,holdout,last12,7,2025-07-01,195.15,187.31652598381044,,,,0.8,33.89942028985508,42
xlstm,carbon,USA|idaho,US,False,holdout,last12,8,2025-08-01,191.19,204.9310943812132,,,,0.8,33.89942028985508,42
xlstm,carbon,USA|idaho,US,False,holdout,last12,9,2025-09-01,211.49,191.1337927311659,,,,0.8,33.89942028985508,42
xlstm,carbon,USA|idaho,US,False,holdout,last12,10,2025-10-01,143.77,179.09784823954107,,,,0.8,33.89942028985508,42
xlstm,carbon,USA|idaho,US,False,holdout,last12,11,2025-11-01,158.84,183.74285692274572,,,,0.8,33.89942028985508,42
xlstm,carbon,USA|idaho,US,False,holdout,last12,12,2025-12-01,151.97,195.18193313777448,,,,0.8,33.89942028985508,42
xlstm,carbon,USA|idaho,US,False,rolling,2022-12-01,1,2023-01-01,197.82,179.05794941782952,,,,0.8,34.736111111111114,42
xlstm,carbon,USA|idaho,US,False,rolling,2022-12-01,2,2023-02-01,165.84,141.8649823218584,,,,0.8,34.736111111111114,42
xlstm,carbon,USA|idaho,US,False,rolling,2022-12-01,3,2023-03-01,174.75,86.02677094727756,,,,0.8,34.736111111111114,42
xlstm,carbon,USA|idaho,US,False,rolling,2022-12-01,4,2023-04-01,135.91,59.99227390989662,,,,0.8,34.736111111111114,42
xlstm,carbon,USA|idaho,US,False,rolling,2022-12-01,5,2023-05-01,94.95,65.77032723382116,,,,0.8,34.736111111111114,42
xlstm,carbon,USA|idaho,US,False,rolling,2022-12-01,6,2023-06-01,167.12,83.81244160741568,,,,0.8,34.736111111111114,42
xlstm,carbon,USA|idaho,US,False,rolling,2022-12-01,7,2023-07-01,214.69,124.02356737196446,,,,0.8,34.736111111111114,42
xlstm,carbon,USA|idaho,US,False,rolling,2022-12-01,8,2023-08-01,208.46,156.7499209856987,,,,0.8,34.736111111111114,42
xlstm,carbon,USA|idaho,US,False,rolling,2022-12-01,9,2023-09-01,218.5,159.41394945681097,,,,0.8,34.736111111111114,42
xlstm,carbon,USA|idaho,US,False,rolling,2022-12-01,10,2023-10-01,182.62,148.47804712951185,,,,0.8,34.736111111111114,42
xlstm,carbon,USA|idaho,US,False,rolling,2022-12-01,11,2023-11-01,193.95,143.38043505549433,,,,0.8,34.736111111111114,42
xlstm,carbon,USA|idaho,US,False,rolling,2022-12-01,12,2023-12-01,207.21,149.11599322199822,,,,0.8,34.736111111111114,42
xlstm,carbon,USA|idaho,US,False,rolling,2023-12-01,1,2024-01-01,213.73,192.7647621524334,,,,0.8,34.49128787878788,42
xlstm,carbon,USA|idaho,US,False,rolling,2023-12-01,2,2024-02-01,203.92,167.04636182606222,,,,0.8,34.49128787878788,42
xlstm,carbon,USA|idaho,US,False,rolling,2023-12-01,3,2024-03-01,180.51,129.4815577313304,,,,0.8,34.49128787878788,42
xlstm,carbon,USA|idaho,US,False,rolling,2023-12-01,4,2024-04-01,137.3,102.49476059406996,,,,0.8,34.49128787878788,42
xlstm,carbon,USA|idaho,US,False,rolling,2023-12-01,5,2024-05-01,33.05,108.93957581877709,,,,0.8,34.49128787878788,42
xlstm,carbon,USA|idaho,US,False,rolling,2023-12-01,6,2024-06-01,155.25,147.62507822155953,,,,0.8,34.49128787878788,42
xlstm,carbon,USA|idaho,US,False,rolling,2023-12-01,7,2024-07-01,197.6,191.73562281131746,,,,0.8,34.49128787878788,42
xlstm,carbon,USA|idaho,US,False,rolling,2023-12-01,8,2024-08-01,204.34,195.81379406869414,,,,0.8,34.49128787878788,42
xlstm,carbon,USA|idaho,US,False,rolling,2023-12-01,9,2024-09-01,211.26,183.21304442882538,,,,0.8,34.49128787878788,42
xlstm,carbon,USA|idaho,US,False,rolling,2023-12-01,10,2024-10-01,150.25,177.88702744066717,,,,0.8,34.49128787878788,42
xlstm,carbon,USA|idaho,US,False,rolling,2023-12-01,11,2024-11-01,173.8,181.55396727204325,,,,0.8,34.49128787878788,42
xlstm,carbon,USA|idaho,US,False,rolling,2023-12-01,12,2024-12-01,172.55,186.3218528276682,,,,0.8,34.49128787878788,42
xlstm,carbon,USA|idaho,US,False,rolling,2024-12-01,1,2025-01-01,173.24,181.42567673623563,,,,0.8,33.89942028985508,42
xlstm,carbon,USA|idaho,US,False,rolling,2024-12-01,2,2025-02-01,170.25,172.66129654943944,,,,0.8,33.89942028985508,42
xlstm,carbon,USA|idaho,US,False,rolling,2024-12-01,3,2025-03-01,109.99,144.7951965212822,,,,0.8,33.89942028985508,42
xlstm,carbon,USA|idaho,US,False,rolling,2024-12-01,4,2025-04-01,87.98,107.25233320444823,,,,0.8,33.89942028985508,42
xlstm,carbon,USA|idaho,US,False,rolling,2024-12-01,5,2025-05-01,128.12,102.27589000314475,,,,0.8,33.89942028985508,42
xlstm,carbon,USA|idaho,US,False,rolling,2024-12-01,6,2025-06-01,161.79,132.71440716385843,,,,0.8,33.89942028985508,42
xlstm,carbon,USA|idaho,US,False,rolling,2024-12-01,7,2025-07-01,195.15,187.31652598381044,,,,0.8,33.89942028985508,42
xlstm,carbon,USA|idaho,US,False,rolling,2024-12-01,8,2025-08-01,191.19,204.9310943812132,,,,0.8,33.89942028985508,42
xlstm,carbon,USA|idaho,US,False,rolling,2024-12-01,9,2025-09-01,211.49,191.1337927311659,,,,0.8,33.89942028985508,42
xlstm,carbon,USA|idaho,US,False,rolling,2024-12-01,10,2025-10-01,143.77,179.09784823954107,,,,0.8,33.89942028985508,42
xlstm,carbon,USA|idaho,US,False,rolling,2024-12-01,11,2025-11-01,158.84,183.74285692274572,,,,0.8,33.89942028985508,42
xlstm,carbon,USA|idaho,US,False,rolling,2024-12-01,12,2025-12-01,151.97,195.18193313777448,,,,0.8,33.89942028985508,42
xlstm,carbon,USA|illinois,US,True,holdout,last12,1,2025-01-01,235.97,215.50351875036955,,,,0.8,24.27438405797102,42
xlstm,carbon,USA|illinois,US,True,holdout,last12,2,2025-02-01,239.1,213.67174058526754,,,,0.8,24.27438405797102,42
xlstm,carbon,USA|illinois,US,True,holdout,last12,3,2025-03-01,166.99,215.34996178537608,,,,0.8,24.27438405797102,42
xlstm,carbon,USA|illinois,US,True,holdout,last12,4,2025-04-01,178.02,218.8996743091941,,,,0.8,24.27438405797102,42
xlstm,carbon,USA|illinois,US,True,holdout,last12,5,2025-05-01,182.4,223.47784596949816,,,,0.8,24.27438405797102,42
xlstm,carbon,USA|illinois,US,True,holdout,last12,6,2025-06-01,241.91,227.39560315698384,,,,0.8,24.27438405797102,42
xlstm,carbon,USA|illinois,US,True,holdout,last12,7,2025-07-01,283.44,226.6765350010991,,,,0.8,24.27438405797102,42
xlstm,carbon,USA|illinois,US,True,holdout,last12,8,2025-08-01,248.26,222.50537523269654,,,,0.8,24.27438405797102,42
xlstm,carbon,USA|illinois,US,True,holdout,last12,9,2025-09-01,238.12,217.74724241703748,,,,0.8,24.27438405797102,42
xlstm,carbon,USA|illinois,US,True,holdout,last12,10,2025-10-01,229.63,215.25164728969335,,,,0.8,24.27438405797102,42
xlstm,carbon,USA|illinois,US,True,holdout,last12,11,2025-11-01,209.49,215.72713210016488,,,,0.8,24.27438405797102,42
xlstm,carbon,USA|illinois,US,True,holdout,last12,12,2025-12-01,219.75,219.58100972980262,,,,0.8,24.27438405797102,42
xlstm,carbon,USA|illinois,US,True,rolling,2022-12-01,1,2023-01-01,208.13,243.43748910188674,,,,0.8,24.273214285714293,42
xlstm,carbon,USA|illinois,US,True,rolling,2022-12-01,2,2023-02-01,201.18,241.03119118571283,,,,0.8,24.273214285714293,42
xlstm,carbon,USA|illinois,US,True,rolling,2022-12-01,3,2023-03-01,181.46,239.9755950176716,,,,0.8,24.273214285714293,42
xlstm,carbon,USA|illinois,US,True,rolling,2022-12-01,4,2023-04-01,161.48,239.91950821638108,,,,0.8,24.273214285714293,42
xlstm,carbon,USA|illinois,US,True,rolling,2022-12-01,5,2023-05-01,184.77,241.20680420160295,,,,0.8,24.273214285714293,42
xlstm,carbon,USA|illinois,US,True,rolling,2022-12-01,6,2023-06-01,216.3,244.68104798197746,,,,0.8,24.273214285714293,42
xlstm,carbon,USA|illinois,US,True,rolling,2022-12-01,7,2023-07-01,273.1,243.18378192424774,,,,0.8,24.273214285714293,42
xlstm,carbon,USA|illinois,US,True,rolling,2022-12-01,8,2023-08-01,259.25,239.28653581261636,,,,0.8,24.273214285714293,42
xlstm,carbon,USA|illinois,US,True,rolling,2022-12-01,9,2023-09-01,221.7,235.9656116592884,,,,0.8,24.273214285714293,42
xlstm,carbon,USA|illinois,US,True,rolling,2022-12-01,10,2023-10-01,221.94,235.96953193068504,,,,0.8,24.273214285714293,42
xlstm,carbon,USA|illinois,US,True,rolling,2022-12-01,11,2023-11-01,197.31,239.13717431366445,,,,0.8,24.273214285714293,42
xlstm,carbon,USA|illinois,US,True,rolling,2022-12-01,12,2023-12-01,198.42,241.59009906291962,,,,0.8,24.273214285714293,42
xlstm,carbon,USA|illinois,US,True,rolling,2023-12-01,1,2024-01-01,228.81,218.61516076087952,,,,0.8,24.742954545454545,42
xlstm,carbon,USA|illinois,US,True,rolling,2023-12-01,2,2024-02-01,183.83,218.70552739024163,,,,0.8,24.742954545454545,42
xlstm,carbon,USA|illinois,US,True,rolling,2023-12-01,3,2024-03-01,166.42,219.28680344879626,,,,0.8,24.742954545454545,42
xlstm,carbon,USA|illinois,US,True,rolling,2023-12-01,4,2024-04-01,164.48,221.31401537179946,,,,0.8,24.742954545454545,42
xlstm,carbon,USA|illinois,US,True,rolling,2023-12-01,5,2024-05-01,181.53,225.1866677635908,,,,0.8,24.742954545454545,42
xlstm,carbon,USA|illinois,US,True,rolling,2023-12-01,6,2024-06-01,232.33,228.0484579962492,,,,0.8,24.742954545454545,42
xlstm,carbon,USA|illinois,US,True,rolling,2023-12-01,7,2024-07-01,266.49,228.75535570919513,,,,0.8,24.742954545454545,42
xlstm,carbon,USA|illinois,US,True,rolling,2023-12-01,8,2024-08-01,271.99,225.03620793640613,,,,0.8,24.742954545454545,42
xlstm,carbon,USA|illinois,US,True,rolling,2023-12-01,9,2024-09-01,244.03,222.39852834045885,,,,0.8,24.742954545454545,42
xlstm,carbon,USA|illinois,US,True,rolling,2023-12-01,10,2024-10-01,205.81,222.2826866620779,,,,0.8,24.742954545454545,42
xlstm,carbon,USA|illinois,US,True,rolling,2023-12-01,11,2024-11-01,167.01,222.14153569698334,,,,0.8,24.742954545454545,42
xlstm,carbon,USA|illinois,US,True,rolling,2023-12-01,12,2024-12-01,194.28,223.68947644948958,,,,0.8,24.742954545454545,42
xlstm,carbon,USA|illinois,US,True,rolling,2024-12-01,1,2025-01-01,235.97,215.50351875036955,,,,0.8,24.27438405797102,42
xlstm,carbon,USA|illinois,US,True,rolling,2024-12-01,2,2025-02-01,239.1,213.67174058526754,,,,0.8,24.27438405797102,42
xlstm,carbon,USA|illinois,US,True,rolling,2024-12-01,3,2025-03-01,166.99,215.34996178537608,,,,0.8,24.27438405797102,42
xlstm,carbon,USA|illinois,US,True,rolling,2024-12-01,4,2025-04-01,178.02,218.8996743091941,,,,0.8,24.27438405797102,42
xlstm,carbon,USA|illinois,US,True,rolling,2024-12-01,5,2025-05-01,182.4,223.47784596949816,,,,0.8,24.27438405797102,42
xlstm,carbon,USA|illinois,US,True,rolling,2024-12-01,6,2025-06-01,241.91,227.39560315698384,,,,0.8,24.27438405797102,42
xlstm,carbon,USA|illinois,US,True,rolling,2024-12-01,7,2025-07-01,283.44,226.6765350010991,,,,0.8,24.27438405797102,42
xlstm,carbon,USA|illinois,US,True,rolling,2024-12-01,8,2025-08-01,248.26,222.50537523269654,,,,0.8,24.27438405797102,42
xlstm,carbon,USA|illinois,US,True,rolling,2024-12-01,9,2025-09-01,238.12,217.74724241703748,,,,0.8,24.27438405797102,42
xlstm,carbon,USA|illinois,US,True,rolling,2024-12-01,10,2025-10-01,229.63,215.25164728969335,,,,0.8,24.27438405797102,42
xlstm,carbon,USA|illinois,US,True,rolling,2024-12-01,11,2025-11-01,209.49,215.72713210016488,,,,0.8,24.27438405797102,42
xlstm,carbon,USA|illinois,US,True,rolling,2024-12-01,12,2025-12-01,219.75,219.58100972980262,,,,0.8,24.27438405797102,42
xlstm,carbon,USA|indiana,US,True,holdout,last12,1,2025-01-01,611.48,564.7156375388801,,,,0.8,16.833623188405795,42
xlstm,carbon,USA|indiana,US,True,holdout,last12,2,2025-02-01,589.95,561.0112375687063,,,,0.8,16.833623188405795,42
xlstm,carbon,USA|indiana,US,True,holdout,last12,3,2025-03-01,532.87,562.1719383786618,,,,0.8,16.833623188405795,42
xlstm,carbon,USA|indiana,US,True,holdout,last12,4,2025-04-01,529.94,565.798618966639,,,,0.8,16.833623188405795,42
xlstm,carbon,USA|indiana,US,True,holdout,last12,5,2025-05-01,524.18,570.0066372874379,,,,0.8,16.833623188405795,42
xlstm,carbon,USA|indiana,US,True,holdout,last12,6,2025-06-01,559.14,572.0306503507495,,,,0.8,16.833623188405795,42
xlstm,carbon,USA|indiana,US,True,holdout,last12,7,2025-07-01,597.3,571.091570829153,,,,0.8,16.833623188405795,42
xlstm,carbon,USA|indiana,US,True,holdout,last12,8,2025-08-01,582.01,567.8570848125219,,,,0.8,16.833623188405795,42
xlstm,carbon,USA|indiana,US,True,holdout,last12,9,2025-09-01,581.48,565.336017550826,,,,0.8,16.833623188405795,42
xlstm,carbon,USA|indiana,US,True,holdout,last12,10,2025-10-01,560.87,564.8652560281753,,,,0.8,16.833623188405795,42
xlstm,carbon,USA|indiana,US,True,holdout,last12,11,2025-11-01,544.24,568.2772085893154,,,,0.8,16.833623188405795,42
xlstm,carbon,USA|indiana,US,True,holdout,last12,12,2025-12-01,571.62,568.9539654719829,,,,0.8,16.833623188405795,42
xlstm,carbon,USA|indiana,US,True,rolling,2022-12-01,1,2023-01-01,587.49,609.3132148712873,,,,0.8,15.713293650793654,42
xlstm,carbon,USA|indiana,US,True,rolling,2022-12-01,2,2023-02-01,565.94,608.9527473729848,,,,0.8,15.713293650793654,42
xlstm,carbon,USA|indiana,US,True,rolling,2022-12-01,3,2023-03-01,544.33,609.2377523556352,,,,0.8,15.713293650793654,42
xlstm,carbon,USA|indiana,US,True,rolling,2022-12-01,4,2023-04-01,541.98,611.3557101562619,,,,0.8,15.713293650793654,42
xlstm,carbon,USA|indiana,US,True,rolling,2022-12-01,5,2023-05-01,558.04,613.4513734583556,,,,0.8,15.713293650793654,42
xlstm,carbon,USA|indiana,US,True,rolling,2022-12-01,6,2023-06-01,585.63,613.4223229326308,,,,0.8,15.713293650793654,42
xlstm,carbon,USA|indiana,US,True,rolling,2022-12-01,7,2023-07-01,605.62,611.1724837256968,,,,0.8,15.713293650793654,42
xlstm,carbon,USA|indiana,US,True,rolling,2022-12-01,8,2023-08-01,622.39,608.4819653345644,,,,0.8,15.713293650793654,42
xlstm,carbon,USA|indiana,US,True,rolling,2022-12-01,9,2023-09-01,605.19,604.7929475916922,,,,0.8,15.713293650793654,42
xlstm,carbon,USA|indiana,US,True,rolling,2022-12-01,10,2023-10-01,580.84,603.5991611076892,,,,0.8,15.713293650793654,42
xlstm,carbon,USA|indiana,US,True,rolling,2022-12-01,11,2023-11-01,560.99,607.8196008296311,,,,0.8,15.713293650793654,42
xlstm,carbon,USA|indiana,US,True,rolling,2022-12-01,12,2023-12-01,586.38,609.6025504399836,,,,0.8,15.713293650793654,42
xlstm,carbon,USA|indiana,US,True,rolling,2023-12-01,1,2024-01-01,617.03,576.0442855405807,,,,0.8,16.610984848484854,42
xlstm,carbon,USA|indiana,US,True,rolling,2023-12-01,2,2024-02-01,546.02,574.9957081842423,,,,0.8,16.610984848484854,42
xlstm,carbon,USA|indiana,US,True,rolling,2023-12-01,3,2024-03-01,512.11,575.8882113742828,,,,0.8,16.610984848484854,42
xlstm,carbon,USA|indiana,US,True,rolling,2023-12-01,4,2024-04-01,509.03,579.0615426588059,,,,0.8,16.610984848484854,42
xlstm,carbon,USA|indiana,US,True,rolling,2023-12-01,5,2024-05-01,541.29,583.0641841697693,,,,0.8,16.610984848484854,42
xlstm,carbon,USA|indiana,US,True,rolling,2023-12-01,6,2024-06-01,579.34,586.0056338357925,,,,0.8,16.610984848484854,42
xlstm,carbon,USA|indiana,US,True,rolling,2023-12-01,7,2024-07-01,609.27,586.2371779966355,,,,0.8,16.610984848484854,42
xlstm,carbon,USA|indiana,US,True,rolling,2023-12-01,8,2024-08-01,601.29,584.2253277587891,,,,0.8,16.610984848484854,42
xlstm,carbon,USA|indiana,US,True,rolling,2023-12-01,9,2024-09-01,573.67,580.2614577221871,,,,0.8,16.610984848484854,42
xlstm,carbon,USA|indiana,US,True,rolling,2023-12-01,10,2024-10-01,519.55,577.8502022433281,,,,0.8,16.610984848484854,42
xlstm,carbon,USA|indiana,US,True,rolling,2023-12-01,11,2024-11-01,558.18,577.6829959917069,,,,0.8,16.610984848484854,42
xlstm,carbon,USA|indiana,US,True,rolling,2023-12-01,12,2024-12-01,583.64,579.4708908486367,,,,0.8,16.610984848484854,42
xlstm,carbon,USA|indiana,US,True,rolling,2024-12-01,1,2025-01-01,611.48,564.7156375388801,,,,0.8,16.833623188405795,42
xlstm,carbon,USA|indiana,US,True,rolling,2024-12-01,2,2025-02-01,589.95,561.0112375687063,,,,0.8,16.833623188405795,42
xlstm,carbon,USA|indiana,US,True,rolling,2024-12-01,3,2025-03-01,532.87,562.1719383786618,,,,0.8,16.833623188405795,42
xlstm,carbon,USA|indiana,US,True,rolling,2024-12-01,4,2025-04-01,529.94,565.798618966639,,,,0.8,16.833623188405795,42
xlstm,carbon,USA|indiana,US,True,rolling,2024-12-01,5,2025-05-01,524.18,570.0066372874379,,,,0.8,16.833623188405795,42
xlstm,carbon,USA|indiana,US,True,rolling,2024-12-01,6,2025-06-01,559.14,572.0306503507495,,,,0.8,16.833623188405795,42
xlstm,carbon,USA|indiana,US,True,rolling,2024-12-01,7,2025-07-01,597.3,571.091570829153,,,,0.8,16.833623188405795,42
xlstm,carbon,USA|indiana,US,True,rolling,2024-12-01,8,2025-08-01,582.01,567.8570848125219,,,,0.8,16.833623188405795,42
xlstm,carbon,USA|indiana,US,True,rolling,2024-12-01,9,2025-09-01,581.48,565.336017550826,,,,0.8,16.833623188405795,42
xlstm,carbon,USA|indiana,US,True,rolling,2024-12-01,10,2025-10-01,560.87,564.8652560281753,,,,0.8,16.833623188405795,42
xlstm,carbon,USA|indiana,US,True,rolling,2024-12-01,11,2025-11-01,544.24,568.2772085893154,,,,0.8,16.833623188405795,42
xlstm,carbon,USA|indiana,US,True,rolling,2024-12-01,12,2025-12-01,571.62,568.9539654719829,,,,0.8,16.833623188405795,42
xlstm,carbon,USA|iowa,US,True,holdout,last12,1,2025-01-01,240.07,256.3964898857474,,,,0.8,46.30340579710144,42
xlstm,carbon,USA|iowa,US,True,holdout,last12,2,2025-02-01,245.48,231.45920413941144,,,,0.8,46.30340579710144,42
xlstm,carbon,USA|iowa,US,True,holdout,last12,3,2025-03-01,123.34,231.59403603553773,,,,0.8,46.30340579710144,42
xlstm,carbon,USA|iowa,US,True,holdout,last12,4,2025-04-01,146.42,246.29666837364437,,,,0.8,46.30340579710144,42
xlstm,carbon,USA|iowa,US,True,holdout,last12,5,2025-05-01,231.69,286.85856521964075,,,,0.8,46.30340579710144,42
xlstm,carbon,USA|iowa,US,True,holdout,last12,6,2025-06-01,331.08,308.5948111528158,,,,0.8,46.30340579710144,42
xlstm,carbon,USA|iowa,US,True,holdout,last12,7,2025-07-01,449.82,325.17426349699497,,,,0.8,46.30340579710144,42
xlstm,carbon,USA|iowa,US,True,holdout,last12,8,2025-08-01,418.9,299.1659585890174,,,,0.8,46.30340579710144,42
xlstm,carbon,USA|iowa,US,True,holdout,last12,9,2025-09-01,381.73,273.5479195952415,,,,0.8,46.30340579710144,42
xlstm,carbon,USA|iowa,US,True,holdout,last12,10,2025-10-01,253.47,259.85592027693986,,,,0.8,46.30340579710144,42
xlstm,carbon,USA|iowa,US,True,holdout,last12,11,2025-11-01,253.24,271.3557686442137,,,,0.8,46.30340579710144,42
xlstm,carbon,USA|iowa,US,True,holdout,last12,12,2025-12-01,264.08,276.09796319246294,,,,0.8,46.30340579710144,42
xlstm,carbon,USA|iowa,US,True,rolling,2022-12-01,1,2023-01-01,260.05,240.19185634195804,,,,0.8,46.26805555555556,42
xlstm,carbon,USA|iowa,US,True,rolling,2022-12-01,2,2023-02-01,180.96,235.6988095229864,,,,0.8,46.26805555555556,42
xlstm,carbon,USA|iowa,US,True,rolling,2022-12-01,3,2023-03-01,230.16,234.09379757106305,,,,0.8,46.26805555555556,42
xlstm,carbon,USA|iowa,US,True,rolling,2022-12-01,4,2023-04-01,107.57,244.8742385941744,,,,0.8,46.26805555555556,42
xlstm,carbon,USA|iowa,US,True,rolling,2022-12-01,5,2023-05-01,260.85,281.4491506791115,,,,0.8,46.26805555555556,42
xlstm,carbon,USA|iowa,US,True,rolling,2022-12-01,6,2023-06-01,407.13,317.008048517704,,,,0.8,46.26805555555556,42
xlstm,carbon,USA|iowa,US,True,rolling,2022-12-01,7,2023-07-01,476.73,325.1471162772179,,,,0.8,46.26805555555556,42
xlstm,carbon,USA|iowa,US,True,rolling,2022-12-01,8,2023-08-01,421.07,296.58672294378283,,,,0.8,46.26805555555556,42
xlstm,carbon,USA|iowa,US,True,rolling,2022-12-01,9,2023-09-01,331.83,256.7354601532221,,,,0.8,46.26805555555556,42
xlstm,carbon,USA|iowa,US,True,rolling,2022-12-01,10,2023-10-01,188.83,241.377009973526,,,,0.8,46.26805555555556,42
xlstm,carbon,USA|iowa,US,True,rolling,2022-12-01,11,2023-11-01,178.08,242.1810563260317,,,,0.8,46.26805555555556,42
xlstm,carbon,USA|iowa,US,True,rolling,2022-12-01,12,2023-12-01,229.99,257.0912166601419,,,,0.8,46.26805555555556,42
xlstm,carbon,USA|iowa,US,True,rolling,2023-12-01,1,2024-01-01,317.6,231.25090681135654,,,,0.8,45.929204545454546,42
xlstm,carbon,USA|iowa,US,True,rolling,2023-12-01,2,2024-02-01,168.87,220.52289899766444,,,,0.8,45.929204545454546,42
xlstm,carbon,USA|iowa,US,True,rolling,2023-12-01,3,2024-03-01,116.09,232.16239694476127,,,,0.8,45.929204545454546,42
xlstm,carbon,USA|iowa,US,True,rolling,2023-12-01,4,2024-04-01,66.87,236.78693956792355,,,,0.8,45.929204545454546,42
xlstm,carbon,USA|iowa,US,True,rolling,2023-12-01,5,2024-05-01,214.61,304.1464681732655,,,,0.8,45.929204545454546,42
xlstm,carbon,USA|iowa,US,True,rolling,2023-12-01,6,2024-06-01,263.66,351.7211487519741,,,,0.8,45.929204545454546,42
xlstm,carbon,USA|iowa,US,True,rolling,2023-12-01,7,2024-07-01,410.27,342.1234752869606,,,,0.8,45.929204545454546,42
xlstm,carbon,USA|iowa,US,True,rolling,2023-12-01,8,2024-08-01,378.75,290.4957921898365,,,,0.8,45.929204545454546,42
xlstm,carbon,USA|iowa,US,True,rolling,2023-12-01,9,2024-09-01,302.46,245.7525753945112,,,,0.8,45.929204545454546,42
xlstm,carbon,USA|iowa,US,True,rolling,2023-12-01,10,2024-10-01,188.14,217.28252061486242,,,,0.8,45.929204545454546,42
xlstm,carbon,USA|iowa,US,True,rolling,2023-12-01,11,2024-11-01,234.14,221.44066138327122,,,,0.8,45.929204545454546,42
xlstm,carbon,USA|iowa,US,True,rolling,2023-12-01,12,2024-12-01,275.4,232.94314636051655,,,,0.8,45.929204545454546,42
xlstm,carbon,USA|iowa,US,True,rolling,2024-12-01,1,2025-01-01,240.07,256.3964898857474,,,,0.8,46.30340579710144,42
xlstm,carbon,USA|iowa,US,True,rolling,2024-12-01,2,2025-02-01,245.48,231.45920413941144,,,,0.8,46.30340579710144,42
xlstm,carbon,USA|iowa,US,True,rolling,2024-12-01,3,2025-03-01,123.34,231.59403603553773,,,,0.8,46.30340579710144,42
xlstm,carbon,USA|iowa,US,True,rolling,2024-12-01,4,2025-04-01,146.42,246.29666837364437,,,,0.8,46.30340579710144,42
xlstm,carbon,USA|iowa,US,True,rolling,2024-12-01,5,2025-05-01,231.69,286.85856521964075,,,,0.8,46.30340579710144,42
xlstm,carbon,USA|iowa,US,True,rolling,2024-12-01,6,2025-06-01,331.08,308.5948111528158,,,,0.8,46.30340579710144,42
xlstm,carbon,USA|iowa,US,True,rolling,2024-12-01,7,2025-07-01,449.82,325.17426349699497,,,,0.8,46.30340579710144,42
xlstm,carbon,USA|iowa,US,True,rolling,2024-12-01,8,2025-08-01,418.9,299.1659585890174,,,,0.8,46.30340579710144,42
xlstm,carbon,USA|iowa,US,True,rolling,2024-12-01,9,2025-09-01,381.73,273.5479195952415,,,,0.8,46.30340579710144,42
xlstm,carbon,USA|iowa,US,True,rolling,2024-12-01,10,2025-10-01,253.47,259.85592027693986,,,,0.8,46.30340579710144,42
xlstm,carbon,USA|iowa,US,True,rolling,2024-12-01,11,2025-11-01,253.24,271.3557686442137,,,,0.8,46.30340579710144,42
xlstm,carbon,USA|iowa,US,True,rolling,2024-12-01,12,2025-12-01,264.08,276.09796319246294,,,,0.8,46.30340579710144,42
xlstm,carbon,USA|kansas,US,True,holdout,last12,1,2025-01-01,345.0,264.15923221349715,,,,0.8,51.21057971014493,42
xlstm,carbon,USA|kansas,US,True,holdout,last12,2,2025-02-01,287.12,258.53153586387634,,,,0.8,51.21057971014493,42
xlstm,carbon,USA|kansas,US,True,holdout,last12,3,2025-03-01,163.23,263.1526786279678,,,,0.8,51.21057971014493,42
xlstm,carbon,USA|kansas,US,True,holdout,last12,4,2025-04-01,174.05,269.7247004878521,,,,0.8,51.21057971014493,42
xlstm,carbon,USA|kansas,US,True,holdout,last12,5,2025-05-01,266.78,277.8312246501446,,,,0.8,51.21057971014493,42
xlstm,carbon,USA|kansas,US,True,holdout,last12,6,2025-06-01,317.97,279.8967012798786,,,,0.8,51.21057971014493,42
xlstm,carbon,USA|kansas,US,True,holdout,last12,7,2025-07-01,356.77,281.9432018494606,,,,0.8,51.21057971014493,42
xlstm,carbon,USA|kansas,US,True,holdout,last12,8,2025-08-01,375.81,276.0959558343887,,,,0.8,51.21057971014493,42
xlstm,carbon,USA|kansas,US,True,holdout,last12,9,2025-09-01,367.1,270.08574313044545,,,,0.8,51.21057971014493,42
xlstm,carbon,USA|kansas,US,True,holdout,last12,10,2025-10-01,282.98,266.5147004055977,,,,0.8,51.21057971014493,42
xlstm,carbon,USA|kansas,US,True,holdout,last12,11,2025-11-01,231.6,273.257963694334,,,,0.8,51.21057971014493,42
xlstm,carbon,USA|kansas,US,True,holdout,last12,12,2025-12-01,258.65,279.53209491491316,,,,0.8,51.21057971014493,42
xlstm,carbon,USA|kansas,US,True,rolling,2022-12-01,1,2023-01-01,300.88,304.55297397270795,,,,0.8,51.71261904761905,42
xlstm,carbon,USA|kansas,US,True,rolling,2022-12-01,2,2023-02-01,228.65,304.60926401168103,,,,0.8,51.71261904761905,42
xlstm,carbon,USA|kansas,US,True,rolling,2022-12-01,3,2023-03-01,234.06,305.95982336506245,,,,0.8,51.71261904761905,42
xlstm,carbon,USA|kansas,US,True,rolling,2022-12-01,4,2023-04-01,125.19,310.3104449225962,,,,0.8,51.71261904761905,42
xlstm,carbon,USA|kansas,US,True,rolling,2022-12-01,5,2023-05-01,227.24,319.725083720386,,,,0.8,51.71261904761905,42
xlstm,carbon,USA|kansas,US,True,rolling,2022-12-01,6,2023-06-01,353.65,325.1809764033556,,,,0.8,51.71261904761905,42
xlstm,carbon,USA|kansas,US,True,rolling,2022-12-01,7,2023-07-01,384.89,324.1683042040467,,,,0.8,51.71261904761905,42
xlstm,carbon,USA|kansas,US,True,rolling,2022-12-01,8,2023-08-01,401.58,317.4792218452692,,,,0.8,51.71261904761905,42
xlstm,carbon,USA|kansas,US,True,rolling,2022-12-01,9,2023-09-01,296.33,311.6952758692205,,,,0.8,51.71261904761905,42
xlstm,carbon,USA|kansas,US,True,rolling,2022-12-01,10,2023-10-01,230.62,309.9184617383778,,,,0.8,51.71261904761905,42
xlstm,carbon,USA|kansas,US,True,rolling,2022-12-01,11,2023-11-01,238.18,307.2903917719424,,,,0.8,51.71261904761905,42
xlstm,carbon,USA|kansas,US,True,rolling,2022-12-01,12,2023-12-01,220.11,312.4914268223941,,,,0.8,51.71261904761905,42
xlstm,carbon,USA|kansas,US,True,rolling,2023-12-01,1,2024-01-01,319.92,282.7909311926365,,,,0.8,51.115530303030305,42
xlstm,carbon,USA|kansas,US,True,rolling,2023-12-01,2,2024-02-01,143.8,279.80594311952586,,,,0.8,51.115530303030305,42
xlstm,carbon,USA|kansas,US,True,rolling,2023-12-01,3,2024-03-01,133.17,281.86004832744595,,,,0.8,51.115530303030305,42
xlstm,carbon,USA|kansas,US,True,rolling,2023-12-01,4,2024-04-01,136.85,284.28172459244723,,,,0.8,51.115530303030305,42
xlstm,carbon,USA|kansas,US,True,rolling,2023-12-01,5,2024-05-01,238.75,297.12577599048615,,,,0.8,51.115530303030305,42
xlstm,carbon,USA|kansas,US,True,rolling,2023-12-01,6,2024-06-01,242.35,304.66537385702134,,,,0.8,51.115530303030305,42
xlstm,carbon,USA|kansas,US,True,rolling,2023-12-01,7,2024-07-01,344.75,300.57346924781797,,,,0.8,51.115530303030305,42
xlstm,carbon,USA|kansas,US,True,rolling,2023-12-01,8,2024-08-01,343.78,292.87504713892935,,,,0.8,51.115530303030305,42
xlstm,carbon,USA|kansas,US,True,rolling,2023-12-01,9,2024-09-01,305.39,283.35515677571294,,,,0.8,51.115530303030305,42
xlstm,carbon,USA|kansas,US,True,rolling,2023-12-01,10,2024-10-01,145.52,281.1867586255073,,,,0.8,51.115530303030305,42
xlstm,carbon,USA|kansas,US,True,rolling,2023-12-01,11,2024-11-01,172.91,283.6702162313461,,,,0.8,51.115530303030305,42
xlstm,carbon,USA|kansas,US,True,rolling,2023-12-01,12,2024-12-01,263.11,286.20116982936855,,,,0.8,51.115530303030305,42
xlstm,carbon,USA|kansas,US,True,rolling,2024-12-01,1,2025-01-01,345.0,264.15923221349715,,,,0.8,51.21057971014493,42
xlstm,carbon,USA|kansas,US,True,rolling,2024-12-01,2,2025-02-01,287.12,258.53153586387634,,,,0.8,51.21057971014493,42
xlstm,carbon,USA|kansas,US,True,rolling,2024-12-01,3,2025-03-01,163.23,263.1526786279678,,,,0.8,51.21057971014493,42
xlstm,carbon,USA|kansas,US,True,rolling,2024-12-01,4,2025-04-01,174.05,269.7247004878521,,,,0.8,51.21057971014493,42
xlstm,carbon,USA|kansas,US,True,rolling,2024-12-01,5,2025-05-01,266.78,277.8312246501446,,,,0.8,51.21057971014493,42
xlstm,carbon,USA|kansas,US,True,rolling,2024-12-01,6,2025-06-01,317.97,279.8967012798786,,,,0.8,51.21057971014493,42
xlstm,carbon,USA|kansas,US,True,rolling,2024-12-01,7,2025-07-01,356.77,281.9432018494606,,,,0.8,51.21057971014493,42
xlstm,carbon,USA|kansas,US,True,rolling,2024-12-01,8,2025-08-01,375.81,276.0959558343887,,,,0.8,51.21057971014493,42
xlstm,carbon,USA|kansas,US,True,rolling,2024-12-01,9,2025-09-01,367.1,270.08574313044545,,,,0.8,51.21057971014493,42
xlstm,carbon,USA|kansas,US,True,rolling,2024-12-01,10,2025-10-01,282.98,266.5147004055977,,,,0.8,51.21057971014493,42
xlstm,carbon,USA|kansas,US,True,rolling,2024-12-01,11,2025-11-01,231.6,273.257963694334,,,,0.8,51.21057971014493,42
xlstm,carbon,USA|kansas,US,True,rolling,2024-12-01,12,2025-12-01,258.65,279.53209491491316,,,,0.8,51.21057971014493,42
xlstm,carbon,USA|kentucky,US,True,holdout,last12,1,2025-01-01,686.88,678.9905624389648,,,,0.8,13.730471014492753,42
xlstm,carbon,USA|kentucky,US,True,holdout,last12,2,2025-02-01,694.37,678.7571162867547,,,,0.8,13.730471014492753,42
xlstm,carbon,USA|kentucky,US,True,holdout,last12,3,2025-03-01,685.18,678.7471915841103,,,,0.8,13.730471014492753,42
xlstm,carbon,USA|kentucky,US,True,holdout,last12,4,2025-04-01,682.3,678.7884892868996,,,,0.8,13.730471014492753,42
xlstm,carbon,USA|kentucky,US,True,holdout,last12,5,2025-05-01,649.11,678.9933447217942,,,,0.8,13.730471014492753,42
xlstm,carbon,USA|kentucky,US,True,holdout,last12,6,2025-06-01,661.8,679.5273957586289,,,,0.8,13.730471014492753,42
xlstm,carbon,USA|kentucky,US,True,holdout,last12,7,2025-07-01,659.39,679.5329550647737,,,,0.8,13.730471014492753,42
xlstm,carbon,USA|kentucky,US,True,holdout,last12,8,2025-08-01,665.39,679.6166181516647,,,,0.8,13.730471014492753,42
xlstm,carbon,USA|kentucky,US,True,holdout,last12,9,2025-09-01,662.55,679.9205917549134,,,,0.8,13.730471014492753,42
xlstm,carbon,USA|kentucky,US,True,holdout,last12,10,2025-10-01,659.51,680.5217278909684,,,,0.8,13.730471014492753,42
xlstm,carbon,USA|kentucky,US,True,holdout,last12,11,2025-11-01,664.93,680.6739171838761,,,,0.8,13.730471014492753,42
xlstm,carbon,USA|kentucky,US,True,holdout,last12,12,2025-12-01,681.63,680.8794905424119,,,,0.8,13.730471014492753,42
xlstm,carbon,USA|kentucky,US,True,rolling,2022-12-01,1,2023-01-01,676.06,684.5944587421418,,,,0.8,14.005238095238097,42
xlstm,carbon,USA|kentucky,US,True,rolling,2022-12-01,2,2023-02-01,667.23,684.7571355056763,,,,0.8,14.005238095238097,42
xlstm,carbon,USA|kentucky,US,True,rolling,2022-12-01,3,2023-03-01,672.92,684.5909243488312,,,,0.8,14.005238095238097,42
xlstm,carbon,USA|kentucky,US,True,rolling,2022-12-01,4,2023-04-01,707.18,683.8837932300568,,,,0.8,14.005238095238097,42
xlstm,carbon,USA|kentucky,US,True,rolling,2022-12-01,5,2023-05-01,660.13,683.4434351730347,,,,0.8,14.005238095238097,42
xlstm,carbon,USA|kentucky,US,True,rolling,2022-12-01,6,2023-06-01,685.69,683.4690805625916,,,,0.8,14.005238095238097,42
xlstm,carbon,USA|kentucky,US,True,rolling,2022-12-01,7,2023-07-01,681.99,684.0731988430024,,,,0.8,14.005238095238097,42
xlstm,carbon,USA|kentucky,US,True,rolling,2022-12-01,8,2023-08-01,679.89,684.5553489971161,,,,0.8,14.005238095238097,42
xlstm,carbon,USA|kentucky,US,True,rolling,2022-12-01,9,2023-09-01,676.22,684.762805261612,,,,0.8,14.005238095238097,42
xlstm,carbon,USA|kentucky,US,True,rolling,2022-12-01,10,2023-10-01,664.72,684.8432758235932,,,,0.8,14.005238095238097,42
xlstm,carbon,USA|kentucky,US,True,rolling,2022-12-01,11,2023-11-01,678.1,685.0245344495773,,,,0.8,14.005238095238097,42
xlstm,carbon,USA|kentucky,US,True,rolling,2022-12-01,12,2023-12-01,683.56,685.2882359552384,,,,0.8,14.005238095238097,42
xlstm,carbon,USA|kentucky,US,True,rolling,2023-12-01,1,2024-01-01,687.02,680.6482139396668,,,,0.8,13.922424242424244,42
xlstm,carbon,USA|kentucky,US,True,rolling,2023-12-01,2,2024-02-01,682.51,680.7280743980408,,,,0.8,13.922424242424244,42
xlstm,carbon,USA|kentucky,US,True,rolling,2023-12-01,3,2024-03-01,683.04,681.082691860199,,,,0.8,13.922424242424244,42
xlstm,carbon,USA|kentucky,US,True,rolling,2023-12-01,4,2024-04-01,676.95,681.3126904010774,,,,0.8,13.922424242424244,42
xlstm,carbon,USA|kentucky,US,True,rolling,2023-12-01,5,2024-05-01,661.26,680.7573488521576,,,,0.8,13.922424242424244,42
xlstm,carbon,USA|kentucky,US,True,rolling,2023-12-01,6,2024-06-01,683.47,681.3620351600647,,,,0.8,13.922424242424244,42
xlstm,carbon,USA|kentucky,US,True,rolling,2023-12-01,7,2024-07-01,680.97,681.3219681835175,,,,0.8,13.922424242424244,42
xlstm,carbon,USA|kentucky,US,True,rolling,2023-12-01,8,2024-08-01,671.33,681.3815006208421,,,,0.8,13.922424242424244,42
xlstm,carbon,USA|kentucky,US,True,rolling,2023-12-01,9,2024-09-01,657.5,681.4927761554718,,,,0.8,13.922424242424244,42
xlstm,carbon,USA|kentucky,US,True,rolling,2023-12-01,10,2024-10-01,675.36,681.6899079942704,,,,0.8,13.922424242424244,42
xlstm,carbon,USA|kentucky,US,True,rolling,2023-12-01,11,2024-11-01,673.19,682.1500944185258,,,,0.8,13.922424242424244,42
xlstm,carbon,USA|kentucky,US,True,rolling,2023-12-01,12,2024-12-01,683.26,682.2589873933792,,,,0.8,13.922424242424244,42
xlstm,carbon,USA|kentucky,US,True,rolling,2024-12-01,1,2025-01-01,686.88,678.9905624389648,,,,0.8,13.730471014492753,42
xlstm,carbon,USA|kentucky,US,True,rolling,2024-12-01,2,2025-02-01,694.37,678.7571162867547,,,,0.8,13.730471014492753,42
xlstm,carbon,USA|kentucky,US,True,rolling,2024-12-01,3,2025-03-01,685.18,678.7471915841103,,,,0.8,13.730471014492753,42
xlstm,carbon,USA|kentucky,US,True,rolling,2024-12-01,4,2025-04-01,682.3,678.7884892868996,,,,0.8,13.730471014492753,42
xlstm,carbon,USA|kentucky,US,True,rolling,2024-12-01,5,2025-05-01,649.11,678.9933447217942,,,,0.8,13.730471014492753,42
xlstm,carbon,USA|kentucky,US,True,rolling,2024-12-01,6,2025-06-01,661.8,679.5273957586289,,,,0.8,13.730471014492753,42
xlstm,carbon,USA|kentucky,US,True,rolling,2024-12-01,7,2025-07-01,659.39,679.5329550647737,,,,0.8,13.730471014492753,42
xlstm,carbon,USA|kentucky,US,True,rolling,2024-12-01,8,2025-08-01,665.39,679.6166181516647,,,,0.8,13.730471014492753,42
xlstm,carbon,USA|kentucky,US,True,rolling,2024-12-01,9,2025-09-01,662.55,679.9205917549134,,,,0.8,13.730471014492753,42
xlstm,carbon,USA|kentucky,US,True,rolling,2024-12-01,10,2025-10-01,659.51,680.5217278909684,,,,0.8,13.730471014492753,42
xlstm,carbon,USA|kentucky,US,True,rolling,2024-12-01,11,2025-11-01,664.93,680.6739171838761,,,,0.8,13.730471014492753,42
xlstm,carbon,USA|kentucky,US,True,rolling,2024-12-01,12,2025-12-01,681.63,680.8794905424119,,,,0.8,13.730471014492753,42
xlstm,carbon,USA|louisiana,US,True,holdout,last12,1,2025-01-01,423.9,421.2548314768076,,,,0.8,23.006268115942028,42
xlstm,carbon,USA|louisiana,US,True,holdout,last12,2,2025-02-01,436.36,426.1778715211153,,,,0.8,23.006268115942028,42
xlstm,carbon,USA|louisiana,US,True,holdout,last12,3,2025-03-01,416.19,428.6679715442658,,,,0.8,23.006268115942028,42
xlstm,carbon,USA|louisiana,US,True,holdout,last12,4,2025-04-01,410.84,429.56497321605684,,,,0.8,23.006268115942028,42
xlstm,carbon,USA|louisiana,US,True,holdout,last12,5,2025-05-01,455.77,429.65192436456687,,,,0.8,23.006268115942028,42
xlstm,carbon,USA|louisiana,US,True,holdout,last12,6,2025-06-01,426.79,429.42186304807666,,,,0.8,23.006268115942028,42
xlstm,carbon,USA|louisiana,US,True,holdout,last12,7,2025-07-01,413.1,429.1393433141709,,,,0.8,23.006268115942028,42
xlstm,carbon,USA|louisiana,US,True,holdout,last12,8,2025-08-01,420.48,428.9352902102471,,,,0.8,23.006268115942028,42
xlstm,carbon,USA|louisiana,US,True,holdout,last12,9,2025-09-01,410.98,428.8200688886643,,,,0.8,23.006268115942028,42
xlstm,carbon,USA|louisiana,US,True,holdout,last12,10,2025-10-01,395.81,428.79058107018477,,,,0.8,23.006268115942028,42
xlstm,carbon,USA|louisiana,US,True,holdout,last12,11,2025-11-01,410.91,428.8311663615704,,,,0.8,23.006268115942028,42
xlstm,carbon,USA|louisiana,US,True,holdout,last12,12,2025-12-01,414.22,428.88814436674124,,,,0.8,23.006268115942028,42
xlstm,carbon,USA|louisiana,US,True,rolling,2022-12-01,1,2023-01-01,403.9,424.24192962110044,,,,0.8,22.233253968253972,42
xlstm,carbon,USA|louisiana,US,True,rolling,2022-12-01,2,2023-02-01,419.5,425.2518266750872,,,,0.8,22.233253968253972,42
xlstm,carbon,USA|louisiana,US,True,rolling,2022-12-01,3,2023-03-01,432.3,424.8823896853626,,,,0.8,22.233253968253972,42
xlstm,carbon,USA|louisiana,US,True,rolling,2022-12-01,4,2023-04-01,424.79,424.36498199760916,,,,0.8,22.233253968253972,42
xlstm,carbon,USA|louisiana,US,True,rolling,2022-12-01,5,2023-05-01,442.17,423.4454711766541,,,,0.8,22.233253968253972,42
xlstm,carbon,USA|louisiana,US,True,rolling,2022-12-01,6,2023-06-01,440.35,422.3522575888038,,,,0.8,22.233253968253972,42
xlstm,carbon,USA|louisiana,US,True,rolling,2022-12-01,7,2023-07-01,431.48,421.40214728429913,,,,0.8,22.233253968253972,42
xlstm,carbon,USA|louisiana,US,True,rolling,2022-12-01,8,2023-08-01,436.11,420.87725441262126,,,,0.8,22.233253968253972,42
xlstm,carbon,USA|louisiana,US,True,rolling,2022-12-01,9,2023-09-01,415.5,420.6307147999108,,,,0.8,22.233253968253972,42
xlstm,carbon,USA|louisiana,US,True,rolling,2022-12-01,10,2023-10-01,443.03,420.63075354978446,,,,0.8,22.233253968253972,42
xlstm,carbon,USA|louisiana,US,True,rolling,2022-12-01,11,2023-11-01,491.15,420.8730694262684,,,,0.8,22.233253968253972,42
xlstm,carbon,USA|louisiana,US,True,rolling,2022-12-01,12,2023-12-01,477.03,421.1539586491883,,,,0.8,22.233253968253972,42
xlstm,carbon,USA|louisiana,US,True,rolling,2023-12-01,1,2024-01-01,467.3,457.26309513479475,,,,0.8,22.631287878787877,42
xlstm,carbon,USA|louisiana,US,True,rolling,2023-12-01,2,2024-02-01,402.4,441.9406071841717,,,,0.8,22.631287878787877,42
xlstm,carbon,USA|louisiana,US,True,rolling,2023-12-01,3,2024-03-01,407.47,434.2109847512841,,,,0.8,22.631287878787877,42
xlstm,carbon,USA|louisiana,US,True,rolling,2023-12-01,4,2024-04-01,433.12,431.44287461131813,,,,0.8,22.631287878787877,42
xlstm,carbon,USA|louisiana,US,True,rolling,2023-12-01,5,2024-05-01,442.58,430.7809449642897,,,,0.8,22.631287878787877,42
xlstm,carbon,USA|louisiana,US,True,rolling,2023-12-01,6,2024-06-01,437.71,430.5137602800131,,,,0.8,22.631287878787877,42
xlstm,carbon,USA|louisiana,US,True,rolling,2023-12-01,7,2024-07-01,416.19,430.1735665282607,,,,0.8,22.631287878787877,42
xlstm,carbon,USA|louisiana,US,True,rolling,2023-12-01,8,2024-08-01,418.38,429.7882980623842,,,,0.8,22.631287878787877,42
xlstm,carbon,USA|louisiana,US,True,rolling,2023-12-01,9,2024-09-01,408.88,429.4012901577354,,,,0.8,22.631287878787877,42
xlstm,carbon,USA|louisiana,US,True,rolling,2023-12-01,10,2024-10-01,390.23,429.22213657528164,,,,0.8,22.631287878787877,42
xlstm,carbon,USA|louisiana,US,True,rolling,2023-12-01,11,2024-11-01,396.83,428.89638360977176,,,,0.8,22.631287878787877,42
xlstm,carbon,USA|louisiana,US,True,rolling,2023-12-01,12,2024-12-01,405.43,428.41941572070124,,,,0.8,22.631287878787877,42
xlstm,carbon,USA|louisiana,US,True,rolling,2024-12-01,1,2025-01-01,423.9,421.2548314768076,,,,0.8,23.006268115942028,42
xlstm,carbon,USA|louisiana,US,True,rolling,2024-12-01,2,2025-02-01,436.36,426.1778715211153,,,,0.8,23.006268115942028,42
xlstm,carbon,USA|louisiana,US,True,rolling,2024-12-01,3,2025-03-01,416.19,428.6679715442658,,,,0.8,23.006268115942028,42
xlstm,carbon,USA|louisiana,US,True,rolling,2024-12-01,4,2025-04-01,410.84,429.56497321605684,,,,0.8,23.006268115942028,42
xlstm,carbon,USA|louisiana,US,True,rolling,2024-12-01,5,2025-05-01,455.77,429.65192436456687,,,,0.8,23.006268115942028,42
xlstm,carbon,USA|louisiana,US,True,rolling,2024-12-01,6,2025-06-01,426.79,429.42186304807666,,,,0.8,23.006268115942028,42
xlstm,carbon,USA|louisiana,US,True,rolling,2024-12-01,7,2025-07-01,413.1,429.1393433141709,,,,0.8,23.006268115942028,42
xlstm,carbon,USA|louisiana,US,True,rolling,2024-12-01,8,2025-08-01,420.48,428.9352902102471,,,,0.8,23.006268115942028,42
xlstm,carbon,USA|louisiana,US,True,rolling,2024-12-01,9,2025-09-01,410.98,428.8200688886643,,,,0.8,23.006268115942028,42
xlstm,carbon,USA|louisiana,US,True,rolling,2024-12-01,10,2025-10-01,395.81,428.79058107018477,,,,0.8,23.006268115942028,42
xlstm,carbon,USA|louisiana,US,True,rolling,2024-12-01,11,2025-11-01,410.91,428.8311663615704,,,,0.8,23.006268115942028,42
xlstm,carbon,USA|louisiana,US,True,rolling,2024-12-01,12,2025-12-01,414.22,428.88814436674124,,,,0.8,23.006268115942028,42
xlstm,carbon,USA|maine,US,False,holdout,last12,1,2025-01-01,190.03,200.09671040296556,,,,0.8,30.318079710144932,42
xlstm,carbon,USA|maine,US,False,holdout,last12,2,2025-02-01,196.4,193.01824362248183,,,,0.8,30.318079710144932,42
xlstm,carbon,USA|maine,US,False,holdout,last12,3,2025-03-01,189.48,198.47042231529952,,,,0.8,30.318079710144932,42
xlstm,carbon,USA|maine,US,False,holdout,last12,4,2025-04-01,157.5,201.0701776099205,,,,0.8,30.318079710144932,42
xlstm,carbon,USA|maine,US,False,holdout,last12,5,2025-05-01,186.21,210.1971059319377,,,,0.8,30.318079710144932,42
xlstm,carbon,USA|maine,US,False,holdout,last12,6,2025-06-01,224.76,219.46420632272958,,,,0.8,30.318079710144932,42
xlstm,carbon,USA|maine,US,False,holdout,last12,7,2025-07-01,250.13,218.09670779675244,,,,0.8,30.318079710144932,42
xlstm,carbon,USA|maine,US,False,holdout,last12,8,2025-08-01,237.46,208.69165190577507,,,,0.8,30.318079710144932,42
xlstm,carbon,USA|maine,US,False,holdout,last12,9,2025-09-01,242.4,199.10638070225716,,,,0.8,30.318079710144932,42
xlstm,carbon,USA|maine,US,False,holdout,last12,10,2025-10-01,212.0,187.8947851587832,,,,0.8,30.318079710144932,42
xlstm,carbon,USA|maine,US,False,holdout,last12,11,2025-11-01,237.87,188.96827761277555,,,,0.8,30.318079710144932,42
xlstm,carbon,USA|maine,US,False,holdout,last12,12,2025-12-01,268.91,195.26124531000852,,,,0.8,30.318079710144932,42
xlstm,carbon,USA|maine,US,False,rolling,2022-12-01,1,2023-01-01,189.16,219.3943947699666,,,,0.8,30.37952380952381,42
xlstm,carbon,USA|maine,US,False,rolling,2022-12-01,2,2023-02-01,179.33,193.56195546805858,,,,0.8,30.37952380952381,42
xlstm,carbon,USA|maine,US,False,rolling,2022-12-01,3,2023-03-01,174.95,195.7240524020791,,,,0.8,30.37952380952381,42
xlstm,carbon,USA|maine,US,False,rolling,2022-12-01,4,2023-04-01,155.72,211.43354725062846,,,,0.8,30.37952380952381,42
xlstm,carbon,USA|maine,US,False,rolling,2022-12-01,5,2023-05-01,191.6,256.5923827332258,,,,0.8,30.37952380952381,42
xlstm,carbon,USA|maine,US,False,rolling,2022-12-01,6,2023-06-01,235.41,266.19834881544114,,,,0.8,30.37952380952381,42
xlstm,carbon,USA|maine,US,False,rolling,2022-12-01,7,2023-07-01,251.51,270.2990732100606,,,,0.8,30.37952380952381,42
xlstm,carbon,USA|maine,US,False,rolling,2022-12-01,8,2023-08-01,214.1,263.3022673022747,,,,0.8,30.37952380952381,42
xlstm,carbon,USA|maine,US,False,rolling,2022-12-01,9,2023-09-01,214.65,241.94904701828958,,,,0.8,30.37952380952381,42
xlstm,carbon,USA|maine,US,False,rolling,2022-12-01,10,2023-10-01,197.17,210.74069348394872,,,,0.8,30.37952380952381,42
xlstm,carbon,USA|maine,US,False,rolling,2022-12-01,11,2023-11-01,216.85,203.6583010983467,,,,0.8,30.37952380952381,42
xlstm,carbon,USA|maine,US,False,rolling,2022-12-01,12,2023-12-01,201.05,214.52963782668112,,,,0.8,30.37952380952381,42
xlstm,carbon,USA|maine,US,False,rolling,2023-12-01,1,2024-01-01,221.21,193.67753812640905,,,,0.8,30.787045454545456,42
xlstm,carbon,USA|maine,US,False,rolling,2023-12-01,2,2024-02-01,174.23,191.78947743147612,,,,0.8,30.787045454545456,42
xlstm,carbon,USA|maine,US,False,rolling,2023-12-01,3,2024-03-01,190.47,193.90264413177968,,,,0.8,30.787045454545456,42
xlstm,carbon,USA|maine,US,False,rolling,2023-12-01,4,2024-04-01,173.54,200.07734132230283,,,,0.8,30.787045454545456,42
xlstm,carbon,USA|maine,US,False,rolling,2023-12-01,5,2024-05-01,182.03,219.18362395584583,,,,0.8,30.787045454545456,42
xlstm,carbon,USA|maine,US,False,rolling,2023-12-01,6,2024-06-01,221.56,230.73180129647255,,,,0.8,30.787045454545456,42
xlstm,carbon,USA|maine,US,False,rolling,2023-12-01,7,2024-07-01,243.65,227.0612465751171,,,,0.8,30.787045454545456,42
xlstm,carbon,USA|maine,US,False,rolling,2023-12-01,8,2024-08-01,234.84,214.06877800047397,,,,0.8,30.787045454545456,42
xlstm,carbon,USA|maine,US,False,rolling,2023-12-01,9,2024-09-01,231.67,211.66046587049962,,,,0.8,30.787045454545456,42
xlstm,carbon,USA|maine,US,False,rolling,2023-12-01,10,2024-10-01,178.82,207.79663465440274,,,,0.8,30.787045454545456,42
xlstm,carbon,USA|maine,US,False,rolling,2023-12-01,11,2024-11-01,164.48,209.79929401695728,,,,0.8,30.787045454545456,42
xlstm,carbon,USA|maine,US,False,rolling,2023-12-01,12,2024-12-01,171.29,204.19829449474813,,,,0.8,30.787045454545456,42
xlstm,carbon,USA|maine,US,False,rolling,2024-12-01,1,2025-01-01,190.03,200.09671040296556,,,,0.8,30.318079710144932,42
xlstm,carbon,USA|maine,US,False,rolling,2024-12-01,2,2025-02-01,196.4,193.01824362248183,,,,0.8,30.318079710144932,42
xlstm,carbon,USA|maine,US,False,rolling,2024-12-01,3,2025-03-01,189.48,198.47042231529952,,,,0.8,30.318079710144932,42
xlstm,carbon,USA|maine,US,False,rolling,2024-12-01,4,2025-04-01,157.5,201.0701776099205,,,,0.8,30.318079710144932,42
xlstm,carbon,USA|maine,US,False,rolling,2024-12-01,5,2025-05-01,186.21,210.1971059319377,,,,0.8,30.318079710144932,42
xlstm,carbon,USA|maine,US,False,rolling,2024-12-01,6,2025-06-01,224.76,219.46420632272958,,,,0.8,30.318079710144932,42
xlstm,carbon,USA|maine,US,False,rolling,2024-12-01,7,2025-07-01,250.13,218.09670779675244,,,,0.8,30.318079710144932,42
xlstm,carbon,USA|maine,US,False,rolling,2024-12-01,8,2025-08-01,237.46,208.69165190577507,,,,0.8,30.318079710144932,42
xlstm,carbon,USA|maine,US,False,rolling,2024-12-01,9,2025-09-01,242.4,199.10638070225716,,,,0.8,30.318079710144932,42
xlstm,carbon,USA|maine,US,False,rolling,2024-12-01,10,2025-10-01,212.0,187.8947851587832,,,,0.8,30.318079710144932,42
xlstm,carbon,USA|maine,US,False,rolling,2024-12-01,11,2025-11-01,237.87,188.96827761277555,,,,0.8,30.318079710144932,42
xlstm,carbon,USA|maine,US,False,rolling,2024-12-01,12,2025-12-01,268.91,195.26124531000852,,,,0.8,30.318079710144932,42
xlstm,carbon,USA|maryland,US,True,holdout,last12,1,2025-01-01,317.75,269.50321549549693,,,,0.8,43.74163043478261,42
xlstm,carbon,USA|maryland,US,True,holdout,last12,2,2025-02-01,254.36,269.3468023605644,,,,0.8,43.74163043478261,42
xlstm,carbon,USA|maryland,US,True,holdout,last12,3,2025-03-01,285.78,270.3033893574774,,,,0.8,43.74163043478261,42
xlstm,carbon,USA|maryland,US,True,holdout,last12,4,2025-04-01,225.45,274.8217154546082,,,,0.8,43.74163043478261,42
xlstm,carbon,USA|maryland,US,True,holdout,last12,5,2025-05-01,216.82,276.4245433868467,,,,0.8,43.74163043478261,42
xlstm,carbon,USA|maryland,US,True,holdout,last12,6,2025-06-01,277.54,276.6634301142394,,,,0.8,43.74163043478261,42
xlstm,carbon,USA|maryland,US,True,holdout,last12,7,2025-07-01,339.89,276.9785499100387,,,,0.8,43.74163043478261,42
xlstm,carbon,USA|maryland,US,True,holdout,last12,8,2025-08-01,258.56,272.4180402705073,,,,0.8,43.74163043478261,42
xlstm,carbon,USA|maryland,US,True,holdout,last12,9,2025-09-01,253.22,272.225084066838,,,,0.8,43.74163043478261,42
xlstm,carbon,USA|maryland,US,True,holdout,last12,10,2025-10-01,283.71,274.05733126476406,,,,0.8,43.74163043478261,42
xlstm,carbon,USA|maryland,US,True,holdout,last12,11,2025-11-01,232.15,272.9843878300488,,,,0.8,43.74163043478261,42
xlstm,carbon,USA|maryland,US,True,holdout,last12,12,2025-12-01,269.5,277.6591803999245,,,,0.8,43.74163043478261,42
xlstm,carbon,USA|maryland,US,True,rolling,2022-12-01,1,2023-01-01,184.58,305.00310996413225,,,,0.8,43.518055555555556,42
xlstm,carbon,USA|maryland,US,True,rolling,2022-12-01,2,2023-02-01,243.62,299.1645663338899,,,,0.8,43.518055555555556,42
xlstm,carbon,USA|maryland,US,True,rolling,2022-12-01,3,2023-03-01,268.61,297.71044422268864,,,,0.8,43.518055555555556,42
xlstm,carbon,USA|maryland,US,True,rolling,2022-12-01,4,2023-04-01,258.84,300.08417689234017,,,,0.8,43.518055555555556,42
xlstm,carbon,USA|maryland,US,True,rolling,2022-12-01,5,2023-05-01,191.57,301.1243042379617,,,,0.8,43.518055555555556,42
xlstm,carbon,USA|maryland,US,True,rolling,2022-12-01,6,2023-06-01,244.7,302.313817461729,,,,0.8,43.518055555555556,42
xlstm,carbon,USA|maryland,US,True,rolling,2022-12-01,7,2023-07-01,317.1,301.5888765841722,,,,0.8,43.518055555555556,42
xlstm,carbon,USA|maryland,US,True,rolling,2022-12-01,8,2023-08-01,316.94,299.67876951456066,,,,0.8,43.518055555555556,42
xlstm,carbon,USA|maryland,US,True,rolling,2022-12-01,9,2023-09-01,280.85,297.8284941360354,,,,0.8,43.518055555555556,42
xlstm,carbon,USA|maryland,US,True,rolling,2022-12-01,10,2023-10-01,254.86,296.81131538420914,,,,0.8,43.518055555555556,42
xlstm,carbon,USA|maryland,US,True,rolling,2022-12-01,11,2023-11-01,252.55,298.15652168244117,,,,0.8,43.518055555555556,42
xlstm,carbon,USA|maryland,US,True,rolling,2022-12-01,12,2023-12-01,215.0,302.40099811613555,,,,0.8,43.518055555555556,42
xlstm,carbon,USA|maryland,US,True,rolling,2023-12-01,1,2024-01-01,255.12,272.2393319299817,,,,0.8,43.800871212121216,42
xlstm,carbon,USA|maryland,US,True,rolling,2023-12-01,2,2024-02-01,242.16,275.8465148463845,,,,0.8,43.800871212121216,42
xlstm,carbon,USA|maryland,US,True,rolling,2023-12-01,3,2024-03-01,193.78,276.6881388558447,,,,0.8,43.800871212121216,42
xlstm,carbon,USA|maryland,US,True,rolling,2023-12-01,4,2024-04-01,247.11,276.39961462676524,,,,0.8,43.800871212121216,42
xlstm,carbon,USA|maryland,US,True,rolling,2023-12-01,5,2024-05-01,271.1,276.90811732873317,,,,0.8,43.800871212121216,42
xlstm,carbon,USA|maryland,US,True,rolling,2023-12-01,6,2024-06-01,271.6,281.7030399866402,,,,0.8,43.800871212121216,42
xlstm,carbon,USA|maryland,US,True,rolling,2023-12-01,7,2024-07-01,343.56,283.7570924775302,,,,0.8,43.800871212121216,42
xlstm,carbon,USA|maryland,US,True,rolling,2023-12-01,8,2024-08-01,274.58,281.31770762801165,,,,0.8,43.800871212121216,42
xlstm,carbon,USA|maryland,US,True,rolling,2023-12-01,9,2024-09-01,241.32,278.9433549062907,,,,0.8,43.800871212121216,42
xlstm,carbon,USA|maryland,US,True,rolling,2023-12-01,10,2024-10-01,286.81,278.64973691612477,,,,0.8,43.800871212121216,42
xlstm,carbon,USA|maryland,US,True,rolling,2023-12-01,11,2024-11-01,198.23,279.8150014369189,,,,0.8,43.800871212121216,42
xlstm,carbon,USA|maryland,US,True,rolling,2023-12-01,12,2024-12-01,264.65,281.1780225645005,,,,0.8,43.800871212121216,42
xlstm,carbon,USA|maryland,US,True,rolling,2024-12-01,1,2025-01-01,317.75,269.50321549549693,,,,0.8,43.74163043478261,42
xlstm,carbon,USA|maryland,US,True,rolling,2024-12-01,2,2025-02-01,254.36,269.3468023605644,,,,0.8,43.74163043478261,42
xlstm,carbon,USA|maryland,US,True,rolling,2024-12-01,3,2025-03-01,285.78,270.3033893574774,,,,0.8,43.74163043478261,42
xlstm,carbon,USA|maryland,US,True,rolling,2024-12-01,4,2025-04-01,225.45,274.8217154546082,,,,0.8,43.74163043478261,42
xlstm,carbon,USA|maryland,US,True,rolling,2024-12-01,5,2025-05-01,216.82,276.4245433868467,,,,0.8,43.74163043478261,42
xlstm,carbon,USA|maryland,US,True,rolling,2024-12-01,6,2025-06-01,277.54,276.6634301142394,,,,0.8,43.74163043478261,42
xlstm,carbon,USA|maryland,US,True,rolling,2024-12-01,7,2025-07-01,339.89,276.9785499100387,,,,0.8,43.74163043478261,42
xlstm,carbon,USA|maryland,US,True,rolling,2024-12-01,8,2025-08-01,258.56,272.4180402705073,,,,0.8,43.74163043478261,42
xlstm,carbon,USA|maryland,US,True,rolling,2024-12-01,9,2025-09-01,253.22,272.225084066838,,,,0.8,43.74163043478261,42
xlstm,carbon,USA|maryland,US,True,rolling,2024-12-01,10,2025-10-01,283.71,274.05733126476406,,,,0.8,43.74163043478261,42
xlstm,carbon,USA|maryland,US,True,rolling,2024-12-01,11,2025-11-01,232.15,272.9843878300488,,,,0.8,43.74163043478261,42
xlstm,carbon,USA|maryland,US,True,rolling,2024-12-01,12,2025-12-01,269.5,277.6591803999245,,,,0.8,43.74163043478261,42
xlstm,carbon,USA|massachusetts,US,True,holdout,last12,1,2025-01-01,404.92,366.256224193573,,,,0.8,30.422898550724636,42
xlstm,carbon,USA|massachusetts,US,True,holdout,last12,2,2025-02-01,376.99,364.9528921031952,,,,0.8,30.422898550724636,42
xlstm,carbon,USA|massachusetts,US,True,holdout,last12,3,2025-03-01,333.7,365.01452449798586,,,,0.8,30.422898550724636,42
xlstm,carbon,USA|massachusetts,US,True,holdout,last12,4,2025-04-01,313.88,365.3863716506958,,,,0.8,30.422898550724636,42
xlstm,carbon,USA|massachusetts,US,True,holdout,last12,5,2025-05-01,316.29,367.1026554489136,,,,0.8,30.422898550724636,42
xlstm,carbon,USA|massachusetts,US,True,holdout,last12,6,2025-06-01,361.62,369.5423403167725,,,,0.8,30.422898550724636,42
xlstm,carbon,USA|massachusetts,US,True,holdout,last12,7,2025-07-01,380.36,371.26208452224733,,,,0.8,30.422898550724636,42
xlstm,carbon,USA|massachusetts,US,True,holdout,last12,8,2025-08-01,369.05,371.10075525283816,,,,0.8,30.422898550724636,42
xlstm,carbon,USA|massachusetts,US,True,holdout,last12,9,2025-09-01,352.75,371.9263263130188,,,,0.8,30.422898550724636,42
xlstm,carbon,USA|massachusetts,US,True,holdout,last12,10,2025-10-01,380.75,374.0756106758118,,,,0.8,30.422898550724636,42
xlstm,carbon,USA|massachusetts,US,True,holdout,last12,11,2025-11-01,402.83,374.77650932312014,,,,0.8,30.422898550724636,42
xlstm,carbon,USA|massachusetts,US,True,holdout,last12,12,2025-12-01,422.41,373.5897753620148,,,,0.8,30.422898550724636,42
xlstm,carbon,USA|massachusetts,US,True,rolling,2022-12-01,1,2023-01-01,391.02,377.6400647544861,,,,0.8,31.43329365079364,42
xlstm,carbon,USA|massachusetts,US,True,rolling,2022-12-01,2,2023-02-01,392.8,375.34960750579836,,,,0.8,31.43329365079364,42
xlstm,carbon,USA|massachusetts,US,True,rolling,2022-12-01,3,2023-03-01,342.89,375.26082948684694,,,,0.8,31.43329365079364,42
xlstm,carbon,USA|massachusetts,US,True,rolling,2022-12-01,4,2023-04-01,337.72,376.8222551727295,,,,0.8,31.43329365079364,42
xlstm,carbon,USA|massachusetts,US,True,rolling,2022-12-01,5,2023-05-01,330.64,378.5672974967957,,,,0.8,31.43329365079364,42
xlstm,carbon,USA|massachusetts,US,True,rolling,2022-12-01,6,2023-06-01,346.08,379.5574334049225,,,,0.8,31.43329365079364,42
xlstm,carbon,USA|massachusetts,US,True,rolling,2022-12-01,7,2023-07-01,379.22,380.7988691711426,,,,0.8,31.43329365079364,42
xlstm,carbon,USA|massachusetts,US,True,rolling,2022-12-01,8,2023-08-01,356.59,379.7003560447693,,,,0.8,31.43329365079364,42
xlstm,carbon,USA|massachusetts,US,True,rolling,2022-12-01,9,2023-09-01,361.75,378.50413040161135,,,,0.8,31.43329365079364,42
xlstm,carbon,USA|massachusetts,US,True,rolling,2022-12-01,10,2023-10-01,377.51,379.7448721313477,,,,0.8,31.43329365079364,42
xlstm,carbon,USA|massachusetts,US,True,rolling,2022-12-01,11,2023-11-01,383.4,381.74792984962465,,,,0.8,31.43329365079364,42
xlstm,carbon,USA|massachusetts,US,True,rolling,2022-12-01,12,2023-12-01,405.3,381.2940397644043,,,,0.8,31.43329365079364,42
xlstm,carbon,USA|massachusetts,US,True,rolling,2023-12-01,1,2024-01-01,418.1,370.90916208267214,,,,0.8,30.953409090909087,42
xlstm,carbon,USA|massachusetts,US,True,rolling,2023-12-01,2,2024-02-01,377.32,370.59505681037905,,,,0.8,30.953409090909087,42
xlstm,carbon,USA|massachusetts,US,True,rolling,2023-12-01,3,2024-03-01,363.68,370.1353211784363,,,,0.8,30.953409090909087,42
xlstm,carbon,USA|massachusetts,US,True,rolling,2023-12-01,4,2024-04-01,318.78,371.4284382247925,,,,0.8,30.953409090909087,42
xlstm,carbon,USA|massachusetts,US,True,rolling,2023-12-01,5,2024-05-01,300.17,372.88679460525515,,,,0.8,30.953409090909087,42
xlstm,carbon,USA|massachusetts,US,True,rolling,2023-12-01,6,2024-06-01,324.06,374.6967635536194,,,,0.8,30.953409090909087,42
xlstm,carbon,USA|massachusetts,US,True,rolling,2023-12-01,7,2024-07-01,373.16,375.9290008926392,,,,0.8,30.953409090909087,42
xlstm,carbon,USA|massachusetts,US,True,rolling,2023-12-01,8,2024-08-01,350.95,375.70189455986025,,,,0.8,30.953409090909087,42
xlstm,carbon,USA|massachusetts,US,True,rolling,2023-12-01,9,2024-09-01,322.62,376.58426908493044,,,,0.8,30.953409090909087,42
xlstm,carbon,USA|massachusetts,US,True,rolling,2023-12-01,10,2024-10-01,356.83,377.26976207733156,,,,0.8,30.953409090909087,42
xlstm,carbon,USA|massachusetts,US,True,rolling,2023-12-01,11,2024-11-01,397.72,377.1970935249329,,,,0.8,30.953409090909087,42
xlstm,carbon,USA|massachusetts,US,True,rolling,2023-12-01,12,2024-12-01,400.89,376.8324017906189,,,,0.8,30.953409090909087,42
xlstm,carbon,USA|massachusetts,US,True,rolling,2024-12-01,1,2025-01-01,404.92,366.256224193573,,,,0.8,30.422898550724636,42
xlstm,carbon,USA|massachusetts,US,True,rolling,2024-12-01,2,2025-02-01,376.99,364.9528921031952,,,,0.8,30.422898550724636,42
xlstm,carbon,USA|massachusetts,US,True,rolling,2024-12-01,3,2025-03-01,333.7,365.01452449798586,,,,0.8,30.422898550724636,42
xlstm,carbon,USA|massachusetts,US,True,rolling,2024-12-01,4,2025-04-01,313.88,365.3863716506958,,,,0.8,30.422898550724636,42
xlstm,carbon,USA|massachusetts,US,True,rolling,2024-12-01,5,2025-05-01,316.29,367.1026554489136,,,,0.8,30.422898550724636,42
xlstm,carbon,USA|massachusetts,US,True,rolling,2024-12-01,6,2025-06-01,361.62,369.5423403167725,,,,0.8,30.422898550724636,42
xlstm,carbon,USA|massachusetts,US,True,rolling,2024-12-01,7,2025-07-01,380.36,371.26208452224733,,,,0.8,30.422898550724636,42
xlstm,carbon,USA|massachusetts,US,True,rolling,2024-12-01,8,2025-08-01,369.05,371.10075525283816,,,,0.8,30.422898550724636,42
xlstm,carbon,USA|massachusetts,US,True,rolling,2024-12-01,9,2025-09-01,352.75,371.9263263130188,,,,0.8,30.422898550724636,42
xlstm,carbon,USA|massachusetts,US,True,rolling,2024-12-01,10,2025-10-01,380.75,374.0756106758118,,,,0.8,30.422898550724636,42
xlstm,carbon,USA|massachusetts,US,True,rolling,2024-12-01,11,2025-11-01,402.83,374.77650932312014,,,,0.8,30.422898550724636,42
xlstm,carbon,USA|massachusetts,US,True,rolling,2024-12-01,12,2025-12-01,422.41,373.5897753620148,,,,0.8,30.422898550724636,42
xlstm,carbon,USA|michigan,US,True,holdout,last12,1,2025-01-01,407.72,412.764577639997,,,,0.8,34.51221014492753,42
xlstm,carbon,USA|michigan,US,True,holdout,last12,2,2025-02-01,420.15,412.74256110846994,,,,0.8,34.51221014492753,42
xlstm,carbon,USA|michigan,US,True,holdout,last12,3,2025-03-01,380.18,414.3516139781475,,,,0.8,34.51221014492753,42
xlstm,carbon,USA|michigan,US,True,holdout,last12,4,2025-04-01,418.42,417.893388749361,,,,0.8,34.51221014492753,42
xlstm,carbon,USA|michigan,US,True,holdout,last12,5,2025-05-01,364.77,416.9717299064994,,,,0.8,34.51221014492753,42
xlstm,carbon,USA|michigan,US,True,holdout,last12,6,2025-06-01,407.07,417.8972295624018,,,,0.8,34.51221014492753,42
xlstm,carbon,USA|michigan,US,True,holdout,last12,7,2025-07-01,435.01,417.67847667515275,,,,0.8,34.51221014492753,42
xlstm,carbon,USA|michigan,US,True,holdout,last12,8,2025-08-01,420.27,415.69983847320077,,,,0.8,34.51221014492753,42
xlstm,carbon,USA|michigan,US,True,holdout,last12,9,2025-09-01,427.23,414.34382084459065,,,,0.8,34.51221014492753,42
xlstm,carbon,USA|michigan,US,True,holdout,last12,10,2025-10-01,430.56,413.5297295463085,,,,0.8,34.51221014492753,42
xlstm,carbon,USA|michigan,US,True,holdout,last12,11,2025-11-01,379.01,414.314705003798,,,,0.8,34.51221014492753,42
xlstm,carbon,USA|michigan,US,True,holdout,last12,12,2025-12-01,386.03,416.2434250259399,,,,0.8,34.51221014492753,42
xlstm,carbon,USA|michigan,US,True,rolling,2022-12-01,1,2023-01-01,434.01,428.8556452895701,,,,0.8,34.86503968253969,42
xlstm,carbon,USA|michigan,US,True,rolling,2022-12-01,2,2023-02-01,368.98,429.34357722237706,,,,0.8,34.86503968253969,42
xlstm,carbon,USA|michigan,US,True,rolling,2022-12-01,3,2023-03-01,377.53,431.4254527619481,,,,0.8,34.86503968253969,42
xlstm,carbon,USA|michigan,US,True,rolling,2022-12-01,4,2023-04-01,356.27,435.75039409160615,,,,0.8,34.86503968253969,42
xlstm,carbon,USA|michigan,US,True,rolling,2022-12-01,5,2023-05-01,342.23,436.45208585470914,,,,0.8,34.86503968253969,42
xlstm,carbon,USA|michigan,US,True,rolling,2022-12-01,6,2023-06-01,400.75,433.3445707514882,,,,0.8,34.86503968253969,42
xlstm,carbon,USA|michigan,US,True,rolling,2022-12-01,7,2023-07-01,423.47,433.207936924994,,,,0.8,34.86503968253969,42
xlstm,carbon,USA|michigan,US,True,rolling,2022-12-01,8,2023-08-01,443.64,431.06455262303353,,,,0.8,34.86503968253969,42
xlstm,carbon,USA|michigan,US,True,rolling,2022-12-01,9,2023-09-01,441.35,429.4767419274151,,,,0.8,34.86503968253969,42
xlstm,carbon,USA|michigan,US,True,rolling,2022-12-01,10,2023-10-01,423.53,427.7744316391647,,,,0.8,34.86503968253969,42
xlstm,carbon,USA|michigan,US,True,rolling,2022-12-01,11,2023-11-01,393.13,425.1143836449087,,,,0.8,34.86503968253969,42
xlstm,carbon,USA|michigan,US,True,rolling,2022-12-01,12,2023-12-01,396.81,427.1781516094506,,,,0.8,34.86503968253969,42
xlstm,carbon,USA|michigan,US,True,rolling,2023-12-01,1,2024-01-01,403.71,412.7518162289262,,,,0.8,34.88613636363636,42
xlstm,carbon,USA|michigan,US,True,rolling,2023-12-01,2,2024-02-01,373.79,411.5871020640433,,,,0.8,34.88613636363636,42
xlstm,carbon,USA|michigan,US,True,rolling,2023-12-01,3,2024-03-01,347.21,412.71409572795034,,,,0.8,34.88613636363636,42
xlstm,carbon,USA|michigan,US,True,rolling,2023-12-01,4,2024-04-01,431.69,413.7415751649439,,,,0.8,34.88613636363636,42
xlstm,carbon,USA|michigan,US,True,rolling,2023-12-01,5,2024-05-01,401.12,415.91589040160176,,,,0.8,34.88613636363636,42
xlstm,carbon,USA|michigan,US,True,rolling,2023-12-01,6,2024-06-01,420.26,419.3741027097404,,,,0.8,34.88613636363636,42
xlstm,carbon,USA|michigan,US,True,rolling,2023-12-01,7,2024-07-01,449.65,420.3117690701783,,,,0.8,34.88613636363636,42
xlstm,carbon,USA|michigan,US,True,rolling,2023-12-01,8,2024-08-01,438.93,420.0155432669818,,,,0.8,34.88613636363636,42
xlstm,carbon,USA|michigan,US,True,rolling,2023-12-01,9,2024-09-01,428.71,418.6005753530562,,,,0.8,34.88613636363636,42
xlstm,carbon,USA|michigan,US,True,rolling,2023-12-01,10,2024-10-01,395.75,417.3525465194881,,,,0.8,34.88613636363636,42
xlstm,carbon,USA|michigan,US,True,rolling,2023-12-01,11,2024-11-01,375.55,416.97954162463543,,,,0.8,34.88613636363636,42
xlstm,carbon,USA|michigan,US,True,rolling,2023-12-01,12,2024-12-01,404.1,418.0171868264675,,,,0.8,34.88613636363636,42
xlstm,carbon,USA|michigan,US,True,rolling,2024-12-01,1,2025-01-01,407.72,412.764577639997,,,,0.8,34.51221014492753,42
xlstm,carbon,USA|michigan,US,True,rolling,2024-12-01,2,2025-02-01,420.15,412.74256110846994,,,,0.8,34.51221014492753,42
xlstm,carbon,USA|michigan,US,True,rolling,2024-12-01,3,2025-03-01,380.18,414.3516139781475,,,,0.8,34.51221014492753,42
xlstm,carbon,USA|michigan,US,True,rolling,2024-12-01,4,2025-04-01,418.42,417.893388749361,,,,0.8,34.51221014492753,42
xlstm,carbon,USA|michigan,US,True,rolling,2024-12-01,5,2025-05-01,364.77,416.9717299064994,,,,0.8,34.51221014492753,42
xlstm,carbon,USA|michigan,US,True,rolling,2024-12-01,6,2025-06-01,407.07,417.8972295624018,,,,0.8,34.51221014492753,42
xlstm,carbon,USA|michigan,US,True,rolling,2024-12-01,7,2025-07-01,435.01,417.67847667515275,,,,0.8,34.51221014492753,42
xlstm,carbon,USA|michigan,US,True,rolling,2024-12-01,8,2025-08-01,420.27,415.69983847320077,,,,0.8,34.51221014492753,42
xlstm,carbon,USA|michigan,US,True,rolling,2024-12-01,9,2025-09-01,427.23,414.34382084459065,,,,0.8,34.51221014492753,42
xlstm,carbon,USA|michigan,US,True,rolling,2024-12-01,10,2025-10-01,430.56,413.5297295463085,,,,0.8,34.51221014492753,42
xlstm,carbon,USA|michigan,US,True,rolling,2024-12-01,11,2025-11-01,379.01,414.314705003798,,,,0.8,34.51221014492753,42
xlstm,carbon,USA|michigan,US,True,rolling,2024-12-01,12,2025-12-01,386.03,416.2434250259399,,,,0.8,34.51221014492753,42
xlstm,carbon,USA|minnesota,US,True,holdout,last12,1,2025-01-01,328.65,305.50927318572997,,,,0.8,34.071775362318846,42
xlstm,carbon,USA|minnesota,US,True,holdout,last12,2,2025-02-01,310.74,295.6395762825012,,,,0.8,34.071775362318846,42
xlstm,carbon,USA|minnesota,US,True,holdout,last12,3,2025-03-01,252.61,294.97094391822816,,,,0.8,34.071775362318846,42
xlstm,carbon,USA|minnesota,US,True,holdout,last12,4,2025-04-01,241.76,298.3166512775421,,,,0.8,34.071775362318846,42
xlstm,carbon,USA|minnesota,US,True,holdout,last12,5,2025-05-01,260.87,304.10035090446473,,,,0.8,34.071775362318846,42
xlstm,carbon,USA|minnesota,US,True,holdout,last12,6,2025-06-01,297.22,308.6758036899567,,,,0.8,34.071775362318846,42
xlstm,carbon,USA|minnesota,US,True,holdout,last12,7,2025-07-01,393.28,309.40232396125793,,,,0.8,34.071775362318846,42
xlstm,carbon,USA|minnesota,US,True,holdout,last12,8,2025-08-01,385.78,303.9642503547669,,,,0.8,34.071775362318846,42
xlstm,carbon,USA|minnesota,US,True,holdout,last12,9,2025-09-01,311.76,300.69294392585755,,,,0.8,34.071775362318846,42
xlstm,carbon,USA|minnesota,US,True,holdout,last12,10,2025-10-01,259.0,301.5533621311188,,,,0.8,34.071775362318846,42
xlstm,carbon,USA|minnesota,US,True,holdout,last12,11,2025-11-01,279.09,307.53375402450564,,,,0.8,34.071775362318846,42
xlstm,carbon,USA|minnesota,US,True,holdout,last12,12,2025-12-01,304.58,308.03587127685546,,,,0.8,34.071775362318846,42
xlstm,carbon,USA|minnesota,US,True,rolling,2022-12-01,1,2023-01-01,334.68,303.89104965209964,,,,0.8,33.015079365079366,42
xlstm,carbon,USA|minnesota,US,True,rolling,2022-12-01,2,2023-02-01,217.12,297.87081283569336,,,,0.8,33.015079365079366,42
xlstm,carbon,USA|minnesota,US,True,rolling,2022-12-01,3,2023-03-01,261.24,295.16385085105895,,,,0.8,33.015079365079366,42
xlstm,carbon,USA|minnesota,US,True,rolling,2022-12-01,4,2023-04-01,237.6,297.3790096282959,,,,0.8,33.015079365079366,42
xlstm,carbon,USA|minnesota,US,True,rolling,2022-12-01,5,2023-05-01,257.37,308.222658367157,,,,0.8,33.015079365079366,42
xlstm,carbon,USA|minnesota,US,True,rolling,2022-12-01,6,2023-06-01,362.49,321.2280095863342,,,,0.8,33.015079365079366,42
xlstm,carbon,USA|minnesota,US,True,rolling,2022-12-01,7,2023-07-01,376.39,320.10248613357544,,,,0.8,33.015079365079366,42
xlstm,carbon,USA|minnesota,US,True,rolling,2022-12-01,8,2023-08-01,339.99,310.65993841171263,,,,0.8,33.015079365079366,42
xlstm,carbon,USA|minnesota,US,True,rolling,2022-12-01,9,2023-09-01,303.39,303.78925451278684,,,,0.8,33.015079365079366,42
xlstm,carbon,USA|minnesota,US,True,rolling,2022-12-01,10,2023-10-01,336.15,304.6277125072479,,,,0.8,33.015079365079366,42
xlstm,carbon,USA|minnesota,US,True,rolling,2022-12-01,11,2023-11-01,353.31,305.70785152435303,,,,0.8,33.015079365079366,42
xlstm,carbon,USA|minnesota,US,True,rolling,2022-12-01,12,2023-12-01,367.45,309.29877464294435,,,,0.8,33.015079365079366,42
xlstm,carbon,USA|minnesota,US,True,rolling,2023-12-01,1,2024-01-01,428.51,303.90083612442015,,,,0.8,33.69564393939394,42
xlstm,carbon,USA|minnesota,US,True,rolling,2023-12-01,2,2024-02-01,306.83,302.14291135787965,,,,0.8,33.69564393939394,42
xlstm,carbon,USA|minnesota,US,True,rolling,2023-12-01,3,2024-03-01,250.51,310.9073699760437,,,,0.8,33.69564393939394,42
xlstm,carbon,USA|minnesota,US,True,rolling,2023-12-01,4,2024-04-01,222.43,316.64026435852054,,,,0.8,33.69564393939394,42
xlstm,carbon,USA|minnesota,US,True,rolling,2023-12-01,5,2024-05-01,244.82,325.692197303772,,,,0.8,33.69564393939394,42
xlstm,carbon,USA|minnesota,US,True,rolling,2023-12-01,6,2024-06-01,293.73,333.75239921569823,,,,0.8,33.69564393939394,42
xlstm,carbon,USA|minnesota,US,True,rolling,2023-12-01,7,2024-07-01,369.5,330.07258010864257,,,,0.8,33.69564393939394,42
xlstm,carbon,USA|minnesota,US,True,rolling,2023-12-01,8,2024-08-01,345.11,324.7415905570984,,,,0.8,33.69564393939394,42
xlstm,carbon,USA|minnesota,US,True,rolling,2023-12-01,9,2024-09-01,291.17,323.31292387008665,,,,0.8,33.69564393939394,42
xlstm,carbon,USA|minnesota,US,True,rolling,2023-12-01,10,2024-10-01,226.02,325.7980283737183,,,,0.8,33.69564393939394,42
xlstm,carbon,USA|minnesota,US,True,rolling,2023-12-01,11,2024-11-01,297.94,324.71961715698245,,,,0.8,33.69564393939394,42
xlstm,carbon,USA|minnesota,US,True,rolling,2023-12-01,12,2024-12-01,339.77,321.6279887771606,,,,0.8,33.69564393939394,42
xlstm,carbon,USA|minnesota,US,True,rolling,2024-12-01,1,2025-01-01,328.65,305.50927318572997,,,,0.8,34.071775362318846,42
xlstm,carbon,USA|minnesota,US,True,rolling,2024-12-01,2,2025-02-01,310.74,295.6395762825012,,,,0.8,34.071775362318846,42
xlstm,carbon,USA|minnesota,US,True,rolling,2024-12-01,3,2025-03-01,252.61,294.97094391822816,,,,0.8,34.071775362318846,42
xlstm,carbon,USA|minnesota,US,True,rolling,2024-12-01,4,2025-04-01,241.76,298.3166512775421,,,,0.8,34.071775362318846,42
xlstm,carbon,USA|minnesota,US,True,rolling,2024-12-01,5,2025-05-01,260.87,304.10035090446473,,,,0.8,34.071775362318846,42
xlstm,carbon,USA|minnesota,US,True,rolling,2024-12-01,6,2025-06-01,297.22,308.6758036899567,,,,0.8,34.071775362318846,42
xlstm,carbon,USA|minnesota,US,True,rolling,2024-12-01,7,2025-07-01,393.28,309.40232396125793,,,,0.8,34.071775362318846,42
xlstm,carbon,USA|minnesota,US,True,rolling,2024-12-01,8,2025-08-01,385.78,303.9642503547669,,,,0.8,34.071775362318846,42
xlstm,carbon,USA|minnesota,US,True,rolling,2024-12-01,9,2025-09-01,311.76,300.69294392585755,,,,0.8,34.071775362318846,42
xlstm,carbon,USA|minnesota,US,True,rolling,2024-12-01,10,2025-10-01,259.0,301.5533621311188,,,,0.8,34.071775362318846,42
xlstm,carbon,USA|minnesota,US,True,rolling,2024-12-01,11,2025-11-01,279.09,307.53375402450564,,,,0.8,34.071775362318846,42
xlstm,carbon,USA|minnesota,US,True,rolling,2024-12-01,12,2025-12-01,304.58,308.03587127685546,,,,0.8,34.071775362318846,42
xlstm,carbon,USA|mississippi,US,True,holdout,last12,1,2025-01-01,417.07,423.6635752749443,,,,0.8,37.87673913043478,42
xlstm,carbon,USA|mississippi,US,True,holdout,last12,2,2025-02-01,426.6,432.4004836332798,,,,0.8,37.87673913043478,42
xlstm,carbon,USA|mississippi,US,True,holdout,last12,3,2025-03-01,400.72,434.90806742668155,,,,0.8,37.87673913043478,42
xlstm,carbon,USA|mississippi,US,True,holdout,last12,4,2025-04-01,398.44,435.2147639155388,,,,0.8,37.87673913043478,42
xlstm,carbon,USA|mississippi,US,True,holdout,last12,5,2025-05-01,388.53,435.5598907518387,,,,0.8,37.87673913043478,42
xlstm,carbon,USA|mississippi,US,True,holdout,last12,6,2025-06-01,424.95,435.59789361238484,,,,0.8,37.87673913043478,42
xlstm,carbon,USA|mississippi,US,True,holdout,last12,7,2025-07-01,427.26,435.5305318212509,,,,0.8,37.87673913043478,42
xlstm,carbon,USA|mississippi,US,True,holdout,last12,8,2025-08-01,422.52,435.4502294945717,,,,0.8,37.87673913043478,42
xlstm,carbon,USA|mississippi,US,True,holdout,last12,9,2025-09-01,411.96,435.4674811267853,,,,0.8,37.87673913043478,42
xlstm,carbon,USA|mississippi,US,True,holdout,last12,10,2025-10-01,404.73,435.62193431615833,,,,0.8,37.87673913043478,42
xlstm,carbon,USA|mississippi,US,True,holdout,last12,11,2025-11-01,401.86,436.4008154416085,,,,0.8,37.87673913043478,42
xlstm,carbon,USA|mississippi,US,True,holdout,last12,12,2025-12-01,409.28,436.79839274644854,,,,0.8,37.87673913043478,42
xlstm,carbon,USA|mississippi,US,True,rolling,2022-12-01,1,2023-01-01,419.34,448.98866705179216,,,,0.8,38.592261904761905,42
xlstm,carbon,USA|mississippi,US,True,rolling,2022-12-01,2,2023-02-01,400.79,454.0384248495102,,,,0.8,38.592261904761905,42
xlstm,carbon,USA|mississippi,US,True,rolling,2022-12-01,3,2023-03-01,418.96,457.04133915901184,,,,0.8,38.592261904761905,42
xlstm,carbon,USA|mississippi,US,True,rolling,2022-12-01,4,2023-04-01,414.82,455.89490624904636,,,,0.8,38.592261904761905,42
xlstm,carbon,USA|mississippi,US,True,rolling,2022-12-01,5,2023-05-01,407.35,452.66717730522157,,,,0.8,38.592261904761905,42
xlstm,carbon,USA|mississippi,US,True,rolling,2022-12-01,6,2023-06-01,429.0,450.6112551546097,,,,0.8,38.592261904761905,42
xlstm,carbon,USA|mississippi,US,True,rolling,2022-12-01,7,2023-07-01,440.16,449.28580667257313,,,,0.8,38.592261904761905,42
xlstm,carbon,USA|mississippi,US,True,rolling,2022-12-01,8,2023-08-01,444.03,447.6421485376358,,,,0.8,38.592261904761905,42
xlstm,carbon,USA|mississippi,US,True,rolling,2022-12-01,9,2023-09-01,420.97,446.6829621338845,,,,0.8,38.592261904761905,42
xlstm,carbon,USA|mississippi,US,True,rolling,2022-12-01,10,2023-10-01,415.45,446.96673373222353,,,,0.8,38.592261904761905,42
xlstm,carbon,USA|mississippi,US,True,rolling,2022-12-01,11,2023-11-01,390.13,448.2232046675682,,,,0.8,38.592261904761905,42
xlstm,carbon,USA|mississippi,US,True,rolling,2022-12-01,12,2023-12-01,453.66,449.6917091035843,,,,0.8,38.592261904761905,42
xlstm,carbon,USA|mississippi,US,True,rolling,2023-12-01,1,2024-01-01,436.16,452.94539157390597,,,,0.8,38.49060606060606,42
xlstm,carbon,USA|mississippi,US,True,rolling,2023-12-01,2,2024-02-01,402.69,444.4705797791481,,,,0.8,38.49060606060606,42
xlstm,carbon,USA|mississippi,US,True,rolling,2023-12-01,3,2024-03-01,489.53,441.2405322623253,,,,0.8,38.49060606060606,42
xlstm,carbon,USA|mississippi,US,True,rolling,2023-12-01,4,2024-04-01,395.19,440.42306863307954,,,,0.8,38.49060606060606,42
xlstm,carbon,USA|mississippi,US,True,rolling,2023-12-01,5,2024-05-01,420.18,440.18436429739,,,,0.8,38.49060606060606,42
xlstm,carbon,USA|mississippi,US,True,rolling,2023-12-01,6,2024-06-01,418.55,440.31208868741993,,,,0.8,38.49060606060606,42
xlstm,carbon,USA|mississippi,US,True,rolling,2023-12-01,7,2024-07-01,424.55,440.53043305397034,,,,0.8,38.49060606060606,42
xlstm,carbon,USA|mississippi,US,True,rolling,2023-12-01,8,2024-08-01,423.26,440.70231901407243,,,,0.8,38.49060606060606,42
xlstm,carbon,USA|mississippi,US,True,rolling,2023-12-01,9,2024-09-01,422.18,440.8251599097252,,,,0.8,38.49060606060606,42
xlstm,carbon,USA|mississippi,US,True,rolling,2023-12-01,10,2024-10-01,383.13,441.1294001603127,,,,0.8,38.49060606060606,42
xlstm,carbon,USA|mississippi,US,True,rolling,2023-12-01,11,2024-11-01,433.34,441.58089153289797,,,,0.8,38.49060606060606,42
xlstm,carbon,USA|mississippi,US,True,rolling,2023-12-01,12,2024-12-01,406.52,442.32014679670334,,,,0.8,38.49060606060606,42
xlstm,carbon,USA|mississippi,US,True,rolling,2024-12-01,1,2025-01-01,417.07,423.6635752749443,,,,0.8,37.87673913043478,42
xlstm,carbon,USA|mississippi,US,True,rolling,2024-12-01,2,2025-02-01,426.6,432.4004836332798,,,,0.8,37.87673913043478,42
xlstm,carbon,USA|mississippi,US,True,rolling,2024-12-01,3,2025-03-01,400.72,434.90806742668155,,,,0.8,37.87673913043478,42
xlstm,carbon,USA|mississippi,US,True,rolling,2024-12-01,4,2025-04-01,398.44,435.2147639155388,,,,0.8,37.87673913043478,42
xlstm,carbon,USA|mississippi,US,True,rolling,2024-12-01,5,2025-05-01,388.53,435.5598907518387,,,,0.8,37.87673913043478,42
xlstm,carbon,USA|mississippi,US,True,rolling,2024-12-01,6,2025-06-01,424.95,435.59789361238484,,,,0.8,37.87673913043478,42
xlstm,carbon,USA|mississippi,US,True,rolling,2024-12-01,7,2025-07-01,427.26,435.5305318212509,,,,0.8,37.87673913043478,42
xlstm,carbon,USA|mississippi,US,True,rolling,2024-12-01,8,2025-08-01,422.52,435.4502294945717,,,,0.8,37.87673913043478,42
xlstm,carbon,USA|mississippi,US,True,rolling,2024-12-01,9,2025-09-01,411.96,435.4674811267853,,,,0.8,37.87673913043478,42
xlstm,carbon,USA|mississippi,US,True,rolling,2024-12-01,10,2025-10-01,404.73,435.62193431615833,,,,0.8,37.87673913043478,42
xlstm,carbon,USA|mississippi,US,True,rolling,2024-12-01,11,2025-11-01,401.86,436.4008154416085,,,,0.8,37.87673913043478,42
xlstm,carbon,USA|mississippi,US,True,rolling,2024-12-01,12,2025-12-01,409.28,436.79839274644854,,,,0.8,37.87673913043478,42
xlstm,carbon,USA|missouri,US,False,holdout,last12,1,2025-01-01,574.11,541.9330885392427,,,,0.8,37.0218115942029,42
xlstm,carbon,USA|missouri,US,False,holdout,last12,2,2025-02-01,587.64,541.1956679654121,,,,0.8,37.0218115942029,42
xlstm,carbon,USA|missouri,US,False,holdout,last12,3,2025-03-01,534.45,542.7998353075981,,,,0.8,37.0218115942029,42
xlstm,carbon,USA|missouri,US,False,holdout,last12,4,2025-04-01,614.77,545.6021778714656,,,,0.8,37.0218115942029,42
xlstm,carbon,USA|missouri,US,False,holdout,last12,5,2025-05-01,642.94,547.5080490392446,,,,0.8,37.0218115942029,42
xlstm,carbon,USA|missouri,US,False,holdout,last12,6,2025-06-01,644.14,547.5930747669935,,,,0.8,37.0218115942029,42
xlstm,carbon,USA|missouri,US,False,holdout,last12,7,2025-07-01,591.49,547.3352703434228,,,,0.8,37.0218115942029,42
xlstm,carbon,USA|missouri,US,False,holdout,last12,8,2025-08-01,586.33,546.5951110702753,,,,0.8,37.0218115942029,42
xlstm,carbon,USA|missouri,US,False,holdout,last12,9,2025-09-01,580.63,546.2892705482244,,,,0.8,37.0218115942029,42
xlstm,carbon,USA|missouri,US,False,holdout,last12,10,2025-10-01,515.81,546.7712014150619,,,,0.8,37.0218115942029,42
xlstm,carbon,USA|missouri,US,False,holdout,last12,11,2025-11-01,612.24,548.0016795378923,,,,0.8,37.0218115942029,42
xlstm,carbon,USA|missouri,US,False,holdout,last12,12,2025-12-01,574.7,549.5959348511695,,,,0.8,37.0218115942029,42
xlstm,carbon,USA|missouri,US,False,rolling,2022-12-01,1,2023-01-01,570.34,568.5340876719355,,,,0.8,36.14337301587302,42
xlstm,carbon,USA|missouri,US,False,rolling,2022-12-01,2,2023-02-01,506.38,575.4566135904192,,,,0.8,36.14337301587302,42
xlstm,carbon,USA|missouri,US,False,rolling,2022-12-01,3,2023-03-01,458.57,584.297803876996,,,,0.8,36.14337301587302,42
xlstm,carbon,USA|missouri,US,False,rolling,2022-12-01,4,2023-04-01,492.21,593.3166129720211,,,,0.8,36.14337301587302,42
xlstm,carbon,USA|missouri,US,False,rolling,2022-12-01,5,2023-05-01,570.52,601.0155473193525,,,,0.8,36.14337301587302,42
xlstm,carbon,USA|missouri,US,False,rolling,2022-12-01,6,2023-06-01,596.37,606.9831868189573,,,,0.8,36.14337301587302,42
xlstm,carbon,USA|missouri,US,False,rolling,2022-12-01,7,2023-07-01,591.7,611.1077579411864,,,,0.8,36.14337301587302,42
xlstm,carbon,USA|missouri,US,False,rolling,2022-12-01,8,2023-08-01,589.81,613.3258091270923,,,,0.8,36.14337301587302,42
xlstm,carbon,USA|missouri,US,False,rolling,2022-12-01,9,2023-09-01,564.82,614.2466519743203,,,,0.8,36.14337301587302,42
xlstm,carbon,USA|missouri,US,False,rolling,2022-12-01,10,2023-10-01,650.42,614.4913309043645,,,,0.8,36.14337301587302,42
xlstm,carbon,USA|missouri,US,False,rolling,2022-12-01,11,2023-11-01,557.96,614.5115196734666,,,,0.8,36.14337301587302,42
xlstm,carbon,USA|missouri,US,False,rolling,2022-12-01,12,2023-12-01,531.11,614.5442005431652,,,,0.8,36.14337301587302,42
xlstm,carbon,USA|missouri,US,False,rolling,2023-12-01,1,2024-01-01,593.47,562.9938211780786,,,,0.8,37.11905303030303,42
xlstm,carbon,USA|missouri,US,False,rolling,2023-12-01,2,2024-02-01,498.25,564.0773181942105,,,,0.8,37.11905303030303,42
xlstm,carbon,USA|missouri,US,False,rolling,2023-12-01,3,2024-03-01,429.92,571.9011026617884,,,,0.8,37.11905303030303,42
xlstm,carbon,USA|missouri,US,False,rolling,2023-12-01,4,2024-04-01,458.1,581.9743680682778,,,,0.8,37.11905303030303,42
xlstm,carbon,USA|missouri,US,False,rolling,2023-12-01,5,2024-05-01,541.27,591.6171277549862,,,,0.8,37.11905303030303,42
xlstm,carbon,USA|missouri,US,False,rolling,2023-12-01,6,2024-06-01,565.33,599.5082231503725,,,,0.8,37.11905303030303,42
xlstm,carbon,USA|missouri,US,False,rolling,2023-12-01,7,2024-07-01,598.52,605.6855252680182,,,,0.8,37.11905303030303,42
xlstm,carbon,USA|missouri,US,False,rolling,2023-12-01,8,2024-08-01,588.82,610.5378403526544,,,,0.8,37.11905303030303,42
xlstm,carbon,USA|missouri,US,False,rolling,2023-12-01,9,2024-09-01,554.59,614.4872960504889,,,,0.8,37.11905303030303,42
xlstm,carbon,USA|missouri,US,False,rolling,2023-12-01,10,2024-10-01,513.56,618.1715167862177,,,,0.8,37.11905303030303,42
xlstm,carbon,USA|missouri,US,False,rolling,2023-12-01,11,2024-11-01,485.34,621.3406768900155,,,,0.8,37.11905303030303,42
xlstm,carbon,USA|missouri,US,False,rolling,2023-12-01,12,2024-12-01,567.87,625.3650686231255,,,,0.8,37.11905303030303,42
xlstm,carbon,USA|missouri,US,False,rolling,2024-12-01,1,2025-01-01,574.11,541.9330885392427,,,,0.8,37.0218115942029,42
xlstm,carbon,USA|missouri,US,False,rolling,2024-12-01,2,2025-02-01,587.64,541.1956679654121,,,,0.8,37.0218115942029,42
xlstm,carbon,USA|missouri,US,False,rolling,2024-12-01,3,2025-03-01,534.45,542.7998353075981,,,,0.8,37.0218115942029,42
xlstm,carbon,USA|missouri,US,False,rolling,2024-12-01,4,2025-04-01,614.77,545.6021778714656,,,,0.8,37.0218115942029,42
xlstm,carbon,USA|missouri,US,False,rolling,2024-12-01,5,2025-05-01,642.94,547.5080490392446,,,,0.8,37.0218115942029,42
xlstm,carbon,USA|missouri,US,False,rolling,2024-12-01,6,2025-06-01,644.14,547.5930747669935,,,,0.8,37.0218115942029,42
xlstm,carbon,USA|missouri,US,False,rolling,2024-12-01,7,2025-07-01,591.49,547.3352703434228,,,,0.8,37.0218115942029,42
xlstm,carbon,USA|missouri,US,False,rolling,2024-12-01,8,2025-08-01,586.33,546.5951110702753,,,,0.8,37.0218115942029,42
xlstm,carbon,USA|missouri,US,False,rolling,2024-12-01,9,2025-09-01,580.63,546.2892705482244,,,,0.8,37.0218115942029,42
xlstm,carbon,USA|missouri,US,False,rolling,2024-12-01,10,2025-10-01,515.81,546.7712014150619,,,,0.8,37.0218115942029,42
xlstm,carbon,USA|missouri,US,False,rolling,2024-12-01,11,2025-11-01,612.24,548.0016795378923,,,,0.8,37.0218115942029,42
xlstm,carbon,USA|missouri,US,False,rolling,2024-12-01,12,2025-12-01,574.7,549.5959348511695,,,,0.8,37.0218115942029,42
xlstm,carbon,USA|montana,US,False,holdout,last12,1,2025-01-01,328.07,412.9430705529452,,,,0.8,55.19449275362319,42
xlstm,carbon,USA|montana,US,False,holdout,last12,2,2025-02-01,380.35,418.2469111806155,,,,0.8,55.19449275362319,42
xlstm,carbon,USA|montana,US,False,holdout,last12,3,2025-03-01,335.36,398.4523536747694,,,,0.8,55.19449275362319,42
xlstm,carbon,USA|montana,US,False,holdout,last12,4,2025-04-01,239.47,368.3079178017378,,,,0.8,55.19449275362319,42
xlstm,carbon,USA|montana,US,False,holdout,last12,5,2025-05-01,228.98,330.82863372772937,,,,0.8,55.19449275362319,42
xlstm,carbon,USA|montana,US,False,holdout,last12,6,2025-06-01,282.62,329.81548647075897,,,,0.8,55.19449275362319,42
xlstm,carbon,USA|montana,US,False,holdout,last12,7,2025-07-01,418.56,371.42806524246936,,,,0.8,55.19449275362319,42
xlstm,carbon,USA|montana,US,False,holdout,last12,8,2025-08-01,411.19,403.2357149600983,,,,0.8,55.19449275362319,42
xlstm,carbon,USA|montana,US,False,holdout,last12,9,2025-09-01,399.67,419.7396231716872,,,,0.8,55.19449275362319,42
xlstm,carbon,USA|montana,US,False,holdout,last12,10,2025-10-01,385.23,415.4904572528601,,,,0.8,55.19449275362319,42
xlstm,carbon,USA|montana,US,False,holdout,last12,11,2025-11-01,374.15,399.8066505539418,,,,0.8,55.19449275362319,42
xlstm,carbon,USA|montana,US,False,holdout,last12,12,2025-12-01,230.0,406.7747118407488,,,,0.8,55.19449275362319,42
xlstm,carbon,USA|montana,US,False,rolling,2022-12-01,1,2023-01-01,388.88,415.4992170494795,,,,0.8,55.22944444444445,42
xlstm,carbon,USA|montana,US,False,rolling,2022-12-01,2,2023-02-01,393.08,405.0475296241045,,,,0.8,55.22944444444445,42
xlstm,carbon,USA|montana,US,False,rolling,2022-12-01,3,2023-03-01,456.21,386.2168363493681,,,,0.8,55.22944444444445,42
xlstm,carbon,USA|montana,US,False,rolling,2022-12-01,4,2023-04-01,423.91,349.8327271205187,,,,0.8,55.22944444444445,42
xlstm,carbon,USA|montana,US,False,rolling,2022-12-01,5,2023-05-01,260.98,345.5971550431848,,,,0.8,55.22944444444445,42
xlstm,carbon,USA|montana,US,False,rolling,2022-12-01,6,2023-06-01,374.16,358.1560030367971,,,,0.8,55.22944444444445,42
xlstm,carbon,USA|montana,US,False,rolling,2022-12-01,7,2023-07-01,458.91,389.71369185417893,,,,0.8,55.22944444444445,42
xlstm,carbon,USA|montana,US,False,rolling,2022-12-01,8,2023-08-01,431.93,418.7547890108824,,,,0.8,55.22944444444445,42
xlstm,carbon,USA|montana,US,False,rolling,2022-12-01,9,2023-09-01,473.55,426.42214512944224,,,,0.8,55.22944444444445,42
xlstm,carbon,USA|montana,US,False,rolling,2022-12-01,10,2023-10-01,432.06,437.2592088592053,,,,0.8,55.22944444444445,42
xlstm,carbon,USA|montana,US,False,rolling,2022-12-01,11,2023-11-01,405.32,412.45732045292857,,,,0.8,55.22944444444445,42
xlstm,carbon,USA|montana,US,False,rolling,2022-12-01,12,2023-12-01,410.87,423.6493623417616,,,,0.8,55.22944444444445,42
xlstm,carbon,USA|montana,US,False,rolling,2023-12-01,1,2024-01-01,401.42,408.8251585003734,,,,0.8,54.542840909090906,42
xlstm,carbon,USA|montana,US,False,rolling,2023-12-01,2,2024-02-01,393.44,413.3663499218226,,,,0.8,54.542840909090906,42
xlstm,carbon,USA|montana,US,False,rolling,2023-12-01,3,2024-03-01,354.67,423.54087288796904,,,,0.8,54.542840909090906,42
xlstm,carbon,USA|montana,US,False,rolling,2023-12-01,4,2024-04-01,317.03,387.43917492151263,,,,0.8,54.542840909090906,42
xlstm,carbon,USA|montana,US,False,rolling,2023-12-01,5,2024-05-01,155.61,344.9847503986955,,,,0.8,54.542840909090906,42
xlstm,carbon,USA|montana,US,False,rolling,2023-12-01,6,2024-06-01,192.27,393.7807138499618,,,,0.8,54.542840909090906,42
xlstm,carbon,USA|montana,US,False,rolling,2023-12-01,7,2024-07-01,351.68,433.5870573830605,,,,0.8,54.542840909090906,42
xlstm,carbon,USA|montana,US,False,rolling,2023-12-01,8,2024-08-01,396.7,427.0349661868811,,,,0.8,54.542840909090906,42
xlstm,carbon,USA|montana,US,False,rolling,2023-12-01,9,2024-09-01,422.63,442.17907233655455,,,,0.8,54.542840909090906,42
xlstm,carbon,USA|montana,US,False,rolling,2023-12-01,10,2024-10-01,408.68,420.48465168595317,,,,0.8,54.542840909090906,42
xlstm,carbon,USA|montana,US,False,rolling,2023-12-01,11,2024-11-01,343.38,412.1762833532691,,,,0.8,54.542840909090906,42
xlstm,carbon,USA|montana,US,False,rolling,2023-12-01,12,2024-12-01,363.78,415.6405476045609,,,,0.8,54.542840909090906,42
xlstm,carbon,USA|montana,US,False,rolling,2024-12-01,1,2025-01-01,328.07,412.9430705529452,,,,0.8,55.19449275362319,42
xlstm,carbon,USA|montana,US,False,rolling,2024-12-01,2,2025-02-01,380.35,418.2469111806155,,,,0.8,55.19449275362319,42
xlstm,carbon,USA|montana,US,False,rolling,2024-12-01,3,2025-03-01,335.36,398.4523536747694,,,,0.8,55.19449275362319,42
xlstm,carbon,USA|montana,US,False,rolling,2024-12-01,4,2025-04-01,239.47,368.3079178017378,,,,0.8,55.19449275362319,42
xlstm,carbon,USA|montana,US,False,rolling,2024-12-01,5,2025-05-01,228.98,330.82863372772937,,,,0.8,55.19449275362319,42
xlstm,carbon,USA|montana,US,False,rolling,2024-12-01,6,2025-06-01,282.62,329.81548647075897,,,,0.8,55.19449275362319,42
xlstm,carbon,USA|montana,US,False,rolling,2024-12-01,7,2025-07-01,418.56,371.42806524246936,,,,0.8,55.19449275362319,42
xlstm,carbon,USA|montana,US,False,rolling,2024-12-01,8,2025-08-01,411.19,403.2357149600983,,,,0.8,55.19449275362319,42
xlstm,carbon,USA|montana,US,False,rolling,2024-12-01,9,2025-09-01,399.67,419.7396231716872,,,,0.8,55.19449275362319,42
xlstm,carbon,USA|montana,US,False,rolling,2024-12-01,10,2025-10-01,385.23,415.4904572528601,,,,0.8,55.19449275362319,42
xlstm,carbon,USA|montana,US,False,rolling,2024-12-01,11,2025-11-01,374.15,399.8066505539418,,,,0.8,55.19449275362319,42
xlstm,carbon,USA|montana,US,False,rolling,2024-12-01,12,2025-12-01,230.0,406.7747118407488,,,,0.8,55.19449275362319,42
xlstm,carbon,USA|nebraska,US,True,holdout,last12,1,2025-01-01,396.54,366.95450378656386,,,,0.8,55.52025362318841,42
xlstm,carbon,USA|nebraska,US,True,holdout,last12,2,2025-02-01,402.81,359.939770039916,,,,0.8,55.52025362318841,42
xlstm,carbon,USA|nebraska,US,True,holdout,last12,3,2025-03-01,267.33,357.91548182725904,,,,0.8,55.52025362318841,42
xlstm,carbon,USA|nebraska,US,True,holdout,last12,4,2025-04-01,225.79,359.5098105365038,,,,0.8,55.52025362318841,42
xlstm,carbon,USA|nebraska,US,True,holdout,last12,5,2025-05-01,359.26,367.6599152845144,,,,0.8,55.52025362318841,42
xlstm,carbon,USA|nebraska,US,True,holdout,last12,6,2025-06-01,413.79,387.00388402044774,,,,0.8,55.52025362318841,42
xlstm,carbon,USA|nebraska,US,True,holdout,last12,7,2025-07-01,475.57,420.908030718565,,,,0.8,55.52025362318841,42
xlstm,carbon,USA|nebraska,US,True,holdout,last12,8,2025-08-01,500.92,402.6975915825367,,,,0.8,55.52025362318841,42
xlstm,carbon,USA|nebraska,US,True,holdout,last12,9,2025-09-01,473.27,379.6108738029003,,,,0.8,55.52025362318841,42
xlstm,carbon,USA|nebraska,US,True,holdout,last12,10,2025-10-01,375.2,374.03476976156236,,,,0.8,55.52025362318841,42
xlstm,carbon,USA|nebraska,US,True,holdout,last12,11,2025-11-01,405.12,369.15063034534455,,,,0.8,55.52025362318841,42
xlstm,carbon,USA|nebraska,US,True,holdout,last12,12,2025-12-01,399.17,370.8725109219551,,,,0.8,55.52025362318841,42
xlstm,carbon,USA|nebraska,US,True,rolling,2022-12-01,1,2023-01-01,434.24,380.13785673320297,,,,0.8,57.21242063492065,42
xlstm,carbon,USA|nebraska,US,True,rolling,2022-12-01,2,2023-02-01,335.97,375.01411683559417,,,,0.8,57.21242063492065,42
xlstm,carbon,USA|nebraska,US,True,rolling,2022-12-01,3,2023-03-01,343.2,371.8375033313036,,,,0.8,57.21242063492065,42
xlstm,carbon,USA|nebraska,US,True,rolling,2022-12-01,4,2023-04-01,223.62,378.17966157495977,,,,0.8,57.21242063492065,42
xlstm,carbon,USA|nebraska,US,True,rolling,2022-12-01,5,2023-05-01,370.49,446.3497369861603,,,,0.8,57.21242063492065,42
xlstm,carbon,USA|nebraska,US,True,rolling,2022-12-01,6,2023-06-01,463.74,468.09248088717464,,,,0.8,57.21242063492065,42
xlstm,carbon,USA|nebraska,US,True,rolling,2022-12-01,7,2023-07-01,495.72,475.8977690625191,,,,0.8,57.21242063492065,42
xlstm,carbon,USA|nebraska,US,True,rolling,2022-12-01,8,2023-08-01,479.44,454.4879494917393,,,,0.8,57.21242063492065,42
xlstm,carbon,USA|nebraska,US,True,rolling,2022-12-01,9,2023-09-01,460.77,396.50464794516563,,,,0.8,57.21242063492065,42
xlstm,carbon,USA|nebraska,US,True,rolling,2022-12-01,10,2023-10-01,374.51,401.2647049796581,,,,0.8,57.21242063492065,42
xlstm,carbon,USA|nebraska,US,True,rolling,2022-12-01,11,2023-11-01,378.84,378.46428388237956,,,,0.8,57.21242063492065,42
xlstm,carbon,USA|nebraska,US,True,rolling,2022-12-01,12,2023-12-01,404.75,380.92643086314206,,,,0.8,57.21242063492065,42
xlstm,carbon,USA|nebraska,US,True,rolling,2023-12-01,1,2024-01-01,444.55,366.99126991987225,,,,0.8,56.24018939393941,42
xlstm,carbon,USA|nebraska,US,True,rolling,2023-12-01,2,2024-02-01,365.25,359.5083714580536,,,,0.8,56.24018939393941,42
xlstm,carbon,USA|nebraska,US,True,rolling,2023-12-01,3,2024-03-01,298.22,361.21833708405495,,,,0.8,56.24018939393941,42
xlstm,carbon,USA|nebraska,US,True,rolling,2023-12-01,4,2024-04-01,249.34,364.02478764534,,,,0.8,56.24018939393941,42
xlstm,carbon,USA|nebraska,US,True,rolling,2023-12-01,5,2024-05-01,277.31,409.18498818397524,,,,0.8,56.24018939393941,42
xlstm,carbon,USA|nebraska,US,True,rolling,2023-12-01,6,2024-06-01,340.28,457.33088965773584,,,,0.8,56.24018939393941,42
xlstm,carbon,USA|nebraska,US,True,rolling,2023-12-01,7,2024-07-01,463.57,443.12251221776006,,,,0.8,56.24018939393941,42
xlstm,carbon,USA|nebraska,US,True,rolling,2023-12-01,8,2024-08-01,493.96,404.0099847072363,,,,0.8,56.24018939393941,42
xlstm,carbon,USA|nebraska,US,True,rolling,2023-12-01,9,2024-09-01,426.37,382.1687661153078,,,,0.8,56.24018939393941,42
xlstm,carbon,USA|nebraska,US,True,rolling,2023-12-01,10,2024-10-01,420.23,369.5365973752737,,,,0.8,56.24018939393941,42
xlstm,carbon,USA|nebraska,US,True,rolling,2023-12-01,11,2024-11-01,359.69,370.3953558349609,,,,0.8,56.24018939393941,42
xlstm,carbon,USA|nebraska,US,True,rolling,2023-12-01,12,2024-12-01,408.06,370.8442245197296,,,,0.8,56.24018939393941,42
xlstm,carbon,USA|nebraska,US,True,rolling,2024-12-01,1,2025-01-01,396.54,366.95450378656386,,,,0.8,55.52025362318841,42
xlstm,carbon,USA|nebraska,US,True,rolling,2024-12-01,2,2025-02-01,402.81,359.939770039916,,,,0.8,55.52025362318841,42
xlstm,carbon,USA|nebraska,US,True,rolling,2024-12-01,3,2025-03-01,267.33,357.91548182725904,,,,0.8,55.52025362318841,42
xlstm,carbon,USA|nebraska,US,True,rolling,2024-12-01,4,2025-04-01,225.79,359.5098105365038,,,,0.8,55.52025362318841,42
xlstm,carbon,USA|nebraska,US,True,rolling,2024-12-01,5,2025-05-01,359.26,367.6599152845144,,,,0.8,55.52025362318841,42
xlstm,carbon,USA|nebraska,US,True,rolling,2024-12-01,6,2025-06-01,413.79,387.00388402044774,,,,0.8,55.52025362318841,42
xlstm,carbon,USA|nebraska,US,True,rolling,2024-12-01,7,2025-07-01,475.57,420.908030718565,,,,0.8,55.52025362318841,42
xlstm,carbon,USA|nebraska,US,True,rolling,2024-12-01,8,2025-08-01,500.92,402.6975915825367,,,,0.8,55.52025362318841,42
xlstm,carbon,USA|nebraska,US,True,rolling,2024-12-01,9,2025-09-01,473.27,379.6108738029003,,,,0.8,55.52025362318841,42
xlstm,carbon,USA|nebraska,US,True,rolling,2024-12-01,10,2025-10-01,375.2,374.03476976156236,,,,0.8,55.52025362318841,42
xlstm,carbon,USA|nebraska,US,True,rolling,2024-12-01,11,2025-11-01,405.12,369.15063034534455,,,,0.8,55.52025362318841,42
xlstm,carbon,USA|nebraska,US,True,rolling,2024-12-01,12,2025-12-01,399.17,370.8725109219551,,,,0.8,55.52025362318841,42
xlstm,carbon,USA|nevada,US,True,holdout,last12,1,2025-01-01,328.69,315.4607073532045,,,,0.8,22.262101449275363,42
xlstm,carbon,USA|nevada,US,True,holdout,last12,2,2025-02-01,301.76,306.0363241331279,,,,0.8,22.262101449275363,42
xlstm,carbon,USA|nevada,US,True,holdout,last12,3,2025-03-01,271.94,300.4261478481442,,,,0.8,22.262101449275363,42
xlstm,carbon,USA|nevada,US,True,holdout,last12,4,2025-04-01,235.51,300.75304822675884,,,,0.8,22.262101449275363,42
xlstm,carbon,USA|nevada,US,True,holdout,last12,5,2025-05-01,270.25,307.53407482370733,,,,0.8,22.262101449275363,42
xlstm,carbon,USA|nevada,US,True,holdout,last12,6,2025-06-01,289.03,314.5720508763194,,,,0.8,22.262101449275363,42
xlstm,carbon,USA|nevada,US,True,holdout,last12,7,2025-07-01,298.29,317.35316968426105,,,,0.8,22.262101449275363,42
xlstm,carbon,USA|nevada,US,True,holdout,last12,8,2025-08-01,312.04,315.5036575035751,,,,0.8,22.262101449275363,42
xlstm,carbon,USA|nevada,US,True,holdout,last12,9,2025-09-01,315.88,313.8831041486561,,,,0.8,22.262101449275363,42
xlstm,carbon,USA|nevada,US,True,holdout,last12,10,2025-10-01,306.88,313.590070168823,,,,0.8,22.262101449275363,42
xlstm,carbon,USA|nevada,US,True,holdout,last12,11,2025-11-01,327.27,312.9783805975318,,,,0.8,22.262101449275363,42
xlstm,carbon,USA|nevada,US,True,holdout,last12,12,2025-12-01,342.77,312.5767218486965,,,,0.8,22.262101449275363,42
xlstm,carbon,USA|nevada,US,True,rolling,2022-12-01,1,2023-01-01,360.51,343.236288164109,,,,0.8,22.46996031746032,42
xlstm,carbon,USA|nevada,US,True,rolling,2022-12-01,2,2023-02-01,337.6,340.35699158690875,,,,0.8,22.46996031746032,42
xlstm,carbon,USA|nevada,US,True,rolling,2022-12-01,3,2023-03-01,332.69,340.6415880599618,,,,0.8,22.46996031746032,42
xlstm,carbon,USA|nevada,US,True,rolling,2022-12-01,4,2023-04-01,282.35,343.6419015228749,,,,0.8,22.46996031746032,42
xlstm,carbon,USA|nevada,US,True,rolling,2022-12-01,5,2023-05-01,282.59,348.30494900509717,,,,0.8,22.46996031746032,42
xlstm,carbon,USA|nevada,US,True,rolling,2022-12-01,6,2023-06-01,280.27,354.9556695340574,,,,0.8,22.46996031746032,42
xlstm,carbon,USA|nevada,US,True,rolling,2022-12-01,7,2023-07-01,351.98,358.5084008984268,,,,0.8,22.46996031746032,42
xlstm,carbon,USA|nevada,US,True,rolling,2022-12-01,8,2023-08-01,345.59,356.93225262194875,,,,0.8,22.46996031746032,42
xlstm,carbon,USA|nevada,US,True,rolling,2022-12-01,9,2023-09-01,327.36,354.0520372702182,,,,0.8,22.46996031746032,42
xlstm,carbon,USA|nevada,US,True,rolling,2022-12-01,10,2023-10-01,332.88,353.08835325643423,,,,0.8,22.46996031746032,42
xlstm,carbon,USA|nevada,US,True,rolling,2022-12-01,11,2023-11-01,339.91,352.3088768000901,,,,0.8,22.46996031746032,42
xlstm,carbon,USA|nevada,US,True,rolling,2022-12-01,12,2023-12-01,369.01,352.68067602291705,,,,0.8,22.46996031746032,42
xlstm,carbon,USA|nevada,US,True,rolling,2023-12-01,1,2024-01-01,384.74,331.56956637307997,,,,0.8,22.266287878787878,42
xlstm,carbon,USA|nevada,US,True,rolling,2023-12-01,2,2024-02-01,351.34,328.6878643067181,,,,0.8,22.266287878787878,42
xlstm,carbon,USA|nevada,US,True,rolling,2023-12-01,3,2024-03-01,301.71,327.76839183270926,,,,0.8,22.266287878787878,42
xlstm,carbon,USA|nevada,US,True,rolling,2023-12-01,4,2024-04-01,251.99,327.31962595842776,,,,0.8,22.266287878787878,42
xlstm,carbon,USA|nevada,US,True,rolling,2023-12-01,5,2024-05-01,256.43,331.3965445519983,,,,0.8,22.266287878787878,42
xlstm,carbon,USA|nevada,US,True,rolling,2023-12-01,6,2024-06-01,293.58,335.9180856586992,,,,0.8,22.266287878787878,42
xlstm,carbon,USA|nevada,US,True,rolling,2023-12-01,7,2024-07-01,329.74,341.1008690278232,,,,0.8,22.266287878787878,42
xlstm,carbon,USA|nevada,US,True,rolling,2023-12-01,8,2024-08-01,326.88,339.6025106121599,,,,0.8,22.266287878787878,42
xlstm,carbon,USA|nevada,US,True,rolling,2023-12-01,9,2024-09-01,315.73,338.72211935356256,,,,0.8,22.266287878787878,42
xlstm,carbon,USA|nevada,US,True,rolling,2023-12-01,10,2024-10-01,317.82,339.6125882995128,,,,0.8,22.266287878787878,42
xlstm,carbon,USA|nevada,US,True,rolling,2023-12-01,11,2024-11-01,315.47,340.0215964339673,,,,0.8,22.266287878787878,42
xlstm,carbon,USA|nevada,US,True,rolling,2023-12-01,12,2024-12-01,333.83,339.7359852300584,,,,0.8,22.266287878787878,42
xlstm,carbon,USA|nevada,US,True,rolling,2024-12-01,1,2025-01-01,328.69,315.4607073532045,,,,0.8,22.262101449275363,42
xlstm,carbon,USA|nevada,US,True,rolling,2024-12-01,2,2025-02-01,301.76,306.0363241331279,,,,0.8,22.262101449275363,42
xlstm,carbon,USA|nevada,US,True,rolling,2024-12-01,3,2025-03-01,271.94,300.4261478481442,,,,0.8,22.262101449275363,42
xlstm,carbon,USA|nevada,US,True,rolling,2024-12-01,4,2025-04-01,235.51,300.75304822675884,,,,0.8,22.262101449275363,42
xlstm,carbon,USA|nevada,US,True,rolling,2024-12-01,5,2025-05-01,270.25,307.53407482370733,,,,0.8,22.262101449275363,42
xlstm,carbon,USA|nevada,US,True,rolling,2024-12-01,6,2025-06-01,289.03,314.5720508763194,,,,0.8,22.262101449275363,42
xlstm,carbon,USA|nevada,US,True,rolling,2024-12-01,7,2025-07-01,298.29,317.35316968426105,,,,0.8,22.262101449275363,42
xlstm,carbon,USA|nevada,US,True,rolling,2024-12-01,8,2025-08-01,312.04,315.5036575035751,,,,0.8,22.262101449275363,42
xlstm,carbon,USA|nevada,US,True,rolling,2024-12-01,9,2025-09-01,315.88,313.8831041486561,,,,0.8,22.262101449275363,42
xlstm,carbon,USA|nevada,US,True,rolling,2024-12-01,10,2025-10-01,306.88,313.590070168823,,,,0.8,22.262101449275363,42
xlstm,carbon,USA|nevada,US,True,rolling,2024-12-01,11,2025-11-01,327.27,312.9783805975318,,,,0.8,22.262101449275363,42
xlstm,carbon,USA|nevada,US,True,rolling,2024-12-01,12,2025-12-01,342.77,312.5767218486965,,,,0.8,22.262101449275363,42
xlstm,carbon,USA|new hampshire,US,False,holdout,last12,1,2025-01-01,189.71,156.7719040893018,,,,0.8,56.74996376811594,42
xlstm,carbon,USA|new hampshire,US,False,holdout,last12,2,2025-02-01,149.42,158.0575925527513,,,,0.8,56.74996376811594,42
xlstm,carbon,USA|new hampshire,US,False,holdout,last12,3,2025-03-01,88.21,162.17895822927355,,,,0.8,56.74996376811594,42
xlstm,carbon,USA|new hampshire,US,False,holdout,last12,4,2025-04-01,141.34,166.05184028029439,,,,0.8,56.74996376811594,42
xlstm,carbon,USA|new hampshire,US,False,holdout,last12,5,2025-05-01,130.05,169.0855300593376,,,,0.8,56.74996376811594,42
xlstm,carbon,USA|new hampshire,US,False,holdout,last12,6,2025-06-01,183.15,172.41018186688422,,,,0.8,56.74996376811594,42
xlstm,carbon,USA|new hampshire,US,False,holdout,last12,7,2025-07-01,224.94,171.97241893589495,,,,0.8,56.74996376811594,42
xlstm,carbon,USA|new hampshire,US,False,holdout,last12,8,2025-08-01,187.03,175.08527267813682,,,,0.8,56.74996376811594,42
xlstm,carbon,USA|new hampshire,US,False,holdout,last12,9,2025-09-01,165.61,172.597928635478,,,,0.8,56.74996376811594,42
xlstm,carbon,USA|new hampshire,US,False,holdout,last12,10,2025-10-01,174.21,170.3605567589402,,,,0.8,56.74996376811594,42
xlstm,carbon,USA|new hampshire,US,False,holdout,last12,11,2025-11-01,138.62,158.29710093826054,,,,0.8,56.74996376811594,42
xlstm,carbon,USA|new hampshire,US,False,holdout,last12,12,2025-12-01,212.19,164.58729229569434,,,,0.8,56.74996376811594,42
xlstm,carbon,USA|new hampshire,US,False,rolling,2022-12-01,1,2023-01-01,113.35,167.19253902122375,,,,0.8,57.084761904761905,42
xlstm,carbon,USA|new hampshire,US,False,rolling,2022-12-01,2,2023-02-01,148.67,158.5709337505698,,,,0.8,57.084761904761905,42
xlstm,carbon,USA|new hampshire,US,False,rolling,2022-12-01,3,2023-03-01,100.43,158.36179745987056,,,,0.8,57.084761904761905,42
xlstm,carbon,USA|new hampshire,US,False,rolling,2022-12-01,4,2023-04-01,365.08,162.09329748287794,,,,0.8,57.084761904761905,42
xlstm,carbon,USA|new hampshire,US,False,rolling,2022-12-01,5,2023-05-01,140.08,162.90615798458455,,,,0.8,57.084761904761905,42
xlstm,carbon,USA|new hampshire,US,False,rolling,2022-12-01,6,2023-06-01,177.54,161.71841989353297,,,,0.8,57.084761904761905,42
xlstm,carbon,USA|new hampshire,US,False,rolling,2022-12-01,7,2023-07-01,203.56,159.4808720318973,,,,0.8,57.084761904761905,42
xlstm,carbon,USA|new hampshire,US,False,rolling,2022-12-01,8,2023-08-01,174.06,156.065074609071,,,,0.8,57.084761904761905,42
xlstm,carbon,USA|new hampshire,US,False,rolling,2022-12-01,9,2023-09-01,157.97,152.1667407132685,,,,0.8,57.084761904761905,42
xlstm,carbon,USA|new hampshire,US,False,rolling,2022-12-01,10,2023-10-01,159.25,152.00363919109105,,,,0.8,57.084761904761905,42
xlstm,carbon,USA|new hampshire,US,False,rolling,2022-12-01,11,2023-11-01,103.23,153.16423158079382,,,,0.8,57.084761904761905,42
xlstm,carbon,USA|new hampshire,US,False,rolling,2022-12-01,12,2023-12-01,111.28,159.05874244377014,,,,0.8,57.084761904761905,42
xlstm,carbon,USA|new hampshire,US,False,rolling,2023-12-01,1,2024-01-01,146.89,167.85447030335663,,,,0.8,56.548484848484854,42
xlstm,carbon,USA|new hampshire,US,False,rolling,2023-12-01,2,2024-02-01,97.44,172.47894804388284,,,,0.8,56.548484848484854,42
xlstm,carbon,USA|new hampshire,US,False,rolling,2023-12-01,3,2024-03-01,110.41,174.01317146182058,,,,0.8,56.548484848484854,42
xlstm,carbon,USA|new hampshire,US,False,rolling,2023-12-01,4,2024-04-01,129.47,180.51740469455717,,,,0.8,56.548484848484854,42
xlstm,carbon,USA|new hampshire,US,False,rolling,2023-12-01,5,2024-05-01,130.26,160.0464881365001,,,,0.8,56.548484848484854,42
xlstm,carbon,USA|new hampshire,US,False,rolling,2023-12-01,6,2024-06-01,177.77,161.7558387249708,,,,0.8,56.548484848484854,42
xlstm,carbon,USA|new hampshire,US,False,rolling,2023-12-01,7,2024-07-01,135.98,160.1686437925696,,,,0.8,56.548484848484854,42
xlstm,carbon,USA|new hampshire,US,False,rolling,2023-12-01,8,2024-08-01,195.19,156.6175284948945,,,,0.8,56.548484848484854,42
xlstm,carbon,USA|new hampshire,US,False,rolling,2023-12-01,9,2024-09-01,188.96,155.46634397521612,,,,0.8,56.548484848484854,42
xlstm,carbon,USA|new hampshire,US,False,rolling,2023-12-01,10,2024-10-01,344.9,155.5379112483561,,,,0.8,56.548484848484854,42
xlstm,carbon,USA|new hampshire,US,False,rolling,2023-12-01,11,2024-11-01,67.81,155.69793303132056,,,,0.8,56.548484848484854,42
xlstm,carbon,USA|new hampshire,US,False,rolling,2023-12-01,12,2024-12-01,164.29,160.1319728977978,,,,0.8,56.548484848484854,42
xlstm,carbon,USA|new hampshire,US,False,rolling,2024-12-01,1,2025-01-01,189.71,156.7719040893018,,,,0.8,56.74996376811594,42
xlstm,carbon,USA|new hampshire,US,False,rolling,2024-12-01,2,2025-02-01,149.42,158.0575925527513,,,,0.8,56.74996376811594,42
xlstm,carbon,USA|new hampshire,US,False,rolling,2024-12-01,3,2025-03-01,88.21,162.17895822927355,,,,0.8,56.74996376811594,42
xlstm,carbon,USA|new hampshire,US,False,rolling,2024-12-01,4,2025-04-01,141.34,166.05184028029439,,,,0.8,56.74996376811594,42
xlstm,carbon,USA|new hampshire,US,False,rolling,2024-12-01,5,2025-05-01,130.05,169.0855300593376,,,,0.8,56.74996376811594,42
xlstm,carbon,USA|new hampshire,US,False,rolling,2024-12-01,6,2025-06-01,183.15,172.41018186688422,,,,0.8,56.74996376811594,42
xlstm,carbon,USA|new hampshire,US,False,rolling,2024-12-01,7,2025-07-01,224.94,171.97241893589495,,,,0.8,56.74996376811594,42
xlstm,carbon,USA|new hampshire,US,False,rolling,2024-12-01,8,2025-08-01,187.03,175.08527267813682,,,,0.8,56.74996376811594,42
xlstm,carbon,USA|new hampshire,US,False,rolling,2024-12-01,9,2025-09-01,165.61,172.597928635478,,,,0.8,56.74996376811594,42
xlstm,carbon,USA|new hampshire,US,False,rolling,2024-12-01,10,2025-10-01,174.21,170.3605567589402,,,,0.8,56.74996376811594,42
xlstm,carbon,USA|new hampshire,US,False,rolling,2024-12-01,11,2025-11-01,138.62,158.29710093826054,,,,0.8,56.74996376811594,42
xlstm,carbon,USA|new hampshire,US,False,rolling,2024-12-01,12,2025-12-01,212.19,164.58729229569434,,,,0.8,56.74996376811594,42
xlstm,carbon,USA|new jersey,US,True,holdout,last12,1,2025-01-01,211.06,246.6963200193644,,,,0.8,27.021811594202898,42
xlstm,carbon,USA|new jersey,US,True,holdout,last12,2,2025-02-01,215.5,244.22862743794923,,,,0.8,27.021811594202898,42
xlstm,carbon,USA|new jersey,US,True,holdout,last12,3,2025-03-01,190.38,244.93767526328568,,,,0.8,27.021811594202898,42
xlstm,carbon,USA|new jersey,US,True,holdout,last12,4,2025-04-01,277.64,259.5657561451197,,,,0.8,27.021811594202898,42
xlstm,carbon,USA|new jersey,US,True,holdout,last12,5,2025-05-01,237.32,247.87512140572073,,,,0.8,27.021811594202898,42
xlstm,carbon,USA|new jersey,US,True,holdout,last12,6,2025-06-01,245.88,258.0187338680029,,,,0.8,27.021811594202898,42
xlstm,carbon,USA|new jersey,US,True,holdout,last12,7,2025-07-01,295.37,261.4737618631125,,,,0.8,27.021811594202898,42
xlstm,carbon,USA|new jersey,US,True,holdout,last12,8,2025-08-01,261.04,247.992594524622,,,,0.8,27.021811594202898,42
xlstm,carbon,USA|new jersey,US,True,holdout,last12,9,2025-09-01,243.08,248.15831267893319,,,,0.8,27.021811594202898,42
xlstm,carbon,USA|new jersey,US,True,holdout,last12,10,2025-10-01,293.33,262.8692005449534,,,,0.8,27.021811594202898,42
xlstm,carbon,USA|new jersey,US,True,holdout,last12,11,2025-11-01,235.62,250.44099881589418,,,,0.8,27.021811594202898,42
xlstm,carbon,USA|new jersey,US,True,holdout,last12,12,2025-12-01,229.45,244.99021970510486,,,,0.8,27.021811594202898,42
xlstm,carbon,USA|new jersey,US,True,rolling,2022-12-01,1,2023-01-01,226.73,245.66646979689602,,,,0.8,27.684126984126983,42
xlstm,carbon,USA|new jersey,US,True,rolling,2022-12-01,2,2023-02-01,193.12,254.26157359600072,,,,0.8,27.684126984126983,42
xlstm,carbon,USA|new jersey,US,True,rolling,2022-12-01,3,2023-03-01,206.54,252.15612163245683,,,,0.8,27.684126984126983,42
xlstm,carbon,USA|new jersey,US,True,rolling,2022-12-01,4,2023-04-01,271.93,274.9590619105101,,,,0.8,27.684126984126983,42
xlstm,carbon,USA|new jersey,US,True,rolling,2022-12-01,5,2023-05-01,246.4,289.3618441724778,,,,0.8,27.684126984126983,42
xlstm,carbon,USA|new jersey,US,True,rolling,2022-12-01,6,2023-06-01,248.69,302.9194075870514,,,,0.8,27.684126984126983,42
xlstm,carbon,USA|new jersey,US,True,rolling,2022-12-01,7,2023-07-01,300.05,311.1752264034749,,,,0.8,27.684126984126983,42
xlstm,carbon,USA|new jersey,US,True,rolling,2022-12-01,8,2023-08-01,282.26,310.8298013961316,,,,0.8,27.684126984126983,42
xlstm,carbon,USA|new jersey,US,True,rolling,2022-12-01,9,2023-09-01,256.85,300.20889231085783,,,,0.8,27.684126984126983,42
xlstm,carbon,USA|new jersey,US,True,rolling,2022-12-01,10,2023-10-01,289.49,289.43009290814405,,,,0.8,27.684126984126983,42
xlstm,carbon,USA|new jersey,US,True,rolling,2022-12-01,11,2023-11-01,280.64,266.1001940429211,,,,0.8,27.684126984126983,42
xlstm,carbon,USA|new jersey,US,True,rolling,2022-12-01,12,2023-12-01,252.24,261.84425400733954,,,,0.8,27.684126984126983,42
xlstm,carbon,USA|new jersey,US,True,rolling,2023-12-01,1,2024-01-01,260.86,232.86226101458072,,,,0.8,27.337500000000002,42
xlstm,carbon,USA|new jersey,US,True,rolling,2023-12-01,2,2024-02-01,229.15,232.85561395168304,,,,0.8,27.337500000000002,42
xlstm,carbon,USA|new jersey,US,True,rolling,2023-12-01,3,2024-03-01,199.13,234.2767171031237,,,,0.8,27.337500000000002,42
xlstm,carbon,USA|new jersey,US,True,rolling,2023-12-01,4,2024-04-01,284.64,235.30323684841397,,,,0.8,27.337500000000002,42
xlstm,carbon,USA|new jersey,US,True,rolling,2023-12-01,5,2024-05-01,227.58,236.42382955074314,,,,0.8,27.337500000000002,42
xlstm,carbon,USA|new jersey,US,True,rolling,2023-12-01,6,2024-06-01,257.7,242.93774976432326,,,,0.8,27.337500000000002,42
xlstm,carbon,USA|new jersey,US,True,rolling,2023-12-01,7,2024-07-01,286.4,250.61782319128517,,,,0.8,27.337500000000002,42
xlstm,carbon,USA|new jersey,US,True,rolling,2023-12-01,8,2024-08-01,248.38,251.8844324868918,,,,0.8,27.337500000000002,42
xlstm,carbon,USA|new jersey,US,True,rolling,2023-12-01,9,2024-09-01,224.13,252.61199762642389,,,,0.8,27.337500000000002,42
xlstm,carbon,USA|new jersey,US,True,rolling,2023-12-01,10,2024-10-01,279.37,254.23884716987612,,,,0.8,27.337500000000002,42
xlstm,carbon,USA|new jersey,US,True,rolling,2023-12-01,11,2024-11-01,277.91,252.63209162116055,,,,0.8,27.337500000000002,42
xlstm,carbon,USA|new jersey,US,True,rolling,2023-12-01,12,2024-12-01,222.53,254.79076870799068,,,,0.8,27.337500000000002,42
xlstm,carbon,USA|new jersey,US,True,rolling,2024-12-01,1,2025-01-01,211.06,246.6963200193644,,,,0.8,27.021811594202898,42
xlstm,carbon,USA|new jersey,US,True,rolling,2024-12-01,2,2025-02-01,215.5,244.22862743794923,,,,0.8,27.021811594202898,42
xlstm,carbon,USA|new jersey,US,True,rolling,2024-12-01,3,2025-03-01,190.38,244.93767526328568,,,,0.8,27.021811594202898,42
xlstm,carbon,USA|new jersey,US,True,rolling,2024-12-01,4,2025-04-01,277.64,259.5657561451197,,,,0.8,27.021811594202898,42
xlstm,carbon,USA|new jersey,US,True,rolling,2024-12-01,5,2025-05-01,237.32,247.87512140572073,,,,0.8,27.021811594202898,42
xlstm,carbon,USA|new jersey,US,True,rolling,2024-12-01,6,2025-06-01,245.88,258.0187338680029,,,,0.8,27.021811594202898,42
xlstm,carbon,USA|new jersey,US,True,rolling,2024-12-01,7,2025-07-01,295.37,261.4737618631125,,,,0.8,27.021811594202898,42
xlstm,carbon,USA|new jersey,US,True,rolling,2024-12-01,8,2025-08-01,261.04,247.992594524622,,,,0.8,27.021811594202898,42
xlstm,carbon,USA|new jersey,US,True,rolling,2024-12-01,9,2025-09-01,243.08,248.15831267893319,,,,0.8,27.021811594202898,42
xlstm,carbon,USA|new jersey,US,True,rolling,2024-12-01,10,2025-10-01,293.33,262.8692005449534,,,,0.8,27.021811594202898,42
xlstm,carbon,USA|new jersey,US,True,rolling,2024-12-01,11,2025-11-01,235.62,250.44099881589418,,,,0.8,27.021811594202898,42
xlstm,carbon,USA|new jersey,US,True,rolling,2024-12-01,12,2025-12-01,229.45,244.99021970510486,,,,0.8,27.021811594202898,42
xlstm,carbon,USA|new mexico,US,True,holdout,last12,1,2025-01-01,253.03,312.313173725605,,,,0.8,30.019130434782603,42
xlstm,carbon,USA|new mexico,US,True,holdout,last12,2,2025-02-01,220.2,301.87465145230294,,,,0.8,30.019130434782603,42
xlstm,carbon,USA|new mexico,US,True,holdout,last12,3,2025-03-01,236.14,298.76430973351,,,,0.8,30.019130434782603,42
xlstm,carbon,USA|new mexico,US,True,holdout,last12,4,2025-04-01,305.18,307.1153275573254,,,,0.8,30.019130434782603,42
xlstm,carbon,USA|new mexico,US,True,holdout,last12,5,2025-05-01,319.85,316.33016051888467,,,,0.8,30.019130434782603,42
xlstm,carbon,USA|new mexico,US,True,holdout,last12,6,2025-06-01,343.51,319.78094347655775,,,,0.8,30.019130434782603,42
xlstm,carbon,USA|new mexico,US,True,holdout,last12,7,2025-07-01,344.74,312.1432594203949,,,,0.8,30.019130434782603,42
xlstm,carbon,USA|new mexico,US,True,holdout,last12,8,2025-08-01,368.85,296.6537596428394,,,,0.8,30.019130434782603,42
xlstm,carbon,USA|new mexico,US,True,holdout,last12,9,2025-09-01,373.02,285.37374713361265,,,,0.8,30.019130434782603,42
xlstm,carbon,USA|new mexico,US,True,holdout,last12,10,2025-10-01,319.86,273.5586397016048,,,,0.8,30.019130434782603,42
xlstm,carbon,USA|new mexico,US,True,holdout,last12,11,2025-11-01,325.96,274.31507368326186,,,,0.8,30.019130434782603,42
xlstm,carbon,USA|new mexico,US,True,holdout,last12,12,2025-12-01,320.7,284.5297343099117,,,,0.8,30.019130434782603,42
xlstm,carbon,USA|new mexico,US,True,rolling,2022-12-01,1,2023-01-01,292.82,394.16571064338086,,,,0.8,27.519444444444442,42
xlstm,carbon,USA|new mexico,US,True,rolling,2022-12-01,2,2023-02-01,358.85,391.67315142393113,,,,0.8,27.519444444444442,42
xlstm,carbon,USA|new mexico,US,True,rolling,2022-12-01,3,2023-03-01,347.32,396.1421220232546,,,,0.8,27.519444444444442,42
xlstm,carbon,USA|new mexico,US,True,rolling,2022-12-01,4,2023-04-01,186.14,401.21201319888235,,,,0.8,27.519444444444442,42
xlstm,carbon,USA|new mexico,US,True,rolling,2022-12-01,5,2023-05-01,329.16,410.95625280320644,,,,0.8,27.519444444444442,42
xlstm,carbon,USA|new mexico,US,True,rolling,2022-12-01,6,2023-06-01,397.82,414.25026003673673,,,,0.8,27.519444444444442,42
xlstm,carbon,USA|new mexico,US,True,rolling,2022-12-01,7,2023-07-01,389.81,412.0586926069856,,,,0.8,27.519444444444442,42
xlstm,carbon,USA|new mexico,US,True,rolling,2022-12-01,8,2023-08-01,381.19,408.67056384131314,,,,0.8,27.519444444444442,42
xlstm,carbon,USA|new mexico,US,True,rolling,2022-12-01,9,2023-09-01,381.8,399.5353546117246,,,,0.8,27.519444444444442,42
xlstm,carbon,USA|new mexico,US,True,rolling,2022-12-01,10,2023-10-01,294.71,395.55858964323994,,,,0.8,27.519444444444442,42
xlstm,carbon,USA|new mexico,US,True,rolling,2022-12-01,11,2023-11-01,224.68,392.85151499167085,,,,0.8,27.519444444444442,42
xlstm,carbon,USA|new mexico,US,True,rolling,2022-12-01,12,2023-12-01,329.75,395.6620177322626,,,,0.8,27.519444444444442,42
xlstm,carbon,USA|new mexico,US,True,rolling,2023-12-01,1,2024-01-01,374.91,255.77001738786697,,,,0.8,29.617045454545455,42
xlstm,carbon,USA|new mexico,US,True,rolling,2023-12-01,2,2024-02-01,332.01,264.42273670971394,,,,0.8,29.617045454545455,42
xlstm,carbon,USA|new mexico,US,True,rolling,2023-12-01,3,2024-03-01,273.56,254.40694158762693,,,,0.8,29.617045454545455,42
xlstm,carbon,USA|new mexico,US,True,rolling,2023-12-01,4,2024-04-01,276.08,246.81845700234175,,,,0.8,29.617045454545455,42
xlstm,carbon,USA|new mexico,US,True,rolling,2023-12-01,5,2024-05-01,309.57,288.6882833236456,,,,0.8,29.617045454545455,42
xlstm,carbon,USA|new mexico,US,True,rolling,2023-12-01,6,2024-06-01,363.3,294.262670763731,,,,0.8,29.617045454545455,42
xlstm,carbon,USA|new mexico,US,True,rolling,2023-12-01,7,2024-07-01,395.15,275.77227353990077,,,,0.8,29.617045454545455,42
xlstm,carbon,USA|new mexico,US,True,rolling,2023-12-01,8,2024-08-01,362.81,256.210037779212,,,,0.8,29.617045454545455,42
xlstm,carbon,USA|new mexico,US,True,rolling,2023-12-01,9,2024-09-01,358.34,235.77957685679198,,,,0.8,29.617045454545455,42
xlstm,carbon,USA|new mexico,US,True,rolling,2023-12-01,10,2024-10-01,284.4,212.78280180186033,,,,0.8,29.617045454545455,42
xlstm,carbon,USA|new mexico,US,True,rolling,2023-12-01,11,2024-11-01,236.25,207.33244459718466,,,,0.8,29.617045454545455,42
xlstm,carbon,USA|new mexico,US,True,rolling,2023-12-01,12,2024-12-01,259.17,216.8960253188014,,,,0.8,29.617045454545455,42
xlstm,carbon,USA|new mexico,US,True,rolling,2024-12-01,1,2025-01-01,253.03,312.313173725605,,,,0.8,30.019130434782603,42
xlstm,carbon,USA|new mexico,US,True,rolling,2024-12-01,2,2025-02-01,220.2,301.87465145230294,,,,0.8,30.019130434782603,42
xlstm,carbon,USA|new mexico,US,True,rolling,2024-12-01,3,2025-03-01,236.14,298.76430973351,,,,0.8,30.019130434782603,42
xlstm,carbon,USA|new mexico,US,True,rolling,2024-12-01,4,2025-04-01,305.18,307.1153275573254,,,,0.8,30.019130434782603,42
xlstm,carbon,USA|new mexico,US,True,rolling,2024-12-01,5,2025-05-01,319.85,316.33016051888467,,,,0.8,30.019130434782603,42
xlstm,carbon,USA|new mexico,US,True,rolling,2024-12-01,6,2025-06-01,343.51,319.78094347655775,,,,0.8,30.019130434782603,42
xlstm,carbon,USA|new mexico,US,True,rolling,2024-12-01,7,2025-07-01,344.74,312.1432594203949,,,,0.8,30.019130434782603,42
xlstm,carbon,USA|new mexico,US,True,rolling,2024-12-01,8,2025-08-01,368.85,296.6537596428394,,,,0.8,30.019130434782603,42
xlstm,carbon,USA|new mexico,US,True,rolling,2024-12-01,9,2025-09-01,373.02,285.37374713361265,,,,0.8,30.019130434782603,42
xlstm,carbon,USA|new mexico,US,True,rolling,2024-12-01,10,2025-10-01,319.86,273.5586397016048,,,,0.8,30.019130434782603,42
xlstm,carbon,USA|new mexico,US,True,rolling,2024-12-01,11,2025-11-01,325.96,274.31507368326186,,,,0.8,30.019130434782603,42
xlstm,carbon,USA|new mexico,US,True,rolling,2024-12-01,12,2025-12-01,320.7,284.5297343099117,,,,0.8,30.019130434782603,42
xlstm,carbon,USA|new york,US,True,holdout,last12,1,2025-01-01,266.01,243.74327817827458,,,,0.8,25.483804347826084,42
xlstm,carbon,USA|new york,US,True,holdout,last12,2,2025-02-01,257.54,243.22938474714752,,,,0.8,25.483804347826084,42
xlstm,carbon,USA|new york,US,True,holdout,last12,3,2025-03-01,215.19,244.47971146851773,,,,0.8,25.483804347826084,42
xlstm,carbon,USA|new york,US,True,holdout,last12,4,2025-04-01,214.58,245.77252695113415,,,,0.8,25.483804347826084,42
xlstm,carbon,USA|new york,US,True,holdout,last12,5,2025-05-01,203.13,251.45416749775404,,,,0.8,25.483804347826084,42
xlstm,carbon,USA|new york,US,True,holdout,last12,6,2025-06-01,254.34,255.71907725363965,,,,0.8,25.483804347826084,42
xlstm,carbon,USA|new york,US,True,holdout,last12,7,2025-07-01,297.01,255.73587025851006,,,,0.8,25.483804347826084,42
xlstm,carbon,USA|new york,US,True,holdout,last12,8,2025-08-01,269.71,250.34964050859207,,,,0.8,25.483804347826084,42
xlstm,carbon,USA|new york,US,True,holdout,last12,9,2025-09-01,247.41,245.81712749421592,,,,0.8,25.483804347826084,42
xlstm,carbon,USA|new york,US,True,holdout,last12,10,2025-10-01,235.33,242.54662109047172,,,,0.8,25.483804347826084,42
xlstm,carbon,USA|new york,US,True,holdout,last12,11,2025-11-01,238.7,243.30851147681472,,,,0.8,25.483804347826084,42
xlstm,carbon,USA|new york,US,True,holdout,last12,12,2025-12-01,262.61,244.13948316484687,,,,0.8,25.483804347826084,42
xlstm,carbon,USA|new york,US,True,rolling,2022-12-01,1,2023-01-01,230.84,248.6138426253199,,,,0.8,26.68285714285714,42
xlstm,carbon,USA|new york,US,True,rolling,2022-12-01,2,2023-02-01,233.9,245.47009375661608,,,,0.8,26.68285714285714,42
xlstm,carbon,USA|new york,US,True,rolling,2022-12-01,3,2023-03-01,217.82,246.92633367121215,,,,0.8,26.68285714285714,42
xlstm,carbon,USA|new york,US,True,rolling,2022-12-01,4,2023-04-01,224.34,249.94735330104822,,,,0.8,26.68285714285714,42
xlstm,carbon,USA|new york,US,True,rolling,2022-12-01,5,2023-05-01,217.71,253.36228533238167,,,,0.8,26.68285714285714,42
xlstm,carbon,USA|new york,US,True,rolling,2022-12-01,6,2023-06-01,259.91,255.00327722907062,,,,0.8,26.68285714285714,42
xlstm,carbon,USA|new york,US,True,rolling,2022-12-01,7,2023-07-01,296.64,255.8530235254764,,,,0.8,26.68285714285714,42
xlstm,carbon,USA|new york,US,True,rolling,2022-12-01,8,2023-08-01,266.88,250.78466033458704,,,,0.8,26.68285714285714,42
xlstm,carbon,USA|new york,US,True,rolling,2022-12-01,9,2023-09-01,266.14,244.80788381218906,,,,0.8,26.68285714285714,42
xlstm,carbon,USA|new york,US,True,rolling,2022-12-01,10,2023-10-01,231.09,242.70784695506092,,,,0.8,26.68285714285714,42
xlstm,carbon,USA|new york,US,True,rolling,2022-12-01,11,2023-11-01,250.2,243.09353642523286,,,,0.8,26.68285714285714,42
xlstm,carbon,USA|new york,US,True,rolling,2022-12-01,12,2023-12-01,241.3,244.1075822412967,,,,0.8,26.68285714285714,42
xlstm,carbon,USA|new york,US,True,rolling,2023-12-01,1,2024-01-01,251.01,236.46377815574405,,,,0.8,26.1573106060606,42
xlstm,carbon,USA|new york,US,True,rolling,2023-12-01,2,2024-02-01,238.72,237.83397019267082,,,,0.8,26.1573106060606,42
xlstm,carbon,USA|new york,US,True,rolling,2023-12-01,3,2024-03-01,239.98,238.93985682219264,,,,0.8,26.1573106060606,42
xlstm,carbon,USA|new york,US,True,rolling,2023-12-01,4,2024-04-01,214.86,242.10790564626453,,,,0.8,26.1573106060606,42
xlstm,carbon,USA|new york,US,True,rolling,2023-12-01,5,2024-05-01,230.47,244.98509268313643,,,,0.8,26.1573106060606,42
xlstm,carbon,USA|new york,US,True,rolling,2023-12-01,6,2024-06-01,258.72,249.250443598926,,,,0.8,26.1573106060606,42
xlstm,carbon,USA|new york,US,True,rolling,2023-12-01,7,2024-07-01,289.89,247.93996002376076,,,,0.8,26.1573106060606,42
xlstm,carbon,USA|new york,US,True,rolling,2023-12-01,8,2024-08-01,281.82,241.63857659757136,,,,0.8,26.1573106060606,42
xlstm,carbon,USA|new york,US,True,rolling,2023-12-01,9,2024-09-01,270.83,239.0261216637492,,,,0.8,26.1573106060606,42
xlstm,carbon,USA|new york,US,True,rolling,2023-12-01,10,2024-10-01,241.42,236.40499540656805,,,,0.8,26.1573106060606,42
xlstm,carbon,USA|new york,US,True,rolling,2023-12-01,11,2024-11-01,241.28,237.5461820605397,,,,0.8,26.1573106060606,42
xlstm,carbon,USA|new york,US,True,rolling,2023-12-01,12,2024-12-01,253.09,236.5245425084233,,,,0.8,26.1573106060606,42
xlstm,carbon,USA|new york,US,True,rolling,2024-12-01,1,2025-01-01,266.01,243.74327817827458,,,,0.8,25.483804347826084,42
xlstm,carbon,USA|new york,US,True,rolling,2024-12-01,2,2025-02-01,257.54,243.22938474714752,,,,0.8,25.483804347826084,42
xlstm,carbon,USA|new york,US,True,rolling,2024-12-01,3,2025-03-01,215.19,244.47971146851773,,,,0.8,25.483804347826084,42
xlstm,carbon,USA|new york,US,True,rolling,2024-12-01,4,2025-04-01,214.58,245.77252695113415,,,,0.8,25.483804347826084,42
xlstm,carbon,USA|new york,US,True,rolling,2024-12-01,5,2025-05-01,203.13,251.45416749775404,,,,0.8,25.483804347826084,42
xlstm,carbon,USA|new york,US,True,rolling,2024-12-01,6,2025-06-01,254.34,255.71907725363965,,,,0.8,25.483804347826084,42
xlstm,carbon,USA|new york,US,True,rolling,2024-12-01,7,2025-07-01,297.01,255.73587025851006,,,,0.8,25.483804347826084,42
xlstm,carbon,USA|new york,US,True,rolling,2024-12-01,8,2025-08-01,269.71,250.34964050859207,,,,0.8,25.483804347826084,42
xlstm,carbon,USA|new york,US,True,rolling,2024-12-01,9,2025-09-01,247.41,245.81712749421592,,,,0.8,25.483804347826084,42
xlstm,carbon,USA|new york,US,True,rolling,2024-12-01,10,2025-10-01,235.33,242.54662109047172,,,,0.8,25.483804347826084,42
xlstm,carbon,USA|new york,US,True,rolling,2024-12-01,11,2025-11-01,238.7,243.30851147681472,,,,0.8,25.483804347826084,42
xlstm,carbon,USA|new york,US,True,rolling,2024-12-01,12,2025-12-01,262.61,244.13948316484687,,,,0.8,25.483804347826084,42
xlstm,carbon,USA|north carolina,US,True,holdout,last12,1,2025-01-01,392.72,315.726641330421,,,,0.8,32.699999999999996,42
xlstm,carbon,USA|north carolina,US,True,holdout,last12,2,2025-02-01,310.88,312.25669739872217,,,,0.8,32.699999999999996,42
xlstm,carbon,USA|north carolina,US,True,holdout,last12,3,2025-03-01,266.54,312.82522602409125,,,,0.8,32.699999999999996,42
xlstm,carbon,USA|north carolina,US,True,holdout,last12,4,2025-04-01,254.66,315.7987206268311,,,,0.8,32.699999999999996,42
xlstm,carbon,USA|north carolina,US,True,holdout,last12,5,2025-05-01,260.8,318.99210843473674,,,,0.8,32.699999999999996,42
xlstm,carbon,USA|north carolina,US,True,holdout,last12,6,2025-06-01,331.59,318.8359679150581,,,,0.8,32.699999999999996,42
xlstm,carbon,USA|north carolina,US,True,holdout,last12,7,2025-07-01,355.7,316.64217097491024,,,,0.8,32.699999999999996,42
xlstm,carbon,USA|north carolina,US,True,holdout,last12,8,2025-08-01,316.08,313.22474874287843,,,,0.8,32.699999999999996,42
xlstm,carbon,USA|north carolina,US,True,holdout,last12,9,2025-09-01,297.54,311.5993479090929,,,,0.8,32.699999999999996,42
xlstm,carbon,USA|north carolina,US,True,holdout,last12,10,2025-10-01,301.35,311.7719097423554,,,,0.8,32.699999999999996,42
xlstm,carbon,USA|north carolina,US,True,holdout,last12,11,2025-11-01,285.66,315.1937492746115,,,,0.8,32.699999999999996,42
xlstm,carbon,USA|north carolina,US,True,holdout,last12,12,2025-12-01,356.73,317.37865639805796,,,,0.8,32.699999999999996,42
xlstm,carbon,USA|north carolina,US,True,rolling,2022-12-01,1,2023-01-01,278.5,317.3725384372473,,,,0.8,32.78130952380952,42
xlstm,carbon,USA|north carolina,US,True,rolling,2022-12-01,2,2023-02-01,304.95,312.9001047845185,,,,0.8,32.78130952380952,42
xlstm,carbon,USA|north carolina,US,True,rolling,2022-12-01,3,2023-03-01,313.48,312.36389975354075,,,,0.8,32.78130952380952,42
xlstm,carbon,USA|north carolina,US,True,rolling,2022-12-01,4,2023-04-01,239.28,315.76040054738525,,,,0.8,32.78130952380952,42
xlstm,carbon,USA|north carolina,US,True,rolling,2022-12-01,5,2023-05-01,248.93,317.20719888985155,,,,0.8,32.78130952380952,42
xlstm,carbon,USA|north carolina,US,True,rolling,2022-12-01,6,2023-06-01,300.04,317.4727228063345,,,,0.8,32.78130952380952,42
xlstm,carbon,USA|north carolina,US,True,rolling,2022-12-01,7,2023-07-01,364.76,317.3850062671304,,,,0.8,32.78130952380952,42
xlstm,carbon,USA|north carolina,US,True,rolling,2022-12-01,8,2023-08-01,358.86,315.25495096921924,,,,0.8,32.78130952380952,42
xlstm,carbon,USA|north carolina,US,True,rolling,2022-12-01,9,2023-09-01,319.35,315.0072950321436,,,,0.8,32.78130952380952,42
xlstm,carbon,USA|north carolina,US,True,rolling,2022-12-01,10,2023-10-01,264.9,317.1422645765543,,,,0.8,32.78130952380952,42
xlstm,carbon,USA|north carolina,US,True,rolling,2022-12-01,11,2023-11-01,298.15,320.6579054790735,,,,0.8,32.78130952380952,42
xlstm,carbon,USA|north carolina,US,True,rolling,2022-12-01,12,2023-12-01,327.37,322.06751015365126,,,,0.8,32.78130952380952,42
xlstm,carbon,USA|north carolina,US,True,rolling,2023-12-01,1,2024-01-01,355.21,306.1618059384823,,,,0.8,32.90530303030303,42
xlstm,carbon,USA|north carolina,US,True,rolling,2023-12-01,2,2024-02-01,303.9,307.8217500600219,,,,0.8,32.90530303030303,42
xlstm,carbon,USA|north carolina,US,True,rolling,2023-12-01,3,2024-03-01,276.53,307.6514023984969,,,,0.8,32.90530303030303,42
xlstm,carbon,USA|north carolina,US,True,rolling,2023-12-01,4,2024-04-01,279.42,306.9272301997244,,,,0.8,32.90530303030303,42
xlstm,carbon,USA|north carolina,US,True,rolling,2023-12-01,5,2024-05-01,320.06,312.01064825460315,,,,0.8,32.90530303030303,42
xlstm,carbon,USA|north carolina,US,True,rolling,2023-12-01,6,2024-06-01,342.21,317.38178163796664,,,,0.8,32.90530303030303,42
xlstm,carbon,USA|north carolina,US,True,rolling,2023-12-01,7,2024-07-01,355.74,318.81795637339354,,,,0.8,32.90530303030303,42
xlstm,carbon,USA|north carolina,US,True,rolling,2023-12-01,8,2024-08-01,332.47,314.3526842686534,,,,0.8,32.90530303030303,42
xlstm,carbon,USA|north carolina,US,True,rolling,2023-12-01,9,2024-09-01,308.81,310.4018895994127,,,,0.8,32.90530303030303,42
xlstm,carbon,USA|north carolina,US,True,rolling,2023-12-01,10,2024-10-01,269.28,309.5460487242043,,,,0.8,32.90530303030303,42
xlstm,carbon,USA|north carolina,US,True,rolling,2023-12-01,11,2024-11-01,289.17,313.0479076500237,,,,0.8,32.90530303030303,42
xlstm,carbon,USA|north carolina,US,True,rolling,2023-12-01,12,2024-12-01,338.11,314.1764781627059,,,,0.8,32.90530303030303,42
xlstm,carbon,USA|north carolina,US,True,rolling,2024-12-01,1,2025-01-01,392.72,315.726641330421,,,,0.8,32.699999999999996,42
xlstm,carbon,USA|north carolina,US,True,rolling,2024-12-01,2,2025-02-01,310.88,312.25669739872217,,,,0.8,32.699999999999996,42
xlstm,carbon,USA|north carolina,US,True,rolling,2024-12-01,3,2025-03-01,266.54,312.82522602409125,,,,0.8,32.699999999999996,42
xlstm,carbon,USA|north carolina,US,True,rolling,2024-12-01,4,2025-04-01,254.66,315.7987206268311,,,,0.8,32.699999999999996,42
xlstm,carbon,USA|north carolina,US,True,rolling,2024-12-01,5,2025-05-01,260.8,318.99210843473674,,,,0.8,32.699999999999996,42
xlstm,carbon,USA|north carolina,US,True,rolling,2024-12-01,6,2025-06-01,331.59,318.8359679150581,,,,0.8,32.699999999999996,42
xlstm,carbon,USA|north carolina,US,True,rolling,2024-12-01,7,2025-07-01,355.7,316.64217097491024,,,,0.8,32.699999999999996,42
xlstm,carbon,USA|north carolina,US,True,rolling,2024-12-01,8,2025-08-01,316.08,313.22474874287843,,,,0.8,32.699999999999996,42
xlstm,carbon,USA|north carolina,US,True,rolling,2024-12-01,9,2025-09-01,297.54,311.5993479090929,,,,0.8,32.699999999999996,42
xlstm,carbon,USA|north carolina,US,True,rolling,2024-12-01,10,2025-10-01,301.35,311.7719097423554,,,,0.8,32.699999999999996,42
xlstm,carbon,USA|north carolina,US,True,rolling,2024-12-01,11,2025-11-01,285.66,315.1937492746115,,,,0.8,32.699999999999996,42
xlstm,carbon,USA|north carolina,US,True,rolling,2024-12-01,12,2025-12-01,356.73,317.37865639805796,,,,0.8,32.699999999999996,42
xlstm,carbon,USA|north dakota,US,False,holdout,last12,1,2025-01-01,439.23,479.6725014820695,,,,0.8,25.152463768115936,42
xlstm,carbon,USA|north dakota,US,False,holdout,last12,2,2025-02-01,474.27,472.2907273131609,,,,0.8,25.152463768115936,42
xlstm,carbon,USA|north dakota,US,False,holdout,last12,3,2025-03-01,425.84,470.7620544555784,,,,0.8,25.152463768115936,42
xlstm,carbon,USA|north dakota,US,False,holdout,last12,4,2025-04-01,365.44,471.95317392200235,,,,0.8,25.152463768115936,42
xlstm,carbon,USA|north dakota,US,False,holdout,last12,5,2025-05-01,404.49,483.4080513867736,,,,0.8,25.152463768115936,42
xlstm,carbon,USA|north dakota,US,False,holdout,last12,6,2025-06-01,483.24,488.9841267398,,,,0.8,25.152463768115936,42
xlstm,carbon,USA|north dakota,US,False,holdout,last12,7,2025-07-01,564.64,492.41456923395396,,,,0.8,25.152463768115936,42
xlstm,carbon,USA|north dakota,US,False,holdout,last12,8,2025-08-01,536.93,480.2983569297195,,,,0.8,25.152463768115936,42
xlstm,carbon,USA|north dakota,US,False,holdout,last12,9,2025-09-01,538.36,474.4352210429311,,,,0.8,25.152463768115936,42
xlstm,carbon,USA|north dakota,US,False,holdout,last12,10,2025-10-01,446.95,475.38561309188606,,,,0.8,25.152463768115936,42
xlstm,carbon,USA|north dakota,US,False,holdout,last12,11,2025-11-01,471.9,479.0863747617603,,,,0.8,25.152463768115936,42
xlstm,carbon,USA|north dakota,US,False,holdout,last12,12,2025-12-01,464.87,479.41119294554,,,,0.8,25.152463768115936,42
xlstm,carbon,USA|north dakota,US,False,rolling,2022-12-01,1,2023-01-01,528.94,475.96518437832594,,,,0.8,25.353611111111107,42
xlstm,carbon,USA|north dakota,US,False,rolling,2022-12-01,2,2023-02-01,455.64,475.968191742599,,,,0.8,25.353611111111107,42
xlstm,carbon,USA|north dakota,US,False,rolling,2022-12-01,3,2023-03-01,441.54,477.32923083245754,,,,0.8,25.353611111111107,42
xlstm,carbon,USA|north dakota,US,False,rolling,2022-12-01,4,2023-04-01,362.38,481.36958714127536,,,,0.8,25.353611111111107,42
xlstm,carbon,USA|north dakota,US,False,rolling,2022-12-01,5,2023-05-01,428.69,491.26323918819423,,,,0.8,25.353611111111107,42
xlstm,carbon,USA|north dakota,US,False,rolling,2022-12-01,6,2023-06-01,535.43,495.6756189882755,,,,0.8,25.353611111111107,42
xlstm,carbon,USA|north dakota,US,False,rolling,2022-12-01,7,2023-07-01,581.26,493.59557548880576,,,,0.8,25.353611111111107,42
xlstm,carbon,USA|north dakota,US,False,rolling,2022-12-01,8,2023-08-01,540.36,486.2668543076515,,,,0.8,25.353611111111107,42
xlstm,carbon,USA|north dakota,US,False,rolling,2022-12-01,9,2023-09-01,532.31,481.0532876038551,,,,0.8,25.353611111111107,42
xlstm,carbon,USA|north dakota,US,False,rolling,2022-12-01,10,2023-10-01,454.7,480.9655226898193,,,,0.8,25.353611111111107,42
xlstm,carbon,USA|north dakota,US,False,rolling,2022-12-01,11,2023-11-01,460.95,481.4813232547045,,,,0.8,25.353611111111107,42
xlstm,carbon,USA|north dakota,US,False,rolling,2022-12-01,12,2023-12-01,472.58,485.1074276655912,,,,0.8,25.353611111111107,42
xlstm,carbon,USA|north dakota,US,False,rolling,2023-12-01,1,2024-01-01,530.3,475.1570193192363,,,,0.8,25.183333333333334,42
xlstm,carbon,USA|north dakota,US,False,rolling,2023-12-01,2,2024-02-01,483.05,470.00769500583414,,,,0.8,25.183333333333334,42
xlstm,carbon,USA|north dakota,US,False,rolling,2023-12-01,3,2024-03-01,462.94,472.5533669668436,,,,0.8,25.183333333333334,42
xlstm,carbon,USA|north dakota,US,False,rolling,2023-12-01,4,2024-04-01,391.87,477.05178779155017,,,,0.8,25.183333333333334,42
xlstm,carbon,USA|north dakota,US,False,rolling,2023-12-01,5,2024-05-01,444.92,491.6123279643059,,,,0.8,25.183333333333334,42
xlstm,carbon,USA|north dakota,US,False,rolling,2023-12-01,6,2024-06-01,463.18,499.84133260279896,,,,0.8,25.183333333333334,42
xlstm,carbon,USA|north dakota,US,False,rolling,2023-12-01,7,2024-07-01,569.83,494.6630180937052,,,,0.8,25.183333333333334,42
xlstm,carbon,USA|north dakota,US,False,rolling,2023-12-01,8,2024-08-01,520.21,483.50425019949677,,,,0.8,25.183333333333334,42
xlstm,carbon,USA|north dakota,US,False,rolling,2023-12-01,9,2024-09-01,467.57,476.9738662412763,,,,0.8,25.183333333333334,42
xlstm,carbon,USA|north dakota,US,False,rolling,2023-12-01,10,2024-10-01,449.21,471.21990755945444,,,,0.8,25.183333333333334,42
xlstm,carbon,USA|north dakota,US,False,rolling,2023-12-01,11,2024-11-01,476.36,473.7622901251912,,,,0.8,25.183333333333334,42
xlstm,carbon,USA|north dakota,US,False,rolling,2023-12-01,12,2024-12-01,480.9,475.80079365164045,,,,0.8,25.183333333333334,42
xlstm,carbon,USA|north dakota,US,False,rolling,2024-12-01,1,2025-01-01,439.23,479.6725014820695,,,,0.8,25.152463768115936,42
xlstm,carbon,USA|north dakota,US,False,rolling,2024-12-01,2,2025-02-01,474.27,472.2907273131609,,,,0.8,25.152463768115936,42
xlstm,carbon,USA|north dakota,US,False,rolling,2024-12-01,3,2025-03-01,425.84,470.7620544555784,,,,0.8,25.152463768115936,42
xlstm,carbon,USA|north dakota,US,False,rolling,2024-12-01,4,2025-04-01,365.44,471.95317392200235,,,,0.8,25.152463768115936,42
xlstm,carbon,USA|north dakota,US,False,rolling,2024-12-01,5,2025-05-01,404.49,483.4080513867736,,,,0.8,25.152463768115936,42
xlstm,carbon,USA|north dakota,US,False,rolling,2024-12-01,6,2025-06-01,483.24,488.9841267398,,,,0.8,25.152463768115936,42
xlstm,carbon,USA|north dakota,US,False,rolling,2024-12-01,7,2025-07-01,564.64,492.41456923395396,,,,0.8,25.152463768115936,42
xlstm,carbon,USA|north dakota,US,False,rolling,2024-12-01,8,2025-08-01,536.93,480.2983569297195,,,,0.8,25.152463768115936,42
xlstm,carbon,USA|north dakota,US,False,rolling,2024-12-01,9,2025-09-01,538.36,474.4352210429311,,,,0.8,25.152463768115936,42
xlstm,carbon,USA|north dakota,US,False,rolling,2024-12-01,10,2025-10-01,446.95,475.38561309188606,,,,0.8,25.152463768115936,42
xlstm,carbon,USA|north dakota,US,False,rolling,2024-12-01,11,2025-11-01,471.9,479.0863747617603,,,,0.8,25.152463768115936,42
xlstm,carbon,USA|north dakota,US,False,rolling,2024-12-01,12,2025-12-01,464.87,479.41119294554,,,,0.8,25.152463768115936,42
xlstm,carbon,USA|ohio,US,True,holdout,last12,1,2025-01-01,505.88,475.12150858998297,,,,0.8,26.81742753623188,42
xlstm,carbon,USA|ohio,US,True,holdout,last12,2,2025-02-01,490.82,473.8250210559368,,,,0.8,26.81742753623188,42
xlstm,carbon,USA|ohio,US,True,holdout,last12,3,2025-03-01,495.4,474.7252303111553,,,,0.8,26.81742753623188,42
xlstm,carbon,USA|ohio,US,True,holdout,last12,4,2025-04-01,481.84,475.53342232346535,,,,0.8,26.81742753623188,42
xlstm,carbon,USA|ohio,US,True,holdout,last12,5,2025-05-01,451.45,476.6093298840523,,,,0.8,26.81742753623188,42
xlstm,carbon,USA|ohio,US,True,holdout,last12,6,2025-06-01,480.73,476.249777187109,,,,0.8,26.81742753623188,42
xlstm,carbon,USA|ohio,US,True,holdout,last12,7,2025-07-01,496.54,475.96335093855856,,,,0.8,26.81742753623188,42
xlstm,carbon,USA|ohio,US,True,holdout,last12,8,2025-08-01,471.65,475.64126057267185,,,,0.8,26.81742753623188,42
xlstm,carbon,USA|ohio,US,True,holdout,last12,9,2025-09-01,465.49,475.49756446838376,,,,0.8,26.81742753623188,42
xlstm,carbon,USA|ohio,US,True,holdout,last12,10,2025-10-01,434.31,476.2804750692844,,,,0.8,26.81742753623188,42
xlstm,carbon,USA|ohio,US,True,holdout,last12,11,2025-11-01,475.79,476.97824202418326,,,,0.8,26.81742753623188,42
xlstm,carbon,USA|ohio,US,True,holdout,last12,12,2025-12-01,487.32,477.7424692118168,,,,0.8,26.81742753623188,42
xlstm,carbon,USA|ohio,US,True,rolling,2022-12-01,1,2023-01-01,521.39,517.3516793078185,,,,0.8,26.82706349206349,42
xlstm,carbon,USA|ohio,US,True,rolling,2022-12-01,2,2023-02-01,499.57,515.960519874394,,,,0.8,26.82706349206349,42
xlstm,carbon,USA|ohio,US,True,rolling,2022-12-01,3,2023-03-01,519.22,514.9455950336159,,,,0.8,26.82706349206349,42
xlstm,carbon,USA|ohio,US,True,rolling,2022-12-01,4,2023-04-01,494.1,514.199957241118,,,,0.8,26.82706349206349,42
xlstm,carbon,USA|ohio,US,True,rolling,2022-12-01,5,2023-05-01,453.23,514.9003258118033,,,,0.8,26.82706349206349,42
xlstm,carbon,USA|ohio,US,True,rolling,2022-12-01,6,2023-06-01,460.63,516.1520369924605,,,,0.8,26.82706349206349,42
xlstm,carbon,USA|ohio,US,True,rolling,2022-12-01,7,2023-07-01,493.0,515.9744895699621,,,,0.8,26.82706349206349,42
xlstm,carbon,USA|ohio,US,True,rolling,2022-12-01,8,2023-08-01,506.19,515.6523610898853,,,,0.8,26.82706349206349,42
xlstm,carbon,USA|ohio,US,True,rolling,2022-12-01,9,2023-09-01,493.89,514.8382929553092,,,,0.8,26.82706349206349,42
xlstm,carbon,USA|ohio,US,True,rolling,2022-12-01,10,2023-10-01,478.37,514.9906684680283,,,,0.8,26.82706349206349,42
xlstm,carbon,USA|ohio,US,True,rolling,2022-12-01,11,2023-11-01,497.73,516.3130536085367,,,,0.8,26.82706349206349,42
xlstm,carbon,USA|ohio,US,True,rolling,2022-12-01,12,2023-12-01,494.39,516.5267476183176,,,,0.8,26.82706349206349,42
xlstm,carbon,USA|ohio,US,True,rolling,2023-12-01,1,2024-01-01,508.67,495.5547484145314,,,,0.8,26.72299242424242,42
xlstm,carbon,USA|ohio,US,True,rolling,2023-12-01,2,2024-02-01,454.09,494.49320778198546,,,,0.8,26.72299242424242,42
xlstm,carbon,USA|ohio,US,True,rolling,2023-12-01,3,2024-03-01,455.89,494.4327531754226,,,,0.8,26.72299242424242,42
xlstm,carbon,USA|ohio,US,True,rolling,2023-12-01,4,2024-04-01,446.88,493.80228879936044,,,,0.8,26.72299242424242,42
xlstm,carbon,USA|ohio,US,True,rolling,2023-12-01,5,2024-05-01,484.32,494.1989574664087,,,,0.8,26.72299242424242,42
xlstm,carbon,USA|ohio,US,True,rolling,2023-12-01,6,2024-06-01,484.9,495.99977325893946,,,,0.8,26.72299242424242,42
xlstm,carbon,USA|ohio,US,True,rolling,2023-12-01,7,2024-07-01,488.12,497.39375791840257,,,,0.8,26.72299242424242,42
xlstm,carbon,USA|ohio,US,True,rolling,2023-12-01,8,2024-08-01,485.44,497.51322990678256,,,,0.8,26.72299242424242,42
xlstm,carbon,USA|ohio,US,True,rolling,2023-12-01,9,2024-09-01,460.1,497.21475908420985,,,,0.8,26.72299242424242,42
xlstm,carbon,USA|ohio,US,True,rolling,2023-12-01,10,2024-10-01,460.2,497.46515259392567,,,,0.8,26.72299242424242,42
xlstm,carbon,USA|ohio,US,True,rolling,2023-12-01,11,2024-11-01,456.23,498.28880839854486,,,,0.8,26.72299242424242,42
xlstm,carbon,USA|ohio,US,True,rolling,2023-12-01,12,2024-12-01,490.85,498.3553175824881,,,,0.8,26.72299242424242,42
xlstm,carbon,USA|ohio,US,True,rolling,2024-12-01,1,2025-01-01,505.88,475.12150858998297,,,,0.8,26.81742753623188,42
xlstm,carbon,USA|ohio,US,True,rolling,2024-12-01,2,2025-02-01,490.82,473.8250210559368,,,,0.8,26.81742753623188,42
xlstm,carbon,USA|ohio,US,True,rolling,2024-12-01,3,2025-03-01,495.4,474.7252303111553,,,,0.8,26.81742753623188,42
xlstm,carbon,USA|ohio,US,True,rolling,2024-12-01,4,2025-04-01,481.84,475.53342232346535,,,,0.8,26.81742753623188,42
xlstm,carbon,USA|ohio,US,True,rolling,2024-12-01,5,2025-05-01,451.45,476.6093298840523,,,,0.8,26.81742753623188,42
xlstm,carbon,USA|ohio,US,True,rolling,2024-12-01,6,2025-06-01,480.73,476.249777187109,,,,0.8,26.81742753623188,42
xlstm,carbon,USA|ohio,US,True,rolling,2024-12-01,7,2025-07-01,496.54,475.96335093855856,,,,0.8,26.81742753623188,42
xlstm,carbon,USA|ohio,US,True,rolling,2024-12-01,8,2025-08-01,471.65,475.64126057267185,,,,0.8,26.81742753623188,42
xlstm,carbon,USA|ohio,US,True,rolling,2024-12-01,9,2025-09-01,465.49,475.49756446838376,,,,0.8,26.81742753623188,42
xlstm,carbon,USA|ohio,US,True,rolling,2024-12-01,10,2025-10-01,434.31,476.2804750692844,,,,0.8,26.81742753623188,42
xlstm,carbon,USA|ohio,US,True,rolling,2024-12-01,11,2025-11-01,475.79,476.97824202418326,,,,0.8,26.81742753623188,42
xlstm,carbon,USA|ohio,US,True,rolling,2024-12-01,12,2025-12-01,487.32,477.7424692118168,,,,0.8,26.81742753623188,42
xlstm,carbon,USA|oklahoma,US,True,holdout,last12,1,2025-01-01,343.55,295.70409478962415,,,,0.8,30.170724637681154,42
xlstm,carbon,USA|oklahoma,US,True,holdout,last12,2,2025-02-01,291.41,274.1044892260432,,,,0.8,30.170724637681154,42
xlstm,carbon,USA|oklahoma,US,True,holdout,last12,3,2025-03-01,230.1,284.78019847482443,,,,0.8,30.170724637681154,42
xlstm,carbon,USA|oklahoma,US,True,holdout,last12,4,2025-04-01,227.98,304.48391600370405,,,,0.8,30.170724637681154,42
xlstm,carbon,USA|oklahoma,US,True,holdout,last12,5,2025-05-01,293.83,323.9446384119987,,,,0.8,30.170724637681154,42
xlstm,carbon,USA|oklahoma,US,True,holdout,last12,6,2025-06-01,332.23,331.7546870142221,,,,0.8,30.170724637681154,42
xlstm,carbon,USA|oklahoma,US,True,holdout,last12,7,2025-07-01,362.9,334.43802585601804,,,,0.8,30.170724637681154,42
xlstm,carbon,USA|oklahoma,US,True,holdout,last12,8,2025-08-01,377.53,327.9487840235233,,,,0.8,30.170724637681154,42
xlstm,carbon,USA|oklahoma,US,True,holdout,last12,9,2025-09-01,360.32,312.95717957586044,,,,0.8,30.170724637681154,42
xlstm,carbon,USA|oklahoma,US,True,holdout,last12,10,2025-10-01,297.95,299.0871043378114,,,,0.8,30.170724637681154,42
xlstm,carbon,USA|oklahoma,US,True,holdout,last12,11,2025-11-01,277.3,297.93177573591464,,,,0.8,30.170724637681154,42
xlstm,carbon,USA|oklahoma,US,True,holdout,last12,12,2025-12-01,256.49,300.13816280633205,,,,0.8,30.170724637681154,42
xlstm,carbon,USA|oklahoma,US,True,rolling,2022-12-01,1,2023-01-01,257.89,285.7332050701976,,,,0.8,29.541666666666668,42
xlstm,carbon,USA|oklahoma,US,True,rolling,2022-12-01,2,2023-02-01,227.48,279.15411325842143,,,,0.8,29.541666666666668,42
xlstm,carbon,USA|oklahoma,US,True,rolling,2022-12-01,3,2023-03-01,206.18,276.46071825653314,,,,0.8,29.541666666666668,42
xlstm,carbon,USA|oklahoma,US,True,rolling,2022-12-01,4,2023-04-01,218.56,282.0452679094672,,,,0.8,29.541666666666668,42
xlstm,carbon,USA|oklahoma,US,True,rolling,2022-12-01,5,2023-05-01,323.6,304.49793943107125,,,,0.8,29.541666666666668,42
xlstm,carbon,USA|oklahoma,US,True,rolling,2022-12-01,6,2023-06-01,387.42,321.613247924447,,,,0.8,29.541666666666668,42
xlstm,carbon,USA|oklahoma,US,True,rolling,2022-12-01,7,2023-07-01,368.15,319.48023804962634,,,,0.8,29.541666666666668,42
xlstm,carbon,USA|oklahoma,US,True,rolling,2022-12-01,8,2023-08-01,389.38,308.0286951872706,,,,0.8,29.541666666666668,42
xlstm,carbon,USA|oklahoma,US,True,rolling,2022-12-01,9,2023-09-01,330.87,291.74399446934456,,,,0.8,29.541666666666668,42
xlstm,carbon,USA|oklahoma,US,True,rolling,2022-12-01,10,2023-10-01,237.72,285.5478129455447,,,,0.8,29.541666666666668,42
xlstm,carbon,USA|oklahoma,US,True,rolling,2022-12-01,11,2023-11-01,277.24,283.7494506898522,,,,0.8,29.541666666666668,42
xlstm,carbon,USA|oklahoma,US,True,rolling,2022-12-01,12,2023-12-01,247.95,290.23615692108865,,,,0.8,29.541666666666668,42
xlstm,carbon,USA|oklahoma,US,True,rolling,2023-12-01,1,2024-01-01,358.21,269.51674134939907,,,,0.8,30.134469696969695,42
xlstm,carbon,USA|oklahoma,US,True,rolling,2023-12-01,2,2024-02-01,219.16,272.17275779396294,,,,0.8,30.134469696969695,42
xlstm,carbon,USA|oklahoma,US,True,rolling,2023-12-01,3,2024-03-01,211.41,282.4601491969824,,,,0.8,30.134469696969695,42
xlstm,carbon,USA|oklahoma,US,True,rolling,2023-12-01,4,2024-04-01,243.76,300.9576018619537,,,,0.8,30.134469696969695,42
xlstm,carbon,USA|oklahoma,US,True,rolling,2023-12-01,5,2024-05-01,303.2,322.3079164242744,,,,0.8,30.134469696969695,42
xlstm,carbon,USA|oklahoma,US,True,rolling,2023-12-01,6,2024-06-01,325.36,324.3600457936525,,,,0.8,30.134469696969695,42
xlstm,carbon,USA|oklahoma,US,True,rolling,2023-12-01,7,2024-07-01,353.38,311.53299962013955,,,,0.8,30.134469696969695,42
xlstm,carbon,USA|oklahoma,US,True,rolling,2023-12-01,8,2024-08-01,371.07,299.8680436518788,,,,0.8,30.134469696969695,42
xlstm,carbon,USA|oklahoma,US,True,rolling,2023-12-01,9,2024-09-01,350.94,281.43116943329574,,,,0.8,30.134469696969695,42
xlstm,carbon,USA|oklahoma,US,True,rolling,2023-12-01,10,2024-10-01,292.67,271.492138594985,,,,0.8,30.134469696969695,42
xlstm,carbon,USA|oklahoma,US,True,rolling,2023-12-01,11,2024-11-01,281.23,277.7708737760782,,,,0.8,30.134469696969695,42
xlstm,carbon,USA|oklahoma,US,True,rolling,2023-12-01,12,2024-12-01,285.95,278.18470287531613,,,,0.8,30.134469696969695,42
xlstm,carbon,USA|oklahoma,US,True,rolling,2024-12-01,1,2025-01-01,343.55,295.70409478962415,,,,0.8,30.170724637681154,42
xlstm,carbon,USA|oklahoma,US,True,rolling,2024-12-01,2,2025-02-01,291.41,274.1044892260432,,,,0.8,30.170724637681154,42
xlstm,carbon,USA|oklahoma,US,True,rolling,2024-12-01,3,2025-03-01,230.1,284.78019847482443,,,,0.8,30.170724637681154,42
xlstm,carbon,USA|oklahoma,US,True,rolling,2024-12-01,4,2025-04-01,227.98,304.48391600370405,,,,0.8,30.170724637681154,42
xlstm,carbon,USA|oklahoma,US,True,rolling,2024-12-01,5,2025-05-01,293.83,323.9446384119987,,,,0.8,30.170724637681154,42
xlstm,carbon,USA|oklahoma,US,True,rolling,2024-12-01,6,2025-06-01,332.23,331.7546870142221,,,,0.8,30.170724637681154,42
xlstm,carbon,USA|oklahoma,US,True,rolling,2024-12-01,7,2025-07-01,362.9,334.43802585601804,,,,0.8,30.170724637681154,42
xlstm,carbon,USA|oklahoma,US,True,rolling,2024-12-01,8,2025-08-01,377.53,327.9487840235233,,,,0.8,30.170724637681154,42
xlstm,carbon,USA|oklahoma,US,True,rolling,2024-12-01,9,2025-09-01,360.32,312.95717957586044,,,,0.8,30.170724637681154,42
xlstm,carbon,USA|oklahoma,US,True,rolling,2024-12-01,10,2025-10-01,297.95,299.0871043378114,,,,0.8,30.170724637681154,42
xlstm,carbon,USA|oklahoma,US,True,rolling,2024-12-01,11,2025-11-01,277.3,297.93177573591464,,,,0.8,30.170724637681154,42
xlstm,carbon,USA|oklahoma,US,True,rolling,2024-12-01,12,2025-12-01,256.49,300.13816280633205,,,,0.8,30.170724637681154,42
xlstm,carbon,USA|oregon,US,True,holdout,last12,1,2025-01-01,205.31,203.25994743347167,,,,0.8,41.39626811594203,42
xlstm,carbon,USA|oregon,US,True,holdout,last12,2,2025-02-01,211.09,192.0172981214523,,,,0.8,41.39626811594203,42
xlstm,carbon,USA|oregon,US,True,holdout,last12,3,2025-03-01,148.0,176.0922144985199,,,,0.8,41.39626811594203,42
xlstm,carbon,USA|oregon,US,True,holdout,last12,4,2025-04-01,124.26,160.13424273014067,,,,0.8,41.39626811594203,42
xlstm,carbon,USA|oregon,US,True,holdout,last12,5,2025-05-01,132.67,154.65310071468352,,,,0.8,41.39626811594203,42
xlstm,carbon,USA|oregon,US,True,holdout,last12,6,2025-06-01,168.27,178.81661858081816,,,,0.8,41.39626811594203,42
xlstm,carbon,USA|oregon,US,True,holdout,last12,7,2025-07-01,218.35,210.84254340171813,,,,0.8,41.39626811594203,42
xlstm,carbon,USA|oregon,US,True,holdout,last12,8,2025-08-01,219.95,230.5459298801422,,,,0.8,41.39626811594203,42
xlstm,carbon,USA|oregon,US,True,holdout,last12,9,2025-09-01,235.68,235.01046483039855,,,,0.8,41.39626811594203,42
xlstm,carbon,USA|oregon,US,True,holdout,last12,10,2025-10-01,192.9,229.34683671951294,,,,0.8,41.39626811594203,42
xlstm,carbon,USA|oregon,US,True,holdout,last12,11,2025-11-01,201.71,220.5415592765808,,,,0.8,41.39626811594203,42
xlstm,carbon,USA|oregon,US,True,holdout,last12,12,2025-12-01,161.58,211.3781151485443,,,,0.8,41.39626811594203,42
xlstm,carbon,USA|oregon,US,True,rolling,2022-12-01,1,2023-01-01,206.59,196.3563623332977,,,,0.8,42.924087301587306,42
xlstm,carbon,USA|oregon,US,True,rolling,2022-12-01,2,2023-02-01,199.05,182.2703203678131,,,,0.8,42.924087301587306,42
xlstm,carbon,USA|oregon,US,True,rolling,2022-12-01,3,2023-03-01,205.75,163.01971558094024,,,,0.8,42.924087301587306,42
xlstm,carbon,USA|oregon,US,True,rolling,2022-12-01,4,2023-04-01,209.49,139.56062144994735,,,,0.8,42.924087301587306,42
xlstm,carbon,USA|oregon,US,True,rolling,2022-12-01,5,2023-05-01,89.8,113.73251075029374,,,,0.8,42.924087301587306,42
xlstm,carbon,USA|oregon,US,True,rolling,2022-12-01,6,2023-06-01,183.8,111.4676014828682,,,,0.8,42.924087301587306,42
xlstm,carbon,USA|oregon,US,True,rolling,2022-12-01,7,2023-07-01,216.33,146.71533279180525,,,,0.8,42.924087301587306,42
xlstm,carbon,USA|oregon,US,True,rolling,2022-12-01,8,2023-08-01,229.44,194.609626121521,,,,0.8,42.924087301587306,42
xlstm,carbon,USA|oregon,US,True,rolling,2022-12-01,9,2023-09-01,239.63,225.88575973510743,,,,0.8,42.924087301587306,42
xlstm,carbon,USA|oregon,US,True,rolling,2022-12-01,10,2023-10-01,241.54,231.42950624465942,,,,0.8,42.924087301587306,42
xlstm,carbon,USA|oregon,US,True,rolling,2022-12-01,11,2023-11-01,202.83,221.89859560012817,,,,0.8,42.924087301587306,42
xlstm,carbon,USA|oregon,US,True,rolling,2022-12-01,12,2023-12-01,217.26,209.15697975635527,,,,0.8,42.924087301587306,42
xlstm,carbon,USA|oregon,US,True,rolling,2023-12-01,1,2024-01-01,223.55,207.23825825214385,,,,0.8,42.740492424242426,42
xlstm,carbon,USA|oregon,US,True,rolling,2023-12-01,2,2024-02-01,214.57,193.49664878368378,,,,0.8,42.740492424242426,42
xlstm,carbon,USA|oregon,US,True,rolling,2023-12-01,3,2024-03-01,199.98,170.33410995483396,,,,0.8,42.740492424242426,42
xlstm,carbon,USA|oregon,US,True,rolling,2023-12-01,4,2024-04-01,193.77,140.2673778414726,,,,0.8,42.740492424242426,42
xlstm,carbon,USA|oregon,US,True,rolling,2023-12-01,5,2024-05-01,121.25,125.82898158550263,,,,0.8,42.740492424242426,42
xlstm,carbon,USA|oregon,US,True,rolling,2023-12-01,6,2024-06-01,173.49,167.78890469312668,,,,0.8,42.740492424242426,42
xlstm,carbon,USA|oregon,US,True,rolling,2023-12-01,7,2024-07-01,220.7,221.8226264476776,,,,0.8,42.740492424242426,42
xlstm,carbon,USA|oregon,US,True,rolling,2023-12-01,8,2024-08-01,224.91,253.35139521598816,,,,0.8,42.740492424242426,42
xlstm,carbon,USA|oregon,US,True,rolling,2023-12-01,9,2024-09-01,232.39,254.50702244281769,,,,0.8,42.740492424242426,42
xlstm,carbon,USA|oregon,US,True,rolling,2023-12-01,10,2024-10-01,225.71,244.41413407325743,,,,0.8,42.740492424242426,42
xlstm,carbon,USA|oregon,US,True,rolling,2023-12-01,11,2024-11-01,209.47,234.51588008880614,,,,0.8,42.740492424242426,42
xlstm,carbon,USA|oregon,US,True,rolling,2023-12-01,12,2024-12-01,209.72,227.55771236896513,,,,0.8,42.740492424242426,42
xlstm,carbon,USA|oregon,US,True,rolling,2024-12-01,1,2025-01-01,205.31,203.25994743347167,,,,0.8,41.39626811594203,42
xlstm,carbon,USA|oregon,US,True,rolling,2024-12-01,2,2025-02-01,211.09,192.0172981214523,,,,0.8,41.39626811594203,42
xlstm,carbon,USA|oregon,US,True,rolling,2024-12-01,3,2025-03-01,148.0,176.0922144985199,,,,0.8,41.39626811594203,42
xlstm,carbon,USA|oregon,US,True,rolling,2024-12-01,4,2025-04-01,124.26,160.13424273014067,,,,0.8,41.39626811594203,42
xlstm,carbon,USA|oregon,US,True,rolling,2024-12-01,5,2025-05-01,132.67,154.65310071468352,,,,0.8,41.39626811594203,42
xlstm,carbon,USA|oregon,US,True,rolling,2024-12-01,6,2025-06-01,168.27,178.81661858081816,,,,0.8,41.39626811594203,42
xlstm,carbon,USA|oregon,US,True,rolling,2024-12-01,7,2025-07-01,218.35,210.84254340171813,,,,0.8,41.39626811594203,42
xlstm,carbon,USA|oregon,US,True,rolling,2024-12-01,8,2025-08-01,219.95,230.5459298801422,,,,0.8,41.39626811594203,42
xlstm,carbon,USA|oregon,US,True,rolling,2024-12-01,9,2025-09-01,235.68,235.01046483039855,,,,0.8,41.39626811594203,42
xlstm,carbon,USA|oregon,US,True,rolling,2024-12-01,10,2025-10-01,192.9,229.34683671951294,,,,0.8,41.39626811594203,42
xlstm,carbon,USA|oregon,US,True,rolling,2024-12-01,11,2025-11-01,201.71,220.5415592765808,,,,0.8,41.39626811594203,42
xlstm,carbon,USA|oregon,US,True,rolling,2024-12-01,12,2025-12-01,161.58,211.3781151485443,,,,0.8,41.39626811594203,42
xlstm,carbon,USA|pennsylvania,US,True,holdout,last12,1,2025-01-01,381.82,347.68469792425634,,,,0.8,18.922391304347826,42
xlstm,carbon,USA|pennsylvania,US,True,holdout,last12,2,2025-02-01,363.94,346.1373602610826,,,,0.8,18.922391304347826,42
xlstm,carbon,USA|pennsylvania,US,True,holdout,last12,3,2025-03-01,321.83,346.29854096889494,,,,0.8,18.922391304347826,42
xlstm,carbon,USA|pennsylvania,US,True,holdout,last12,4,2025-04-01,331.18,347.06250461161136,,,,0.8,18.922391304347826,42
xlstm,carbon,USA|pennsylvania,US,True,holdout,last12,5,2025-05-01,343.53,347.47225216448305,,,,0.8,18.922391304347826,42
xlstm,carbon,USA|pennsylvania,US,True,holdout,last12,6,2025-06-01,357.7,348.5165620368719,,,,0.8,18.922391304347826,42
xlstm,carbon,USA|pennsylvania,US,True,holdout,last12,7,2025-07-01,386.74,347.8626968961954,,,,0.8,18.922391304347826,42
xlstm,carbon,USA|pennsylvania,US,True,holdout,last12,8,2025-08-01,363.4,345.81734716415406,,,,0.8,18.922391304347826,42
xlstm,carbon,USA|pennsylvania,US,True,holdout,last12,9,2025-09-01,332.94,345.05832395374773,,,,0.8,18.922391304347826,42
xlstm,carbon,USA|pennsylvania,US,True,holdout,last12,10,2025-10-01,323.46,346.30173539936544,,,,0.8,18.922391304347826,42
xlstm,carbon,USA|pennsylvania,US,True,holdout,last12,11,2025-11-01,326.96,347.86707086384297,,,,0.8,18.922391304347826,42
xlstm,carbon,USA|pennsylvania,US,True,holdout,last12,12,2025-12-01,359.77,348.9770045918226,,,,0.8,18.922391304347826,42
xlstm,carbon,USA|pennsylvania,US,True,rolling,2022-12-01,1,2023-01-01,336.62,357.9775743332505,,,,0.8,19.095595238095235,42
xlstm,carbon,USA|pennsylvania,US,True,rolling,2022-12-01,2,2023-02-01,345.39,355.6034159776568,,,,0.8,19.095595238095235,42
xlstm,carbon,USA|pennsylvania,US,True,rolling,2022-12-01,3,2023-03-01,354.15,353.7843023684621,,,,0.8,19.095595238095235,42
xlstm,carbon,USA|pennsylvania,US,True,rolling,2022-12-01,4,2023-04-01,339.28,353.02914388149975,,,,0.8,19.095595238095235,42
xlstm,carbon,USA|pennsylvania,US,True,rolling,2022-12-01,5,2023-05-01,332.04,352.8917648640275,,,,0.8,19.095595238095235,42
xlstm,carbon,USA|pennsylvania,US,True,rolling,2022-12-01,6,2023-06-01,331.55,353.54225089520213,,,,0.8,19.095595238095235,42
xlstm,carbon,USA|pennsylvania,US,True,rolling,2022-12-01,7,2023-07-01,376.63,353.93364824920894,,,,0.8,19.095595238095235,42
xlstm,carbon,USA|pennsylvania,US,True,rolling,2022-12-01,8,2023-08-01,373.53,353.2499471899867,,,,0.8,19.095595238095235,42
xlstm,carbon,USA|pennsylvania,US,True,rolling,2022-12-01,9,2023-09-01,344.52,352.2223545742035,,,,0.8,19.095595238095235,42
xlstm,carbon,USA|pennsylvania,US,True,rolling,2022-12-01,10,2023-10-01,308.67,352.80712311834094,,,,0.8,19.095595238095235,42
xlstm,carbon,USA|pennsylvania,US,True,rolling,2022-12-01,11,2023-11-01,312.89,353.64729574888946,,,,0.8,19.095595238095235,42
xlstm,carbon,USA|pennsylvania,US,True,rolling,2022-12-01,12,2023-12-01,328.8,355.21983539879324,,,,0.8,19.095595238095235,42
xlstm,carbon,USA|pennsylvania,US,True,rolling,2023-12-01,1,2024-01-01,368.49,348.3735404652357,,,,0.8,19.075530303030305,42
xlstm,carbon,USA|pennsylvania,US,True,rolling,2023-12-01,2,2024-02-01,338.02,348.5544864875078,,,,0.8,19.075530303030305,42
xlstm,carbon,USA|pennsylvania,US,True,rolling,2023-12-01,3,2024-03-01,328.62,348.30291164338587,,,,0.8,19.075530303030305,42
xlstm,carbon,USA|pennsylvania,US,True,rolling,2023-12-01,4,2024-04-01,336.91,347.60874863684177,,,,0.8,19.075530303030305,42
xlstm,carbon,USA|pennsylvania,US,True,rolling,2023-12-01,5,2024-05-01,327.1,347.78163508594037,,,,0.8,19.075530303030305,42
xlstm,carbon,USA|pennsylvania,US,True,rolling,2023-12-01,6,2024-06-01,356.53,348.43894203722476,,,,0.8,19.075530303030305,42
xlstm,carbon,USA|pennsylvania,US,True,rolling,2023-12-01,7,2024-07-01,381.59,349.20277661204335,,,,0.8,19.075530303030305,42
xlstm,carbon,USA|pennsylvania,US,True,rolling,2023-12-01,8,2024-08-01,358.23,347.3683883589506,,,,0.8,19.075530303030305,42
xlstm,carbon,USA|pennsylvania,US,True,rolling,2023-12-01,9,2024-09-01,319.18,345.73093979179856,,,,0.8,19.075530303030305,42
xlstm,carbon,USA|pennsylvania,US,True,rolling,2023-12-01,10,2024-10-01,316.15,345.5383059543371,,,,0.8,19.075530303030305,42
xlstm,carbon,USA|pennsylvania,US,True,rolling,2023-12-01,11,2024-11-01,327.13,347.19028183043,,,,0.8,19.075530303030305,42
xlstm,carbon,USA|pennsylvania,US,True,rolling,2023-12-01,12,2024-12-01,351.06,348.9080464822054,,,,0.8,19.075530303030305,42
xlstm,carbon,USA|pennsylvania,US,True,rolling,2024-12-01,1,2025-01-01,381.82,347.68469792425634,,,,0.8,18.922391304347826,42
xlstm,carbon,USA|pennsylvania,US,True,rolling,2024-12-01,2,2025-02-01,363.94,346.1373602610826,,,,0.8,18.922391304347826,42
xlstm,carbon,USA|pennsylvania,US,True,rolling,2024-12-01,3,2025-03-01,321.83,346.29854096889494,,,,0.8,18.922391304347826,42
xlstm,carbon,USA|pennsylvania,US,True,rolling,2024-12-01,4,2025-04-01,331.18,347.06250461161136,,,,0.8,18.922391304347826,42
xlstm,carbon,USA|pennsylvania,US,True,rolling,2024-12-01,5,2025-05-01,343.53,347.47225216448305,,,,0.8,18.922391304347826,42
xlstm,carbon,USA|pennsylvania,US,True,rolling,2024-12-01,6,2025-06-01,357.7,348.5165620368719,,,,0.8,18.922391304347826,42
xlstm,carbon,USA|pennsylvania,US,True,rolling,2024-12-01,7,2025-07-01,386.74,347.8626968961954,,,,0.8,18.922391304347826,42
xlstm,carbon,USA|pennsylvania,US,True,rolling,2024-12-01,8,2025-08-01,363.4,345.81734716415406,,,,0.8,18.922391304347826,42
xlstm,carbon,USA|pennsylvania,US,True,rolling,2024-12-01,9,2025-09-01,332.94,345.05832395374773,,,,0.8,18.922391304347826,42
xlstm,carbon,USA|pennsylvania,US,True,rolling,2024-12-01,10,2025-10-01,323.46,346.30173539936544,,,,0.8,18.922391304347826,42
xlstm,carbon,USA|pennsylvania,US,True,rolling,2024-12-01,11,2025-11-01,326.96,347.86707086384297,,,,0.8,18.922391304347826,42
xlstm,carbon,USA|pennsylvania,US,True,rolling,2024-12-01,12,2025-12-01,359.77,348.9770045918226,,,,0.8,18.922391304347826,42
xlstm,carbon,USA|rhode island,US,False,holdout,last12,1,2025-01-01,432.22,409.90677101701505,,,,0.8,7.739891304347824,42
xlstm,carbon,USA|rhode island,US,False,holdout,last12,2,2025-02-01,424.45,408.4202166590095,,,,0.8,7.739891304347824,42
xlstm,carbon,USA|rhode island,US,False,holdout,last12,3,2025-03-01,407.68,409.0417969912291,,,,0.8,7.739891304347824,42
xlstm,carbon,USA|rhode island,US,False,holdout,last12,4,2025-04-01,411.01,411.91661849230536,,,,0.8,7.739891304347824,42
xlstm,carbon,USA|rhode island,US,False,holdout,last12,5,2025-05-01,420.8,416.3650563392044,,,,0.8,7.739891304347824,42
xlstm,carbon,USA|rhode island,US,False,holdout,last12,6,2025-06-01,424.56,419.5950157257915,,,,0.8,7.739891304347824,42
xlstm,carbon,USA|rhode island,US,False,holdout,last12,7,2025-07-01,435.84,421.0706012704969,,,,0.8,7.739891304347824,42
xlstm,carbon,USA|rhode island,US,False,holdout,last12,8,2025-08-01,439.3,420.3331836220623,,,,0.8,7.739891304347824,42
xlstm,carbon,USA|rhode island,US,False,holdout,last12,9,2025-09-01,434.71,419.66160734385255,,,,0.8,7.739891304347824,42
xlstm,carbon,USA|rhode island,US,False,holdout,last12,10,2025-10-01,435.91,420.65616056710485,,,,0.8,7.739891304347824,42
xlstm,carbon,USA|rhode island,US,False,holdout,last12,11,2025-11-01,442.1,419.8962212383748,,,,0.8,7.739891304347824,42
xlstm,carbon,USA|rhode island,US,False,holdout,last12,12,2025-12-01,452.04,418.1975604209304,,,,0.8,7.739891304347824,42
xlstm,carbon,USA|rhode island,US,False,rolling,2022-12-01,1,2023-01-01,427.63,426.3796287828684,,,,0.8,7.315238095238094,42
xlstm,carbon,USA|rhode island,US,False,rolling,2022-12-01,2,2023-02-01,421.11,424.8651093506813,,,,0.8,7.315238095238094,42
xlstm,carbon,USA|rhode island,US,False,rolling,2022-12-01,3,2023-03-01,408.26,424.9627139443159,,,,0.8,7.315238095238094,42
xlstm,carbon,USA|rhode island,US,False,rolling,2022-12-01,4,2023-04-01,403.71,425.06757418155667,,,,0.8,7.315238095238094,42
xlstm,carbon,USA|rhode island,US,False,rolling,2022-12-01,5,2023-05-01,408.76,426.8042134308815,,,,0.8,7.315238095238094,42
xlstm,carbon,USA|rhode island,US,False,rolling,2022-12-01,6,2023-06-01,422.93,428.6584150546789,,,,0.8,7.315238095238094,42
xlstm,carbon,USA|rhode island,US,False,rolling,2022-12-01,7,2023-07-01,426.09,429.890783264637,,,,0.8,7.315238095238094,42
xlstm,carbon,USA|rhode island,US,False,rolling,2022-12-01,8,2023-08-01,423.01,429.56458781003954,,,,0.8,7.315238095238094,42
xlstm,carbon,USA|rhode island,US,False,rolling,2022-12-01,9,2023-09-01,431.84,429.0207001948357,,,,0.8,7.315238095238094,42
xlstm,carbon,USA|rhode island,US,False,rolling,2022-12-01,10,2023-10-01,435.54,429.6249467664957,,,,0.8,7.315238095238094,42
xlstm,carbon,USA|rhode island,US,False,rolling,2022-12-01,11,2023-11-01,432.86,429.2862072372437,,,,0.8,7.315238095238094,42
xlstm,carbon,USA|rhode island,US,False,rolling,2022-12-01,12,2023-12-01,413.94,427.2065493428707,,,,0.8,7.315238095238094,42
xlstm,carbon,USA|rhode island,US,False,rolling,2023-12-01,1,2024-01-01,417.09,418.35329299807546,,,,0.8,7.3094318181818165,42
xlstm,carbon,USA|rhode island,US,False,rolling,2023-12-01,2,2024-02-01,388.95,416.9866534852981,,,,0.8,7.3094318181818165,42
xlstm,carbon,USA|rhode island,US,False,rolling,2023-12-01,3,2024-03-01,368.02,416.31893241047857,,,,0.8,7.3094318181818165,42
xlstm,carbon,USA|rhode island,US,False,rolling,2023-12-01,4,2024-04-01,367.86,417.392443921566,,,,0.8,7.3094318181818165,42
xlstm,carbon,USA|rhode island,US,False,rolling,2023-12-01,5,2024-05-01,393.21,419.59630853176117,,,,0.8,7.3094318181818165,42
xlstm,carbon,USA|rhode island,US,False,rolling,2023-12-01,6,2024-06-01,412.35,421.77693222999574,,,,0.8,7.3094318181818165,42
xlstm,carbon,USA|rhode island,US,False,rolling,2023-12-01,7,2024-07-01,429.02,422.2007722699642,,,,0.8,7.3094318181818165,42
xlstm,carbon,USA|rhode island,US,False,rolling,2023-12-01,8,2024-08-01,427.73,422.16235735058785,,,,0.8,7.3094318181818165,42
xlstm,carbon,USA|rhode island,US,False,rolling,2023-12-01,9,2024-09-01,414.96,422.5602903628349,,,,0.8,7.3094318181818165,42
xlstm,carbon,USA|rhode island,US,False,rolling,2023-12-01,10,2024-10-01,427.51,421.4758592033386,,,,0.8,7.3094318181818165,42
xlstm,carbon,USA|rhode island,US,False,rolling,2023-12-01,11,2024-11-01,432.69,419.54717582702636,,,,0.8,7.3094318181818165,42
xlstm,carbon,USA|rhode island,US,False,rolling,2023-12-01,12,2024-12-01,442.81,417.7089842283726,,,,0.8,7.3094318181818165,42
xlstm,carbon,USA|rhode island,US,False,rolling,2024-12-01,1,2025-01-01,432.22,409.90677101701505,,,,0.8,7.739891304347824,42
xlstm,carbon,USA|rhode island,US,False,rolling,2024-12-01,2,2025-02-01,424.45,408.4202166590095,,,,0.8,7.739891304347824,42
xlstm,carbon,USA|rhode island,US,False,rolling,2024-12-01,3,2025-03-01,407.68,409.0417969912291,,,,0.8,7.739891304347824,42
xlstm,carbon,USA|rhode island,US,False,rolling,2024-12-01,4,2025-04-01,411.01,411.91661849230536,,,,0.8,7.739891304347824,42
xlstm,carbon,USA|rhode island,US,False,rolling,2024-12-01,5,2025-05-01,420.8,416.3650563392044,,,,0.8,7.739891304347824,42
xlstm,carbon,USA|rhode island,US,False,rolling,2024-12-01,6,2025-06-01,424.56,419.5950157257915,,,,0.8,7.739891304347824,42
xlstm,carbon,USA|rhode island,US,False,rolling,2024-12-01,7,2025-07-01,435.84,421.0706012704969,,,,0.8,7.739891304347824,42
xlstm,carbon,USA|rhode island,US,False,rolling,2024-12-01,8,2025-08-01,439.3,420.3331836220623,,,,0.8,7.739891304347824,42
xlstm,carbon,USA|rhode island,US,False,rolling,2024-12-01,9,2025-09-01,434.71,419.66160734385255,,,,0.8,7.739891304347824,42
xlstm,carbon,USA|rhode island,US,False,rolling,2024-12-01,10,2025-10-01,435.91,420.65616056710485,,,,0.8,7.739891304347824,42
xlstm,carbon,USA|rhode island,US,False,rolling,2024-12-01,11,2025-11-01,442.1,419.8962212383748,,,,0.8,7.739891304347824,42
xlstm,carbon,USA|rhode island,US,False,rolling,2024-12-01,12,2025-12-01,452.04,418.1975604209304,,,,0.8,7.739891304347824,42
xlstm,carbon,USA|south carolina,US,True,holdout,last12,1,2025-01-01,299.63,252.4490209439397,,,,0.8,32.27409420289855,42
xlstm,carbon,USA|south carolina,US,True,holdout,last12,2,2025-02-01,252.43,252.19230877906085,,,,0.8,32.27409420289855,42
xlstm,carbon,USA|south carolina,US,True,holdout,last12,3,2025-03-01,220.98,255.87957167595627,,,,0.8,32.27409420289855,42
xlstm,carbon,USA|south carolina,US,True,holdout,last12,4,2025-04-01,226.34,261.3894934642315,,,,0.8,32.27409420289855,42
xlstm,carbon,USA|south carolina,US,True,holdout,last12,5,2025-05-01,227.36,268.194332010746,,,,0.8,32.27409420289855,42
xlstm,carbon,USA|south carolina,US,True,holdout,last12,6,2025-06-01,284.88,270.93294800639154,,,,0.8,32.27409420289855,42
xlstm,carbon,USA|south carolina,US,True,holdout,last12,7,2025-07-01,299.46,268.36244016349315,,,,0.8,32.27409420289855,42
xlstm,carbon,USA|south carolina,US,True,holdout,last12,8,2025-08-01,261.52,264.0777702814341,,,,0.8,32.27409420289855,42
xlstm,carbon,USA|south carolina,US,True,holdout,last12,9,2025-09-01,261.0,264.3755873137713,,,,0.8,32.27409420289855,42
xlstm,carbon,USA|south carolina,US,True,holdout,last12,10,2025-10-01,262.46,264.5815317744017,,,,0.8,32.27409420289855,42
xlstm,carbon,USA|south carolina,US,True,holdout,last12,11,2025-11-01,237.9,258.5886445984245,,,,0.8,32.27409420289855,42
xlstm,carbon,USA|south carolina,US,True,holdout,last12,12,2025-12-01,257.34,258.07890054911377,,,,0.8,32.27409420289855,42
xlstm,carbon,USA|south carolina,US,True,rolling,2022-12-01,1,2023-01-01,225.75,250.45388881832363,,,,0.8,32.97186507936508,42
xlstm,carbon,USA|south carolina,US,True,rolling,2022-12-01,2,2023-02-01,215.3,249.3475318169594,,,,0.8,32.97186507936508,42
xlstm,carbon,USA|south carolina,US,True,rolling,2022-12-01,3,2023-03-01,218.49,250.04870506554843,,,,0.8,32.97186507936508,42
xlstm,carbon,USA|south carolina,US,True,rolling,2022-12-01,4,2023-04-01,267.88,254.59472527414562,,,,0.8,32.97186507936508,42
xlstm,carbon,USA|south carolina,US,True,rolling,2022-12-01,5,2023-05-01,281.18,257.17629916578534,,,,0.8,32.97186507936508,42
xlstm,carbon,USA|south carolina,US,True,rolling,2022-12-01,6,2023-06-01,266.2,258.6493566220999,,,,0.8,32.97186507936508,42
xlstm,carbon,USA|south carolina,US,True,rolling,2022-12-01,7,2023-07-01,294.56,257.6763971832395,,,,0.8,32.97186507936508,42
xlstm,carbon,USA|south carolina,US,True,rolling,2022-12-01,8,2023-08-01,288.23,255.6754841604829,,,,0.8,32.97186507936508,42
xlstm,carbon,USA|south carolina,US,True,rolling,2022-12-01,9,2023-09-01,246.57,254.8058876666427,,,,0.8,32.97186507936508,42
xlstm,carbon,USA|south carolina,US,True,rolling,2022-12-01,10,2023-10-01,218.65,252.78638838738206,,,,0.8,32.97186507936508,42
xlstm,carbon,USA|south carolina,US,True,rolling,2022-12-01,11,2023-11-01,232.08,253.76504469871523,,,,0.8,32.97186507936508,42
xlstm,carbon,USA|south carolina,US,True,rolling,2022-12-01,12,2023-12-01,241.32,255.99370238214732,,,,0.8,32.97186507936508,42
xlstm,carbon,USA|south carolina,US,True,rolling,2023-12-01,1,2024-01-01,256.49,248.53204300791026,,,,0.8,32.49613636363636,42
xlstm,carbon,USA|south carolina,US,True,rolling,2023-12-01,2,2024-02-01,219.53,251.1551839026809,,,,0.8,32.49613636363636,42
xlstm,carbon,USA|south carolina,US,True,rolling,2023-12-01,3,2024-03-01,214.96,255.87700052112342,,,,0.8,32.49613636363636,42
xlstm,carbon,USA|south carolina,US,True,rolling,2023-12-01,4,2024-04-01,218.97,261.39541720330715,,,,0.8,32.49613636363636,42
xlstm,carbon,USA|south carolina,US,True,rolling,2023-12-01,5,2024-05-01,254.77,260.4796239471436,,,,0.8,32.49613636363636,42
xlstm,carbon,USA|south carolina,US,True,rolling,2023-12-01,6,2024-06-01,289.39,257.53412661582234,,,,0.8,32.49613636363636,42
xlstm,carbon,USA|south carolina,US,True,rolling,2023-12-01,7,2024-07-01,300.23,256.2521874675155,,,,0.8,32.49613636363636,42
xlstm,carbon,USA|south carolina,US,True,rolling,2023-12-01,8,2024-08-01,265.77,251.2327428722382,,,,0.8,32.49613636363636,42
xlstm,carbon,USA|south carolina,US,True,rolling,2023-12-01,9,2024-09-01,265.34,247.01649847835304,,,,0.8,32.49613636363636,42
xlstm,carbon,USA|south carolina,US,True,rolling,2023-12-01,10,2024-10-01,311.33,246.94053177624943,,,,0.8,32.49613636363636,42
xlstm,carbon,USA|south carolina,US,True,rolling,2023-12-01,11,2024-11-01,265.13,249.8980320313573,,,,0.8,32.49613636363636,42
xlstm,carbon,USA|south carolina,US,True,rolling,2023-12-01,12,2024-12-01,260.35,251.981919413507,,,,0.8,32.49613636363636,42
xlstm,carbon,USA|south carolina,US,True,rolling,2024-12-01,1,2025-01-01,299.63,252.4490209439397,,,,0.8,32.27409420289855,42
xlstm,carbon,USA|south carolina,US,True,rolling,2024-12-01,2,2025-02-01,252.43,252.19230877906085,,,,0.8,32.27409420289855,42
xlstm,carbon,USA|south carolina,US,True,rolling,2024-12-01,3,2025-03-01,220.98,255.87957167595627,,,,0.8,32.27409420289855,42
xlstm,carbon,USA|south carolina,US,True,rolling,2024-12-01,4,2025-04-01,226.34,261.3894934642315,,,,0.8,32.27409420289855,42
xlstm,carbon,USA|south carolina,US,True,rolling,2024-12-01,5,2025-05-01,227.36,268.194332010746,,,,0.8,32.27409420289855,42
xlstm,carbon,USA|south carolina,US,True,rolling,2024-12-01,6,2025-06-01,284.88,270.93294800639154,,,,0.8,32.27409420289855,42
xlstm,carbon,USA|south carolina,US,True,rolling,2024-12-01,7,2025-07-01,299.46,268.36244016349315,,,,0.8,32.27409420289855,42
xlstm,carbon,USA|south carolina,US,True,rolling,2024-12-01,8,2025-08-01,261.52,264.0777702814341,,,,0.8,32.27409420289855,42
xlstm,carbon,USA|south carolina,US,True,rolling,2024-12-01,9,2025-09-01,261.0,264.3755873137713,,,,0.8,32.27409420289855,42
xlstm,carbon,USA|south carolina,US,True,rolling,2024-12-01,10,2025-10-01,262.46,264.5815317744017,,,,0.8,32.27409420289855,42
xlstm,carbon,USA|south carolina,US,True,rolling,2024-12-01,11,2025-11-01,237.9,258.5886445984245,,,,0.8,32.27409420289855,42
xlstm,carbon,USA|south carolina,US,True,rolling,2024-12-01,12,2025-12-01,257.34,258.07890054911377,,,,0.8,32.27409420289855,42
xlstm,carbon,USA|south dakota,US,False,holdout,last12,1,2025-01-01,116.78,156.97421831101178,,,,0.8,68.49670289855072,42
xlstm,carbon,USA|south dakota,US,False,holdout,last12,2,2025-02-01,124.03,154.81998173385858,,,,0.8,68.49670289855072,42
xlstm,carbon,USA|south dakota,US,False,holdout,last12,3,2025-03-01,82.06,154.86409758254885,,,,0.8,68.49670289855072,42
xlstm,carbon,USA|south dakota,US,False,holdout,last12,4,2025-04-01,99.55,156.15420796111226,,,,0.8,68.49670289855072,42
xlstm,carbon,USA|south dakota,US,False,holdout,last12,5,2025-05-01,111.55,158.0433356013894,,,,0.8,68.49670289855072,42
xlstm,carbon,USA|south dakota,US,False,holdout,last12,6,2025-06-01,173.14,161.11176439344882,,,,0.8,68.49670289855072,42
xlstm,carbon,USA|south dakota,US,False,holdout,last12,7,2025-07-01,227.52,162.07028397768735,,,,0.8,68.49670289855072,42
xlstm,carbon,USA|south dakota,US,False,holdout,last12,8,2025-08-01,201.29,159.43233647838235,,,,0.8,68.49670289855072,42
xlstm,carbon,USA|south dakota,US,False,holdout,last12,9,2025-09-01,179.41,158.83136954814196,,,,0.8,68.49670289855072,42
xlstm,carbon,USA|south dakota,US,False,holdout,last12,10,2025-10-01,75.3,159.69258044049144,,,,0.8,68.49670289855072,42
xlstm,carbon,USA|south dakota,US,False,holdout,last12,11,2025-11-01,146.17,163.02889552742243,,,,0.8,68.49670289855072,42
xlstm,carbon,USA|south dakota,US,False,holdout,last12,12,2025-12-01,120.45,164.79134989276528,,,,0.8,68.49670289855072,42
xlstm,carbon,USA|south dakota,US,False,rolling,2022-12-01,1,2023-01-01,68.06,164.0166969257593,,,,0.8,70.73214285714286,42
xlstm,carbon,USA|south dakota,US,False,rolling,2022-12-01,2,2023-02-01,90.35,163.46699156329035,,,,0.8,70.73214285714286,42
xlstm,carbon,USA|south dakota,US,False,rolling,2022-12-01,3,2023-03-01,142.13,163.9323185826838,,,,0.8,70.73214285714286,42
xlstm,carbon,USA|south dakota,US,False,rolling,2022-12-01,4,2023-04-01,107.25,165.1989961527288,,,,0.8,70.73214285714286,42
xlstm,carbon,USA|south dakota,US,False,rolling,2022-12-01,5,2023-05-01,145.98,167.98361942246555,,,,0.8,70.73214285714286,42
xlstm,carbon,USA|south dakota,US,False,rolling,2022-12-01,6,2023-06-01,210.33,168.90223517775536,,,,0.8,70.73214285714286,42
xlstm,carbon,USA|south dakota,US,False,rolling,2022-12-01,7,2023-07-01,252.58,168.19099242061375,,,,0.8,70.73214285714286,42
xlstm,carbon,USA|south dakota,US,False,rolling,2022-12-01,8,2023-08-01,229.92,165.57993563249707,,,,0.8,70.73214285714286,42
xlstm,carbon,USA|south dakota,US,False,rolling,2022-12-01,9,2023-09-01,207.93,162.54096338897943,,,,0.8,70.73214285714286,42
xlstm,carbon,USA|south dakota,US,False,rolling,2022-12-01,10,2023-10-01,118.01,161.172176528126,,,,0.8,70.73214285714286,42
xlstm,carbon,USA|south dakota,US,False,rolling,2022-12-01,11,2023-11-01,144.54,163.7297645765543,,,,0.8,70.73214285714286,42
xlstm,carbon,USA|south dakota,US,False,rolling,2022-12-01,12,2023-12-01,150.27,167.30741551950572,,,,0.8,70.73214285714286,42
xlstm,carbon,USA|south dakota,US,False,rolling,2023-12-01,1,2024-01-01,192.25,161.74396280631422,,,,0.8,69.2108712121212,42
xlstm,carbon,USA|south dakota,US,False,rolling,2023-12-01,2,2024-02-01,135.65,164.79433877140283,,,,0.8,69.2108712121212,42
xlstm,carbon,USA|south dakota,US,False,rolling,2023-12-01,3,2024-03-01,104.05,167.982571015805,,,,0.8,69.2108712121212,42
xlstm,carbon,USA|south dakota,US,False,rolling,2023-12-01,4,2024-04-01,94.44,169.2787603136897,,,,0.8,69.2108712121212,42
xlstm,carbon,USA|south dakota,US,False,rolling,2023-12-01,5,2024-05-01,73.44,173.56223724603652,,,,0.8,69.2108712121212,42
xlstm,carbon,USA|south dakota,US,False,rolling,2023-12-01,6,2024-06-01,130.51,176.4537979951501,,,,0.8,69.2108712121212,42
xlstm,carbon,USA|south dakota,US,False,rolling,2023-12-01,7,2024-07-01,216.49,174.79939389169215,,,,0.8,69.2108712121212,42
xlstm,carbon,USA|south dakota,US,False,rolling,2023-12-01,8,2024-08-01,166.73,170.04194518327714,,,,0.8,69.2108712121212,42
xlstm,carbon,USA|south dakota,US,False,rolling,2023-12-01,9,2024-09-01,127.81,166.691918040812,,,,0.8,69.2108712121212,42
xlstm,carbon,USA|south dakota,US,False,rolling,2023-12-01,10,2024-10-01,69.63,164.40786296874285,,,,0.8,69.2108712121212,42
xlstm,carbon,USA|south dakota,US,False,rolling,2023-12-01,11,2024-11-01,117.72,166.45229274302721,,,,0.8,69.2108712121212,42
xlstm,carbon,USA|south dakota,US,False,rolling,2023-12-01,12,2024-12-01,144.19,167.42550841361285,,,,0.8,69.2108712121212,42
xlstm,carbon,USA|south dakota,US,False,rolling,2024-12-01,1,2025-01-01,116.78,156.97421831101178,,,,0.8,68.49670289855072,42
xlstm,carbon,USA|south dakota,US,False,rolling,2024-12-01,2,2025-02-01,124.03,154.81998173385858,,,,0.8,68.49670289855072,42
xlstm,carbon,USA|south dakota,US,False,rolling,2024-12-01,3,2025-03-01,82.06,154.86409758254885,,,,0.8,68.49670289855072,42
xlstm,carbon,USA|south dakota,US,False,rolling,2024-12-01,4,2025-04-01,99.55,156.15420796111226,,,,0.8,68.49670289855072,42
xlstm,carbon,USA|south dakota,US,False,rolling,2024-12-01,5,2025-05-01,111.55,158.0433356013894,,,,0.8,68.49670289855072,42
xlstm,carbon,USA|south dakota,US,False,rolling,2024-12-01,6,2025-06-01,173.14,161.11176439344882,,,,0.8,68.49670289855072,42
xlstm,carbon,USA|south dakota,US,False,rolling,2024-12-01,7,2025-07-01,227.52,162.07028397768735,,,,0.8,68.49670289855072,42
xlstm,carbon,USA|south dakota,US,False,rolling,2024-12-01,8,2025-08-01,201.29,159.43233647838235,,,,0.8,68.49670289855072,42
xlstm,carbon,USA|south dakota,US,False,rolling,2024-12-01,9,2025-09-01,179.41,158.83136954814196,,,,0.8,68.49670289855072,42
xlstm,carbon,USA|south dakota,US,False,rolling,2024-12-01,10,2025-10-01,75.3,159.69258044049144,,,,0.8,68.49670289855072,42
xlstm,carbon,USA|south dakota,US,False,rolling,2024-12-01,11,2025-11-01,146.17,163.02889552742243,,,,0.8,68.49670289855072,42
xlstm,carbon,USA|south dakota,US,False,rolling,2024-12-01,12,2025-12-01,120.45,164.79134989276528,,,,0.8,68.49670289855072,42
xlstm,carbon,USA|tennessee,US,True,holdout,last12,1,2025-01-01,391.76,298.7132085865736,,,,0.8,48.89101449275363,42
xlstm,carbon,USA|tennessee,US,True,holdout,last12,2,2025-02-01,344.73,298.7243564832211,,,,0.8,48.89101449275363,42
xlstm,carbon,USA|tennessee,US,True,holdout,last12,3,2025-03-01,338.21,301.72667880475524,,,,0.8,48.89101449275363,42
xlstm,carbon,USA|tennessee,US,True,holdout,last12,4,2025-04-01,376.86,307.3906105914712,,,,0.8,48.89101449275363,42
xlstm,carbon,USA|tennessee,US,True,holdout,last12,5,2025-05-01,363.13,316.17620616257193,,,,0.8,48.89101449275363,42
xlstm,carbon,USA|tennessee,US,True,holdout,last12,6,2025-06-01,336.45,325.50397701948884,,,,0.8,48.89101449275363,42
xlstm,carbon,USA|tennessee,US,True,holdout,last12,7,2025-07-01,359.84,324.96277050554755,,,,0.8,48.89101449275363,42
xlstm,carbon,USA|tennessee,US,True,holdout,last12,8,2025-08-01,295.25,319.3479231604934,,,,0.8,48.89101449275363,42
xlstm,carbon,USA|tennessee,US,True,holdout,last12,9,2025-09-01,287.17,314.5096938949824,,,,0.8,48.89101449275363,42
xlstm,carbon,USA|tennessee,US,True,holdout,last12,10,2025-10-01,243.6,312.59190466731786,,,,0.8,48.89101449275363,42
xlstm,carbon,USA|tennessee,US,True,holdout,last12,11,2025-11-01,264.64,313.04690452456475,,,,0.8,48.89101449275363,42
xlstm,carbon,USA|tennessee,US,True,holdout,last12,12,2025-12-01,298.29,311.90187232911586,,,,0.8,48.89101449275363,42
xlstm,carbon,USA|tennessee,US,True,rolling,2022-12-01,1,2023-01-01,250.53,284.66907715797424,,,,0.8,48.6590873015873,42
xlstm,carbon,USA|tennessee,US,True,rolling,2022-12-01,2,2023-02-01,251.4,281.81539813846354,,,,0.8,48.6590873015873,42
xlstm,carbon,USA|tennessee,US,True,rolling,2022-12-01,3,2023-03-01,218.35,282.4568936017156,,,,0.8,48.6590873015873,42
xlstm,carbon,USA|tennessee,US,True,rolling,2022-12-01,4,2023-04-01,283.62,281.7630142563582,,,,0.8,48.6590873015873,42
xlstm,carbon,USA|tennessee,US,True,rolling,2022-12-01,5,2023-05-01,271.49,287.92982288718224,,,,0.8,48.6590873015873,42
xlstm,carbon,USA|tennessee,US,True,rolling,2022-12-01,6,2023-06-01,282.53,280.4939231002331,,,,0.8,48.6590873015873,42
xlstm,carbon,USA|tennessee,US,True,rolling,2022-12-01,7,2023-07-01,338.88,273.0959738984704,,,,0.8,48.6590873015873,42
xlstm,carbon,USA|tennessee,US,True,rolling,2022-12-01,8,2023-08-01,317.8,267.467058300972,,,,0.8,48.6590873015873,42
xlstm,carbon,USA|tennessee,US,True,rolling,2022-12-01,9,2023-09-01,279.91,267.4401011705399,,,,0.8,48.6590873015873,42
xlstm,carbon,USA|tennessee,US,True,rolling,2022-12-01,10,2023-10-01,198.59,267.8359919032455,,,,0.8,48.6590873015873,42
xlstm,carbon,USA|tennessee,US,True,rolling,2022-12-01,11,2023-11-01,226.75,270.2270191717148,,,,0.8,48.6590873015873,42
xlstm,carbon,USA|tennessee,US,True,rolling,2022-12-01,12,2023-12-01,267.87,274.3741209656,,,,0.8,48.6590873015873,42
xlstm,carbon,USA|tennessee,US,True,rolling,2023-12-01,1,2024-01-01,308.05,267.2311553293467,,,,0.8,48.434621212121215,42
xlstm,carbon,USA|tennessee,US,True,rolling,2023-12-01,2,2024-02-01,267.57,268.5139216130972,,,,0.8,48.434621212121215,42
xlstm,carbon,USA|tennessee,US,True,rolling,2023-12-01,3,2024-03-01,238.95,270.0862524062395,,,,0.8,48.434621212121215,42
xlstm,carbon,USA|tennessee,US,True,rolling,2023-12-01,4,2024-04-01,211.86,275.18873175084593,,,,0.8,48.434621212121215,42
xlstm,carbon,USA|tennessee,US,True,rolling,2023-12-01,5,2024-05-01,216.99,274.19027895212173,,,,0.8,48.434621212121215,42
xlstm,carbon,USA|tennessee,US,True,rolling,2023-12-01,6,2024-06-01,328.22,274.37628315210344,,,,0.8,48.434621212121215,42
xlstm,carbon,USA|tennessee,US,True,rolling,2023-12-01,7,2024-07-01,382.49,273.35655949264765,,,,0.8,48.434621212121215,42
xlstm,carbon,USA|tennessee,US,True,rolling,2023-12-01,8,2024-08-01,372.9,266.6461575186253,,,,0.8,48.434621212121215,42
xlstm,carbon,USA|tennessee,US,True,rolling,2023-12-01,9,2024-09-01,338.33,261.70870635688306,,,,0.8,48.434621212121215,42
xlstm,carbon,USA|tennessee,US,True,rolling,2023-12-01,10,2024-10-01,309.52,260.10753705024723,,,,0.8,48.434621212121215,42
xlstm,carbon,USA|tennessee,US,True,rolling,2023-12-01,11,2024-11-01,325.91,266.0098709592223,,,,0.8,48.434621212121215,42
xlstm,carbon,USA|tennessee,US,True,rolling,2023-12-01,12,2024-12-01,341.59,269.7506922930479,,,,0.8,48.434621212121215,42
xlstm,carbon,USA|tennessee,US,True,rolling,2024-12-01,1,2025-01-01,391.76,298.7132085865736,,,,0.8,48.89101449275363,42
xlstm,carbon,USA|tennessee,US,True,rolling,2024-12-01,2,2025-02-01,344.73,298.7243564832211,,,,0.8,48.89101449275363,42
xlstm,carbon,USA|tennessee,US,True,rolling,2024-12-01,3,2025-03-01,338.21,301.72667880475524,,,,0.8,48.89101449275363,42
xlstm,carbon,USA|tennessee,US,True,rolling,2024-12-01,4,2025-04-01,376.86,307.3906105914712,,,,0.8,48.89101449275363,42
xlstm,carbon,USA|tennessee,US,True,rolling,2024-12-01,5,2025-05-01,363.13,316.17620616257193,,,,0.8,48.89101449275363,42
xlstm,carbon,USA|tennessee,US,True,rolling,2024-12-01,6,2025-06-01,336.45,325.50397701948884,,,,0.8,48.89101449275363,42
xlstm,carbon,USA|tennessee,US,True,rolling,2024-12-01,7,2025-07-01,359.84,324.96277050554755,,,,0.8,48.89101449275363,42
xlstm,carbon,USA|tennessee,US,True,rolling,2024-12-01,8,2025-08-01,295.25,319.3479231604934,,,,0.8,48.89101449275363,42
xlstm,carbon,USA|tennessee,US,True,rolling,2024-12-01,9,2025-09-01,287.17,314.5096938949824,,,,0.8,48.89101449275363,42
xlstm,carbon,USA|tennessee,US,True,rolling,2024-12-01,10,2025-10-01,243.6,312.59190466731786,,,,0.8,48.89101449275363,42
xlstm,carbon,USA|tennessee,US,True,rolling,2024-12-01,11,2025-11-01,264.64,313.04690452456475,,,,0.8,48.89101449275363,42
xlstm,carbon,USA|tennessee,US,True,rolling,2024-12-01,12,2025-12-01,298.29,311.90187232911586,,,,0.8,48.89101449275363,42
xlstm,carbon,USA|texas,US,True,holdout,last12,1,2025-01-01,371.67,341.5039769802988,,,,0.8,16.83126811594203,42
xlstm,carbon,USA|texas,US,True,holdout,last12,2,2025-02-01,344.19,331.080572591275,,,,0.8,16.83126811594203,42
xlstm,carbon,USA|texas,US,True,holdout,last12,3,2025-03-01,283.42,337.9033930872381,,,,0.8,16.83126811594203,42
xlstm,carbon,USA|texas,US,True,holdout,last12,4,2025-04-01,291.84,345.91198455318806,,,,0.8,16.83126811594203,42
xlstm,carbon,USA|texas,US,True,holdout,last12,5,2025-05-01,335.09,357.7794471745193,,,,0.8,16.83126811594203,42
xlstm,carbon,USA|texas,US,True,holdout,last12,6,2025-06-01,338.96,362.9304761143029,,,,0.8,16.83126811594203,42
xlstm,carbon,USA|texas,US,True,holdout,last12,7,2025-07-01,359.9,366.87574581056833,,,,0.8,16.83126811594203,42
xlstm,carbon,USA|texas,US,True,holdout,last12,8,2025-08-01,378.55,363.20110664620995,,,,0.8,16.83126811594203,42
xlstm,carbon,USA|texas,US,True,holdout,last12,9,2025-09-01,376.57,355.4727769394219,,,,0.8,16.83126811594203,42
xlstm,carbon,USA|texas,US,True,holdout,last12,10,2025-10-01,352.69,346.14543750479817,,,,0.8,16.83126811594203,42
xlstm,carbon,USA|texas,US,True,holdout,last12,11,2025-11-01,322.93,343.7301638822258,,,,0.8,16.83126811594203,42
xlstm,carbon,USA|texas,US,True,holdout,last12,12,2025-12-01,329.36,344.79488388583064,,,,0.8,16.83126811594203,42
xlstm,carbon,USA|texas,US,True,rolling,2022-12-01,1,2023-01-01,333.54,370.065034583807,,,,0.8,16.439920634920636,42
xlstm,carbon,USA|texas,US,True,rolling,2022-12-01,2,2023-02-01,326.6,364.5614074742794,,,,0.8,16.439920634920636,42
xlstm,carbon,USA|texas,US,True,rolling,2022-12-01,3,2023-03-01,319.16,359.44114258408547,,,,0.8,16.439920634920636,42
xlstm,carbon,USA|texas,US,True,rolling,2022-12-01,4,2023-04-01,322.41,365.3881491148472,,,,0.8,16.439920634920636,42
xlstm,carbon,USA|texas,US,True,rolling,2022-12-01,5,2023-05-01,379.01,376.15256462693213,,,,0.8,16.439920634920636,42
xlstm,carbon,USA|texas,US,True,rolling,2022-12-01,6,2023-06-01,391.63,387.74977075099946,,,,0.8,16.439920634920636,42
xlstm,carbon,USA|texas,US,True,rolling,2022-12-01,7,2023-07-01,391.95,391.32822818517684,,,,0.8,16.439920634920636,42
xlstm,carbon,USA|texas,US,True,rolling,2022-12-01,8,2023-08-01,407.58,390.0703435611725,,,,0.8,16.439920634920636,42
xlstm,carbon,USA|texas,US,True,rolling,2022-12-01,9,2023-09-01,399.64,381.16125959992405,,,,0.8,16.439920634920636,42
xlstm,carbon,USA|texas,US,True,rolling,2022-12-01,10,2023-10-01,361.88,372.7445171046257,,,,0.8,16.439920634920636,42
xlstm,carbon,USA|texas,US,True,rolling,2022-12-01,11,2023-11-01,367.5,370.0144594800472,,,,0.8,16.439920634920636,42
xlstm,carbon,USA|texas,US,True,rolling,2022-12-01,12,2023-12-01,348.53,371.22062030673027,,,,0.8,16.439920634920636,42
xlstm,carbon,USA|texas,US,True,rolling,2023-12-01,1,2024-01-01,387.5,339.8472756808996,,,,0.8,16.676174242424242,42
xlstm,carbon,USA|texas,US,True,rolling,2023-12-01,2,2024-02-01,299.83,340.96191781044007,,,,0.8,16.676174242424242,42
xlstm,carbon,USA|texas,US,True,rolling,2023-12-01,3,2024-03-01,307.27,346.0656244051456,,,,0.8,16.676174242424242,42
xlstm,carbon,USA|texas,US,True,rolling,2023-12-01,4,2024-04-01,304.26,358.1370576679706,,,,0.8,16.676174242424242,42
xlstm,carbon,USA|texas,US,True,rolling,2023-12-01,5,2024-05-01,344.55,377.0743464028835,,,,0.8,16.676174242424242,42
xlstm,carbon,USA|texas,US,True,rolling,2023-12-01,6,2024-06-01,353.51,380.60693756222724,,,,0.8,16.676174242424242,42
xlstm,carbon,USA|texas,US,True,rolling,2023-12-01,7,2024-07-01,384.4,379.467551677227,,,,0.8,16.676174242424242,42
xlstm,carbon,USA|texas,US,True,rolling,2023-12-01,8,2024-08-01,395.45,376.94370491385456,,,,0.8,16.676174242424242,42
xlstm,carbon,USA|texas,US,True,rolling,2023-12-01,9,2024-09-01,394.85,366.20511056661604,,,,0.8,16.676174242424242,42
xlstm,carbon,USA|texas,US,True,rolling,2023-12-01,10,2024-10-01,357.15,354.6450577545166,,,,0.8,16.676174242424242,42
xlstm,carbon,USA|texas,US,True,rolling,2023-12-01,11,2024-11-01,340.0,352.5330298531055,,,,0.8,16.676174242424242,42
xlstm,carbon,USA|texas,US,True,rolling,2023-12-01,12,2024-12-01,351.4,347.61317940235136,,,,0.8,16.676174242424242,42
xlstm,carbon,USA|texas,US,True,rolling,2024-12-01,1,2025-01-01,371.67,341.5039769802988,,,,0.8,16.83126811594203,42
xlstm,carbon,USA|texas,US,True,rolling,2024-12-01,2,2025-02-01,344.19,331.080572591275,,,,0.8,16.83126811594203,42
xlstm,carbon,USA|texas,US,True,rolling,2024-12-01,3,2025-03-01,283.42,337.9033930872381,,,,0.8,16.83126811594203,42
xlstm,carbon,USA|texas,US,True,rolling,2024-12-01,4,2025-04-01,291.84,345.91198455318806,,,,0.8,16.83126811594203,42
xlstm,carbon,USA|texas,US,True,rolling,2024-12-01,5,2025-05-01,335.09,357.7794471745193,,,,0.8,16.83126811594203,42
xlstm,carbon,USA|texas,US,True,rolling,2024-12-01,6,2025-06-01,338.96,362.9304761143029,,,,0.8,16.83126811594203,42
xlstm,carbon,USA|texas,US,True,rolling,2024-12-01,7,2025-07-01,359.9,366.87574581056833,,,,0.8,16.83126811594203,42
xlstm,carbon,USA|texas,US,True,rolling,2024-12-01,8,2025-08-01,378.55,363.20110664620995,,,,0.8,16.83126811594203,42
xlstm,carbon,USA|texas,US,True,rolling,2024-12-01,9,2025-09-01,376.57,355.4727769394219,,,,0.8,16.83126811594203,42
xlstm,carbon,USA|texas,US,True,rolling,2024-12-01,10,2025-10-01,352.69,346.14543750479817,,,,0.8,16.83126811594203,42
xlstm,carbon,USA|texas,US,True,rolling,2024-12-01,11,2025-11-01,322.93,343.7301638822258,,,,0.8,16.83126811594203,42
xlstm,carbon,USA|texas,US,True,rolling,2024-12-01,12,2025-12-01,329.36,344.79488388583064,,,,0.8,16.83126811594203,42
xlstm,carbon,USA|utah,US,True,holdout,last12,1,2025-01-01,617.06,520.4148670312762,,,,0.8,17.900942028985508,42
xlstm,carbon,USA|utah,US,True,holdout,last12,2,2025-02-01,609.81,511.3758489885926,,,,0.8,17.900942028985508,42
xlstm,carbon,USA|utah,US,True,holdout,last12,3,2025-03-01,573.92,506.60238888829946,,,,0.8,17.900942028985508,42
xlstm,carbon,USA|utah,US,True,holdout,last12,4,2025-04-01,479.03,506.36577546834945,,,,0.8,17.900942028985508,42
xlstm,carbon,USA|utah,US,True,holdout,last12,5,2025-05-01,489.14,513.8827134492993,,,,0.8,17.900942028985508,42
xlstm,carbon,USA|utah,US,True,holdout,last12,6,2025-06-01,508.53,526.7961990830303,,,,0.8,17.900942028985508,42
xlstm,carbon,USA|utah,US,True,holdout,last12,7,2025-07-01,504.68,544.365264838934,,,,0.8,17.900942028985508,42
xlstm,carbon,USA|utah,US,True,holdout,last12,8,2025-08-01,519.14,551.2918904209137,,,,0.8,17.900942028985508,42
xlstm,carbon,USA|utah,US,True,holdout,last12,9,2025-09-01,548.56,560.517328555584,,,,0.8,17.900942028985508,42
xlstm,carbon,USA|utah,US,True,holdout,last12,10,2025-10-01,551.35,559.8761250281334,,,,0.8,17.900942028985508,42
xlstm,carbon,USA|utah,US,True,holdout,last12,11,2025-11-01,569.3,551.3754547166824,,,,0.8,17.900942028985508,42
xlstm,carbon,USA|utah,US,True,holdout,last12,12,2025-12-01,541.55,535.7846051174403,,,,0.8,17.900942028985508,42
xlstm,carbon,USA|utah,US,True,rolling,2022-12-01,1,2023-01-01,634.96,595.357494354993,,,,0.8,15.20166666666667,42
xlstm,carbon,USA|utah,US,True,rolling,2022-12-01,2,2023-02-01,588.54,586.5773071679472,,,,0.8,15.20166666666667,42
xlstm,carbon,USA|utah,US,True,rolling,2022-12-01,3,2023-03-01,547.26,581.9496976207196,,,,0.8,15.20166666666667,42
xlstm,carbon,USA|utah,US,True,rolling,2022-12-01,4,2023-04-01,489.23,583.6019997102021,,,,0.8,15.20166666666667,42
xlstm,carbon,USA|utah,US,True,rolling,2022-12-01,5,2023-05-01,444.45,587.9967901197075,,,,0.8,15.20166666666667,42
xlstm,carbon,USA|utah,US,True,rolling,2022-12-01,6,2023-06-01,478.11,594.6619931782782,,,,0.8,15.20166666666667,42
xlstm,carbon,USA|utah,US,True,rolling,2022-12-01,7,2023-07-01,588.98,608.6706330010294,,,,0.8,15.20166666666667,42
xlstm,carbon,USA|utah,US,True,rolling,2022-12-01,8,2023-08-01,596.5,610.5232764151692,,,,0.8,15.20166666666667,42
xlstm,carbon,USA|utah,US,True,rolling,2022-12-01,9,2023-09-01,555.6,604.7051938182115,,,,0.8,15.20166666666667,42
xlstm,carbon,USA|utah,US,True,rolling,2022-12-01,10,2023-10-01,577.19,597.6984026917814,,,,0.8,15.20166666666667,42
xlstm,carbon,USA|utah,US,True,rolling,2022-12-01,11,2023-11-01,555.76,600.0651652404665,,,,0.8,15.20166666666667,42
xlstm,carbon,USA|utah,US,True,rolling,2022-12-01,12,2023-12-01,545.17,603.1849576464294,,,,0.8,15.20166666666667,42
xlstm,carbon,USA|utah,US,True,rolling,2023-12-01,1,2024-01-01,554.49,519.7580864492058,,,,0.8,16.891022727272727,42
xlstm,carbon,USA|utah,US,True,rolling,2023-12-01,2,2024-02-01,526.73,485.76367682337764,,,,0.8,16.891022727272727,42
xlstm,carbon,USA|utah,US,True,rolling,2023-12-01,3,2024-03-01,502.25,465.762694408074,,,,0.8,16.891022727272727,42
xlstm,carbon,USA|utah,US,True,rolling,2023-12-01,4,2024-04-01,472.76,457.443556901142,,,,0.8,16.891022727272727,42
xlstm,carbon,USA|utah,US,True,rolling,2023-12-01,5,2024-05-01,470.94,467.4382865577936,,,,0.8,16.891022727272727,42
xlstm,carbon,USA|utah,US,True,rolling,2023-12-01,6,2024-06-01,480.65,498.62768840044737,,,,0.8,16.891022727272727,42
xlstm,carbon,USA|utah,US,True,rolling,2023-12-01,7,2024-07-01,536.34,526.9137140578032,,,,0.8,16.891022727272727,42
xlstm,carbon,USA|utah,US,True,rolling,2023-12-01,8,2024-08-01,535.84,512.7761038154364,,,,0.8,16.891022727272727,42
xlstm,carbon,USA|utah,US,True,rolling,2023-12-01,9,2024-09-01,569.64,492.5133187234402,,,,0.8,16.891022727272727,42
xlstm,carbon,USA|utah,US,True,rolling,2023-12-01,10,2024-10-01,589.31,483.9420524704456,,,,0.8,16.891022727272727,42
xlstm,carbon,USA|utah,US,True,rolling,2023-12-01,11,2024-11-01,604.15,465.4335982649774,,,,0.8,16.891022727272727,42
xlstm,carbon,USA|utah,US,True,rolling,2023-12-01,12,2024-12-01,605.96,451.05149952124805,,,,0.8,16.891022727272727,42
xlstm,carbon,USA|utah,US,True,rolling,2024-12-01,1,2025-01-01,617.06,520.4148670312762,,,,0.8,17.900942028985508,42
xlstm,carbon,USA|utah,US,True,rolling,2024-12-01,2,2025-02-01,609.81,511.3758489885926,,,,0.8,17.900942028985508,42
xlstm,carbon,USA|utah,US,True,rolling,2024-12-01,3,2025-03-01,573.92,506.60238888829946,,,,0.8,17.900942028985508,42
xlstm,carbon,USA|utah,US,True,rolling,2024-12-01,4,2025-04-01,479.03,506.36577546834945,,,,0.8,17.900942028985508,42
xlstm,carbon,USA|utah,US,True,rolling,2024-12-01,5,2025-05-01,489.14,513.8827134492993,,,,0.8,17.900942028985508,42
xlstm,carbon,USA|utah,US,True,rolling,2024-12-01,6,2025-06-01,508.53,526.7961990830303,,,,0.8,17.900942028985508,42
xlstm,carbon,USA|utah,US,True,rolling,2024-12-01,7,2025-07-01,504.68,544.365264838934,,,,0.8,17.900942028985508,42
xlstm,carbon,USA|utah,US,True,rolling,2024-12-01,8,2025-08-01,519.14,551.2918904209137,,,,0.8,17.900942028985508,42
xlstm,carbon,USA|utah,US,True,rolling,2024-12-01,9,2025-09-01,548.56,560.517328555584,,,,0.8,17.900942028985508,42
xlstm,carbon,USA|utah,US,True,rolling,2024-12-01,10,2025-10-01,551.35,559.8761250281334,,,,0.8,17.900942028985508,42
xlstm,carbon,USA|utah,US,True,rolling,2024-12-01,11,2025-11-01,569.3,551.3754547166824,,,,0.8,17.900942028985508,42
xlstm,carbon,USA|utah,US,True,rolling,2024-12-01,12,2025-12-01,541.55,535.7846051174403,,,,0.8,17.900942028985508,42
xlstm,carbon,USA|vermont,US,False,holdout,last12,1,2025-01-01,68.21,59.27702932775021,,,,0.8,10.29855072463768,42
xlstm,carbon,USA|vermont,US,False,holdout,last12,2,2025-02-01,69.0,59.26538481414319,,,,0.8,10.29855072463768,42
xlstm,carbon,USA|vermont,US,False,holdout,last12,3,2025-03-01,50.09,59.87602955579758,,,,0.8,10.29855072463768,42
xlstm,carbon,USA|vermont,US,False,holdout,last12,4,2025-04-01,28.01,60.91535296857358,,,,0.8,10.29855072463768,42
xlstm,carbon,USA|vermont,US,False,holdout,last12,5,2025-05-01,55.16,61.564038351178176,,,,0.8,10.29855072463768,42
xlstm,carbon,USA|vermont,US,False,holdout,last12,6,2025-06-01,60.84,63.507404628992084,,,,0.8,10.29855072463768,42
xlstm,carbon,USA|vermont,US,False,holdout,last12,7,2025-07-01,70.53,63.97711092948914,,,,0.8,10.29855072463768,42
xlstm,carbon,USA|vermont,US,False,holdout,last12,8,2025-08-01,76.23,64.40005900800229,,,,0.8,10.29855072463768,42
xlstm,carbon,USA|vermont,US,False,holdout,last12,9,2025-09-01,74.58,64.75310207486153,,,,0.8,10.29855072463768,42
xlstm,carbon,USA|vermont,US,False,holdout,last12,10,2025-10-01,44.51,64.56562667012216,,,,0.8,10.29855072463768,42
xlstm,carbon,USA|vermont,US,False,holdout,last12,11,2025-11-01,57.1,65.7746078646183,,,,0.8,10.29855072463768,42
xlstm,carbon,USA|vermont,US,False,holdout,last12,12,2025-12-01,66.32,66.05858986258508,,,,0.8,10.29855072463768,42
xlstm,carbon,USA|vermont,US,False,rolling,2022-12-01,1,2023-01-01,73.91,71.42146365046501,,,,0.8,10.18845238095238,42
xlstm,carbon,USA|vermont,US,False,rolling,2022-12-01,2,2023-02-01,72.49,71.98492661833764,,,,0.8,10.18845238095238,42
xlstm,carbon,USA|vermont,US,False,rolling,2022-12-01,3,2023-03-01,61.14,72.00538353800775,,,,0.8,10.18845238095238,42
xlstm,carbon,USA|vermont,US,False,rolling,2022-12-01,4,2023-04-01,28.97,71.51310888051988,,,,0.8,10.18845238095238,42
xlstm,carbon,USA|vermont,US,False,rolling,2022-12-01,5,2023-05-01,29.76,71.88580285429956,,,,0.8,10.18845238095238,42
xlstm,carbon,USA|vermont,US,False,rolling,2022-12-01,6,2023-06-01,69.37,74.34543136119844,,,,0.8,10.18845238095238,42
xlstm,carbon,USA|vermont,US,False,rolling,2022-12-01,7,2023-07-01,78.81,73.56467367768289,,,,0.8,10.18845238095238,42
xlstm,carbon,USA|vermont,US,False,rolling,2022-12-01,8,2023-08-01,60.91,71.46685323119165,,,,0.8,10.18845238095238,42
xlstm,carbon,USA|vermont,US,False,rolling,2022-12-01,9,2023-09-01,52.97,71.06067337870599,,,,0.8,10.18845238095238,42
xlstm,carbon,USA|vermont,US,False,rolling,2022-12-01,10,2023-10-01,29.05,68.62390718638898,,,,0.8,10.18845238095238,42
xlstm,carbon,USA|vermont,US,False,rolling,2022-12-01,11,2023-11-01,59.77,67.83643589079381,,,,0.8,10.18845238095238,42
xlstm,carbon,USA|vermont,US,False,rolling,2022-12-01,12,2023-12-01,59.03,68.17034642755986,,,,0.8,10.18845238095238,42
xlstm,carbon,USA|vermont,US,False,rolling,2023-12-01,1,2024-01-01,70.35,61.056161815524106,,,,0.8,10.253636363636364,42
xlstm,carbon,USA|vermont,US,False,rolling,2023-12-01,2,2024-02-01,62.01,59.900124595761305,,,,0.8,10.253636363636364,42
xlstm,carbon,USA|vermont,US,False,rolling,2023-12-01,3,2024-03-01,51.27,59.55305234491826,,,,0.8,10.253636363636364,42
xlstm,carbon,USA|vermont,US,False,rolling,2023-12-01,4,2024-04-01,57.95,60.27881783306599,,,,0.8,10.253636363636364,42
xlstm,carbon,USA|vermont,US,False,rolling,2023-12-01,5,2024-05-01,30.05,62.61212043583394,,,,0.8,10.253636363636364,42
xlstm,carbon,USA|vermont,US,False,rolling,2023-12-01,6,2024-06-01,55.84,64.48358089387418,,,,0.8,10.253636363636364,42
xlstm,carbon,USA|vermont,US,False,rolling,2023-12-01,7,2024-07-01,57.1,64.2210672825575,,,,0.8,10.253636363636364,42
xlstm,carbon,USA|vermont,US,False,rolling,2023-12-01,8,2024-08-01,58.85,63.999145105481155,,,,0.8,10.253636363636364,42
xlstm,carbon,USA|vermont,US,False,rolling,2023-12-01,9,2024-09-01,71.04,64.66290134608747,,,,0.8,10.253636363636364,42
xlstm,carbon,USA|vermont,US,False,rolling,2023-12-01,10,2024-10-01,44.46,65.42263948142529,,,,0.8,10.253636363636364,42
xlstm,carbon,USA|vermont,US,False,rolling,2023-12-01,11,2024-11-01,60.74,66.45764203369617,,,,0.8,10.253636363636364,42
xlstm,carbon,USA|vermont,US,False,rolling,2023-12-01,12,2024-12-01,69.54,66.7067979592085,,,,0.8,10.253636363636364,42
xlstm,carbon,USA|vermont,US,False,rolling,2024-12-01,1,2025-01-01,68.21,59.27702932775021,,,,0.8,10.29855072463768,42
xlstm,carbon,USA|vermont,US,False,rolling,2024-12-01,2,2025-02-01,69.0,59.26538481414319,,,,0.8,10.29855072463768,42
xlstm,carbon,USA|vermont,US,False,rolling,2024-12-01,3,2025-03-01,50.09,59.87602955579758,,,,0.8,10.29855072463768,42
xlstm,carbon,USA|vermont,US,False,rolling,2024-12-01,4,2025-04-01,28.01,60.91535296857358,,,,0.8,10.29855072463768,42
xlstm,carbon,USA|vermont,US,False,rolling,2024-12-01,5,2025-05-01,55.16,61.564038351178176,,,,0.8,10.29855072463768,42
xlstm,carbon,USA|vermont,US,False,rolling,2024-12-01,6,2025-06-01,60.84,63.507404628992084,,,,0.8,10.29855072463768,42
xlstm,carbon,USA|vermont,US,False,rolling,2024-12-01,7,2025-07-01,70.53,63.97711092948914,,,,0.8,10.29855072463768,42
xlstm,carbon,USA|vermont,US,False,rolling,2024-12-01,8,2025-08-01,76.23,64.40005900800229,,,,0.8,10.29855072463768,42
xlstm,carbon,USA|vermont,US,False,rolling,2024-12-01,9,2025-09-01,74.58,64.75310207486153,,,,0.8,10.29855072463768,42
xlstm,carbon,USA|vermont,US,False,rolling,2024-12-01,10,2025-10-01,44.51,64.56562667012216,,,,0.8,10.29855072463768,42
xlstm,carbon,USA|vermont,US,False,rolling,2024-12-01,11,2025-11-01,57.1,65.7746078646183,,,,0.8,10.29855072463768,42
xlstm,carbon,USA|vermont,US,False,rolling,2024-12-01,12,2025-12-01,66.32,66.05858986258508,,,,0.8,10.29855072463768,42
xlstm,carbon,USA|virginia,US,True,holdout,last12,1,2025-01-01,343.27,322.05413255125285,,,,0.8,30.050905797101453,42
xlstm,carbon,USA|virginia,US,True,holdout,last12,2,2025-02-01,328.25,319.7511409524083,,,,0.8,30.050905797101453,42
xlstm,carbon,USA|virginia,US,True,holdout,last12,3,2025-03-01,331.59,318.7504391784966,,,,0.8,30.050905797101453,42
xlstm,carbon,USA|virginia,US,True,holdout,last12,4,2025-04-01,252.84,317.3587297487259,,,,0.8,30.050905797101453,42
xlstm,carbon,USA|virginia,US,True,holdout,last12,5,2025-05-01,250.75,319.64665721684696,,,,0.8,30.050905797101453,42
xlstm,carbon,USA|virginia,US,True,holdout,last12,6,2025-06-01,328.99,322.26264797627925,,,,0.8,30.050905797101453,42
xlstm,carbon,USA|virginia,US,True,holdout,last12,7,2025-07-01,348.99,321.49822580993174,,,,0.8,30.050905797101453,42
xlstm,carbon,USA|virginia,US,True,holdout,last12,8,2025-08-01,335.17,319.2452769356966,,,,0.8,30.050905797101453,42
xlstm,carbon,USA|virginia,US,True,holdout,last12,9,2025-09-01,339.26,317.7692364740372,,,,0.8,30.050905797101453,42
xlstm,carbon,USA|virginia,US,True,holdout,last12,10,2025-10-01,316.95,317.7530055756867,,,,0.8,30.050905797101453,42
xlstm,carbon,USA|virginia,US,True,holdout,last12,11,2025-11-01,330.13,320.78833017677067,,,,0.8,30.050905797101453,42
xlstm,carbon,USA|virginia,US,True,holdout,last12,12,2025-12-01,371.41,321.47033334404233,,,,0.8,30.050905797101453,42
xlstm,carbon,USA|virginia,US,True,rolling,2022-12-01,1,2023-01-01,316.55,320.05235026210545,,,,0.8,30.821865079365082,42
xlstm,carbon,USA|virginia,US,True,rolling,2022-12-01,2,2023-02-01,305.1,319.04458679512146,,,,0.8,30.821865079365082,42
xlstm,carbon,USA|virginia,US,True,rolling,2022-12-01,3,2023-03-01,280.87,320.71949088677763,,,,0.8,30.821865079365082,42
xlstm,carbon,USA|virginia,US,True,rolling,2022-12-01,4,2023-04-01,252.5,321.9025443907082,,,,0.8,30.821865079365082,42
xlstm,carbon,USA|virginia,US,True,rolling,2022-12-01,5,2023-05-01,280.09,329.1085317987204,,,,0.8,30.821865079365082,42
xlstm,carbon,USA|virginia,US,True,rolling,2022-12-01,6,2023-06-01,317.27,333.7805259439349,,,,0.8,30.821865079365082,42
xlstm,carbon,USA|virginia,US,True,rolling,2022-12-01,7,2023-07-01,336.01,333.9511428016424,,,,0.8,30.821865079365082,42
xlstm,carbon,USA|virginia,US,True,rolling,2022-12-01,8,2023-08-01,335.53,332.43291544348,,,,0.8,30.821865079365082,42
xlstm,carbon,USA|virginia,US,True,rolling,2022-12-01,9,2023-09-01,328.58,329.9270162346959,,,,0.8,30.821865079365082,42
xlstm,carbon,USA|virginia,US,True,rolling,2022-12-01,10,2023-10-01,253.83,329.6875051084161,,,,0.8,30.821865079365082,42
xlstm,carbon,USA|virginia,US,True,rolling,2022-12-01,11,2023-11-01,278.53,331.7620301666856,,,,0.8,30.821865079365082,42
xlstm,carbon,USA|virginia,US,True,rolling,2022-12-01,12,2023-12-01,323.83,331.8335267546773,,,,0.8,30.821865079365082,42
xlstm,carbon,USA|virginia,US,True,rolling,2023-12-01,1,2024-01-01,341.46,304.7721659395099,,,,0.8,30.466742424242426,42
xlstm,carbon,USA|virginia,US,True,rolling,2023-12-01,2,2024-02-01,328.11,303.4127594794333,,,,0.8,30.466742424242426,42
xlstm,carbon,USA|virginia,US,True,rolling,2023-12-01,3,2024-03-01,333.2,303.17928988814356,,,,0.8,30.466742424242426,42
xlstm,carbon,USA|virginia,US,True,rolling,2023-12-01,4,2024-04-01,294.5,305.2008400309086,,,,0.8,30.466742424242426,42
xlstm,carbon,USA|virginia,US,True,rolling,2023-12-01,5,2024-05-01,291.99,309.9241963866353,,,,0.8,30.466742424242426,42
xlstm,carbon,USA|virginia,US,True,rolling,2023-12-01,6,2024-06-01,326.97,312.3105782727897,,,,0.8,30.466742424242426,42
xlstm,carbon,USA|virginia,US,True,rolling,2023-12-01,7,2024-07-01,342.26,311.20950393930076,,,,0.8,30.466742424242426,42
xlstm,carbon,USA|virginia,US,True,rolling,2023-12-01,8,2024-08-01,334.38,308.3751077193022,,,,0.8,30.466742424242426,42
xlstm,carbon,USA|virginia,US,True,rolling,2023-12-01,9,2024-09-01,319.3,305.6870461511612,,,,0.8,30.466742424242426,42
xlstm,carbon,USA|virginia,US,True,rolling,2023-12-01,10,2024-10-01,287.1,303.8115679848194,,,,0.8,30.466742424242426,42
xlstm,carbon,USA|virginia,US,True,rolling,2023-12-01,11,2024-11-01,312.55,308.5038675519824,,,,0.8,30.466742424242426,42
xlstm,carbon,USA|virginia,US,True,rolling,2023-12-01,12,2024-12-01,326.84,311.12435433745384,,,,0.8,30.466742424242426,42
xlstm,carbon,USA|virginia,US,True,rolling,2024-12-01,1,2025-01-01,343.27,322.05413255125285,,,,0.8,30.050905797101453,42
xlstm,carbon,USA|virginia,US,True,rolling,2024-12-01,2,2025-02-01,328.25,319.7511409524083,,,,0.8,30.050905797101453,42
xlstm,carbon,USA|virginia,US,True,rolling,2024-12-01,3,2025-03-01,331.59,318.7504391784966,,,,0.8,30.050905797101453,42
xlstm,carbon,USA|virginia,US,True,rolling,2024-12-01,4,2025-04-01,252.84,317.3587297487259,,,,0.8,30.050905797101453,42
xlstm,carbon,USA|virginia,US,True,rolling,2024-12-01,5,2025-05-01,250.75,319.64665721684696,,,,0.8,30.050905797101453,42
xlstm,carbon,USA|virginia,US,True,rolling,2024-12-01,6,2025-06-01,328.99,322.26264797627925,,,,0.8,30.050905797101453,42
xlstm,carbon,USA|virginia,US,True,rolling,2024-12-01,7,2025-07-01,348.99,321.49822580993174,,,,0.8,30.050905797101453,42
xlstm,carbon,USA|virginia,US,True,rolling,2024-12-01,8,2025-08-01,335.17,319.2452769356966,,,,0.8,30.050905797101453,42
xlstm,carbon,USA|virginia,US,True,rolling,2024-12-01,9,2025-09-01,339.26,317.7692364740372,,,,0.8,30.050905797101453,42
xlstm,carbon,USA|virginia,US,True,rolling,2024-12-01,10,2025-10-01,316.95,317.7530055756867,,,,0.8,30.050905797101453,42
xlstm,carbon,USA|virginia,US,True,rolling,2024-12-01,11,2025-11-01,330.13,320.78833017677067,,,,0.8,30.050905797101453,42
xlstm,carbon,USA|virginia,US,True,rolling,2024-12-01,12,2025-12-01,371.41,321.47033334404233,,,,0.8,30.050905797101453,42
xlstm,carbon,USA|washington,US,True,holdout,last12,1,2025-01-01,143.03,129.57826318413018,,,,0.8,31.420833333333338,42
xlstm,carbon,USA|washington,US,True,holdout,last12,2,2025-02-01,148.25,123.20561745017766,,,,0.8,31.420833333333338,42
xlstm,carbon,USA|washington,US,True,holdout,last12,3,2025-03-01,115.54,108.25645907312631,,,,0.8,31.420833333333338,42
xlstm,carbon,USA|washington,US,True,holdout,last12,4,2025-04-01,80.39,88.78303966343402,,,,0.8,31.420833333333338,42
xlstm,carbon,USA|washington,US,True,holdout,last12,5,2025-05-01,74.82,82.81609649986028,,,,0.8,31.420833333333338,42
xlstm,carbon,USA|washington,US,True,holdout,last12,6,2025-06-01,130.47,104.37417352944611,,,,0.8,31.420833333333338,42
xlstm,carbon,USA|washington,US,True,holdout,last12,7,2025-07-01,153.76,140.65914836883545,,,,0.8,31.420833333333338,42
xlstm,carbon,USA|washington,US,True,holdout,last12,8,2025-08-01,143.21,164.73193882882595,,,,0.8,31.420833333333338,42
xlstm,carbon,USA|washington,US,True,holdout,last12,9,2025-09-01,181.2,168.19492666244506,,,,0.8,31.420833333333338,42
xlstm,carbon,USA|washington,US,True,holdout,last12,10,2025-10-01,151.27,160.40862480819223,,,,0.8,31.420833333333338,42
xlstm,carbon,USA|washington,US,True,holdout,last12,11,2025-11-01,118.92,150.56239406466483,,,,0.8,31.420833333333338,42
xlstm,carbon,USA|washington,US,True,holdout,last12,12,2025-12-01,76.62,141.67321108937261,,,,0.8,31.420833333333338,42
xlstm,carbon,USA|washington,US,True,rolling,2022-12-01,1,2023-01-01,145.31,130.62400418937204,,,,0.8,31.858174603174604,42
xlstm,carbon,USA|washington,US,True,rolling,2022-12-01,2,2023-02-01,133.88,120.72943053573368,,,,0.8,31.858174603174604,42
xlstm,carbon,USA|washington,US,True,rolling,2022-12-01,3,2023-03-01,167.62,106.19323421180248,,,,0.8,31.858174603174604,42
xlstm,carbon,USA|washington,US,True,rolling,2022-12-01,4,2023-04-01,169.97,81.26351485967636,,,,0.8,31.858174603174604,42
xlstm,carbon,USA|washington,US,True,rolling,2022-12-01,5,2023-05-01,54.44,55.73301966920495,,,,0.8,31.858174603174604,42
xlstm,carbon,USA|washington,US,True,rolling,2022-12-01,6,2023-06-01,102.84,59.510626809448006,,,,0.8,31.858174603174604,42
xlstm,carbon,USA|washington,US,True,rolling,2022-12-01,7,2023-07-01,149.38,98.29452361822128,,,,0.8,31.858174603174604,42
xlstm,carbon,USA|washington,US,True,rolling,2022-12-01,8,2023-08-01,156.0,150.90388776183127,,,,0.8,31.858174603174604,42
xlstm,carbon,USA|washington,US,True,rolling,2022-12-01,9,2023-09-01,183.19,180.6337463712692,,,,0.8,31.858174603174604,42
xlstm,carbon,USA|washington,US,True,rolling,2022-12-01,10,2023-10-01,183.9,176.49650874733925,,,,0.8,31.858174603174604,42
xlstm,carbon,USA|washington,US,True,rolling,2022-12-01,11,2023-11-01,134.12,160.685236133337,,,,0.8,31.858174603174604,42
xlstm,carbon,USA|washington,US,True,rolling,2022-12-01,12,2023-12-01,144.57,144.91674559414386,,,,0.8,31.858174603174604,42
xlstm,carbon,USA|washington,US,True,rolling,2023-12-01,1,2024-01-01,150.63,149.81035218179224,,,,0.8,31.920795454545456,42
xlstm,carbon,USA|washington,US,True,rolling,2023-12-01,2,2024-02-01,156.23,150.86753074645995,,,,0.8,31.920795454545456,42
xlstm,carbon,USA|washington,US,True,rolling,2023-12-01,3,2024-03-01,122.75,148.71256104290484,,,,0.8,31.920795454545456,42
xlstm,carbon,USA|washington,US,True,rolling,2023-12-01,4,2024-04-01,98.93,132.2334756183624,,,,0.8,31.920795454545456,42
xlstm,carbon,USA|washington,US,True,rolling,2023-12-01,5,2024-05-01,62.14,103.63215664654969,,,,0.8,31.920795454545456,42
xlstm,carbon,USA|washington,US,True,rolling,2023-12-01,6,2024-06-01,77.41,106.94435822904109,,,,0.8,31.920795454545456,42
xlstm,carbon,USA|washington,US,True,rolling,2023-12-01,7,2024-07-01,143.48,138.33239474773407,,,,0.8,31.920795454545456,42
xlstm,carbon,USA|washington,US,True,rolling,2023-12-01,8,2024-08-01,151.59,170.426496425271,,,,0.8,31.920795454545456,42
xlstm,carbon,USA|washington,US,True,rolling,2023-12-01,9,2024-09-01,167.59,183.11651330947876,,,,0.8,31.920795454545456,42
xlstm,carbon,USA|washington,US,True,rolling,2023-12-01,10,2024-10-01,157.38,179.79397083818913,,,,0.8,31.920795454545456,42
xlstm,carbon,USA|washington,US,True,rolling,2023-12-01,11,2024-11-01,134.35,172.31049312114715,,,,0.8,31.920795454545456,42
xlstm,carbon,USA|washington,US,True,rolling,2023-12-01,12,2024-12-01,128.88,164.56648460805414,,,,0.8,31.920795454545456,42
xlstm,carbon,USA|washington,US,True,rolling,2024-12-01,1,2025-01-01,143.03,129.57826318413018,,,,0.8,31.420833333333338,42
xlstm,carbon,USA|washington,US,True,rolling,2024-12-01,2,2025-02-01,148.25,123.20561745017766,,,,0.8,31.420833333333338,42
xlstm,carbon,USA|washington,US,True,rolling,2024-12-01,3,2025-03-01,115.54,108.25645907312631,,,,0.8,31.420833333333338,42
xlstm,carbon,USA|washington,US,True,rolling,2024-12-01,4,2025-04-01,80.39,88.78303966343402,,,,0.8,31.420833333333338,42
xlstm,carbon,USA|washington,US,True,rolling,2024-12-01,5,2025-05-01,74.82,82.81609649986028,,,,0.8,31.420833333333338,42
xlstm,carbon,USA|washington,US,True,rolling,2024-12-01,6,2025-06-01,130.47,104.37417352944611,,,,0.8,31.420833333333338,42
xlstm,carbon,USA|washington,US,True,rolling,2024-12-01,7,2025-07-01,153.76,140.65914836883545,,,,0.8,31.420833333333338,42
xlstm,carbon,USA|washington,US,True,rolling,2024-12-01,8,2025-08-01,143.21,164.73193882882595,,,,0.8,31.420833333333338,42
xlstm,carbon,USA|washington,US,True,rolling,2024-12-01,9,2025-09-01,181.2,168.19492666244506,,,,0.8,31.420833333333338,42
xlstm,carbon,USA|washington,US,True,rolling,2024-12-01,10,2025-10-01,151.27,160.40862480819223,,,,0.8,31.420833333333338,42
xlstm,carbon,USA|washington,US,True,rolling,2024-12-01,11,2025-11-01,118.92,150.56239406466483,,,,0.8,31.420833333333338,42
xlstm,carbon,USA|washington,US,True,rolling,2024-12-01,12,2025-12-01,76.62,141.67321108937261,,,,0.8,31.420833333333338,42
xlstm,carbon,USA|washington dc,US,False,holdout,last12,1,2025-01-01,181.77,158.81945657908915,,,,0.8,45.47684873949579,42
xlstm,carbon,USA|washington dc,US,False,holdout,last12,2,2025-02-01,182.01,159.54604576706885,,,,0.8,45.47684873949579,42
xlstm,carbon,USA|washington dc,US,False,holdout,last12,3,2025-03-01,124.81,160.44862640455364,,,,0.8,45.47684873949579,42
xlstm,carbon,USA|washington dc,US,False,holdout,last12,4,2025-04-01,65.95,161.27614389538763,,,,0.8,45.47684873949579,42
xlstm,carbon,USA|washington dc,US,False,holdout,last12,5,2025-05-01,66.68,163.24591595113276,,,,0.8,45.47684873949579,42
xlstm,carbon,USA|washington dc,US,False,holdout,last12,6,2025-06-01,127.96,164.85818720787762,,,,0.8,45.47684873949579,42
xlstm,carbon,USA|washington dc,US,False,holdout,last12,7,2025-07-01,136.96,165.18246236622332,,,,0.8,45.47684873949579,42
xlstm,carbon,USA|washington dc,US,False,holdout,last12,8,2025-08-01,137.84,165.53818955451248,,,,0.8,45.47684873949579,42
xlstm,carbon,USA|washington dc,US,False,holdout,last12,9,2025-09-01,136.56,165.94049373075364,,,,0.8,45.47684873949579,42
xlstm,carbon,USA|washington dc,US,False,holdout,last12,10,2025-10-01,61.19,166.03540161058305,,,,0.8,45.47684873949579,42
xlstm,carbon,USA|washington dc,US,False,holdout,last12,11,2025-11-01,127.57,167.44260405555366,,,,0.8,45.47684873949579,42
xlstm,carbon,USA|washington dc,US,False,holdout,last12,12,2025-12-01,74.27,167.32356521666048,,,,0.8,45.47684873949579,42
xlstm,carbon,USA|washington dc,US,False,rolling,2022-12-01,1,2023-01-01,179.18,169.78045441508291,,,,0.8,47.02976635514018,42
xlstm,carbon,USA|washington dc,US,False,rolling,2022-12-01,2,2023-02-01,179.58,169.7107549831271,,,,0.8,47.02976635514018,42
xlstm,carbon,USA|washington dc,US,False,rolling,2022-12-01,3,2023-03-01,81.22,170.06428189754484,,,,0.8,47.02976635514018,42
xlstm,carbon,USA|washington dc,US,False,rolling,2022-12-01,4,2023-04-01,78.27,170.1790428227186,,,,0.8,47.02976635514018,42
xlstm,carbon,USA|washington dc,US,False,rolling,2022-12-01,5,2023-05-01,75.26,170.53894534409045,,,,0.8,47.02976635514018,42
xlstm,carbon,USA|washington dc,US,False,rolling,2022-12-01,6,2023-06-01,167.95,170.8372137236595,,,,0.8,47.02976635514018,42
xlstm,carbon,USA|washington dc,US,False,rolling,2022-12-01,7,2023-07-01,176.98,171.50756606161593,,,,0.8,47.02976635514018,42
xlstm,carbon,USA|washington dc,US,False,rolling,2022-12-01,8,2023-08-01,178.88,172.0359457159042,,,,0.8,47.02976635514018,42
xlstm,carbon,USA|washington dc,US,False,rolling,2022-12-01,9,2023-09-01,184.37,172.48343669891355,,,,0.8,47.02976635514018,42
xlstm,carbon,USA|washington dc,US,False,rolling,2022-12-01,10,2023-10-01,80.36,172.9444647949934,,,,0.8,47.02976635514018,42
xlstm,carbon,USA|washington dc,US,False,rolling,2022-12-01,11,2023-11-01,163.88,173.42944316804406,,,,0.8,47.02976635514018,42
xlstm,carbon,USA|washington dc,US,False,rolling,2022-12-01,12,2023-12-01,180.87,173.72822238206862,,,,0.8,47.02976635514018,42
xlstm,carbon,USA|washington dc,US,False,rolling,2023-12-01,1,2024-01-01,200.75,158.03438588798045,,,,0.8,46.74451327433628,42
xlstm,carbon,USA|washington dc,US,False,rolling,2023-12-01,2,2024-02-01,195.5,158.55902269750834,,,,0.8,46.74451327433628,42
xlstm,carbon,USA|washington dc,US,False,rolling,2023-12-01,3,2024-03-01,195.08,159.17528552561998,,,,0.8,46.74451327433628,42
xlstm,carbon,USA|washington dc,US,False,rolling,2023-12-01,4,2024-04-01,73.77,161.0853250259161,,,,0.8,46.74451327433628,42
xlstm,carbon,USA|washington dc,US,False,rolling,2023-12-01,5,2024-05-01,73.19,162.82267300903797,,,,0.8,46.74451327433628,42
xlstm,carbon,USA|washington dc,US,False,rolling,2023-12-01,6,2024-06-01,159.63,164.4141384601593,,,,0.8,46.74451327433628,42
xlstm,carbon,USA|washington dc,US,False,rolling,2023-12-01,7,2024-07-01,157.01,164.418834207654,,,,0.8,46.74451327433628,42
xlstm,carbon,USA|washington dc,US,False,rolling,2023-12-01,8,2024-08-01,152.76,164.3688804921508,,,,0.8,46.74451327433628,42
xlstm,carbon,USA|washington dc,US,False,rolling,2023-12-01,9,2024-09-01,178.16,164.37604199826717,,,,0.8,46.74451327433628,42
xlstm,carbon,USA|washington dc,US,False,rolling,2023-12-01,10,2024-10-01,72.08,164.37794780373574,,,,0.8,46.74451327433628,42
xlstm,carbon,USA|washington dc,US,False,rolling,2023-12-01,11,2024-11-01,175.91,165.95601367413997,,,,0.8,46.74451327433628,42
xlstm,carbon,USA|washington dc,US,False,rolling,2023-12-01,12,2024-12-01,201.25,166.02986854791638,,,,0.8,46.74451327433628,42
xlstm,carbon,USA|washington dc,US,False,rolling,2024-12-01,1,2025-01-01,181.77,158.81945657908915,,,,0.8,45.47684873949579,42
xlstm,carbon,USA|washington dc,US,False,rolling,2024-12-01,2,2025-02-01,182.01,159.54604576706885,,,,0.8,45.47684873949579,42
xlstm,carbon,USA|washington dc,US,False,rolling,2024-12-01,3,2025-03-01,124.81,160.44862640455364,,,,0.8,45.47684873949579,42
xlstm,carbon,USA|washington dc,US,False,rolling,2024-12-01,4,2025-04-01,65.95,161.27614389538763,,,,0.8,45.47684873949579,42
xlstm,carbon,USA|washington dc,US,False,rolling,2024-12-01,5,2025-05-01,66.68,163.24591595113276,,,,0.8,45.47684873949579,42
xlstm,carbon,USA|washington dc,US,False,rolling,2024-12-01,6,2025-06-01,127.96,164.85818720787762,,,,0.8,45.47684873949579,42
xlstm,carbon,USA|washington dc,US,False,rolling,2024-12-01,7,2025-07-01,136.96,165.18246236622332,,,,0.8,45.47684873949579,42
xlstm,carbon,USA|washington dc,US,False,rolling,2024-12-01,8,2025-08-01,137.84,165.53818955451248,,,,0.8,45.47684873949579,42
xlstm,carbon,USA|washington dc,US,False,rolling,2024-12-01,9,2025-09-01,136.56,165.94049373075364,,,,0.8,45.47684873949579,42
xlstm,carbon,USA|washington dc,US,False,rolling,2024-12-01,10,2025-10-01,61.19,166.03540161058305,,,,0.8,45.47684873949579,42
xlstm,carbon,USA|washington dc,US,False,rolling,2024-12-01,11,2025-11-01,127.57,167.44260405555366,,,,0.8,45.47684873949579,42
xlstm,carbon,USA|washington dc,US,False,rolling,2024-12-01,12,2025-12-01,74.27,167.32356521666048,,,,0.8,45.47684873949579,42
xlstm,carbon,USA|west virginia,US,False,holdout,last12,1,2025-01-01,754.42,725.845680027008,,,,0.8,8.948586956521737,42
xlstm,carbon,USA|west virginia,US,False,holdout,last12,2,2025-02-01,746.28,717.8242498457431,,,,0.8,8.948586956521737,42
xlstm,carbon,USA|west virginia,US,False,holdout,last12,3,2025-03-01,693.58,720.363071873188,,,,0.8,8.948586956521737,42
xlstm,carbon,USA|west virginia,US,False,holdout,last12,4,2025-04-01,727.2,731.4336239245533,,,,0.8,8.948586956521737,42
xlstm,carbon,USA|west virginia,US,False,holdout,last12,5,2025-05-01,715.13,741.517749748528,,,,0.8,8.948586956521737,42
xlstm,carbon,USA|west virginia,US,False,holdout,last12,6,2025-06-01,763.18,743.9632434648275,,,,0.8,8.948586956521737,42
xlstm,carbon,USA|west virginia,US,False,holdout,last12,7,2025-07-01,765.39,736.7843628764152,,,,0.8,8.948586956521737,42
xlstm,carbon,USA|west virginia,US,False,holdout,last12,8,2025-08-01,761.2,726.8732660007477,,,,0.8,8.948586956521737,42
xlstm,carbon,USA|west virginia,US,False,holdout,last12,9,2025-09-01,746.08,712.1246677060425,,,,0.8,8.948586956521737,42
xlstm,carbon,USA|west virginia,US,False,holdout,last12,10,2025-10-01,725.38,706.0912256009876,,,,0.8,8.948586956521737,42
xlstm,carbon,USA|west virginia,US,False,holdout,last12,11,2025-11-01,724.22,712.0614421968162,,,,0.8,8.948586956521737,42
xlstm,carbon,USA|west virginia,US,False,holdout,last12,12,2025-12-01,758.72,725.6723783648014,,,,0.8,8.948586956521737,42
xlstm,carbon,USA|west virginia,US,False,rolling,2022-12-01,1,2023-01-01,732.61,746.7212337502837,,,,0.8,7.810634920634918,42
xlstm,carbon,USA|west virginia,US,False,rolling,2022-12-01,2,2023-02-01,727.8,739.0412231773138,,,,0.8,7.810634920634918,42
xlstm,carbon,USA|west virginia,US,False,rolling,2022-12-01,3,2023-03-01,740.84,735.6636942121386,,,,0.8,7.810634920634918,42
xlstm,carbon,USA|west virginia,US,False,rolling,2022-12-01,4,2023-04-01,745.53,748.3764593946934,,,,0.8,7.810634920634918,42
xlstm,carbon,USA|west virginia,US,False,rolling,2022-12-01,5,2023-05-01,732.61,755.8397749307751,,,,0.8,7.810634920634918,42
xlstm,carbon,USA|west virginia,US,False,rolling,2022-12-01,6,2023-06-01,741.46,760.0618382817506,,,,0.8,7.810634920634918,42
xlstm,carbon,USA|west virginia,US,False,rolling,2022-12-01,7,2023-07-01,763.38,759.9741824162006,,,,0.8,7.810634920634918,42
xlstm,carbon,USA|west virginia,US,False,rolling,2022-12-01,8,2023-08-01,756.3,751.7041296595335,,,,0.8,7.810634920634918,42
xlstm,carbon,USA|west virginia,US,False,rolling,2022-12-01,9,2023-09-01,755.52,740.5902708667517,,,,0.8,7.810634920634918,42
xlstm,carbon,USA|west virginia,US,False,rolling,2022-12-01,10,2023-10-01,739.68,736.9684511175751,,,,0.8,7.810634920634918,42
xlstm,carbon,USA|west virginia,US,False,rolling,2022-12-01,11,2023-11-01,705.44,739.1298383268713,,,,0.8,7.810634920634918,42
xlstm,carbon,USA|west virginia,US,False,rolling,2022-12-01,12,2023-12-01,730.86,744.9842214080691,,,,0.8,7.810634920634918,42
xlstm,carbon,USA|west virginia,US,False,rolling,2023-12-01,1,2024-01-01,748.32,737.2001921287178,,,,0.8,8.42397727272727,42
xlstm,carbon,USA|west virginia,US,False,rolling,2023-12-01,2,2024-02-01,715.88,738.0615466484427,,,,0.8,8.42397727272727,42
xlstm,carbon,USA|west virginia,US,False,rolling,2023-12-01,3,2024-03-01,701.65,741.5758543846011,,,,0.8,8.42397727272727,42
xlstm,carbon,USA|west virginia,US,False,rolling,2023-12-01,4,2024-04-01,717.04,742.3731947478652,,,,0.8,8.42397727272727,42
xlstm,carbon,USA|west virginia,US,False,rolling,2023-12-01,5,2024-05-01,740.43,741.6707788035274,,,,0.8,8.42397727272727,42
xlstm,carbon,USA|west virginia,US,False,rolling,2023-12-01,6,2024-06-01,760.43,746.27814424932,,,,0.8,8.42397727272727,42
xlstm,carbon,USA|west virginia,US,False,rolling,2023-12-01,7,2024-07-01,760.24,749.9632011005282,,,,0.8,8.42397727272727,42
xlstm,carbon,USA|west virginia,US,False,rolling,2023-12-01,8,2024-08-01,765.19,744.5579829856753,,,,0.8,8.42397727272727,42
xlstm,carbon,USA|west virginia,US,False,rolling,2023-12-01,9,2024-09-01,729.29,740.2599986663461,,,,0.8,8.42397727272727,42
xlstm,carbon,USA|west virginia,US,False,rolling,2023-12-01,10,2024-10-01,686.97,734.8958853554725,,,,0.8,8.42397727272727,42
xlstm,carbon,USA|west virginia,US,False,rolling,2023-12-01,11,2024-11-01,680.28,732.1947650793195,,,,0.8,8.42397727272727,42
xlstm,carbon,USA|west virginia,US,False,rolling,2023-12-01,12,2024-12-01,738.51,737.7518870201707,,,,0.8,8.42397727272727,42
xlstm,carbon,USA|west virginia,US,False,rolling,2024-12-01,1,2025-01-01,754.42,725.845680027008,,,,0.8,8.948586956521737,42
xlstm,carbon,USA|west virginia,US,False,rolling,2024-12-01,2,2025-02-01,746.28,717.8242498457431,,,,0.8,8.948586956521737,42
xlstm,carbon,USA|west virginia,US,False,rolling,2024-12-01,3,2025-03-01,693.58,720.363071873188,,,,0.8,8.948586956521737,42
xlstm,carbon,USA|west virginia,US,False,rolling,2024-12-01,4,2025-04-01,727.2,731.4336239245533,,,,0.8,8.948586956521737,42
xlstm,carbon,USA|west virginia,US,False,rolling,2024-12-01,5,2025-05-01,715.13,741.517749748528,,,,0.8,8.948586956521737,42
xlstm,carbon,USA|west virginia,US,False,rolling,2024-12-01,6,2025-06-01,763.18,743.9632434648275,,,,0.8,8.948586956521737,42
xlstm,carbon,USA|west virginia,US,False,rolling,2024-12-01,7,2025-07-01,765.39,736.7843628764152,,,,0.8,8.948586956521737,42
xlstm,carbon,USA|west virginia,US,False,rolling,2024-12-01,8,2025-08-01,761.2,726.8732660007477,,,,0.8,8.948586956521737,42
xlstm,carbon,USA|west virginia,US,False,rolling,2024-12-01,9,2025-09-01,746.08,712.1246677060425,,,,0.8,8.948586956521737,42
xlstm,carbon,USA|west virginia,US,False,rolling,2024-12-01,10,2025-10-01,725.38,706.0912256009876,,,,0.8,8.948586956521737,42
xlstm,carbon,USA|west virginia,US,False,rolling,2024-12-01,11,2025-11-01,724.22,712.0614421968162,,,,0.8,8.948586956521737,42
xlstm,carbon,USA|west virginia,US,False,rolling,2024-12-01,12,2025-12-01,758.72,725.6723783648014,,,,0.8,8.948586956521737,42
xlstm,carbon,USA|wisconsin,US,True,holdout,last12,1,2025-01-01,513.73,471.241632040292,,,,0.8,30.687173913043477,42
xlstm,carbon,USA|wisconsin,US,True,holdout,last12,2,2025-02-01,501.39,471.7308890758455,,,,0.8,30.687173913043477,42
xlstm,carbon,USA|wisconsin,US,True,holdout,last12,3,2025-03-01,457.9,473.8874973899126,,,,0.8,30.687173913043477,42
xlstm,carbon,USA|wisconsin,US,True,holdout,last12,4,2025-04-01,435.23,475.64153298556806,,,,0.8,30.687173913043477,42
xlstm,carbon,USA|wisconsin,US,True,holdout,last12,5,2025-05-01,423.46,478.1129755729437,,,,0.8,30.687173913043477,42
xlstm,carbon,USA|wisconsin,US,True,holdout,last12,6,2025-06-01,461.95,479.54483966469763,,,,0.8,30.687173913043477,42
xlstm,carbon,USA|wisconsin,US,True,holdout,last12,7,2025-07-01,477.44,480.30156187951565,,,,0.8,30.687173913043477,42
xlstm,carbon,USA|wisconsin,US,True,holdout,last12,8,2025-08-01,477.24,480.720813152194,,,,0.8,30.687173913043477,42
xlstm,carbon,USA|wisconsin,US,True,holdout,last12,9,2025-09-01,479.85,480.82825920701026,,,,0.8,30.687173913043477,42
xlstm,carbon,USA|wisconsin,US,True,holdout,last12,10,2025-10-01,437.27,481.0680004042387,,,,0.8,30.687173913043477,42
xlstm,carbon,USA|wisconsin,US,True,holdout,last12,11,2025-11-01,463.81,481.6686283504963,,,,0.8,30.687173913043477,42
xlstm,carbon,USA|wisconsin,US,True,holdout,last12,12,2025-12-01,483.28,482.1226116812229,,,,0.8,30.687173913043477,42
xlstm,carbon,USA|wisconsin,US,True,rolling,2022-12-01,1,2023-01-01,485.91,468.93771395444867,,,,0.8,30.044047619047614,42
xlstm,carbon,USA|wisconsin,US,True,rolling,2022-12-01,2,2023-02-01,450.75,464.7031184238195,,,,0.8,30.044047619047614,42
xlstm,carbon,USA|wisconsin,US,True,rolling,2022-12-01,3,2023-03-01,489.41,460.9856715734303,,,,0.8,30.044047619047614,42
xlstm,carbon,USA|wisconsin,US,True,rolling,2022-12-01,4,2023-04-01,403.46,458.0430362436175,,,,0.8,30.044047619047614,42
xlstm,carbon,USA|wisconsin,US,True,rolling,2022-12-01,5,2023-05-01,410.15,455.3279088127613,,,,0.8,30.044047619047614,42
xlstm,carbon,USA|wisconsin,US,True,rolling,2022-12-01,6,2023-06-01,491.84,453.6776700617373,,,,0.8,30.044047619047614,42
xlstm,carbon,USA|wisconsin,US,True,rolling,2022-12-01,7,2023-07-01,533.56,451.877843388766,,,,0.8,30.044047619047614,42
xlstm,carbon,USA|wisconsin,US,True,rolling,2022-12-01,8,2023-08-01,528.17,448.96024065703153,,,,0.8,30.044047619047614,42
xlstm,carbon,USA|wisconsin,US,True,rolling,2022-12-01,9,2023-09-01,525.01,445.93670819208023,,,,0.8,30.044047619047614,42
xlstm,carbon,USA|wisconsin,US,True,rolling,2022-12-01,10,2023-10-01,517.51,444.10486687347293,,,,0.8,30.044047619047614,42
xlstm,carbon,USA|wisconsin,US,True,rolling,2022-12-01,11,2023-11-01,458.75,443.871889975816,,,,0.8,30.044047619047614,42
xlstm,carbon,USA|wisconsin,US,True,rolling,2022-12-01,12,2023-12-01,479.19,443.2500880698859,,,,0.8,30.044047619047614,42
xlstm,carbon,USA|wisconsin,US,True,rolling,2023-12-01,1,2024-01-01,524.24,483.05349416792393,,,,0.8,30.544924242424244,42
xlstm,carbon,USA|wisconsin,US,True,rolling,2023-12-01,2,2024-02-01,442.83,484.6303029376268,,,,0.8,30.544924242424244,42
xlstm,carbon,USA|wisconsin,US,True,rolling,2023-12-01,3,2024-03-01,439.28,486.07531654655935,,,,0.8,30.544924242424244,42
xlstm,carbon,USA|wisconsin,US,True,rolling,2023-12-01,4,2024-04-01,404.94,486.4445029908419,,,,0.8,30.544924242424244,42
xlstm,carbon,USA|wisconsin,US,True,rolling,2023-12-01,5,2024-05-01,434.79,487.8215190964937,,,,0.8,30.544924242424244,42
xlstm,carbon,USA|wisconsin,US,True,rolling,2023-12-01,6,2024-06-01,456.65,489.3904114902019,,,,0.8,30.544924242424244,42
xlstm,carbon,USA|wisconsin,US,True,rolling,2023-12-01,7,2024-07-01,469.31,489.5000157991052,,,,0.8,30.544924242424244,42
xlstm,carbon,USA|wisconsin,US,True,rolling,2023-12-01,8,2024-08-01,481.53,488.38990655988454,,,,0.8,30.544924242424244,42
xlstm,carbon,USA|wisconsin,US,True,rolling,2023-12-01,9,2024-09-01,479.59,487.07189662098887,,,,0.8,30.544924242424244,42
xlstm,carbon,USA|wisconsin,US,True,rolling,2023-12-01,10,2024-10-01,468.57,485.84639995187524,,,,0.8,30.544924242424244,42
xlstm,carbon,USA|wisconsin,US,True,rolling,2023-12-01,11,2024-11-01,471.93,484.8735106742382,,,,0.8,30.544924242424244,42
xlstm,carbon,USA|wisconsin,US,True,rolling,2023-12-01,12,2024-12-01,508.87,485.0151888054609,,,,0.8,30.544924242424244,42
xlstm,carbon,USA|wisconsin,US,True,rolling,2024-12-01,1,2025-01-01,513.73,471.241632040292,,,,0.8,30.687173913043477,42
xlstm,carbon,USA|wisconsin,US,True,rolling,2024-12-01,2,2025-02-01,501.39,471.7308890758455,,,,0.8,30.687173913043477,42
xlstm,carbon,USA|wisconsin,US,True,rolling,2024-12-01,3,2025-03-01,457.9,473.8874973899126,,,,0.8,30.687173913043477,42
xlstm,carbon,USA|wisconsin,US,True,rolling,2024-12-01,4,2025-04-01,435.23,475.64153298556806,,,,0.8,30.687173913043477,42
xlstm,carbon,USA|wisconsin,US,True,rolling,2024-12-01,5,2025-05-01,423.46,478.1129755729437,,,,0.8,30.687173913043477,42
xlstm,carbon,USA|wisconsin,US,True,rolling,2024-12-01,6,2025-06-01,461.95,479.54483966469763,,,,0.8,30.687173913043477,42
xlstm,carbon,USA|wisconsin,US,True,rolling,2024-12-01,7,2025-07-01,477.44,480.30156187951565,,,,0.8,30.687173913043477,42
xlstm,carbon,USA|wisconsin,US,True,rolling,2024-12-01,8,2025-08-01,477.24,480.720813152194,,,,0.8,30.687173913043477,42
xlstm,carbon,USA|wisconsin,US,True,rolling,2024-12-01,9,2025-09-01,479.85,480.82825920701026,,,,0.8,30.687173913043477,42
xlstm,carbon,USA|wisconsin,US,True,rolling,2024-12-01,10,2025-10-01,437.27,481.0680004042387,,,,0.8,30.687173913043477,42
xlstm,carbon,USA|wisconsin,US,True,rolling,2024-12-01,11,2025-11-01,463.81,481.6686283504963,,,,0.8,30.687173913043477,42
xlstm,carbon,USA|wisconsin,US,True,rolling,2024-12-01,12,2025-12-01,483.28,482.1226116812229,,,,0.8,30.687173913043477,42
xlstm,carbon,USA|wyoming,US,True,holdout,last12,1,2025-01-01,541.92,583.0859588587283,,,,0.8,19.338152173913045,42
xlstm,carbon,USA|wyoming,US,True,holdout,last12,2,2025-02-01,529.72,576.7038495957851,,,,0.8,19.338152173913045,42
xlstm,carbon,USA|wyoming,US,True,holdout,last12,3,2025-03-01,499.71,571.2047817230224,,,,0.8,19.338152173913045,42
xlstm,carbon,USA|wyoming,US,True,holdout,last12,4,2025-04-01,484.45,569.4056351161003,,,,0.8,19.338152173913045,42
xlstm,carbon,USA|wyoming,US,True,holdout,last12,5,2025-05-01,500.11,571.6660202646254,,,,0.8,19.338152173913045,42
xlstm,carbon,USA|wyoming,US,True,holdout,last12,6,2025-06-01,570.18,578.2397820305823,,,,0.8,19.338152173913045,42
xlstm,carbon,USA|wyoming,US,True,holdout,last12,7,2025-07-01,607.44,592.7676007914542,,,,0.8,19.338152173913045,42
xlstm,carbon,USA|wyoming,US,True,holdout,last12,8,2025-08-01,611.63,588.2534138369559,,,,0.8,19.338152173913045,42
xlstm,carbon,USA|wyoming,US,True,holdout,last12,9,2025-09-01,613.22,583.7396590292453,,,,0.8,19.338152173913045,42
xlstm,carbon,USA|wyoming,US,True,holdout,last12,10,2025-10-01,552.37,579.0046910393238,,,,0.8,19.338152173913045,42
xlstm,carbon,USA|wyoming,US,True,holdout,last12,11,2025-11-01,517.05,574.9640726017951,,,,0.8,19.338152173913045,42
xlstm,carbon,USA|wyoming,US,True,holdout,last12,12,2025-12-01,454.97,576.4563766002655,,,,0.8,19.338152173913045,42
xlstm,carbon,USA|wyoming,US,True,rolling,2022-12-01,1,2023-01-01,615.55,606.5026987075806,,,,0.8,17.201944444444447,42
xlstm,carbon,USA|wyoming,US,True,rolling,2022-12-01,2,2023-02-01,548.46,606.3212826299667,,,,0.8,17.201944444444447,42
xlstm,carbon,USA|wyoming,US,True,rolling,2022-12-01,3,2023-03-01,566.17,606.688911883831,,,,0.8,17.201944444444447,42
xlstm,carbon,USA|wyoming,US,True,rolling,2022-12-01,4,2023-04-01,537.8,607.7164779162407,,,,0.8,17.201944444444447,42
xlstm,carbon,USA|wyoming,US,True,rolling,2022-12-01,5,2023-05-01,581.99,613.3411124706269,,,,0.8,17.201944444444447,42
xlstm,carbon,USA|wyoming,US,True,rolling,2022-12-01,6,2023-06-01,655.13,623.9314317250252,,,,0.8,17.201944444444447,42
xlstm,carbon,USA|wyoming,US,True,rolling,2022-12-01,7,2023-07-01,696.86,632.0767110610009,,,,0.8,17.201944444444447,42
xlstm,carbon,USA|wyoming,US,True,rolling,2022-12-01,8,2023-08-01,690.19,623.4574816155434,,,,0.8,17.201944444444447,42
xlstm,carbon,USA|wyoming,US,True,rolling,2022-12-01,9,2023-09-01,665.48,613.4783030200005,,,,0.8,17.201944444444447,42
xlstm,carbon,USA|wyoming,US,True,rolling,2022-12-01,10,2023-10-01,655.31,608.7194679188729,,,,0.8,17.201944444444447,42
xlstm,carbon,USA|wyoming,US,True,rolling,2022-12-01,11,2023-11-01,585.55,607.1435684347152,,,,0.8,17.201944444444447,42
xlstm,carbon,USA|wyoming,US,True,rolling,2022-12-01,12,2023-12-01,594.97,606.823966794014,,,,0.8,17.201944444444447,42
xlstm,carbon,USA|wyoming,US,True,rolling,2023-12-01,1,2024-01-01,604.41,587.520106164217,,,,0.8,17.462272727272726,42
xlstm,carbon,USA|wyoming,US,True,rolling,2023-12-01,2,2024-02-01,581.48,582.4590902519226,,,,0.8,17.462272727272726,42
xlstm,carbon,USA|wyoming,US,True,rolling,2023-12-01,3,2024-03-01,531.08,585.2426168477535,,,,0.8,17.462272727272726,42
xlstm,carbon,USA|wyoming,US,True,rolling,2023-12-01,4,2024-04-01,497.02,589.1776614892483,,,,0.8,17.462272727272726,42
xlstm,carbon,USA|wyoming,US,True,rolling,2023-12-01,5,2024-05-01,501.11,608.0875775837899,,,,0.8,17.462272727272726,42
xlstm,carbon,USA|wyoming,US,True,rolling,2023-12-01,6,2024-06-01,517.97,636.4218226957321,,,,0.8,17.462272727272726,42
xlstm,carbon,USA|wyoming,US,True,rolling,2023-12-01,7,2024-07-01,623.87,641.846936776638,,,,0.8,17.462272727272726,42
xlstm,carbon,USA|wyoming,US,True,rolling,2023-12-01,8,2024-08-01,613.32,624.8559288978577,,,,0.8,17.462272727272726,42
xlstm,carbon,USA|wyoming,US,True,rolling,2023-12-01,9,2024-09-01,602.96,608.8553560519218,,,,0.8,17.462272727272726,42
xlstm,carbon,USA|wyoming,US,True,rolling,2023-12-01,10,2024-10-01,586.57,598.4852745890618,,,,0.8,17.462272727272726,42
xlstm,carbon,USA|wyoming,US,True,rolling,2023-12-01,11,2024-11-01,540.0,589.2282696664333,,,,0.8,17.462272727272726,42
xlstm,carbon,USA|wyoming,US,True,rolling,2023-12-01,12,2024-12-01,532.42,589.6021278679372,,,,0.8,17.462272727272726,42
xlstm,carbon,USA|wyoming,US,True,rolling,2024-12-01,1,2025-01-01,541.92,583.0859588587283,,,,0.8,19.338152173913045,42
xlstm,carbon,USA|wyoming,US,True,rolling,2024-12-01,2,2025-02-01,529.72,576.7038495957851,,,,0.8,19.338152173913045,42
xlstm,carbon,USA|wyoming,US,True,rolling,2024-12-01,3,2025-03-01,499.71,571.2047817230224,,,,0.8,19.338152173913045,42
xlstm,carbon,USA|wyoming,US,True,rolling,2024-12-01,4,2025-04-01,484.45,569.4056351161003,,,,0.8,19.338152173913045,42
xlstm,carbon,USA|wyoming,US,True,rolling,2024-12-01,5,2025-05-01,500.11,571.6660202646254,,,,0.8,19.338152173913045,42
xlstm,carbon,USA|wyoming,US,True,rolling,2024-12-01,6,2025-06-01,570.18,578.2397820305823,,,,0.8,19.338152173913045,42
xlstm,carbon,USA|wyoming,US,True,rolling,2024-12-01,7,2025-07-01,607.44,592.7676007914542,,,,0.8,19.338152173913045,42
xlstm,carbon,USA|wyoming,US,True,rolling,2024-12-01,8,2025-08-01,611.63,588.2534138369559,,,,0.8,19.338152173913045,42
xlstm,carbon,USA|wyoming,US,True,rolling,2024-12-01,9,2025-09-01,613.22,583.7396590292453,,,,0.8,19.338152173913045,42
xlstm,carbon,USA|wyoming,US,True,rolling,2024-12-01,10,2025-10-01,552.37,579.0046910393238,,,,0.8,19.338152173913045,42
xlstm,carbon,USA|wyoming,US,True,rolling,2024-12-01,11,2025-11-01,517.05,574.9640726017951,,,,0.8,19.338152173913045,42
xlstm,carbon,USA|wyoming,US,True,rolling,2024-12-01,12,2025-12-01,454.97,576.4563766002655,,,,0.8,19.338152173913045,42
