model,resource,zone_id,region,account_zone,window,origin,h,timestamp,actual,mean,sigma,lo,hi,interval_level,mase_scale,seed
xlstm,electricity,AUT,Europe,True,holdout,last12,1,2025-05-01,5650.0,5429.256031513214,,,,0.8,584.7321428571429,44
xlstm,electricity,AUT,Europe,True,holdout,last12,2,2025-06-01,5930.0,5403.056662082672,,,,0.8,584.7321428571429,44
xlstm,electricity,AUT,Europe,True,holdout,last12,3,2025-07-01,6110.0,5380.367932319641,,,,0.8,584.7321428571429,44
xlstm,electricity,AUT,Europe,True,holdout,last12,4,2025-08-01,5990.0,5360.743288993835,,,,0.8,584.7321428571429,44
xlstm,electricity,AUT,Europe,True,holdout,last12,5,2025-09-01,5030.0,5346.619477272034,,,,0.8,584.7321428571429,44
xlstm,electricity,AUT,Europe,True,holdout,last12,6,2025-10-01,5480.0,5333.0757784843445,,,,0.8,584.7321428571429,44
xlstm,electricity,AUT,Europe,True,holdout,last12,7,2025-11-01,4870.0,5319.552392959595,,,,0.8,584.7321428571429,44
xlstm,electricity,AUT,Europe,True,holdout,last12,8,2025-12-01,4720.0,5310.428183078766,,,,0.8,584.7321428571429,44
xlstm,electricity,AUT,Europe,True,holdout,last12,9,2026-01-01,5300.0,5302.422895431519,,,,0.8,584.7321428571429,44
xlstm,electricity,AUT,Europe,True,holdout,last12,10,2026-02-01,5080.0,5295.561413764954,,,,0.8,584.7321428571429,44
xlstm,electricity,AUT,Europe,True,holdout,last12,11,2026-03-01,5450.0,5290.892918109894,,,,0.8,584.7321428571429,44
xlstm,electricity,AUT,Europe,True,holdout,last12,12,2026-04-01,5680.0,5286.762046813965,,,,0.8,584.7321428571429,44
xlstm,electricity,AUT,Europe,True,rolling,2022-12-01,1,2023-01-01,5010.0,5130.127549171447,,,,0.8,572.2619047619048,44
xlstm,electricity,AUT,Europe,True,rolling,2022-12-01,2,2023-02-01,4930.0,5210.824675559997,,,,0.8,572.2619047619048,44
xlstm,electricity,AUT,Europe,True,rolling,2022-12-01,3,2023-03-01,5160.0,5240.2516651153555,,,,0.8,572.2619047619048,44
xlstm,electricity,AUT,Europe,True,rolling,2022-12-01,4,2023-04-01,5260.0,5284.070434570312,,,,0.8,572.2619047619048,44
xlstm,electricity,AUT,Europe,True,rolling,2022-12-01,5,2023-05-01,6280.0,5315.9719944000235,,,,0.8,572.2619047619048,44
xlstm,electricity,AUT,Europe,True,rolling,2022-12-01,6,2023-06-01,5210.0,5368.6169385910025,,,,0.8,572.2619047619048,44
xlstm,electricity,AUT,Europe,True,rolling,2022-12-01,7,2023-07-01,5010.0,5378.694295883178,,,,0.8,572.2619047619048,44
xlstm,electricity,AUT,Europe,True,rolling,2022-12-01,8,2023-08-01,5510.0,5313.801231384276,,,,0.8,572.2619047619048,44
xlstm,electricity,AUT,Europe,True,rolling,2022-12-01,9,2023-09-01,4890.0,5224.759845733642,,,,0.8,572.2619047619048,44
xlstm,electricity,AUT,Europe,True,rolling,2022-12-01,10,2023-10-01,4370.0,5179.246697425841,,,,0.8,572.2619047619048,44
xlstm,electricity,AUT,Europe,True,rolling,2022-12-01,11,2023-11-01,5730.0,5131.988697052001,,,,0.8,572.2619047619048,44
xlstm,electricity,AUT,Europe,True,rolling,2022-12-01,12,2023-12-01,6080.0,5077.851681709289,,,,0.8,572.2619047619048,44
xlstm,electricity,AUT,Europe,True,rolling,2023-12-01,1,2024-01-01,6680.0,5057.043881416321,,,,0.8,569.1666666666666,44
xlstm,electricity,AUT,Europe,True,rolling,2023-12-01,2,2024-02-01,5410.0,5046.7107009887695,,,,0.8,569.1666666666666,44
xlstm,electricity,AUT,Europe,True,rolling,2023-12-01,3,2024-03-01,5640.0,5032.955936193466,,,,0.8,569.1666666666666,44
xlstm,electricity,AUT,Europe,True,rolling,2023-12-01,4,2024-04-01,5950.0,5030.653113126755,,,,0.8,569.1666666666666,44
xlstm,electricity,AUT,Europe,True,rolling,2023-12-01,5,2024-05-01,6230.0,5037.141783237457,,,,0.8,569.1666666666666,44
xlstm,electricity,AUT,Europe,True,rolling,2023-12-01,6,2024-06-01,6350.0,5083.049755096436,,,,0.8,569.1666666666666,44
xlstm,electricity,AUT,Europe,True,rolling,2023-12-01,7,2024-07-01,6490.0,5086.40189409256,,,,0.8,569.1666666666666,44
xlstm,electricity,AUT,Europe,True,rolling,2023-12-01,8,2024-08-01,5280.0,5085.190272331238,,,,0.8,569.1666666666666,44
xlstm,electricity,AUT,Europe,True,rolling,2023-12-01,9,2024-09-01,5460.0,5105.026488304138,,,,0.8,569.1666666666666,44
xlstm,electricity,AUT,Europe,True,rolling,2023-12-01,10,2024-10-01,6420.0,5099.218673706055,,,,0.8,569.1666666666666,44
xlstm,electricity,AUT,Europe,True,rolling,2023-12-01,11,2024-11-01,5580.0,5082.978928089142,,,,0.8,569.1666666666666,44
xlstm,electricity,AUT,Europe,True,rolling,2023-12-01,12,2024-12-01,5720.0,5119.689860343933,,,,0.8,569.1666666666666,44
xlstm,electricity,AUT,Europe,True,rolling,2024-12-01,1,2025-01-01,5930.0,5340.092995166779,,,,0.8,592.5,44
xlstm,electricity,AUT,Europe,True,rolling,2024-12-01,2,2025-02-01,5250.0,5329.543809890747,,,,0.8,592.5,44
xlstm,electricity,AUT,Europe,True,rolling,2024-12-01,3,2025-03-01,5260.0,5317.5127720832825,,,,0.8,592.5,44
xlstm,electricity,AUT,Europe,True,rolling,2024-12-01,4,2025-04-01,5740.0,5305.403189659119,,,,0.8,592.5,44
xlstm,electricity,AUT,Europe,True,rolling,2024-12-01,5,2025-05-01,5650.0,5294.64173078537,,,,0.8,592.5,44
xlstm,electricity,AUT,Europe,True,rolling,2024-12-01,6,2025-06-01,5930.0,5285.828990936279,,,,0.8,592.5,44
xlstm,electricity,AUT,Europe,True,rolling,2024-12-01,7,2025-07-01,6110.0,5279.047069549561,,,,0.8,592.5,44
xlstm,electricity,AUT,Europe,True,rolling,2024-12-01,8,2025-08-01,5990.0,5274.004809856415,,,,0.8,592.5,44
xlstm,electricity,AUT,Europe,True,rolling,2024-12-01,9,2025-09-01,5030.0,5270.828831195831,,,,0.8,592.5,44
xlstm,electricity,AUT,Europe,True,rolling,2024-12-01,10,2025-10-01,5480.0,5268.432204723358,,,,0.8,592.5,44
xlstm,electricity,AUT,Europe,True,rolling,2024-12-01,11,2025-11-01,4870.0,5266.394107341766,,,,0.8,592.5,44
xlstm,electricity,AUT,Europe,True,rolling,2024-12-01,12,2025-12-01,4720.0,5265.341372489929,,,,0.8,592.5,44
xlstm,electricity,BEL,Europe,True,holdout,last12,1,2025-05-01,5440.0,5956.588364839554,,,,0.8,849.6428571428571,44
xlstm,electricity,BEL,Europe,True,holdout,last12,2,2025-06-01,5460.0,6083.3697736263275,,,,0.8,849.6428571428571,44
xlstm,electricity,BEL,Europe,True,holdout,last12,3,2025-07-01,5070.0,6246.932117938995,,,,0.8,849.6428571428571,44
xlstm,electricity,BEL,Europe,True,holdout,last12,4,2025-08-01,5050.0,6385.2481341362,,,,0.8,849.6428571428571,44
xlstm,electricity,BEL,Europe,True,holdout,last12,5,2025-09-01,5190.0,6481.880519390106,,,,0.8,849.6428571428571,44
xlstm,electricity,BEL,Europe,True,holdout,last12,6,2025-10-01,5370.0,6541.615674495697,,,,0.8,849.6428571428571,44
xlstm,electricity,BEL,Europe,True,holdout,last12,7,2025-11-01,5650.0,6570.802896022797,,,,0.8,849.6428571428571,44
xlstm,electricity,BEL,Europe,True,holdout,last12,8,2025-12-01,6070.0,6576.899333000183,,,,0.8,849.6428571428571,44
xlstm,electricity,BEL,Europe,True,holdout,last12,9,2026-01-01,6700.0,6568.204393386841,,,,0.8,849.6428571428571,44
xlstm,electricity,BEL,Europe,True,holdout,last12,10,2026-02-01,5420.0,6555.4223799705505,,,,0.8,849.6428571428571,44
xlstm,electricity,BEL,Europe,True,holdout,last12,11,2026-03-01,5540.0,6545.82099199295,,,,0.8,849.6428571428571,44
xlstm,electricity,BEL,Europe,True,holdout,last12,12,2026-04-01,4170.0,6543.77290725708,,,,0.8,849.6428571428571,44
xlstm,electricity,BEL,Europe,True,rolling,2022-12-01,1,2023-01-01,8220.0,7128.509805202484,,,,0.8,875.7142857142857,44
xlstm,electricity,BEL,Europe,True,rolling,2022-12-01,2,2023-02-01,6900.0,7125.761353969574,,,,0.8,875.7142857142857,44
xlstm,electricity,BEL,Europe,True,rolling,2022-12-01,3,2023-03-01,7300.0,7113.972067832947,,,,0.8,875.7142857142857,44
xlstm,electricity,BEL,Europe,True,rolling,2022-12-01,4,2023-04-01,6090.0,7095.537486076355,,,,0.8,875.7142857142857,44
xlstm,electricity,BEL,Europe,True,rolling,2022-12-01,5,2023-05-01,5740.0,7075.979719161987,,,,0.8,875.7142857142857,44
xlstm,electricity,BEL,Europe,True,rolling,2022-12-01,6,2023-06-01,6120.0,7057.97835111618,,,,0.8,875.7142857142857,44
xlstm,electricity,BEL,Europe,True,rolling,2022-12-01,7,2023-07-01,6590.0,7043.352255821228,,,,0.8,875.7142857142857,44
xlstm,electricity,BEL,Europe,True,rolling,2022-12-01,8,2023-08-01,5950.0,7029.337389469147,,,,0.8,875.7142857142857,44
xlstm,electricity,BEL,Europe,True,rolling,2022-12-01,9,2023-09-01,5330.0,7013.667631149292,,,,0.8,875.7142857142857,44
xlstm,electricity,BEL,Europe,True,rolling,2022-12-01,10,2023-10-01,5740.0,7001.6366600990295,,,,0.8,875.7142857142857,44
xlstm,electricity,BEL,Europe,True,rolling,2022-12-01,11,2023-11-01,6430.0,6990.831005573273,,,,0.8,875.7142857142857,44
xlstm,electricity,BEL,Europe,True,rolling,2022-12-01,12,2023-12-01,6870.0,6981.907114982605,,,,0.8,875.7142857142857,44
xlstm,electricity,BEL,Europe,True,rolling,2023-12-01,1,2024-01-01,7140.0,6654.5312559604645,,,,0.8,888.5416666666666,44
xlstm,electricity,BEL,Europe,True,rolling,2023-12-01,2,2024-02-01,5580.0,6673.990139961243,,,,0.8,888.5416666666666,44
xlstm,electricity,BEL,Europe,True,rolling,2023-12-01,3,2024-03-01,5230.0,6701.412801742554,,,,0.8,888.5416666666666,44
xlstm,electricity,BEL,Europe,True,rolling,2023-12-01,4,2024-04-01,5910.0,6727.406144142151,,,,0.8,888.5416666666666,44
xlstm,electricity,BEL,Europe,True,rolling,2023-12-01,5,2024-05-01,5740.0,6752.982125282288,,,,0.8,888.5416666666666,44
xlstm,electricity,BEL,Europe,True,rolling,2023-12-01,6,2024-06-01,6000.0,6775.03600358963,,,,0.8,888.5416666666666,44
xlstm,electricity,BEL,Europe,True,rolling,2023-12-01,7,2024-07-01,6240.0,6792.406911849976,,,,0.8,888.5416666666666,44
xlstm,electricity,BEL,Europe,True,rolling,2023-12-01,8,2024-08-01,6200.0,6805.833938121796,,,,0.8,888.5416666666666,44
xlstm,electricity,BEL,Europe,True,rolling,2023-12-01,9,2024-09-01,5200.0,6818.152592182159,,,,0.8,888.5416666666666,44
xlstm,electricity,BEL,Europe,True,rolling,2023-12-01,10,2024-10-01,5170.0,6829.201231002808,,,,0.8,888.5416666666666,44
xlstm,electricity,BEL,Europe,True,rolling,2023-12-01,11,2024-11-01,5790.0,6837.063527107239,,,,0.8,888.5416666666666,44
xlstm,electricity,BEL,Europe,True,rolling,2023-12-01,12,2024-12-01,6460.0,6842.027683258057,,,,0.8,888.5416666666666,44
xlstm,electricity,BEL,Europe,True,rolling,2024-12-01,1,2025-01-01,6500.0,6428.578600883484,,,,0.8,855.7407407407408,44
xlstm,electricity,BEL,Europe,True,rolling,2024-12-01,2,2025-02-01,6320.0,6582.843872308731,,,,0.8,855.7407407407408,44
xlstm,electricity,BEL,Europe,True,rolling,2024-12-01,3,2025-03-01,6050.0,6658.871059417725,,,,0.8,855.7407407407408,44
xlstm,electricity,BEL,Europe,True,rolling,2024-12-01,4,2025-04-01,5370.0,6684.484722614288,,,,0.8,855.7407407407408,44
xlstm,electricity,BEL,Europe,True,rolling,2024-12-01,5,2025-05-01,5440.0,6674.570183753967,,,,0.8,855.7407407407408,44
xlstm,electricity,BEL,Europe,True,rolling,2024-12-01,6,2025-06-01,5460.0,6648.900907039642,,,,0.8,855.7407407407408,44
xlstm,electricity,BEL,Europe,True,rolling,2024-12-01,7,2025-07-01,5070.0,6619.870780706406,,,,0.8,855.7407407407408,44
xlstm,electricity,BEL,Europe,True,rolling,2024-12-01,8,2025-08-01,5050.0,6596.672797203064,,,,0.8,855.7407407407408,44
xlstm,electricity,BEL,Europe,True,rolling,2024-12-01,9,2025-09-01,5190.0,6585.2064073085785,,,,0.8,855.7407407407408,44
xlstm,electricity,BEL,Europe,True,rolling,2024-12-01,10,2025-10-01,5370.0,6590.710586309433,,,,0.8,855.7407407407408,44
xlstm,electricity,BEL,Europe,True,rolling,2024-12-01,11,2025-11-01,5650.0,6608.373465538025,,,,0.8,855.7407407407408,44
xlstm,electricity,BEL,Europe,True,rolling,2024-12-01,12,2025-12-01,6070.0,6630.166298151016,,,,0.8,855.7407407407408,44
xlstm,electricity,BGR,Europe,True,holdout,last12,1,2025-05-01,2370.0,3032.4278584122662,,,,0.8,434.73214285714283,44
xlstm,electricity,BGR,Europe,True,holdout,last12,2,2025-06-01,2820.0,3064.422648251057,,,,0.8,434.73214285714283,44
xlstm,electricity,BGR,Europe,True,holdout,last12,3,2025-07-01,3000.0,3155.7768917083745,,,,0.8,434.73214285714283,44
xlstm,electricity,BGR,Europe,True,holdout,last12,4,2025-08-01,2910.0,3149.0051633119588,,,,0.8,434.73214285714283,44
xlstm,electricity,BGR,Europe,True,holdout,last12,5,2025-09-01,2730.0,3130.02873569727,,,,0.8,434.73214285714283,44
xlstm,electricity,BGR,Europe,True,holdout,last12,6,2025-10-01,2890.0,3175.4193788766866,,,,0.8,434.73214285714283,44
xlstm,electricity,BGR,Europe,True,holdout,last12,7,2025-11-01,2500.0,3283.206123709679,,,,0.8,434.73214285714283,44
xlstm,electricity,BGR,Europe,True,holdout,last12,8,2025-12-01,3330.0,3417.7601522207265,,,,0.8,434.73214285714283,44
xlstm,electricity,BGR,Europe,True,holdout,last12,9,2026-01-01,3760.0,3482.9987472295766,,,,0.8,434.73214285714283,44
xlstm,electricity,BGR,Europe,True,holdout,last12,10,2026-02-01,3250.0,3446.8266403675084,,,,0.8,434.73214285714283,44
xlstm,electricity,BGR,Europe,True,holdout,last12,11,2026-03-01,3460.0,3332.341108322144,,,,0.8,434.73214285714283,44
xlstm,electricity,BGR,Europe,True,holdout,last12,12,2026-04-01,3220.0,3265.5229678750043,,,,0.8,434.73214285714283,44
xlstm,electricity,BGR,Europe,True,rolling,2022-12-01,1,2023-01-01,4390.0,3749.9558901786804,,,,0.8,397.6190476190476,44
xlstm,electricity,BGR,Europe,True,rolling,2022-12-01,2,2023-02-01,4059.9999999999995,3750.6600683927536,,,,0.8,397.6190476190476,44
xlstm,electricity,BGR,Europe,True,rolling,2022-12-01,3,2023-03-01,3650.0,3749.6917408704758,,,,0.8,397.6190476190476,44
xlstm,electricity,BGR,Europe,True,rolling,2022-12-01,4,2023-04-01,2960.0,3747.7861708402634,,,,0.8,397.6190476190476,44
xlstm,electricity,BGR,Europe,True,rolling,2022-12-01,5,2023-05-01,2460.0,3746.0819202661514,,,,0.8,397.6190476190476,44
xlstm,electricity,BGR,Europe,True,rolling,2022-12-01,6,2023-06-01,2940.0,3744.716452360153,,,,0.8,397.6190476190476,44
xlstm,electricity,BGR,Europe,True,rolling,2022-12-01,7,2023-07-01,3290.0,3743.569605946541,,,,0.8,397.6190476190476,44
xlstm,electricity,BGR,Europe,True,rolling,2022-12-01,8,2023-08-01,3150.0,3742.7131551504135,,,,0.8,397.6190476190476,44
xlstm,electricity,BGR,Europe,True,rolling,2022-12-01,9,2023-09-01,3150.0,3742.134709954262,,,,0.8,397.6190476190476,44
xlstm,electricity,BGR,Europe,True,rolling,2022-12-01,10,2023-10-01,2780.0,3741.838449239731,,,,0.8,397.6190476190476,44
xlstm,electricity,BGR,Europe,True,rolling,2022-12-01,11,2023-11-01,3090.0,3741.7418950796127,,,,0.8,397.6190476190476,44
xlstm,electricity,BGR,Europe,True,rolling,2022-12-01,12,2023-12-01,3750.0,3741.453772187233,,,,0.8,397.6190476190476,44
xlstm,electricity,BGR,Europe,True,rolling,2023-12-01,1,2024-01-01,3690.0,3848.426184654236,,,,0.8,454.4791666666667,44
xlstm,electricity,BGR,Europe,True,rolling,2023-12-01,2,2024-02-01,3170.0,3831.0520684719086,,,,0.8,454.4791666666667,44
xlstm,electricity,BGR,Europe,True,rolling,2023-12-01,3,2024-03-01,3260.0,3696.7602199316025,,,,0.8,454.4791666666667,44
xlstm,electricity,BGR,Europe,True,rolling,2023-12-01,4,2024-04-01,3160.0,3593.628371357918,,,,0.8,454.4791666666667,44
xlstm,electricity,BGR,Europe,True,rolling,2023-12-01,5,2024-05-01,2520.0,3539.583442211151,,,,0.8,454.4791666666667,44
xlstm,electricity,BGR,Europe,True,rolling,2023-12-01,6,2024-06-01,2410.0,3480.0839459896088,,,,0.8,454.4791666666667,44
xlstm,electricity,BGR,Europe,True,rolling,2023-12-01,7,2024-07-01,3440.0,3373.121259212494,,,,0.8,454.4791666666667,44
xlstm,electricity,BGR,Europe,True,rolling,2023-12-01,8,2024-08-01,3330.0,3303.2421773672104,,,,0.8,454.4791666666667,44
xlstm,electricity,BGR,Europe,True,rolling,2023-12-01,9,2024-09-01,2910.0,3302.827534675598,,,,0.8,454.4791666666667,44
xlstm,electricity,BGR,Europe,True,rolling,2023-12-01,10,2024-10-01,2660.0,3349.766889810562,,,,0.8,454.4791666666667,44
xlstm,electricity,BGR,Europe,True,rolling,2023-12-01,11,2024-11-01,2710.0,3462.8936952352524,,,,0.8,454.4791666666667,44
xlstm,electricity,BGR,Europe,True,rolling,2023-12-01,12,2024-12-01,3440.0,3586.4535158872604,,,,0.8,454.4791666666667,44
xlstm,electricity,BGR,Europe,True,rolling,2024-12-01,1,2025-01-01,3800.0,3081.376515179873,,,,0.8,442.4074074074074,44
xlstm,electricity,BGR,Europe,True,rolling,2024-12-01,2,2025-02-01,3780.0,2977.474134266377,,,,0.8,442.4074074074074,44
xlstm,electricity,BGR,Europe,True,rolling,2024-12-01,3,2025-03-01,3190.0,2932.433485835791,,,,0.8,442.4074074074074,44
xlstm,electricity,BGR,Europe,True,rolling,2024-12-01,4,2025-04-01,3040.0,2845.447189956904,,,,0.8,442.4074074074074,44
xlstm,electricity,BGR,Europe,True,rolling,2024-12-01,5,2025-05-01,2370.0,2773.1521500647073,,,,0.8,442.4074074074074,44
xlstm,electricity,BGR,Europe,True,rolling,2024-12-01,6,2025-06-01,2820.0,2831.728633344174,,,,0.8,442.4074074074074,44
xlstm,electricity,BGR,Europe,True,rolling,2024-12-01,7,2025-07-01,3000.0,2928.551662564278,,,,0.8,442.4074074074074,44
xlstm,electricity,BGR,Europe,True,rolling,2024-12-01,8,2025-08-01,2910.0,2849.064417034388,,,,0.8,442.4074074074074,44
xlstm,electricity,BGR,Europe,True,rolling,2024-12-01,9,2025-09-01,2730.0,2778.1535795331006,,,,0.8,442.4074074074074,44
xlstm,electricity,BGR,Europe,True,rolling,2024-12-01,10,2025-10-01,2890.0,2782.1342831850056,,,,0.8,442.4074074074074,44
xlstm,electricity,BGR,Europe,True,rolling,2024-12-01,11,2025-11-01,2500.0,2834.3456646800046,,,,0.8,442.4074074074074,44
xlstm,electricity,BGR,Europe,True,rolling,2024-12-01,12,2025-12-01,3330.0,2881.5142697095876,,,,0.8,442.4074074074074,44
xlstm,electricity,BIH,Europe,False,holdout,last12,1,2025-05-01,700.0,1174.7615289688113,,,,0.8,155.46875,44
xlstm,electricity,BIH,Europe,False,holdout,last12,2,2025-06-01,770.0,1174.5937150716784,,,,0.8,155.46875,44
xlstm,electricity,BIH,Europe,False,holdout,last12,3,2025-07-01,790.0,1175.1994711160662,,,,0.8,155.46875,44
xlstm,electricity,BIH,Europe,False,holdout,last12,4,2025-08-01,870.0,1175.9595346450808,,,,0.8,155.46875,44
xlstm,electricity,BIH,Europe,False,holdout,last12,5,2025-09-01,790.0,1176.5650939941409,,,,0.8,155.46875,44
xlstm,electricity,BIH,Europe,False,holdout,last12,6,2025-10-01,890.0,1176.9564521312716,,,,0.8,155.46875,44
xlstm,electricity,BIH,Europe,False,holdout,last12,7,2025-11-01,1080.0,1177.1718335151675,,,,0.8,155.46875,44
xlstm,electricity,BIH,Europe,False,holdout,last12,8,2025-12-01,1180.0,1177.27034509182,,,,0.8,155.46875,44
xlstm,electricity,BIH,Europe,False,holdout,last12,9,2026-01-01,1230.0,1177.3153555393221,,,,0.8,155.46875,44
xlstm,electricity,BIH,Europe,False,holdout,last12,10,2026-02-01,1130.0,1177.3099792003634,,,,0.8,155.46875,44
xlstm,electricity,BIH,Europe,False,holdout,last12,11,2026-03-01,1140.0,1177.2754919528963,,,,0.8,155.46875,44
xlstm,electricity,BIH,Europe,False,holdout,last12,12,2026-04-01,800.0,1177.2569042444231,,,,0.8,155.46875,44
xlstm,electricity,BIH,Europe,False,rolling,2022-12-01,1,2023-01-01,1310.0,1237.1022117137911,,,,0.8,166.11111111111111,44
xlstm,electricity,BIH,Europe,False,rolling,2022-12-01,2,2023-02-01,1110.0,1239.6043074131014,,,,0.8,166.11111111111111,44
xlstm,electricity,BIH,Europe,False,rolling,2022-12-01,3,2023-03-01,1290.0,1239.7260618209841,,,,0.8,166.11111111111111,44
xlstm,electricity,BIH,Europe,False,rolling,2022-12-01,4,2023-04-01,1150.0,1238.7170475721362,,,,0.8,166.11111111111111,44
xlstm,electricity,BIH,Europe,False,rolling,2022-12-01,5,2023-05-01,1200.0,1236.9779986143114,,,,0.8,166.11111111111111,44
xlstm,electricity,BIH,Europe,False,rolling,2022-12-01,6,2023-06-01,1120.0,1234.6217525005343,,,,0.8,166.11111111111111,44
xlstm,electricity,BIH,Europe,False,rolling,2022-12-01,7,2023-07-01,1090.0,1232.0585501194003,,,,0.8,166.11111111111111,44
xlstm,electricity,BIH,Europe,False,rolling,2022-12-01,8,2023-08-01,1400.0,1229.9415183067324,,,,0.8,166.11111111111111,44
xlstm,electricity,BIH,Europe,False,rolling,2022-12-01,9,2023-09-01,1000.0,1228.5149526596072,,,,0.8,166.11111111111111,44
xlstm,electricity,BIH,Europe,False,rolling,2022-12-01,10,2023-10-01,1020.0,1227.0471465587618,,,,0.8,166.11111111111111,44
xlstm,electricity,BIH,Europe,False,rolling,2022-12-01,11,2023-11-01,1210.0,1226.3543856143954,,,,0.8,166.11111111111111,44
xlstm,electricity,BIH,Europe,False,rolling,2022-12-01,12,2023-12-01,1300.0,1226.3721865415575,,,,0.8,166.11111111111111,44
xlstm,electricity,BIH,Europe,False,rolling,2023-12-01,1,2024-01-01,1360.0,1233.7650132179263,,,,0.8,156.45833333333334,44
xlstm,electricity,BIH,Europe,False,rolling,2023-12-01,2,2024-02-01,1180.0,1235.7470136880877,,,,0.8,156.45833333333334,44
xlstm,electricity,BIH,Europe,False,rolling,2023-12-01,3,2024-03-01,1170.0,1235.5222564935686,,,,0.8,156.45833333333334,44
xlstm,electricity,BIH,Europe,False,rolling,2023-12-01,4,2024-04-01,890.0,1234.3311679363253,,,,0.8,156.45833333333334,44
xlstm,electricity,BIH,Europe,False,rolling,2023-12-01,5,2024-05-01,870.0,1231.7672115564349,,,,0.8,156.45833333333334,44
xlstm,electricity,BIH,Europe,False,rolling,2023-12-01,6,2024-06-01,990.0,1229.0100020170214,,,,0.8,156.45833333333334,44
xlstm,electricity,BIH,Europe,False,rolling,2023-12-01,7,2024-07-01,1000.0,1226.2045365571978,,,,0.8,156.45833333333334,44
xlstm,electricity,BIH,Europe,False,rolling,2023-12-01,8,2024-08-01,850.0,1223.9009392261507,,,,0.8,156.45833333333334,44
xlstm,electricity,BIH,Europe,False,rolling,2023-12-01,9,2024-09-01,840.0,1222.7351915836337,,,,0.8,156.45833333333334,44
xlstm,electricity,BIH,Europe,False,rolling,2023-12-01,10,2024-10-01,920.0,1221.2775808572771,,,,0.8,156.45833333333334,44
xlstm,electricity,BIH,Europe,False,rolling,2023-12-01,11,2024-11-01,1020.0,1220.8678972721102,,,,0.8,156.45833333333334,44
xlstm,electricity,BIH,Europe,False,rolling,2023-12-01,12,2024-12-01,1350.0,1221.351046562195,,,,0.8,156.45833333333334,44
xlstm,electricity,BIH,Europe,False,rolling,2024-12-01,1,2025-01-01,1260.0,1189.525119662285,,,,0.8,160.16666666666666,44
xlstm,electricity,BIH,Europe,False,rolling,2024-12-01,2,2025-02-01,990.0,1196.2113839387896,,,,0.8,160.16666666666666,44
xlstm,electricity,BIH,Europe,False,rolling,2024-12-01,3,2025-03-01,1150.0,1198.4269601106646,,,,0.8,160.16666666666666,44
xlstm,electricity,BIH,Europe,False,rolling,2024-12-01,4,2025-04-01,920.0,1197.2988796234133,,,,0.8,160.16666666666666,44
xlstm,electricity,BIH,Europe,False,rolling,2024-12-01,5,2025-05-01,700.0,1194.4869560003283,,,,0.8,160.16666666666666,44
xlstm,electricity,BIH,Europe,False,rolling,2024-12-01,6,2025-06-01,770.0,1191.3747441768649,,,,0.8,160.16666666666666,44
xlstm,electricity,BIH,Europe,False,rolling,2024-12-01,7,2025-07-01,790.0,1188.7312901020052,,,,0.8,160.16666666666666,44
xlstm,electricity,BIH,Europe,False,rolling,2024-12-01,8,2025-08-01,870.0,1186.8756991624834,,,,0.8,160.16666666666666,44
xlstm,electricity,BIH,Europe,False,rolling,2024-12-01,9,2025-09-01,790.0,1185.8416062593462,,,,0.8,160.16666666666666,44
xlstm,electricity,BIH,Europe,False,rolling,2024-12-01,10,2025-10-01,890.0,1185.4452323913576,,,,0.8,160.16666666666666,44
xlstm,electricity,BIH,Europe,False,rolling,2024-12-01,11,2025-11-01,1080.0,1185.4231369495394,,,,0.8,160.16666666666666,44
xlstm,electricity,BIH,Europe,False,rolling,2024-12-01,12,2025-12-01,1180.0,1185.5532836914065,,,,0.8,160.16666666666666,44
xlstm,electricity,CHE,Europe,False,holdout,last12,1,2025-05-01,6010.0,5857.317771911621,,,,0.8,620.6818181818181,44
xlstm,electricity,CHE,Europe,False,holdout,last12,2,2025-06-01,7030.0,5848.771781921387,,,,0.8,620.6818181818181,44
xlstm,electricity,CHE,Europe,False,holdout,last12,3,2025-07-01,6380.0,5847.417373657227,,,,0.8,620.6818181818181,44
xlstm,electricity,CHE,Europe,False,holdout,last12,4,2025-08-01,6030.0,5848.98738861084,,,,0.8,620.6818181818181,44
xlstm,electricity,CHE,Europe,False,holdout,last12,5,2025-09-01,5720.0,5852.293586730957,,,,0.8,620.6818181818181,44
xlstm,electricity,CHE,Europe,False,holdout,last12,6,2025-10-01,5160.0,5856.014175415039,,,,0.8,620.6818181818181,44
xlstm,electricity,CHE,Europe,False,holdout,last12,7,2025-11-01,4960.0,5858.836288452148,,,,0.8,620.6818181818181,44
xlstm,electricity,CHE,Europe,False,holdout,last12,8,2025-12-01,4690.0,5861.201095581055,,,,0.8,620.6818181818181,44
xlstm,electricity,CHE,Europe,False,holdout,last12,9,2026-01-01,4910.0,5862.951698303223,,,,0.8,620.6818181818181,44
xlstm,electricity,CHE,Europe,False,holdout,last12,10,2026-02-01,4370.0,5864.092559814453,,,,0.8,620.6818181818181,44
xlstm,electricity,CHE,Europe,False,holdout,last12,11,2026-03-01,4860.0,5865.124931335449,,,,0.8,620.6818181818181,44
xlstm,electricity,CHE,Europe,False,holdout,last12,12,2026-04-01,5610.0,5865.879554748535,,,,0.8,620.6818181818181,44
xlstm,electricity,CHE,Europe,False,rolling,2022-12-01,1,2023-01-01,5720.0,5663.887029886246,,,,0.8,553.8333333333334,44
xlstm,electricity,CHE,Europe,False,rolling,2022-12-01,2,2023-02-01,4980.0,5664.0780556201935,,,,0.8,553.8333333333334,44
xlstm,electricity,CHE,Europe,False,rolling,2022-12-01,3,2023-03-01,5610.0,5665.20820915699,,,,0.8,553.8333333333334,44
xlstm,electricity,CHE,Europe,False,rolling,2022-12-01,4,2023-04-01,5270.0,5666.479662656784,,,,0.8,553.8333333333334,44
xlstm,electricity,CHE,Europe,False,rolling,2022-12-01,5,2023-05-01,5730.0,5667.496333122253,,,,0.8,553.8333333333334,44
xlstm,electricity,CHE,Europe,False,rolling,2022-12-01,6,2023-06-01,6590.0,5668.190278410912,,,,0.8,553.8333333333334,44
xlstm,electricity,CHE,Europe,False,rolling,2022-12-01,7,2023-07-01,7180.0,5668.559283018112,,,,0.8,553.8333333333334,44
xlstm,electricity,CHE,Europe,False,rolling,2022-12-01,8,2023-08-01,6800.0,5668.758432269096,,,,0.8,553.8333333333334,44
xlstm,electricity,CHE,Europe,False,rolling,2022-12-01,9,2023-09-01,6650.0,5668.801265358925,,,,0.8,553.8333333333334,44
xlstm,electricity,CHE,Europe,False,rolling,2022-12-01,10,2023-10-01,6020.0,5668.756709098816,,,,0.8,553.8333333333334,44
xlstm,electricity,CHE,Europe,False,rolling,2022-12-01,11,2023-11-01,6320.0,5668.696644306183,,,,0.8,553.8333333333334,44
xlstm,electricity,CHE,Europe,False,rolling,2022-12-01,12,2023-12-01,5880.0,5668.625994324684,,,,0.8,553.8333333333334,44
xlstm,electricity,CHE,Europe,False,rolling,2023-12-01,1,2024-01-01,6540.0,5740.760610103607,,,,0.8,580.0,44
xlstm,electricity,CHE,Europe,False,rolling,2023-12-01,2,2024-02-01,5810.0,5737.944211363792,,,,0.8,580.0,44
xlstm,electricity,CHE,Europe,False,rolling,2023-12-01,3,2024-03-01,6360.0,5735.104919075966,,,,0.8,580.0,44
xlstm,electricity,CHE,Europe,False,rolling,2023-12-01,4,2024-04-01,6350.0,5732.534933686256,,,,0.8,580.0,44
xlstm,electricity,CHE,Europe,False,rolling,2023-12-01,5,2024-05-01,6260.0,5730.5751967430115,,,,0.8,580.0,44
xlstm,electricity,CHE,Europe,False,rolling,2023-12-01,6,2024-06-01,7230.0,5729.083669781685,,,,0.8,580.0,44
xlstm,electricity,CHE,Europe,False,rolling,2023-12-01,7,2024-07-01,9320.0,5727.931115031242,,,,0.8,580.0,44
xlstm,electricity,CHE,Europe,False,rolling,2023-12-01,8,2024-08-01,8119.999999999999,5727.065345048904,,,,0.8,580.0,44
xlstm,electricity,CHE,Europe,False,rolling,2023-12-01,9,2024-09-01,6430.0,5726.523038744926,,,,0.8,580.0,44
xlstm,electricity,CHE,Europe,False,rolling,2023-12-01,10,2024-10-01,6820.0,5726.171512007713,,,,0.8,580.0,44
xlstm,electricity,CHE,Europe,False,rolling,2023-12-01,11,2024-11-01,6030.0,5726.013965010643,,,,0.8,580.0,44
xlstm,electricity,CHE,Europe,False,rolling,2023-12-01,12,2024-12-01,5780.0,5725.86380302906,,,,0.8,580.0,44
xlstm,electricity,CHE,Europe,False,rolling,2024-12-01,1,2025-01-01,6000.0,6358.857898712158,,,,0.8,610.4761904761905,44
xlstm,electricity,CHE,Europe,False,rolling,2024-12-01,2,2025-02-01,5220.0,6318.898391723633,,,,0.8,610.4761904761905,44
xlstm,electricity,CHE,Europe,False,rolling,2024-12-01,3,2025-03-01,5000.0,6295.6962966918945,,,,0.8,610.4761904761905,44
xlstm,electricity,CHE,Europe,False,rolling,2024-12-01,4,2025-04-01,5500.0,6263.925552368164,,,,0.8,610.4761904761905,44
xlstm,electricity,CHE,Europe,False,rolling,2024-12-01,5,2025-05-01,6010.0,6232.6531410217285,,,,0.8,610.4761904761905,44
xlstm,electricity,CHE,Europe,False,rolling,2024-12-01,6,2025-06-01,7030.0,6201.279449462891,,,,0.8,610.4761904761905,44
xlstm,electricity,CHE,Europe,False,rolling,2024-12-01,7,2025-07-01,6380.0,6151.157417297363,,,,0.8,610.4761904761905,44
xlstm,electricity,CHE,Europe,False,rolling,2024-12-01,8,2025-08-01,6030.0,6075.426940917969,,,,0.8,610.4761904761905,44
xlstm,electricity,CHE,Europe,False,rolling,2024-12-01,9,2025-09-01,5720.0,6034.516944885254,,,,0.8,610.4761904761905,44
xlstm,electricity,CHE,Europe,False,rolling,2024-12-01,10,2025-10-01,5160.0,6021.261253356934,,,,0.8,610.4761904761905,44
xlstm,electricity,CHE,Europe,False,rolling,2024-12-01,11,2025-11-01,4960.0,6003.196640014648,,,,0.8,610.4761904761905,44
xlstm,electricity,CHE,Europe,False,rolling,2024-12-01,12,2025-12-01,4690.0,5996.199722290039,,,,0.8,610.4761904761905,44
xlstm,electricity,CYP,Europe,False,holdout,last12,1,2025-03-01,470.0,468.80352050065994,,,,0.8,30.813953488372093,44
xlstm,electricity,CYP,Europe,False,holdout,last12,2,2025-04-01,460.0,484.57693099975586,,,,0.8,30.813953488372093,44
xlstm,electricity,CYP,Europe,False,holdout,last12,3,2025-05-01,500.0,504.20862317085266,,,,0.8,30.813953488372093,44
xlstm,electricity,CYP,Europe,False,holdout,last12,4,2025-06-01,610.0,521.9474786520004,,,,0.8,30.813953488372093,44
xlstm,electricity,CYP,Europe,False,holdout,last12,5,2025-07-01,750.0,528.2201865315437,,,,0.8,30.813953488372093,44
xlstm,electricity,CYP,Europe,False,holdout,last12,6,2025-08-01,740.0,524.9733743071556,,,,0.8,30.813953488372093,44
xlstm,electricity,CYP,Europe,False,holdout,last12,7,2025-09-01,640.0,517.3400542140007,,,,0.8,30.813953488372093,44
xlstm,electricity,CYP,Europe,False,holdout,last12,8,2025-10-01,520.0,514.2212101817131,,,,0.8,30.813953488372093,44
xlstm,electricity,CYP,Europe,False,holdout,last12,9,2025-11-01,490.0,514.0573272109032,,,,0.8,30.813953488372093,44
xlstm,electricity,CYP,Europe,False,holdout,last12,10,2025-12-01,540.0,515.5589485168457,,,,0.8,30.813953488372093,44
xlstm,electricity,CYP,Europe,False,holdout,last12,11,2026-01-01,610.0,512.1472188830376,,,,0.8,30.813953488372093,44
xlstm,electricity,CYP,Europe,False,holdout,last12,12,2026-02-01,500.0,508.4068167209625,,,,0.8,30.813953488372093,44
xlstm,electricity,CYP,Europe,False,rolling,2022-12-01,1,2023-01-01,500.0,477.1921443939209,,,,0.8,27.833333333333332,44
xlstm,electricity,CYP,Europe,False,rolling,2022-12-01,2,2023-02-01,500.0,435.17908573150635,,,,0.8,27.833333333333332,44
xlstm,electricity,CYP,Europe,False,rolling,2022-12-01,3,2023-03-01,440.0,425.98698139190674,,,,0.8,27.833333333333332,44
xlstm,electricity,CYP,Europe,False,rolling,2022-12-01,4,2023-04-01,420.0,418.13605308532715,,,,0.8,27.833333333333332,44
xlstm,electricity,CYP,Europe,False,rolling,2022-12-01,5,2023-05-01,450.0,441.75265312194824,,,,0.8,27.833333333333332,44
xlstm,electricity,CYP,Europe,False,rolling,2022-12-01,6,2023-06-01,520.0,540.32958984375,,,,0.8,27.833333333333332,44
xlstm,electricity,CYP,Europe,False,rolling,2022-12-01,7,2023-07-01,720.0,636.8378448486328,,,,0.8,27.833333333333332,44
xlstm,electricity,CYP,Europe,False,rolling,2022-12-01,8,2023-08-01,710.0,640.4453468322754,,,,0.8,27.833333333333332,44
xlstm,electricity,CYP,Europe,False,rolling,2022-12-01,9,2023-09-01,590.0,551.3448143005371,,,,0.8,27.833333333333332,44
xlstm,electricity,CYP,Europe,False,rolling,2022-12-01,10,2023-10-01,500.0,481.73133850097656,,,,0.8,27.833333333333332,44
xlstm,electricity,CYP,Europe,False,rolling,2022-12-01,11,2023-11-01,460.0,478.94126892089844,,,,0.8,27.833333333333332,44
xlstm,electricity,CYP,Europe,False,rolling,2022-12-01,12,2023-12-01,480.0,479.3224048614502,,,,0.8,27.833333333333332,44
xlstm,electricity,CYP,Europe,False,rolling,2023-12-01,1,2024-01-01,510.0,465.5087572336197,,,,0.8,29.444444444444443,44
xlstm,electricity,CYP,Europe,False,rolling,2023-12-01,2,2024-02-01,490.0,460.89364409446716,,,,0.8,29.444444444444443,44
xlstm,electricity,CYP,Europe,False,rolling,2023-12-01,3,2024-03-01,460.0,452.651899009943,,,,0.8,29.444444444444443,44
xlstm,electricity,CYP,Europe,False,rolling,2023-12-01,4,2024-04-01,440.0,427.309477776289,,,,0.8,29.444444444444443,44
xlstm,electricity,CYP,Europe,False,rolling,2023-12-01,5,2024-05-01,470.0,422.2407755255699,,,,0.8,29.444444444444443,44
xlstm,electricity,CYP,Europe,False,rolling,2023-12-01,6,2024-06-01,680.0,470.29719918966293,,,,0.8,29.444444444444443,44
xlstm,electricity,CYP,Europe,False,rolling,2023-12-01,7,2024-07-01,760.0,592.6576536893845,,,,0.8,29.444444444444443,44
xlstm,electricity,CYP,Europe,False,rolling,2023-12-01,8,2024-08-01,730.0,671.7923295497894,,,,0.8,29.444444444444443,44
xlstm,electricity,CYP,Europe,False,rolling,2023-12-01,9,2024-09-01,600.0,620.7033973932266,,,,0.8,29.444444444444443,44
xlstm,electricity,CYP,Europe,False,rolling,2023-12-01,10,2024-10-01,530.0,511.41873866319656,,,,0.8,29.444444444444443,44
xlstm,electricity,CYP,Europe,False,rolling,2023-12-01,11,2024-11-01,480.0,483.1895899772644,,,,0.8,29.444444444444443,44
xlstm,electricity,CYP,Europe,False,rolling,2023-12-01,12,2024-12-01,550.0,482.3562306165695,,,,0.8,29.444444444444443,44
xlstm,electricity,CYP,Europe,False,rolling,2024-12-01,1,2025-01-01,550.0,461.29801750183105,,,,0.8,30.357142857142858,44
xlstm,electricity,CYP,Europe,False,rolling,2024-12-01,2,2025-02-01,550.0,454.4621914625168,,,,0.8,30.357142857142858,44
xlstm,electricity,CYP,Europe,False,rolling,2024-12-01,3,2025-03-01,470.0,439.16049659252167,,,,0.8,30.357142857142858,44
xlstm,electricity,CYP,Europe,False,rolling,2024-12-01,4,2025-04-01,460.0,427.5548741221428,,,,0.8,30.357142857142858,44
xlstm,electricity,CYP,Europe,False,rolling,2024-12-01,5,2025-05-01,500.0,470.3652322292328,,,,0.8,30.357142857142858,44
xlstm,electricity,CYP,Europe,False,rolling,2024-12-01,6,2025-06-01,610.0,584.503259062767,,,,0.8,30.357142857142858,44
xlstm,electricity,CYP,Europe,False,rolling,2024-12-01,7,2025-07-01,750.0,660.9838849306107,,,,0.8,30.357142857142858,44
xlstm,electricity,CYP,Europe,False,rolling,2024-12-01,8,2025-08-01,740.0,690.1600283384323,,,,0.8,30.357142857142858,44
xlstm,electricity,CYP,Europe,False,rolling,2024-12-01,9,2025-09-01,640.0,628.5010713338852,,,,0.8,30.357142857142858,44
xlstm,electricity,CYP,Europe,False,rolling,2024-12-01,10,2025-10-01,520.0,547.5305634737015,,,,0.8,30.357142857142858,44
xlstm,electricity,CYP,Europe,False,rolling,2024-12-01,11,2025-11-01,490.0,503.8463604450226,,,,0.8,30.357142857142858,44
xlstm,electricity,CYP,Europe,False,rolling,2024-12-01,12,2025-12-01,540.0,491.5055775642395,,,,0.8,30.357142857142858,44
xlstm,electricity,CZE,Europe,False,holdout,last12,1,2025-05-01,5350.0,5623.544540405273,,,,0.8,448.0357142857143,44
xlstm,electricity,CZE,Europe,False,holdout,last12,2,2025-06-01,4420.0,5455.137376785278,,,,0.8,448.0357142857143,44
xlstm,electricity,CZE,Europe,False,holdout,last12,3,2025-07-01,5190.0,5449.830822944641,,,,0.8,448.0357142857143,44
xlstm,electricity,CZE,Europe,False,holdout,last12,4,2025-08-01,5580.0,5596.461217403412,,,,0.8,448.0357142857143,44
xlstm,electricity,CZE,Europe,False,holdout,last12,5,2025-09-01,5060.0,5884.695796966553,,,,0.8,448.0357142857143,44
xlstm,electricity,CZE,Europe,False,holdout,last12,6,2025-10-01,5830.0,6260.576198101044,,,,0.8,448.0357142857143,44
xlstm,electricity,CZE,Europe,False,holdout,last12,7,2025-11-01,6460.0,6658.321237564087,,,,0.8,448.0357142857143,44
xlstm,electricity,CZE,Europe,False,holdout,last12,8,2025-12-01,6330.0,6918.001499176025,,,,0.8,448.0357142857143,44
xlstm,electricity,CZE,Europe,False,holdout,last12,9,2026-01-01,7350.0,7006.816120147705,,,,0.8,448.0357142857143,44
xlstm,electricity,CZE,Europe,False,holdout,last12,10,2026-02-01,6140.0,6877.386417388916,,,,0.8,448.0357142857143,44
xlstm,electricity,CZE,Europe,False,holdout,last12,11,2026-03-01,6390.0,6573.755764961243,,,,0.8,448.0357142857143,44
xlstm,electricity,CZE,Europe,False,holdout,last12,12,2026-04-01,5730.0,6055.933835506439,,,,0.8,448.0357142857143,44
xlstm,electricity,CZE,Europe,False,rolling,2022-12-01,1,2023-01-01,7190.0,7148.331000804901,,,,0.8,427.9761904761905,44
xlstm,electricity,CZE,Europe,False,rolling,2022-12-01,2,2023-02-01,6460.0,7019.236733913422,,,,0.8,427.9761904761905,44
xlstm,electricity,CZE,Europe,False,rolling,2022-12-01,3,2023-03-01,6350.0,6829.223189353943,,,,0.8,427.9761904761905,44
xlstm,electricity,CZE,Europe,False,rolling,2022-12-01,4,2023-04-01,5740.0,6042.844935655594,,,,0.8,427.9761904761905,44
xlstm,electricity,CZE,Europe,False,rolling,2022-12-01,5,2023-05-01,4770.0,5865.770809650421,,,,0.8,427.9761904761905,44
xlstm,electricity,CZE,Europe,False,rolling,2022-12-01,6,2023-06-01,4900.0,5836.55740737915,,,,0.8,427.9761904761905,44
xlstm,electricity,CZE,Europe,False,rolling,2022-12-01,7,2023-07-01,5220.0,5849.750679731369,,,,0.8,427.9761904761905,44
xlstm,electricity,CZE,Europe,False,rolling,2022-12-01,8,2023-08-01,5540.0,6021.690231561661,,,,0.8,427.9761904761905,44
xlstm,electricity,CZE,Europe,False,rolling,2022-12-01,9,2023-09-01,5420.0,6360.107253193855,,,,0.8,427.9761904761905,44
xlstm,electricity,CZE,Europe,False,rolling,2022-12-01,10,2023-10-01,6240.0,6707.559614181519,,,,0.8,427.9761904761905,44
xlstm,electricity,CZE,Europe,False,rolling,2022-12-01,11,2023-11-01,6240.0,7032.982950210571,,,,0.8,427.9761904761905,44
xlstm,electricity,CZE,Europe,False,rolling,2022-12-01,12,2023-12-01,6490.0,7168.285698890686,,,,0.8,427.9761904761905,44
xlstm,electricity,CZE,Europe,False,rolling,2023-12-01,1,2024-01-01,6800.0,7205.672135353088,,,,0.8,459.375,44
xlstm,electricity,CZE,Europe,False,rolling,2023-12-01,2,2024-02-01,5710.0,7206.216645240784,,,,0.8,459.375,44
xlstm,electricity,CZE,Europe,False,rolling,2023-12-01,3,2024-03-01,5990.0,7106.483931541443,,,,0.8,459.375,44
xlstm,electricity,CZE,Europe,False,rolling,2023-12-01,4,2024-04-01,4990.0,6887.345108985901,,,,0.8,459.375,44
xlstm,electricity,CZE,Europe,False,rolling,2023-12-01,5,2024-05-01,4810.0,6556.6827392578125,,,,0.8,459.375,44
xlstm,electricity,CZE,Europe,False,rolling,2023-12-01,6,2024-06-01,4870.0,6138.05784702301,,,,0.8,459.375,44
xlstm,electricity,CZE,Europe,False,rolling,2023-12-01,7,2024-07-01,5150.0,5753.205678462982,,,,0.8,459.375,44
xlstm,electricity,CZE,Europe,False,rolling,2023-12-01,8,2024-08-01,5260.0,5563.3445835113525,,,,0.8,459.375,44
xlstm,electricity,CZE,Europe,False,rolling,2023-12-01,9,2024-09-01,5600.0,5614.994823932648,,,,0.8,459.375,44
xlstm,electricity,CZE,Europe,False,rolling,2023-12-01,10,2024-10-01,5760.0,6013.988070487976,,,,0.8,459.375,44
xlstm,electricity,CZE,Europe,False,rolling,2023-12-01,11,2024-11-01,6290.0,6407.857103347778,,,,0.8,459.375,44
xlstm,electricity,CZE,Europe,False,rolling,2023-12-01,12,2024-12-01,6540.0,6820.552268028259,,,,0.8,459.375,44
xlstm,electricity,CZE,Europe,False,rolling,2024-12-01,1,2025-01-01,6980.0,6505.834107398987,,,,0.8,440.0925925925926,44
xlstm,electricity,CZE,Europe,False,rolling,2024-12-01,2,2025-02-01,6640.0,6315.291352272034,,,,0.8,440.0925925925926,44
xlstm,electricity,CZE,Europe,False,rolling,2024-12-01,3,2025-03-01,6760.0,6111.525635719299,,,,0.8,440.0925925925926,44
xlstm,electricity,CZE,Europe,False,rolling,2024-12-01,4,2025-04-01,5760.0,5742.559003829956,,,,0.8,440.0925925925926,44
xlstm,electricity,CZE,Europe,False,rolling,2024-12-01,5,2025-05-01,5350.0,5472.319890260696,,,,0.8,440.0925925925926,44
xlstm,electricity,CZE,Europe,False,rolling,2024-12-01,6,2025-06-01,4420.0,5349.506735801697,,,,0.8,440.0925925925926,44
xlstm,electricity,CZE,Europe,False,rolling,2024-12-01,7,2025-07-01,5190.0,5381.333227157593,,,,0.8,440.0925925925926,44
xlstm,electricity,CZE,Europe,False,rolling,2024-12-01,8,2025-08-01,5580.0,5533.55358839035,,,,0.8,440.0925925925926,44
xlstm,electricity,CZE,Europe,False,rolling,2024-12-01,9,2025-09-01,5060.0,5794.983701705933,,,,0.8,440.0925925925926,44
xlstm,electricity,CZE,Europe,False,rolling,2024-12-01,10,2025-10-01,5830.0,6114.657311439514,,,,0.8,440.0925925925926,44
xlstm,electricity,CZE,Europe,False,rolling,2024-12-01,11,2025-11-01,6460.0,6426.910300254822,,,,0.8,440.0925925925926,44
xlstm,electricity,CZE,Europe,False,rolling,2024-12-01,12,2025-12-01,6330.0,6589.825687408447,,,,0.8,440.0925925925926,44
xlstm,electricity,DEU,Europe,True,holdout,last12,1,2025-05-01,37650.0,36899.0492606163,,,,0.8,2486.4285714285716,44
xlstm,electricity,DEU,Europe,True,holdout,last12,2,2025-06-01,37760.0,36447.494176626205,,,,0.8,2486.4285714285716,44
xlstm,electricity,DEU,Europe,True,holdout,last12,3,2025-07-01,37100.0,36069.40145730972,,,,0.8,2486.4285714285716,44
xlstm,electricity,DEU,Europe,True,holdout,last12,4,2025-08-01,35030.0,35771.24398231506,,,,0.8,2486.4285714285716,44
xlstm,electricity,DEU,Europe,True,holdout,last12,5,2025-09-01,37210.0,35901.85522079468,,,,0.8,2486.4285714285716,44
xlstm,electricity,DEU,Europe,True,holdout,last12,6,2025-10-01,41780.0,36404.07675385475,,,,0.8,2486.4285714285716,44
xlstm,electricity,DEU,Europe,True,holdout,last12,7,2025-11-01,40790.0,37713.05996417999,,,,0.8,2486.4285714285716,44
xlstm,electricity,DEU,Europe,True,holdout,last12,8,2025-12-01,40670.0,38581.08164072037,,,,0.8,2486.4285714285716,44
xlstm,electricity,DEU,Europe,True,holdout,last12,9,2026-01-01,48150.0,38454.61446762085,,,,0.8,2486.4285714285716,44
xlstm,electricity,DEU,Europe,True,holdout,last12,10,2026-02-01,43510.0,37036.48542404175,,,,0.8,2486.4285714285716,44
xlstm,electricity,DEU,Europe,True,holdout,last12,11,2026-03-01,41730.0,36837.63504266739,,,,0.8,2486.4285714285716,44
xlstm,electricity,DEU,Europe,True,holdout,last12,12,2026-04-01,38500.0,36294.33650493622,,,,0.8,2486.4285714285716,44
xlstm,electricity,DEU,Europe,True,rolling,2022-12-01,1,2023-01-01,48540.0,51097.874462604515,,,,0.8,2218.4523809523807,44
xlstm,electricity,DEU,Europe,True,rolling,2022-12-01,2,2023-02-01,44760.0,50986.086422204964,,,,0.8,2218.4523809523807,44
xlstm,electricity,DEU,Europe,True,rolling,2022-12-01,3,2023-03-01,46460.0,50108.0055296421,,,,0.8,2218.4523809523807,44
xlstm,electricity,DEU,Europe,True,rolling,2022-12-01,4,2023-04-01,39760.0,48485.940231084816,,,,0.8,2218.4523809523807,44
xlstm,electricity,DEU,Europe,True,rolling,2022-12-01,5,2023-05-01,36170.0,46349.0686070919,,,,0.8,2218.4523809523807,44
xlstm,electricity,DEU,Europe,True,rolling,2022-12-01,6,2023-06-01,34110.0,44233.833140134804,,,,0.8,2218.4523809523807,44
xlstm,electricity,DEU,Europe,True,rolling,2022-12-01,7,2023-07-01,35580.0,42864.838918149464,,,,0.8,2218.4523809523807,44
xlstm,electricity,DEU,Europe,True,rolling,2022-12-01,8,2023-08-01,33570.0,42423.99638056754,,,,0.8,2218.4523809523807,44
xlstm,electricity,DEU,Europe,True,rolling,2022-12-01,9,2023-09-01,33830.0,42987.46746718883,,,,0.8,2218.4523809523807,44
xlstm,electricity,DEU,Europe,True,rolling,2022-12-01,10,2023-10-01,39580.0,44280.31818509101,,,,0.8,2218.4523809523807,44
xlstm,electricity,DEU,Europe,True,rolling,2022-12-01,11,2023-11-01,42880.0,46294.391958713524,,,,0.8,2218.4523809523807,44
xlstm,electricity,DEU,Europe,True,rolling,2022-12-01,12,2023-12-01,44810.0,48554.356404542916,,,,0.8,2218.4523809523807,44
xlstm,electricity,DEU,Europe,True,rolling,2023-12-01,1,2024-01-01,47450.0,42836.51423931122,,,,0.8,2610.4166666666665,44
xlstm,electricity,DEU,Europe,True,rolling,2023-12-01,2,2024-02-01,42180.0,42262.83574581146,,,,0.8,2610.4166666666665,44
xlstm,electricity,DEU,Europe,True,rolling,2023-12-01,3,2024-03-01,40460.0,42738.63329410553,,,,0.8,2610.4166666666665,44
xlstm,electricity,DEU,Europe,True,rolling,2023-12-01,4,2024-04-01,37910.0,42952.480692863464,,,,0.8,2610.4166666666665,44
xlstm,electricity,DEU,Europe,True,rolling,2023-12-01,5,2024-05-01,35400.0,42818.5582447052,,,,0.8,2610.4166666666665,44
xlstm,electricity,DEU,Europe,True,rolling,2023-12-01,6,2024-06-01,34770.0,42033.6615562439,,,,0.8,2610.4166666666665,44
xlstm,electricity,DEU,Europe,True,rolling,2023-12-01,7,2024-07-01,35360.0,40593.55185985565,,,,0.8,2610.4166666666665,44
xlstm,electricity,DEU,Europe,True,rolling,2023-12-01,8,2024-08-01,34660.0,38944.40736055374,,,,0.8,2610.4166666666665,44
xlstm,electricity,DEU,Europe,True,rolling,2023-12-01,9,2024-09-01,36470.0,37391.23553752899,,,,0.8,2610.4166666666665,44
xlstm,electricity,DEU,Europe,True,rolling,2023-12-01,10,2024-10-01,37790.0,37820.162961483,,,,0.8,2610.4166666666665,44
xlstm,electricity,DEU,Europe,True,rolling,2023-12-01,11,2024-11-01,41220.0,38582.60997772217,,,,0.8,2610.4166666666665,44
xlstm,electricity,DEU,Europe,True,rolling,2023-12-01,12,2024-12-01,43010.0,38527.738823890686,,,,0.8,2610.4166666666665,44
xlstm,electricity,DEU,Europe,True,rolling,2024-12-01,1,2025-01-01,45120.0,39818.47538232803,,,,0.8,2525.462962962963,44
xlstm,electricity,DEU,Europe,True,rolling,2024-12-01,2,2025-02-01,40270.0,36852.40784406662,,,,0.8,2525.462962962963,44
xlstm,electricity,DEU,Europe,True,rolling,2024-12-01,3,2025-03-01,40620.0,36223.888890743256,,,,0.8,2525.462962962963,44
xlstm,electricity,DEU,Europe,True,rolling,2024-12-01,4,2025-04-01,36580.0,35604.15254116058,,,,0.8,2525.462962962963,44
xlstm,electricity,DEU,Europe,True,rolling,2024-12-01,5,2025-05-01,37650.0,35101.65438771248,,,,0.8,2525.462962962963,44
xlstm,electricity,DEU,Europe,True,rolling,2024-12-01,6,2025-06-01,37760.0,34756.5206694603,,,,0.8,2525.462962962963,44
xlstm,electricity,DEU,Europe,True,rolling,2024-12-01,7,2025-07-01,37100.0,34504.63890314102,,,,0.8,2525.462962962963,44
xlstm,electricity,DEU,Europe,True,rolling,2024-12-01,8,2025-08-01,35030.0,34329.71562385559,,,,0.8,2525.462962962963,44
xlstm,electricity,DEU,Europe,True,rolling,2024-12-01,9,2025-09-01,37210.0,34561.59874677658,,,,0.8,2525.462962962963,44
xlstm,electricity,DEU,Europe,True,rolling,2024-12-01,10,2025-10-01,41780.0,35033.57348740101,,,,0.8,2525.462962962963,44
xlstm,electricity,DEU,Europe,True,rolling,2024-12-01,11,2025-11-01,40790.0,35837.38545179367,,,,0.8,2525.462962962963,44
xlstm,electricity,DEU,Europe,True,rolling,2024-12-01,12,2025-12-01,40670.0,35701.25378370285,,,,0.8,2525.462962962963,44
xlstm,electricity,DNK,Europe,True,holdout,last12,1,2025-05-01,2480.0,2576.3538229465485,,,,0.8,280.625,44
xlstm,electricity,DNK,Europe,True,holdout,last12,2,2025-06-01,2460.0,2299.5962724089622,,,,0.8,280.625,44
xlstm,electricity,DNK,Europe,True,holdout,last12,3,2025-07-01,2100.0,2185.47294318676,,,,0.8,280.625,44
xlstm,electricity,DNK,Europe,True,holdout,last12,4,2025-08-01,2210.0,2244.1400027275085,,,,0.8,280.625,44
xlstm,electricity,DNK,Europe,True,holdout,last12,5,2025-09-01,2570.0,2481.313609480858,,,,0.8,280.625,44
xlstm,electricity,DNK,Europe,True,holdout,last12,6,2025-10-01,3000.0,2919.626370072365,,,,0.8,280.625,44
xlstm,electricity,DNK,Europe,True,holdout,last12,7,2025-11-01,3110.0,3174.2830622196198,,,,0.8,280.625,44
xlstm,electricity,DNK,Europe,True,holdout,last12,8,2025-12-01,3270.0,3335.8297044038773,,,,0.8,280.625,44
xlstm,electricity,DNK,Europe,True,holdout,last12,9,2026-01-01,3870.0,3302.527398467064,,,,0.8,280.625,44
xlstm,electricity,DNK,Europe,True,holdout,last12,10,2026-02-01,3430.0,3187.7321475744247,,,,0.8,280.625,44
xlstm,electricity,DNK,Europe,True,holdout,last12,11,2026-03-01,3220.0,3017.5421458482742,,,,0.8,280.625,44
xlstm,electricity,DNK,Europe,True,holdout,last12,12,2026-04-01,2940.0,2709.9644243717194,,,,0.8,280.625,44
xlstm,electricity,DNK,Europe,True,rolling,2022-12-01,1,2023-01-01,3610.0,3366.466190814972,,,,0.8,285.1190476190476,44
xlstm,electricity,DNK,Europe,True,rolling,2022-12-01,2,2023-02-01,3140.0,3347.679913043976,,,,0.8,285.1190476190476,44
xlstm,electricity,DNK,Europe,True,rolling,2022-12-01,3,2023-03-01,3160.0,3248.5298466682434,,,,0.8,285.1190476190476,44
xlstm,electricity,DNK,Europe,True,rolling,2022-12-01,4,2023-04-01,2780.0,3011.254405975342,,,,0.8,285.1190476190476,44
xlstm,electricity,DNK,Europe,True,rolling,2022-12-01,5,2023-05-01,2620.0,2489.751273393631,,,,0.8,285.1190476190476,44
xlstm,electricity,DNK,Europe,True,rolling,2022-12-01,6,2023-06-01,1880.0,2091.5313613414764,,,,0.8,285.1190476190476,44
xlstm,electricity,DNK,Europe,True,rolling,2022-12-01,7,2023-07-01,2450.0,2076.1220383644104,,,,0.8,285.1190476190476,44
xlstm,electricity,DNK,Europe,True,rolling,2022-12-01,8,2023-08-01,1950.0,1985.6487143039703,,,,0.8,285.1190476190476,44
xlstm,electricity,DNK,Europe,True,rolling,2022-12-01,9,2023-09-01,1980.0,2350.2782714366913,,,,0.8,285.1190476190476,44
xlstm,electricity,DNK,Europe,True,rolling,2022-12-01,10,2023-10-01,2800.0,2624.2985701560974,,,,0.8,285.1190476190476,44
xlstm,electricity,DNK,Europe,True,rolling,2022-12-01,11,2023-11-01,2820.0,2981.698522567749,,,,0.8,285.1190476190476,44
xlstm,electricity,DNK,Europe,True,rolling,2022-12-01,12,2023-12-01,3540.0,3169.257287979126,,,,0.8,285.1190476190476,44
xlstm,electricity,DNK,Europe,True,rolling,2023-12-01,1,2024-01-01,4000.0,3355.753962993622,,,,0.8,276.1458333333333,44
xlstm,electricity,DNK,Europe,True,rolling,2023-12-01,2,2024-02-01,3510.0,3319.2410945892334,,,,0.8,276.1458333333333,44
xlstm,electricity,DNK,Europe,True,rolling,2023-12-01,3,2024-03-01,3390.0,3242.0090532302856,,,,0.8,276.1458333333333,44
xlstm,electricity,DNK,Europe,True,rolling,2023-12-01,4,2024-04-01,2910.0,3045.118432044983,,,,0.8,276.1458333333333,44
xlstm,electricity,DNK,Europe,True,rolling,2023-12-01,5,2024-05-01,2500.0,2658.567169904709,,,,0.8,276.1458333333333,44
xlstm,electricity,DNK,Europe,True,rolling,2023-12-01,6,2024-06-01,2330.0,2164.307384490967,,,,0.8,276.1458333333333,44
xlstm,electricity,DNK,Europe,True,rolling,2023-12-01,7,2024-07-01,2250.0,2118.864154815674,,,,0.8,276.1458333333333,44
xlstm,electricity,DNK,Europe,True,rolling,2023-12-01,8,2024-08-01,2250.0,1952.525417804718,,,,0.8,276.1458333333333,44
xlstm,electricity,DNK,Europe,True,rolling,2023-12-01,9,2024-09-01,2160.0,2190.6782734394073,,,,0.8,276.1458333333333,44
xlstm,electricity,DNK,Europe,True,rolling,2023-12-01,10,2024-10-01,2850.0,2667.9265129566193,,,,0.8,276.1458333333333,44
xlstm,electricity,DNK,Europe,True,rolling,2023-12-01,11,2024-11-01,2890.0,2913.443856239319,,,,0.8,276.1458333333333,44
xlstm,electricity,DNK,Europe,True,rolling,2023-12-01,12,2024-12-01,3420.0,3232.503261566162,,,,0.8,276.1458333333333,44
xlstm,electricity,DNK,Europe,True,rolling,2024-12-01,1,2025-01-01,3380.0,3576.7938601970673,,,,0.8,269.6296296296296,44
xlstm,electricity,DNK,Europe,True,rolling,2024-12-01,2,2025-02-01,2840.0,3510.353195667267,,,,0.8,269.6296296296296,44
xlstm,electricity,DNK,Europe,True,rolling,2024-12-01,3,2025-03-01,3140.0,3341.4804846048355,,,,0.8,269.6296296296296,44
xlstm,electricity,DNK,Europe,True,rolling,2024-12-01,4,2025-04-01,2140.0,3132.0359003543854,,,,0.8,269.6296296296296,44
xlstm,electricity,DNK,Europe,True,rolling,2024-12-01,5,2025-05-01,2480.0,2871.3131564855576,,,,0.8,269.6296296296296,44
xlstm,electricity,DNK,Europe,True,rolling,2024-12-01,6,2025-06-01,2460.0,2576.872757971287,,,,0.8,269.6296296296296,44
xlstm,electricity,DNK,Europe,True,rolling,2024-12-01,7,2025-07-01,2100.0,2368.7624457478523,,,,0.8,269.6296296296296,44
xlstm,electricity,DNK,Europe,True,rolling,2024-12-01,8,2025-08-01,2210.0,2336.713904738426,,,,0.8,269.6296296296296,44
xlstm,electricity,DNK,Europe,True,rolling,2024-12-01,9,2025-09-01,2570.0,2486.2423729896545,,,,0.8,269.6296296296296,44
xlstm,electricity,DNK,Europe,True,rolling,2024-12-01,10,2025-10-01,3000.0,2892.128448486328,,,,0.8,269.6296296296296,44
xlstm,electricity,DNK,Europe,True,rolling,2024-12-01,11,2025-11-01,3110.0,3118.190840482712,,,,0.8,269.6296296296296,44
xlstm,electricity,DNK,Europe,True,rolling,2024-12-01,12,2025-12-01,3270.0,3446.775280237198,,,,0.8,269.6296296296296,44
xlstm,electricity,ESP,Europe,True,holdout,last12,1,2025-05-01,19940.0,20673.377571105957,,,,0.8,1191.875,44
xlstm,electricity,ESP,Europe,True,holdout,last12,2,2025-06-01,22450.0,20672.23846435547,,,,0.8,1191.875,44
xlstm,electricity,ESP,Europe,True,holdout,last12,3,2025-07-01,23990.0,20670.95802307129,,,,0.8,1191.875,44
xlstm,electricity,ESP,Europe,True,holdout,last12,4,2025-08-01,22240.0,20668.871726989746,,,,0.8,1191.875,44
xlstm,electricity,ESP,Europe,True,holdout,last12,5,2025-09-01,20300.0,20667.690963745117,,,,0.8,1191.875,44
xlstm,electricity,ESP,Europe,True,holdout,last12,6,2025-10-01,20240.0,20667.423667907715,,,,0.8,1191.875,44
xlstm,electricity,ESP,Europe,True,holdout,last12,7,2025-11-01,20870.0,20667.314071655273,,,,0.8,1191.875,44
xlstm,electricity,ESP,Europe,True,holdout,last12,8,2025-12-01,21080.0,20667.62773513794,,,,0.8,1191.875,44
xlstm,electricity,ESP,Europe,True,holdout,last12,9,2026-01-01,23290.0,20667.107524871826,,,,0.8,1191.875,44
xlstm,electricity,ESP,Europe,True,holdout,last12,10,2026-02-01,19890.0,20666.09214782715,,,,0.8,1191.875,44
xlstm,electricity,ESP,Europe,True,holdout,last12,11,2026-03-01,21120.0,20666.29571914673,,,,0.8,1191.875,44
xlstm,electricity,ESP,Europe,True,holdout,last12,12,2026-04-01,18830.0,20665.629959106445,,,,0.8,1191.875,44
xlstm,electricity,ESP,Europe,True,rolling,2022-12-01,1,2023-01-01,22090.0,20618.63151550293,,,,0.8,1270.357142857143,44
xlstm,electricity,ESP,Europe,True,rolling,2022-12-01,2,2023-02-01,20210.0,20611.8514251709,,,,0.8,1270.357142857143,44
xlstm,electricity,ESP,Europe,True,rolling,2022-12-01,3,2023-03-01,22430.0,20606.49559020996,,,,0.8,1270.357142857143,44
xlstm,electricity,ESP,Europe,True,rolling,2022-12-01,4,2023-04-01,19930.0,20601.62078857422,,,,0.8,1270.357142857143,44
xlstm,electricity,ESP,Europe,True,rolling,2022-12-01,5,2023-05-01,20150.0,20597.97857284546,,,,0.8,1270.357142857143,44
xlstm,electricity,ESP,Europe,True,rolling,2022-12-01,6,2023-06-01,19880.0,20595.137004852295,,,,0.8,1270.357142857143,44
xlstm,electricity,ESP,Europe,True,rolling,2022-12-01,7,2023-07-01,22310.0,20592.745723724365,,,,0.8,1270.357142857143,44
xlstm,electricity,ESP,Europe,True,rolling,2022-12-01,8,2023-08-01,22160.0,20590.324935913086,,,,0.8,1270.357142857143,44
xlstm,electricity,ESP,Europe,True,rolling,2022-12-01,9,2023-09-01,19390.0,20588.77223968506,,,,0.8,1270.357142857143,44
xlstm,electricity,ESP,Europe,True,rolling,2022-12-01,10,2023-10-01,19340.0,20587.98671722412,,,,0.8,1270.357142857143,44
xlstm,electricity,ESP,Europe,True,rolling,2022-12-01,11,2023-11-01,19950.0,20587.792568206787,,,,0.8,1270.357142857143,44
xlstm,electricity,ESP,Europe,True,rolling,2022-12-01,12,2023-12-01,20790.0,20587.704544067383,,,,0.8,1270.357142857143,44
xlstm,electricity,ESP,Europe,True,rolling,2023-12-01,1,2024-01-01,21540.0,20618.28338623047,,,,0.8,1276.0416666666667,44
xlstm,electricity,ESP,Europe,True,rolling,2023-12-01,2,2024-02-01,20530.0,20616.777057647705,,,,0.8,1276.0416666666667,44
xlstm,electricity,ESP,Europe,True,rolling,2023-12-01,3,2024-03-01,20900.0,20617.15642929077,,,,0.8,1276.0416666666667,44
xlstm,electricity,ESP,Europe,True,rolling,2023-12-01,4,2024-04-01,19820.0,20617.169818878174,,,,0.8,1276.0416666666667,44
xlstm,electricity,ESP,Europe,True,rolling,2023-12-01,5,2024-05-01,20510.0,20618.419017791748,,,,0.8,1276.0416666666667,44
xlstm,electricity,ESP,Europe,True,rolling,2023-12-01,6,2024-06-01,20470.0,20619.43613052368,,,,0.8,1276.0416666666667,44
xlstm,electricity,ESP,Europe,True,rolling,2023-12-01,7,2024-07-01,23210.0,20620.37588119507,,,,0.8,1276.0416666666667,44
xlstm,electricity,ESP,Europe,True,rolling,2023-12-01,8,2024-08-01,22030.0,20620.2459526062,,,,0.8,1276.0416666666667,44
xlstm,electricity,ESP,Europe,True,rolling,2023-12-01,9,2024-09-01,20270.0,20620.250415802002,,,,0.8,1276.0416666666667,44
xlstm,electricity,ESP,Europe,True,rolling,2023-12-01,10,2024-10-01,20000.0,20621.270999908447,,,,0.8,1276.0416666666667,44
xlstm,electricity,ESP,Europe,True,rolling,2023-12-01,11,2024-11-01,18860.0,20622.0210647583,,,,0.8,1276.0416666666667,44
xlstm,electricity,ESP,Europe,True,rolling,2023-12-01,12,2024-12-01,20990.0,20622.3384475708,,,,0.8,1276.0416666666667,44
xlstm,electricity,ESP,Europe,True,rolling,2024-12-01,1,2025-01-01,22840.0,20655.090618133545,,,,0.8,1202.037037037037,44
xlstm,electricity,ESP,Europe,True,rolling,2024-12-01,2,2025-02-01,20170.0,20652.59792327881,,,,0.8,1202.037037037037,44
xlstm,electricity,ESP,Europe,True,rolling,2024-12-01,3,2025-03-01,22500.0,20651.81562423706,,,,0.8,1202.037037037037,44
xlstm,electricity,ESP,Europe,True,rolling,2024-12-01,4,2025-04-01,19410.0,20651.594944000244,,,,0.8,1202.037037037037,44
xlstm,electricity,ESP,Europe,True,rolling,2024-12-01,5,2025-05-01,19940.0,20652.15929031372,,,,0.8,1202.037037037037,44
xlstm,electricity,ESP,Europe,True,rolling,2024-12-01,6,2025-06-01,22450.0,20652.514114379883,,,,0.8,1202.037037037037,44
xlstm,electricity,ESP,Europe,True,rolling,2024-12-01,7,2025-07-01,23990.0,20652.905883789062,,,,0.8,1202.037037037037,44
xlstm,electricity,ESP,Europe,True,rolling,2024-12-01,8,2025-08-01,22240.0,20652.248554229736,,,,0.8,1202.037037037037,44
xlstm,electricity,ESP,Europe,True,rolling,2024-12-01,9,2025-09-01,20300.0,20652.251529693604,,,,0.8,1202.037037037037,44
xlstm,electricity,ESP,Europe,True,rolling,2024-12-01,10,2025-10-01,20240.0,20652.93315887451,,,,0.8,1202.037037037037,44
xlstm,electricity,ESP,Europe,True,rolling,2024-12-01,11,2025-11-01,20870.0,20653.537673950195,,,,0.8,1202.037037037037,44
xlstm,electricity,ESP,Europe,True,rolling,2024-12-01,12,2025-12-01,21080.0,20654.400310516357,,,,0.8,1202.037037037037,44
xlstm,electricity,EST,Europe,False,holdout,last12,1,2025-05-01,440.0,492.21288204193115,,,,0.8,164.91071428571428,44
xlstm,electricity,EST,Europe,False,holdout,last12,2,2025-06-01,380.0,491.6743040084839,,,,0.8,164.91071428571428,44
xlstm,electricity,EST,Europe,False,holdout,last12,3,2025-07-01,300.0,487.7759861946106,,,,0.8,164.91071428571428,44
xlstm,electricity,EST,Europe,False,holdout,last12,4,2025-08-01,250.0,484.16292905807495,,,,0.8,164.91071428571428,44
xlstm,electricity,EST,Europe,False,holdout,last12,5,2025-09-01,310.0,481.8136787414551,,,,0.8,164.91071428571428,44
xlstm,electricity,EST,Europe,False,holdout,last12,6,2025-10-01,340.0,480.7350277900696,,,,0.8,164.91071428571428,44
xlstm,electricity,EST,Europe,False,holdout,last12,7,2025-11-01,370.0,480.8201837539673,,,,0.8,164.91071428571428,44
xlstm,electricity,EST,Europe,False,holdout,last12,8,2025-12-01,380.0,481.8426847457886,,,,0.8,164.91071428571428,44
xlstm,electricity,EST,Europe,False,holdout,last12,9,2026-01-01,490.0,482.82865285873413,,,,0.8,164.91071428571428,44
xlstm,electricity,EST,Europe,False,holdout,last12,10,2026-02-01,490.0,484.12532091140747,,,,0.8,164.91071428571428,44
xlstm,electricity,EST,Europe,False,holdout,last12,11,2026-03-01,410.0,485.24417638778687,,,,0.8,164.91071428571428,44
xlstm,electricity,EST,Europe,False,holdout,last12,12,2026-04-01,380.0,485.96709728240967,,,,0.8,164.91071428571428,44
xlstm,electricity,EST,Europe,False,rolling,2022-12-01,1,2023-01-01,490.0,618.5289168357849,,,,0.8,180.11904761904762,44
xlstm,electricity,EST,Europe,False,rolling,2022-12-01,2,2023-02-01,430.0,625.3127551078796,,,,0.8,180.11904761904762,44
xlstm,electricity,EST,Europe,False,rolling,2022-12-01,3,2023-03-01,440.0,631.1000823974609,,,,0.8,180.11904761904762,44
xlstm,electricity,EST,Europe,False,rolling,2022-12-01,4,2023-04-01,330.0,635.2764749526978,,,,0.8,180.11904761904762,44
xlstm,electricity,EST,Europe,False,rolling,2022-12-01,5,2023-05-01,390.0,639.9517393112183,,,,0.8,180.11904761904762,44
xlstm,electricity,EST,Europe,False,rolling,2022-12-01,6,2023-06-01,410.0,643.985960483551,,,,0.8,180.11904761904762,44
xlstm,electricity,EST,Europe,False,rolling,2022-12-01,7,2023-07-01,300.0,648.318030834198,,,,0.8,180.11904761904762,44
xlstm,electricity,EST,Europe,False,rolling,2022-12-01,8,2023-08-01,330.0,652.7069067955017,,,,0.8,180.11904761904762,44
xlstm,electricity,EST,Europe,False,rolling,2022-12-01,9,2023-09-01,350.0,657.0995855331421,,,,0.8,180.11904761904762,44
xlstm,electricity,EST,Europe,False,rolling,2022-12-01,10,2023-10-01,330.0,660.8985590934753,,,,0.8,180.11904761904762,44
xlstm,electricity,EST,Europe,False,rolling,2022-12-01,11,2023-11-01,390.0,665.0549674034119,,,,0.8,180.11904761904762,44
xlstm,electricity,EST,Europe,False,rolling,2022-12-01,12,2023-12-01,440.0,669.087221622467,,,,0.8,180.11904761904762,44
xlstm,electricity,EST,Europe,False,rolling,2023-12-01,1,2024-01-01,530.0,401.4668107032776,,,,0.8,182.8125,44
xlstm,electricity,EST,Europe,False,rolling,2023-12-01,2,2024-02-01,370.0,415.78169345855713,,,,0.8,182.8125,44
xlstm,electricity,EST,Europe,False,rolling,2023-12-01,3,2024-03-01,380.0,419.01402711868286,,,,0.8,182.8125,44
xlstm,electricity,EST,Europe,False,rolling,2023-12-01,4,2024-04-01,350.0,417.0508110523224,,,,0.8,182.8125,44
xlstm,electricity,EST,Europe,False,rolling,2023-12-01,5,2024-05-01,430.0,414.24726009368896,,,,0.8,182.8125,44
xlstm,electricity,EST,Europe,False,rolling,2023-12-01,6,2024-06-01,420.0,411.07346296310425,,,,0.8,182.8125,44
xlstm,electricity,EST,Europe,False,rolling,2023-12-01,7,2024-07-01,360.0,408.7120831012726,,,,0.8,182.8125,44
xlstm,electricity,EST,Europe,False,rolling,2023-12-01,8,2024-08-01,350.0,408.04988861083984,,,,0.8,182.8125,44
xlstm,electricity,EST,Europe,False,rolling,2023-12-01,9,2024-09-01,390.0,408.03054690361023,,,,0.8,182.8125,44
xlstm,electricity,EST,Europe,False,rolling,2023-12-01,10,2024-10-01,410.0,408.6486554145813,,,,0.8,182.8125,44
xlstm,electricity,EST,Europe,False,rolling,2023-12-01,11,2024-11-01,390.0,409.8638391494751,,,,0.8,182.8125,44
xlstm,electricity,EST,Europe,False,rolling,2023-12-01,12,2024-12-01,480.0,410.8949685096741,,,,0.8,182.8125,44
xlstm,electricity,EST,Europe,False,rolling,2024-12-01,1,2025-01-01,460.0,427.8674280643463,,,,0.8,166.85185185185185,44
xlstm,electricity,EST,Europe,False,rolling,2024-12-01,2,2025-02-01,470.0,440.01588225364685,,,,0.8,166.85185185185185,44
xlstm,electricity,EST,Europe,False,rolling,2024-12-01,3,2025-03-01,510.0,443.8648557662964,,,,0.8,166.85185185185185,44
xlstm,electricity,EST,Europe,False,rolling,2024-12-01,4,2025-04-01,500.0,442.86556482315063,,,,0.8,166.85185185185185,44
xlstm,electricity,EST,Europe,False,rolling,2024-12-01,5,2025-05-01,440.0,440.7882785797119,,,,0.8,166.85185185185185,44
xlstm,electricity,EST,Europe,False,rolling,2024-12-01,6,2025-06-01,380.0,438.4017086029053,,,,0.8,166.85185185185185,44
xlstm,electricity,EST,Europe,False,rolling,2024-12-01,7,2025-07-01,300.0,436.9688355922699,,,,0.8,166.85185185185185,44
xlstm,electricity,EST,Europe,False,rolling,2024-12-01,8,2025-08-01,250.0,436.70633912086487,,,,0.8,166.85185185185185,44
xlstm,electricity,EST,Europe,False,rolling,2024-12-01,9,2025-09-01,310.0,437.0706582069397,,,,0.8,166.85185185185185,44
xlstm,electricity,EST,Europe,False,rolling,2024-12-01,10,2025-10-01,340.0,437.62717485427856,,,,0.8,166.85185185185185,44
xlstm,electricity,EST,Europe,False,rolling,2024-12-01,11,2025-11-01,370.0,438.41766715049744,,,,0.8,166.85185185185185,44
xlstm,electricity,EST,Europe,False,rolling,2024-12-01,12,2025-12-01,380.0,439.52112793922424,,,,0.8,166.85185185185185,44
xlstm,electricity,FIN,Europe,True,holdout,last12,1,2025-05-01,6210.0,5905.661537647247,,,,0.8,402.84090909090907,44
xlstm,electricity,FIN,Europe,True,holdout,last12,2,2025-06-01,5520.0,5459.112628698349,,,,0.8,402.84090909090907,44
xlstm,electricity,FIN,Europe,True,holdout,last12,3,2025-07-01,5680.0,5375.311048924923,,,,0.8,402.84090909090907,44
xlstm,electricity,FIN,Europe,True,holdout,last12,4,2025-08-01,5590.0,5587.3958241939545,,,,0.8,402.84090909090907,44
xlstm,electricity,FIN,Europe,True,holdout,last12,5,2025-09-01,5680.0,6263.750339448452,,,,0.8,402.84090909090907,44
xlstm,electricity,FIN,Europe,True,holdout,last12,6,2025-10-01,7300.0,7209.121171236038,,,,0.8,402.84090909090907,44
xlstm,electricity,FIN,Europe,True,holdout,last12,7,2025-11-01,7560.0,7783.521270751953,,,,0.8,402.84090909090907,44
xlstm,electricity,FIN,Europe,True,holdout,last12,8,2025-12-01,8080.0,8100.002737045288,,,,0.8,402.84090909090907,44
xlstm,electricity,FIN,Europe,True,holdout,last12,9,2026-01-01,8890.0,7965.879124403,,,,0.8,402.84090909090907,44
xlstm,electricity,FIN,Europe,True,holdout,last12,10,2026-02-01,7950.0,7537.871354818344,,,,0.8,402.84090909090907,44
xlstm,electricity,FIN,Europe,True,holdout,last12,11,2026-03-01,8240.0,6933.649275898933,,,,0.8,402.84090909090907,44
xlstm,electricity,FIN,Europe,True,holdout,last12,12,2026-04-01,6460.0,6192.99811989069,,,,0.8,402.84090909090907,44
xlstm,electricity,FIN,Europe,True,rolling,2022-12-01,1,2023-01-01,7510.0,6683.239965438843,,,,0.8,315.5,44
xlstm,electricity,FIN,Europe,True,rolling,2022-12-01,2,2023-02-01,6400.0,6506.770824790001,,,,0.8,315.5,44
xlstm,electricity,FIN,Europe,True,rolling,2022-12-01,3,2023-03-01,7410.0,6172.353867292404,,,,0.8,315.5,44
xlstm,electricity,FIN,Europe,True,rolling,2022-12-01,4,2023-04-01,6380.0,5201.484467983246,,,,0.8,315.5,44
xlstm,electricity,FIN,Europe,True,rolling,2022-12-01,5,2023-05-01,6380.0,4761.938901394606,,,,0.8,315.5,44
xlstm,electricity,FIN,Europe,True,rolling,2022-12-01,6,2023-06-01,5500.0,4551.470174267888,,,,0.8,315.5,44
xlstm,electricity,FIN,Europe,True,rolling,2022-12-01,7,2023-07-01,5330.0,4522.147590443492,,,,0.8,315.5,44
xlstm,electricity,FIN,Europe,True,rolling,2022-12-01,8,2023-08-01,5790.0,4801.97793841362,,,,0.8,315.5,44
xlstm,electricity,FIN,Europe,True,rolling,2022-12-01,9,2023-09-01,5890.0,5402.960190474987,,,,0.8,315.5,44
xlstm,electricity,FIN,Europe,True,rolling,2022-12-01,10,2023-10-01,6930.0,6137.01487660408,,,,0.8,315.5,44
xlstm,electricity,FIN,Europe,True,rolling,2022-12-01,11,2023-11-01,7410.0,6638.944479227066,,,,0.8,315.5,44
xlstm,electricity,FIN,Europe,True,rolling,2022-12-01,12,2023-12-01,7860.0,6917.865351438521,,,,0.8,315.5,44
xlstm,electricity,FIN,Europe,True,rolling,2023-12-01,1,2024-01-01,8930.0,6976.108059883118,,,,0.8,374.02777777777777,44
xlstm,electricity,FIN,Europe,True,rolling,2023-12-01,2,2024-02-01,7770.0,6841.336498260498,,,,0.8,374.02777777777777,44
xlstm,electricity,FIN,Europe,True,rolling,2023-12-01,3,2024-03-01,6350.0,6743.560752868652,,,,0.8,374.02777777777777,44
xlstm,electricity,FIN,Europe,True,rolling,2023-12-01,4,2024-04-01,6050.0,6138.9586544036865,,,,0.8,374.02777777777777,44
xlstm,electricity,FIN,Europe,True,rolling,2023-12-01,5,2024-05-01,5590.0,5204.673049449921,,,,0.8,374.02777777777777,44
xlstm,electricity,FIN,Europe,True,rolling,2023-12-01,6,2024-06-01,5620.0,4892.042169570923,,,,0.8,374.02777777777777,44
xlstm,electricity,FIN,Europe,True,rolling,2023-12-01,7,2024-07-01,6060.0,5128.676519393921,,,,0.8,374.02777777777777,44
xlstm,electricity,FIN,Europe,True,rolling,2023-12-01,8,2024-08-01,5730.0,5743.843731880188,,,,0.8,374.02777777777777,44
xlstm,electricity,FIN,Europe,True,rolling,2023-12-01,9,2024-09-01,5740.0,6304.789123535156,,,,0.8,374.02777777777777,44
xlstm,electricity,FIN,Europe,True,rolling,2023-12-01,10,2024-10-01,7100.0,6784.7230052948,,,,0.8,374.02777777777777,44
xlstm,electricity,FIN,Europe,True,rolling,2023-12-01,11,2024-11-01,7410.0,6992.008409500122,,,,0.8,374.02777777777777,44
xlstm,electricity,FIN,Europe,True,rolling,2023-12-01,12,2024-12-01,8430.0,7074.325189590454,,,,0.8,374.02777777777777,44
xlstm,electricity,FIN,Europe,True,rolling,2024-12-01,1,2025-01-01,8360.0,7898.292064666748,,,,0.8,401.1904761904762,44
xlstm,electricity,FIN,Europe,True,rolling,2024-12-01,2,2025-02-01,7550.0,7306.910719871521,,,,0.8,401.1904761904762,44
xlstm,electricity,FIN,Europe,True,rolling,2024-12-01,3,2025-03-01,7130.0,6769.766870141029,,,,0.8,401.1904761904762,44
xlstm,electricity,FIN,Europe,True,rolling,2024-12-01,4,2025-04-01,5870.0,6132.129265666008,,,,0.8,401.1904761904762,44
xlstm,electricity,FIN,Europe,True,rolling,2024-12-01,5,2025-05-01,6210.0,5582.60925412178,,,,0.8,401.1904761904762,44
xlstm,electricity,FIN,Europe,True,rolling,2024-12-01,6,2025-06-01,5520.0,5453.370470404625,,,,0.8,401.1904761904762,44
xlstm,electricity,FIN,Europe,True,rolling,2024-12-01,7,2025-07-01,5680.0,5551.720066666603,,,,0.8,401.1904761904762,44
xlstm,electricity,FIN,Europe,True,rolling,2024-12-01,8,2025-08-01,5590.0,5793.346936702728,,,,0.8,401.1904761904762,44
xlstm,electricity,FIN,Europe,True,rolling,2024-12-01,9,2025-09-01,5680.0,6407.039443254471,,,,0.8,401.1904761904762,44
xlstm,electricity,FIN,Europe,True,rolling,2024-12-01,10,2025-10-01,7300.0,7364.075382351875,,,,0.8,401.1904761904762,44
xlstm,electricity,FIN,Europe,True,rolling,2024-12-01,11,2025-11-01,7560.0,7944.002751111984,,,,0.8,401.1904761904762,44
xlstm,electricity,FIN,Europe,True,rolling,2024-12-01,12,2025-12-01,8080.0,8137.186893224716,,,,0.8,401.1904761904762,44
xlstm,electricity,FRA,Europe,True,holdout,last12,1,2025-05-01,37490.0,38168.68804782629,,,,0.8,2979.0178571428573,44
xlstm,electricity,FRA,Europe,True,holdout,last12,2,2025-06-01,37870.0,36980.75806796551,,,,0.8,2979.0178571428573,44
xlstm,electricity,FRA,Europe,True,holdout,last12,3,2025-07-01,40890.0,36302.12524920702,,,,0.8,2979.0178571428573,44
xlstm,electricity,FRA,Europe,True,holdout,last12,4,2025-08-01,38880.0,35861.01685523987,,,,0.8,2979.0178571428573,44
xlstm,electricity,FRA,Europe,True,holdout,last12,5,2025-09-01,39440.0,36423.313471376896,,,,0.8,2979.0178571428573,44
xlstm,electricity,FRA,Europe,True,holdout,last12,6,2025-10-01,42830.0,40011.676627099514,,,,0.8,2979.0178571428573,44
xlstm,electricity,FRA,Europe,True,holdout,last12,7,2025-11-01,48160.0,46807.38170206547,,,,0.8,2979.0178571428573,44
xlstm,electricity,FRA,Europe,True,holdout,last12,8,2025-12-01,54840.0,51777.89858400822,,,,0.8,2979.0178571428573,44
xlstm,electricity,FRA,Europe,True,holdout,last12,9,2026-01-01,55500.0,51949.62779939175,,,,0.8,2979.0178571428573,44
xlstm,electricity,FRA,Europe,True,holdout,last12,10,2026-02-01,47450.0,48192.15790450573,,,,0.8,2979.0178571428573,44
xlstm,electricity,FRA,Europe,True,holdout,last12,11,2026-03-01,48220.0,44020.51569163799,,,,0.8,2979.0178571428573,44
xlstm,electricity,FRA,Europe,True,holdout,last12,12,2026-04-01,41480.0,39301.52234584093,,,,0.8,2979.0178571428573,44
xlstm,electricity,FRA,Europe,True,rolling,2022-12-01,1,2023-01-01,47250.0,45215.149211883545,,,,0.8,2723.4523809523807,44
xlstm,electricity,FRA,Europe,True,rolling,2022-12-01,2,2023-02-01,41440.0,41038.59446078539,,,,0.8,2723.4523809523807,44
xlstm,electricity,FRA,Europe,True,rolling,2022-12-01,3,2023-03-01,40620.0,38722.70763784647,,,,0.8,2723.4523809523807,44
xlstm,electricity,FRA,Europe,True,rolling,2022-12-01,4,2023-04-01,36720.0,38487.904799580574,,,,0.8,2723.4523809523807,44
xlstm,electricity,FRA,Europe,True,rolling,2022-12-01,5,2023-05-01,37570.0,39550.52602440119,,,,0.8,2723.4523809523807,44
xlstm,electricity,FRA,Europe,True,rolling,2022-12-01,6,2023-06-01,34730.0,39672.06946492195,,,,0.8,2723.4523809523807,44
xlstm,electricity,FRA,Europe,True,rolling,2022-12-01,7,2023-07-01,35560.0,38581.11146360636,,,,0.8,2723.4523809523807,44
xlstm,electricity,FRA,Europe,True,rolling,2022-12-01,8,2023-08-01,34380.0,36423.81428539753,,,,0.8,2723.4523809523807,44
xlstm,electricity,FRA,Europe,True,rolling,2022-12-01,9,2023-09-01,35940.0,33841.77901670337,,,,0.8,2723.4523809523807,44
xlstm,electricity,FRA,Europe,True,rolling,2022-12-01,10,2023-10-01,38650.0,32540.705852508545,,,,0.8,2723.4523809523807,44
xlstm,electricity,FRA,Europe,True,rolling,2022-12-01,11,2023-11-01,43150.0,33571.19341135025,,,,0.8,2723.4523809523807,44
xlstm,electricity,FRA,Europe,True,rolling,2022-12-01,12,2023-12-01,48260.0,35067.58886754513,,,,0.8,2723.4523809523807,44
xlstm,electricity,FRA,Europe,True,rolling,2023-12-01,1,2024-01-01,52700.0,43726.800109148026,,,,0.8,2981.875,44
xlstm,electricity,FRA,Europe,True,rolling,2023-12-01,2,2024-02-01,45630.0,40435.45211970806,,,,0.8,2981.875,44
xlstm,electricity,FRA,Europe,True,rolling,2023-12-01,3,2024-03-01,45390.0,37803.81828278303,,,,0.8,2981.875,44
xlstm,electricity,FRA,Europe,True,rolling,2023-12-01,4,2024-04-01,39390.0,35750.18171310425,,,,0.8,2981.875,44
xlstm,electricity,FRA,Europe,True,rolling,2023-12-01,5,2024-05-01,40130.0,34916.63861006498,,,,0.8,2981.875,44
xlstm,electricity,FRA,Europe,True,rolling,2023-12-01,6,2024-06-01,37980.0,34197.53984302282,,,,0.8,2981.875,44
xlstm,electricity,FRA,Europe,True,rolling,2023-12-01,7,2024-07-01,40000.0,33460.0811111927,,,,0.8,2981.875,44
xlstm,electricity,FRA,Europe,True,rolling,2023-12-01,8,2024-08-01,38630.0,33066.97543412447,,,,0.8,2981.875,44
xlstm,electricity,FRA,Europe,True,rolling,2023-12-01,9,2024-09-01,38090.0,34023.510479182005,,,,0.8,2981.875,44
xlstm,electricity,FRA,Europe,True,rolling,2023-12-01,10,2024-10-01,41460.0,37494.059987068176,,,,0.8,2981.875,44
xlstm,electricity,FRA,Europe,True,rolling,2023-12-01,11,2024-11-01,45830.0,42382.313561439514,,,,0.8,2981.875,44
xlstm,electricity,FRA,Europe,True,rolling,2023-12-01,12,2024-12-01,51530.0,43492.35073506832,,,,0.8,2981.875,44
xlstm,electricity,FRA,Europe,True,rolling,2024-12-01,1,2025-01-01,55510.0,50413.65487933159,,,,0.8,3043.9814814814813,44
xlstm,electricity,FRA,Europe,True,rolling,2024-12-01,2,2025-02-01,46230.0,47600.62023997307,,,,0.8,3043.9814814814813,44
xlstm,electricity,FRA,Europe,True,rolling,2024-12-01,3,2025-03-01,46000.0,44279.633883833885,,,,0.8,3043.9814814814813,44
xlstm,electricity,FRA,Europe,True,rolling,2024-12-01,4,2025-04-01,38510.0,39991.524783074856,,,,0.8,3043.9814814814813,44
xlstm,electricity,FRA,Europe,True,rolling,2024-12-01,5,2025-05-01,37490.0,37636.17013156414,,,,0.8,3043.9814814814813,44
xlstm,electricity,FRA,Europe,True,rolling,2024-12-01,6,2025-06-01,37870.0,36452.22210556269,,,,0.8,3043.9814814814813,44
xlstm,electricity,FRA,Europe,True,rolling,2024-12-01,7,2025-07-01,40890.0,35788.483899235725,,,,0.8,3043.9814814814813,44
xlstm,electricity,FRA,Europe,True,rolling,2024-12-01,8,2025-08-01,38880.0,35410.82715064287,,,,0.8,3043.9814814814813,44
xlstm,electricity,FRA,Europe,True,rolling,2024-12-01,9,2025-09-01,39440.0,35979.0931892395,,,,0.8,3043.9814814814813,44
xlstm,electricity,FRA,Europe,True,rolling,2024-12-01,10,2025-10-01,42830.0,39857.418015003204,,,,0.8,3043.9814814814813,44
xlstm,electricity,FRA,Europe,True,rolling,2024-12-01,11,2025-11-01,48160.0,46601.65326654911,,,,0.8,3043.9814814814813,44
xlstm,electricity,FRA,Europe,True,rolling,2024-12-01,12,2025-12-01,54840.0,50984.07766342163,,,,0.8,3043.9814814814813,44
xlstm,electricity,GBR,Europe,False,holdout,last12,1,2025-05-01,18030.0,18528.18587854505,,,,0.8,1230.4464285714287,44
xlstm,electricity,GBR,Europe,False,holdout,last12,2,2025-06-01,18370.0,17899.90525364876,,,,0.8,1230.4464285714287,44
xlstm,electricity,GBR,Europe,False,holdout,last12,3,2025-07-01,17560.0,17749.561342373494,,,,0.8,1230.4464285714287,44
xlstm,electricity,GBR,Europe,False,holdout,last12,4,2025-08-01,17300.0,18078.908904194835,,,,0.8,1230.4464285714287,44
xlstm,electricity,GBR,Europe,False,holdout,last12,5,2025-09-01,18500.0,18941.03083699942,,,,0.8,1230.4464285714287,44
xlstm,electricity,GBR,Europe,False,holdout,last12,6,2025-10-01,20770.0,20420.69981783629,,,,0.8,1230.4464285714287,44
xlstm,electricity,GBR,Europe,False,holdout,last12,7,2025-11-01,22970.0,21916.3527661562,,,,0.8,1230.4464285714287,44
xlstm,electricity,GBR,Europe,False,holdout,last12,8,2025-12-01,22740.0,22751.623871624473,,,,0.8,1230.4464285714287,44
xlstm,electricity,GBR,Europe,False,holdout,last12,9,2026-01-01,25590.0,22678.92049878836,,,,0.8,1230.4464285714287,44
xlstm,electricity,GBR,Europe,False,holdout,last12,10,2026-02-01,22390.0,21852.972808182243,,,,0.8,1230.4464285714287,44
xlstm,electricity,GBR,Europe,False,holdout,last12,11,2026-03-01,21700.0,20798.09929430485,,,,0.8,1230.4464285714287,44
xlstm,electricity,GBR,Europe,False,holdout,last12,12,2026-04-01,19470.0,19689.543708562855,,,,0.8,1230.4464285714287,44
xlstm,electricity,GBR,Europe,False,rolling,2022-12-01,1,2023-01-01,23670.0,23204.696441292763,,,,0.8,1091.6666666666667,44
xlstm,electricity,GBR,Europe,False,rolling,2022-12-01,2,2023-02-01,19830.0,22203.136417269707,,,,0.8,1091.6666666666667,44
xlstm,electricity,GBR,Europe,False,rolling,2022-12-01,3,2023-03-01,21460.0,22228.939067721367,,,,0.8,1091.6666666666667,44
xlstm,electricity,GBR,Europe,False,rolling,2022-12-01,4,2023-04-01,18930.0,21502.847032546997,,,,0.8,1091.6666666666667,44
xlstm,electricity,GBR,Europe,False,rolling,2022-12-01,5,2023-05-01,16910.0,20991.943024396896,,,,0.8,1091.6666666666667,44
xlstm,electricity,GBR,Europe,False,rolling,2022-12-01,6,2023-06-01,17330.0,20465.76975554228,,,,0.8,1091.6666666666667,44
xlstm,electricity,GBR,Europe,False,rolling,2022-12-01,7,2023-07-01,18220.0,20437.76659220457,,,,0.8,1091.6666666666667,44
xlstm,electricity,GBR,Europe,False,rolling,2022-12-01,8,2023-08-01,18010.0,20705.21626651287,,,,0.8,1091.6666666666667,44
xlstm,electricity,GBR,Europe,False,rolling,2022-12-01,9,2023-09-01,18900.0,21611.492018699646,,,,0.8,1091.6666666666667,44
xlstm,electricity,GBR,Europe,False,rolling,2022-12-01,10,2023-10-01,20290.0,22649.961162805557,,,,0.8,1091.6666666666667,44
xlstm,electricity,GBR,Europe,False,rolling,2022-12-01,11,2023-11-01,21320.0,23364.54000353813,,,,0.8,1091.6666666666667,44
xlstm,electricity,GBR,Europe,False,rolling,2022-12-01,12,2023-12-01,23290.0,23395.562822818756,,,,0.8,1091.6666666666667,44
xlstm,electricity,GBR,Europe,False,rolling,2023-12-01,1,2024-01-01,24390.0,22139.837398529053,,,,0.8,1292.7083333333333,44
xlstm,electricity,GBR,Europe,False,rolling,2023-12-01,2,2024-02-01,20120.0,21186.960539221764,,,,0.8,1292.7083333333333,44
xlstm,electricity,GBR,Europe,False,rolling,2023-12-01,3,2024-03-01,19900.0,21665.4967969656,,,,0.8,1292.7083333333333,44
xlstm,electricity,GBR,Europe,False,rolling,2023-12-01,4,2024-04-01,19610.0,21446.82195007801,,,,0.8,1292.7083333333333,44
xlstm,electricity,GBR,Europe,False,rolling,2023-12-01,5,2024-05-01,16640.0,21062.52798140049,,,,0.8,1292.7083333333333,44
xlstm,electricity,GBR,Europe,False,rolling,2023-12-01,6,2024-06-01,16190.000000000002,20366.650379896164,,,,0.8,1292.7083333333333,44
xlstm,electricity,GBR,Europe,False,rolling,2023-12-01,7,2024-07-01,16640.0,19573.151915818453,,,,0.8,1292.7083333333333,44
xlstm,electricity,GBR,Europe,False,rolling,2023-12-01,8,2024-08-01,18050.0,18946.06148093939,,,,0.8,1292.7083333333333,44
xlstm,electricity,GBR,Europe,False,rolling,2023-12-01,9,2024-09-01,17590.0,18742.677104324102,,,,0.8,1292.7083333333333,44
xlstm,electricity,GBR,Europe,False,rolling,2023-12-01,10,2024-10-01,19580.0,19082.952800393105,,,,0.8,1292.7083333333333,44
xlstm,electricity,GBR,Europe,False,rolling,2023-12-01,11,2024-11-01,21590.0,19557.908341288567,,,,0.8,1292.7083333333333,44
xlstm,electricity,GBR,Europe,False,rolling,2023-12-01,12,2024-12-01,22990.0,19775.82188874483,,,,0.8,1292.7083333333333,44
xlstm,electricity,GBR,Europe,False,rolling,2024-12-01,1,2025-01-01,24660.0,22899.10519599915,,,,0.8,1231.2037037037037,44
xlstm,electricity,GBR,Europe,False,rolling,2024-12-01,2,2025-02-01,22110.0,21862.125972509388,,,,0.8,1231.2037037037037,44
xlstm,electricity,GBR,Europe,False,rolling,2024-12-01,3,2025-03-01,20650.0,21092.67068654299,,,,0.8,1231.2037037037037,44
xlstm,electricity,GBR,Europe,False,rolling,2024-12-01,4,2025-04-01,17780.0,20196.90988570452,,,,0.8,1231.2037037037037,44
xlstm,electricity,GBR,Europe,False,rolling,2024-12-01,5,2025-05-01,18030.0,19399.519923925403,,,,0.8,1231.2037037037037,44
xlstm,electricity,GBR,Europe,False,rolling,2024-12-01,6,2025-06-01,18370.0,18746.895270943645,,,,0.8,1231.2037037037037,44
xlstm,electricity,GBR,Europe,False,rolling,2024-12-01,7,2025-07-01,17560.0,18167.666382938627,,,,0.8,1231.2037037037037,44
xlstm,electricity,GBR,Europe,False,rolling,2024-12-01,8,2025-08-01,17300.0,17905.19041374326,,,,0.8,1231.2037037037037,44
xlstm,electricity,GBR,Europe,False,rolling,2024-12-01,9,2025-09-01,18500.0,18135.282013565306,,,,0.8,1231.2037037037037,44
xlstm,electricity,GBR,Europe,False,rolling,2024-12-01,10,2025-10-01,20770.0,18981.458545029167,,,,0.8,1231.2037037037037,44
xlstm,electricity,GBR,Europe,False,rolling,2024-12-01,11,2025-11-01,22970.0,20127.425686717037,,,,0.8,1231.2037037037037,44
xlstm,electricity,GBR,Europe,False,rolling,2024-12-01,12,2025-12-01,22740.0,21046.991189122204,,,,0.8,1231.2037037037037,44
xlstm,electricity,GRC,Europe,True,holdout,last12,1,2025-05-01,3470.0,4495.191860198975,,,,0.8,463.39285714285717,44
xlstm,electricity,GRC,Europe,True,holdout,last12,2,2025-06-01,4330.0,4623.198547363281,,,,0.8,463.39285714285717,44
xlstm,electricity,GRC,Europe,True,holdout,last12,3,2025-07-01,5350.0,4597.754526138306,,,,0.8,463.39285714285717,44
xlstm,electricity,GRC,Europe,True,holdout,last12,4,2025-08-01,5020.0,4365.4723072052,,,,0.8,463.39285714285717,44
xlstm,electricity,GRC,Europe,True,holdout,last12,5,2025-09-01,4230.0,4207.47841835022,,,,0.8,463.39285714285717,44
xlstm,electricity,GRC,Europe,True,holdout,last12,6,2025-10-01,3710.0,4324.530410766602,,,,0.8,463.39285714285717,44
xlstm,electricity,GRC,Europe,True,holdout,last12,7,2025-11-01,3910.0,4435.609569549561,,,,0.8,463.39285714285717,44
xlstm,electricity,GRC,Europe,True,holdout,last12,8,2025-12-01,4590.0,4399.056835174561,,,,0.8,463.39285714285717,44
xlstm,electricity,GRC,Europe,True,holdout,last12,9,2026-01-01,5510.0,4351.63348197937,,,,0.8,463.39285714285717,44
xlstm,electricity,GRC,Europe,True,holdout,last12,10,2026-02-01,4490.0,4277.6024532318115,,,,0.8,463.39285714285717,44
xlstm,electricity,GRC,Europe,True,holdout,last12,11,2026-03-01,4900.0,4213.769435882568,,,,0.8,463.39285714285717,44
xlstm,electricity,GRC,Europe,True,holdout,last12,12,2026-04-01,3560.0,4316.975898742676,,,,0.8,463.39285714285717,44
xlstm,electricity,GRC,Europe,True,rolling,2022-12-01,1,2023-01-01,2810.0,3513.6188966035843,,,,0.8,406.1904761904762,44
xlstm,electricity,GRC,Europe,True,rolling,2022-12-01,2,2023-02-01,3130.0,3512.685021162033,,,,0.8,406.1904761904762,44
xlstm,electricity,GRC,Europe,True,rolling,2022-12-01,3,2023-03-01,3040.0,3512.3421490192413,,,,0.8,406.1904761904762,44
xlstm,electricity,GRC,Europe,True,rolling,2022-12-01,4,2023-04-01,2760.0,3511.938138604164,,,,0.8,406.1904761904762,44
xlstm,electricity,GRC,Europe,True,rolling,2022-12-01,5,2023-05-01,2650.0,3512.2299844026566,,,,0.8,406.1904761904762,44
xlstm,electricity,GRC,Europe,True,rolling,2022-12-01,6,2023-06-01,3240.0,3512.4312895536423,,,,0.8,406.1904761904762,44
xlstm,electricity,GRC,Europe,True,rolling,2022-12-01,7,2023-07-01,4640.0,3512.400642633438,,,,0.8,406.1904761904762,44
xlstm,electricity,GRC,Europe,True,rolling,2022-12-01,8,2023-08-01,4340.0,3512.076283097267,,,,0.8,406.1904761904762,44
xlstm,electricity,GRC,Europe,True,rolling,2022-12-01,9,2023-09-01,3900.0,3511.968552172184,,,,0.8,406.1904761904762,44
xlstm,electricity,GRC,Europe,True,rolling,2022-12-01,10,2023-10-01,3610.0,3512.2870779037476,,,,0.8,406.1904761904762,44
xlstm,electricity,GRC,Europe,True,rolling,2022-12-01,11,2023-11-01,3130.0,3512.608092725277,,,,0.8,406.1904761904762,44
xlstm,electricity,GRC,Europe,True,rolling,2022-12-01,12,2023-12-01,3590.0,3512.798508107662,,,,0.8,406.1904761904762,44
xlstm,electricity,GRC,Europe,True,rolling,2023-12-01,1,2024-01-01,4030.0000000000005,3501.057004034519,,,,0.8,423.0208333333333,44
xlstm,electricity,GRC,Europe,True,rolling,2023-12-01,2,2024-02-01,3330.0,3500.799772143364,,,,0.8,423.0208333333333,44
xlstm,electricity,GRC,Europe,True,rolling,2023-12-01,3,2024-03-01,3470.0,3500.67080616951,,,,0.8,423.0208333333333,44
xlstm,electricity,GRC,Europe,True,rolling,2023-12-01,4,2024-04-01,3500.0,3500.6208688020706,,,,0.8,423.0208333333333,44
xlstm,electricity,GRC,Europe,True,rolling,2023-12-01,5,2024-05-01,3550.0,3500.6196242570877,,,,0.8,423.0208333333333,44
xlstm,electricity,GRC,Europe,True,rolling,2023-12-01,6,2024-06-01,4570.0,3500.636970102787,,,,0.8,423.0208333333333,44
xlstm,electricity,GRC,Europe,True,rolling,2023-12-01,7,2024-07-01,5580.0,3500.630514025688,,,,0.8,423.0208333333333,44
xlstm,electricity,GRC,Europe,True,rolling,2023-12-01,8,2024-08-01,4900.0,3500.563153028488,,,,0.8,423.0208333333333,44
xlstm,electricity,GRC,Europe,True,rolling,2023-12-01,9,2024-09-01,3690.0,3500.517882704735,,,,0.8,423.0208333333333,44
xlstm,electricity,GRC,Europe,True,rolling,2023-12-01,10,2024-10-01,3710.0,3500.498281121254,,,,0.8,423.0208333333333,44
xlstm,electricity,GRC,Europe,True,rolling,2023-12-01,11,2024-11-01,4450.0,3500.4943919181824,,,,0.8,423.0208333333333,44
xlstm,electricity,GRC,Europe,True,rolling,2023-12-01,12,2024-12-01,4460.0,3500.514304637909,,,,0.8,423.0208333333333,44
xlstm,electricity,GRC,Europe,True,rolling,2024-12-01,1,2025-01-01,4540.0,3641.515965461731,,,,0.8,457.68518518518516,44
xlstm,electricity,GRC,Europe,True,rolling,2024-12-01,2,2025-02-01,4480.0,3635.831780433655,,,,0.8,457.68518518518516,44
xlstm,electricity,GRC,Europe,True,rolling,2024-12-01,3,2025-03-01,3790.0,3627.267723083496,,,,0.8,457.68518518518516,44
xlstm,electricity,GRC,Europe,True,rolling,2024-12-01,4,2025-04-01,3010.0,3617.868432998657,,,,0.8,457.68518518518516,44
xlstm,electricity,GRC,Europe,True,rolling,2024-12-01,5,2025-05-01,3470.0,3609.2378759384155,,,,0.8,457.68518518518516,44
xlstm,electricity,GRC,Europe,True,rolling,2024-12-01,6,2025-06-01,4330.0,3601.888208389282,,,,0.8,457.68518518518516,44
xlstm,electricity,GRC,Europe,True,rolling,2024-12-01,7,2025-07-01,5350.0,3595.070810317993,,,,0.8,457.68518518518516,44
xlstm,electricity,GRC,Europe,True,rolling,2024-12-01,8,2025-08-01,5020.0,3588.95800113678,,,,0.8,457.68518518518516,44
xlstm,electricity,GRC,Europe,True,rolling,2024-12-01,9,2025-09-01,4230.0,3584.948811531067,,,,0.8,457.68518518518516,44
xlstm,electricity,GRC,Europe,True,rolling,2024-12-01,10,2025-10-01,3710.0,3582.904896736145,,,,0.8,457.68518518518516,44
xlstm,electricity,GRC,Europe,True,rolling,2024-12-01,11,2025-11-01,3910.0,3581.281633377075,,,,0.8,457.68518518518516,44
xlstm,electricity,GRC,Europe,True,rolling,2024-12-01,12,2025-12-01,4590.0,3579.430332183838,,,,0.8,457.68518518518516,44
xlstm,electricity,HRV,Europe,True,holdout,last12,1,2025-05-01,860.0,1131.3125425577164,,,,0.8,173.69230769230768,44
xlstm,electricity,HRV,Europe,True,holdout,last12,2,2025-06-01,830.0,1131.1828196048737,,,,0.8,173.69230769230768,44
xlstm,electricity,HRV,Europe,True,holdout,last12,3,2025-07-01,1050.0,1130.9498953819275,,,,0.8,173.69230769230768,44
xlstm,electricity,HRV,Europe,True,holdout,last12,4,2025-08-01,1050.0,1130.6762063503265,,,,0.8,173.69230769230768,44
xlstm,electricity,HRV,Europe,True,holdout,last12,5,2025-09-01,830.0,1130.455560684204,,,,0.8,173.69230769230768,44
xlstm,electricity,HRV,Europe,True,holdout,last12,6,2025-10-01,1080.0,1130.2985179424286,,,,0.8,173.69230769230768,44
xlstm,electricity,HRV,Europe,True,holdout,last12,7,2025-11-01,1130.0,1130.1762235164642,,,,0.8,173.69230769230768,44
xlstm,electricity,HRV,Europe,True,holdout,last12,8,2025-12-01,1250.0,1130.0967198610306,,,,0.8,173.69230769230768,44
xlstm,electricity,HRV,Europe,True,holdout,last12,9,2026-01-01,1550.0,1130.025565624237,,,,0.8,173.69230769230768,44
xlstm,electricity,HRV,Europe,True,holdout,last12,10,2026-02-01,1490.0,1129.980994462967,,,,0.8,173.69230769230768,44
xlstm,electricity,HRV,Europe,True,holdout,last12,11,2026-03-01,1070.0,1129.9752849340439,,,,0.8,173.69230769230768,44
xlstm,electricity,HRV,Europe,True,holdout,last12,12,2026-04-01,820.0,1129.945816397667,,,,0.8,173.69230769230768,44
xlstm,electricity,HRV,Europe,True,rolling,2022-12-01,1,2023-01-01,1440.0,1059.810484945774,,,,0.8,164.86486486486487,44
xlstm,electricity,HRV,Europe,True,rolling,2022-12-01,2,2023-02-01,1270.0,1059.7929266095161,,,,0.8,164.86486486486487,44
xlstm,electricity,HRV,Europe,True,rolling,2022-12-01,3,2023-03-01,1540.0,1058.963448703289,,,,0.8,164.86486486486487,44
xlstm,electricity,HRV,Europe,True,rolling,2022-12-01,4,2023-04-01,1230.0,1058.1120535731316,,,,0.8,164.86486486486487,44
xlstm,electricity,HRV,Europe,True,rolling,2022-12-01,5,2023-05-01,1360.0,1057.297923862934,,,,0.8,164.86486486486487,44
xlstm,electricity,HRV,Europe,True,rolling,2022-12-01,6,2023-06-01,1180.0,1056.696581542492,,,,0.8,164.86486486486487,44
xlstm,electricity,HRV,Europe,True,rolling,2022-12-01,7,2023-07-01,1190.0,1056.3894027471542,,,,0.8,164.86486486486487,44
xlstm,electricity,HRV,Europe,True,rolling,2022-12-01,8,2023-08-01,1230.0,1056.3229757547379,,,,0.8,164.86486486486487,44
xlstm,electricity,HRV,Europe,True,rolling,2022-12-01,9,2023-09-01,1090.0,1056.3030230998993,,,,0.8,164.86486486486487,44
xlstm,electricity,HRV,Europe,True,rolling,2022-12-01,10,2023-10-01,1080.0,1056.2719276547432,,,,0.8,164.86486486486487,44
xlstm,electricity,HRV,Europe,True,rolling,2022-12-01,11,2023-11-01,1420.0,1056.3513085246086,,,,0.8,164.86486486486487,44
xlstm,electricity,HRV,Europe,True,rolling,2022-12-01,12,2023-12-01,1380.0,1056.5735504031181,,,,0.8,164.86486486486487,44
xlstm,electricity,HRV,Europe,True,rolling,2023-12-01,1,2024-01-01,1400.0,1117.225170135498,,,,0.8,181.83673469387756,44
xlstm,electricity,HRV,Europe,True,rolling,2023-12-01,2,2024-02-01,1140.0,1117.1513760089874,,,,0.8,181.83673469387756,44
xlstm,electricity,HRV,Europe,True,rolling,2023-12-01,3,2024-03-01,1300.0,1116.6271430253983,,,,0.8,181.83673469387756,44
xlstm,electricity,HRV,Europe,True,rolling,2023-12-01,4,2024-04-01,1040.0,1115.926958322525,,,,0.8,181.83673469387756,44
xlstm,electricity,HRV,Europe,True,rolling,2023-12-01,5,2024-05-01,930.0,1115.3400433063507,,,,0.8,181.83673469387756,44
xlstm,electricity,HRV,Europe,True,rolling,2023-12-01,6,2024-06-01,830.0,1114.8498833179474,,,,0.8,181.83673469387756,44
xlstm,electricity,HRV,Europe,True,rolling,2023-12-01,7,2024-07-01,1140.0,1114.5151698589325,,,,0.8,181.83673469387756,44
xlstm,electricity,HRV,Europe,True,rolling,2023-12-01,8,2024-08-01,1090.0,1114.2773342132568,,,,0.8,181.83673469387756,44
xlstm,electricity,HRV,Europe,True,rolling,2023-12-01,9,2024-09-01,1020.0,1114.1073375940323,,,,0.8,181.83673469387756,44
xlstm,electricity,HRV,Europe,True,rolling,2023-12-01,10,2024-10-01,1160.0,1114.0139591693878,,,,0.8,181.83673469387756,44
xlstm,electricity,HRV,Europe,True,rolling,2023-12-01,11,2024-11-01,1140.0,1113.9533644914627,,,,0.8,181.83673469387756,44
xlstm,electricity,HRV,Europe,True,rolling,2023-12-01,12,2024-12-01,1340.0,1113.8590037822723,,,,0.8,181.83673469387756,44
xlstm,electricity,HRV,Europe,True,rolling,2024-12-01,1,2025-01-01,1300.0,1117.2415620088577,,,,0.8,179.50819672131146,44
xlstm,electricity,HRV,Europe,True,rolling,2024-12-01,2,2025-02-01,1050.0,1117.7075332403183,,,,0.8,179.50819672131146,44
xlstm,electricity,HRV,Europe,True,rolling,2024-12-01,3,2025-03-01,1320.0,1117.810366153717,,,,0.8,179.50819672131146,44
xlstm,electricity,HRV,Europe,True,rolling,2024-12-01,4,2025-04-01,1170.0,1117.6888698339462,,,,0.8,179.50819672131146,44
xlstm,electricity,HRV,Europe,True,rolling,2024-12-01,5,2025-05-01,860.0,1117.5436758995056,,,,0.8,179.50819672131146,44
xlstm,electricity,HRV,Europe,True,rolling,2024-12-01,6,2025-06-01,830.0,1117.4163472652435,,,,0.8,179.50819672131146,44
xlstm,electricity,HRV,Europe,True,rolling,2024-12-01,7,2025-07-01,1050.0,1117.3283100128174,,,,0.8,179.50819672131146,44
xlstm,electricity,HRV,Europe,True,rolling,2024-12-01,8,2025-08-01,1050.0,1117.2275030612946,,,,0.8,179.50819672131146,44
xlstm,electricity,HRV,Europe,True,rolling,2024-12-01,9,2025-09-01,830.0,1117.1666014194489,,,,0.8,179.50819672131146,44
xlstm,electricity,HRV,Europe,True,rolling,2024-12-01,10,2025-10-01,1080.0,1117.137194275856,,,,0.8,179.50819672131146,44
xlstm,electricity,HRV,Europe,True,rolling,2024-12-01,11,2025-11-01,1130.0,1117.1026301383972,,,,0.8,179.50819672131146,44
xlstm,electricity,HRV,Europe,True,rolling,2024-12-01,12,2025-12-01,1250.0,1117.082370519638,,,,0.8,179.50819672131146,44
xlstm,electricity,HUN,Europe,True,holdout,last12,1,2025-05-01,3240.0,3144.2250841856007,,,,0.8,201.16071428571428,44
xlstm,electricity,HUN,Europe,True,holdout,last12,2,2025-06-01,3300.0,3156.0476177930836,,,,0.8,201.16071428571428,44
xlstm,electricity,HUN,Europe,True,holdout,last12,3,2025-07-01,3430.0,3156.942424178124,,,,0.8,201.16071428571428,44
xlstm,electricity,HUN,Europe,True,holdout,last12,4,2025-08-01,3220.0,3115.0653576850896,,,,0.8,201.16071428571428,44
xlstm,electricity,HUN,Europe,True,holdout,last12,5,2025-09-01,3050.0,3107.449015974999,,,,0.8,201.16071428571428,44
xlstm,electricity,HUN,Europe,True,holdout,last12,6,2025-10-01,3400.0,3156.54080092907,,,,0.8,201.16071428571428,44
xlstm,electricity,HUN,Europe,True,holdout,last12,7,2025-11-01,2930.0,3177.113869786263,,,,0.8,201.16071428571428,44
xlstm,electricity,HUN,Europe,True,holdout,last12,8,2025-12-01,2850.0,3180.908315777779,,,,0.8,201.16071428571428,44
xlstm,electricity,HUN,Europe,True,holdout,last12,9,2026-01-01,3200.0,3190.5479121208195,,,,0.8,201.16071428571428,44
xlstm,electricity,HUN,Europe,True,holdout,last12,10,2026-02-01,2850.0,3194.53514456749,,,,0.8,201.16071428571428,44
xlstm,electricity,HUN,Europe,True,holdout,last12,11,2026-03-01,3020.0,3204.886427521706,,,,0.8,201.16071428571428,44
xlstm,electricity,HUN,Europe,True,holdout,last12,12,2026-04-01,3050.0,3204.6233296394353,,,,0.8,201.16071428571428,44
xlstm,electricity,HUN,Europe,True,rolling,2022-12-01,1,2023-01-01,2670.0,2781.247329711914,,,,0.8,176.78571428571428,44
xlstm,electricity,HUN,Europe,True,rolling,2022-12-01,2,2023-02-01,2650.0,2772.2813415527344,,,,0.8,176.78571428571428,44
xlstm,electricity,HUN,Europe,True,rolling,2022-12-01,3,2023-03-01,2850.0,2782.7339935302734,,,,0.8,176.78571428571428,44
xlstm,electricity,HUN,Europe,True,rolling,2022-12-01,4,2023-04-01,2860.0,2771.6127014160156,,,,0.8,176.78571428571428,44
xlstm,electricity,HUN,Europe,True,rolling,2022-12-01,5,2023-05-01,2540.0,2773.561477661133,,,,0.8,176.78571428571428,44
xlstm,electricity,HUN,Europe,True,rolling,2022-12-01,6,2023-06-01,2620.0,2771.7564392089844,,,,0.8,176.78571428571428,44
xlstm,electricity,HUN,Europe,True,rolling,2022-12-01,7,2023-07-01,3100.0,2770.2225494384766,,,,0.8,176.78571428571428,44
xlstm,electricity,HUN,Europe,True,rolling,2022-12-01,8,2023-08-01,3070.0,2736.099166870117,,,,0.8,176.78571428571428,44
xlstm,electricity,HUN,Europe,True,rolling,2022-12-01,9,2023-09-01,2910.0,2736.1546325683594,,,,0.8,176.78571428571428,44
xlstm,electricity,HUN,Europe,True,rolling,2022-12-01,10,2023-10-01,2870.0,2764.8562622070312,,,,0.8,176.78571428571428,44
xlstm,electricity,HUN,Europe,True,rolling,2022-12-01,11,2023-11-01,2660.0,2742.8971099853516,,,,0.8,176.78571428571428,44
xlstm,electricity,HUN,Europe,True,rolling,2022-12-01,12,2023-12-01,2420.0,2770.9780883789062,,,,0.8,176.78571428571428,44
xlstm,electricity,HUN,Europe,True,rolling,2023-12-01,1,2024-01-01,2990.0,2770.885467529297,,,,0.8,186.04166666666666,44
xlstm,electricity,HUN,Europe,True,rolling,2023-12-01,2,2024-02-01,2580.0,2772.7645874023438,,,,0.8,186.04166666666666,44
xlstm,electricity,HUN,Europe,True,rolling,2023-12-01,3,2024-03-01,2750.0,2776.3118743896484,,,,0.8,186.04166666666666,44
xlstm,electricity,HUN,Europe,True,rolling,2023-12-01,4,2024-04-01,3050.0,2774.466094970703,,,,0.8,186.04166666666666,44
xlstm,electricity,HUN,Europe,True,rolling,2023-12-01,5,2024-05-01,3020.0,2769.6255493164062,,,,0.8,186.04166666666666,44
xlstm,electricity,HUN,Europe,True,rolling,2023-12-01,6,2024-06-01,3100.0,2777.0205688476562,,,,0.8,186.04166666666666,44
xlstm,electricity,HUN,Europe,True,rolling,2023-12-01,7,2024-07-01,3390.0,2782.0155334472656,,,,0.8,186.04166666666666,44
xlstm,electricity,HUN,Europe,True,rolling,2023-12-01,8,2024-08-01,3120.0,2779.889678955078,,,,0.8,186.04166666666666,44
xlstm,electricity,HUN,Europe,True,rolling,2023-12-01,9,2024-09-01,2740.0,2775.9495544433594,,,,0.8,186.04166666666666,44
xlstm,electricity,HUN,Europe,True,rolling,2023-12-01,10,2024-10-01,2960.0,2772.1847534179688,,,,0.8,186.04166666666666,44
xlstm,electricity,HUN,Europe,True,rolling,2023-12-01,11,2024-11-01,3110.0,2762.9420471191406,,,,0.8,186.04166666666666,44
xlstm,electricity,HUN,Europe,True,rolling,2023-12-01,12,2024-12-01,3070.0,2760.2298736572266,,,,0.8,186.04166666666666,44
xlstm,electricity,HUN,Europe,True,rolling,2024-12-01,1,2025-01-01,3130.0,2847.175446152687,,,,0.8,196.2962962962963,44
xlstm,electricity,HUN,Europe,True,rolling,2024-12-01,2,2025-02-01,3080.0,2838.7023264169693,,,,0.8,196.2962962962963,44
xlstm,electricity,HUN,Europe,True,rolling,2024-12-01,3,2025-03-01,3180.0,2854.1537868976593,,,,0.8,196.2962962962963,44
xlstm,electricity,HUN,Europe,True,rolling,2024-12-01,4,2025-04-01,3310.0,2861.8141758441925,,,,0.8,196.2962962962963,44
xlstm,electricity,HUN,Europe,True,rolling,2024-12-01,5,2025-05-01,3240.0,2860.872130393982,,,,0.8,196.2962962962963,44
xlstm,electricity,HUN,Europe,True,rolling,2024-12-01,6,2025-06-01,3300.0,2861.4936250448227,,,,0.8,196.2962962962963,44
xlstm,electricity,HUN,Europe,True,rolling,2024-12-01,7,2025-07-01,3430.0,2860.3418308496475,,,,0.8,196.2962962962963,44
xlstm,electricity,HUN,Europe,True,rolling,2024-12-01,8,2025-08-01,3220.0,2847.7527111768723,,,,0.8,196.2962962962963,44
xlstm,electricity,HUN,Europe,True,rolling,2024-12-01,9,2025-09-01,3050.0,2838.723848462105,,,,0.8,196.2962962962963,44
xlstm,electricity,HUN,Europe,True,rolling,2024-12-01,10,2025-10-01,3400.0,2846.953386068344,,,,0.8,196.2962962962963,44
xlstm,electricity,HUN,Europe,True,rolling,2024-12-01,11,2025-11-01,2930.0,2847.1803706884384,,,,0.8,196.2962962962963,44
xlstm,electricity,HUN,Europe,True,rolling,2024-12-01,12,2025-12-01,2850.0,2840.261945128441,,,,0.8,196.2962962962963,44
xlstm,electricity,IND|delhi,India,True,holdout,last12,1,2024-12-01,89.41,429.2736877167225,,,,0.8,131.8484745762712,44
xlstm,electricity,IND|delhi,India,True,holdout,last12,2,2025-01-01,154.31,427.579055454731,,,,0.8,131.8484745762712,44
xlstm,electricity,IND|delhi,India,True,holdout,last12,3,2025-02-01,294.42,426.50633720695976,,,,0.8,131.8484745762712,44
xlstm,electricity,IND|delhi,India,True,holdout,last12,4,2025-03-01,250.68,426.0939792209864,,,,0.8,131.8484745762712,44
xlstm,electricity,IND|delhi,India,True,holdout,last12,5,2025-04-01,424.61,426.07199851810935,,,,0.8,131.8484745762712,44
xlstm,electricity,IND|delhi,India,True,holdout,last12,6,2025-05-01,416.19,426.1332247668505,,,,0.8,131.8484745762712,44
xlstm,electricity,IND|delhi,India,True,holdout,last12,7,2025-06-01,504.4,425.8620228582621,,,,0.8,131.8484745762712,44
xlstm,electricity,IND|delhi,India,True,holdout,last12,8,2025-07-01,435.31,425.76201066017154,,,,0.8,131.8484745762712,44
xlstm,electricity,IND|delhi,India,True,holdout,last12,9,2025-08-01,308.94,426.0016602689028,,,,0.8,131.8484745762712,44
xlstm,electricity,IND|delhi,India,True,holdout,last12,10,2025-09-01,220.06,426.2945831084252,,,,0.8,131.8484745762712,44
xlstm,electricity,IND|delhi,India,True,holdout,last12,11,2025-10-01,105.78,426.63118759930137,,,,0.8,131.8484745762712,44
xlstm,electricity,IND|delhi,India,True,holdout,last12,12,2025-11-01,152.52,426.8348887676001,,,,0.8,131.8484745762712,44
xlstm,electricity,IND|delhi,India,True,rolling,2022-12-01,1,2023-01-01,352.88,443.1850915229321,,,,0.8,98.68888888888888,44
xlstm,electricity,IND|delhi,India,True,rolling,2022-12-01,2,2023-02-01,312.21,442.63900292098526,,,,0.8,98.68888888888888,44
xlstm,electricity,IND|delhi,India,True,rolling,2022-12-01,3,2023-03-01,156.59,442.65396663606174,,,,0.8,98.68888888888888,44
xlstm,electricity,IND|delhi,India,True,rolling,2022-12-01,4,2023-04-01,199.45,442.99845107674605,,,,0.8,98.68888888888888,44
xlstm,electricity,IND|delhi,India,True,rolling,2022-12-01,5,2023-05-01,281.47,443.36970200777057,,,,0.8,98.68888888888888,44
xlstm,electricity,IND|delhi,India,True,rolling,2022-12-01,6,2023-06-01,362.77,443.8689275020362,,,,0.8,98.68888888888888,44
xlstm,electricity,IND|delhi,India,True,rolling,2022-12-01,7,2023-07-01,300.61,444.41501610398296,,,,0.8,98.68888888888888,44
xlstm,electricity,IND|delhi,India,True,rolling,2022-12-01,8,2023-08-01,584.53,444.89023005545147,,,,0.8,98.68888888888888,44
xlstm,electricity,IND|delhi,India,True,rolling,2022-12-01,9,2023-09-01,532.58,445.28787048399454,,,,0.8,98.68888888888888,44
xlstm,electricity,IND|delhi,India,True,rolling,2022-12-01,10,2023-10-01,543.52,445.628903990388,,,,0.8,98.68888888888888,44
xlstm,electricity,IND|delhi,India,True,rolling,2022-12-01,11,2023-11-01,297.38,446.0081297695637,,,,0.8,98.68888888888888,44
xlstm,electricity,IND|delhi,India,True,rolling,2022-12-01,12,2023-12-01,325.73,446.2428223007918,,,,0.8,98.68888888888888,44
xlstm,electricity,IND|delhi,India,True,rolling,2023-12-01,1,2024-01-01,439.33,419.89244765281677,,,,0.8,114.425,44
xlstm,electricity,IND|delhi,India,True,rolling,2023-12-01,2,2024-02-01,342.0,420.253516343534,,,,0.8,114.425,44
xlstm,electricity,IND|delhi,India,True,rolling,2023-12-01,3,2024-03-01,274.56,420.5983873832226,,,,0.8,114.425,44
xlstm,electricity,IND|delhi,India,True,rolling,2023-12-01,4,2024-04-01,355.23,421.1712095761299,,,,0.8,114.425,44
xlstm,electricity,IND|delhi,India,True,rolling,2023-12-01,5,2024-05-01,827.09,421.60387314736846,,,,0.8,114.425,44
xlstm,electricity,IND|delhi,India,True,rolling,2023-12-01,6,2024-06-01,819.84,421.86155156850816,,,,0.8,114.425,44
xlstm,electricity,IND|delhi,India,True,rolling,2023-12-01,7,2024-07-01,536.27,421.9792923885584,,,,0.8,114.425,44
xlstm,electricity,IND|delhi,India,True,rolling,2023-12-01,8,2024-08-01,437.94,422.2073856264353,,,,0.8,114.425,44
xlstm,electricity,IND|delhi,India,True,rolling,2023-12-01,9,2024-09-01,315.89,421.9531172370911,,,,0.8,114.425,44
xlstm,electricity,IND|delhi,India,True,rolling,2023-12-01,10,2024-10-01,369.72,421.90048276484015,,,,0.8,114.425,44
xlstm,electricity,IND|delhi,India,True,rolling,2023-12-01,11,2024-11-01,176.14,421.88125397443775,,,,0.8,114.425,44
xlstm,electricity,IND|delhi,India,True,rolling,2023-12-01,12,2024-12-01,89.41,422.27148159444334,,,,0.8,114.425,44
xlstm,electricity,IND|gujarat,India,True,holdout,last12,1,2024-12-01,12587.71,10997.105258268715,,,,0.8,2118.901525423729,44
xlstm,electricity,IND|gujarat,India,True,holdout,last12,2,2025-01-01,12483.88,11171.884904550314,,,,0.8,2118.901525423729,44
xlstm,electricity,IND|gujarat,India,True,holdout,last12,3,2025-02-01,11945.49,11531.200825543403,,,,0.8,2118.901525423729,44
xlstm,electricity,IND|gujarat,India,True,holdout,last12,4,2025-03-01,13932.58,11901.431044262052,,,,0.8,2118.901525423729,44
xlstm,electricity,IND|gujarat,India,True,holdout,last12,5,2025-04-01,14756.3,12148.481460939645,,,,0.8,2118.901525423729,44
xlstm,electricity,IND|gujarat,India,True,holdout,last12,6,2025-05-01,15395.69,12222.900448760389,,,,0.8,2118.901525423729,44
xlstm,electricity,IND|gujarat,India,True,holdout,last12,7,2025-06-01,14750.75,12138.522527939676,,,,0.8,2118.901525423729,44
xlstm,electricity,IND|gujarat,India,True,holdout,last12,8,2025-07-01,13036.02,11940.40410627246,,,,0.8,2118.901525423729,44
xlstm,electricity,IND|gujarat,India,True,holdout,last12,9,2025-08-01,12709.35,11696.001240707636,,,,0.8,2118.901525423729,44
xlstm,electricity,IND|gujarat,India,True,holdout,last12,10,2025-09-01,11478.69,11476.362078369855,,,,0.8,2118.901525423729,44
xlstm,electricity,IND|gujarat,India,True,holdout,last12,11,2025-10-01,9418.44,11304.120373367072,,,,0.8,2118.901525423729,44
xlstm,electricity,IND|gujarat,India,True,holdout,last12,12,2025-11-01,8822.5,11208.198913181424,,,,0.8,2118.901525423729,44
xlstm,electricity,IND|gujarat,India,True,rolling,2022-12-01,1,2023-01-01,7950.02,7876.281773822903,,,,0.8,1657.79,44
xlstm,electricity,IND|gujarat,India,True,rolling,2022-12-01,2,2023-02-01,6633.61,7839.962749620675,,,,0.8,1657.79,44
xlstm,electricity,IND|gujarat,India,True,rolling,2022-12-01,3,2023-03-01,6887.2,7825.988293788432,,,,0.8,1657.79,44
xlstm,electricity,IND|gujarat,India,True,rolling,2022-12-01,4,2023-04-01,9136.42,7812.592209112643,,,,0.8,1657.79,44
xlstm,electricity,IND|gujarat,India,True,rolling,2022-12-01,5,2023-05-01,12310.12,7801.416060985326,,,,0.8,1657.79,44
xlstm,electricity,IND|gujarat,India,True,rolling,2022-12-01,6,2023-06-01,9791.89,7799.251846552491,,,,0.8,1657.79,44
xlstm,electricity,IND|gujarat,India,True,rolling,2022-12-01,7,2023-07-01,9802.89,7804.806975423693,,,,0.8,1657.79,44
xlstm,electricity,IND|gujarat,India,True,rolling,2022-12-01,8,2023-08-01,14119.81,7819.430980297327,,,,0.8,1657.79,44
xlstm,electricity,IND|gujarat,India,True,rolling,2022-12-01,9,2023-09-01,12375.18,7830.986201503276,,,,0.8,1657.79,44
xlstm,electricity,IND|gujarat,India,True,rolling,2022-12-01,10,2023-10-01,12811.12,7838.881252500414,,,,0.8,1657.79,44
xlstm,electricity,IND|gujarat,India,True,rolling,2022-12-01,11,2023-11-01,9613.66,7847.893999656438,,,,0.8,1657.79,44
xlstm,electricity,IND|gujarat,India,True,rolling,2022-12-01,12,2023-12-01,10836.09,7857.216675660014,,,,0.8,1657.79,44
xlstm,electricity,IND|gujarat,India,True,rolling,2023-12-01,1,2024-01-01,11592.54,9651.140678982736,,,,0.8,1886.6966666666665,44
xlstm,electricity,IND|gujarat,India,True,rolling,2023-12-01,2,2024-02-01,11107.38,8698.255193803907,,,,0.8,1886.6966666666665,44
xlstm,electricity,IND|gujarat,India,True,rolling,2023-12-01,3,2024-03-01,11901.77,8036.549341852665,,,,0.8,1886.6966666666665,44
xlstm,electricity,IND|gujarat,India,True,rolling,2023-12-01,4,2024-04-01,14269.61,7657.4952305877205,,,,0.8,1886.6966666666665,44
xlstm,electricity,IND|gujarat,India,True,rolling,2023-12-01,5,2024-05-01,16290.2,7525.631252246499,,,,0.8,1886.6966666666665,44
xlstm,electricity,IND|gujarat,India,True,rolling,2023-12-01,6,2024-06-01,15709.42,7592.8797606509925,,,,0.8,1886.6966666666665,44
xlstm,electricity,IND|gujarat,India,True,rolling,2023-12-01,7,2024-07-01,13153.7,7875.466106325984,,,,0.8,1886.6966666666665,44
xlstm,electricity,IND|gujarat,India,True,rolling,2023-12-01,8,2024-08-01,13558.33,8194.201391430497,,,,0.8,1886.6966666666665,44
xlstm,electricity,IND|gujarat,India,True,rolling,2023-12-01,9,2024-09-01,10911.61,8439.494521787763,,,,0.8,1886.6966666666665,44
xlstm,electricity,IND|gujarat,India,True,rolling,2023-12-01,10,2024-10-01,12406.08,8774.453789320587,,,,0.8,1886.6966666666665,44
xlstm,electricity,IND|gujarat,India,True,rolling,2023-12-01,11,2024-11-01,10124.85,9054.93545538485,,,,0.8,1886.6966666666665,44
xlstm,electricity,IND|gujarat,India,True,rolling,2023-12-01,12,2024-12-01,12587.71,9310.300511960388,,,,0.8,1886.6966666666665,44
xlstm,electricity,IND|karnataka,India,True,holdout,last12,1,2024-12-01,8145.37,7839.378355259895,,,,0.8,738.1993220338982,44
xlstm,electricity,IND|karnataka,India,True,holdout,last12,2,2025-01-01,9225.42,7880.941790208816,,,,0.8,738.1993220338982,44
xlstm,electricity,IND|karnataka,India,True,holdout,last12,3,2025-02-01,8745.45,7886.799451971054,,,,0.8,738.1993220338982,44
xlstm,electricity,IND|karnataka,India,True,holdout,last12,4,2025-03-01,9617.26,7907.0433947420115,,,,0.8,738.1993220338982,44
xlstm,electricity,IND|karnataka,India,True,holdout,last12,5,2025-04-01,8712.33,7912.8945949840545,,,,0.8,738.1993220338982,44
xlstm,electricity,IND|karnataka,India,True,holdout,last12,6,2025-05-01,8192.56,7922.770147485732,,,,0.8,738.1993220338982,44
xlstm,electricity,IND|karnataka,India,True,holdout,last12,7,2025-06-01,7637.08,7948.65999037981,,,,0.8,738.1993220338982,44
xlstm,electricity,IND|karnataka,India,True,holdout,last12,8,2025-07-01,10897.87,7961.613576138019,,,,0.8,738.1993220338982,44
xlstm,electricity,IND|karnataka,India,True,holdout,last12,9,2025-08-01,8199.13,7887.487016460896,,,,0.8,738.1993220338982,44
xlstm,electricity,IND|karnataka,India,True,holdout,last12,10,2025-09-01,8928.18,7846.94831987381,,,,0.8,738.1993220338982,44
xlstm,electricity,IND|karnataka,India,True,holdout,last12,11,2025-10-01,8001.72,7829.3048452758785,,,,0.8,738.1993220338982,44
xlstm,electricity,IND|karnataka,India,True,holdout,last12,12,2025-11-01,8240.21,7852.938149094582,,,,0.8,738.1993220338982,44
xlstm,electricity,IND|karnataka,India,True,rolling,2022-12-01,1,2023-01-01,8038.99,6397.178377046586,,,,0.8,802.7808333333332,44
xlstm,electricity,IND|karnataka,India,True,rolling,2022-12-01,2,2023-02-01,7818.8,6389.984315087796,,,,0.8,802.7808333333332,44
xlstm,electricity,IND|karnataka,India,True,rolling,2022-12-01,3,2023-03-01,8160.45,6385.456466915608,,,,0.8,802.7808333333332,44
xlstm,electricity,IND|karnataka,India,True,rolling,2022-12-01,4,2023-04-01,7779.79,6381.219055194856,,,,0.8,802.7808333333332,44
xlstm,electricity,IND|karnataka,India,True,rolling,2022-12-01,5,2023-05-01,7603.25,6378.905113487244,,,,0.8,802.7808333333332,44
xlstm,electricity,IND|karnataka,India,True,rolling,2022-12-01,6,2023-06-01,7946.66,6377.404823589326,,,,0.8,802.7808333333332,44
xlstm,electricity,IND|karnataka,India,True,rolling,2022-12-01,7,2023-07-01,7321.81,6376.964811768533,,,,0.8,802.7808333333332,44
xlstm,electricity,IND|karnataka,India,True,rolling,2022-12-01,8,2023-08-01,8122.64,6377.176819634438,,,,0.8,802.7808333333332,44
xlstm,electricity,IND|karnataka,India,True,rolling,2022-12-01,9,2023-09-01,7595.06,6377.271124935151,,,,0.8,802.7808333333332,44
xlstm,electricity,IND|karnataka,India,True,rolling,2022-12-01,10,2023-10-01,7700.76,6377.647868642808,,,,0.8,802.7808333333332,44
xlstm,electricity,IND|karnataka,India,True,rolling,2022-12-01,11,2023-11-01,6777.8,6378.8845811939245,,,,0.8,802.7808333333332,44
xlstm,electricity,IND|karnataka,India,True,rolling,2022-12-01,12,2023-12-01,7198.72,6378.920035212041,,,,0.8,802.7808333333332,44
xlstm,electricity,IND|karnataka,India,True,rolling,2023-12-01,1,2024-01-01,7829.86,7614.810458979608,,,,0.8,808.1014583333334,44
xlstm,electricity,IND|karnataka,India,True,rolling,2023-12-01,2,2024-02-01,7618.21,7601.5721434879315,,,,0.8,808.1014583333334,44
xlstm,electricity,IND|karnataka,India,True,rolling,2023-12-01,3,2024-03-01,7925.02,7594.989394750596,,,,0.8,808.1014583333334,44
xlstm,electricity,IND|karnataka,India,True,rolling,2023-12-01,4,2024-04-01,7885.67,7572.08991900921,,,,0.8,808.1014583333334,44
xlstm,electricity,IND|karnataka,India,True,rolling,2023-12-01,5,2024-05-01,7589.62,7563.296128778458,,,,0.8,808.1014583333334,44
xlstm,electricity,IND|karnataka,India,True,rolling,2023-12-01,6,2024-06-01,7855.71,7560.97024969101,,,,0.8,808.1014583333334,44
xlstm,electricity,IND|karnataka,India,True,rolling,2023-12-01,7,2024-07-01,9488.83,7540.929298925401,,,,0.8,808.1014583333334,44
xlstm,electricity,IND|karnataka,India,True,rolling,2023-12-01,8,2024-08-01,8478.77,7549.188055791856,,,,0.8,808.1014583333334,44
xlstm,electricity,IND|karnataka,India,True,rolling,2023-12-01,9,2024-09-01,8028.12,7515.783208298684,,,,0.8,808.1014583333334,44
xlstm,electricity,IND|karnataka,India,True,rolling,2023-12-01,10,2024-10-01,7449.92,7508.525520105363,,,,0.8,808.1014583333334,44
xlstm,electricity,IND|karnataka,India,True,rolling,2023-12-01,11,2024-11-01,7480.03,7497.194797911645,,,,0.8,808.1014583333334,44
xlstm,electricity,IND|karnataka,India,True,rolling,2023-12-01,12,2024-12-01,8145.37,7536.933619146348,,,,0.8,808.1014583333334,44
xlstm,electricity,IND|kerala,India,False,holdout,last12,1,2024-12-01,565.37,724.581765472889,,,,0.8,217.61152542372878,44
xlstm,electricity,IND|kerala,India,False,holdout,last12,2,2025-01-01,617.85,739.2592922568322,,,,0.8,217.61152542372878,44
xlstm,electricity,IND|kerala,India,False,holdout,last12,3,2025-02-01,639.53,759.3459510445595,,,,0.8,217.61152542372878,44
xlstm,electricity,IND|kerala,India,False,holdout,last12,4,2025-03-01,702.28,779.5136034607888,,,,0.8,217.61152542372878,44
xlstm,electricity,IND|kerala,India,False,holdout,last12,5,2025-04-01,714.39,794.8782620310784,,,,0.8,217.61152542372878,44
xlstm,electricity,IND|kerala,India,False,holdout,last12,6,2025-05-01,1021.22,803.753097063303,,,,0.8,217.61152542372878,44
xlstm,electricity,IND|kerala,India,False,holdout,last12,7,2025-06-01,1450.32,807.1266369879246,,,,0.8,217.61152542372878,44
xlstm,electricity,IND|kerala,India,False,holdout,last12,8,2025-07-01,1539.31,806.3257199048996,,,,0.8,217.61152542372878,44
xlstm,electricity,IND|kerala,India,False,holdout,last12,9,2025-08-01,1430.45,803.5360986471177,,,,0.8,217.61152542372878,44
xlstm,electricity,IND|kerala,India,False,holdout,last12,10,2025-09-01,1220.3,800.3413300573826,,,,0.8,217.61152542372878,44
xlstm,electricity,IND|kerala,India,False,holdout,last12,11,2025-10-01,1178.3,798.0226783871651,,,,0.8,217.61152542372878,44
xlstm,electricity,IND|kerala,India,False,holdout,last12,12,2025-11-01,850.0,797.0465140283108,,,,0.8,217.61152542372878,44
xlstm,electricity,IND|kerala,India,False,rolling,2022-12-01,1,2023-01-01,663.5,940.8637225329876,,,,0.8,202.11527777777778,44
xlstm,electricity,IND|kerala,India,False,rolling,2022-12-01,2,2023-02-01,609.37,948.1148025572301,,,,0.8,202.11527777777778,44
xlstm,electricity,IND|kerala,India,False,rolling,2022-12-01,3,2023-03-01,584.39,954.6593983352185,,,,0.8,202.11527777777778,44
xlstm,electricity,IND|kerala,India,False,rolling,2022-12-01,4,2023-04-01,716.52,955.0368310332299,,,,0.8,202.11527777777778,44
xlstm,electricity,IND|kerala,India,False,rolling,2022-12-01,5,2023-05-01,839.07,956.3328485488892,,,,0.8,202.11527777777778,44
xlstm,electricity,IND|kerala,India,False,rolling,2022-12-01,6,2023-06-01,595.32,963.0638013482094,,,,0.8,202.11527777777778,44
xlstm,electricity,IND|kerala,India,False,rolling,2022-12-01,7,2023-07-01,639.44,970.5368373632431,,,,0.8,202.11527777777778,44
xlstm,electricity,IND|kerala,India,False,rolling,2022-12-01,8,2023-08-01,686.18,969.5775168120862,,,,0.8,202.11527777777778,44
xlstm,electricity,IND|kerala,India,False,rolling,2022-12-01,9,2023-09-01,484.78,957.7262256622315,,,,0.8,202.11527777777778,44
xlstm,electricity,IND|kerala,India,False,rolling,2022-12-01,10,2023-10-01,633.13,946.7661033451558,,,,0.8,202.11527777777778,44
xlstm,electricity,IND|kerala,India,False,rolling,2022-12-01,11,2023-11-01,494.36,949.5913833022117,,,,0.8,202.11527777777778,44
xlstm,electricity,IND|kerala,India,False,rolling,2022-12-01,12,2023-12-01,516.68,957.9574995040894,,,,0.8,202.11527777777778,44
xlstm,electricity,IND|kerala,India,False,rolling,2023-12-01,1,2024-01-01,547.81,638.8877589464188,,,,0.8,218.25770833333334,44
xlstm,electricity,IND|kerala,India,False,rolling,2023-12-01,2,2024-02-01,565.07,635.8054914623499,,,,0.8,218.25770833333334,44
xlstm,electricity,IND|kerala,India,False,rolling,2023-12-01,3,2024-03-01,641.56,642.6577853798866,,,,0.8,218.25770833333334,44
xlstm,electricity,IND|kerala,India,False,rolling,2023-12-01,4,2024-04-01,769.5,654.1554760277271,,,,0.8,218.25770833333334,44
xlstm,electricity,IND|kerala,India,False,rolling,2023-12-01,5,2024-05-01,688.7,666.9453316181898,,,,0.8,218.25770833333334,44
xlstm,electricity,IND|kerala,India,False,rolling,2023-12-01,6,2024-06-01,921.06,679.49053388834,,,,0.8,218.25770833333334,44
xlstm,electricity,IND|kerala,India,False,rolling,2023-12-01,7,2024-07-01,1040.33,691.6926779687404,,,,0.8,218.25770833333334,44
xlstm,electricity,IND|kerala,India,False,rolling,2023-12-01,8,2024-08-01,1129.29,702.692042773962,,,,0.8,218.25770833333334,44
xlstm,electricity,IND|kerala,India,False,rolling,2023-12-01,9,2024-09-01,975.3,712.525780248642,,,,0.8,218.25770833333334,44
xlstm,electricity,IND|kerala,India,False,rolling,2023-12-01,10,2024-10-01,750.43,721.3226380079985,,,,0.8,218.25770833333334,44
xlstm,electricity,IND|kerala,India,False,rolling,2023-12-01,11,2024-11-01,659.0,728.9133417576552,,,,0.8,218.25770833333334,44
xlstm,electricity,IND|kerala,India,False,rolling,2023-12-01,12,2024-12-01,565.37,735.4429752171039,,,,0.8,218.25770833333334,44
xlstm,electricity,IND|maharashtra,India,True,holdout,last12,1,2024-12-01,13876.65,14202.157172603607,,,,0.8,1541.1954237288135,44
xlstm,electricity,IND|maharashtra,India,True,holdout,last12,2,2025-01-01,14233.32,14201.55663425684,,,,0.8,1541.1954237288135,44
xlstm,electricity,IND|maharashtra,India,True,holdout,last12,3,2025-02-01,13573.43,14116.429166941643,,,,0.8,1541.1954237288135,44
xlstm,electricity,IND|maharashtra,India,True,holdout,last12,4,2025-03-01,15928.98,14057.899348685742,,,,0.8,1541.1954237288135,44
xlstm,electricity,IND|maharashtra,India,True,holdout,last12,5,2025-04-01,15581.37,13948.862312276364,,,,0.8,1541.1954237288135,44
xlstm,electricity,IND|maharashtra,India,True,holdout,last12,6,2025-05-01,14882.24,13835.582643632888,,,,0.8,1541.1954237288135,44
xlstm,electricity,IND|maharashtra,India,True,holdout,last12,7,2025-06-01,13979.36,13717.23032288313,,,,0.8,1541.1954237288135,44
xlstm,electricity,IND|maharashtra,India,True,holdout,last12,8,2025-07-01,13977.26,13710.31025196433,,,,0.8,1541.1954237288135,44
xlstm,electricity,IND|maharashtra,India,True,holdout,last12,9,2025-08-01,13748.55,13719.148529343605,,,,0.8,1541.1954237288135,44
xlstm,electricity,IND|maharashtra,India,True,holdout,last12,10,2025-09-01,13191.61,13743.087708957195,,,,0.8,1541.1954237288135,44
xlstm,electricity,IND|maharashtra,India,True,holdout,last12,11,2025-10-01,13462.57,13779.653924441338,,,,0.8,1541.1954237288135,44
xlstm,electricity,IND|maharashtra,India,True,holdout,last12,12,2025-11-01,13245.31,13798.16327505827,,,,0.8,1541.1954237288135,44
xlstm,electricity,IND|maharashtra,India,True,rolling,2022-12-01,1,2023-01-01,13970.4,12139.776582380533,,,,0.8,1861.666111111111,44
xlstm,electricity,IND|maharashtra,India,True,rolling,2022-12-01,2,2023-02-01,13981.77,12140.550106764436,,,,0.8,1861.666111111111,44
xlstm,electricity,IND|maharashtra,India,True,rolling,2022-12-01,3,2023-03-01,14814.99,12139.305617349744,,,,0.8,1861.666111111111,44
xlstm,electricity,IND|maharashtra,India,True,rolling,2022-12-01,4,2023-04-01,14100.62,12134.016945099234,,,,0.8,1861.666111111111,44
xlstm,electricity,IND|maharashtra,India,True,rolling,2022-12-01,5,2023-05-01,14736.3,12128.547226551176,,,,0.8,1861.666111111111,44
xlstm,electricity,IND|maharashtra,India,True,rolling,2022-12-01,6,2023-06-01,14491.43,12123.498726078273,,,,0.8,1861.666111111111,44
xlstm,electricity,IND|maharashtra,India,True,rolling,2022-12-01,7,2023-07-01,13419.03,12120.197893243432,,,,0.8,1861.666111111111,44
xlstm,electricity,IND|maharashtra,India,True,rolling,2022-12-01,8,2023-08-01,14274.25,12118.888161919713,,,,0.8,1861.666111111111,44
xlstm,electricity,IND|maharashtra,India,True,rolling,2022-12-01,9,2023-09-01,13316.72,12117.449985587597,,,,0.8,1861.666111111111,44
xlstm,electricity,IND|maharashtra,India,True,rolling,2022-12-01,10,2023-10-01,13996.35,12116.309883227348,,,,0.8,1861.666111111111,44
xlstm,electricity,IND|maharashtra,India,True,rolling,2022-12-01,11,2023-11-01,13070.78,12115.759404619932,,,,0.8,1861.666111111111,44
xlstm,electricity,IND|maharashtra,India,True,rolling,2022-12-01,12,2023-12-01,13141.78,12113.879214354158,,,,0.8,1861.666111111111,44
xlstm,electricity,IND|maharashtra,India,True,rolling,2023-12-01,1,2024-01-01,14770.05,13239.304591643215,,,,0.8,1743.6368750000001,44
xlstm,electricity,IND|maharashtra,India,True,rolling,2023-12-01,2,2024-02-01,14418.59,13186.47740238011,,,,0.8,1743.6368750000001,44
xlstm,electricity,IND|maharashtra,India,True,rolling,2023-12-01,3,2024-03-01,15302.0,13165.914783702492,,,,0.8,1743.6368750000001,44
xlstm,electricity,IND|maharashtra,India,True,rolling,2023-12-01,4,2024-04-01,15616.8,13147.589962504506,,,,0.8,1743.6368750000001,44
xlstm,electricity,IND|maharashtra,India,True,rolling,2023-12-01,5,2024-05-01,16239.62,13132.200211688876,,,,0.8,1743.6368750000001,44
xlstm,electricity,IND|maharashtra,India,True,rolling,2023-12-01,6,2024-06-01,14130.5,13108.392623561025,,,,0.8,1743.6368750000001,44
xlstm,electricity,IND|maharashtra,India,True,rolling,2023-12-01,7,2024-07-01,13749.03,13083.655338229537,,,,0.8,1743.6368750000001,44
xlstm,electricity,IND|maharashtra,India,True,rolling,2023-12-01,8,2024-08-01,13384.01,13063.67581911385,,,,0.8,1743.6368750000001,44
xlstm,electricity,IND|maharashtra,India,True,rolling,2023-12-01,9,2024-09-01,13048.59,13038.990319547653,,,,0.8,1743.6368750000001,44
xlstm,electricity,IND|maharashtra,India,True,rolling,2023-12-01,10,2024-10-01,13371.51,13022.17462525785,,,,0.8,1743.6368750000001,44
xlstm,electricity,IND|maharashtra,India,True,rolling,2023-12-01,11,2024-11-01,13089.62,13003.74541700542,,,,0.8,1743.6368750000001,44
xlstm,electricity,IND|maharashtra,India,True,rolling,2023-12-01,12,2024-12-01,13876.65,12993.117917786836,,,,0.8,1743.6368750000001,44
xlstm,electricity,IND|odisha,India,True,holdout,last12,1,2024-12-01,6635.86,6397.036285516023,,,,0.8,564.7605084745763,44
xlstm,electricity,IND|odisha,India,True,holdout,last12,2,2025-01-01,6284.04,6416.752118877172,,,,0.8,564.7605084745763,44
xlstm,electricity,IND|odisha,India,True,holdout,last12,3,2025-02-01,5776.28,6421.537417618036,,,,0.8,564.7605084745763,44
xlstm,electricity,IND|odisha,India,True,holdout,last12,4,2025-03-01,6961.29,6462.601419683694,,,,0.8,564.7605084745763,44
xlstm,electricity,IND|odisha,India,True,holdout,last12,5,2025-04-01,6907.28,6473.578925186395,,,,0.8,564.7605084745763,44
xlstm,electricity,IND|odisha,India,True,holdout,last12,6,2025-05-01,6709.94,6517.590590766667,,,,0.8,564.7605084745763,44
xlstm,electricity,IND|odisha,India,True,holdout,last12,7,2025-06-01,6099.69,6562.826004668474,,,,0.8,564.7605084745763,44
xlstm,electricity,IND|odisha,India,True,holdout,last12,8,2025-07-01,6031.1,6680.675182050466,,,,0.8,564.7605084745763,44
xlstm,electricity,IND|odisha,India,True,holdout,last12,9,2025-08-01,6307.43,6754.310664678215,,,,0.8,564.7605084745763,44
xlstm,electricity,IND|odisha,India,True,holdout,last12,10,2025-09-01,5672.77,6786.864030544757,,,,0.8,564.7605084745763,44
xlstm,electricity,IND|odisha,India,True,holdout,last12,11,2025-10-01,6679.8,6798.105457097888,,,,0.8,564.7605084745763,44
xlstm,electricity,IND|odisha,India,True,holdout,last12,12,2025-11-01,6655.16,6722.223249036073,,,,0.8,564.7605084745763,44
xlstm,electricity,IND|odisha,India,True,rolling,2022-12-01,1,2023-01-01,6116.21,5864.2093335211275,,,,0.8,686.2930555555556,44
xlstm,electricity,IND|odisha,India,True,rolling,2022-12-01,2,2023-02-01,5885.49,5890.644450579882,,,,0.8,686.2930555555556,44
xlstm,electricity,IND|odisha,India,True,rolling,2022-12-01,3,2023-03-01,6557.37,5910.524718966484,,,,0.8,686.2930555555556,44
xlstm,electricity,IND|odisha,India,True,rolling,2022-12-01,4,2023-04-01,6148.14,5899.732170273066,,,,0.8,686.2930555555556,44
xlstm,electricity,IND|odisha,India,True,rolling,2022-12-01,5,2023-05-01,6502.5,5904.895402232409,,,,0.8,686.2930555555556,44
xlstm,electricity,IND|odisha,India,True,rolling,2022-12-01,6,2023-06-01,5748.39,5912.805153329373,,,,0.8,686.2930555555556,44
xlstm,electricity,IND|odisha,India,True,rolling,2022-12-01,7,2023-07-01,5549.81,5926.602880579233,,,,0.8,686.2930555555556,44
xlstm,electricity,IND|odisha,India,True,rolling,2022-12-01,8,2023-08-01,5140.17,5928.954669264555,,,,0.8,686.2930555555556,44
xlstm,electricity,IND|odisha,India,True,rolling,2022-12-01,9,2023-09-01,6047.91,5925.26374248147,,,,0.8,686.2930555555556,44
xlstm,electricity,IND|odisha,India,True,rolling,2022-12-01,10,2023-10-01,6814.34,5918.180788853168,,,,0.8,686.2930555555556,44
xlstm,electricity,IND|odisha,India,True,rolling,2022-12-01,11,2023-11-01,6424.76,5902.5394650399685,,,,0.8,686.2930555555556,44
xlstm,electricity,IND|odisha,India,True,rolling,2022-12-01,12,2023-12-01,6123.91,5912.242823189497,,,,0.8,686.2930555555556,44
xlstm,electricity,IND|odisha,India,True,rolling,2023-12-01,1,2024-01-01,6294.02,6103.224469824434,,,,0.8,620.4433333333334,44
xlstm,electricity,IND|odisha,India,True,rolling,2023-12-01,2,2024-02-01,6037.88,6100.698404902816,,,,0.8,620.4433333333334,44
xlstm,electricity,IND|odisha,India,True,rolling,2023-12-01,3,2024-03-01,6348.93,6110.873757161498,,,,0.8,620.4433333333334,44
xlstm,electricity,IND|odisha,India,True,rolling,2023-12-01,4,2024-04-01,6149.99,6084.461499419809,,,,0.8,620.4433333333334,44
xlstm,electricity,IND|odisha,India,True,rolling,2023-12-01,5,2024-05-01,6230.87,6088.3433361512425,,,,0.8,620.4433333333334,44
xlstm,electricity,IND|odisha,India,True,rolling,2023-12-01,6,2024-06-01,5583.94,6079.942108146549,,,,0.8,620.4433333333334,44
xlstm,electricity,IND|odisha,India,True,rolling,2023-12-01,7,2024-07-01,5924.32,6116.906144202352,,,,0.8,620.4433333333334,44
xlstm,electricity,IND|odisha,India,True,rolling,2023-12-01,8,2024-08-01,6252.31,6161.594433801175,,,,0.8,620.4433333333334,44
xlstm,electricity,IND|odisha,India,True,rolling,2023-12-01,9,2024-09-01,6388.58,6220.985214199424,,,,0.8,620.4433333333334,44
xlstm,electricity,IND|odisha,India,True,rolling,2023-12-01,10,2024-10-01,7212.5,6216.037672467232,,,,0.8,620.4433333333334,44
xlstm,electricity,IND|odisha,India,True,rolling,2023-12-01,11,2024-11-01,6762.3,6166.629474083782,,,,0.8,620.4433333333334,44
xlstm,electricity,IND|odisha,India,True,rolling,2023-12-01,12,2024-12-01,6635.86,6149.326635739208,,,,0.8,620.4433333333334,44
xlstm,electricity,IND|rajasthan,India,False,holdout,last12,1,2024-12-01,10757.79,10407.397423225642,,,,0.8,1087.1737288135591,44
xlstm,electricity,IND|rajasthan,India,False,holdout,last12,2,2025-01-01,11043.02,10454.029473718405,,,,0.8,1087.1737288135591,44
xlstm,electricity,IND|rajasthan,India,False,holdout,last12,3,2025-02-01,10526.0,10483.235021719338,,,,0.8,1087.1737288135591,44
xlstm,electricity,IND|rajasthan,India,False,holdout,last12,4,2025-03-01,12412.28,10497.55084505856,,,,0.8,1087.1737288135591,44
xlstm,electricity,IND|rajasthan,India,False,holdout,last12,5,2025-04-01,12533.83,10477.667062351704,,,,0.8,1087.1737288135591,44
xlstm,electricity,IND|rajasthan,India,False,holdout,last12,6,2025-05-01,12132.14,10465.552161749602,,,,0.8,1087.1737288135591,44
xlstm,electricity,IND|rajasthan,India,False,holdout,last12,7,2025-06-01,11319.68,10421.55693102956,,,,0.8,1087.1737288135591,44
xlstm,electricity,IND|rajasthan,India,False,holdout,last12,8,2025-07-01,10650.32,10379.581297025681,,,,0.8,1087.1737288135591,44
xlstm,electricity,IND|rajasthan,India,False,holdout,last12,9,2025-08-01,11210.52,10360.820753093958,,,,0.8,1087.1737288135591,44
xlstm,electricity,IND|rajasthan,India,False,holdout,last12,10,2025-09-01,11179.15,10381.775073909761,,,,0.8,1087.1737288135591,44
xlstm,electricity,IND|rajasthan,India,False,holdout,last12,11,2025-10-01,10251.8,10386.493123381139,,,,0.8,1087.1737288135591,44
xlstm,electricity,IND|rajasthan,India,False,holdout,last12,12,2025-11-01,10472.81,10383.906324579717,,,,0.8,1087.1737288135591,44
xlstm,electricity,IND|rajasthan,India,False,rolling,2022-12-01,1,2023-01-01,9382.43,8691.939719957709,,,,0.8,1115.2891666666667,44
xlstm,electricity,IND|rajasthan,India,False,rolling,2022-12-01,2,2023-02-01,8675.39,8680.383583653569,,,,0.8,1115.2891666666667,44
xlstm,electricity,IND|rajasthan,India,False,rolling,2022-12-01,3,2023-03-01,8996.78,8673.873070498705,,,,0.8,1115.2891666666667,44
xlstm,electricity,IND|rajasthan,India,False,rolling,2022-12-01,4,2023-04-01,9411.38,8679.322225680351,,,,0.8,1115.2891666666667,44
xlstm,electricity,IND|rajasthan,India,False,rolling,2022-12-01,5,2023-05-01,10025.98,8680.780242877603,,,,0.8,1115.2891666666667,44
xlstm,electricity,IND|rajasthan,India,False,rolling,2022-12-01,6,2023-06-01,10163.74,8695.21674042821,,,,0.8,1115.2891666666667,44
xlstm,electricity,IND|rajasthan,India,False,rolling,2022-12-01,7,2023-07-01,9062.68,8705.500425360202,,,,0.8,1115.2891666666667,44
xlstm,electricity,IND|rajasthan,India,False,rolling,2022-12-01,8,2023-08-01,10611.74,8699.086131522059,,,,0.8,1115.2891666666667,44
xlstm,electricity,IND|rajasthan,India,False,rolling,2022-12-01,9,2023-09-01,9659.17,8692.070957869291,,,,0.8,1115.2891666666667,44
xlstm,electricity,IND|rajasthan,India,False,rolling,2022-12-01,10,2023-10-01,9977.12,8693.867051781415,,,,0.8,1115.2891666666667,44
xlstm,electricity,IND|rajasthan,India,False,rolling,2022-12-01,11,2023-11-01,8222.81,8692.076848847866,,,,0.8,1115.2891666666667,44
xlstm,electricity,IND|rajasthan,India,False,rolling,2022-12-01,12,2023-12-01,9131.65,8688.02843746066,,,,0.8,1115.2891666666667,44
xlstm,electricity,IND|rajasthan,India,False,rolling,2023-12-01,1,2024-01-01,9564.12,9364.31551012039,,,,0.8,1042.775625,44
xlstm,electricity,IND|rajasthan,India,False,rolling,2023-12-01,2,2024-02-01,9927.24,9364.883913984297,,,,0.8,1042.775625,44
xlstm,electricity,IND|rajasthan,India,False,rolling,2023-12-01,3,2024-03-01,11089.59,9366.906796398162,,,,0.8,1042.775625,44
xlstm,electricity,IND|rajasthan,India,False,rolling,2023-12-01,4,2024-04-01,10682.92,9368.036040534971,,,,0.8,1042.775625,44
xlstm,electricity,IND|rajasthan,India,False,rolling,2023-12-01,5,2024-05-01,11759.91,9368.240635671615,,,,0.8,1042.775625,44
xlstm,electricity,IND|rajasthan,India,False,rolling,2023-12-01,6,2024-06-01,11743.89,9367.184758367537,,,,0.8,1042.775625,44
xlstm,electricity,IND|rajasthan,India,False,rolling,2023-12-01,7,2024-07-01,11086.57,9365.612287797927,,,,0.8,1042.775625,44
xlstm,electricity,IND|rajasthan,India,False,rolling,2023-12-01,8,2024-08-01,9778.94,9366.048706998823,,,,0.8,1042.775625,44
xlstm,electricity,IND|rajasthan,India,False,rolling,2023-12-01,9,2024-09-01,10269.65,9362.716945161817,,,,0.8,1042.775625,44
xlstm,electricity,IND|rajasthan,India,False,rolling,2023-12-01,10,2024-10-01,10516.26,9361.602450027465,,,,0.8,1042.775625,44
xlstm,electricity,IND|rajasthan,India,False,rolling,2023-12-01,11,2024-11-01,10194.55,9359.82160252571,,,,0.8,1042.775625,44
xlstm,electricity,IND|rajasthan,India,False,rolling,2023-12-01,12,2024-12-01,10757.79,9363.11819366455,,,,0.8,1042.775625,44
xlstm,electricity,IND|tamil nadu,India,True,holdout,last12,1,2024-12-01,9211.41,10963.28373682022,,,,0.8,944.462033898305,44
xlstm,electricity,IND|tamil nadu,India,True,holdout,last12,2,2025-01-01,9973.75,11233.876970536709,,,,0.8,944.462033898305,44
xlstm,electricity,IND|tamil nadu,India,True,holdout,last12,3,2025-02-01,10178.31,11300.737505407333,,,,0.8,944.462033898305,44
xlstm,electricity,IND|tamil nadu,India,True,holdout,last12,4,2025-03-01,10491.04,11379.123778123854,,,,0.8,944.462033898305,44
xlstm,electricity,IND|tamil nadu,India,True,holdout,last12,5,2025-04-01,9753.51,11428.746069903373,,,,0.8,944.462033898305,44
xlstm,electricity,IND|tamil nadu,India,True,holdout,last12,6,2025-05-01,10921.98,11471.100903375149,,,,0.8,944.462033898305,44
xlstm,electricity,IND|tamil nadu,India,True,holdout,last12,7,2025-06-01,13519.46,11494.57690205097,,,,0.8,944.462033898305,44
xlstm,electricity,IND|tamil nadu,India,True,holdout,last12,8,2025-07-01,14223.45,11527.022121198177,,,,0.8,944.462033898305,44
xlstm,electricity,IND|tamil nadu,India,True,holdout,last12,9,2025-08-01,12188.58,11477.056867046356,,,,0.8,944.462033898305,44
xlstm,electricity,IND|tamil nadu,India,True,holdout,last12,10,2025-09-01,12145.92,11456.567210168838,,,,0.8,944.462033898305,44
xlstm,electricity,IND|tamil nadu,India,True,holdout,last12,11,2025-10-01,9833.56,11301.602047891616,,,,0.8,944.462033898305,44
xlstm,electricity,IND|tamil nadu,India,True,holdout,last12,12,2025-11-01,8707.34,11310.955418844222,,,,0.8,944.462033898305,44
xlstm,electricity,IND|tamil nadu,India,True,rolling,2022-12-01,1,2023-01-01,9036.2,8761.924429344535,,,,0.8,1004.4519444444442,44
xlstm,electricity,IND|tamil nadu,India,True,rolling,2022-12-01,2,2023-02-01,8872.0,8734.698605632186,,,,0.8,1004.4519444444442,44
xlstm,electricity,IND|tamil nadu,India,True,rolling,2022-12-01,3,2023-03-01,10470.4,8715.05120824337,,,,0.8,1004.4519444444442,44
xlstm,electricity,IND|tamil nadu,India,True,rolling,2022-12-01,4,2023-04-01,10093.32,8701.035302711129,,,,0.8,1004.4519444444442,44
xlstm,electricity,IND|tamil nadu,India,True,rolling,2022-12-01,5,2023-05-01,9523.82,8691.405132918953,,,,0.8,1004.4519444444442,44
xlstm,electricity,IND|tamil nadu,India,True,rolling,2022-12-01,6,2023-06-01,11598.3,8684.155383947194,,,,0.8,1004.4519444444442,44
xlstm,electricity,IND|tamil nadu,India,True,rolling,2022-12-01,7,2023-07-01,11529.68,8678.831423766613,,,,0.8,1004.4519444444442,44
xlstm,electricity,IND|tamil nadu,India,True,rolling,2022-12-01,8,2023-08-01,10910.69,8675.319556062519,,,,0.8,1004.4519444444442,44
xlstm,electricity,IND|tamil nadu,India,True,rolling,2022-12-01,9,2023-09-01,11405.53,8673.136494882703,,,,0.8,1004.4519444444442,44
xlstm,electricity,IND|tamil nadu,India,True,rolling,2022-12-01,10,2023-10-01,10236.36,8671.664265514017,,,,0.8,1004.4519444444442,44
xlstm,electricity,IND|tamil nadu,India,True,rolling,2022-12-01,11,2023-11-01,8880.6,8671.027137109042,,,,0.8,1004.4519444444442,44
xlstm,electricity,IND|tamil nadu,India,True,rolling,2022-12-01,12,2023-12-01,8932.97,8670.834067895412,,,,0.8,1004.4519444444442,44
xlstm,electricity,IND|tamil nadu,India,True,rolling,2023-12-01,1,2024-01-01,9975.4,10513.47334230423,,,,0.8,958.506875,44
xlstm,electricity,IND|tamil nadu,India,True,rolling,2023-12-01,2,2024-02-01,9907.37,10747.491320743562,,,,0.8,958.506875,44
xlstm,electricity,IND|tamil nadu,India,True,rolling,2023-12-01,3,2024-03-01,10317.57,10957.147706801892,,,,0.8,958.506875,44
xlstm,electricity,IND|tamil nadu,India,True,rolling,2023-12-01,4,2024-04-01,10515.29,10971.342549719811,,,,0.8,958.506875,44
xlstm,electricity,IND|tamil nadu,India,True,rolling,2023-12-01,5,2024-05-01,11042.85,11031.080700573923,,,,0.8,958.506875,44
xlstm,electricity,IND|tamil nadu,India,True,rolling,2023-12-01,6,2024-06-01,10850.59,11128.662098701001,,,,0.8,958.506875,44
xlstm,electricity,IND|tamil nadu,India,True,rolling,2023-12-01,7,2024-07-01,13208.22,11059.101786389352,,,,0.8,958.506875,44
xlstm,electricity,IND|tamil nadu,India,True,rolling,2023-12-01,8,2024-08-01,11830.49,10953.433328762056,,,,0.8,958.506875,44
xlstm,electricity,IND|tamil nadu,India,True,rolling,2023-12-01,9,2024-09-01,13033.53,10876.104038186075,,,,0.8,958.506875,44
xlstm,electricity,IND|tamil nadu,India,True,rolling,2023-12-01,10,2024-10-01,10543.53,10679.143147416116,,,,0.8,958.506875,44
xlstm,electricity,IND|tamil nadu,India,True,rolling,2023-12-01,11,2024-11-01,9245.91,10687.252347865106,,,,0.8,958.506875,44
xlstm,electricity,IND|tamil nadu,India,True,rolling,2023-12-01,12,2024-12-01,9211.41,10928.60521723509,,,,0.8,958.506875,44
xlstm,electricity,IND|telangana,India,True,holdout,last12,1,2024-12-01,5112.6,5846.927297577858,,,,0.8,568.0579661016949,44
xlstm,electricity,IND|telangana,India,True,holdout,last12,2,2025-01-01,6178.86,5867.8696393871305,,,,0.8,568.0579661016949,44
xlstm,electricity,IND|telangana,India,True,holdout,last12,3,2025-02-01,5657.22,5858.998675420285,,,,0.8,568.0579661016949,44
xlstm,electricity,IND|telangana,India,True,holdout,last12,4,2025-03-01,6656.99,5869.033917241097,,,,0.8,568.0579661016949,44
xlstm,electricity,IND|telangana,India,True,holdout,last12,5,2025-04-01,6211.13,5855.95373005867,,,,0.8,568.0579661016949,44
xlstm,electricity,IND|telangana,India,True,holdout,last12,6,2025-05-01,5714.55,5862.347228028774,,,,0.8,568.0579661016949,44
xlstm,electricity,IND|telangana,India,True,holdout,last12,7,2025-06-01,5427.52,5864.489452986717,,,,0.8,568.0579661016949,44
xlstm,electricity,IND|telangana,India,True,holdout,last12,8,2025-07-01,5673.5,5885.830110529661,,,,0.8,568.0579661016949,44
xlstm,electricity,IND|telangana,India,True,holdout,last12,9,2025-08-01,6582.44,5919.180421442986,,,,0.8,568.0579661016949,44
xlstm,electricity,IND|telangana,India,True,holdout,last12,10,2025-09-01,6456.92,5908.289524128437,,,,0.8,568.0579661016949,44
xlstm,electricity,IND|telangana,India,True,holdout,last12,11,2025-10-01,5679.38,5892.446395266056,,,,0.8,568.0579661016949,44
xlstm,electricity,IND|telangana,India,True,holdout,last12,12,2025-11-01,4864.57,5870.4543516540525,,,,0.8,568.0579661016949,44
xlstm,electricity,IND|telangana,India,True,rolling,2022-12-01,1,2023-01-01,5621.32,5089.971662040949,,,,0.8,653.9513888888889,44
xlstm,electricity,IND|telangana,India,True,rolling,2022-12-01,2,2023-02-01,5088.9,5090.032655354738,,,,0.8,653.9513888888889,44
xlstm,electricity,IND|telangana,India,True,rolling,2022-12-01,3,2023-03-01,5846.68,5087.186779090166,,,,0.8,653.9513888888889,44
xlstm,electricity,IND|telangana,India,True,rolling,2022-12-01,4,2023-04-01,5529.18,5081.878028693199,,,,0.8,653.9513888888889,44
xlstm,electricity,IND|telangana,India,True,rolling,2022-12-01,5,2023-05-01,5445.84,5077.258682134151,,,,0.8,653.9513888888889,44
xlstm,electricity,IND|telangana,India,True,rolling,2022-12-01,6,2023-06-01,4799.14,5073.131766887903,,,,0.8,653.9513888888889,44
xlstm,electricity,IND|telangana,India,True,rolling,2022-12-01,7,2023-07-01,5000.61,5070.027207216024,,,,0.8,653.9513888888889,44
xlstm,electricity,IND|telangana,India,True,rolling,2022-12-01,8,2023-08-01,5551.82,5068.330875524282,,,,0.8,653.9513888888889,44
xlstm,electricity,IND|telangana,India,True,rolling,2022-12-01,9,2023-09-01,4939.75,5064.65100538969,,,,0.8,653.9513888888889,44
xlstm,electricity,IND|telangana,India,True,rolling,2022-12-01,10,2023-10-01,5933.02,5061.275204863548,,,,0.8,653.9513888888889,44
xlstm,electricity,IND|telangana,India,True,rolling,2022-12-01,11,2023-11-01,4911.33,5058.320616986752,,,,0.8,653.9513888888889,44
xlstm,electricity,IND|telangana,India,True,rolling,2022-12-01,12,2023-12-01,5359.06,5057.523398497105,,,,0.8,653.9513888888889,44
xlstm,electricity,IND|telangana,India,True,rolling,2023-12-01,1,2024-01-01,6164.82,5154.100211551189,,,,0.8,565.9145833333333,44
xlstm,electricity,IND|telangana,India,True,rolling,2023-12-01,2,2024-02-01,5630.12,5151.878619792461,,,,0.8,565.9145833333333,44
xlstm,electricity,IND|telangana,India,True,rolling,2023-12-01,3,2024-03-01,6401.44,5150.339973756075,,,,0.8,565.9145833333333,44
xlstm,electricity,IND|telangana,India,True,rolling,2023-12-01,4,2024-04-01,5938.65,5146.456672980786,,,,0.8,565.9145833333333,44
xlstm,electricity,IND|telangana,India,True,rolling,2023-12-01,5,2024-05-01,6110.55,5143.6188693606855,,,,0.8,565.9145833333333,44
xlstm,electricity,IND|telangana,India,True,rolling,2023-12-01,6,2024-06-01,5433.35,5141.15886550188,,,,0.8,565.9145833333333,44
xlstm,electricity,IND|telangana,India,True,rolling,2023-12-01,7,2024-07-01,4819.69,5140.35698281765,,,,0.8,565.9145833333333,44
xlstm,electricity,IND|telangana,India,True,rolling,2023-12-01,8,2024-08-01,5918.27,5138.887940915823,,,,0.8,565.9145833333333,44
xlstm,electricity,IND|telangana,India,True,rolling,2023-12-01,9,2024-09-01,6213.23,5136.296263256073,,,,0.8,565.9145833333333,44
xlstm,electricity,IND|telangana,India,True,rolling,2023-12-01,10,2024-10-01,6710.08,5135.6517074429985,,,,0.8,565.9145833333333,44
xlstm,electricity,IND|telangana,India,True,rolling,2023-12-01,11,2024-11-01,5317.07,5132.806728138924,,,,0.8,565.9145833333333,44
xlstm,electricity,IND|telangana,India,True,rolling,2023-12-01,12,2024-12-01,5112.6,5133.051598354578,,,,0.8,565.9145833333333,44
xlstm,electricity,IND|uttar pradesh,India,True,holdout,last12,1,2024-12-01,13467.27,14210.546147522926,,,,0.8,1150.260338983051,44
xlstm,electricity,IND|uttar pradesh,India,True,holdout,last12,2,2025-01-01,14315.4,14274.714360556603,,,,0.8,1150.260338983051,44
xlstm,electricity,IND|uttar pradesh,India,True,holdout,last12,3,2025-02-01,13471.49,14297.915644903183,,,,0.8,1150.260338983051,44
xlstm,electricity,IND|uttar pradesh,India,True,holdout,last12,4,2025-03-01,15709.37,14350.401450655461,,,,0.8,1150.260338983051,44
xlstm,electricity,IND|uttar pradesh,India,True,holdout,last12,5,2025-04-01,15502.94,14365.619329020978,,,,0.8,1150.260338983051,44
xlstm,electricity,IND|uttar pradesh,India,True,holdout,last12,6,2025-05-01,15593.63,14359.857498424053,,,,0.8,1150.260338983051,44
xlstm,electricity,IND|uttar pradesh,India,True,holdout,last12,7,2025-06-01,15190.04,14318.601782333852,,,,0.8,1150.260338983051,44
xlstm,electricity,IND|uttar pradesh,India,True,holdout,last12,8,2025-07-01,15381.4,14277.428266272545,,,,0.8,1150.260338983051,44
xlstm,electricity,IND|uttar pradesh,India,True,holdout,last12,9,2025-08-01,14525.06,14229.33342079401,,,,0.8,1150.260338983051,44
xlstm,electricity,IND|uttar pradesh,India,True,holdout,last12,10,2025-09-01,14221.7,14217.032121231556,,,,0.8,1150.260338983051,44
xlstm,electricity,IND|uttar pradesh,India,True,holdout,last12,11,2025-10-01,13189.6,14240.160338885784,,,,0.8,1150.260338983051,44
xlstm,electricity,IND|uttar pradesh,India,True,holdout,last12,12,2025-11-01,12691.32,14205.190532941819,,,,0.8,1150.260338983051,44
xlstm,electricity,IND|uttar pradesh,India,True,rolling,2022-12-01,1,2023-01-01,14537.45,14131.381797125341,,,,0.8,1242.6711111111113,44
xlstm,electricity,IND|uttar pradesh,India,True,rolling,2022-12-01,2,2023-02-01,12499.67,14217.934709060193,,,,0.8,1242.6711111111113,44
xlstm,electricity,IND|uttar pradesh,India,True,rolling,2022-12-01,3,2023-03-01,13305.8,14337.806391093733,,,,0.8,1242.6711111111113,44
xlstm,electricity,IND|uttar pradesh,India,True,rolling,2022-12-01,4,2023-04-01,13565.32,14336.236774920226,,,,0.8,1242.6711111111113,44
xlstm,electricity,IND|uttar pradesh,India,True,rolling,2022-12-01,5,2023-05-01,13805.01,14208.08903438747,,,,0.8,1242.6711111111113,44
xlstm,electricity,IND|uttar pradesh,India,True,rolling,2022-12-01,6,2023-06-01,14352.02,14173.738447799087,,,,0.8,1242.6711111111113,44
xlstm,electricity,IND|uttar pradesh,India,True,rolling,2022-12-01,7,2023-07-01,14526.32,14168.252453195453,,,,0.8,1242.6711111111113,44
xlstm,electricity,IND|uttar pradesh,India,True,rolling,2022-12-01,8,2023-08-01,15423.31,14196.15272729397,,,,0.8,1242.6711111111113,44
xlstm,electricity,IND|uttar pradesh,India,True,rolling,2022-12-01,9,2023-09-01,14582.18,14250.1559883523,,,,0.8,1242.6711111111113,44
xlstm,electricity,IND|uttar pradesh,India,True,rolling,2022-12-01,10,2023-10-01,13713.99,14382.501412305834,,,,0.8,1242.6711111111113,44
xlstm,electricity,IND|uttar pradesh,India,True,rolling,2022-12-01,11,2023-11-01,12000.88,14579.089453034403,,,,0.8,1242.6711111111113,44
xlstm,electricity,IND|uttar pradesh,India,True,rolling,2022-12-01,12,2023-12-01,12578.32,14750.813562248351,,,,0.8,1242.6711111111113,44
xlstm,electricity,IND|uttar pradesh,India,True,rolling,2023-12-01,1,2024-01-01,13892.41,13897.2561738348,,,,0.8,1165.7966666666669,44
xlstm,electricity,IND|uttar pradesh,India,True,rolling,2023-12-01,2,2024-02-01,12513.74,13875.329970038532,,,,0.8,1165.7966666666669,44
xlstm,electricity,IND|uttar pradesh,India,True,rolling,2023-12-01,3,2024-03-01,14098.12,13923.97544600725,,,,0.8,1165.7966666666669,44
xlstm,electricity,IND|uttar pradesh,India,True,rolling,2023-12-01,4,2024-04-01,15076.72,13943.274835593103,,,,0.8,1165.7966666666669,44
xlstm,electricity,IND|uttar pradesh,India,True,rolling,2023-12-01,5,2024-05-01,16391.72,13952.450202575921,,,,0.8,1165.7966666666669,44
xlstm,electricity,IND|uttar pradesh,India,True,rolling,2023-12-01,6,2024-06-01,15739.29,13951.269569537639,,,,0.8,1165.7966666666669,44
xlstm,electricity,IND|uttar pradesh,India,True,rolling,2023-12-01,7,2024-07-01,15535.3,13929.106107536554,,,,0.8,1165.7966666666669,44
xlstm,electricity,IND|uttar pradesh,India,True,rolling,2023-12-01,8,2024-08-01,14414.75,13895.727763268947,,,,0.8,1165.7966666666669,44
xlstm,electricity,IND|uttar pradesh,India,True,rolling,2023-12-01,9,2024-09-01,13495.03,13824.211954272389,,,,0.8,1165.7966666666669,44
xlstm,electricity,IND|uttar pradesh,India,True,rolling,2023-12-01,10,2024-10-01,15112.9,13788.578336862325,,,,0.8,1165.7966666666669,44
xlstm,electricity,IND|uttar pradesh,India,True,rolling,2023-12-01,11,2024-11-01,12467.59,13798.767237702608,,,,0.8,1165.7966666666669,44
xlstm,electricity,IND|uttar pradesh,India,True,rolling,2023-12-01,12,2024-12-01,13467.27,13876.990400273204,,,,0.8,1165.7966666666669,44
xlstm,electricity,IND|west bengal,India,True,holdout,last12,1,2024-12-01,7954.59,8227.10234514594,,,,0.8,656.100847457627,44
xlstm,electricity,IND|west bengal,India,True,holdout,last12,2,2025-01-01,8050.61,8257.759358821511,,,,0.8,656.100847457627,44
xlstm,electricity,IND|west bengal,India,True,holdout,last12,3,2025-02-01,7662.91,8275.63747389853,,,,0.8,656.100847457627,44
xlstm,electricity,IND|west bengal,India,True,holdout,last12,4,2025-03-01,8692.39,8294.558102012277,,,,0.8,656.100847457627,44
xlstm,electricity,IND|west bengal,India,True,holdout,last12,5,2025-04-01,8096.83,8292.35505559504,,,,0.8,656.100847457627,44
xlstm,electricity,IND|west bengal,India,True,holdout,last12,6,2025-05-01,8080.16,8302.101814861298,,,,0.8,656.100847457627,44
xlstm,electricity,IND|west bengal,India,True,holdout,last12,7,2025-06-01,7957.76,8313.304650118947,,,,0.8,656.100847457627,44
xlstm,electricity,IND|west bengal,India,True,holdout,last12,8,2025-07-01,8110.86,8322.96412350595,,,,0.8,656.100847457627,44
xlstm,electricity,IND|west bengal,India,True,holdout,last12,9,2025-08-01,7911.93,8340.910837907792,,,,0.8,656.100847457627,44
xlstm,electricity,IND|west bengal,India,True,holdout,last12,10,2025-09-01,7560.3,8365.64323032558,,,,0.8,656.100847457627,44
xlstm,electricity,IND|west bengal,India,True,holdout,last12,11,2025-10-01,7727.87,8384.020473106504,,,,0.8,656.100847457627,44
xlstm,electricity,IND|west bengal,India,True,holdout,last12,12,2025-11-01,6616.51,8383.606418400408,,,,0.8,656.100847457627,44
xlstm,electricity,IND|west bengal,India,True,rolling,2022-12-01,1,2023-01-01,8251.41,7419.523454963564,,,,0.8,876.1397222222222,44
xlstm,electricity,IND|west bengal,India,True,rolling,2022-12-01,2,2023-02-01,7788.44,7369.6519493651385,,,,0.8,876.1397222222222,44
xlstm,electricity,IND|west bengal,India,True,rolling,2022-12-01,3,2023-03-01,8508.0,7323.717130256295,,,,0.8,876.1397222222222,44
xlstm,electricity,IND|west bengal,India,True,rolling,2022-12-01,4,2023-04-01,8489.57,7303.646698325276,,,,0.8,876.1397222222222,44
xlstm,electricity,IND|west bengal,India,True,rolling,2022-12-01,5,2023-05-01,8144.18,7284.837302331328,,,,0.8,876.1397222222222,44
xlstm,electricity,IND|west bengal,India,True,rolling,2022-12-01,6,2023-06-01,7873.12,7269.451489750147,,,,0.8,876.1397222222222,44
xlstm,electricity,IND|west bengal,India,True,rolling,2022-12-01,7,2023-07-01,7707.61,7252.992974718212,,,,0.8,876.1397222222222,44
xlstm,electricity,IND|west bengal,India,True,rolling,2022-12-01,8,2023-08-01,7741.83,7235.730872167348,,,,0.8,876.1397222222222,44
xlstm,electricity,IND|west bengal,India,True,rolling,2022-12-01,9,2023-09-01,7540.45,7216.7089552193875,,,,0.8,876.1397222222222,44
xlstm,electricity,IND|west bengal,India,True,rolling,2022-12-01,10,2023-10-01,7786.41,7196.622085203528,,,,0.8,876.1397222222222,44
xlstm,electricity,IND|west bengal,India,True,rolling,2022-12-01,11,2023-11-01,7762.35,7181.572783702015,,,,0.8,876.1397222222222,44
xlstm,electricity,IND|west bengal,India,True,rolling,2022-12-01,12,2023-12-01,7429.38,7166.608725411891,,,,0.8,876.1397222222222,44
xlstm,electricity,IND|west bengal,India,True,rolling,2023-12-01,1,2024-01-01,7746.56,7790.523515266776,,,,0.8,728.3877083333333,44
xlstm,electricity,IND|west bengal,India,True,rolling,2023-12-01,2,2024-02-01,7565.81,7744.502278797626,,,,0.8,728.3877083333333,44
xlstm,electricity,IND|west bengal,India,True,rolling,2023-12-01,3,2024-03-01,8463.55,7713.781611698269,,,,0.8,728.3877083333333,44
xlstm,electricity,IND|west bengal,India,True,rolling,2023-12-01,4,2024-04-01,8191.04,7706.414062072634,,,,0.8,728.3877083333333,44
xlstm,electricity,IND|west bengal,India,True,rolling,2023-12-01,5,2024-05-01,8240.98,7711.1449428898095,,,,0.8,728.3877083333333,44
xlstm,electricity,IND|west bengal,India,True,rolling,2023-12-01,6,2024-06-01,8450.81,7718.498167898654,,,,0.8,728.3877083333333,44
xlstm,electricity,IND|west bengal,India,True,rolling,2023-12-01,7,2024-07-01,8189.62,7725.16592476964,,,,0.8,728.3877083333333,44
xlstm,electricity,IND|west bengal,India,True,rolling,2023-12-01,8,2024-08-01,7804.64,7730.417892876267,,,,0.8,728.3877083333333,44
xlstm,electricity,IND|west bengal,India,True,rolling,2023-12-01,9,2024-09-01,7922.51,7735.627121962309,,,,0.8,728.3877083333333,44
xlstm,electricity,IND|west bengal,India,True,rolling,2023-12-01,10,2024-10-01,8798.22,7738.40727176845,,,,0.8,728.3877083333333,44
xlstm,electricity,IND|west bengal,India,True,rolling,2023-12-01,11,2024-11-01,7826.05,7743.165627670288,,,,0.8,728.3877083333333,44
xlstm,electricity,IND|west bengal,India,True,rolling,2023-12-01,12,2024-12-01,7954.59,7747.3646190279715,,,,0.8,728.3877083333333,44
xlstm,electricity,IRL,Europe,True,holdout,last12,1,2025-04-01,2290.0,2380.5469512939453,,,,0.8,125.67251461988305,44
xlstm,electricity,IRL,Europe,True,holdout,last12,2,2025-05-01,2070.0,2243.6856079101562,,,,0.8,125.67251461988305,44
xlstm,electricity,IRL,Europe,True,holdout,last12,3,2025-06-01,2009.9999999999998,2127.0998764038086,,,,0.8,125.67251461988305,44
xlstm,electricity,IRL,Europe,True,holdout,last12,4,2025-07-01,2290.0,2196.524124145508,,,,0.8,125.67251461988305,44
xlstm,electricity,IRL,Europe,True,holdout,last12,5,2025-08-01,2150.0,2195.947914123535,,,,0.8,125.67251461988305,44
xlstm,electricity,IRL,Europe,True,holdout,last12,6,2025-09-01,2160.0,2292.5939178466797,,,,0.8,125.67251461988305,44
xlstm,electricity,IRL,Europe,True,holdout,last12,7,2025-10-01,2460.0,2533.117904663086,,,,0.8,125.67251461988305,44
xlstm,electricity,IRL,Europe,True,holdout,last12,8,2025-11-01,2570.0,2688.8442993164062,,,,0.8,125.67251461988305,44
xlstm,electricity,IRL,Europe,True,holdout,last12,9,2025-12-01,2720.0,2787.2879791259766,,,,0.8,125.67251461988305,44
xlstm,electricity,IRL,Europe,True,holdout,last12,10,2026-01-01,2880.0,2834.544448852539,,,,0.8,125.67251461988305,44
xlstm,electricity,IRL,Europe,True,holdout,last12,11,2026-02-01,2570.0,2644.811019897461,,,,0.8,125.67251461988305,44
xlstm,electricity,IRL,Europe,True,holdout,last12,12,2026-03-01,2650.0,2482.3523712158203,,,,0.8,125.67251461988305,44
xlstm,electricity,IRL,Europe,True,rolling,2022-12-01,1,2023-01-01,2780.0,2878.496551513672,,,,0.8,124.375,44
xlstm,electricity,IRL,Europe,True,rolling,2022-12-01,2,2023-02-01,2500.0,2822.4185943603516,,,,0.8,124.375,44
xlstm,electricity,IRL,Europe,True,rolling,2022-12-01,3,2023-03-01,2730.0,2793.4903717041016,,,,0.8,124.375,44
xlstm,electricity,IRL,Europe,True,rolling,2022-12-01,4,2023-04-01,2420.0,2624.3338775634766,,,,0.8,124.375,44
xlstm,electricity,IRL,Europe,True,rolling,2022-12-01,5,2023-05-01,2270.0,2578.423538208008,,,,0.8,124.375,44
xlstm,electricity,IRL,Europe,True,rolling,2022-12-01,6,2023-06-01,2160.0,2503.362045288086,,,,0.8,124.375,44
xlstm,electricity,IRL,Europe,True,rolling,2022-12-01,7,2023-07-01,2260.0,2545.977554321289,,,,0.8,124.375,44
xlstm,electricity,IRL,Europe,True,rolling,2022-12-01,8,2023-08-01,2290.0,2553.9991760253906,,,,0.8,124.375,44
xlstm,electricity,IRL,Europe,True,rolling,2022-12-01,9,2023-09-01,2230.0,2550.4463958740234,,,,0.8,124.375,44
xlstm,electricity,IRL,Europe,True,rolling,2022-12-01,10,2023-10-01,2290.0,2708.4647369384766,,,,0.8,124.375,44
xlstm,electricity,IRL,Europe,True,rolling,2022-12-01,11,2023-11-01,2590.0,2803.290786743164,,,,0.8,124.375,44
xlstm,electricity,IRL,Europe,True,rolling,2022-12-01,12,2023-12-01,2750.0,2853.0765533447266,,,,0.8,124.375,44
xlstm,electricity,IRL,Europe,True,rolling,2023-12-01,1,2024-01-01,2830.0,2689.230422973633,,,,0.8,128.5897435897436,44
xlstm,electricity,IRL,Europe,True,rolling,2023-12-01,2,2024-02-01,2500.0,2603.767776489258,,,,0.8,128.5897435897436,44
xlstm,electricity,IRL,Europe,True,rolling,2023-12-01,3,2024-03-01,2640.0,2660.347442626953,,,,0.8,128.5897435897436,44
xlstm,electricity,IRL,Europe,True,rolling,2023-12-01,4,2024-04-01,2300.0,2350.1837158203125,,,,0.8,128.5897435897436,44
xlstm,electricity,IRL,Europe,True,rolling,2023-12-01,5,2024-05-01,2180.0,2347.796401977539,,,,0.8,128.5897435897436,44
xlstm,electricity,IRL,Europe,True,rolling,2023-12-01,6,2024-06-01,1970.0,2334.400177001953,,,,0.8,128.5897435897436,44
xlstm,electricity,IRL,Europe,True,rolling,2023-12-01,7,2024-07-01,2090.0,2287.4188232421875,,,,0.8,128.5897435897436,44
xlstm,electricity,IRL,Europe,True,rolling,2023-12-01,8,2024-08-01,2110.0,2251.292724609375,,,,0.8,128.5897435897436,44
xlstm,electricity,IRL,Europe,True,rolling,2023-12-01,9,2024-09-01,2230.0,2222.5887298583984,,,,0.8,128.5897435897436,44
xlstm,electricity,IRL,Europe,True,rolling,2023-12-01,10,2024-10-01,2500.0,2281.072006225586,,,,0.8,128.5897435897436,44
xlstm,electricity,IRL,Europe,True,rolling,2023-12-01,11,2024-11-01,2650.0,2529.2244720458984,,,,0.8,128.5897435897436,44
xlstm,electricity,IRL,Europe,True,rolling,2023-12-01,12,2024-12-01,2730.0,2638.7049102783203,,,,0.8,128.5897435897436,44
xlstm,electricity,IRL,Europe,True,rolling,2024-12-01,1,2025-01-01,2870.0,2765.915298461914,,,,0.8,126.42857142857143,44
xlstm,electricity,IRL,Europe,True,rolling,2024-12-01,2,2025-02-01,2550.0,2663.8793182373047,,,,0.8,126.42857142857143,44
xlstm,electricity,IRL,Europe,True,rolling,2024-12-01,3,2025-03-01,2480.0,2622.052688598633,,,,0.8,126.42857142857143,44
xlstm,electricity,IRL,Europe,True,rolling,2024-12-01,4,2025-04-01,2290.0,2385.8346557617188,,,,0.8,126.42857142857143,44
xlstm,electricity,IRL,Europe,True,rolling,2024-12-01,5,2025-05-01,2070.0,2330.950698852539,,,,0.8,126.42857142857143,44
xlstm,electricity,IRL,Europe,True,rolling,2024-12-01,6,2025-06-01,2009.9999999999998,2227.5238037109375,,,,0.8,126.42857142857143,44
xlstm,electricity,IRL,Europe,True,rolling,2024-12-01,7,2025-07-01,2290.0,2306.407012939453,,,,0.8,126.42857142857143,44
xlstm,electricity,IRL,Europe,True,rolling,2024-12-01,8,2025-08-01,2150.0,2231.5340423583984,,,,0.8,126.42857142857143,44
xlstm,electricity,IRL,Europe,True,rolling,2024-12-01,9,2025-09-01,2160.0,2248.101577758789,,,,0.8,126.42857142857143,44
xlstm,electricity,IRL,Europe,True,rolling,2024-12-01,10,2025-10-01,2460.0,2466.4888763427734,,,,0.8,126.42857142857143,44
xlstm,electricity,IRL,Europe,True,rolling,2024-12-01,11,2025-11-01,2570.0,2605.680694580078,,,,0.8,126.42857142857143,44
xlstm,electricity,IRL,Europe,True,rolling,2024-12-01,12,2025-12-01,2720.0,2691.5289306640625,,,,0.8,126.42857142857143,44
xlstm,electricity,ITA,Europe,True,holdout,last12,1,2025-05-01,19810.0,21672.645376622677,,,,0.8,1155.4,44
xlstm,electricity,ITA,Europe,True,holdout,last12,2,2025-06-01,22180.0,22037.847747206688,,,,0.8,1155.4,44
xlstm,electricity,ITA,Europe,True,holdout,last12,3,2025-07-01,24130.0,22049.410678744316,,,,0.8,1155.4,44
xlstm,electricity,ITA,Europe,True,holdout,last12,4,2025-08-01,20740.0,21071.988625228405,,,,0.8,1155.4,44
xlstm,electricity,ITA,Europe,True,holdout,last12,5,2025-09-01,20870.0,20739.29357111454,,,,0.8,1155.4,44
xlstm,electricity,ITA,Europe,True,holdout,last12,6,2025-10-01,20390.0,20675.29805868864,,,,0.8,1155.4,44
xlstm,electricity,ITA,Europe,True,holdout,last12,7,2025-11-01,20600.0,20717.557050287724,,,,0.8,1155.4,44
xlstm,electricity,ITA,Europe,True,holdout,last12,8,2025-12-01,21550.0,20680.8773753047,,,,0.8,1155.4,44
xlstm,electricity,ITA,Europe,True,holdout,last12,9,2026-01-01,23770.0,20685.349780917168,,,,0.8,1155.4,44
xlstm,electricity,ITA,Europe,True,holdout,last12,10,2026-02-01,20550.0,20640.486819446087,,,,0.8,1155.4,44
xlstm,electricity,ITA,Europe,True,holdout,last12,11,2026-03-01,21030.0,20759.719876646996,,,,0.8,1155.4,44
xlstm,electricity,ITA,Europe,True,holdout,last12,12,2026-04-01,18970.0,20819.683668613434,,,,0.8,1155.4,44
xlstm,electricity,ITA,Europe,True,rolling,2022-12-01,1,2023-01-01,20610.0,22450.83435744047,,,,0.8,1165.2777777777778,44
xlstm,electricity,ITA,Europe,True,rolling,2022-12-01,2,2023-02-01,19240.0,22449.546003639698,,,,0.8,1165.2777777777778,44
xlstm,electricity,ITA,Europe,True,rolling,2022-12-01,3,2023-03-01,20880.0,22450.618199706078,,,,0.8,1165.2777777777778,44
xlstm,electricity,ITA,Europe,True,rolling,2022-12-01,4,2023-04-01,17660.0,22451.875942349434,,,,0.8,1165.2777777777778,44
xlstm,electricity,ITA,Europe,True,rolling,2022-12-01,5,2023-05-01,18970.0,22454.134455025196,,,,0.8,1165.2777777777778,44
xlstm,electricity,ITA,Europe,True,rolling,2022-12-01,6,2023-06-01,21200.0,22456.111828386784,,,,0.8,1165.2777777777778,44
xlstm,electricity,ITA,Europe,True,rolling,2022-12-01,7,2023-07-01,24710.0,22457.170867025852,,,,0.8,1165.2777777777778,44
xlstm,electricity,ITA,Europe,True,rolling,2022-12-01,8,2023-08-01,21630.0,22457.554312050343,,,,0.8,1165.2777777777778,44
xlstm,electricity,ITA,Europe,True,rolling,2022-12-01,9,2023-09-01,21570.0,22458.603415489197,,,,0.8,1165.2777777777778,44
xlstm,electricity,ITA,Europe,True,rolling,2022-12-01,10,2023-10-01,20120.0,22459.66621339321,,,,0.8,1165.2777777777778,44
xlstm,electricity,ITA,Europe,True,rolling,2022-12-01,11,2023-11-01,19760.0,22460.774122476578,,,,0.8,1165.2777777777778,44
xlstm,electricity,ITA,Europe,True,rolling,2022-12-01,12,2023-12-01,19840.0,22461.71823501587,,,,0.8,1165.2777777777778,44
xlstm,electricity,ITA,Europe,True,rolling,2023-12-01,1,2024-01-01,20450.0,22033.65575134754,,,,0.8,1202.5,44
xlstm,electricity,ITA,Europe,True,rolling,2023-12-01,2,2024-02-01,18450.0,22033.858478069305,,,,0.8,1202.5,44
xlstm,electricity,ITA,Europe,True,rolling,2023-12-01,3,2024-03-01,19840.0,22044.451671242714,,,,0.8,1202.5,44
xlstm,electricity,ITA,Europe,True,rolling,2023-12-01,4,2024-04-01,19440.0,22056.487054228783,,,,0.8,1202.5,44
xlstm,electricity,ITA,Europe,True,rolling,2023-12-01,5,2024-05-01,20370.0,22077.30437397957,,,,0.8,1202.5,44
xlstm,electricity,ITA,Europe,True,rolling,2023-12-01,6,2024-06-01,21950.0,22094.479543566704,,,,0.8,1202.5,44
xlstm,electricity,ITA,Europe,True,rolling,2023-12-01,7,2024-07-01,26310.0,22106.022837758064,,,,0.8,1202.5,44
xlstm,electricity,ITA,Europe,True,rolling,2023-12-01,8,2024-08-01,23240.0,22110.245444774628,,,,0.8,1202.5,44
xlstm,electricity,ITA,Europe,True,rolling,2023-12-01,9,2024-09-01,21160.0,22121.023460030556,,,,0.8,1202.5,44
xlstm,electricity,ITA,Europe,True,rolling,2023-12-01,10,2024-10-01,20210.0,22130.33040702343,,,,0.8,1202.5,44
xlstm,electricity,ITA,Europe,True,rolling,2023-12-01,11,2024-11-01,20890.0,22140.783250927925,,,,0.8,1202.5,44
xlstm,electricity,ITA,Europe,True,rolling,2023-12-01,12,2024-12-01,20520.0,22149.70062762499,,,,0.8,1202.5,44
xlstm,electricity,ITA,Europe,True,rolling,2024-12-01,1,2025-01-01,20970.0,20851.179661750793,,,,0.8,1171.3541666666667,44
xlstm,electricity,ITA,Europe,True,rolling,2024-12-01,2,2025-02-01,19660.0,20895.029855966568,,,,0.8,1171.3541666666667,44
xlstm,electricity,ITA,Europe,True,rolling,2024-12-01,3,2025-03-01,20410.0,21239.992475807667,,,,0.8,1171.3541666666667,44
xlstm,electricity,ITA,Europe,True,rolling,2024-12-01,4,2025-04-01,18650.0,21496.62342429161,,,,0.8,1171.3541666666667,44
xlstm,electricity,ITA,Europe,True,rolling,2024-12-01,5,2025-05-01,19810.0,21914.245958030224,,,,0.8,1171.3541666666667,44
xlstm,electricity,ITA,Europe,True,rolling,2024-12-01,6,2025-06-01,22180.0,22232.79750227928,,,,0.8,1171.3541666666667,44
xlstm,electricity,ITA,Europe,True,rolling,2024-12-01,7,2025-07-01,24130.0,22237.410545945168,,,,0.8,1171.3541666666667,44
xlstm,electricity,ITA,Europe,True,rolling,2024-12-01,8,2025-08-01,20740.0,21375.735631883144,,,,0.8,1171.3541666666667,44
xlstm,electricity,ITA,Europe,True,rolling,2024-12-01,9,2025-09-01,20870.0,21077.96299904585,,,,0.8,1171.3541666666667,44
xlstm,electricity,ITA,Europe,True,rolling,2024-12-01,10,2025-10-01,20390.0,21064.566574692726,,,,0.8,1171.3541666666667,44
xlstm,electricity,ITA,Europe,True,rolling,2024-12-01,11,2025-11-01,20600.0,21187.40250736475,,,,0.8,1171.3541666666667,44
xlstm,electricity,ITA,Europe,True,rolling,2024-12-01,12,2025-12-01,21550.0,21235.26045292616,,,,0.8,1171.3541666666667,44
xlstm,electricity,LTU,Europe,True,holdout,last12,1,2025-05-01,810.0,830.6747078895568,,,,0.8,83.66071428571429,44
xlstm,electricity,LTU,Europe,True,holdout,last12,2,2025-06-01,770.0,868.8483953475951,,,,0.8,83.66071428571429,44
xlstm,electricity,LTU,Europe,True,holdout,last12,3,2025-07-01,610.0,906.3033580780028,,,,0.8,83.66071428571429,44
xlstm,electricity,LTU,Europe,True,holdout,last12,4,2025-08-01,600.0,942.8460001945494,,,,0.8,83.66071428571429,44
xlstm,electricity,LTU,Europe,True,holdout,last12,5,2025-09-01,620.0,979.2920947074889,,,,0.8,83.66071428571429,44
xlstm,electricity,LTU,Europe,True,holdout,last12,6,2025-10-01,740.0,1014.8312926292418,,,,0.8,83.66071428571429,44
xlstm,electricity,LTU,Europe,True,holdout,last12,7,2025-11-01,550.0,1049.1989016532898,,,,0.8,83.66071428571429,44
xlstm,electricity,LTU,Europe,True,holdout,last12,8,2025-12-01,730.0,1080.9314370155334,,,,0.8,83.66071428571429,44
xlstm,electricity,LTU,Europe,True,holdout,last12,9,2026-01-01,920.0,1108.031189441681,,,,0.8,83.66071428571429,44
xlstm,electricity,LTU,Europe,True,holdout,last12,10,2026-02-01,780.0,1132.2130680084229,,,,0.8,83.66071428571429,44
xlstm,electricity,LTU,Europe,True,holdout,last12,11,2026-03-01,750.0,1158.4681749343872,,,,0.8,83.66071428571429,44
xlstm,electricity,LTU,Europe,True,holdout,last12,12,2026-04-01,880.0,1178.5062670707703,,,,0.8,83.66071428571429,44
xlstm,electricity,LTU,Europe,True,rolling,2022-12-01,1,2023-01-01,360.0,265.76370149850845,,,,0.8,58.80952380952381,44
xlstm,electricity,LTU,Europe,True,rolling,2022-12-01,2,2023-02-01,320.0,266.52372032403946,,,,0.8,58.80952380952381,44
xlstm,electricity,LTU,Europe,True,rolling,2022-12-01,3,2023-03-01,420.0,266.53511971235275,,,,0.8,58.80952380952381,44
xlstm,electricity,LTU,Europe,True,rolling,2022-12-01,4,2023-04-01,360.0,266.1784678697586,,,,0.8,58.80952380952381,44
xlstm,electricity,LTU,Europe,True,rolling,2022-12-01,5,2023-05-01,330.0,265.71384221315384,,,,0.8,58.80952380952381,44
xlstm,electricity,LTU,Europe,True,rolling,2022-12-01,6,2023-06-01,350.0,265.32989144325256,,,,0.8,58.80952380952381,44
xlstm,electricity,LTU,Europe,True,rolling,2022-12-01,7,2023-07-01,380.0,264.9819418787956,,,,0.8,58.80952380952381,44
xlstm,electricity,LTU,Europe,True,rolling,2022-12-01,8,2023-08-01,410.0,264.2776384949684,,,,0.8,58.80952380952381,44
xlstm,electricity,LTU,Europe,True,rolling,2022-12-01,9,2023-09-01,430.0,263.73067647218704,,,,0.8,58.80952380952381,44
xlstm,electricity,LTU,Europe,True,rolling,2022-12-01,10,2023-10-01,590.0,263.6425659060478,,,,0.8,58.80952380952381,44
xlstm,electricity,LTU,Europe,True,rolling,2022-12-01,11,2023-11-01,400.0,263.1686493754387,,,,0.8,58.80952380952381,44
xlstm,electricity,LTU,Europe,True,rolling,2022-12-01,12,2023-12-01,560.0,262.8530278801918,,,,0.8,58.80952380952381,44
xlstm,electricity,LTU,Europe,True,rolling,2023-12-01,1,2024-01-01,660.0,598.4922552108765,,,,0.8,67.08333333333333,44
xlstm,electricity,LTU,Europe,True,rolling,2023-12-01,2,2024-02-01,520.0,652.3068380355835,,,,0.8,67.08333333333333,44
xlstm,electricity,LTU,Europe,True,rolling,2023-12-01,3,2024-03-01,570.0,712.3691463470459,,,,0.8,67.08333333333333,44
xlstm,electricity,LTU,Europe,True,rolling,2023-12-01,4,2024-04-01,580.0,767.9594945907593,,,,0.8,67.08333333333333,44
xlstm,electricity,LTU,Europe,True,rolling,2023-12-01,5,2024-05-01,580.0,821.9726610183716,,,,0.8,67.08333333333333,44
xlstm,electricity,LTU,Europe,True,rolling,2023-12-01,6,2024-06-01,550.0,874.3144941329956,,,,0.8,67.08333333333333,44
xlstm,electricity,LTU,Europe,True,rolling,2023-12-01,7,2024-07-01,560.0,924.0590572357178,,,,0.8,67.08333333333333,44
xlstm,electricity,LTU,Europe,True,rolling,2023-12-01,8,2024-08-01,550.0,968.4160566329956,,,,0.8,67.08333333333333,44
xlstm,electricity,LTU,Europe,True,rolling,2023-12-01,9,2024-09-01,560.0,1005.3481483459473,,,,0.8,67.08333333333333,44
xlstm,electricity,LTU,Europe,True,rolling,2023-12-01,10,2024-10-01,560.0,1034.9685764312744,,,,0.8,67.08333333333333,44
xlstm,electricity,LTU,Europe,True,rolling,2023-12-01,11,2024-11-01,600.0,1056.631498336792,,,,0.8,67.08333333333333,44
xlstm,electricity,LTU,Europe,True,rolling,2023-12-01,12,2024-12-01,730.0,1075.9548473358154,,,,0.8,67.08333333333333,44
xlstm,electricity,LTU,Europe,True,rolling,2024-12-01,1,2025-01-01,810.0,575.2167701721191,,,,0.8,79.72222222222223,44
xlstm,electricity,LTU,Europe,True,rolling,2024-12-01,2,2025-02-01,620.0,573.6260342597961,,,,0.8,79.72222222222223,44
xlstm,electricity,LTU,Europe,True,rolling,2024-12-01,3,2025-03-01,810.0,576.0983228683472,,,,0.8,79.72222222222223,44
xlstm,electricity,LTU,Europe,True,rolling,2024-12-01,4,2025-04-01,850.0,576.8154919147491,,,,0.8,79.72222222222223,44
xlstm,electricity,LTU,Europe,True,rolling,2024-12-01,5,2025-05-01,810.0,577.478039264679,,,,0.8,79.72222222222223,44
xlstm,electricity,LTU,Europe,True,rolling,2024-12-01,6,2025-06-01,770.0,578.4793448448181,,,,0.8,79.72222222222223,44
xlstm,electricity,LTU,Europe,True,rolling,2024-12-01,7,2025-07-01,610.0,580.5649256706238,,,,0.8,79.72222222222223,44
xlstm,electricity,LTU,Europe,True,rolling,2024-12-01,8,2025-08-01,600.0,582.2129106521606,,,,0.8,79.72222222222223,44
xlstm,electricity,LTU,Europe,True,rolling,2024-12-01,9,2025-09-01,620.0,583.9093637466431,,,,0.8,79.72222222222223,44
xlstm,electricity,LTU,Europe,True,rolling,2024-12-01,10,2025-10-01,740.0,584.7090530395508,,,,0.8,79.72222222222223,44
xlstm,electricity,LTU,Europe,True,rolling,2024-12-01,11,2025-11-01,550.0,584.8028433322906,,,,0.8,79.72222222222223,44
xlstm,electricity,LTU,Europe,True,rolling,2024-12-01,12,2025-12-01,730.0,582.6912999153137,,,,0.8,79.72222222222223,44
xlstm,electricity,LUX,Europe,True,holdout,last12,1,2025-05-01,130.0,99.58064079284668,,,,0.8,13.421052631578947,44
xlstm,electricity,LUX,Europe,True,holdout,last12,2,2025-06-01,120.0,99.58544731140137,,,,0.8,13.421052631578947,44
xlstm,electricity,LUX,Europe,True,holdout,last12,3,2025-07-01,110.0,99.5063304901123,,,,0.8,13.421052631578947,44
xlstm,electricity,LUX,Europe,True,holdout,last12,4,2025-08-01,110.0,99.37044620513916,,,,0.8,13.421052631578947,44
xlstm,electricity,LUX,Europe,True,holdout,last12,5,2025-09-01,100.0,99.21621322631836,,,,0.8,13.421052631578947,44
xlstm,electricity,LUX,Europe,True,holdout,last12,6,2025-10-01,100.0,99.07524585723877,,,,0.8,13.421052631578947,44
xlstm,electricity,LUX,Europe,True,holdout,last12,7,2025-11-01,100.0,98.95456314086914,,,,0.8,13.421052631578947,44
xlstm,electricity,LUX,Europe,True,holdout,last12,8,2025-12-01,120.0,98.87572288513184,,,,0.8,13.421052631578947,44
xlstm,electricity,LUX,Europe,True,holdout,last12,9,2026-01-01,90.0,98.81047010421753,,,,0.8,13.421052631578947,44
xlstm,electricity,LUX,Europe,True,holdout,last12,10,2026-02-01,120.0,98.73724460601807,,,,0.8,13.421052631578947,44
xlstm,electricity,LUX,Europe,True,holdout,last12,11,2026-03-01,110.0,98.72154712677002,,,,0.8,13.421052631578947,44
xlstm,electricity,LUX,Europe,True,holdout,last12,12,2026-04-01,120.0,98.64532470703125,,,,0.8,13.421052631578947,44
xlstm,electricity,LUX,Europe,True,rolling,2022-12-01,1,2023-01-01,100.0,94.39600169658662,,,,0.8,12.708333333333334,44
xlstm,electricity,LUX,Europe,True,rolling,2022-12-01,2,2023-02-01,100.0,94.39514219760896,,,,0.8,12.708333333333334,44
xlstm,electricity,LUX,Europe,True,rolling,2022-12-01,3,2023-03-01,120.0,94.39352542161943,,,,0.8,12.708333333333334,44
xlstm,electricity,LUX,Europe,True,rolling,2022-12-01,4,2023-04-01,110.0,94.39426183700563,,,,0.8,12.708333333333334,44
xlstm,electricity,LUX,Europe,True,rolling,2022-12-01,5,2023-05-01,110.0,94.39671307802202,,,,0.8,12.708333333333334,44
xlstm,electricity,LUX,Europe,True,rolling,2022-12-01,6,2023-06-01,80.0,94.39844667911531,,,,0.8,12.708333333333334,44
xlstm,electricity,LUX,Europe,True,rolling,2022-12-01,7,2023-07-01,80.0,94.40084159374238,,,,0.8,12.708333333333334,44
xlstm,electricity,LUX,Europe,True,rolling,2022-12-01,8,2023-08-01,90.0,94.40234780311586,,,,0.8,12.708333333333334,44
xlstm,electricity,LUX,Europe,True,rolling,2022-12-01,9,2023-09-01,70.0,94.40473437309267,,,,0.8,12.708333333333334,44
xlstm,electricity,LUX,Europe,True,rolling,2022-12-01,10,2023-10-01,90.0,94.40789908170701,,,,0.8,12.708333333333334,44
xlstm,electricity,LUX,Europe,True,rolling,2022-12-01,11,2023-11-01,110.0,94.40882742404939,,,,0.8,12.708333333333334,44
xlstm,electricity,LUX,Europe,True,rolling,2022-12-01,12,2023-12-01,90.0,94.40809309482576,,,,0.8,12.708333333333334,44
xlstm,electricity,LUX,Europe,True,rolling,2023-12-01,1,2024-01-01,110.0,94.6942374110222,,,,0.8,11.833333333333334,44
xlstm,electricity,LUX,Europe,True,rolling,2023-12-01,2,2024-02-01,110.0,94.7147235274315,,,,0.8,11.833333333333334,44
xlstm,electricity,LUX,Europe,True,rolling,2023-12-01,3,2024-03-01,100.0,94.72597002983095,,,,0.8,11.833333333333334,44
xlstm,electricity,LUX,Europe,True,rolling,2023-12-01,4,2024-04-01,120.0,94.73067432641984,,,,0.8,11.833333333333334,44
xlstm,electricity,LUX,Europe,True,rolling,2023-12-01,5,2024-05-01,110.0,94.73169654607774,,,,0.8,11.833333333333334,44
xlstm,electricity,LUX,Europe,True,rolling,2023-12-01,6,2024-06-01,100.0,94.73075777292253,,,,0.8,11.833333333333334,44
xlstm,electricity,LUX,Europe,True,rolling,2023-12-01,7,2024-07-01,110.0,94.730181992054,,,,0.8,11.833333333333334,44
xlstm,electricity,LUX,Europe,True,rolling,2023-12-01,8,2024-08-01,120.0,94.72984403371812,,,,0.8,11.833333333333334,44
xlstm,electricity,LUX,Europe,True,rolling,2023-12-01,9,2024-09-01,120.0,94.72950190305711,,,,0.8,11.833333333333334,44
xlstm,electricity,LUX,Europe,True,rolling,2023-12-01,10,2024-10-01,120.0,94.73013401031496,,,,0.8,11.833333333333334,44
xlstm,electricity,LUX,Europe,True,rolling,2023-12-01,11,2024-11-01,100.0,94.73050326108934,,,,0.8,11.833333333333334,44
xlstm,electricity,LUX,Europe,True,rolling,2023-12-01,12,2024-12-01,100.0,94.73024666309358,,,,0.8,11.833333333333334,44
xlstm,electricity,LUX,Europe,True,rolling,2024-12-01,1,2025-01-01,120.0,98.62658083438875,,,,0.8,13.055555555555555,44
xlstm,electricity,LUX,Europe,True,rolling,2024-12-01,2,2025-02-01,80.0,98.4118437767029,,,,0.8,13.055555555555555,44
xlstm,electricity,LUX,Europe,True,rolling,2024-12-01,3,2025-03-01,140.0,98.2379996776581,,,,0.8,13.055555555555555,44
xlstm,electricity,LUX,Europe,True,rolling,2024-12-01,4,2025-04-01,120.0,98.11626374721529,,,,0.8,13.055555555555555,44
xlstm,electricity,LUX,Europe,True,rolling,2024-12-01,5,2025-05-01,130.0,98.01911532878877,,,,0.8,13.055555555555555,44
xlstm,electricity,LUX,Europe,True,rolling,2024-12-01,6,2025-06-01,120.0,97.95597553253175,,,,0.8,13.055555555555555,44
xlstm,electricity,LUX,Europe,True,rolling,2024-12-01,7,2025-07-01,110.0,97.9164344072342,,,,0.8,13.055555555555555,44
xlstm,electricity,LUX,Europe,True,rolling,2024-12-01,8,2025-08-01,110.0,97.88135766983034,,,,0.8,13.055555555555555,44
xlstm,electricity,LUX,Europe,True,rolling,2024-12-01,9,2025-09-01,100.0,97.8483295440674,,,,0.8,13.055555555555555,44
xlstm,electricity,LUX,Europe,True,rolling,2024-12-01,10,2025-10-01,100.0,97.82210230827333,,,,0.8,13.055555555555555,44
xlstm,electricity,LUX,Europe,True,rolling,2024-12-01,11,2025-11-01,100.0,97.80110716819765,,,,0.8,13.055555555555555,44
xlstm,electricity,LUX,Europe,True,rolling,2024-12-01,12,2025-12-01,120.0,97.79663026332857,,,,0.8,13.055555555555555,44
xlstm,electricity,LVA,Europe,True,holdout,last12,1,2025-05-01,400.0,456.7546278238296,,,,0.8,119.28571428571429,44
xlstm,electricity,LVA,Europe,True,holdout,last12,2,2025-06-01,480.0,292.90357142686844,,,,0.8,119.28571428571429,44
xlstm,electricity,LVA,Europe,True,holdout,last12,3,2025-07-01,480.0,275.8775109052658,,,,0.8,119.28571428571429,44
xlstm,electricity,LVA,Europe,True,holdout,last12,4,2025-08-01,440.0,251.0551683604717,,,,0.8,119.28571428571429,44
xlstm,electricity,LVA,Europe,True,holdout,last12,5,2025-09-01,330.0,251.40572592616078,,,,0.8,119.28571428571429,44
xlstm,electricity,LVA,Europe,True,holdout,last12,6,2025-10-01,330.0,294.48335617780685,,,,0.8,119.28571428571429,44
xlstm,electricity,LVA,Europe,True,holdout,last12,7,2025-11-01,470.0,413.43593358993525,,,,0.8,119.28571428571429,44
xlstm,electricity,LVA,Europe,True,holdout,last12,8,2025-12-01,510.0,529.1282910108565,,,,0.8,119.28571428571429,44
xlstm,electricity,LVA,Europe,True,holdout,last12,9,2026-01-01,750.0,626.9005572795867,,,,0.8,119.28571428571429,44
xlstm,electricity,LVA,Europe,True,holdout,last12,10,2026-02-01,720.0,659.3283194303511,,,,0.8,119.28571428571429,44
xlstm,electricity,LVA,Europe,True,holdout,last12,11,2026-03-01,680.0,656.5207916498183,,,,0.8,119.28571428571429,44
xlstm,electricity,LVA,Europe,True,holdout,last12,12,2026-04-01,580.0,612.4461674690245,,,,0.8,119.28571428571429,44
xlstm,electricity,LVA,Europe,True,rolling,2022-12-01,1,2023-01-01,890.0,490.6412601470947,,,,0.8,112.61904761904762,44
xlstm,electricity,LVA,Europe,True,rolling,2022-12-01,2,2023-02-01,650.0,492.936110496521,,,,0.8,112.61904761904762,44
xlstm,electricity,LVA,Europe,True,rolling,2022-12-01,3,2023-03-01,820.0,494.35877799987793,,,,0.8,112.61904761904762,44
xlstm,electricity,LVA,Europe,True,rolling,2022-12-01,4,2023-04-01,960.0,495.1171398162842,,,,0.8,112.61904761904762,44
xlstm,electricity,LVA,Europe,True,rolling,2022-12-01,5,2023-05-01,340.0,495.46046257019043,,,,0.8,112.61904761904762,44
xlstm,electricity,LVA,Europe,True,rolling,2022-12-01,6,2023-06-01,190.0,495.60439586639404,,,,0.8,112.61904761904762,44
xlstm,electricity,LVA,Europe,True,rolling,2022-12-01,7,2023-07-01,130.0,495.660138130188,,,,0.8,112.61904761904762,44
xlstm,electricity,LVA,Europe,True,rolling,2022-12-01,8,2023-08-01,230.0,495.6822872161865,,,,0.8,112.61904761904762,44
xlstm,electricity,LVA,Europe,True,rolling,2022-12-01,9,2023-09-01,270.0,495.6925392150879,,,,0.8,112.61904761904762,44
xlstm,electricity,LVA,Europe,True,rolling,2022-12-01,10,2023-10-01,270.0,495.70608139038086,,,,0.8,112.61904761904762,44
xlstm,electricity,LVA,Europe,True,rolling,2022-12-01,11,2023-11-01,470.0,495.72081565856934,,,,0.8,112.61904761904762,44
xlstm,electricity,LVA,Europe,True,rolling,2022-12-01,12,2023-12-01,570.0,495.7242488861084,,,,0.8,112.61904761904762,44
xlstm,electricity,LVA,Europe,True,rolling,2023-12-01,1,2024-01-01,800.0,594.062030315399,,,,0.8,115.83333333333333,44
xlstm,electricity,LVA,Europe,True,rolling,2023-12-01,2,2024-02-01,750.0,624.6848118305205,,,,0.8,115.83333333333333,44
xlstm,electricity,LVA,Europe,True,rolling,2023-12-01,3,2024-03-01,920.0,643.6664205789565,,,,0.8,115.83333333333333,44
xlstm,electricity,LVA,Europe,True,rolling,2023-12-01,4,2024-04-01,800.0,778.2214564085006,,,,0.8,115.83333333333333,44
xlstm,electricity,LVA,Europe,True,rolling,2023-12-01,5,2024-05-01,480.0,229.94782820343968,,,,0.8,115.83333333333333,44
xlstm,electricity,LVA,Europe,True,rolling,2023-12-01,6,2024-06-01,220.0,182.0762824267149,,,,0.8,115.83333333333333,44
xlstm,electricity,LVA,Europe,True,rolling,2023-12-01,7,2024-07-01,290.0,176.31684634834528,,,,0.8,115.83333333333333,44
xlstm,electricity,LVA,Europe,True,rolling,2023-12-01,8,2024-08-01,310.0,215.91953329741952,,,,0.8,115.83333333333333,44
xlstm,electricity,LVA,Europe,True,rolling,2023-12-01,9,2024-09-01,300.0,280.368095934391,,,,0.8,115.83333333333333,44
xlstm,electricity,LVA,Europe,True,rolling,2023-12-01,10,2024-10-01,210.0,369.6160894632339,,,,0.8,115.83333333333333,44
xlstm,electricity,LVA,Europe,True,rolling,2023-12-01,11,2024-11-01,350.0,477.85251885652536,,,,0.8,115.83333333333333,44
xlstm,electricity,LVA,Europe,True,rolling,2023-12-01,12,2024-12-01,370.0,545.449451804161,,,,0.8,115.83333333333333,44
xlstm,electricity,LVA,Europe,True,rolling,2024-12-01,1,2025-01-01,610.0,586.1087369918822,,,,0.8,114.72222222222223,44
xlstm,electricity,LVA,Europe,True,rolling,2024-12-01,2,2025-02-01,720.0,660.1395589113234,,,,0.8,114.72222222222223,44
xlstm,electricity,LVA,Europe,True,rolling,2024-12-01,3,2025-03-01,550.0,752.2738641500472,,,,0.8,114.72222222222223,44
xlstm,electricity,LVA,Europe,True,rolling,2024-12-01,4,2025-04-01,420.0,776.1421543359755,,,,0.8,114.72222222222223,44
xlstm,electricity,LVA,Europe,True,rolling,2024-12-01,5,2025-05-01,400.0,544.7373044490813,,,,0.8,114.72222222222223,44
xlstm,electricity,LVA,Europe,True,rolling,2024-12-01,6,2025-06-01,480.0,339.5304238796234,,,,0.8,114.72222222222223,44
xlstm,electricity,LVA,Europe,True,rolling,2024-12-01,7,2025-07-01,480.0,290.9458464384079,,,,0.8,114.72222222222223,44
xlstm,electricity,LVA,Europe,True,rolling,2024-12-01,8,2025-08-01,440.0,244.76185366511342,,,,0.8,114.72222222222223,44
xlstm,electricity,LVA,Europe,True,rolling,2024-12-01,9,2025-09-01,330.0,237.7133387327194,,,,0.8,114.72222222222223,44
xlstm,electricity,LVA,Europe,True,rolling,2024-12-01,10,2025-10-01,330.0,267.7843111753464,,,,0.8,114.72222222222223,44
xlstm,electricity,LVA,Europe,True,rolling,2024-12-01,11,2025-11-01,470.0,345.8126074075699,,,,0.8,114.72222222222223,44
xlstm,electricity,LVA,Europe,True,rolling,2024-12-01,12,2025-12-01,510.0,431.96264863014216,,,,0.8,114.72222222222223,44
xlstm,electricity,MDA,Europe,False,holdout,last12,1,2023-09-01,430.0,440.88749885559076,,,,0.8,65.9375,44
xlstm,electricity,MDA,Europe,False,holdout,last12,2,2023-10-01,480.0,441.48439764976496,,,,0.8,65.9375,44
xlstm,electricity,MDA,Europe,False,holdout,last12,3,2023-11-01,470.0,441.8689459562301,,,,0.8,65.9375,44
xlstm,electricity,MDA,Europe,False,holdout,last12,4,2023-12-01,470.0,442.2605484724044,,,,0.8,65.9375,44
xlstm,electricity,MDA,Europe,False,holdout,last12,5,2024-01-01,460.0,442.32301712036127,,,,0.8,65.9375,44
xlstm,electricity,MDA,Europe,False,holdout,last12,6,2024-02-01,450.0,442.3046171665191,,,,0.8,65.9375,44
xlstm,electricity,MDA,Europe,False,holdout,last12,7,2024-03-01,490.0,442.32569932937616,,,,0.8,65.9375,44
xlstm,electricity,MDA,Europe,False,holdout,last12,8,2024-04-01,440.0,442.28184521198267,,,,0.8,65.9375,44
xlstm,electricity,MDA,Europe,False,holdout,last12,9,2024-05-01,430.0,442.2779023647308,,,,0.8,65.9375,44
xlstm,electricity,MDA,Europe,False,holdout,last12,10,2024-06-01,430.0,442.26561784744257,,,,0.8,65.9375,44
xlstm,electricity,MDA,Europe,False,holdout,last12,11,2024-07-01,490.0,442.25590825080866,,,,0.8,65.9375,44
xlstm,electricity,MDA,Europe,False,holdout,last12,12,2024-08-01,470.0,442.2190278768539,,,,0.8,65.9375,44
xlstm,electricity,MDA,Europe,False,rolling,2022-12-01,1,2023-01-01,450.0,436.8434250354766,,,,0.8,65.0,44
xlstm,electricity,MDA,Europe,False,rolling,2022-12-01,2,2023-02-01,390.0,436.49334311485285,,,,0.8,65.0,44
xlstm,electricity,MDA,Europe,False,rolling,2022-12-01,3,2023-03-01,460.0,436.90259456634516,,,,0.8,65.0,44
xlstm,electricity,MDA,Europe,False,rolling,2022-12-01,4,2023-04-01,420.0,437.6412749290466,,,,0.8,65.0,44
xlstm,electricity,MDA,Europe,False,rolling,2022-12-01,5,2023-05-01,430.0,438.56939971446985,,,,0.8,65.0,44
xlstm,electricity,MDA,Europe,False,rolling,2022-12-01,6,2023-06-01,430.0,439.48186039924616,,,,0.8,65.0,44
xlstm,electricity,MDA,Europe,False,rolling,2022-12-01,7,2023-07-01,470.0,440.2689009904861,,,,0.8,65.0,44
xlstm,electricity,MDA,Europe,False,rolling,2022-12-01,8,2023-08-01,460.0,440.90630114078516,,,,0.8,65.0,44
xlstm,electricity,MDA,Europe,False,rolling,2022-12-01,9,2023-09-01,430.0,441.4055407047271,,,,0.8,65.0,44
xlstm,electricity,MDA,Europe,False,rolling,2022-12-01,10,2023-10-01,480.0,441.8110907077789,,,,0.8,65.0,44
xlstm,electricity,MDA,Europe,False,rolling,2022-12-01,11,2023-11-01,470.0,442.10844039916987,,,,0.8,65.0,44
xlstm,electricity,MDA,Europe,False,rolling,2022-12-01,12,2023-12-01,470.0,442.4879997968673,,,,0.8,65.0,44
xlstm,electricity,MKD,Europe,False,holdout,last12,1,2024-03-01,540.0,560.9328603744507,,,,0.8,66.75675675675676,44
xlstm,electricity,MKD,Europe,False,holdout,last12,2,2024-04-01,470.0,560.8491486310959,,,,0.8,66.75675675675676,44
xlstm,electricity,MKD,Europe,False,holdout,last12,3,2024-05-01,460.0,560.5966186523438,,,,0.8,66.75675675675676,44
xlstm,electricity,MKD,Europe,False,holdout,last12,4,2024-06-01,500.0,560.3298193216324,,,,0.8,66.75675675675676,44
xlstm,electricity,MKD,Europe,False,holdout,last12,5,2024-07-01,570.0,560.0661849975586,,,,0.8,66.75675675675676,44
xlstm,electricity,MKD,Europe,False,holdout,last12,6,2024-08-01,560.0,559.8482286930084,,,,0.8,66.75675675675676,44
xlstm,electricity,MKD,Europe,False,holdout,last12,7,2024-09-01,490.0,559.6811538934708,,,,0.8,66.75675675675676,44
xlstm,electricity,MKD,Europe,False,holdout,last12,8,2024-10-01,420.0,559.5725780725479,,,,0.8,66.75675675675676,44
xlstm,electricity,MKD,Europe,False,holdout,last12,9,2024-11-01,610.0,559.4816780090332,,,,0.8,66.75675675675676,44
xlstm,electricity,MKD,Europe,False,holdout,last12,10,2024-12-01,630.0,559.4094729423523,,,,0.8,66.75675675675676,44
xlstm,electricity,MKD,Europe,False,holdout,last12,11,2025-01-01,660.0,559.3579477071762,,,,0.8,66.75675675675676,44
xlstm,electricity,MKD,Europe,False,holdout,last12,12,2025-02-01,690.0,559.3170440196991,,,,0.8,66.75675675675676,44
xlstm,electricity,MKD,Europe,False,rolling,2022-12-01,1,2023-01-01,810.0,539.9332228302956,,,,0.8,57.0,44
xlstm,electricity,MKD,Europe,False,rolling,2022-12-01,2,2023-02-01,770.0,539.5611923933029,,,,0.8,57.0,44
xlstm,electricity,MKD,Europe,False,rolling,2022-12-01,3,2023-03-01,760.0,539.0783482789993,,,,0.8,57.0,44
xlstm,electricity,MKD,Europe,False,rolling,2022-12-01,4,2023-04-01,680.0,538.8009902834892,,,,0.8,57.0,44
xlstm,electricity,MKD,Europe,False,rolling,2022-12-01,5,2023-05-01,500.0,538.5722026228905,,,,0.8,57.0,44
xlstm,electricity,MKD,Europe,False,rolling,2022-12-01,6,2023-06-01,570.0,538.4459319710732,,,,0.8,57.0,44
xlstm,electricity,MKD,Europe,False,rolling,2022-12-01,7,2023-07-01,590.0,538.4004041552544,,,,0.8,57.0,44
xlstm,electricity,MKD,Europe,False,rolling,2022-12-01,8,2023-08-01,600.0,538.4637594223022,,,,0.8,57.0,44
xlstm,electricity,MKD,Europe,False,rolling,2022-12-01,9,2023-09-01,530.0,538.592583835125,,,,0.8,57.0,44
xlstm,electricity,MKD,Europe,False,rolling,2022-12-01,10,2023-10-01,600.0,538.7031531333923,,,,0.8,57.0,44
xlstm,electricity,MKD,Europe,False,rolling,2022-12-01,11,2023-11-01,640.0,538.7593725323677,,,,0.8,57.0,44
xlstm,electricity,MKD,Europe,False,rolling,2022-12-01,12,2023-12-01,640.0,538.8902130723,,,,0.8,57.0,44
xlstm,electricity,MKD,Europe,False,rolling,2023-12-01,1,2024-01-01,660.0,558.0463340878487,,,,0.8,65.13888888888889,44
xlstm,electricity,MKD,Europe,False,rolling,2023-12-01,2,2024-02-01,670.0,558.0020105838776,,,,0.8,65.13888888888889,44
xlstm,electricity,MKD,Europe,False,rolling,2023-12-01,3,2024-03-01,540.0,557.843773663044,,,,0.8,65.13888888888889,44
xlstm,electricity,MKD,Europe,False,rolling,2023-12-01,4,2024-04-01,470.0,557.6754516363144,,,,0.8,65.13888888888889,44
xlstm,electricity,MKD,Europe,False,rolling,2023-12-01,5,2024-05-01,460.0,557.543540596962,,,,0.8,65.13888888888889,44
xlstm,electricity,MKD,Europe,False,rolling,2023-12-01,6,2024-06-01,500.0,557.4591314792633,,,,0.8,65.13888888888889,44
xlstm,electricity,MKD,Europe,False,rolling,2023-12-01,7,2024-07-01,570.0,557.408826649189,,,,0.8,65.13888888888889,44
xlstm,electricity,MKD,Europe,False,rolling,2023-12-01,8,2024-08-01,560.0,557.3820045590401,,,,0.8,65.13888888888889,44
xlstm,electricity,MKD,Europe,False,rolling,2023-12-01,9,2024-09-01,490.0,557.3691165447235,,,,0.8,65.13888888888889,44
xlstm,electricity,MKD,Europe,False,rolling,2023-12-01,10,2024-10-01,420.0,557.3654553294182,,,,0.8,65.13888888888889,44
xlstm,electricity,MKD,Europe,False,rolling,2023-12-01,11,2024-11-01,610.0,557.3638460040092,,,,0.8,65.13888888888889,44
xlstm,electricity,MKD,Europe,False,rolling,2023-12-01,12,2024-12-01,630.0,557.3623305559158,,,,0.8,65.13888888888889,44
xlstm,electricity,MLT,Europe,True,holdout,last12,1,2025-04-01,250.0,267.6863098144531,,,,0.8,26.50793650793651,44
xlstm,electricity,MLT,Europe,True,holdout,last12,2,2025-05-01,270.0,268.1484889984131,,,,0.8,26.50793650793651,44
xlstm,electricity,MLT,Europe,True,holdout,last12,3,2025-06-01,300.0,267.4462699890137,,,,0.8,26.50793650793651,44
xlstm,electricity,MLT,Europe,True,holdout,last12,4,2025-07-01,340.0,265.9388732910156,,,,0.8,26.50793650793651,44
xlstm,electricity,MLT,Europe,True,holdout,last12,5,2025-08-01,320.0,263.33462715148926,,,,0.8,26.50793650793651,44
xlstm,electricity,MLT,Europe,True,holdout,last12,6,2025-09-01,300.0,260.3505611419678,,,,0.8,26.50793650793651,44
xlstm,electricity,MLT,Europe,True,holdout,last12,7,2025-10-01,270.0,260.08533477783203,,,,0.8,26.50793650793651,44
xlstm,electricity,MLT,Europe,True,holdout,last12,8,2025-11-01,260.0,259.78692531585693,,,,0.8,26.50793650793651,44
xlstm,electricity,MLT,Europe,True,holdout,last12,9,2025-12-01,260.0,259.50053691864014,,,,0.8,26.50793650793651,44
xlstm,electricity,MLT,Europe,True,holdout,last12,10,2026-01-01,270.0,259.8851013183594,,,,0.8,26.50793650793651,44
xlstm,electricity,MLT,Europe,True,holdout,last12,11,2026-02-01,280.0,259.90732192993164,,,,0.8,26.50793650793651,44
xlstm,electricity,MLT,Europe,True,holdout,last12,12,2026-03-01,260.0,260.25978088378906,,,,0.8,26.50793650793651,44
xlstm,electricity,MLT,Europe,True,rolling,2022-12-01,1,2023-01-01,290.0,248.8493326306343,,,,0.8,26.11111111111111,44
xlstm,electricity,MLT,Europe,True,rolling,2022-12-01,2,2023-02-01,280.0,248.78333240747452,,,,0.8,26.11111111111111,44
xlstm,electricity,MLT,Europe,True,rolling,2022-12-01,3,2023-03-01,290.0,248.71790438890457,,,,0.8,26.11111111111111,44
xlstm,electricity,MLT,Europe,True,rolling,2022-12-01,4,2023-04-01,290.0,248.66761296987534,,,,0.8,26.11111111111111,44
xlstm,electricity,MLT,Europe,True,rolling,2022-12-01,5,2023-05-01,290.0,248.63203346729279,,,,0.8,26.11111111111111,44
xlstm,electricity,MLT,Europe,True,rolling,2022-12-01,6,2023-06-01,300.0,248.6106339097023,,,,0.8,26.11111111111111,44
xlstm,electricity,MLT,Europe,True,rolling,2022-12-01,7,2023-07-01,330.0,248.6038926243782,,,,0.8,26.11111111111111,44
xlstm,electricity,MLT,Europe,True,rolling,2022-12-01,8,2023-08-01,330.0,248.60686093568802,,,,0.8,26.11111111111111,44
xlstm,electricity,MLT,Europe,True,rolling,2022-12-01,9,2023-09-01,310.0,248.614362180233,,,,0.8,26.11111111111111,44
xlstm,electricity,MLT,Europe,True,rolling,2022-12-01,10,2023-10-01,280.0,248.61547082662582,,,,0.8,26.11111111111111,44
xlstm,electricity,MLT,Europe,True,rolling,2022-12-01,11,2023-11-01,250.0,248.617245554924,,,,0.8,26.11111111111111,44
xlstm,electricity,MLT,Europe,True,rolling,2022-12-01,12,2023-12-01,240.0,248.61983835697174,,,,0.8,26.11111111111111,44
xlstm,electricity,MLT,Europe,True,rolling,2023-12-01,1,2024-01-01,270.0,289.6264958381653,,,,0.8,28.958333333333332,44
xlstm,electricity,MLT,Europe,True,rolling,2023-12-01,2,2024-02-01,260.0,288.3098888397217,,,,0.8,28.958333333333332,44
xlstm,electricity,MLT,Europe,True,rolling,2023-12-01,3,2024-03-01,280.0,288.0836981534958,,,,0.8,28.958333333333332,44
xlstm,electricity,MLT,Europe,True,rolling,2023-12-01,4,2024-04-01,240.0,287.47053623199463,,,,0.8,28.958333333333332,44
xlstm,electricity,MLT,Europe,True,rolling,2023-12-01,5,2024-05-01,270.0,286.85988664627075,,,,0.8,28.958333333333332,44
xlstm,electricity,MLT,Europe,True,rolling,2023-12-01,6,2024-06-01,290.0,286.05593025684357,,,,0.8,28.958333333333332,44
xlstm,electricity,MLT,Europe,True,rolling,2023-12-01,7,2024-07-01,320.0,284.36192750930786,,,,0.8,28.958333333333332,44
xlstm,electricity,MLT,Europe,True,rolling,2023-12-01,8,2024-08-01,340.0,280.89580714702606,,,,0.8,28.958333333333332,44
xlstm,electricity,MLT,Europe,True,rolling,2023-12-01,9,2024-09-01,270.0,278.0275511741638,,,,0.8,28.958333333333332,44
xlstm,electricity,MLT,Europe,True,rolling,2023-12-01,10,2024-10-01,270.0,276.73240184783936,,,,0.8,28.958333333333332,44
xlstm,electricity,MLT,Europe,True,rolling,2023-12-01,11,2024-11-01,270.0,277.0768868923187,,,,0.8,28.958333333333332,44
xlstm,electricity,MLT,Europe,True,rolling,2023-12-01,12,2024-12-01,250.0,278.79414439201355,,,,0.8,28.958333333333332,44
xlstm,electricity,MLT,Europe,True,rolling,2024-12-01,1,2025-01-01,260.0,276.03145599365234,,,,0.8,27.0,44
xlstm,electricity,MLT,Europe,True,rolling,2024-12-01,2,2025-02-01,250.0,276.10124588012695,,,,0.8,27.0,44
xlstm,electricity,MLT,Europe,True,rolling,2024-12-01,3,2025-03-01,250.0,277.0150661468506,,,,0.8,27.0,44
xlstm,electricity,MLT,Europe,True,rolling,2024-12-01,4,2025-04-01,250.0,276.9629669189453,,,,0.8,27.0,44
xlstm,electricity,MLT,Europe,True,rolling,2024-12-01,5,2025-05-01,270.0,279.2302894592285,,,,0.8,27.0,44
xlstm,electricity,MLT,Europe,True,rolling,2024-12-01,6,2025-06-01,300.0,279.67830657958984,,,,0.8,27.0,44
xlstm,electricity,MLT,Europe,True,rolling,2024-12-01,7,2025-07-01,340.0,278.83825302124023,,,,0.8,27.0,44
xlstm,electricity,MLT,Europe,True,rolling,2024-12-01,8,2025-08-01,320.0,276.105375289917,,,,0.8,27.0,44
xlstm,electricity,MLT,Europe,True,rolling,2024-12-01,9,2025-09-01,300.0,272.22371101379395,,,,0.8,27.0,44
xlstm,electricity,MLT,Europe,True,rolling,2024-12-01,10,2025-10-01,270.0,272.5098991394043,,,,0.8,27.0,44
xlstm,electricity,MLT,Europe,True,rolling,2024-12-01,11,2025-11-01,260.0,272.7555561065674,,,,0.8,27.0,44
xlstm,electricity,MLT,Europe,True,rolling,2024-12-01,12,2025-12-01,260.0,273.0222415924072,,,,0.8,27.0,44
xlstm,electricity,NLD,Europe,True,holdout,last12,1,2025-05-01,11390.0,9725.593917369843,,,,0.8,627.5892857142857,44
xlstm,electricity,NLD,Europe,True,holdout,last12,2,2025-06-01,10840.0,9532.040275931358,,,,0.8,627.5892857142857,44
xlstm,electricity,NLD,Europe,True,holdout,last12,3,2025-07-01,11530.0,9394.81663286686,,,,0.8,627.5892857142857,44
xlstm,electricity,NLD,Europe,True,holdout,last12,4,2025-08-01,11700.0,9309.422301054,,,,0.8,627.5892857142857,44
xlstm,electricity,NLD,Europe,True,holdout,last12,5,2025-09-01,10840.0,9379.6832549572,,,,0.8,627.5892857142857,44
xlstm,electricity,NLD,Europe,True,holdout,last12,6,2025-10-01,10960.0,9755.91120004654,,,,0.8,627.5892857142857,44
xlstm,electricity,NLD,Europe,True,holdout,last12,7,2025-11-01,11860.0,10259.380667209625,,,,0.8,627.5892857142857,44
xlstm,electricity,NLD,Europe,True,holdout,last12,8,2025-12-01,11890.0,10587.269597053528,,,,0.8,627.5892857142857,44
xlstm,electricity,NLD,Europe,True,holdout,last12,9,2026-01-01,13530.0,10920.344393253326,,,,0.8,627.5892857142857,44
xlstm,electricity,NLD,Europe,True,holdout,last12,10,2026-02-01,11690.0,11069.148616790771,,,,0.8,627.5892857142857,44
xlstm,electricity,NLD,Europe,True,holdout,last12,11,2026-03-01,10870.0,10981.740074157715,,,,0.8,627.5892857142857,44
xlstm,electricity,NLD,Europe,True,holdout,last12,12,2026-04-01,10550.0,10527.960996627808,,,,0.8,627.5892857142857,44
xlstm,electricity,NLD,Europe,True,rolling,2022-12-01,1,2023-01-01,10270.0,10244.549442529678,,,,0.8,666.547619047619,44
xlstm,electricity,NLD,Europe,True,rolling,2022-12-01,2,2023-02-01,9930.0,10108.842031359673,,,,0.8,666.547619047619,44
xlstm,electricity,NLD,Europe,True,rolling,2022-12-01,3,2023-03-01,11000.0,10162.148092389107,,,,0.8,666.547619047619,44
xlstm,electricity,NLD,Europe,True,rolling,2022-12-01,4,2023-04-01,9840.0,10071.763485074043,,,,0.8,666.547619047619,44
xlstm,electricity,NLD,Europe,True,rolling,2022-12-01,5,2023-05-01,9960.0,10172.832618355751,,,,0.8,666.547619047619,44
xlstm,electricity,NLD,Europe,True,rolling,2022-12-01,6,2023-06-01,10620.0,10215.435388684273,,,,0.8,666.547619047619,44
xlstm,electricity,NLD,Europe,True,rolling,2022-12-01,7,2023-07-01,10110.0,10012.713140845299,,,,0.8,666.547619047619,44
xlstm,electricity,NLD,Europe,True,rolling,2022-12-01,8,2023-08-01,10380.0,9850.299816727638,,,,0.8,666.547619047619,44
xlstm,electricity,NLD,Europe,True,rolling,2022-12-01,9,2023-09-01,9650.0,9766.463248729706,,,,0.8,666.547619047619,44
xlstm,electricity,NLD,Europe,True,rolling,2022-12-01,10,2023-10-01,9380.0,9873.248802423477,,,,0.8,666.547619047619,44
xlstm,electricity,NLD,Europe,True,rolling,2022-12-01,11,2023-11-01,9650.0,10037.1050208807,,,,0.8,666.547619047619,44
xlstm,electricity,NLD,Europe,True,rolling,2022-12-01,12,2023-12-01,10550.0,10220.06231725216,,,,0.8,666.547619047619,44
xlstm,electricity,NLD,Europe,True,rolling,2023-12-01,1,2024-01-01,11750.0,10124.853467345238,,,,0.8,615.2083333333334,44
xlstm,electricity,NLD,Europe,True,rolling,2023-12-01,2,2024-02-01,10140.0,10177.452439069748,,,,0.8,615.2083333333334,44
xlstm,electricity,NLD,Europe,True,rolling,2023-12-01,3,2024-03-01,10730.0,10288.900460600853,,,,0.8,615.2083333333334,44
xlstm,electricity,NLD,Europe,True,rolling,2023-12-01,4,2024-04-01,10090.0,10181.739043593407,,,,0.8,615.2083333333334,44
xlstm,electricity,NLD,Europe,True,rolling,2023-12-01,5,2024-05-01,9410.0,10298.95267188549,,,,0.8,615.2083333333334,44
xlstm,electricity,NLD,Europe,True,rolling,2023-12-01,6,2024-06-01,9470.0,10333.178409934044,,,,0.8,615.2083333333334,44
xlstm,electricity,NLD,Europe,True,rolling,2023-12-01,7,2024-07-01,10010.0,10132.090968489647,,,,0.8,615.2083333333334,44
xlstm,electricity,NLD,Europe,True,rolling,2023-12-01,8,2024-08-01,10380.0,9973.919895887375,,,,0.8,615.2083333333334,44
xlstm,electricity,NLD,Europe,True,rolling,2023-12-01,9,2024-09-01,9770.0,9776.81342124939,,,,0.8,615.2083333333334,44
xlstm,electricity,NLD,Europe,True,rolling,2023-12-01,10,2024-10-01,9800.0,9833.678242564201,,,,0.8,615.2083333333334,44
xlstm,electricity,NLD,Europe,True,rolling,2023-12-01,11,2024-11-01,11570.0,10004.726187586784,,,,0.8,615.2083333333334,44
xlstm,electricity,NLD,Europe,True,rolling,2023-12-01,12,2024-12-01,11640.0,10136.320994496346,,,,0.8,615.2083333333334,44
xlstm,electricity,NLD,Europe,True,rolling,2024-12-01,1,2025-01-01,12130.0,9987.16950416565,,,,0.8,616.8518518518518,44
xlstm,electricity,NLD,Europe,True,rolling,2024-12-01,2,2025-02-01,11780.0,9983.402625918388,,,,0.8,616.8518518518518,44
xlstm,electricity,NLD,Europe,True,rolling,2024-12-01,3,2025-03-01,11850.0,9977.389665842056,,,,0.8,616.8518518518518,44
xlstm,electricity,NLD,Europe,True,rolling,2024-12-01,4,2025-04-01,10620.0,9973.101924061775,,,,0.8,616.8518518518518,44
xlstm,electricity,NLD,Europe,True,rolling,2024-12-01,5,2025-05-01,11390.0,9970.96928358078,,,,0.8,616.8518518518518,44
xlstm,electricity,NLD,Europe,True,rolling,2024-12-01,6,2025-06-01,10840.0,9970.801253914833,,,,0.8,616.8518518518518,44
xlstm,electricity,NLD,Europe,True,rolling,2024-12-01,7,2025-07-01,11530.0,9972.123314738274,,,,0.8,616.8518518518518,44
xlstm,electricity,NLD,Europe,True,rolling,2024-12-01,8,2025-08-01,11700.0,9974.25908267498,,,,0.8,616.8518518518518,44
xlstm,electricity,NLD,Europe,True,rolling,2024-12-01,9,2025-09-01,10840.0,9976.523644924164,,,,0.8,616.8518518518518,44
xlstm,electricity,NLD,Europe,True,rolling,2024-12-01,10,2025-10-01,10960.0,9978.338706493378,,,,0.8,616.8518518518518,44
xlstm,electricity,NLD,Europe,True,rolling,2024-12-01,11,2025-11-01,11860.0,9979.870591163635,,,,0.8,616.8518518518518,44
xlstm,electricity,NLD,Europe,True,rolling,2024-12-01,12,2025-12-01,11890.0,9981.476966142654,,,,0.8,616.8518518518518,44
xlstm,electricity,NOR,Europe,False,holdout,last12,1,2025-05-01,11180.0,11004.3685567379,,,,0.8,944.9107142857143,44
xlstm,electricity,NOR,Europe,False,holdout,last12,2,2025-06-01,10410.0,10521.966092586517,,,,0.8,944.9107142857143,44
xlstm,electricity,NOR,Europe,False,holdout,last12,3,2025-07-01,11060.0,10317.667454481125,,,,0.8,944.9107142857143,44
xlstm,electricity,NOR,Europe,False,holdout,last12,4,2025-08-01,10830.0,10240.223219394684,,,,0.8,944.9107142857143,44
xlstm,electricity,NOR,Europe,False,holdout,last12,5,2025-09-01,11290.0,10352.421027421951,,,,0.8,944.9107142857143,44
xlstm,electricity,NOR,Europe,False,holdout,last12,6,2025-10-01,12790.0,10952.134801149368,,,,0.8,944.9107142857143,44
xlstm,electricity,NOR,Europe,False,holdout,last12,7,2025-11-01,14420.0,12376.796345710754,,,,0.8,944.9107142857143,44
xlstm,electricity,NOR,Europe,False,holdout,last12,8,2025-12-01,15390.0,14130.633199214935,,,,0.8,944.9107142857143,44
xlstm,electricity,NOR,Europe,False,holdout,last12,9,2026-01-01,17180.0,14866.248915195465,,,,0.8,944.9107142857143,44
xlstm,electricity,NOR,Europe,False,holdout,last12,10,2026-02-01,13070.0,14322.174243927002,,,,0.8,944.9107142857143,44
xlstm,electricity,NOR,Europe,False,holdout,last12,11,2026-03-01,12090.0,13555.341851711273,,,,0.8,944.9107142857143,44
xlstm,electricity,NOR,Europe,False,holdout,last12,12,2026-04-01,10320.0,12762.601118087769,,,,0.8,944.9107142857143,44
xlstm,electricity,NOR,Europe,False,rolling,2022-12-01,1,2023-01-01,13770.0,14472.361104488373,,,,0.8,980.2380952380952,44
xlstm,electricity,NOR,Europe,False,rolling,2022-12-01,2,2023-02-01,13450.0,14071.448088884354,,,,0.8,980.2380952380952,44
xlstm,electricity,NOR,Europe,False,rolling,2022-12-01,3,2023-03-01,14050.0,13402.557252645493,,,,0.8,980.2380952380952,44
xlstm,electricity,NOR,Europe,False,rolling,2022-12-01,4,2023-04-01,11850.0,12338.634613752365,,,,0.8,980.2380952380952,44
xlstm,electricity,NOR,Europe,False,rolling,2022-12-01,5,2023-05-01,10850.0,11296.338577270508,,,,0.8,980.2380952380952,44
xlstm,electricity,NOR,Europe,False,rolling,2022-12-01,6,2023-06-01,10990.0,10598.454359769821,,,,0.8,980.2380952380952,44
xlstm,electricity,NOR,Europe,False,rolling,2022-12-01,7,2023-07-01,11250.0,10162.025954723358,,,,0.8,980.2380952380952,44
xlstm,electricity,NOR,Europe,False,rolling,2022-12-01,8,2023-08-01,12000.0,9960.498575866222,,,,0.8,980.2380952380952,44
xlstm,electricity,NOR,Europe,False,rolling,2022-12-01,9,2023-09-01,11760.0,10028.03396821022,,,,0.8,980.2380952380952,44
xlstm,electricity,NOR,Europe,False,rolling,2022-12-01,10,2023-10-01,13070.0,11594.896386265755,,,,0.8,980.2380952380952,44
xlstm,electricity,NOR,Europe,False,rolling,2022-12-01,11,2023-11-01,13920.0,13621.51897072792,,,,0.8,980.2380952380952,44
xlstm,electricity,NOR,Europe,False,rolling,2022-12-01,12,2023-12-01,13670.0,14386.465674638748,,,,0.8,980.2380952380952,44
xlstm,electricity,NOR,Europe,False,rolling,2023-12-01,1,2024-01-01,15130.0,14517.627087831497,,,,0.8,978.2291666666666,44
xlstm,electricity,NOR,Europe,False,rolling,2023-12-01,2,2024-02-01,13860.0,14167.46420264244,,,,0.8,978.2291666666666,44
xlstm,electricity,NOR,Europe,False,rolling,2023-12-01,3,2024-03-01,14150.0,13674.745202064514,,,,0.8,978.2291666666666,44
xlstm,electricity,NOR,Europe,False,rolling,2023-12-01,4,2024-04-01,12180.0,11461.125175952911,,,,0.8,978.2291666666666,44
xlstm,electricity,NOR,Europe,False,rolling,2023-12-01,5,2024-05-01,11510.0,10815.155547261238,,,,0.8,978.2291666666666,44
xlstm,electricity,NOR,Europe,False,rolling,2023-12-01,6,2024-06-01,11080.0,10696.16261780262,,,,0.8,978.2291666666666,44
xlstm,electricity,NOR,Europe,False,rolling,2023-12-01,7,2024-07-01,10790.0,10750.477112531662,,,,0.8,978.2291666666666,44
xlstm,electricity,NOR,Europe,False,rolling,2023-12-01,8,2024-08-01,10820.0,11069.47647869587,,,,0.8,978.2291666666666,44
xlstm,electricity,NOR,Europe,False,rolling,2023-12-01,9,2024-09-01,11330.0,11637.293935418129,,,,0.8,978.2291666666666,44
xlstm,electricity,NOR,Europe,False,rolling,2023-12-01,10,2024-10-01,12590.0,13000.146366357803,,,,0.8,978.2291666666666,44
xlstm,electricity,NOR,Europe,False,rolling,2023-12-01,11,2024-11-01,14310.0,14023.980022668839,,,,0.8,978.2291666666666,44
xlstm,electricity,NOR,Europe,False,rolling,2023-12-01,12,2024-12-01,15470.0,14572.669694423676,,,,0.8,978.2291666666666,44
xlstm,electricity,NOR,Europe,False,rolling,2024-12-01,1,2025-01-01,16850.0,14578.988673686981,,,,0.8,940.7407407407408,44
xlstm,electricity,NOR,Europe,False,rolling,2024-12-01,2,2025-02-01,15390.0,14214.098856449127,,,,0.8,940.7407407407408,44
xlstm,electricity,NOR,Europe,False,rolling,2024-12-01,3,2025-03-01,14730.0,13739.317862987518,,,,0.8,940.7407407407408,44
xlstm,electricity,NOR,Europe,False,rolling,2024-12-01,4,2025-04-01,12580.0,11743.179194927216,,,,0.8,940.7407407407408,44
xlstm,electricity,NOR,Europe,False,rolling,2024-12-01,5,2025-05-01,11180.0,10686.719170212746,,,,0.8,940.7407407407408,44
xlstm,electricity,NOR,Europe,False,rolling,2024-12-01,6,2025-06-01,10410.0,10390.159705281258,,,,0.8,940.7407407407408,44
xlstm,electricity,NOR,Europe,False,rolling,2024-12-01,7,2025-07-01,11060.0,10278.791008591652,,,,0.8,940.7407407407408,44
xlstm,electricity,NOR,Europe,False,rolling,2024-12-01,8,2025-08-01,10830.0,10271.393349468708,,,,0.8,940.7407407407408,44
xlstm,electricity,NOR,Europe,False,rolling,2024-12-01,9,2025-09-01,11290.0,10601.478496789932,,,,0.8,940.7407407407408,44
xlstm,electricity,NOR,Europe,False,rolling,2024-12-01,10,2025-10-01,12790.0,11839.759908914566,,,,0.8,940.7407407407408,44
xlstm,electricity,NOR,Europe,False,rolling,2024-12-01,11,2025-11-01,14420.0,13640.217034816742,,,,0.8,940.7407407407408,44
xlstm,electricity,NOR,Europe,False,rolling,2024-12-01,12,2025-12-01,15390.0,14513.045449256897,,,,0.8,940.7407407407408,44
xlstm,electricity,POL,Europe,True,holdout,last12,1,2025-05-01,12260.0,12257.814819812775,,,,0.8,701.6071428571429,44
xlstm,electricity,POL,Europe,True,holdout,last12,2,2025-06-01,11980.0,11891.160684227943,,,,0.8,701.6071428571429,44
xlstm,electricity,POL,Europe,True,holdout,last12,3,2025-07-01,12420.0,11881.668314933777,,,,0.8,701.6071428571429,44
xlstm,electricity,POL,Europe,True,holdout,last12,4,2025-08-01,11690.0,12077.60759294033,,,,0.8,701.6071428571429,44
xlstm,electricity,POL,Europe,True,holdout,last12,5,2025-09-01,12320.0,12467.107719779015,,,,0.8,701.6071428571429,44
xlstm,electricity,POL,Europe,True,holdout,last12,6,2025-10-01,14120.0,13054.075927138329,,,,0.8,701.6071428571429,44
xlstm,electricity,POL,Europe,True,holdout,last12,7,2025-11-01,13640.0,13702.565709352493,,,,0.8,701.6071428571429,44
xlstm,electricity,POL,Europe,True,holdout,last12,8,2025-12-01,14280.0,14196.968947649002,,,,0.8,701.6071428571429,44
xlstm,electricity,POL,Europe,True,holdout,last12,9,2026-01-01,16079.999999999998,14354.351202249527,,,,0.8,701.6071428571429,44
xlstm,electricity,POL,Europe,True,holdout,last12,10,2026-02-01,13900.0,14114.413611888885,,,,0.8,701.6071428571429,44
xlstm,electricity,POL,Europe,True,holdout,last12,11,2026-03-01,14560.0,13542.138329744339,,,,0.8,701.6071428571429,44
xlstm,electricity,POL,Europe,True,holdout,last12,12,2026-04-01,13750.0,12828.590857386589,,,,0.8,701.6071428571429,44
xlstm,electricity,POL,Europe,True,rolling,2022-12-01,1,2023-01-01,14000.0,12696.320929527283,,,,0.8,693.3333333333334,44
xlstm,electricity,POL,Europe,True,rolling,2022-12-01,2,2023-02-01,12840.0,12699.778518676758,,,,0.8,693.3333333333334,44
xlstm,electricity,POL,Europe,True,rolling,2022-12-01,3,2023-03-01,13560.0,12695.520350933075,,,,0.8,693.3333333333334,44
xlstm,electricity,POL,Europe,True,rolling,2022-12-01,4,2023-04-01,11870.0,12683.772175312042,,,,0.8,693.3333333333334,44
xlstm,electricity,POL,Europe,True,rolling,2022-12-01,5,2023-05-01,11800.0,12672.481341362,,,,0.8,693.3333333333334,44
xlstm,electricity,POL,Europe,True,rolling,2022-12-01,6,2023-06-01,10980.0,12662.180850505829,,,,0.8,693.3333333333334,44
xlstm,electricity,POL,Europe,True,rolling,2022-12-01,7,2023-07-01,11530.0,12653.67220401764,,,,0.8,693.3333333333334,44
xlstm,electricity,POL,Europe,True,rolling,2022-12-01,8,2023-08-01,11850.0,12646.127758026123,,,,0.8,693.3333333333334,44
xlstm,electricity,POL,Europe,True,rolling,2022-12-01,9,2023-09-01,11890.0,12639.722821712494,,,,0.8,693.3333333333334,44
xlstm,electricity,POL,Europe,True,rolling,2022-12-01,10,2023-10-01,13310.0,12635.132489204407,,,,0.8,693.3333333333334,44
xlstm,electricity,POL,Europe,True,rolling,2022-12-01,11,2023-11-01,13580.0,12630.46618938446,,,,0.8,693.3333333333334,44
xlstm,electricity,POL,Europe,True,rolling,2022-12-01,12,2023-12-01,14430.0,12626.21817111969,,,,0.8,693.3333333333334,44
xlstm,electricity,POL,Europe,True,rolling,2023-12-01,1,2024-01-01,14610.0,14436.448166370392,,,,0.8,712.2916666666666,44
xlstm,electricity,POL,Europe,True,rolling,2023-12-01,2,2024-02-01,12720.0,14110.657274723053,,,,0.8,712.2916666666666,44
xlstm,electricity,POL,Europe,True,rolling,2023-12-01,3,2024-03-01,13130.0,13280.494179725647,,,,0.8,712.2916666666666,44
xlstm,electricity,POL,Europe,True,rolling,2023-12-01,4,2024-04-01,12370.0,12423.304867744446,,,,0.8,712.2916666666666,44
xlstm,electricity,POL,Europe,True,rolling,2023-12-01,5,2024-05-01,12120.0,11989.626553058624,,,,0.8,712.2916666666666,44
xlstm,electricity,POL,Europe,True,rolling,2023-12-01,6,2024-06-01,12470.0,11884.240822792053,,,,0.8,712.2916666666666,44
xlstm,electricity,POL,Europe,True,rolling,2023-12-01,7,2024-07-01,12640.0,11922.282453775406,,,,0.8,712.2916666666666,44
xlstm,electricity,POL,Europe,True,rolling,2023-12-01,8,2024-08-01,12790.0,12104.397783279419,,,,0.8,712.2916666666666,44
xlstm,electricity,POL,Europe,True,rolling,2023-12-01,9,2024-09-01,12630.0,12451.11074924469,,,,0.8,712.2916666666666,44
xlstm,electricity,POL,Europe,True,rolling,2023-12-01,10,2024-10-01,13280.0,12957.993564605713,,,,0.8,712.2916666666666,44
xlstm,electricity,POL,Europe,True,rolling,2023-12-01,11,2024-11-01,14070.0,13524.855494499207,,,,0.8,712.2916666666666,44
xlstm,electricity,POL,Europe,True,rolling,2023-12-01,12,2024-12-01,14710.0,13958.479063510895,,,,0.8,712.2916666666666,44
xlstm,electricity,POL,Europe,True,rolling,2024-12-01,1,2025-01-01,15710.0,14017.537343502045,,,,0.8,698.5185185185185,44
xlstm,electricity,POL,Europe,True,rolling,2024-12-01,2,2025-02-01,13900.0,13691.641266345978,,,,0.8,698.5185185185185,44
xlstm,electricity,POL,Europe,True,rolling,2024-12-01,3,2025-03-01,13850.0,13163.899734020233,,,,0.8,698.5185185185185,44
xlstm,electricity,POL,Europe,True,rolling,2024-12-01,4,2025-04-01,12510.0,12636.779472827911,,,,0.8,698.5185185185185,44
xlstm,electricity,POL,Europe,True,rolling,2024-12-01,5,2025-05-01,12260.0,12333.788924217224,,,,0.8,698.5185185185185,44
xlstm,electricity,POL,Europe,True,rolling,2024-12-01,6,2025-06-01,11980.0,12215.131673812866,,,,0.8,698.5185185185185,44
xlstm,electricity,POL,Europe,True,rolling,2024-12-01,7,2025-07-01,12420.0,12235.064327716827,,,,0.8,698.5185185185185,44
xlstm,electricity,POL,Europe,True,rolling,2024-12-01,8,2025-08-01,11690.0,12364.140479564667,,,,0.8,698.5185185185185,44
xlstm,electricity,POL,Europe,True,rolling,2024-12-01,9,2025-09-01,12320.0,12625.14447927475,,,,0.8,698.5185185185185,44
xlstm,electricity,POL,Europe,True,rolling,2024-12-01,10,2025-10-01,14120.0,13045.73457956314,,,,0.8,698.5185185185185,44
xlstm,electricity,POL,Europe,True,rolling,2024-12-01,11,2025-11-01,13640.0,13529.809362888336,,,,0.8,698.5185185185185,44
xlstm,electricity,POL,Europe,True,rolling,2024-12-01,12,2025-12-01,14280.0,13905.758364200592,,,,0.8,698.5185185185185,44
xlstm,electricity,PRT,Europe,True,holdout,last12,1,2025-05-01,4010.0,3939.5177745819087,,,,0.8,454.73214285714283,44
xlstm,electricity,PRT,Europe,True,holdout,last12,2,2025-06-01,3230.0,3564.716635346412,,,,0.8,454.73214285714283,44
xlstm,electricity,PRT,Europe,True,holdout,last12,3,2025-07-01,3510.0,3153.439121842384,,,,0.8,454.73214285714283,44
xlstm,electricity,PRT,Europe,True,holdout,last12,4,2025-08-01,3330.0,3012.4595020711417,,,,0.8,454.73214285714283,44
xlstm,electricity,PRT,Europe,True,holdout,last12,5,2025-09-01,3400.0,3096.087338775396,,,,0.8,454.73214285714283,44
xlstm,electricity,PRT,Europe,True,holdout,last12,6,2025-10-01,3190.0,3309.2402178049083,,,,0.8,454.73214285714283,44
xlstm,electricity,PRT,Europe,True,holdout,last12,7,2025-11-01,3730.0,3470.032480061054,,,,0.8,454.73214285714283,44
xlstm,electricity,PRT,Europe,True,holdout,last12,8,2025-12-01,4140.0,3670.856561660766,,,,0.8,454.73214285714283,44
xlstm,electricity,PRT,Europe,True,holdout,last12,9,2026-01-01,4720.0,3902.5716060400005,,,,0.8,454.73214285714283,44
xlstm,electricity,PRT,Europe,True,holdout,last12,10,2026-02-01,4410.0,4094.6547609567638,,,,0.8,454.73214285714283,44
xlstm,electricity,PRT,Europe,True,holdout,last12,11,2026-03-01,4230.0,4262.972564101218,,,,0.8,454.73214285714283,44
xlstm,electricity,PRT,Europe,True,holdout,last12,12,2026-04-01,3060.0,4230.829373598098,,,,0.8,454.73214285714283,44
xlstm,electricity,PRT,Europe,True,rolling,2022-12-01,1,2023-01-01,4710.0,3701.990026235581,,,,0.8,459.64285714285717,44
xlstm,electricity,PRT,Europe,True,rolling,2022-12-01,2,2023-02-01,4110.0,3728.4609079360966,,,,0.8,459.64285714285717,44
xlstm,electricity,PRT,Europe,True,rolling,2022-12-01,3,2023-03-01,3250.0,3763.1400853395467,,,,0.8,459.64285714285717,44
xlstm,electricity,PRT,Europe,True,rolling,2022-12-01,4,2023-04-01,2530.0,3778.634379804135,,,,0.8,459.64285714285717,44
xlstm,electricity,PRT,Europe,True,rolling,2022-12-01,5,2023-05-01,2850.0,3799.1939887404446,,,,0.8,459.64285714285717,44
xlstm,electricity,PRT,Europe,True,rolling,2022-12-01,6,2023-06-01,3030.0,3819.076074659825,,,,0.8,459.64285714285717,44
xlstm,electricity,PRT,Europe,True,rolling,2022-12-01,7,2023-07-01,3270.0,3838.1888210773473,,,,0.8,459.64285714285717,44
xlstm,electricity,PRT,Europe,True,rolling,2022-12-01,8,2023-08-01,3110.0,3854.8793911933903,,,,0.8,459.64285714285717,44
xlstm,electricity,PRT,Europe,True,rolling,2022-12-01,9,2023-09-01,2850.0,3872.22675383091,,,,0.8,459.64285714285717,44
xlstm,electricity,PRT,Europe,True,rolling,2022-12-01,10,2023-10-01,3450.0,3885.5508595705037,,,,0.8,459.64285714285717,44
xlstm,electricity,PRT,Europe,True,rolling,2022-12-01,11,2023-11-01,4140.0,3897.5277632474904,,,,0.8,459.64285714285717,44
xlstm,electricity,PRT,Europe,True,rolling,2022-12-01,12,2023-12-01,3790.0,3898.8234192132954,,,,0.8,459.64285714285717,44
xlstm,electricity,PRT,Europe,True,rolling,2023-12-01,1,2024-01-01,4340.0,4043.5103654861446,,,,0.8,463.5416666666667,44
xlstm,electricity,PRT,Europe,True,rolling,2023-12-01,2,2024-02-01,4070.0000000000005,3594.678751826286,,,,0.8,463.5416666666667,44
xlstm,electricity,PRT,Europe,True,rolling,2023-12-01,3,2024-03-01,4850.0,3163.5916991531844,,,,0.8,463.5416666666667,44
xlstm,electricity,PRT,Europe,True,rolling,2023-12-01,4,2024-04-01,3860.0,3140.338871926069,,,,0.8,463.5416666666667,44
xlstm,electricity,PRT,Europe,True,rolling,2023-12-01,5,2024-05-01,3130.0,3146.9135250151153,,,,0.8,463.5416666666667,44
xlstm,electricity,PRT,Europe,True,rolling,2023-12-01,6,2024-06-01,2540.0,3161.3411983847614,,,,0.8,463.5416666666667,44
xlstm,electricity,PRT,Europe,True,rolling,2023-12-01,7,2024-07-01,2900.0,3217.0273363590236,,,,0.8,463.5416666666667,44
xlstm,electricity,PRT,Europe,True,rolling,2023-12-01,8,2024-08-01,2880.0,3241.655091643333,,,,0.8,463.5416666666667,44
xlstm,electricity,PRT,Europe,True,rolling,2023-12-01,9,2024-09-01,2840.0,3442.0619761943813,,,,0.8,463.5416666666667,44
xlstm,electricity,PRT,Europe,True,rolling,2023-12-01,10,2024-10-01,3440.0,3763.988502025604,,,,0.8,463.5416666666667,44
xlstm,electricity,PRT,Europe,True,rolling,2023-12-01,11,2024-11-01,3470.0,3905.211015939712,,,,0.8,463.5416666666667,44
xlstm,electricity,PRT,Europe,True,rolling,2023-12-01,12,2024-12-01,3330.0,3911.6958320140834,,,,0.8,463.5416666666667,44
xlstm,electricity,PRT,Europe,True,rolling,2024-12-01,1,2025-01-01,4420.0,3771.8246132135387,,,,0.8,466.2962962962963,44
xlstm,electricity,PRT,Europe,True,rolling,2024-12-01,2,2025-02-01,3970.0,3865.507670640945,,,,0.8,466.2962962962963,44
xlstm,electricity,PRT,Europe,True,rolling,2024-12-01,3,2025-03-01,4590.0,3878.406483530998,,,,0.8,466.2962962962963,44
xlstm,electricity,PRT,Europe,True,rolling,2024-12-01,4,2025-04-01,3990.0,3740.788431167602,,,,0.8,466.2962962962963,44
xlstm,electricity,PRT,Europe,True,rolling,2024-12-01,5,2025-05-01,4010.0,3746.35824650526,,,,0.8,466.2962962962963,44
xlstm,electricity,PRT,Europe,True,rolling,2024-12-01,6,2025-06-01,3230.0,3637.783967852592,,,,0.8,466.2962962962963,44
xlstm,electricity,PRT,Europe,True,rolling,2024-12-01,7,2025-07-01,3510.0,3358.0207619071,,,,0.8,466.2962962962963,44
xlstm,electricity,PRT,Europe,True,rolling,2024-12-01,8,2025-08-01,3330.0,3211.4091411232944,,,,0.8,466.2962962962963,44
xlstm,electricity,PRT,Europe,True,rolling,2024-12-01,9,2025-09-01,3400.0,3209.7093197703357,,,,0.8,466.2962962962963,44
xlstm,electricity,PRT,Europe,True,rolling,2024-12-01,10,2025-10-01,3190.0,3358.1936722993846,,,,0.8,466.2962962962963,44
xlstm,electricity,PRT,Europe,True,rolling,2024-12-01,11,2025-11-01,3730.0,3454.6031120419498,,,,0.8,466.2962962962963,44
xlstm,electricity,PRT,Europe,True,rolling,2024-12-01,12,2025-12-01,4140.0,3568.297623097896,,,,0.8,466.2962962962963,44
xlstm,electricity,ROU,Europe,False,holdout,last12,1,2025-05-01,3920.0,4481.879082322121,,,,0.8,357.4107142857143,44
xlstm,electricity,ROU,Europe,False,holdout,last12,2,2025-06-01,3940.0,4468.300529718399,,,,0.8,357.4107142857143,44
xlstm,electricity,ROU,Europe,False,holdout,last12,3,2025-07-01,4230.0,4473.993416428566,,,,0.8,357.4107142857143,44
xlstm,electricity,ROU,Europe,False,holdout,last12,4,2025-08-01,4110.0,4497.850850820541,,,,0.8,357.4107142857143,44
xlstm,electricity,ROU,Europe,False,holdout,last12,5,2025-09-01,3850.0,4507.030024528503,,,,0.8,357.4107142857143,44
xlstm,electricity,ROU,Europe,False,holdout,last12,6,2025-10-01,4430.0,4511.269881725311,,,,0.8,357.4107142857143,44
xlstm,electricity,ROU,Europe,False,holdout,last12,7,2025-11-01,4480.0,4516.9824451208115,,,,0.8,357.4107142857143,44
xlstm,electricity,ROU,Europe,False,holdout,last12,8,2025-12-01,4720.0,4518.238395452499,,,,0.8,357.4107142857143,44
xlstm,electricity,ROU,Europe,False,holdout,last12,9,2026-01-01,4680.0,4520.278367996216,,,,0.8,357.4107142857143,44
xlstm,electricity,ROU,Europe,False,holdout,last12,10,2026-02-01,4420.0,4519.611859321594,,,,0.8,357.4107142857143,44
xlstm,electricity,ROU,Europe,False,holdout,last12,11,2026-03-01,4540.0,4511.4331513643265,,,,0.8,357.4107142857143,44
xlstm,electricity,ROU,Europe,False,holdout,last12,12,2026-04-01,3750.0,4512.687305808067,,,,0.8,357.4107142857143,44
xlstm,electricity,ROU,Europe,False,rolling,2022-12-01,1,2023-01-01,5520.0,4685.469910502434,,,,0.8,363.8095238095238,44
xlstm,electricity,ROU,Europe,False,rolling,2022-12-01,2,2023-02-01,5020.0,4649.038424789906,,,,0.8,363.8095238095238,44
xlstm,electricity,ROU,Europe,False,rolling,2022-12-01,3,2023-03-01,4940.0,4655.0505846738815,,,,0.8,363.8095238095238,44
xlstm,electricity,ROU,Europe,False,rolling,2022-12-01,4,2023-04-01,5140.0,4650.177490711212,,,,0.8,363.8095238095238,44
xlstm,electricity,ROU,Europe,False,rolling,2022-12-01,5,2023-05-01,4560.0,4646.44172847271,,,,0.8,363.8095238095238,44
xlstm,electricity,ROU,Europe,False,rolling,2022-12-01,6,2023-06-01,4490.0,4640.668058395386,,,,0.8,363.8095238095238,44
xlstm,electricity,ROU,Europe,False,rolling,2022-12-01,7,2023-07-01,4660.0,4640.3949600458145,,,,0.8,363.8095238095238,44
xlstm,electricity,ROU,Europe,False,rolling,2022-12-01,8,2023-08-01,4380.0,4635.503393113613,,,,0.8,363.8095238095238,44
xlstm,electricity,ROU,Europe,False,rolling,2022-12-01,9,2023-09-01,4210.0,4639.504638314247,,,,0.8,363.8095238095238,44
xlstm,electricity,ROU,Europe,False,rolling,2022-12-01,10,2023-10-01,4350.0,4646.560860276222,,,,0.8,363.8095238095238,44
xlstm,electricity,ROU,Europe,False,rolling,2022-12-01,11,2023-11-01,4680.0,4659.934008419514,,,,0.8,363.8095238095238,44
xlstm,electricity,ROU,Europe,False,rolling,2022-12-01,12,2023-12-01,5320.0,4665.36739885807,,,,0.8,363.8095238095238,44
xlstm,electricity,ROU,Europe,False,rolling,2023-12-01,1,2024-01-01,5480.0,5074.903180599213,,,,0.8,340.9375,44
xlstm,electricity,ROU,Europe,False,rolling,2023-12-01,2,2024-02-01,5040.0,4856.034683585167,,,,0.8,340.9375,44
xlstm,electricity,ROU,Europe,False,rolling,2023-12-01,3,2024-03-01,4990.0,4879.343801140785,,,,0.8,340.9375,44
xlstm,electricity,ROU,Europe,False,rolling,2023-12-01,4,2024-04-01,4150.0,4831.18801176548,,,,0.8,340.9375,44
xlstm,electricity,ROU,Europe,False,rolling,2023-12-01,5,2024-05-01,3810.0,4731.938778460026,,,,0.8,340.9375,44
xlstm,electricity,ROU,Europe,False,rolling,2023-12-01,6,2024-06-01,4150.0,4617.087652087212,,,,0.8,340.9375,44
xlstm,electricity,ROU,Europe,False,rolling,2023-12-01,7,2024-07-01,4510.0,4508.50681707263,,,,0.8,340.9375,44
xlstm,electricity,ROU,Europe,False,rolling,2023-12-01,8,2024-08-01,4130.0,4423.990681767464,,,,0.8,340.9375,44
xlstm,electricity,ROU,Europe,False,rolling,2023-12-01,9,2024-09-01,4110.0,4372.131853699684,,,,0.8,340.9375,44
xlstm,electricity,ROU,Europe,False,rolling,2023-12-01,10,2024-10-01,4260.0,4379.170959889889,,,,0.8,340.9375,44
xlstm,electricity,ROU,Europe,False,rolling,2023-12-01,11,2024-11-01,4240.0,4492.436879277229,,,,0.8,340.9375,44
xlstm,electricity,ROU,Europe,False,rolling,2023-12-01,12,2024-12-01,4310.0,4744.511481523514,,,,0.8,340.9375,44
xlstm,electricity,ROU,Europe,False,rolling,2024-12-01,1,2025-01-01,4270.0,4792.95935690403,,,,0.8,342.22222222222223,44
xlstm,electricity,ROU,Europe,False,rolling,2024-12-01,2,2025-02-01,4140.0,4673.751516342163,,,,0.8,342.22222222222223,44
xlstm,electricity,ROU,Europe,False,rolling,2024-12-01,3,2025-03-01,4360.0,4866.010612845421,,,,0.8,342.22222222222223,44
xlstm,electricity,ROU,Europe,False,rolling,2024-12-01,4,2025-04-01,3820.0,5071.276076436043,,,,0.8,342.22222222222223,44
xlstm,electricity,ROU,Europe,False,rolling,2024-12-01,5,2025-05-01,3920.0,5090.0473219156265,,,,0.8,342.22222222222223,44
xlstm,electricity,ROU,Europe,False,rolling,2024-12-01,6,2025-06-01,3940.0,5002.981581091881,,,,0.8,342.22222222222223,44
xlstm,electricity,ROU,Europe,False,rolling,2024-12-01,7,2025-07-01,4230.0,4937.344999909401,,,,0.8,342.22222222222223,44
xlstm,electricity,ROU,Europe,False,rolling,2024-12-01,8,2025-08-01,4110.0,4941.470232605934,,,,0.8,342.22222222222223,44
xlstm,electricity,ROU,Europe,False,rolling,2024-12-01,9,2025-09-01,3850.0,4819.167140126228,,,,0.8,342.22222222222223,44
xlstm,electricity,ROU,Europe,False,rolling,2024-12-01,10,2025-10-01,4430.0,4653.704253435135,,,,0.8,342.22222222222223,44
xlstm,electricity,ROU,Europe,False,rolling,2024-12-01,11,2025-11-01,4480.0,4512.374977469444,,,,0.8,342.22222222222223,44
xlstm,electricity,ROU,Europe,False,rolling,2024-12-01,12,2025-12-01,4720.0,4384.220062196255,,,,0.8,342.22222222222223,44
xlstm,electricity,SRB,Europe,False,holdout,last12,1,2025-05-01,2290.0,2712.43971824646,,,,0.8,246.47727272727272,44
xlstm,electricity,SRB,Europe,False,holdout,last12,2,2025-06-01,2310.0,2638.0241882801056,,,,0.8,246.47727272727272,44
xlstm,electricity,SRB,Europe,False,holdout,last12,3,2025-07-01,2690.0,2553.952958583832,,,,0.8,246.47727272727272,44
xlstm,electricity,SRB,Europe,False,holdout,last12,4,2025-08-01,2570.0,2491.026350259781,,,,0.8,246.47727272727272,44
xlstm,electricity,SRB,Europe,False,holdout,last12,5,2025-09-01,2410.0,2481.1085814237595,,,,0.8,246.47727272727272,44
xlstm,electricity,SRB,Europe,False,holdout,last12,6,2025-10-01,2510.0,3004.474858045578,,,,0.8,246.47727272727272,44
xlstm,electricity,SRB,Europe,False,holdout,last12,7,2025-11-01,2940.0,3111.309942007065,,,,0.8,246.47727272727272,44
xlstm,electricity,SRB,Europe,False,holdout,last12,8,2025-12-01,3230.0,3175.5168294906616,,,,0.8,246.47727272727272,44
xlstm,electricity,SRB,Europe,False,holdout,last12,9,2026-01-01,3300.0,3217.3689568042755,,,,0.8,246.47727272727272,44
xlstm,electricity,SRB,Europe,False,holdout,last12,10,2026-02-01,3190.0,3293.6547803878784,,,,0.8,246.47727272727272,44
xlstm,electricity,SRB,Europe,False,holdout,last12,11,2026-03-01,3050.0,3170.6149232387543,,,,0.8,246.47727272727272,44
xlstm,electricity,SRB,Europe,False,holdout,last12,12,2026-04-01,2430.0,2531.990540623665,,,,0.8,246.47727272727272,44
xlstm,electricity,SRB,Europe,False,rolling,2022-12-01,1,2023-01-01,3310.0,3427.877848148346,,,,0.8,248.83333333333334,44
xlstm,electricity,SRB,Europe,False,rolling,2022-12-01,2,2023-02-01,3270.0,3010.858588218689,,,,0.8,248.83333333333334,44
xlstm,electricity,SRB,Europe,False,rolling,2022-12-01,3,2023-03-01,3470.0,2977.226197719574,,,,0.8,248.83333333333334,44
xlstm,electricity,SRB,Europe,False,rolling,2022-12-01,4,2023-04-01,3070.0,2706.5467965602875,,,,0.8,248.83333333333334,44
xlstm,electricity,SRB,Europe,False,rolling,2022-12-01,5,2023-05-01,2660.0,2645.0965297222137,,,,0.8,248.83333333333334,44
xlstm,electricity,SRB,Europe,False,rolling,2022-12-01,6,2023-06-01,2570.0,2610.9736788272858,,,,0.8,248.83333333333334,44
xlstm,electricity,SRB,Europe,False,rolling,2022-12-01,7,2023-07-01,2730.0,2558.6095693707466,,,,0.8,248.83333333333334,44
xlstm,electricity,SRB,Europe,False,rolling,2022-12-01,8,2023-08-01,2740.0,2488.538978099823,,,,0.8,248.83333333333334,44
xlstm,electricity,SRB,Europe,False,rolling,2022-12-01,9,2023-09-01,2480.0,2494.547117948532,,,,0.8,248.83333333333334,44
xlstm,electricity,SRB,Europe,False,rolling,2022-12-01,10,2023-10-01,2550.0,2842.3731285333633,,,,0.8,248.83333333333334,44
xlstm,electricity,SRB,Europe,False,rolling,2022-12-01,11,2023-11-01,3200.0,3086.4578890800476,,,,0.8,248.83333333333334,44
xlstm,electricity,SRB,Europe,False,rolling,2022-12-01,12,2023-12-01,3350.0,3177.734866142273,,,,0.8,248.83333333333334,44
xlstm,electricity,SRB,Europe,False,rolling,2023-12-01,1,2024-01-01,3410.0,3177.5555992126465,,,,0.8,257.77777777777777,44
xlstm,electricity,SRB,Europe,False,rolling,2023-12-01,2,2024-02-01,3110.0,3209.7394955158234,,,,0.8,257.77777777777777,44
xlstm,electricity,SRB,Europe,False,rolling,2023-12-01,3,2024-03-01,3170.0,3415.015881061554,,,,0.8,257.77777777777777,44
xlstm,electricity,SRB,Europe,False,rolling,2023-12-01,4,2024-04-01,2630.0,2776.561627984047,,,,0.8,257.77777777777777,44
xlstm,electricity,SRB,Europe,False,rolling,2023-12-01,5,2024-05-01,2350.0,2594.1510438919067,,,,0.8,257.77777777777777,44
xlstm,electricity,SRB,Europe,False,rolling,2023-12-01,6,2024-06-01,2360.0,2561.2445321679115,,,,0.8,257.77777777777777,44
xlstm,electricity,SRB,Europe,False,rolling,2023-12-01,7,2024-07-01,2680.0,2519.028497338295,,,,0.8,257.77777777777777,44
xlstm,electricity,SRB,Europe,False,rolling,2023-12-01,8,2024-08-01,2310.0,2479.0292155742645,,,,0.8,257.77777777777777,44
xlstm,electricity,SRB,Europe,False,rolling,2023-12-01,9,2024-09-01,2350.0,2478.8655257225037,,,,0.8,257.77777777777777,44
xlstm,electricity,SRB,Europe,False,rolling,2023-12-01,10,2024-10-01,3050.0,2755.438370704651,,,,0.8,257.77777777777777,44
xlstm,electricity,SRB,Europe,False,rolling,2023-12-01,11,2024-11-01,3100.0,3114.9976193904877,,,,0.8,257.77777777777777,44
xlstm,electricity,SRB,Europe,False,rolling,2023-12-01,12,2024-12-01,3170.0,3164.6187925338745,,,,0.8,257.77777777777777,44
xlstm,electricity,SRB,Europe,False,rolling,2024-12-01,1,2025-01-01,3410.0,3222.016930580139,,,,0.8,255.5952380952381,44
xlstm,electricity,SRB,Europe,False,rolling,2024-12-01,2,2025-02-01,3210.0,3563.483794927597,,,,0.8,255.5952380952381,44
xlstm,electricity,SRB,Europe,False,rolling,2024-12-01,3,2025-03-01,3100.0,3353.060882091522,,,,0.8,255.5952380952381,44
xlstm,electricity,SRB,Europe,False,rolling,2024-12-01,4,2025-04-01,2680.0,2827.3275423049927,,,,0.8,255.5952380952381,44
xlstm,electricity,SRB,Europe,False,rolling,2024-12-01,5,2025-05-01,2290.0,2732.089810371399,,,,0.8,255.5952380952381,44
xlstm,electricity,SRB,Europe,False,rolling,2024-12-01,6,2025-06-01,2310.0,2646.493854522705,,,,0.8,255.5952380952381,44
xlstm,electricity,SRB,Europe,False,rolling,2024-12-01,7,2025-07-01,2690.0,2574.071516096592,,,,0.8,255.5952380952381,44
xlstm,electricity,SRB,Europe,False,rolling,2024-12-01,8,2025-08-01,2570.0,2521.418447494507,,,,0.8,255.5952380952381,44
xlstm,electricity,SRB,Europe,False,rolling,2024-12-01,9,2025-09-01,2410.0,2454.278674721718,,,,0.8,255.5952380952381,44
xlstm,electricity,SRB,Europe,False,rolling,2024-12-01,10,2025-10-01,2510.0,2891.6343319416046,,,,0.8,255.5952380952381,44
xlstm,electricity,SRB,Europe,False,rolling,2024-12-01,11,2025-11-01,2940.0,3048.7822461128235,,,,0.8,255.5952380952381,44
xlstm,electricity,SRB,Europe,False,rolling,2024-12-01,12,2025-12-01,3230.0,3156.0210287570953,,,,0.8,255.5952380952381,44
xlstm,electricity,SVK,Europe,False,holdout,last12,1,2025-05-01,2150.0,2148.254697918892,,,,0.8,182.76785714285714,44
xlstm,electricity,SVK,Europe,False,holdout,last12,2,2025-06-01,2230.0,2151.804401278496,,,,0.8,182.76785714285714,44
xlstm,electricity,SVK,Europe,False,holdout,last12,3,2025-07-01,2100.0,2159.621329307556,,,,0.8,182.76785714285714,44
xlstm,electricity,SVK,Europe,False,holdout,last12,4,2025-08-01,2090.0,2185.168812274933,,,,0.8,182.76785714285714,44
xlstm,electricity,SVK,Europe,False,holdout,last12,5,2025-09-01,2220.0,2245.335763692856,,,,0.8,182.76785714285714,44
xlstm,electricity,SVK,Europe,False,holdout,last12,6,2025-10-01,2570.0,2354.117698073387,,,,0.8,182.76785714285714,44
xlstm,electricity,SVK,Europe,False,holdout,last12,7,2025-11-01,2680.0,2490.4996061325073,,,,0.8,182.76785714285714,44
xlstm,electricity,SVK,Europe,False,holdout,last12,8,2025-12-01,2740.0,2619.75945353508,,,,0.8,182.76785714285714,44
xlstm,electricity,SVK,Europe,False,holdout,last12,9,2026-01-01,2770.0,2624.769932627678,,,,0.8,182.76785714285714,44
xlstm,electricity,SVK,Europe,False,holdout,last12,10,2026-02-01,2600.0,2506.431702375412,,,,0.8,182.76785714285714,44
xlstm,electricity,SVK,Europe,False,holdout,last12,11,2026-03-01,2590.0,2313.3041739463806,,,,0.8,182.76785714285714,44
xlstm,electricity,SVK,Europe,False,holdout,last12,12,2026-04-01,2190.0,2172.2311413288116,,,,0.8,182.76785714285714,44
xlstm,electricity,SVK,Europe,False,rolling,2022-12-01,1,2023-01-01,2380.0,2578.552047610283,,,,0.8,149.88095238095238,44
xlstm,electricity,SVK,Europe,False,rolling,2022-12-01,2,2023-02-01,2420.0,2539.751527905464,,,,0.8,149.88095238095238,44
xlstm,electricity,SVK,Europe,False,rolling,2022-12-01,3,2023-03-01,2560.0,2461.1578625440598,,,,0.8,149.88095238095238,44
xlstm,electricity,SVK,Europe,False,rolling,2022-12-01,4,2023-04-01,2200.0,2317.141709923744,,,,0.8,149.88095238095238,44
xlstm,electricity,SVK,Europe,False,rolling,2022-12-01,5,2023-05-01,2310.0,2207.92711943388,,,,0.8,149.88095238095238,44
xlstm,electricity,SVK,Europe,False,rolling,2022-12-01,6,2023-06-01,2130.0,2114.250352680683,,,,0.8,149.88095238095238,44
xlstm,electricity,SVK,Europe,False,rolling,2022-12-01,7,2023-07-01,2230.0,2071.910552382469,,,,0.8,149.88095238095238,44
xlstm,electricity,SVK,Europe,False,rolling,2022-12-01,8,2023-08-01,2540.0,2059.2651319503784,,,,0.8,149.88095238095238,44
xlstm,electricity,SVK,Europe,False,rolling,2022-12-01,9,2023-09-01,2150.0,2090.089989900589,,,,0.8,149.88095238095238,44
xlstm,electricity,SVK,Europe,False,rolling,2022-12-01,10,2023-10-01,2470.0,2195.42781829834,,,,0.8,149.88095238095238,44
xlstm,electricity,SVK,Europe,False,rolling,2022-12-01,11,2023-11-01,2680.0,2284.8987501859665,,,,0.8,149.88095238095238,44
xlstm,electricity,SVK,Europe,False,rolling,2022-12-01,12,2023-12-01,2930.0,2402.542195916176,,,,0.8,149.88095238095238,44
xlstm,electricity,SVK,Europe,False,rolling,2023-12-01,1,2024-01-01,3000.0,2423.14826965332,,,,0.8,168.75,44
xlstm,electricity,SVK,Europe,False,rolling,2023-12-01,2,2024-02-01,2790.0,2404.890863895416,,,,0.8,168.75,44
xlstm,electricity,SVK,Europe,False,rolling,2023-12-01,3,2024-03-01,2770.0,2309.0675723552704,,,,0.8,168.75,44
xlstm,electricity,SVK,Europe,False,rolling,2023-12-01,4,2024-04-01,2290.0,2192.5558292865753,,,,0.8,168.75,44
xlstm,electricity,SVK,Europe,False,rolling,2023-12-01,5,2024-05-01,2029.9999999999998,2161.2162506580353,,,,0.8,168.75,44
xlstm,electricity,SVK,Europe,False,rolling,2023-12-01,6,2024-06-01,1940.0,2142.5403666496277,,,,0.8,168.75,44
xlstm,electricity,SVK,Europe,False,rolling,2023-12-01,7,2024-07-01,2090.0,2173.700246810913,,,,0.8,168.75,44
xlstm,electricity,SVK,Europe,False,rolling,2023-12-01,8,2024-08-01,2160.0,2221.581176519394,,,,0.8,168.75,44
xlstm,electricity,SVK,Europe,False,rolling,2023-12-01,9,2024-09-01,2270.0,2267.1647799015045,,,,0.8,168.75,44
xlstm,electricity,SVK,Europe,False,rolling,2023-12-01,10,2024-10-01,2470.0,2404.1829943656917,,,,0.8,168.75,44
xlstm,electricity,SVK,Europe,False,rolling,2023-12-01,11,2024-11-01,2420.0,2508.0079150199886,,,,0.8,168.75,44
xlstm,electricity,SVK,Europe,False,rolling,2023-12-01,12,2024-12-01,2570.0,2536.8069624900813,,,,0.8,168.75,44
xlstm,electricity,SVK,Europe,False,rolling,2024-12-01,1,2025-01-01,2680.0,2316.4001753926277,,,,0.8,177.96296296296296,44
xlstm,electricity,SVK,Europe,False,rolling,2024-12-01,2,2025-02-01,2420.0,2315.1990035176277,,,,0.8,177.96296296296296,44
xlstm,electricity,SVK,Europe,False,rolling,2024-12-01,3,2025-03-01,2400.0,2311.0193154215813,,,,0.8,177.96296296296296,44
xlstm,electricity,SVK,Europe,False,rolling,2024-12-01,4,2025-04-01,2100.0,2306.6822227835655,,,,0.8,177.96296296296296,44
xlstm,electricity,SVK,Europe,False,rolling,2024-12-01,5,2025-05-01,2150.0,2303.590216934681,,,,0.8,177.96296296296296,44
xlstm,electricity,SVK,Europe,False,rolling,2024-12-01,6,2025-06-01,2230.0,2302.1895584464073,,,,0.8,177.96296296296296,44
xlstm,electricity,SVK,Europe,False,rolling,2024-12-01,7,2025-07-01,2100.0,2302.159499824047,,,,0.8,177.96296296296296,44
xlstm,electricity,SVK,Europe,False,rolling,2024-12-01,8,2025-08-01,2090.0,2302.943883240223,,,,0.8,177.96296296296296,44
xlstm,electricity,SVK,Europe,False,rolling,2024-12-01,9,2025-09-01,2220.0,2304.0023133158684,,,,0.8,177.96296296296296,44
xlstm,electricity,SVK,Europe,False,rolling,2024-12-01,10,2025-10-01,2570.0,2305.0028988718987,,,,0.8,177.96296296296296,44
xlstm,electricity,SVK,Europe,False,rolling,2024-12-01,11,2025-11-01,2680.0,2305.7713732123375,,,,0.8,177.96296296296296,44
xlstm,electricity,SVK,Europe,False,rolling,2024-12-01,12,2025-12-01,2740.0,2306.22151941061,,,,0.8,177.96296296296296,44
xlstm,electricity,SVN,Europe,False,holdout,last12,1,2025-05-01,1240.0,1224.9556773900986,,,,0.8,180.6,44
xlstm,electricity,SVN,Europe,False,holdout,last12,2,2025-06-01,1140.0,1224.3663084506989,,,,0.8,180.6,44
xlstm,electricity,SVN,Europe,False,holdout,last12,3,2025-07-01,1090.0,1223.5028195381165,,,,0.8,180.6,44
xlstm,electricity,SVN,Europe,False,holdout,last12,4,2025-08-01,950.0,1222.7915298938751,,,,0.8,180.6,44
xlstm,electricity,SVN,Europe,False,holdout,last12,5,2025-09-01,980.0,1222.2741550207138,,,,0.8,180.6,44
xlstm,electricity,SVN,Europe,False,holdout,last12,6,2025-10-01,790.0,1221.7457097768784,,,,0.8,180.6,44
xlstm,electricity,SVN,Europe,False,holdout,last12,7,2025-11-01,1310.0,1221.109053492546,,,,0.8,180.6,44
xlstm,electricity,SVN,Europe,False,holdout,last12,8,2025-12-01,1250.0,1220.7822942733765,,,,0.8,180.6,44
xlstm,electricity,SVN,Europe,False,holdout,last12,9,2026-01-01,1200.0,1220.5916053056717,,,,0.8,180.6,44
xlstm,electricity,SVN,Europe,False,holdout,last12,10,2026-02-01,1160.0,1220.4362535476685,,,,0.8,180.6,44
xlstm,electricity,SVN,Europe,False,holdout,last12,11,2026-03-01,1260.0,1220.3988635540009,,,,0.8,180.6,44
xlstm,electricity,SVN,Europe,False,holdout,last12,12,2026-04-01,1040.0,1220.1263564825058,,,,0.8,180.6,44
xlstm,electricity,SVN,Europe,False,rolling,2022-12-01,1,2023-01-01,1130.0,1189.2147290706635,,,,0.8,174.30555555555554,44
xlstm,electricity,SVN,Europe,False,rolling,2022-12-01,2,2023-02-01,1020.0,1189.1349637508392,,,,0.8,174.30555555555554,44
xlstm,electricity,SVN,Europe,False,rolling,2022-12-01,3,2023-03-01,1150.0,1190.7929533720016,,,,0.8,174.30555555555554,44
xlstm,electricity,SVN,Europe,False,rolling,2022-12-01,4,2023-04-01,1130.0,1193.0049014091492,,,,0.8,174.30555555555554,44
xlstm,electricity,SVN,Europe,False,rolling,2022-12-01,5,2023-05-01,1250.0,1195.568168759346,,,,0.8,174.30555555555554,44
xlstm,electricity,SVN,Europe,False,rolling,2022-12-01,6,2023-06-01,1350.0,1197.9302632808685,,,,0.8,174.30555555555554,44
xlstm,electricity,SVN,Europe,False,rolling,2022-12-01,7,2023-07-01,1410.0,1200.0444108247757,,,,0.8,174.30555555555554,44
xlstm,electricity,SVN,Europe,False,rolling,2022-12-01,8,2023-08-01,1400.0,1201.8999075889587,,,,0.8,174.30555555555554,44
xlstm,electricity,SVN,Europe,False,rolling,2022-12-01,9,2023-09-01,1190.0,1203.4031319618225,,,,0.8,174.30555555555554,44
xlstm,electricity,SVN,Europe,False,rolling,2022-12-01,10,2023-10-01,850.0,1204.5797437429428,,,,0.8,174.30555555555554,44
xlstm,electricity,SVN,Europe,False,rolling,2022-12-01,11,2023-11-01,1060.0,1205.9565019607544,,,,0.8,174.30555555555554,44
xlstm,electricity,SVN,Europe,False,rolling,2022-12-01,12,2023-12-01,1320.0,1206.7523956298828,,,,0.8,174.30555555555554,44
xlstm,electricity,SVN,Europe,False,rolling,2023-12-01,1,2024-01-01,1360.0,1209.1848713159561,,,,0.8,177.85714285714286,44
xlstm,electricity,SVN,Europe,False,rolling,2023-12-01,2,2024-02-01,1280.0,1208.9237278699875,,,,0.8,177.85714285714286,44
xlstm,electricity,SVN,Europe,False,rolling,2023-12-01,3,2024-03-01,1380.0,1209.0617042779922,,,,0.8,177.85714285714286,44
xlstm,electricity,SVN,Europe,False,rolling,2023-12-01,4,2024-04-01,880.0,1209.216469526291,,,,0.8,177.85714285714286,44
xlstm,electricity,SVN,Europe,False,rolling,2023-12-01,5,2024-05-01,1290.0,1209.4456481933594,,,,0.8,177.85714285714286,44
xlstm,electricity,SVN,Europe,False,rolling,2023-12-01,6,2024-06-01,1510.0,1209.5768064260483,,,,0.8,177.85714285714286,44
xlstm,electricity,SVN,Europe,False,rolling,2023-12-01,7,2024-07-01,1390.0,1209.6314251422882,,,,0.8,177.85714285714286,44
xlstm,electricity,SVN,Europe,False,rolling,2023-12-01,8,2024-08-01,1230.0,1209.6499735116959,,,,0.8,177.85714285714286,44
xlstm,electricity,SVN,Europe,False,rolling,2023-12-01,9,2024-09-01,1290.0,1209.6907359361649,,,,0.8,177.85714285714286,44
xlstm,electricity,SVN,Europe,False,rolling,2023-12-01,10,2024-10-01,1510.0,1209.898653626442,,,,0.8,177.85714285714286,44
xlstm,electricity,SVN,Europe,False,rolling,2023-12-01,11,2024-11-01,1320.0,1210.3156620264053,,,,0.8,177.85714285714286,44
xlstm,electricity,SVN,Europe,False,rolling,2023-12-01,12,2024-12-01,1240.0,1210.43860912323,,,,0.8,177.85714285714286,44
xlstm,electricity,SVN,Europe,False,rolling,2024-12-01,1,2025-01-01,1240.0,1227.2841942310333,,,,0.8,181.25,44
xlstm,electricity,SVN,Europe,False,rolling,2024-12-01,2,2025-02-01,1140.0,1226.6928458213806,,,,0.8,181.25,44
xlstm,electricity,SVN,Europe,False,rolling,2024-12-01,3,2025-03-01,1410.0,1225.8157938718796,,,,0.8,181.25,44
xlstm,electricity,SVN,Europe,False,rolling,2024-12-01,4,2025-04-01,1250.0,1224.7185808420181,,,,0.8,181.25,44
xlstm,electricity,SVN,Europe,False,rolling,2024-12-01,5,2025-05-01,1240.0,1224.0923351049423,,,,0.8,181.25,44
xlstm,electricity,SVN,Europe,False,rolling,2024-12-01,6,2025-06-01,1140.0,1223.107585310936,,,,0.8,181.25,44
xlstm,electricity,SVN,Europe,False,rolling,2024-12-01,7,2025-07-01,1090.0,1222.1078795194626,,,,0.8,181.25,44
xlstm,electricity,SVN,Europe,False,rolling,2024-12-01,8,2025-08-01,950.0,1221.4348596334457,,,,0.8,181.25,44
xlstm,electricity,SVN,Europe,False,rolling,2024-12-01,9,2025-09-01,980.0,1221.0497426986694,,,,0.8,181.25,44
xlstm,electricity,SVN,Europe,False,rolling,2024-12-01,10,2025-10-01,790.0,1220.693291425705,,,,0.8,181.25,44
xlstm,electricity,SVN,Europe,False,rolling,2024-12-01,11,2025-11-01,1310.0,1220.2355939149857,,,,0.8,181.25,44
xlstm,electricity,SVN,Europe,False,rolling,2024-12-01,12,2025-12-01,1250.0,1220.0680720806122,,,,0.8,181.25,44
xlstm,electricity,SWE,Europe,True,holdout,last12,1,2025-05-01,11970.0,11082.04364091158,,,,0.8,790.4464285714286,44
xlstm,electricity,SWE,Europe,True,holdout,last12,2,2025-06-01,10940.0,10617.471387684345,,,,0.8,790.4464285714286,44
xlstm,electricity,SWE,Europe,True,holdout,last12,3,2025-07-01,11690.0,10660.125078260899,,,,0.8,790.4464285714286,44
xlstm,electricity,SWE,Europe,True,holdout,last12,4,2025-08-01,11440.0,11126.770123541355,,,,0.8,790.4464285714286,44
xlstm,electricity,SWE,Europe,True,holdout,last12,5,2025-09-01,11180.0,11819.995316565037,,,,0.8,790.4464285714286,44
xlstm,electricity,SWE,Europe,True,holdout,last12,6,2025-10-01,12640.0,13179.393784403801,,,,0.8,790.4464285714286,44
xlstm,electricity,SWE,Europe,True,holdout,last12,7,2025-11-01,14690.0,14276.551428437233,,,,0.8,790.4464285714286,44
xlstm,electricity,SWE,Europe,True,holdout,last12,8,2025-12-01,16820.0,15355.61468064785,,,,0.8,790.4464285714286,44
xlstm,electricity,SWE,Europe,True,holdout,last12,9,2026-01-01,17680.0,16020.972228646278,,,,0.8,790.4464285714286,44
xlstm,electricity,SWE,Europe,True,holdout,last12,10,2026-02-01,15600.0,15004.366338849068,,,,0.8,790.4464285714286,44
xlstm,electricity,SWE,Europe,True,holdout,last12,11,2026-03-01,14780.0,15358.817647099495,,,,0.8,790.4464285714286,44
xlstm,electricity,SWE,Europe,True,holdout,last12,12,2026-04-01,12920.0,12519.473206698895,,,,0.8,790.4464285714286,44
xlstm,electricity,SWE,Europe,True,rolling,2022-12-01,1,2023-01-01,15390.0,15514.59487915039,,,,0.8,781.9047619047619,44
xlstm,electricity,SWE,Europe,True,rolling,2022-12-01,2,2023-02-01,14550.0,15564.910340309143,,,,0.8,781.9047619047619,44
xlstm,electricity,SWE,Europe,True,rolling,2022-12-01,3,2023-03-01,15090.0,15351.18149638176,,,,0.8,781.9047619047619,44
xlstm,electricity,SWE,Europe,True,rolling,2022-12-01,4,2023-04-01,12820.0,13961.995049715042,,,,0.8,781.9047619047619,44
xlstm,electricity,SWE,Europe,True,rolling,2022-12-01,5,2023-05-01,11840.0,11771.302948594093,,,,0.8,781.9047619047619,44
xlstm,electricity,SWE,Europe,True,rolling,2022-12-01,6,2023-06-01,10180.0,11169.6389067173,,,,0.8,781.9047619047619,44
xlstm,electricity,SWE,Europe,True,rolling,2022-12-01,7,2023-07-01,10290.0,11157.0702958107,,,,0.8,781.9047619047619,44
xlstm,electricity,SWE,Europe,True,rolling,2022-12-01,8,2023-08-01,11230.0,11003.663559556007,,,,0.8,781.9047619047619,44
xlstm,electricity,SWE,Europe,True,rolling,2022-12-01,9,2023-09-01,10810.0,11260.564288496971,,,,0.8,781.9047619047619,44
xlstm,electricity,SWE,Europe,True,rolling,2022-12-01,10,2023-10-01,13810.0,12407.25275337696,,,,0.8,781.9047619047619,44
xlstm,electricity,SWE,Europe,True,rolling,2022-12-01,11,2023-11-01,15320.0,13651.599068641663,,,,0.8,781.9047619047619,44
xlstm,electricity,SWE,Europe,True,rolling,2022-12-01,12,2023-12-01,15700.0,14878.192949295044,,,,0.8,781.9047619047619,44
xlstm,electricity,SWE,Europe,True,rolling,2023-12-01,1,2024-01-01,16880.0,15549.488680362701,,,,0.8,825.2083333333334,44
xlstm,electricity,SWE,Europe,True,rolling,2023-12-01,2,2024-02-01,15340.0,15011.685906648636,,,,0.8,825.2083333333334,44
xlstm,electricity,SWE,Europe,True,rolling,2023-12-01,3,2024-03-01,15170.0,15223.052047491074,,,,0.8,825.2083333333334,44
xlstm,electricity,SWE,Europe,True,rolling,2023-12-01,4,2024-04-01,13120.0,12603.701563477516,,,,0.8,825.2083333333334,44
xlstm,electricity,SWE,Europe,True,rolling,2023-12-01,5,2024-05-01,12620.0,11361.670641303062,,,,0.8,825.2083333333334,44
xlstm,electricity,SWE,Europe,True,rolling,2023-12-01,6,2024-06-01,10940.0,10699.118636250496,,,,0.8,825.2083333333334,44
xlstm,electricity,SWE,Europe,True,rolling,2023-12-01,7,2024-07-01,11060.0,10469.74416732788,,,,0.8,825.2083333333334,44
xlstm,electricity,SWE,Europe,True,rolling,2023-12-01,8,2024-08-01,12390.0,10702.658495903015,,,,0.8,825.2083333333334,44
xlstm,electricity,SWE,Europe,True,rolling,2023-12-01,9,2024-09-01,11820.0,11633.260074853897,,,,0.8,825.2083333333334,44
xlstm,electricity,SWE,Europe,True,rolling,2023-12-01,10,2024-10-01,13640.0,13745.245823860168,,,,0.8,825.2083333333334,44
xlstm,electricity,SWE,Europe,True,rolling,2023-12-01,11,2024-11-01,14900.0,14834.10702586174,,,,0.8,825.2083333333334,44
xlstm,electricity,SWE,Europe,True,rolling,2023-12-01,12,2024-12-01,16040.0,15474.960290193558,,,,0.8,825.2083333333334,44
xlstm,electricity,SWE,Europe,True,rolling,2024-12-01,1,2025-01-01,16590.0,15975.798606872559,,,,0.8,808.2407407407408,44
xlstm,electricity,SWE,Europe,True,rolling,2024-12-01,2,2025-02-01,15310.0,15255.701559782028,,,,0.8,808.2407407407408,44
xlstm,electricity,SWE,Europe,True,rolling,2024-12-01,3,2025-03-01,15780.0,15286.372888088226,,,,0.8,808.2407407407408,44
xlstm,electricity,SWE,Europe,True,rolling,2024-12-01,4,2025-04-01,13430.0,12118.681606054306,,,,0.8,808.2407407407408,44
xlstm,electricity,SWE,Europe,True,rolling,2024-12-01,5,2025-05-01,11970.0,11038.295547068119,,,,0.8,808.2407407407408,44
xlstm,electricity,SWE,Europe,True,rolling,2024-12-01,6,2025-06-01,10940.0,10568.42517837882,,,,0.8,808.2407407407408,44
xlstm,electricity,SWE,Europe,True,rolling,2024-12-01,7,2025-07-01,11690.0,10585.206552147865,,,,0.8,808.2407407407408,44
xlstm,electricity,SWE,Europe,True,rolling,2024-12-01,8,2025-08-01,11440.0,11084.213836789131,,,,0.8,808.2407407407408,44
xlstm,electricity,SWE,Europe,True,rolling,2024-12-01,9,2025-09-01,11180.0,11865.217036008835,,,,0.8,808.2407407407408,44
xlstm,electricity,SWE,Europe,True,rolling,2024-12-01,10,2025-10-01,12640.0,13482.2814899683,,,,0.8,808.2407407407408,44
xlstm,electricity,SWE,Europe,True,rolling,2024-12-01,11,2025-11-01,14690.0,14852.675955295563,,,,0.8,808.2407407407408,44
xlstm,electricity,SWE,Europe,True,rolling,2024-12-01,12,2025-12-01,16820.0,15816.27917945385,,,,0.8,808.2407407407408,44
xlstm,electricity,TUR,Europe,False,holdout,last12,1,2025-04-01,26680.0,27180.27643680572,,,,0.8,1443.4666666666667,44
xlstm,electricity,TUR,Europe,False,holdout,last12,2,2025-05-01,27770.0,31299.173427820202,,,,0.8,1443.4666666666667,44
xlstm,electricity,TUR,Europe,False,holdout,last12,3,2025-06-01,27740.0,31854.98840808868,,,,0.8,1443.4666666666667,44
xlstm,electricity,TUR,Europe,False,holdout,last12,4,2025-07-01,35210.0,32118.336608409878,,,,0.8,1443.4666666666667,44
xlstm,electricity,TUR,Europe,False,holdout,last12,5,2025-08-01,35020.0,31843.903807401653,,,,0.8,1443.4666666666667,44
xlstm,electricity,TUR,Europe,False,holdout,last12,6,2025-09-01,29500.0,30754.18250918388,,,,0.8,1443.4666666666667,44
xlstm,electricity,TUR,Europe,False,holdout,last12,7,2025-10-01,27310.0,30833.564249873158,,,,0.8,1443.4666666666667,44
xlstm,electricity,TUR,Europe,False,holdout,last12,8,2025-11-01,27310.0,31401.311417818066,,,,0.8,1443.4666666666667,44
xlstm,electricity,TUR,Europe,False,holdout,last12,9,2025-12-01,30900.0,31710.356665253636,,,,0.8,1443.4666666666667,44
xlstm,electricity,TUR,Europe,False,holdout,last12,10,2026-01-01,31810.0,31590.55462837219,,,,0.8,1443.4666666666667,44
xlstm,electricity,TUR,Europe,False,holdout,last12,11,2026-02-01,27530.0,31280.5590814352,,,,0.8,1443.4666666666667,44
xlstm,electricity,TUR,Europe,False,holdout,last12,12,2026-03-01,29190.0,31468.90126109123,,,,0.8,1443.4666666666667,44
xlstm,electricity,TUR,Europe,False,rolling,2022-12-01,1,2023-01-01,26610.0,26130.51551759243,,,,0.8,1316.25,44
xlstm,electricity,TUR,Europe,False,rolling,2022-12-01,2,2023-02-01,23790.0,26113.075571656227,,,,0.8,1316.25,44
xlstm,electricity,TUR,Europe,False,rolling,2022-12-01,3,2023-03-01,25800.0,26103.287621736526,,,,0.8,1316.25,44
xlstm,electricity,TUR,Europe,False,rolling,2022-12-01,4,2023-04-01,23550.0,26092.563353180885,,,,0.8,1316.25,44
xlstm,electricity,TUR,Europe,False,rolling,2022-12-01,5,2023-05-01,25750.0,26088.289974331856,,,,0.8,1316.25,44
xlstm,electricity,TUR,Europe,False,rolling,2022-12-01,6,2023-06-01,24650.0,26086.165788769722,,,,0.8,1316.25,44
xlstm,electricity,TUR,Europe,False,rolling,2022-12-01,7,2023-07-01,31100.0,26082.567986249924,,,,0.8,1316.25,44
xlstm,electricity,TUR,Europe,False,rolling,2022-12-01,8,2023-08-01,32720.0,26078.012534976006,,,,0.8,1316.25,44
xlstm,electricity,TUR,Europe,False,rolling,2022-12-01,9,2023-09-01,27910.0,26071.639978289604,,,,0.8,1316.25,44
xlstm,electricity,TUR,Europe,False,rolling,2022-12-01,10,2023-10-01,25290.0,26072.792907953262,,,,0.8,1316.25,44
xlstm,electricity,TUR,Europe,False,rolling,2022-12-01,11,2023-11-01,25640.0,26076.37379348278,,,,0.8,1316.25,44
xlstm,electricity,TUR,Europe,False,rolling,2022-12-01,12,2023-12-01,27070.0,26079.496081471443,,,,0.8,1316.25,44
xlstm,electricity,TUR,Europe,False,rolling,2023-12-01,1,2024-01-01,27770.0,26272.761981487274,,,,0.8,1369.0,44
xlstm,electricity,TUR,Europe,False,rolling,2023-12-01,2,2024-02-01,26470.0,26266.627359986305,,,,0.8,1369.0,44
xlstm,electricity,TUR,Europe,False,rolling,2023-12-01,3,2024-03-01,27390.0,26261.35696053505,,,,0.8,1369.0,44
xlstm,electricity,TUR,Europe,False,rolling,2023-12-01,4,2024-04-01,23930.0,26253.792006373405,,,,0.8,1369.0,44
xlstm,electricity,TUR,Europe,False,rolling,2023-12-01,5,2024-05-01,26700.0,26248.58634829521,,,,0.8,1369.0,44
xlstm,electricity,TUR,Europe,False,rolling,2023-12-01,6,2024-06-01,28230.0,26242.093767225742,,,,0.8,1369.0,44
xlstm,electricity,TUR,Europe,False,rolling,2023-12-01,7,2024-07-01,34100.0,26237.58709013462,,,,0.8,1369.0,44
xlstm,electricity,TUR,Europe,False,rolling,2023-12-01,8,2024-08-01,33300.0,26228.86770695448,,,,0.8,1369.0,44
xlstm,electricity,TUR,Europe,False,rolling,2023-12-01,9,2024-09-01,28050.0,26221.137888133526,,,,0.8,1369.0,44
xlstm,electricity,TUR,Europe,False,rolling,2023-12-01,10,2024-10-01,27130.0,26219.267539978027,,,,0.8,1369.0,44
xlstm,electricity,TUR,Europe,False,rolling,2023-12-01,11,2024-11-01,27920.0,26219.888605475426,,,,0.8,1369.0,44
xlstm,electricity,TUR,Europe,False,rolling,2023-12-01,12,2024-12-01,30210.0,26219.968402981758,,,,0.8,1369.0,44
xlstm,electricity,TUR,Europe,False,rolling,2024-12-01,1,2025-01-01,30200.0,26912.822241187092,,,,0.8,1436.9444444444443,44
xlstm,electricity,TUR,Europe,False,rolling,2024-12-01,2,2025-02-01,28210.0,26909.35966044664,,,,0.8,1436.9444444444443,44
xlstm,electricity,TUR,Europe,False,rolling,2024-12-01,3,2025-03-01,28020.0,26895.473012328144,,,,0.8,1436.9444444444443,44
xlstm,electricity,TUR,Europe,False,rolling,2024-12-01,4,2025-04-01,26680.0,26869.964819252487,,,,0.8,1436.9444444444443,44
xlstm,electricity,TUR,Europe,False,rolling,2024-12-01,5,2025-05-01,27770.0,26848.879944682118,,,,0.8,1436.9444444444443,44
xlstm,electricity,TUR,Europe,False,rolling,2024-12-01,6,2025-06-01,27740.0,26817.95512795448,,,,0.8,1436.9444444444443,44
xlstm,electricity,TUR,Europe,False,rolling,2024-12-01,7,2025-07-01,35210.0,26784.842868745323,,,,0.8,1436.9444444444443,44
xlstm,electricity,TUR,Europe,False,rolling,2024-12-01,8,2025-08-01,35020.0,26741.227628886696,,,,0.8,1436.9444444444443,44
xlstm,electricity,TUR,Europe,False,rolling,2024-12-01,9,2025-09-01,29500.0,26708.477368652817,,,,0.8,1436.9444444444443,44
xlstm,electricity,TUR,Europe,False,rolling,2024-12-01,10,2025-10-01,27310.0,26695.237475335594,,,,0.8,1436.9444444444443,44
xlstm,electricity,TUR,Europe,False,rolling,2024-12-01,11,2025-11-01,27310.0,26686.027586758133,,,,0.8,1436.9444444444443,44
xlstm,electricity,TUR,Europe,False,rolling,2024-12-01,12,2025-12-01,30900.0,26676.02731287479,,,,0.8,1436.9444444444443,44
xlstm,electricity,USA|alabama,US,True,holdout,last12,1,2025-01-01,13861.86,11939.788236765864,,,,0.8,648.7864855072464,44
xlstm,electricity,USA|alabama,US,True,holdout,last12,2,2025-02-01,10453.48,11889.033714841606,,,,0.8,648.7864855072464,44
xlstm,electricity,USA|alabama,US,True,holdout,last12,3,2025-03-01,10399.45,11985.339833144548,,,,0.8,648.7864855072464,44
xlstm,electricity,USA|alabama,US,True,holdout,last12,4,2025-04-01,10242.19,12091.340156187416,,,,0.8,648.7864855072464,44
xlstm,electricity,USA|alabama,US,True,holdout,last12,5,2025-05-01,11299.5,12177.485785642864,,,,0.8,648.7864855072464,44
xlstm,electricity,USA|alabama,US,True,holdout,last12,6,2025-06-01,12377.33,12202.733656359316,,,,0.8,648.7864855072464,44
xlstm,electricity,USA|alabama,US,True,holdout,last12,7,2025-07-01,13945.0,12178.346949611308,,,,0.8,648.7864855072464,44
xlstm,electricity,USA|alabama,US,True,holdout,last12,8,2025-08-01,12394.4,12075.387297341826,,,,0.8,648.7864855072464,44
xlstm,electricity,USA|alabama,US,True,holdout,last12,9,2025-09-01,12051.63,11961.435704090596,,,,0.8,648.7864855072464,44
xlstm,electricity,USA|alabama,US,True,holdout,last12,10,2025-10-01,11040.76,11964.553050565126,,,,0.8,648.7864855072464,44
xlstm,electricity,USA|alabama,US,True,holdout,last12,11,2025-11-01,11510.35,12015.326741414669,,,,0.8,648.7864855072464,44
xlstm,electricity,USA|alabama,US,True,holdout,last12,12,2025-12-01,12765.81,12044.234439191225,,,,0.8,648.7864855072464,44
xlstm,electricity,USA|alabama,US,True,rolling,2022-12-01,1,2023-01-01,11762.94,11715.356782244147,,,,0.8,663.5769444444445,44
xlstm,electricity,USA|alabama,US,True,rolling,2022-12-01,2,2023-02-01,10090.04,11234.525137667657,,,,0.8,663.5769444444445,44
xlstm,electricity,USA|alabama,US,True,rolling,2022-12-01,3,2023-03-01,11092.15,11400.004958589972,,,,0.8,663.5769444444445,44
xlstm,electricity,USA|alabama,US,True,rolling,2022-12-01,4,2023-04-01,10116.2,11885.175968627931,,,,0.8,663.5769444444445,44
xlstm,electricity,USA|alabama,US,True,rolling,2022-12-01,5,2023-05-01,11492.43,13498.684792009593,,,,0.8,663.5769444444445,44
xlstm,electricity,USA|alabama,US,True,rolling,2022-12-01,6,2023-06-01,12235.65,13555.12194183469,,,,0.8,663.5769444444445,44
xlstm,electricity,USA|alabama,US,True,rolling,2022-12-01,7,2023-07-01,13989.97,13465.650983065369,,,,0.8,663.5769444444445,44
xlstm,electricity,USA|alabama,US,True,rolling,2022-12-01,8,2023-08-01,13945.09,12143.82323594928,,,,0.8,663.5769444444445,44
xlstm,electricity,USA|alabama,US,True,rolling,2022-12-01,9,2023-09-01,11681.29,11276.766021037998,,,,0.8,663.5769444444445,44
xlstm,electricity,USA|alabama,US,True,rolling,2022-12-01,10,2023-10-01,10480.49,11104.794403956235,,,,0.8,663.5769444444445,44
xlstm,electricity,USA|alabama,US,True,rolling,2022-12-01,11,2023-11-01,11504.27,11315.449870710076,,,,0.8,663.5769444444445,44
xlstm,electricity,USA|alabama,US,True,rolling,2022-12-01,12,2023-12-01,11979.99,11580.777508493366,,,,0.8,663.5769444444445,44
xlstm,electricity,USA|alabama,US,True,rolling,2023-12-01,1,2024-01-01,12879.43,11212.500521737935,,,,0.8,660.1935984848484,44
xlstm,electricity,USA|alabama,US,True,rolling,2023-12-01,2,2024-02-01,10243.32,10555.529216887953,,,,0.8,660.1935984848484,44
xlstm,electricity,USA|alabama,US,True,rolling,2023-12-01,3,2024-03-01,10234.24,10758.200347037317,,,,0.8,660.1935984848484,44
xlstm,electricity,USA|alabama,US,True,rolling,2023-12-01,4,2024-04-01,10694.23,10507.474638090134,,,,0.8,660.1935984848484,44
xlstm,electricity,USA|alabama,US,True,rolling,2023-12-01,5,2024-05-01,11850.48,11460.7428964144,,,,0.8,660.1935984848484,44
xlstm,electricity,USA|alabama,US,True,rolling,2023-12-01,6,2024-06-01,12706.65,12829.261832517388,,,,0.8,660.1935984848484,44
xlstm,electricity,USA|alabama,US,True,rolling,2023-12-01,7,2024-07-01,14013.23,13680.457001366618,,,,0.8,660.1935984848484,44
xlstm,electricity,USA|alabama,US,True,rolling,2023-12-01,8,2024-08-01,14072.03,13225.592301816347,,,,0.8,660.1935984848484,44
xlstm,electricity,USA|alabama,US,True,rolling,2023-12-01,9,2024-09-01,11891.39,11319.90353088856,,,,0.8,660.1935984848484,44
xlstm,electricity,USA|alabama,US,True,rolling,2023-12-01,10,2024-10-01,11059.25,10915.135859125257,,,,0.8,660.1935984848484,44
xlstm,electricity,USA|alabama,US,True,rolling,2023-12-01,11,2024-11-01,11507.12,11474.850266978146,,,,0.8,660.1935984848484,44
xlstm,electricity,USA|alabama,US,True,rolling,2023-12-01,12,2024-12-01,12277.28,11551.852319072486,,,,0.8,660.1935984848484,44
xlstm,electricity,USA|alabama,US,True,rolling,2024-12-01,1,2025-01-01,13861.86,11939.788236765864,,,,0.8,648.7864855072464,44
xlstm,electricity,USA|alabama,US,True,rolling,2024-12-01,2,2025-02-01,10453.48,11889.033714841606,,,,0.8,648.7864855072464,44
xlstm,electricity,USA|alabama,US,True,rolling,2024-12-01,3,2025-03-01,10399.45,11985.339833144548,,,,0.8,648.7864855072464,44
xlstm,electricity,USA|alabama,US,True,rolling,2024-12-01,4,2025-04-01,10242.19,12091.340156187416,,,,0.8,648.7864855072464,44
xlstm,electricity,USA|alabama,US,True,rolling,2024-12-01,5,2025-05-01,11299.5,12177.485785642864,,,,0.8,648.7864855072464,44
xlstm,electricity,USA|alabama,US,True,rolling,2024-12-01,6,2025-06-01,12377.33,12202.733656359316,,,,0.8,648.7864855072464,44
xlstm,electricity,USA|alabama,US,True,rolling,2024-12-01,7,2025-07-01,13945.0,12178.346949611308,,,,0.8,648.7864855072464,44
xlstm,electricity,USA|alabama,US,True,rolling,2024-12-01,8,2025-08-01,12394.4,12075.387297341826,,,,0.8,648.7864855072464,44
xlstm,electricity,USA|alabama,US,True,rolling,2024-12-01,9,2025-09-01,12051.63,11961.435704090596,,,,0.8,648.7864855072464,44
xlstm,electricity,USA|alabama,US,True,rolling,2024-12-01,10,2025-10-01,11040.76,11964.553050565126,,,,0.8,648.7864855072464,44
xlstm,electricity,USA|alabama,US,True,rolling,2024-12-01,11,2025-11-01,11510.35,12015.326741414669,,,,0.8,648.7864855072464,44
xlstm,electricity,USA|alabama,US,True,rolling,2024-12-01,12,2025-12-01,12765.81,12044.234439191225,,,,0.8,648.7864855072464,44
xlstm,electricity,USA|arizona,US,True,holdout,last12,1,2025-01-01,9857.97,9204.24038287431,,,,0.8,542.966811594203,44
xlstm,electricity,USA|arizona,US,True,holdout,last12,2,2025-02-01,8344.59,8406.99158390224,,,,0.8,542.966811594203,44
xlstm,electricity,USA|arizona,US,True,holdout,last12,3,2025-03-01,8234.84,8195.050760750471,,,,0.8,542.966811594203,44
xlstm,electricity,USA|arizona,US,True,holdout,last12,4,2025-04-01,7976.68,8262.57297109872,,,,0.8,542.966811594203,44
xlstm,electricity,USA|arizona,US,True,holdout,last12,5,2025-05-01,9772.43,9315.211868434548,,,,0.8,542.966811594203,44
xlstm,electricity,USA|arizona,US,True,holdout,last12,6,2025-06-01,11484.6,11413.881214138866,,,,0.8,542.966811594203,44
xlstm,electricity,USA|arizona,US,True,holdout,last12,7,2025-07-01,13119.49,12412.810274447203,,,,0.8,542.966811594203,44
xlstm,electricity,USA|arizona,US,True,holdout,last12,8,2025-08-01,13771.1,12515.704744127393,,,,0.8,542.966811594203,44
xlstm,electricity,USA|arizona,US,True,holdout,last12,9,2025-09-01,12089.36,11927.301521977783,,,,0.8,542.966811594203,44
xlstm,electricity,USA|arizona,US,True,holdout,last12,10,2025-10-01,9876.54,10776.016560314894,,,,0.8,542.966811594203,44
xlstm,electricity,USA|arizona,US,True,holdout,last12,11,2025-11-01,8643.59,9504.471105628312,,,,0.8,542.966811594203,44
xlstm,electricity,USA|arizona,US,True,holdout,last12,12,2025-12-01,9369.16,9988.610571129322,,,,0.8,542.966811594203,44
xlstm,electricity,USA|arizona,US,True,rolling,2022-12-01,1,2023-01-01,8682.09,8195.137181351185,,,,0.8,540.4200396825397,44
xlstm,electricity,USA|arizona,US,True,rolling,2022-12-01,2,2023-02-01,7881.53,7951.240369207859,,,,0.8,540.4200396825397,44
xlstm,electricity,USA|arizona,US,True,rolling,2022-12-01,3,2023-03-01,8087.62,7907.790678799152,,,,0.8,540.4200396825397,44
xlstm,electricity,USA|arizona,US,True,rolling,2022-12-01,4,2023-04-01,8371.26,7841.300906075835,,,,0.8,540.4200396825397,44
xlstm,electricity,USA|arizona,US,True,rolling,2022-12-01,5,2023-05-01,8881.9,8562.182936327457,,,,0.8,540.4200396825397,44
xlstm,electricity,USA|arizona,US,True,rolling,2022-12-01,6,2023-06-01,9977.31,10446.321408793927,,,,0.8,540.4200396825397,44
xlstm,electricity,USA|arizona,US,True,rolling,2022-12-01,7,2023-07-01,12637.0,11638.007207007407,,,,0.8,540.4200396825397,44
xlstm,electricity,USA|arizona,US,True,rolling,2022-12-01,8,2023-08-01,12440.14,11808.111593122483,,,,0.8,540.4200396825397,44
xlstm,electricity,USA|arizona,US,True,rolling,2022-12-01,9,2023-09-01,10775.86,10958.330238347053,,,,0.8,540.4200396825397,44
xlstm,electricity,USA|arizona,US,True,rolling,2022-12-01,10,2023-10-01,9915.96,8897.307980369329,,,,0.8,540.4200396825397,44
xlstm,electricity,USA|arizona,US,True,rolling,2022-12-01,11,2023-11-01,8970.06,8548.534464473723,,,,0.8,540.4200396825397,44
xlstm,electricity,USA|arizona,US,True,rolling,2022-12-01,12,2023-12-01,9302.92,8677.739624384642,,,,0.8,540.4200396825397,44
xlstm,electricity,USA|arizona,US,True,rolling,2023-12-01,1,2024-01-01,9387.9,8471.868248741626,,,,0.8,544.2112878787879,44
xlstm,electricity,USA|arizona,US,True,rolling,2023-12-01,2,2024-02-01,8290.58,8145.594747552871,,,,0.8,544.2112878787879,44
xlstm,electricity,USA|arizona,US,True,rolling,2023-12-01,3,2024-03-01,8271.34,8028.749975543022,,,,0.8,544.2112878787879,44
xlstm,electricity,USA|arizona,US,True,rolling,2023-12-01,4,2024-04-01,7952.66,8028.78940076828,,,,0.8,544.2112878787879,44
xlstm,electricity,USA|arizona,US,True,rolling,2023-12-01,5,2024-05-01,9180.39,8428.139103059768,,,,0.8,544.2112878787879,44
xlstm,electricity,USA|arizona,US,True,rolling,2023-12-01,6,2024-06-01,11363.51,9933.52523430109,,,,0.8,544.2112878787879,44
xlstm,electricity,USA|arizona,US,True,rolling,2023-12-01,7,2024-07-01,13144.93,11935.98576515913,,,,0.8,544.2112878787879,44
xlstm,electricity,USA|arizona,US,True,rolling,2023-12-01,8,2024-08-01,12931.39,12015.020973103046,,,,0.8,544.2112878787879,44
xlstm,electricity,USA|arizona,US,True,rolling,2023-12-01,9,2024-09-01,11299.5,11212.640721263886,,,,0.8,544.2112878787879,44
xlstm,electricity,USA|arizona,US,True,rolling,2023-12-01,10,2024-10-01,10450.03,10009.852856922149,,,,0.8,544.2112878787879,44
xlstm,electricity,USA|arizona,US,True,rolling,2023-12-01,11,2024-11-01,8796.14,9021.918168928623,,,,0.8,544.2112878787879,44
xlstm,electricity,USA|arizona,US,True,rolling,2023-12-01,12,2024-12-01,9857.3,8777.77243673563,,,,0.8,544.2112878787879,44
xlstm,electricity,USA|arizona,US,True,rolling,2024-12-01,1,2025-01-01,9857.97,9204.24038287431,,,,0.8,542.966811594203,44
xlstm,electricity,USA|arizona,US,True,rolling,2024-12-01,2,2025-02-01,8344.59,8406.99158390224,,,,0.8,542.966811594203,44
xlstm,electricity,USA|arizona,US,True,rolling,2024-12-01,3,2025-03-01,8234.84,8195.050760750471,,,,0.8,542.966811594203,44
xlstm,electricity,USA|arizona,US,True,rolling,2024-12-01,4,2025-04-01,7976.68,8262.57297109872,,,,0.8,542.966811594203,44
xlstm,electricity,USA|arizona,US,True,rolling,2024-12-01,5,2025-05-01,9772.43,9315.211868434548,,,,0.8,542.966811594203,44
xlstm,electricity,USA|arizona,US,True,rolling,2024-12-01,6,2025-06-01,11484.6,11413.881214138866,,,,0.8,542.966811594203,44
xlstm,electricity,USA|arizona,US,True,rolling,2024-12-01,7,2025-07-01,13119.49,12412.810274447203,,,,0.8,542.966811594203,44
xlstm,electricity,USA|arizona,US,True,rolling,2024-12-01,8,2025-08-01,13771.1,12515.704744127393,,,,0.8,542.966811594203,44
xlstm,electricity,USA|arizona,US,True,rolling,2024-12-01,9,2025-09-01,12089.36,11927.301521977783,,,,0.8,542.966811594203,44
xlstm,electricity,USA|arizona,US,True,rolling,2024-12-01,10,2025-10-01,9876.54,10776.016560314894,,,,0.8,542.966811594203,44
xlstm,electricity,USA|arizona,US,True,rolling,2024-12-01,11,2025-11-01,8643.59,9504.471105628312,,,,0.8,542.966811594203,44
xlstm,electricity,USA|arizona,US,True,rolling,2024-12-01,12,2025-12-01,9369.16,9988.610571129322,,,,0.8,542.966811594203,44
xlstm,electricity,USA|arkansas,US,True,holdout,last12,1,2025-01-01,6010.79,6037.295370892287,,,,0.8,471.990579710145,44
xlstm,electricity,USA|arkansas,US,True,holdout,last12,2,2025-02-01,4790.01,4470.619749025107,,,,0.8,471.990579710145,44
xlstm,electricity,USA|arkansas,US,True,holdout,last12,3,2025-03-01,4558.38,4508.71443071276,,,,0.8,471.990579710145,44
xlstm,electricity,USA|arkansas,US,True,holdout,last12,4,2025-04-01,4000.74,4564.089623734952,,,,0.8,471.990579710145,44
xlstm,electricity,USA|arkansas,US,True,holdout,last12,5,2025-05-01,5070.82,4703.74117915392,,,,0.8,471.990579710145,44
xlstm,electricity,USA|arkansas,US,True,holdout,last12,6,2025-06-01,6200.04,5957.062571019531,,,,0.8,471.990579710145,44
xlstm,electricity,USA|arkansas,US,True,holdout,last12,7,2025-07-01,7671.86,6489.589358240963,,,,0.8,471.990579710145,44
xlstm,electricity,USA|arkansas,US,True,holdout,last12,8,2025-08-01,7065.7,6542.359960124493,,,,0.8,471.990579710145,44
xlstm,electricity,USA|arkansas,US,True,holdout,last12,9,2025-09-01,5895.66,4788.488124766052,,,,0.8,471.990579710145,44
xlstm,electricity,USA|arkansas,US,True,holdout,last12,10,2025-10-01,5114.02,4635.4698131686455,,,,0.8,471.990579710145,44
xlstm,electricity,USA|arkansas,US,True,holdout,last12,11,2025-11-01,5252.74,4591.547662847341,,,,0.8,471.990579710145,44
xlstm,electricity,USA|arkansas,US,True,holdout,last12,12,2025-12-01,5554.66,4770.1774722418195,,,,0.8,471.990579710145,44
xlstm,electricity,USA|arkansas,US,True,rolling,2022-12-01,1,2023-01-01,5607.2,6427.415661857129,,,,0.8,479.7086904761905,44
xlstm,electricity,USA|arkansas,US,True,rolling,2022-12-01,2,2023-02-01,4207.6,5076.410192780793,,,,0.8,479.7086904761905,44
xlstm,electricity,USA|arkansas,US,True,rolling,2022-12-01,3,2023-03-01,4525.94,5118.286301725209,,,,0.8,479.7086904761905,44
xlstm,electricity,USA|arkansas,US,True,rolling,2022-12-01,4,2023-04-01,3463.83,4565.181896024049,,,,0.8,479.7086904761905,44
xlstm,electricity,USA|arkansas,US,True,rolling,2022-12-01,5,2023-05-01,5111.21,4862.5322638532525,,,,0.8,479.7086904761905,44
xlstm,electricity,USA|arkansas,US,True,rolling,2022-12-01,6,2023-06-01,5652.19,6029.981796935797,,,,0.8,479.7086904761905,44
xlstm,electricity,USA|arkansas,US,True,rolling,2022-12-01,7,2023-07-01,6805.87,6575.547797278166,,,,0.8,479.7086904761905,44
xlstm,electricity,USA|arkansas,US,True,rolling,2022-12-01,8,2023-08-01,6794.97,6589.09565363884,,,,0.8,479.7086904761905,44
xlstm,electricity,USA|arkansas,US,True,rolling,2022-12-01,9,2023-09-01,5643.58,6260.104802892209,,,,0.8,479.7086904761905,44
xlstm,electricity,USA|arkansas,US,True,rolling,2022-12-01,10,2023-10-01,4765.28,4708.8646633631,,,,0.8,479.7086904761905,44
xlstm,electricity,USA|arkansas,US,True,rolling,2022-12-01,11,2023-11-01,4391.38,4715.8925350835925,,,,0.8,479.7086904761905,44
xlstm,electricity,USA|arkansas,US,True,rolling,2022-12-01,12,2023-12-01,4870.02,5499.002616003752,,,,0.8,479.7086904761905,44
xlstm,electricity,USA|arkansas,US,True,rolling,2023-12-01,1,2024-01-01,6076.66,5378.723865047694,,,,0.8,478.054393939394,44
xlstm,electricity,USA|arkansas,US,True,rolling,2023-12-01,2,2024-02-01,4010.57,4489.879885733724,,,,0.8,478.054393939394,44
xlstm,electricity,USA|arkansas,US,True,rolling,2023-12-01,3,2024-03-01,4534.59,4509.0139958715445,,,,0.8,478.054393939394,44
xlstm,electricity,USA|arkansas,US,True,rolling,2023-12-01,4,2024-04-01,3751.45,4370.3354916057,,,,0.8,478.054393939394,44
xlstm,electricity,USA|arkansas,US,True,rolling,2023-12-01,5,2024-05-01,4556.78,4885.910570815802,,,,0.8,478.054393939394,44
xlstm,electricity,USA|arkansas,US,True,rolling,2023-12-01,6,2024-06-01,6078.6,5316.651746079922,,,,0.8,478.054393939394,44
xlstm,electricity,USA|arkansas,US,True,rolling,2023-12-01,7,2024-07-01,6533.51,6391.385673478842,,,,0.8,478.054393939394,44
xlstm,electricity,USA|arkansas,US,True,rolling,2023-12-01,8,2024-08-01,6525.84,6529.735374421478,,,,0.8,478.054393939394,44
xlstm,electricity,USA|arkansas,US,True,rolling,2023-12-01,9,2024-09-01,5070.98,5501.348726645709,,,,0.8,478.054393939394,44
xlstm,electricity,USA|arkansas,US,True,rolling,2023-12-01,10,2024-10-01,4383.98,4687.853261426688,,,,0.8,478.054393939394,44
xlstm,electricity,USA|arkansas,US,True,rolling,2023-12-01,11,2024-11-01,4122.95,4611.265276007951,,,,0.8,478.054393939394,44
xlstm,electricity,USA|arkansas,US,True,rolling,2023-12-01,12,2024-12-01,4514.4,4910.255375549794,,,,0.8,478.054393939394,44
xlstm,electricity,USA|arkansas,US,True,rolling,2024-12-01,1,2025-01-01,6010.79,6037.295370892287,,,,0.8,471.990579710145,44
xlstm,electricity,USA|arkansas,US,True,rolling,2024-12-01,2,2025-02-01,4790.01,4470.619749025107,,,,0.8,471.990579710145,44
xlstm,electricity,USA|arkansas,US,True,rolling,2024-12-01,3,2025-03-01,4558.38,4508.71443071276,,,,0.8,471.990579710145,44
xlstm,electricity,USA|arkansas,US,True,rolling,2024-12-01,4,2025-04-01,4000.74,4564.089623734952,,,,0.8,471.990579710145,44
xlstm,electricity,USA|arkansas,US,True,rolling,2024-12-01,5,2025-05-01,5070.82,4703.74117915392,,,,0.8,471.990579710145,44
xlstm,electricity,USA|arkansas,US,True,rolling,2024-12-01,6,2025-06-01,6200.04,5957.062571019531,,,,0.8,471.990579710145,44
xlstm,electricity,USA|arkansas,US,True,rolling,2024-12-01,7,2025-07-01,7671.86,6489.589358240963,,,,0.8,471.990579710145,44
xlstm,electricity,USA|arkansas,US,True,rolling,2024-12-01,8,2025-08-01,7065.7,6542.359960124493,,,,0.8,471.990579710145,44
xlstm,electricity,USA|arkansas,US,True,rolling,2024-12-01,9,2025-09-01,5895.66,4788.488124766052,,,,0.8,471.990579710145,44
xlstm,electricity,USA|arkansas,US,True,rolling,2024-12-01,10,2025-10-01,5114.02,4635.4698131686455,,,,0.8,471.990579710145,44
xlstm,electricity,USA|arkansas,US,True,rolling,2024-12-01,11,2025-11-01,5252.74,4591.547662847341,,,,0.8,471.990579710145,44
xlstm,electricity,USA|arkansas,US,True,rolling,2024-12-01,12,2025-12-01,5554.66,4770.1774722418195,,,,0.8,471.990579710145,44
xlstm,electricity,USA|california,US,True,holdout,last12,1,2025-01-01,18152.51,18200.5822655797,,,,0.8,951.2784782608695,44
xlstm,electricity,USA|california,US,True,holdout,last12,2,2025-02-01,17104.45,17619.39950903892,,,,0.8,951.2784782608695,44
xlstm,electricity,USA|california,US,True,holdout,last12,3,2025-03-01,18260.71,17893.95479673743,,,,0.8,951.2784782608695,44
xlstm,electricity,USA|california,US,True,holdout,last12,4,2025-04-01,18940.17,18443.832405098674,,,,0.8,951.2784782608695,44
xlstm,electricity,USA|california,US,True,holdout,last12,5,2025-05-01,20793.93,20054.999466798305,,,,0.8,951.2784782608695,44
xlstm,electricity,USA|california,US,True,holdout,last12,6,2025-06-01,22186.69,22463.849038052555,,,,0.8,951.2784782608695,44
xlstm,electricity,USA|california,US,True,holdout,last12,7,2025-07-01,24519.92,25178.29009138584,,,,0.8,951.2784782608695,44
xlstm,electricity,USA|california,US,True,holdout,last12,8,2025-08-01,25604.32,25118.489265825745,,,,0.8,951.2784782608695,44
xlstm,electricity,USA|california,US,True,holdout,last12,9,2025-09-01,22596.48,23573.051201026436,,,,0.8,951.2784782608695,44
xlstm,electricity,USA|california,US,True,holdout,last12,10,2025-10-01,19054.19,21000.166663005348,,,,0.8,951.2784782608695,44
xlstm,electricity,USA|california,US,True,holdout,last12,11,2025-11-01,17614.23,18499.00418224454,,,,0.8,951.2784782608695,44
xlstm,electricity,USA|california,US,True,holdout,last12,12,2025-12-01,16498.03,18103.15789136052,,,,0.8,951.2784782608695,44
xlstm,electricity,USA|california,US,True,rolling,2022-12-01,1,2023-01-01,18495.65,15710.188582904935,,,,0.8,913.045119047619,44
xlstm,electricity,USA|california,US,True,rolling,2022-12-01,2,2023-02-01,16800.39,15691.744880719185,,,,0.8,913.045119047619,44
xlstm,electricity,USA|california,US,True,rolling,2022-12-01,3,2023-03-01,19295.38,16024.884183783532,,,,0.8,913.045119047619,44
xlstm,electricity,USA|california,US,True,rolling,2022-12-01,4,2023-04-01,19689.02,16483.32712758243,,,,0.8,913.045119047619,44
xlstm,electricity,USA|california,US,True,rolling,2022-12-01,5,2023-05-01,18826.76,17515.678234387637,,,,0.8,913.045119047619,44
xlstm,electricity,USA|california,US,True,rolling,2022-12-01,6,2023-06-01,20059.69,19358.370342035294,,,,0.8,913.045119047619,44
xlstm,electricity,USA|california,US,True,rolling,2022-12-01,7,2023-07-01,26876.45,21949.97051610589,,,,0.8,913.045119047619,44
xlstm,electricity,USA|california,US,True,rolling,2022-12-01,8,2023-08-01,25892.25,23238.67093082428,,,,0.8,913.045119047619,44
xlstm,electricity,USA|california,US,True,rolling,2022-12-01,9,2023-09-01,21086.97,22472.89297764659,,,,0.8,913.045119047619,44
xlstm,electricity,USA|california,US,True,rolling,2022-12-01,10,2023-10-01,20741.1,20163.46444937825,,,,0.8,913.045119047619,44
xlstm,electricity,USA|california,US,True,rolling,2022-12-01,11,2023-11-01,18235.3,17944.94911435604,,,,0.8,913.045119047619,44
xlstm,electricity,USA|california,US,True,rolling,2022-12-01,12,2023-12-01,19129.81,16826.51127786219,,,,0.8,913.045119047619,44
xlstm,electricity,USA|california,US,True,rolling,2023-12-01,1,2024-01-01,19570.39,17871.186299545763,,,,0.8,949.9140151515151,44
xlstm,electricity,USA|california,US,True,rolling,2023-12-01,2,2024-02-01,17812.52,17613.898607774972,,,,0.8,949.9140151515151,44
xlstm,electricity,USA|california,US,True,rolling,2023-12-01,3,2024-03-01,18481.01,18239.063394817113,,,,0.8,949.9140151515151,44
xlstm,electricity,USA|california,US,True,rolling,2023-12-01,4,2024-04-01,18370.15,18300.24587106347,,,,0.8,949.9140151515151,44
xlstm,electricity,USA|california,US,True,rolling,2023-12-01,5,2024-05-01,19812.83,18972.395475566387,,,,0.8,949.9140151515151,44
xlstm,electricity,USA|california,US,True,rolling,2023-12-01,6,2024-06-01,21888.6,21180.57651259899,,,,0.8,949.9140151515151,44
xlstm,electricity,USA|california,US,True,rolling,2023-12-01,7,2024-07-01,27518.07,23797.89533235669,,,,0.8,949.9140151515151,44
xlstm,electricity,USA|california,US,True,rolling,2023-12-01,8,2024-08-01,25575.03,23906.206564671993,,,,0.8,949.9140151515151,44
xlstm,electricity,USA|california,US,True,rolling,2023-12-01,9,2024-09-01,22210.39,22478.685993598698,,,,0.8,949.9140151515151,44
xlstm,electricity,USA|california,US,True,rolling,2023-12-01,10,2024-10-01,20688.75,21780.85020175695,,,,0.8,949.9140151515151,44
xlstm,electricity,USA|california,US,True,rolling,2023-12-01,11,2024-11-01,17232.51,19949.952819395065,,,,0.8,949.9140151515151,44
xlstm,electricity,USA|california,US,True,rolling,2023-12-01,12,2024-12-01,17526.74,19281.321143018005,,,,0.8,949.9140151515151,44
xlstm,electricity,USA|california,US,True,rolling,2024-12-01,1,2025-01-01,18152.51,18200.5822655797,,,,0.8,951.2784782608695,44
xlstm,electricity,USA|california,US,True,rolling,2024-12-01,2,2025-02-01,17104.45,17619.39950903892,,,,0.8,951.2784782608695,44
xlstm,electricity,USA|california,US,True,rolling,2024-12-01,3,2025-03-01,18260.71,17893.95479673743,,,,0.8,951.2784782608695,44
xlstm,electricity,USA|california,US,True,rolling,2024-12-01,4,2025-04-01,18940.17,18443.832405098674,,,,0.8,951.2784782608695,44
xlstm,electricity,USA|california,US,True,rolling,2024-12-01,5,2025-05-01,20793.93,20054.999466798305,,,,0.8,951.2784782608695,44
xlstm,electricity,USA|california,US,True,rolling,2024-12-01,6,2025-06-01,22186.69,22463.849038052555,,,,0.8,951.2784782608695,44
xlstm,electricity,USA|california,US,True,rolling,2024-12-01,7,2025-07-01,24519.92,25178.29009138584,,,,0.8,951.2784782608695,44
xlstm,electricity,USA|california,US,True,rolling,2024-12-01,8,2025-08-01,25604.32,25118.489265825745,,,,0.8,951.2784782608695,44
xlstm,electricity,USA|california,US,True,rolling,2024-12-01,9,2025-09-01,22596.48,23573.051201026436,,,,0.8,951.2784782608695,44
xlstm,electricity,USA|california,US,True,rolling,2024-12-01,10,2025-10-01,19054.19,21000.166663005348,,,,0.8,951.2784782608695,44
xlstm,electricity,USA|california,US,True,rolling,2024-12-01,11,2025-11-01,17614.23,18499.00418224454,,,,0.8,951.2784782608695,44
xlstm,electricity,USA|california,US,True,rolling,2024-12-01,12,2025-12-01,16498.03,18103.15789136052,,,,0.8,951.2784782608695,44
xlstm,electricity,USA|colorado,US,True,holdout,last12,1,2025-01-01,5418.74,5439.249675903321,,,,0.8,198.18322463768112,44
xlstm,electricity,USA|colorado,US,True,holdout,last12,2,2025-02-01,4627.92,5117.405658969879,,,,0.8,198.18322463768112,44
xlstm,electricity,USA|colorado,US,True,holdout,last12,3,2025-03-01,4527.69,4932.579894943237,,,,0.8,198.18322463768112,44
xlstm,electricity,USA|colorado,US,True,holdout,last12,4,2025-04-01,4682.37,4359.554291763306,,,,0.8,198.18322463768112,44
xlstm,electricity,USA|colorado,US,True,holdout,last12,5,2025-05-01,4727.7,4753.14297000885,,,,0.8,198.18322463768112,44
xlstm,electricity,USA|colorado,US,True,holdout,last12,6,2025-06-01,5179.42,5543.030411720277,,,,0.8,198.18322463768112,44
xlstm,electricity,USA|colorado,US,True,holdout,last12,7,2025-07-01,5783.35,5707.357067909242,,,,0.8,198.18322463768112,44
xlstm,electricity,USA|colorado,US,True,holdout,last12,8,2025-08-01,5640.97,5569.928909263612,,,,0.8,198.18322463768112,44
xlstm,electricity,USA|colorado,US,True,holdout,last12,9,2025-09-01,4632.58,4987.9946574592595,,,,0.8,198.18322463768112,44
xlstm,electricity,USA|colorado,US,True,holdout,last12,10,2025-10-01,4460.1,4751.178723716736,,,,0.8,198.18322463768112,44
xlstm,electricity,USA|colorado,US,True,holdout,last12,11,2025-11-01,4424.68,4876.624093532562,,,,0.8,198.18322463768112,44
xlstm,electricity,USA|colorado,US,True,holdout,last12,12,2025-12-01,4793.87,5055.193369369507,,,,0.8,198.18322463768112,44
xlstm,electricity,USA|colorado,US,True,rolling,2022-12-01,1,2023-01-01,5229.02,5044.058360977173,,,,0.8,195.50396825396825,44
xlstm,electricity,USA|colorado,US,True,rolling,2022-12-01,2,2023-02-01,4493.73,4547.213250284195,,,,0.8,195.50396825396825,44
xlstm,electricity,USA|colorado,US,True,rolling,2022-12-01,3,2023-03-01,4904.8,4722.948414611817,,,,0.8,195.50396825396825,44
xlstm,electricity,USA|colorado,US,True,rolling,2022-12-01,4,2023-04-01,4342.03,4434.731416921616,,,,0.8,195.50396825396825,44
xlstm,electricity,USA|colorado,US,True,rolling,2022-12-01,5,2023-05-01,4203.73,4727.241573524476,,,,0.8,195.50396825396825,44
xlstm,electricity,USA|colorado,US,True,rolling,2022-12-01,6,2023-06-01,4564.4,5371.102311897279,,,,0.8,195.50396825396825,44
xlstm,electricity,USA|colorado,US,True,rolling,2022-12-01,7,2023-07-01,5774.94,5565.445316886903,,,,0.8,195.50396825396825,44
xlstm,electricity,USA|colorado,US,True,rolling,2022-12-01,8,2023-08-01,5698.1,5493.571203613283,,,,0.8,195.50396825396825,44
xlstm,electricity,USA|colorado,US,True,rolling,2022-12-01,9,2023-09-01,4803.4,4847.97455570221,,,,0.8,195.50396825396825,44
xlstm,electricity,USA|colorado,US,True,rolling,2022-12-01,10,2023-10-01,4721.21,4391.3006659221655,,,,0.8,195.50396825396825,44
xlstm,electricity,USA|colorado,US,True,rolling,2022-12-01,11,2023-11-01,4789.95,5070.554900245666,,,,0.8,195.50396825396825,44
xlstm,electricity,USA|colorado,US,True,rolling,2022-12-01,12,2023-12-01,5323.31,5405.574131278992,,,,0.8,195.50396825396825,44
xlstm,electricity,USA|colorado,US,True,rolling,2023-12-01,1,2024-01-01,5388.55,5329.174548606874,,,,0.8,195.87503787878785,44
xlstm,electricity,USA|colorado,US,True,rolling,2023-12-01,2,2024-02-01,5032.26,4633.335408878327,,,,0.8,195.87503787878785,44
xlstm,electricity,USA|colorado,US,True,rolling,2023-12-01,3,2024-03-01,4988.76,4980.403453826904,,,,0.8,195.87503787878785,44
xlstm,electricity,USA|colorado,US,True,rolling,2023-12-01,4,2024-04-01,4247.53,4315.330169887543,,,,0.8,195.87503787878785,44
xlstm,electricity,USA|colorado,US,True,rolling,2023-12-01,5,2024-05-01,4544.41,4270.834305877685,,,,0.8,195.87503787878785,44
xlstm,electricity,USA|colorado,US,True,rolling,2023-12-01,6,2024-06-01,5451.48,4643.0004421043395,,,,0.8,195.87503787878785,44
xlstm,electricity,USA|colorado,US,True,rolling,2023-12-01,7,2024-07-01,5908.36,5712.187903327943,,,,0.8,195.87503787878785,44
xlstm,electricity,USA|colorado,US,True,rolling,2023-12-01,8,2024-08-01,5666.89,5672.722019844056,,,,0.8,195.87503787878785,44
xlstm,electricity,USA|colorado,US,True,rolling,2023-12-01,9,2024-09-01,4993.79,4755.060907039643,,,,0.8,195.87503787878785,44
xlstm,electricity,USA|colorado,US,True,rolling,2023-12-01,10,2024-10-01,4645.96,4673.07181180954,,,,0.8,195.87503787878785,44
xlstm,electricity,USA|colorado,US,True,rolling,2023-12-01,11,2024-11-01,4766.05,4811.433033294678,,,,0.8,195.87503787878785,44
xlstm,electricity,USA|colorado,US,True,rolling,2023-12-01,12,2024-12-01,4894.2,5397.152570495607,,,,0.8,195.87503787878785,44
xlstm,electricity,USA|colorado,US,True,rolling,2024-12-01,1,2025-01-01,5418.74,5439.249675903321,,,,0.8,198.18322463768112,44
xlstm,electricity,USA|colorado,US,True,rolling,2024-12-01,2,2025-02-01,4627.92,5117.405658969879,,,,0.8,198.18322463768112,44
xlstm,electricity,USA|colorado,US,True,rolling,2024-12-01,3,2025-03-01,4527.69,4932.579894943237,,,,0.8,198.18322463768112,44
xlstm,electricity,USA|colorado,US,True,rolling,2024-12-01,4,2025-04-01,4682.37,4359.554291763306,,,,0.8,198.18322463768112,44
xlstm,electricity,USA|colorado,US,True,rolling,2024-12-01,5,2025-05-01,4727.7,4753.14297000885,,,,0.8,198.18322463768112,44
xlstm,electricity,USA|colorado,US,True,rolling,2024-12-01,6,2025-06-01,5179.42,5543.030411720277,,,,0.8,198.18322463768112,44
xlstm,electricity,USA|colorado,US,True,rolling,2024-12-01,7,2025-07-01,5783.35,5707.357067909242,,,,0.8,198.18322463768112,44
xlstm,electricity,USA|colorado,US,True,rolling,2024-12-01,8,2025-08-01,5640.97,5569.928909263612,,,,0.8,198.18322463768112,44
xlstm,electricity,USA|colorado,US,True,rolling,2024-12-01,9,2025-09-01,4632.58,4987.9946574592595,,,,0.8,198.18322463768112,44
xlstm,electricity,USA|colorado,US,True,rolling,2024-12-01,10,2025-10-01,4460.1,4751.178723716736,,,,0.8,198.18322463768112,44
xlstm,electricity,USA|colorado,US,True,rolling,2024-12-01,11,2025-11-01,4424.68,4876.624093532562,,,,0.8,198.18322463768112,44
xlstm,electricity,USA|colorado,US,True,rolling,2024-12-01,12,2025-12-01,4793.87,5055.193369369507,,,,0.8,198.18322463768112,44
xlstm,electricity,USA|connecticut,US,False,holdout,last12,1,2025-01-01,4000.76,3769.266579566598,,,,0.8,278.6471014492754,44
xlstm,electricity,USA|connecticut,US,False,holdout,last12,2,2025-02-01,3677.62,3787.235418416858,,,,0.8,278.6471014492754,44
xlstm,electricity,USA|connecticut,US,False,holdout,last12,3,2025-03-01,3986.73,3832.1145603841546,,,,0.8,278.6471014492754,44
xlstm,electricity,USA|connecticut,US,False,holdout,last12,4,2025-04-01,2993.68,3806.0353462004664,,,,0.8,278.6471014492754,44
xlstm,electricity,USA|connecticut,US,False,holdout,last12,5,2025-05-01,2739.76,3873.908740978837,,,,0.8,278.6471014492754,44
xlstm,electricity,USA|connecticut,US,False,holdout,last12,6,2025-06-01,3960.58,3919.924411918521,,,,0.8,278.6471014492754,44
xlstm,electricity,USA|connecticut,US,False,holdout,last12,7,2025-07-01,4677.73,3929.308670861125,,,,0.8,278.6471014492754,44
xlstm,electricity,USA|connecticut,US,False,holdout,last12,8,2025-08-01,4309.02,3889.5267611628774,,,,0.8,278.6471014492754,44
xlstm,electricity,USA|connecticut,US,False,holdout,last12,9,2025-09-01,3941.81,3805.3995079869032,,,,0.8,278.6471014492754,44
xlstm,electricity,USA|connecticut,US,False,holdout,last12,10,2025-10-01,3314.96,3810.963983717561,,,,0.8,278.6471014492754,44
xlstm,electricity,USA|connecticut,US,False,holdout,last12,11,2025-11-01,3804.45,3866.415188136697,,,,0.8,278.6471014492754,44
xlstm,electricity,USA|connecticut,US,False,holdout,last12,12,2025-12-01,4143.32,3867.555452340245,,,,0.8,278.6471014492754,44
xlstm,electricity,USA|connecticut,US,False,rolling,2022-12-01,1,2023-01-01,3786.13,3708.7270359563827,,,,0.8,266.3039285714285,44
xlstm,electricity,USA|connecticut,US,False,rolling,2022-12-01,2,2023-02-01,3336.81,3672.4015923309325,,,,0.8,266.3039285714285,44
xlstm,electricity,USA|connecticut,US,False,rolling,2022-12-01,3,2023-03-01,3901.54,3670.5441355633734,,,,0.8,266.3039285714285,44
xlstm,electricity,USA|connecticut,US,False,rolling,2022-12-01,4,2023-04-01,3005.52,2825.5165593135357,,,,0.8,266.3039285714285,44
xlstm,electricity,USA|connecticut,US,False,rolling,2022-12-01,5,2023-05-01,2710.92,3117.445517696738,,,,0.8,266.3039285714285,44
xlstm,electricity,USA|connecticut,US,False,rolling,2022-12-01,6,2023-06-01,2723.61,3905.751063777804,,,,0.8,266.3039285714285,44
xlstm,electricity,USA|connecticut,US,False,rolling,2022-12-01,7,2023-07-01,4312.21,3973.915544836521,,,,0.8,266.3039285714285,44
xlstm,electricity,USA|connecticut,US,False,rolling,2022-12-01,8,2023-08-01,4097.79,3941.752138878703,,,,0.8,266.3039285714285,44
xlstm,electricity,USA|connecticut,US,False,rolling,2022-12-01,9,2023-09-01,3682.53,3811.892189781666,,,,0.8,266.3039285714285,44
xlstm,electricity,USA|connecticut,US,False,rolling,2022-12-01,10,2023-10-01,3129.88,3654.0703010487555,,,,0.8,266.3039285714285,44
xlstm,electricity,USA|connecticut,US,False,rolling,2022-12-01,11,2023-11-01,2849.1,3698.9220714467765,,,,0.8,266.3039285714285,44
xlstm,electricity,USA|connecticut,US,False,rolling,2022-12-01,12,2023-12-01,3550.06,3658.796950660944,,,,0.8,266.3039285714285,44
xlstm,electricity,USA|connecticut,US,False,rolling,2023-12-01,1,2024-01-01,3585.76,3659.2372106957437,,,,0.8,269.75981060606057,44
xlstm,electricity,USA|connecticut,US,False,rolling,2023-12-01,2,2024-02-01,3493.08,3505.7441731679437,,,,0.8,269.75981060606057,44
xlstm,electricity,USA|connecticut,US,False,rolling,2023-12-01,3,2024-03-01,3884.06,3627.7712289917467,,,,0.8,269.75981060606057,44
xlstm,electricity,USA|connecticut,US,False,rolling,2023-12-01,4,2024-04-01,3366.94,2998.6249532866477,,,,0.8,269.75981060606057,44
xlstm,electricity,USA|connecticut,US,False,rolling,2023-12-01,5,2024-05-01,3552.55,2953.910784103274,,,,0.8,269.75981060606057,44
xlstm,electricity,USA|connecticut,US,False,rolling,2023-12-01,6,2024-06-01,4086.8,3317.705089624524,,,,0.8,269.75981060606057,44
xlstm,electricity,USA|connecticut,US,False,rolling,2023-12-01,7,2024-07-01,4650.22,3845.2402113008498,,,,0.8,269.75981060606057,44
xlstm,electricity,USA|connecticut,US,False,rolling,2023-12-01,8,2024-08-01,4488.68,3760.9506876695154,,,,0.8,269.75981060606057,44
xlstm,electricity,USA|connecticut,US,False,rolling,2023-12-01,9,2024-09-01,3709.43,3531.358272125125,,,,0.8,269.75981060606057,44
xlstm,electricity,USA|connecticut,US,False,rolling,2023-12-01,10,2024-10-01,3468.64,3154.734808345437,,,,0.8,269.75981060606057,44
xlstm,electricity,USA|connecticut,US,False,rolling,2023-12-01,11,2024-11-01,3923.06,3154.162853412628,,,,0.8,269.75981060606057,44
xlstm,electricity,USA|connecticut,US,False,rolling,2023-12-01,12,2024-12-01,4131.19,3596.444604434371,,,,0.8,269.75981060606057,44
xlstm,electricity,USA|connecticut,US,False,rolling,2024-12-01,1,2025-01-01,4000.76,3769.266579566598,,,,0.8,278.6471014492754,44
xlstm,electricity,USA|connecticut,US,False,rolling,2024-12-01,2,2025-02-01,3677.62,3787.235418416858,,,,0.8,278.6471014492754,44
xlstm,electricity,USA|connecticut,US,False,rolling,2024-12-01,3,2025-03-01,3986.73,3832.1145603841546,,,,0.8,278.6471014492754,44
xlstm,electricity,USA|connecticut,US,False,rolling,2024-12-01,4,2025-04-01,2993.68,3806.0353462004664,,,,0.8,278.6471014492754,44
xlstm,electricity,USA|connecticut,US,False,rolling,2024-12-01,5,2025-05-01,2739.76,3873.908740978837,,,,0.8,278.6471014492754,44
xlstm,electricity,USA|connecticut,US,False,rolling,2024-12-01,6,2025-06-01,3960.58,3919.924411918521,,,,0.8,278.6471014492754,44
xlstm,electricity,USA|connecticut,US,False,rolling,2024-12-01,7,2025-07-01,4677.73,3929.308670861125,,,,0.8,278.6471014492754,44
xlstm,electricity,USA|connecticut,US,False,rolling,2024-12-01,8,2025-08-01,4309.02,3889.5267611628774,,,,0.8,278.6471014492754,44
xlstm,electricity,USA|connecticut,US,False,rolling,2024-12-01,9,2025-09-01,3941.81,3805.3995079869032,,,,0.8,278.6471014492754,44
xlstm,electricity,USA|connecticut,US,False,rolling,2024-12-01,10,2025-10-01,3314.96,3810.963983717561,,,,0.8,278.6471014492754,44
xlstm,electricity,USA|connecticut,US,False,rolling,2024-12-01,11,2025-11-01,3804.45,3866.415188136697,,,,0.8,278.6471014492754,44
xlstm,electricity,USA|connecticut,US,False,rolling,2024-12-01,12,2025-12-01,4143.32,3867.555452340245,,,,0.8,278.6471014492754,44
xlstm,electricity,USA|delaware,US,False,holdout,last12,1,2025-01-01,598.85,347.7054715229571,,,,0.8,147.7436956521739,44
xlstm,electricity,USA|delaware,US,False,holdout,last12,2,2025-02-01,388.15,336.8606093129516,,,,0.8,147.7436956521739,44
xlstm,electricity,USA|delaware,US,False,holdout,last12,3,2025-03-01,202.27,329.92293582051997,,,,0.8,147.7436956521739,44
xlstm,electricity,USA|delaware,US,False,holdout,last12,4,2025-04-01,471.15,369.8619034403563,,,,0.8,147.7436956521739,44
xlstm,electricity,USA|delaware,US,False,holdout,last12,5,2025-05-01,210.98,403.0331054246426,,,,0.8,147.7436956521739,44
xlstm,electricity,USA|delaware,US,False,holdout,last12,6,2025-06-01,444.68,516.4008158570529,,,,0.8,147.7436956521739,44
xlstm,electricity,USA|delaware,US,False,holdout,last12,7,2025-07-01,888.68,581.6311424869299,,,,0.8,147.7436956521739,44
xlstm,electricity,USA|delaware,US,False,holdout,last12,8,2025-08-01,505.05,479.84854729622606,,,,0.8,147.7436956521739,44
xlstm,electricity,USA|delaware,US,False,holdout,last12,9,2025-09-01,437.0,404.9106210380793,,,,0.8,147.7436956521739,44
xlstm,electricity,USA|delaware,US,False,holdout,last12,10,2025-10-01,535.19,383.8776762595773,,,,0.8,147.7436956521739,44
xlstm,electricity,USA|delaware,US,False,holdout,last12,11,2025-11-01,435.67,344.5247443014384,,,,0.8,147.7436956521739,44
xlstm,electricity,USA|delaware,US,False,holdout,last12,12,2025-12-01,463.86,347.23602824836973,,,,0.8,147.7436956521739,44
xlstm,electricity,USA|delaware,US,False,rolling,2022-12-01,1,2023-01-01,369.3,377.9129738816619,,,,0.8,152.65269841269838,44
xlstm,electricity,USA|delaware,US,False,rolling,2022-12-01,2,2023-02-01,201.11,416.2654482108355,,,,0.8,152.65269841269838,44
xlstm,electricity,USA|delaware,US,False,rolling,2022-12-01,3,2023-03-01,314.17,431.43015089690687,,,,0.8,152.65269841269838,44
xlstm,electricity,USA|delaware,US,False,rolling,2022-12-01,4,2023-04-01,508.8,420.06557148307564,,,,0.8,152.65269841269838,44
xlstm,electricity,USA|delaware,US,False,rolling,2022-12-01,5,2023-05-01,342.38,454.6973244500161,,,,0.8,152.65269841269838,44
xlstm,electricity,USA|delaware,US,False,rolling,2022-12-01,6,2023-06-01,428.2,611.7039641433954,,,,0.8,152.65269841269838,44
xlstm,electricity,USA|delaware,US,False,rolling,2022-12-01,7,2023-07-01,873.25,811.349461696148,,,,0.8,152.65269841269838,44
xlstm,electricity,USA|delaware,US,False,rolling,2022-12-01,8,2023-08-01,581.87,826.8029980832339,,,,0.8,152.65269841269838,44
xlstm,electricity,USA|delaware,US,False,rolling,2022-12-01,9,2023-09-01,410.5,646.6088120460511,,,,0.8,152.65269841269838,44
xlstm,electricity,USA|delaware,US,False,rolling,2022-12-01,10,2023-10-01,449.66,528.0067551910878,,,,0.8,152.65269841269838,44
xlstm,electricity,USA|delaware,US,False,rolling,2022-12-01,11,2023-11-01,298.43,443.3722045990825,,,,0.8,152.65269841269838,44
xlstm,electricity,USA|delaware,US,False,rolling,2022-12-01,12,2023-12-01,154.16,404.52516612350945,,,,0.8,152.65269841269838,44
xlstm,electricity,USA|delaware,US,False,rolling,2023-12-01,1,2024-01-01,367.14,284.4875665080548,,,,0.8,150.24409090909091,44
xlstm,electricity,USA|delaware,US,False,rolling,2023-12-01,2,2024-02-01,346.14,331.4233969646693,,,,0.8,150.24409090909091,44
xlstm,electricity,USA|delaware,US,False,rolling,2023-12-01,3,2024-03-01,190.71,375.06058820247654,,,,0.8,150.24409090909091,44
xlstm,electricity,USA|delaware,US,False,rolling,2023-12-01,4,2024-04-01,356.75,425.01279004216195,,,,0.8,150.24409090909091,44
xlstm,electricity,USA|delaware,US,False,rolling,2023-12-01,5,2024-05-01,294.44,430.6276991659403,,,,0.8,150.24409090909091,44
xlstm,electricity,USA|delaware,US,False,rolling,2023-12-01,6,2024-06-01,579.04,489.58183104455475,,,,0.8,150.24409090909091,44
xlstm,electricity,USA|delaware,US,False,rolling,2023-12-01,7,2024-07-01,754.32,680.9612260681391,,,,0.8,150.24409090909091,44
xlstm,electricity,USA|delaware,US,False,rolling,2023-12-01,8,2024-08-01,500.59,575.985657029748,,,,0.8,150.24409090909091,44
xlstm,electricity,USA|delaware,US,False,rolling,2023-12-01,9,2024-09-01,382.74,429.3199011078477,,,,0.8,150.24409090909091,44
xlstm,electricity,USA|delaware,US,False,rolling,2023-12-01,10,2024-10-01,485.96,363.9173331640661,,,,0.8,150.24409090909091,44
xlstm,electricity,USA|delaware,US,False,rolling,2023-12-01,11,2024-11-01,302.27,329.62929037019614,,,,0.8,150.24409090909091,44
xlstm,electricity,USA|delaware,US,False,rolling,2023-12-01,12,2024-12-01,377.39,320.3773263880611,,,,0.8,150.24409090909091,44
xlstm,electricity,USA|delaware,US,False,rolling,2024-12-01,1,2025-01-01,598.85,347.7054715229571,,,,0.8,147.7436956521739,44
xlstm,electricity,USA|delaware,US,False,rolling,2024-12-01,2,2025-02-01,388.15,336.8606093129516,,,,0.8,147.7436956521739,44
xlstm,electricity,USA|delaware,US,False,rolling,2024-12-01,3,2025-03-01,202.27,329.92293582051997,,,,0.8,147.7436956521739,44
xlstm,electricity,USA|delaware,US,False,rolling,2024-12-01,4,2025-04-01,471.15,369.8619034403563,,,,0.8,147.7436956521739,44
xlstm,electricity,USA|delaware,US,False,rolling,2024-12-01,5,2025-05-01,210.98,403.0331054246426,,,,0.8,147.7436956521739,44
xlstm,electricity,USA|delaware,US,False,rolling,2024-12-01,6,2025-06-01,444.68,516.4008158570529,,,,0.8,147.7436956521739,44
xlstm,electricity,USA|delaware,US,False,rolling,2024-12-01,7,2025-07-01,888.68,581.6311424869299,,,,0.8,147.7436956521739,44
xlstm,electricity,USA|delaware,US,False,rolling,2024-12-01,8,2025-08-01,505.05,479.84854729622606,,,,0.8,147.7436956521739,44
xlstm,electricity,USA|delaware,US,False,rolling,2024-12-01,9,2025-09-01,437.0,404.9106210380793,,,,0.8,147.7436956521739,44
xlstm,electricity,USA|delaware,US,False,rolling,2024-12-01,10,2025-10-01,535.19,383.8776762595773,,,,0.8,147.7436956521739,44
xlstm,electricity,USA|delaware,US,False,rolling,2024-12-01,11,2025-11-01,435.67,344.5247443014384,,,,0.8,147.7436956521739,44
xlstm,electricity,USA|delaware,US,False,rolling,2024-12-01,12,2025-12-01,463.86,347.23602824836973,,,,0.8,147.7436956521739,44
xlstm,electricity,USA|florida,US,True,holdout,last12,1,2025-01-01,20780.7,19148.490253487824,,,,0.8,854.2251449275362,44
xlstm,electricity,USA|florida,US,True,holdout,last12,2,2025-02-01,17861.41,18797.4906574285,,,,0.8,854.2251449275362,44
xlstm,electricity,USA|florida,US,True,holdout,last12,3,2025-03-01,19077.93,19622.72985772252,,,,0.8,854.2251449275362,44
xlstm,electricity,USA|florida,US,True,holdout,last12,4,2025-04-01,20911.74,21732.07954205036,,,,0.8,854.2251449275362,44
xlstm,electricity,USA|florida,US,True,holdout,last12,5,2025-05-01,25342.66,24761.81794817209,,,,0.8,854.2251449275362,44
xlstm,electricity,USA|florida,US,True,holdout,last12,6,2025-06-01,25762.9,26199.928988168238,,,,0.8,854.2251449275362,44
xlstm,electricity,USA|florida,US,True,holdout,last12,7,2025-07-01,28205.58,27436.6097928977,,,,0.8,854.2251449275362,44
xlstm,electricity,USA|florida,US,True,holdout,last12,8,2025-08-01,27623.64,27292.190237472056,,,,0.8,854.2251449275362,44
xlstm,electricity,USA|florida,US,True,holdout,last12,9,2025-09-01,24796.75,25555.330484817026,,,,0.8,854.2251449275362,44
xlstm,electricity,USA|florida,US,True,holdout,last12,10,2025-10-01,22972.93,21752.561573336123,,,,0.8,854.2251449275362,44
xlstm,electricity,USA|florida,US,True,holdout,last12,11,2025-11-01,19037.18,19644.998804906605,,,,0.8,854.2251449275362,44
xlstm,electricity,USA|florida,US,True,holdout,last12,12,2025-12-01,19761.66,19379.120532075165,,,,0.8,854.2251449275362,44
xlstm,electricity,USA|florida,US,True,rolling,2022-12-01,1,2023-01-01,19104.71,19121.31458178103,,,,0.8,862.9941666666666,44
xlstm,electricity,USA|florida,US,True,rolling,2022-12-01,2,2023-02-01,17027.46,18650.869485863448,,,,0.8,862.9941666666666,44
xlstm,electricity,USA|florida,US,True,rolling,2022-12-01,3,2023-03-01,19525.76,19417.64476379216,,,,0.8,862.9941666666666,44
xlstm,electricity,USA|florida,US,True,rolling,2022-12-01,4,2023-04-01,20357.0,21398.050953734517,,,,0.8,862.9941666666666,44
xlstm,electricity,USA|florida,US,True,rolling,2022-12-01,5,2023-05-01,22945.84,24076.362478842737,,,,0.8,862.9941666666666,44
xlstm,electricity,USA|florida,US,True,rolling,2022-12-01,6,2023-06-01,24418.0,25406.113833819032,,,,0.8,862.9941666666666,44
xlstm,electricity,USA|florida,US,True,rolling,2022-12-01,7,2023-07-01,27330.22,26079.86042401731,,,,0.8,862.9941666666666,44
xlstm,electricity,USA|florida,US,True,rolling,2022-12-01,8,2023-08-01,28387.76,25692.211068251134,,,,0.8,862.9941666666666,44
xlstm,electricity,USA|florida,US,True,rolling,2022-12-01,9,2023-09-01,24632.92,24137.067702959775,,,,0.8,862.9941666666666,44
xlstm,electricity,USA|florida,US,True,rolling,2022-12-01,10,2023-10-01,21760.94,22052.99372248888,,,,0.8,862.9941666666666,44
xlstm,electricity,USA|florida,US,True,rolling,2022-12-01,11,2023-11-01,19037.51,19833.764102302193,,,,0.8,862.9941666666666,44
xlstm,electricity,USA|florida,US,True,rolling,2022-12-01,12,2023-12-01,18816.38,19687.90610610664,,,,0.8,862.9941666666666,44
xlstm,electricity,USA|florida,US,True,rolling,2023-12-01,1,2024-01-01,20073.95,19118.498004535435,,,,0.8,859.8837878787879,44
xlstm,electricity,USA|florida,US,True,rolling,2023-12-01,2,2024-02-01,17541.21,18566.48958910465,,,,0.8,859.8837878787879,44
xlstm,electricity,USA|florida,US,True,rolling,2023-12-01,3,2024-03-01,19591.11,19110.691732118128,,,,0.8,859.8837878787879,44
xlstm,electricity,USA|florida,US,True,rolling,2023-12-01,4,2024-04-01,20372.27,20342.581333438156,,,,0.8,859.8837878787879,44
xlstm,electricity,USA|florida,US,True,rolling,2023-12-01,5,2024-05-01,25533.57,22822.375746378897,,,,0.8,859.8837878787879,44
xlstm,electricity,USA|florida,US,True,rolling,2023-12-01,6,2024-06-01,25498.24,25242.547075936793,,,,0.8,859.8837878787879,44
xlstm,electricity,USA|florida,US,True,rolling,2023-12-01,7,2024-07-01,27998.29,26880.52362788677,,,,0.8,859.8837878787879,44
xlstm,electricity,USA|florida,US,True,rolling,2023-12-01,8,2024-08-01,27612.1,26952.50465036392,,,,0.8,859.8837878787879,44
xlstm,electricity,USA|florida,US,True,rolling,2023-12-01,9,2024-09-01,25560.36,25302.353444764613,,,,0.8,859.8837878787879,44
xlstm,electricity,USA|florida,US,True,rolling,2023-12-01,10,2024-10-01,21828.56,22239.30958885908,,,,0.8,859.8837878787879,44
xlstm,electricity,USA|florida,US,True,rolling,2023-12-01,11,2024-11-01,20079.76,19099.645854303835,,,,0.8,859.8837878787879,44
xlstm,electricity,USA|florida,US,True,rolling,2023-12-01,12,2024-12-01,18772.18,19330.966617444752,,,,0.8,859.8837878787879,44
xlstm,electricity,USA|florida,US,True,rolling,2024-12-01,1,2025-01-01,20780.7,19148.490253487824,,,,0.8,854.2251449275362,44
xlstm,electricity,USA|florida,US,True,rolling,2024-12-01,2,2025-02-01,17861.41,18797.4906574285,,,,0.8,854.2251449275362,44
xlstm,electricity,USA|florida,US,True,rolling,2024-12-01,3,2025-03-01,19077.93,19622.72985772252,,,,0.8,854.2251449275362,44
xlstm,electricity,USA|florida,US,True,rolling,2024-12-01,4,2025-04-01,20911.74,21732.07954205036,,,,0.8,854.2251449275362,44
xlstm,electricity,USA|florida,US,True,rolling,2024-12-01,5,2025-05-01,25342.66,24761.81794817209,,,,0.8,854.2251449275362,44
xlstm,electricity,USA|florida,US,True,rolling,2024-12-01,6,2025-06-01,25762.9,26199.928988168238,,,,0.8,854.2251449275362,44
xlstm,electricity,USA|florida,US,True,rolling,2024-12-01,7,2025-07-01,28205.58,27436.6097928977,,,,0.8,854.2251449275362,44
xlstm,electricity,USA|florida,US,True,rolling,2024-12-01,8,2025-08-01,27623.64,27292.190237472056,,,,0.8,854.2251449275362,44
xlstm,electricity,USA|florida,US,True,rolling,2024-12-01,9,2025-09-01,24796.75,25555.330484817026,,,,0.8,854.2251449275362,44
xlstm,electricity,USA|florida,US,True,rolling,2024-12-01,10,2025-10-01,22972.93,21752.561573336123,,,,0.8,854.2251449275362,44
xlstm,electricity,USA|florida,US,True,rolling,2024-12-01,11,2025-11-01,19037.18,19644.998804906605,,,,0.8,854.2251449275362,44
xlstm,electricity,USA|florida,US,True,rolling,2024-12-01,12,2025-12-01,19761.66,19379.120532075165,,,,0.8,854.2251449275362,44
xlstm,electricity,USA|georgia,US,True,holdout,last12,1,2025-01-01,13390.05,11246.03163234353,,,,0.8,747.4295289855072,44
xlstm,electricity,USA|georgia,US,True,holdout,last12,2,2025-02-01,10482.79,10198.371750280856,,,,0.8,747.4295289855072,44
xlstm,electricity,USA|georgia,US,True,holdout,last12,3,2025-03-01,10031.68,9871.17421078801,,,,0.8,747.4295289855072,44
xlstm,electricity,USA|georgia,US,True,holdout,last12,4,2025-04-01,11437.67,10536.307179991007,,,,0.8,747.4295289855072,44
xlstm,electricity,USA|georgia,US,True,holdout,last12,5,2025-05-01,12052.93,12043.980302658081,,,,0.8,747.4295289855072,44
xlstm,electricity,USA|georgia,US,True,holdout,last12,6,2025-06-01,13411.4,12884.72397094488,,,,0.8,747.4295289855072,44
xlstm,electricity,USA|georgia,US,True,holdout,last12,7,2025-07-01,15327.85,13542.54018851757,,,,0.8,747.4295289855072,44
xlstm,electricity,USA|georgia,US,True,holdout,last12,8,2025-08-01,13974.75,13741.332679457664,,,,0.8,747.4295289855072,44
xlstm,electricity,USA|georgia,US,True,holdout,last12,9,2025-09-01,11673.9,11505.823944979906,,,,0.8,747.4295289855072,44
xlstm,electricity,USA|georgia,US,True,holdout,last12,10,2025-10-01,11927.92,10872.850635647774,,,,0.8,747.4295289855072,44
xlstm,electricity,USA|georgia,US,True,holdout,last12,11,2025-11-01,11220.68,10512.827303317785,,,,0.8,747.4295289855072,44
xlstm,electricity,USA|georgia,US,True,holdout,last12,12,2025-12-01,12534.58,10918.895624120234,,,,0.8,747.4295289855072,44
xlstm,electricity,USA|georgia,US,True,rolling,2022-12-01,1,2023-01-01,10035.26,10869.738976557253,,,,0.8,732.9744444444444,44
xlstm,electricity,USA|georgia,US,True,rolling,2022-12-01,2,2023-02-01,8512.07,9031.349751300215,,,,0.8,732.9744444444444,44
xlstm,electricity,USA|georgia,US,True,rolling,2022-12-01,3,2023-03-01,9485.62,8922.137900975345,,,,0.8,732.9744444444444,44
xlstm,electricity,USA|georgia,US,True,rolling,2022-12-01,4,2023-04-01,9812.98,9400.691424669623,,,,0.8,732.9744444444444,44
xlstm,electricity,USA|georgia,US,True,rolling,2022-12-01,5,2023-05-01,11673.53,10739.1210812366,,,,0.8,732.9744444444444,44
xlstm,electricity,USA|georgia,US,True,rolling,2022-12-01,6,2023-06-01,11818.66,12378.055898618697,,,,0.8,732.9744444444444,44
xlstm,electricity,USA|georgia,US,True,rolling,2022-12-01,7,2023-07-01,13300.43,12788.216960420608,,,,0.8,732.9744444444444,44
xlstm,electricity,USA|georgia,US,True,rolling,2022-12-01,8,2023-08-01,14478.58,12684.719541888237,,,,0.8,732.9744444444444,44
xlstm,electricity,USA|georgia,US,True,rolling,2022-12-01,9,2023-09-01,11802.27,10345.872002817392,,,,0.8,732.9744444444444,44
xlstm,electricity,USA|georgia,US,True,rolling,2022-12-01,10,2023-10-01,10947.02,9511.896090500355,,,,0.8,732.9744444444444,44
xlstm,electricity,USA|georgia,US,True,rolling,2022-12-01,11,2023-11-01,10184.64,10170.319416599274,,,,0.8,732.9744444444444,44
xlstm,electricity,USA|georgia,US,True,rolling,2022-12-01,12,2023-12-01,11085.33,10629.855903811454,,,,0.8,732.9744444444444,44
xlstm,electricity,USA|georgia,US,True,rolling,2023-12-01,1,2024-01-01,12624.05,9817.181433331965,,,,0.8,742.5077272727272,44
xlstm,electricity,USA|georgia,US,True,rolling,2023-12-01,2,2024-02-01,10058.39,9052.350601491331,,,,0.8,742.5077272727272,44
xlstm,electricity,USA|georgia,US,True,rolling,2023-12-01,3,2024-03-01,9960.56,9208.723207309842,,,,0.8,742.5077272727272,44
xlstm,electricity,USA|georgia,US,True,rolling,2023-12-01,4,2024-04-01,10404.89,9728.077432162165,,,,0.8,742.5077272727272,44
xlstm,electricity,USA|georgia,US,True,rolling,2023-12-01,5,2024-05-01,12586.19,10911.67527147889,,,,0.8,742.5077272727272,44
xlstm,electricity,USA|georgia,US,True,rolling,2023-12-01,6,2024-06-01,13276.97,11993.268053443431,,,,0.8,742.5077272727272,44
xlstm,electricity,USA|georgia,US,True,rolling,2023-12-01,7,2024-07-01,14210.16,12763.403450453281,,,,0.8,742.5077272727272,44
xlstm,electricity,USA|georgia,US,True,rolling,2023-12-01,8,2024-08-01,14917.91,13331.64745947361,,,,0.8,742.5077272727272,44
xlstm,electricity,USA|georgia,US,True,rolling,2023-12-01,9,2024-09-01,11113.82,12067.974307272434,,,,0.8,742.5077272727272,44
xlstm,electricity,USA|georgia,US,True,rolling,2023-12-01,10,2024-10-01,10971.31,10536.156998114586,,,,0.8,742.5077272727272,44
xlstm,electricity,USA|georgia,US,True,rolling,2023-12-01,11,2024-11-01,10051.19,10316.599071062803,,,,0.8,742.5077272727272,44
xlstm,electricity,USA|georgia,US,True,rolling,2023-12-01,12,2024-12-01,11585.66,10894.885666954517,,,,0.8,742.5077272727272,44
xlstm,electricity,USA|georgia,US,True,rolling,2024-12-01,1,2025-01-01,13390.05,11246.03163234353,,,,0.8,747.4295289855072,44
xlstm,electricity,USA|georgia,US,True,rolling,2024-12-01,2,2025-02-01,10482.79,10198.371750280856,,,,0.8,747.4295289855072,44
xlstm,electricity,USA|georgia,US,True,rolling,2024-12-01,3,2025-03-01,10031.68,9871.17421078801,,,,0.8,747.4295289855072,44
xlstm,electricity,USA|georgia,US,True,rolling,2024-12-01,4,2025-04-01,11437.67,10536.307179991007,,,,0.8,747.4295289855072,44
xlstm,electricity,USA|georgia,US,True,rolling,2024-12-01,5,2025-05-01,12052.93,12043.980302658081,,,,0.8,747.4295289855072,44
xlstm,electricity,USA|georgia,US,True,rolling,2024-12-01,6,2025-06-01,13411.4,12884.72397094488,,,,0.8,747.4295289855072,44
xlstm,electricity,USA|georgia,US,True,rolling,2024-12-01,7,2025-07-01,15327.85,13542.54018851757,,,,0.8,747.4295289855072,44
xlstm,electricity,USA|georgia,US,True,rolling,2024-12-01,8,2025-08-01,13974.75,13741.332679457664,,,,0.8,747.4295289855072,44
xlstm,electricity,USA|georgia,US,True,rolling,2024-12-01,9,2025-09-01,11673.9,11505.823944979906,,,,0.8,747.4295289855072,44
xlstm,electricity,USA|georgia,US,True,rolling,2024-12-01,10,2025-10-01,11927.92,10872.850635647774,,,,0.8,747.4295289855072,44
xlstm,electricity,USA|georgia,US,True,rolling,2024-12-01,11,2025-11-01,11220.68,10512.827303317785,,,,0.8,747.4295289855072,44
xlstm,electricity,USA|georgia,US,True,rolling,2024-12-01,12,2025-12-01,12534.58,10918.895624120234,,,,0.8,747.4295289855072,44
xlstm,electricity,USA|idaho,US,False,holdout,last12,1,2025-01-01,1793.04,1444.6512596660853,,,,0.8,150.9736956521739,44
xlstm,electricity,USA|idaho,US,False,holdout,last12,2,2025-02-01,1441.5,1407.9636590713262,,,,0.8,150.9736956521739,44
xlstm,electricity,USA|idaho,US,False,holdout,last12,3,2025-03-01,1513.46,1427.8083572739363,,,,0.8,150.9736956521739,44
xlstm,electricity,USA|idaho,US,False,holdout,last12,4,2025-04-01,1519.66,1312.1313143903017,,,,0.8,150.9736956521739,44
xlstm,electricity,USA|idaho,US,False,holdout,last12,5,2025-05-01,1660.89,1314.639258285761,,,,0.8,150.9736956521739,44
xlstm,electricity,USA|idaho,US,False,holdout,last12,6,2025-06-01,1882.53,1533.6423897320033,,,,0.8,150.9736956521739,44
xlstm,electricity,USA|idaho,US,False,holdout,last12,7,2025-07-01,1854.16,1548.8243736618756,,,,0.8,150.9736956521739,44
xlstm,electricity,USA|idaho,US,False,holdout,last12,8,2025-08-01,1850.64,1508.851829522252,,,,0.8,150.9736956521739,44
xlstm,electricity,USA|idaho,US,False,holdout,last12,9,2025-09-01,1526.96,1416.809921416044,,,,0.8,150.9736956521739,44
xlstm,electricity,USA|idaho,US,False,holdout,last12,10,2025-10-01,1475.77,1413.4988301360606,,,,0.8,150.9736956521739,44
xlstm,electricity,USA|idaho,US,False,holdout,last12,11,2025-11-01,1675.51,1542.0384095692634,,,,0.8,150.9736956521739,44
xlstm,electricity,USA|idaho,US,False,holdout,last12,12,2025-12-01,2130.78,1557.0543732905387,,,,0.8,150.9736956521739,44
xlstm,electricity,USA|idaho,US,False,rolling,2022-12-01,1,2023-01-01,1380.16,1409.0014196956156,,,,0.8,149.8426984126984,44
xlstm,electricity,USA|idaho,US,False,rolling,2022-12-01,2,2023-02-01,1260.53,1411.790720384717,,,,0.8,149.8426984126984,44
xlstm,electricity,USA|idaho,US,False,rolling,2022-12-01,3,2023-03-01,1291.75,1447.5177499020099,,,,0.8,149.8426984126984,44
xlstm,electricity,USA|idaho,US,False,rolling,2022-12-01,4,2023-04-01,1075.44,1425.922317557931,,,,0.8,149.8426984126984,44
xlstm,electricity,USA|idaho,US,False,rolling,2022-12-01,5,2023-05-01,1487.48,1468.6974153482913,,,,0.8,149.8426984126984,44
xlstm,electricity,USA|idaho,US,False,rolling,2022-12-01,6,2023-06-01,1342.94,1432.492025553584,,,,0.8,149.8426984126984,44
xlstm,electricity,USA|idaho,US,False,rolling,2022-12-01,7,2023-07-01,1492.79,1512.389922543764,,,,0.8,149.8426984126984,44
xlstm,electricity,USA|idaho,US,False,rolling,2022-12-01,8,2023-08-01,1443.98,1450.2094443196058,,,,0.8,149.8426984126984,44
xlstm,electricity,USA|idaho,US,False,rolling,2022-12-01,9,2023-09-01,1151.74,1367.2767086619137,,,,0.8,149.8426984126984,44
xlstm,electricity,USA|idaho,US,False,rolling,2022-12-01,10,2023-10-01,1103.75,1331.7825014436244,,,,0.8,149.8426984126984,44
xlstm,electricity,USA|idaho,US,False,rolling,2022-12-01,11,2023-11-01,1331.38,1440.5487516635656,,,,0.8,149.8426984126984,44
xlstm,electricity,USA|idaho,US,False,rolling,2022-12-01,12,2023-12-01,1353.0,1419.7774207109212,,,,0.8,149.8426984126984,44
xlstm,electricity,USA|idaho,US,False,rolling,2023-12-01,1,2024-01-01,1400.63,1365.013765462637,,,,0.8,147.1766287878788,44
xlstm,electricity,USA|idaho,US,False,rolling,2023-12-01,2,2024-02-01,1302.94,1318.7920917236804,,,,0.8,147.1766287878788,44
xlstm,electricity,USA|idaho,US,False,rolling,2023-12-01,3,2024-03-01,1483.53,1331.8407070183753,,,,0.8,147.1766287878788,44
xlstm,electricity,USA|idaho,US,False,rolling,2023-12-01,4,2024-04-01,1274.03,1322.1417777770757,,,,0.8,147.1766287878788,44
xlstm,electricity,USA|idaho,US,False,rolling,2023-12-01,5,2024-05-01,1041.02,1481.0038647913932,,,,0.8,147.1766287878788,44
xlstm,electricity,USA|idaho,US,False,rolling,2023-12-01,6,2024-06-01,1725.13,1461.4793867969513,,,,0.8,147.1766287878788,44
xlstm,electricity,USA|idaho,US,False,rolling,2023-12-01,7,2024-07-01,1790.53,1509.5220891022682,,,,0.8,147.1766287878788,44
xlstm,electricity,USA|idaho,US,False,rolling,2023-12-01,8,2024-08-01,1688.4,1451.0836920523643,,,,0.8,147.1766287878788,44
xlstm,electricity,USA|idaho,US,False,rolling,2023-12-01,9,2024-09-01,1399.16,1313.4241945260762,,,,0.8,147.1766287878788,44
xlstm,electricity,USA|idaho,US,False,rolling,2023-12-01,10,2024-10-01,1217.37,1327.668979155421,,,,0.8,147.1766287878788,44
xlstm,electricity,USA|idaho,US,False,rolling,2023-12-01,11,2024-11-01,1598.35,1417.3338611358404,,,,0.8,147.1766287878788,44
xlstm,electricity,USA|idaho,US,False,rolling,2023-12-01,12,2024-12-01,1715.04,1409.4450357222556,,,,0.8,147.1766287878788,44
xlstm,electricity,USA|idaho,US,False,rolling,2024-12-01,1,2025-01-01,1793.04,1444.6512596660853,,,,0.8,150.9736956521739,44
xlstm,electricity,USA|idaho,US,False,rolling,2024-12-01,2,2025-02-01,1441.5,1407.9636590713262,,,,0.8,150.9736956521739,44
xlstm,electricity,USA|idaho,US,False,rolling,2024-12-01,3,2025-03-01,1513.46,1427.8083572739363,,,,0.8,150.9736956521739,44
xlstm,electricity,USA|idaho,US,False,rolling,2024-12-01,4,2025-04-01,1519.66,1312.1313143903017,,,,0.8,150.9736956521739,44
xlstm,electricity,USA|idaho,US,False,rolling,2024-12-01,5,2025-05-01,1660.89,1314.639258285761,,,,0.8,150.9736956521739,44
xlstm,electricity,USA|idaho,US,False,rolling,2024-12-01,6,2025-06-01,1882.53,1533.6423897320033,,,,0.8,150.9736956521739,44
xlstm,electricity,USA|idaho,US,False,rolling,2024-12-01,7,2025-07-01,1854.16,1548.8243736618756,,,,0.8,150.9736956521739,44
xlstm,electricity,USA|idaho,US,False,rolling,2024-12-01,8,2025-08-01,1850.64,1508.851829522252,,,,0.8,150.9736956521739,44
xlstm,electricity,USA|idaho,US,False,rolling,2024-12-01,9,2025-09-01,1526.96,1416.809921416044,,,,0.8,150.9736956521739,44
xlstm,electricity,USA|idaho,US,False,rolling,2024-12-01,10,2025-10-01,1475.77,1413.4988301360606,,,,0.8,150.9736956521739,44
xlstm,electricity,USA|idaho,US,False,rolling,2024-12-01,11,2025-11-01,1675.51,1542.0384095692634,,,,0.8,150.9736956521739,44
xlstm,electricity,USA|idaho,US,False,rolling,2024-12-01,12,2025-12-01,2130.78,1557.0543732905387,,,,0.8,150.9736956521739,44
xlstm,electricity,USA|illinois,US,True,holdout,last12,1,2025-01-01,18190.93,16459.704015762807,,,,0.8,722.6458333333334,44
xlstm,electricity,USA|illinois,US,True,holdout,last12,2,2025-02-01,15824.61,14902.209821024837,,,,0.8,722.6458333333334,44
xlstm,electricity,USA|illinois,US,True,holdout,last12,3,2025-03-01,15777.42,14953.257213089468,,,,0.8,722.6458333333334,44
xlstm,electricity,USA|illinois,US,True,holdout,last12,4,2025-04-01,15046.57,14459.237035593393,,,,0.8,722.6458333333334,44
xlstm,electricity,USA|illinois,US,True,holdout,last12,5,2025-05-01,15082.73,14594.072692237796,,,,0.8,722.6458333333334,44
xlstm,electricity,USA|illinois,US,True,holdout,last12,6,2025-06-01,16867.0,16729.798765252828,,,,0.8,722.6458333333334,44
xlstm,electricity,USA|illinois,US,True,holdout,last12,7,2025-07-01,18840.63,17413.696834002734,,,,0.8,722.6458333333334,44
xlstm,electricity,USA|illinois,US,True,holdout,last12,8,2025-08-01,17134.05,17290.227659224274,,,,0.8,722.6458333333334,44
xlstm,electricity,USA|illinois,US,True,holdout,last12,9,2025-09-01,14858.28,14942.808953986765,,,,0.8,722.6458333333334,44
xlstm,electricity,USA|illinois,US,True,holdout,last12,10,2025-10-01,16074.6,15123.967325670124,,,,0.8,722.6458333333334,44
xlstm,electricity,USA|illinois,US,True,holdout,last12,11,2025-11-01,15168.03,14779.942715131643,,,,0.8,722.6458333333334,44
xlstm,electricity,USA|illinois,US,True,holdout,last12,12,2025-12-01,17647.88,16704.8199176842,,,,0.8,722.6458333333334,44
xlstm,electricity,USA|illinois,US,True,rolling,2022-12-01,1,2023-01-01,15515.43,17165.775910267235,,,,0.8,711.1996031746031,44
xlstm,electricity,USA|illinois,US,True,rolling,2022-12-01,2,2023-02-01,13914.48,15353.426586564781,,,,0.8,711.1996031746031,44
xlstm,electricity,USA|illinois,US,True,rolling,2022-12-01,3,2023-03-01,14226.43,15338.553438600899,,,,0.8,711.1996031746031,44
xlstm,electricity,USA|illinois,US,True,rolling,2022-12-01,4,2023-04-01,13091.63,14835.043857532146,,,,0.8,711.1996031746031,44
xlstm,electricity,USA|illinois,US,True,rolling,2022-12-01,5,2023-05-01,13351.04,15198.729089154305,,,,0.8,711.1996031746031,44
xlstm,electricity,USA|illinois,US,True,rolling,2022-12-01,6,2023-06-01,15022.37,15977.184272172452,,,,0.8,711.1996031746031,44
xlstm,electricity,USA|illinois,US,True,rolling,2022-12-01,7,2023-07-01,17286.42,16810.669247230293,,,,0.8,711.1996031746031,44
xlstm,electricity,USA|illinois,US,True,rolling,2022-12-01,8,2023-08-01,16702.49,16328.277817640306,,,,0.8,711.1996031746031,44
xlstm,electricity,USA|illinois,US,True,rolling,2022-12-01,9,2023-09-01,14047.91,15004.580674670042,,,,0.8,711.1996031746031,44
xlstm,electricity,USA|illinois,US,True,rolling,2022-12-01,10,2023-10-01,15211.37,14846.292718231083,,,,0.8,711.1996031746031,44
xlstm,electricity,USA|illinois,US,True,rolling,2022-12-01,11,2023-11-01,15134.19,15319.293507145645,,,,0.8,711.1996031746031,44
xlstm,electricity,USA|illinois,US,True,rolling,2022-12-01,12,2023-12-01,15809.35,16705.743389656545,,,,0.8,711.1996031746031,44
xlstm,electricity,USA|illinois,US,True,rolling,2023-12-01,1,2024-01-01,16586.58,15555.784375260473,,,,0.8,719.5523106060606,44
xlstm,electricity,USA|illinois,US,True,rolling,2023-12-01,2,2024-02-01,14594.7,14633.681474415065,,,,0.8,719.5523106060606,44
xlstm,electricity,USA|illinois,US,True,rolling,2023-12-01,3,2024-03-01,15081.14,14581.050959767104,,,,0.8,719.5523106060606,44
xlstm,electricity,USA|illinois,US,True,rolling,2023-12-01,4,2024-04-01,14153.93,14124.606954033377,,,,0.8,719.5523106060606,44
xlstm,electricity,USA|illinois,US,True,rolling,2023-12-01,5,2024-05-01,14480.07,14111.15050928265,,,,0.8,719.5523106060606,44
xlstm,electricity,USA|illinois,US,True,rolling,2023-12-01,6,2024-06-01,16503.57,15002.897622698547,,,,0.8,719.5523106060606,44
xlstm,electricity,USA|illinois,US,True,rolling,2023-12-01,7,2024-07-01,17414.9,17283.928997127416,,,,0.8,719.5523106060606,44
xlstm,electricity,USA|illinois,US,True,rolling,2023-12-01,8,2024-08-01,17400.87,16321.43634843886,,,,0.8,719.5523106060606,44
xlstm,electricity,USA|illinois,US,True,rolling,2023-12-01,9,2024-09-01,14872.86,14450.345264198186,,,,0.8,719.5523106060606,44
xlstm,electricity,USA|illinois,US,True,rolling,2023-12-01,10,2024-10-01,15426.52,15029.105757273735,,,,0.8,719.5523106060606,44
xlstm,electricity,USA|illinois,US,True,rolling,2023-12-01,11,2024-11-01,14481.11,15140.771404924395,,,,0.8,719.5523106060606,44
xlstm,electricity,USA|illinois,US,True,rolling,2023-12-01,12,2024-12-01,16499.14,15820.691739662887,,,,0.8,719.5523106060606,44
xlstm,electricity,USA|illinois,US,True,rolling,2024-12-01,1,2025-01-01,18190.93,16459.704015762807,,,,0.8,722.6458333333334,44
xlstm,electricity,USA|illinois,US,True,rolling,2024-12-01,2,2025-02-01,15824.61,14902.209821024837,,,,0.8,722.6458333333334,44
xlstm,electricity,USA|illinois,US,True,rolling,2024-12-01,3,2025-03-01,15777.42,14953.257213089468,,,,0.8,722.6458333333334,44
xlstm,electricity,USA|illinois,US,True,rolling,2024-12-01,4,2025-04-01,15046.57,14459.237035593393,,,,0.8,722.6458333333334,44
xlstm,electricity,USA|illinois,US,True,rolling,2024-12-01,5,2025-05-01,15082.73,14594.072692237796,,,,0.8,722.6458333333334,44
xlstm,electricity,USA|illinois,US,True,rolling,2024-12-01,6,2025-06-01,16867.0,16729.798765252828,,,,0.8,722.6458333333334,44
xlstm,electricity,USA|illinois,US,True,rolling,2024-12-01,7,2025-07-01,18840.63,17413.696834002734,,,,0.8,722.6458333333334,44
xlstm,electricity,USA|illinois,US,True,rolling,2024-12-01,8,2025-08-01,17134.05,17290.227659224274,,,,0.8,722.6458333333334,44
xlstm,electricity,USA|illinois,US,True,rolling,2024-12-01,9,2025-09-01,14858.28,14942.808953986765,,,,0.8,722.6458333333334,44
xlstm,electricity,USA|illinois,US,True,rolling,2024-12-01,10,2025-10-01,16074.6,15123.967325670124,,,,0.8,722.6458333333334,44
xlstm,electricity,USA|illinois,US,True,rolling,2024-12-01,11,2025-11-01,15168.03,14779.942715131643,,,,0.8,722.6458333333334,44
xlstm,electricity,USA|illinois,US,True,rolling,2024-12-01,12,2025-12-01,17647.88,16704.8199176842,,,,0.8,722.6458333333334,44
xlstm,electricity,USA|indiana,US,True,holdout,last12,1,2025-01-01,11308.63,8039.882716563046,,,,0.8,721.3359782608696,44
xlstm,electricity,USA|indiana,US,True,holdout,last12,2,2025-02-01,9085.6,7592.242483690679,,,,0.8,721.3359782608696,44
xlstm,electricity,USA|indiana,US,True,holdout,last12,3,2025-03-01,8891.16,7624.568411208391,,,,0.8,721.3359782608696,44
xlstm,electricity,USA|indiana,US,True,holdout,last12,4,2025-04-01,7854.58,7691.323457090854,,,,0.8,721.3359782608696,44
xlstm,electricity,USA|indiana,US,True,holdout,last12,5,2025-05-01,7435.69,7957.899003634155,,,,0.8,721.3359782608696,44
xlstm,electricity,USA|indiana,US,True,holdout,last12,6,2025-06-01,8935.97,8363.577843801975,,,,0.8,721.3359782608696,44
xlstm,electricity,USA|indiana,US,True,holdout,last12,7,2025-07-01,11067.11,8319.426009975075,,,,0.8,721.3359782608696,44
xlstm,electricity,USA|indiana,US,True,holdout,last12,8,2025-08-01,9555.52,7924.760071262717,,,,0.8,721.3359782608696,44
xlstm,electricity,USA|indiana,US,True,holdout,last12,9,2025-09-01,8774.35,7599.433543567061,,,,0.8,721.3359782608696,44
xlstm,electricity,USA|indiana,US,True,holdout,last12,10,2025-10-01,9172.56,7765.604787591696,,,,0.8,721.3359782608696,44
xlstm,electricity,USA|indiana,US,True,holdout,last12,11,2025-11-01,7765.74,7980.391405843497,,,,0.8,721.3359782608696,44
xlstm,electricity,USA|indiana,US,True,holdout,last12,12,2025-12-01,9813.61,8193.055067167581,,,,0.8,721.3359782608696,44
xlstm,electricity,USA|indiana,US,True,rolling,2022-12-01,1,2023-01-01,8172.06,8467.72791843772,,,,0.8,726.8188492063491,44
xlstm,electricity,USA|indiana,US,True,rolling,2022-12-01,2,2023-02-01,7559.39,8202.25587823689,,,,0.8,726.8188492063491,44
xlstm,electricity,USA|indiana,US,True,rolling,2022-12-01,3,2023-03-01,7583.13,8058.417909489274,,,,0.8,726.8188492063491,44
xlstm,electricity,USA|indiana,US,True,rolling,2022-12-01,4,2023-04-01,6303.19,8181.22137422055,,,,0.8,726.8188492063491,44
xlstm,electricity,USA|indiana,US,True,rolling,2022-12-01,5,2023-05-01,6373.61,8331.91078564018,,,,0.8,726.8188492063491,44
xlstm,electricity,USA|indiana,US,True,rolling,2022-12-01,6,2023-06-01,8019.4,8341.072064548134,,,,0.8,726.8188492063491,44
xlstm,electricity,USA|indiana,US,True,rolling,2022-12-01,7,2023-07-01,8734.29,8274.786812482178,,,,0.8,726.8188492063491,44
xlstm,electricity,USA|indiana,US,True,rolling,2022-12-01,8,2023-08-01,8994.49,8115.565442218184,,,,0.8,726.8188492063491,44
xlstm,electricity,USA|indiana,US,True,rolling,2022-12-01,9,2023-09-01,7212.64,7816.2351041036845,,,,0.8,726.8188492063491,44
xlstm,electricity,USA|indiana,US,True,rolling,2022-12-01,10,2023-10-01,7234.17,7990.623247626126,,,,0.8,726.8188492063491,44
xlstm,electricity,USA|indiana,US,True,rolling,2022-12-01,11,2023-11-01,7404.86,8313.953600830733,,,,0.8,726.8188492063491,44
xlstm,electricity,USA|indiana,US,True,rolling,2022-12-01,12,2023-12-01,7776.16,8551.855352661907,,,,0.8,726.8188492063491,44
xlstm,electricity,USA|indiana,US,True,rolling,2023-12-01,1,2024-01-01,9623.73,7772.911648748815,,,,0.8,727.9347727272727,44
xlstm,electricity,USA|indiana,US,True,rolling,2023-12-01,2,2024-02-01,7215.47,7628.800748361945,,,,0.8,727.9347727272727,44
xlstm,electricity,USA|indiana,US,True,rolling,2023-12-01,3,2024-03-01,7147.37,7576.430317949504,,,,0.8,727.9347727272727,44
xlstm,electricity,USA|indiana,US,True,rolling,2023-12-01,4,2024-04-01,6610.66,7474.538068802059,,,,0.8,727.9347727272727,44
xlstm,electricity,USA|indiana,US,True,rolling,2023-12-01,5,2024-05-01,6761.4,7635.364684405923,,,,0.8,727.9347727272727,44
xlstm,electricity,USA|indiana,US,True,rolling,2023-12-01,6,2024-06-01,8690.25,8018.9865751114485,,,,0.8,727.9347727272727,44
xlstm,electricity,USA|indiana,US,True,rolling,2023-12-01,7,2024-07-01,9690.62,8115.681842471063,,,,0.8,727.9347727272727,44
xlstm,electricity,USA|indiana,US,True,rolling,2023-12-01,8,2024-08-01,9046.61,7951.539916062653,,,,0.8,727.9347727272727,44
xlstm,electricity,USA|indiana,US,True,rolling,2023-12-01,9,2024-09-01,6747.47,7612.371641314775,,,,0.8,727.9347727272727,44
xlstm,electricity,USA|indiana,US,True,rolling,2023-12-01,10,2024-10-01,6942.25,7649.919707450271,,,,0.8,727.9347727272727,44
xlstm,electricity,USA|indiana,US,True,rolling,2023-12-01,11,2024-11-01,7365.14,7713.807274032831,,,,0.8,727.9347727272727,44
xlstm,electricity,USA|indiana,US,True,rolling,2023-12-01,12,2024-12-01,9287.39,7778.984227979183,,,,0.8,727.9347727272727,44
xlstm,electricity,USA|indiana,US,True,rolling,2024-12-01,1,2025-01-01,11308.63,8039.882716563046,,,,0.8,721.3359782608696,44
xlstm,electricity,USA|indiana,US,True,rolling,2024-12-01,2,2025-02-01,9085.6,7592.242483690679,,,,0.8,721.3359782608696,44
xlstm,electricity,USA|indiana,US,True,rolling,2024-12-01,3,2025-03-01,8891.16,7624.568411208391,,,,0.8,721.3359782608696,44
xlstm,electricity,USA|indiana,US,True,rolling,2024-12-01,4,2025-04-01,7854.58,7691.323457090854,,,,0.8,721.3359782608696,44
xlstm,electricity,USA|indiana,US,True,rolling,2024-12-01,5,2025-05-01,7435.69,7957.899003634155,,,,0.8,721.3359782608696,44
xlstm,electricity,USA|indiana,US,True,rolling,2024-12-01,6,2025-06-01,8935.97,8363.577843801975,,,,0.8,721.3359782608696,44
xlstm,electricity,USA|indiana,US,True,rolling,2024-12-01,7,2025-07-01,11067.11,8319.426009975075,,,,0.8,721.3359782608696,44
xlstm,electricity,USA|indiana,US,True,rolling,2024-12-01,8,2025-08-01,9555.52,7924.760071262717,,,,0.8,721.3359782608696,44
xlstm,electricity,USA|indiana,US,True,rolling,2024-12-01,9,2025-09-01,8774.35,7599.433543567061,,,,0.8,721.3359782608696,44
xlstm,electricity,USA|indiana,US,True,rolling,2024-12-01,10,2025-10-01,9172.56,7765.604787591696,,,,0.8,721.3359782608696,44
xlstm,electricity,USA|indiana,US,True,rolling,2024-12-01,11,2025-11-01,7765.74,7980.391405843497,,,,0.8,721.3359782608696,44
xlstm,electricity,USA|indiana,US,True,rolling,2024-12-01,12,2025-12-01,9813.61,8193.055067167581,,,,0.8,721.3359782608696,44
xlstm,electricity,USA|iowa,US,True,holdout,last12,1,2025-01-01,7167.77,5914.08752114296,,,,0.8,350.7590942028986,44
xlstm,electricity,USA|iowa,US,True,holdout,last12,2,2025-02-01,6536.37,5879.899510269165,,,,0.8,350.7590942028986,44
xlstm,electricity,USA|iowa,US,True,holdout,last12,3,2025-03-01,6303.64,5911.376886582375,,,,0.8,350.7590942028986,44
xlstm,electricity,USA|iowa,US,True,holdout,last12,4,2025-04-01,6080.04,5872.719432463647,,,,0.8,350.7590942028986,44
xlstm,electricity,USA|iowa,US,True,holdout,last12,5,2025-05-01,5208.24,5869.403686966896,,,,0.8,350.7590942028986,44
xlstm,electricity,USA|iowa,US,True,holdout,last12,6,2025-06-01,5862.98,5897.687702605725,,,,0.8,350.7590942028986,44
xlstm,electricity,USA|iowa,US,True,holdout,last12,7,2025-07-01,6413.91,5910.981722393036,,,,0.8,350.7590942028986,44
xlstm,electricity,USA|iowa,US,True,holdout,last12,8,2025-08-01,5600.82,5955.563611273766,,,,0.8,350.7590942028986,44
xlstm,electricity,USA|iowa,US,True,holdout,last12,9,2025-09-01,5280.29,5990.727672648431,,,,0.8,350.7590942028986,44
xlstm,electricity,USA|iowa,US,True,holdout,last12,10,2025-10-01,6601.9,6032.435663092137,,,,0.8,350.7590942028986,44
xlstm,electricity,USA|iowa,US,True,holdout,last12,11,2025-11-01,6324.62,6005.575853509903,,,,0.8,350.7590942028986,44
xlstm,electricity,USA|iowa,US,True,holdout,last12,12,2025-12-01,7342.54,5991.837210924626,,,,0.8,350.7590942028986,44
xlstm,electricity,USA|iowa,US,True,rolling,2022-12-01,1,2023-01-01,6014.19,6254.610293881893,,,,0.8,347.5652380952381,44
xlstm,electricity,USA|iowa,US,True,rolling,2022-12-01,2,2023-02-01,6022.73,6152.235768480301,,,,0.8,347.5652380952381,44
xlstm,electricity,USA|iowa,US,True,rolling,2022-12-01,3,2023-03-01,6698.26,6137.066106662751,,,,0.8,347.5652380952381,44
xlstm,electricity,USA|iowa,US,True,rolling,2022-12-01,4,2023-04-01,5974.05,6101.30198114872,,,,0.8,347.5652380952381,44
xlstm,electricity,USA|iowa,US,True,rolling,2022-12-01,5,2023-05-01,5799.63,6143.383434555531,,,,0.8,347.5652380952381,44
xlstm,electricity,USA|iowa,US,True,rolling,2022-12-01,6,2023-06-01,5444.13,6225.868029093743,,,,0.8,347.5652380952381,44
xlstm,electricity,USA|iowa,US,True,rolling,2022-12-01,7,2023-07-01,5786.65,6273.197646491528,,,,0.8,347.5652380952381,44
xlstm,electricity,USA|iowa,US,True,rolling,2022-12-01,8,2023-08-01,6235.73,6283.83831286192,,,,0.8,347.5652380952381,44
xlstm,electricity,USA|iowa,US,True,rolling,2022-12-01,9,2023-09-01,5458.24,6304.747696678639,,,,0.8,347.5652380952381,44
xlstm,electricity,USA|iowa,US,True,rolling,2022-12-01,10,2023-10-01,5657.8,6371.013905024529,,,,0.8,347.5652380952381,44
xlstm,electricity,USA|iowa,US,True,rolling,2022-12-01,11,2023-11-01,5783.35,6474.551717088223,,,,0.8,347.5652380952381,44
xlstm,electricity,USA|iowa,US,True,rolling,2022-12-01,12,2023-12-01,5944.3,6442.731915612221,,,,0.8,347.5652380952381,44
xlstm,electricity,USA|iowa,US,True,rolling,2023-12-01,1,2024-01-01,6240.81,5956.437968819142,,,,0.8,351.2430681818182,44
xlstm,electricity,USA|iowa,US,True,rolling,2023-12-01,2,2024-02-01,5604.03,5945.221715273858,,,,0.8,351.2430681818182,44
xlstm,electricity,USA|iowa,US,True,rolling,2023-12-01,3,2024-03-01,6278.54,5933.079626855851,,,,0.8,351.2430681818182,44
xlstm,electricity,USA|iowa,US,True,rolling,2023-12-01,4,2024-04-01,5924.49,5846.874281377793,,,,0.8,351.2430681818182,44
xlstm,electricity,USA|iowa,US,True,rolling,2023-12-01,5,2024-05-01,5624.14,5831.777293434144,,,,0.8,351.2430681818182,44
xlstm,electricity,USA|iowa,US,True,rolling,2023-12-01,6,2024-06-01,5778.08,5835.136946063042,,,,0.8,351.2430681818182,44
xlstm,electricity,USA|iowa,US,True,rolling,2023-12-01,7,2024-07-01,5478.34,5878.109663784504,,,,0.8,351.2430681818182,44
xlstm,electricity,USA|iowa,US,True,rolling,2023-12-01,8,2024-08-01,5583.07,5885.283937773705,,,,0.8,351.2430681818182,44
xlstm,electricity,USA|iowa,US,True,rolling,2023-12-01,9,2024-09-01,5508.59,5843.027108178139,,,,0.8,351.2430681818182,44
xlstm,electricity,USA|iowa,US,True,rolling,2023-12-01,10,2024-10-01,6277.16,5884.71869653225,,,,0.8,351.2430681818182,44
xlstm,electricity,USA|iowa,US,True,rolling,2023-12-01,11,2024-11-01,6114.11,5906.95034111023,,,,0.8,351.2430681818182,44
xlstm,electricity,USA|iowa,US,True,rolling,2023-12-01,12,2024-12-01,6440.16,5917.55820330143,,,,0.8,351.2430681818182,44
xlstm,electricity,USA|iowa,US,True,rolling,2024-12-01,1,2025-01-01,7167.77,5914.08752114296,,,,0.8,350.7590942028986,44
xlstm,electricity,USA|iowa,US,True,rolling,2024-12-01,2,2025-02-01,6536.37,5879.899510269165,,,,0.8,350.7590942028986,44
xlstm,electricity,USA|iowa,US,True,rolling,2024-12-01,3,2025-03-01,6303.64,5911.376886582375,,,,0.8,350.7590942028986,44
xlstm,electricity,USA|iowa,US,True,rolling,2024-12-01,4,2025-04-01,6080.04,5872.719432463647,,,,0.8,350.7590942028986,44
xlstm,electricity,USA|iowa,US,True,rolling,2024-12-01,5,2025-05-01,5208.24,5869.403686966896,,,,0.8,350.7590942028986,44
xlstm,electricity,USA|iowa,US,True,rolling,2024-12-01,6,2025-06-01,5862.98,5897.687702605725,,,,0.8,350.7590942028986,44
xlstm,electricity,USA|iowa,US,True,rolling,2024-12-01,7,2025-07-01,6413.91,5910.981722393036,,,,0.8,350.7590942028986,44
xlstm,electricity,USA|iowa,US,True,rolling,2024-12-01,8,2025-08-01,5600.82,5955.563611273766,,,,0.8,350.7590942028986,44
xlstm,electricity,USA|iowa,US,True,rolling,2024-12-01,9,2025-09-01,5280.29,5990.727672648431,,,,0.8,350.7590942028986,44
xlstm,electricity,USA|iowa,US,True,rolling,2024-12-01,10,2025-10-01,6601.9,6032.435663092137,,,,0.8,350.7590942028986,44
xlstm,electricity,USA|iowa,US,True,rolling,2024-12-01,11,2025-11-01,6324.62,6005.575853509903,,,,0.8,350.7590942028986,44
xlstm,electricity,USA|iowa,US,True,rolling,2024-12-01,12,2025-12-01,7342.54,5991.837210924626,,,,0.8,350.7590942028986,44
xlstm,electricity,USA|kansas,US,True,holdout,last12,1,2025-01-01,5641.24,5129.487268673182,,,,0.8,342.8010507246377,44
xlstm,electricity,USA|kansas,US,True,holdout,last12,2,2025-02-01,5168.69,4804.55499441743,,,,0.8,342.8010507246377,44
xlstm,electricity,USA|kansas,US,True,holdout,last12,3,2025-03-01,5192.48,4921.765954300762,,,,0.8,342.8010507246377,44
xlstm,electricity,USA|kansas,US,True,holdout,last12,4,2025-04-01,4979.67,4367.628531142474,,,,0.8,342.8010507246377,44
xlstm,electricity,USA|kansas,US,True,holdout,last12,5,2025-05-01,5036.34,5136.847219026089,,,,0.8,342.8010507246377,44
xlstm,electricity,USA|kansas,US,True,holdout,last12,6,2025-06-01,5744.28,5219.124332914353,,,,0.8,342.8010507246377,44
xlstm,electricity,USA|kansas,US,True,holdout,last12,7,2025-07-01,6307.32,5222.213780118228,,,,0.8,342.8010507246377,44
xlstm,electricity,USA|kansas,US,True,holdout,last12,8,2025-08-01,5923.87,5187.546434010268,,,,0.8,342.8010507246377,44
xlstm,electricity,USA|kansas,US,True,holdout,last12,9,2025-09-01,5265.74,5145.367694059015,,,,0.8,342.8010507246377,44
xlstm,electricity,USA|kansas,US,True,holdout,last12,10,2025-10-01,4149.56,5039.548537130357,,,,0.8,342.8010507246377,44
xlstm,electricity,USA|kansas,US,True,holdout,last12,11,2025-11-01,4139.51,5072.408725346328,,,,0.8,342.8010507246377,44
xlstm,electricity,USA|kansas,US,True,holdout,last12,12,2025-12-01,5599.6,5144.48322341919,,,,0.8,342.8010507246377,44
xlstm,electricity,USA|kansas,US,True,rolling,2022-12-01,1,2023-01-01,5273.07,5448.904153960944,,,,0.8,333.5767460317461,44
xlstm,electricity,USA|kansas,US,True,rolling,2022-12-01,2,2023-02-01,4603.35,5408.523221028448,,,,0.8,333.5767460317461,44
xlstm,electricity,USA|kansas,US,True,rolling,2022-12-01,3,2023-03-01,5318.59,5412.951469343306,,,,0.8,333.5767460317461,44
xlstm,electricity,USA|kansas,US,True,rolling,2022-12-01,4,2023-04-01,4376.16,5354.506478845477,,,,0.8,333.5767460317461,44
xlstm,electricity,USA|kansas,US,True,rolling,2022-12-01,5,2023-05-01,4263.68,5454.16605295241,,,,0.8,333.5767460317461,44
xlstm,electricity,USA|kansas,US,True,rolling,2022-12-01,6,2023-06-01,4693.09,5470.586999467016,,,,0.8,333.5767460317461,44
xlstm,electricity,USA|kansas,US,True,rolling,2022-12-01,7,2023-07-01,5379.3,5466.747449606061,,,,0.8,333.5767460317461,44
xlstm,electricity,USA|kansas,US,True,rolling,2022-12-01,8,2023-08-01,5810.63,5416.230779929758,,,,0.8,333.5767460317461,44
xlstm,electricity,USA|kansas,US,True,rolling,2022-12-01,9,2023-09-01,4728.78,5305.787819467783,,,,0.8,333.5767460317461,44
xlstm,electricity,USA|kansas,US,True,rolling,2022-12-01,10,2023-10-01,5029.13,4145.985494406522,,,,0.8,333.5767460317461,44
xlstm,electricity,USA|kansas,US,True,rolling,2022-12-01,11,2023-11-01,4768.56,5075.9964114695795,,,,0.8,333.5767460317461,44
xlstm,electricity,USA|kansas,US,True,rolling,2022-12-01,12,2023-12-01,5138.69,5448.9187901103505,,,,0.8,333.5767460317461,44
xlstm,electricity,USA|kansas,US,True,rolling,2023-12-01,1,2024-01-01,5289.73,4939.231149419546,,,,0.8,342.6829924242424,44
xlstm,electricity,USA|kansas,US,True,rolling,2023-12-01,2,2024-02-01,4429.87,4823.840763898493,,,,0.8,342.6829924242424,44
xlstm,electricity,USA|kansas,US,True,rolling,2023-12-01,3,2024-03-01,4802.15,4929.212705150843,,,,0.8,342.6829924242424,44
xlstm,electricity,USA|kansas,US,True,rolling,2023-12-01,4,2024-04-01,3750.45,4519.606037701965,,,,0.8,342.6829924242424,44
xlstm,electricity,USA|kansas,US,True,rolling,2023-12-01,5,2024-05-01,4600.82,4642.740775777698,,,,0.8,342.6829924242424,44
xlstm,electricity,USA|kansas,US,True,rolling,2023-12-01,6,2024-06-01,5394.34,4927.221782271863,,,,0.8,342.6829924242424,44
xlstm,electricity,USA|kansas,US,True,rolling,2023-12-01,7,2024-07-01,5724.99,5002.946779942513,,,,0.8,342.6829924242424,44
xlstm,electricity,USA|kansas,US,True,rolling,2023-12-01,8,2024-08-01,5380.51,5002.301569689513,,,,0.8,342.6829924242424,44
xlstm,electricity,USA|kansas,US,True,rolling,2023-12-01,9,2024-09-01,5200.52,4849.357873989345,,,,0.8,342.6829924242424,44
xlstm,electricity,USA|kansas,US,True,rolling,2023-12-01,10,2024-10-01,4721.62,4908.2586179172995,,,,0.8,342.6829924242424,44
xlstm,electricity,USA|kansas,US,True,rolling,2023-12-01,11,2024-11-01,4686.72,4868.2106573838,,,,0.8,342.6829924242424,44
xlstm,electricity,USA|kansas,US,True,rolling,2023-12-01,12,2024-12-01,5001.49,4926.035237770678,,,,0.8,342.6829924242424,44
xlstm,electricity,USA|kansas,US,True,rolling,2024-12-01,1,2025-01-01,5641.24,5129.487268673182,,,,0.8,342.8010507246377,44
xlstm,electricity,USA|kansas,US,True,rolling,2024-12-01,2,2025-02-01,5168.69,4804.55499441743,,,,0.8,342.8010507246377,44
xlstm,electricity,USA|kansas,US,True,rolling,2024-12-01,3,2025-03-01,5192.48,4921.765954300762,,,,0.8,342.8010507246377,44
xlstm,electricity,USA|kansas,US,True,rolling,2024-12-01,4,2025-04-01,4979.67,4367.628531142474,,,,0.8,342.8010507246377,44
xlstm,electricity,USA|kansas,US,True,rolling,2024-12-01,5,2025-05-01,5036.34,5136.847219026089,,,,0.8,342.8010507246377,44
xlstm,electricity,USA|kansas,US,True,rolling,2024-12-01,6,2025-06-01,5744.28,5219.124332914353,,,,0.8,342.8010507246377,44
xlstm,electricity,USA|kansas,US,True,rolling,2024-12-01,7,2025-07-01,6307.32,5222.213780118228,,,,0.8,342.8010507246377,44
xlstm,electricity,USA|kansas,US,True,rolling,2024-12-01,8,2025-08-01,5923.87,5187.546434010268,,,,0.8,342.8010507246377,44
xlstm,electricity,USA|kansas,US,True,rolling,2024-12-01,9,2025-09-01,5265.74,5145.367694059015,,,,0.8,342.8010507246377,44
xlstm,electricity,USA|kansas,US,True,rolling,2024-12-01,10,2025-10-01,4149.56,5039.548537130357,,,,0.8,342.8010507246377,44
xlstm,electricity,USA|kansas,US,True,rolling,2024-12-01,11,2025-11-01,4139.51,5072.408725346328,,,,0.8,342.8010507246377,44
xlstm,electricity,USA|kansas,US,True,rolling,2024-12-01,12,2025-12-01,5599.6,5144.48322341919,,,,0.8,342.8010507246377,44
xlstm,electricity,USA|kentucky,US,True,holdout,last12,1,2025-01-01,7788.51,5595.253003852666,,,,0.8,568.944347826087,44
xlstm,electricity,USA|kentucky,US,True,holdout,last12,2,2025-02-01,6149.72,4937.294894277155,,,,0.8,568.944347826087,44
xlstm,electricity,USA|kentucky,US,True,holdout,last12,3,2025-03-01,5195.49,4880.066079340875,,,,0.8,568.944347826087,44
xlstm,electricity,USA|kentucky,US,True,holdout,last12,4,2025-04-01,4802.07,5001.694572855681,,,,0.8,568.944347826087,44
xlstm,electricity,USA|kentucky,US,True,holdout,last12,5,2025-05-01,5333.2,5517.0570700863,,,,0.8,568.944347826087,44
xlstm,electricity,USA|kentucky,US,True,holdout,last12,6,2025-06-01,6741.62,6174.609919211269,,,,0.8,568.944347826087,44
xlstm,electricity,USA|kentucky,US,True,holdout,last12,7,2025-07-01,8008.28,6599.196192964912,,,,0.8,568.944347826087,44
xlstm,electricity,USA|kentucky,US,True,holdout,last12,8,2025-08-01,6924.67,5778.587050133943,,,,0.8,568.944347826087,44
xlstm,electricity,USA|kentucky,US,True,holdout,last12,9,2025-09-01,5823.67,4997.745815189928,,,,0.8,568.944347826087,44
xlstm,electricity,USA|kentucky,US,True,holdout,last12,10,2025-10-01,5104.76,4848.25147684291,,,,0.8,568.944347826087,44
xlstm,electricity,USA|kentucky,US,True,holdout,last12,11,2025-11-01,5381.57,4956.825188970119,,,,0.8,568.944347826087,44
xlstm,electricity,USA|kentucky,US,True,holdout,last12,12,2025-12-01,6725.98,5361.280366190672,,,,0.8,568.944347826087,44
xlstm,electricity,USA|kentucky,US,True,rolling,2022-12-01,1,2023-01-01,5549.7,6079.557102433741,,,,0.8,572.2289682539682,44
xlstm,electricity,USA|kentucky,US,True,rolling,2022-12-01,2,2023-02-01,4566.82,5384.0150908023115,,,,0.8,572.2289682539682,44
xlstm,electricity,USA|kentucky,US,True,rolling,2022-12-01,3,2023-03-01,4945.78,5316.098889409303,,,,0.8,572.2289682539682,44
xlstm,electricity,USA|kentucky,US,True,rolling,2022-12-01,4,2023-04-01,4284.65,5495.464844836592,,,,0.8,572.2289682539682,44
xlstm,electricity,USA|kentucky,US,True,rolling,2022-12-01,5,2023-05-01,5040.23,5781.670601594747,,,,0.8,572.2289682539682,44
xlstm,electricity,USA|kentucky,US,True,rolling,2022-12-01,6,2023-06-01,5214.76,6256.252500126065,,,,0.8,572.2289682539682,44
xlstm,electricity,USA|kentucky,US,True,rolling,2022-12-01,7,2023-07-01,6873.93,6271.296298331917,,,,0.8,572.2289682539682,44
xlstm,electricity,USA|kentucky,US,True,rolling,2022-12-01,8,2023-08-01,6503.52,5693.240414478779,,,,0.8,572.2289682539682,44
xlstm,electricity,USA|kentucky,US,True,rolling,2022-12-01,9,2023-09-01,5317.58,5300.010914913118,,,,0.8,572.2289682539682,44
xlstm,electricity,USA|kentucky,US,True,rolling,2022-12-01,10,2023-10-01,4716.89,5242.608653659522,,,,0.8,572.2289682539682,44
xlstm,electricity,USA|kentucky,US,True,rolling,2022-12-01,11,2023-11-01,4951.43,5547.852813564241,,,,0.8,572.2289682539682,44
xlstm,electricity,USA|kentucky,US,True,rolling,2022-12-01,12,2023-12-01,5658.31,5915.880489573777,,,,0.8,572.2289682539682,44
xlstm,electricity,USA|kentucky,US,True,rolling,2023-12-01,1,2024-01-01,6824.01,5220.459632588625,,,,0.8,571.4739393939394,44
xlstm,electricity,USA|kentucky,US,True,rolling,2023-12-01,2,2024-02-01,5059.04,5058.4511976850035,,,,0.8,571.4739393939394,44
xlstm,electricity,USA|kentucky,US,True,rolling,2023-12-01,3,2024-03-01,4532.95,5096.364132192135,,,,0.8,571.4739393939394,44
xlstm,electricity,USA|kentucky,US,True,rolling,2023-12-01,4,2024-04-01,4559.98,5049.777408814431,,,,0.8,571.4739393939394,44
xlstm,electricity,USA|kentucky,US,True,rolling,2023-12-01,5,2024-05-01,5615.93,5234.308455635905,,,,0.8,571.4739393939394,44
xlstm,electricity,USA|kentucky,US,True,rolling,2023-12-01,6,2024-06-01,6286.44,5469.932884075642,,,,0.8,571.4739393939394,44
xlstm,electricity,USA|kentucky,US,True,rolling,2023-12-01,7,2024-07-01,7083.08,6608.615322273375,,,,0.8,571.4739393939394,44
xlstm,electricity,USA|kentucky,US,True,rolling,2023-12-01,8,2024-08-01,6981.08,5720.209659690857,,,,0.8,571.4739393939394,44
xlstm,electricity,USA|kentucky,US,True,rolling,2023-12-01,9,2024-09-01,5409.36,5190.369826669693,,,,0.8,571.4739393939394,44
xlstm,electricity,USA|kentucky,US,True,rolling,2023-12-01,10,2024-10-01,4397.67,5105.182091409266,,,,0.8,571.4739393939394,44
xlstm,electricity,USA|kentucky,US,True,rolling,2023-12-01,11,2024-11-01,4412.86,5189.047988971174,,,,0.8,571.4739393939394,44
xlstm,electricity,USA|kentucky,US,True,rolling,2023-12-01,12,2024-12-01,6079.48,5328.229268210828,,,,0.8,571.4739393939394,44
xlstm,electricity,USA|kentucky,US,True,rolling,2024-12-01,1,2025-01-01,7788.51,5595.253003852666,,,,0.8,568.944347826087,44
xlstm,electricity,USA|kentucky,US,True,rolling,2024-12-01,2,2025-02-01,6149.72,4937.294894277155,,,,0.8,568.944347826087,44
xlstm,electricity,USA|kentucky,US,True,rolling,2024-12-01,3,2025-03-01,5195.49,4880.066079340875,,,,0.8,568.944347826087,44
xlstm,electricity,USA|kentucky,US,True,rolling,2024-12-01,4,2025-04-01,4802.07,5001.694572855681,,,,0.8,568.944347826087,44
xlstm,electricity,USA|kentucky,US,True,rolling,2024-12-01,5,2025-05-01,5333.2,5517.0570700863,,,,0.8,568.944347826087,44
xlstm,electricity,USA|kentucky,US,True,rolling,2024-12-01,6,2025-06-01,6741.62,6174.609919211269,,,,0.8,568.944347826087,44
xlstm,electricity,USA|kentucky,US,True,rolling,2024-12-01,7,2025-07-01,8008.28,6599.196192964912,,,,0.8,568.944347826087,44
xlstm,electricity,USA|kentucky,US,True,rolling,2024-12-01,8,2025-08-01,6924.67,5778.587050133943,,,,0.8,568.944347826087,44
xlstm,electricity,USA|kentucky,US,True,rolling,2024-12-01,9,2025-09-01,5823.67,4997.745815189928,,,,0.8,568.944347826087,44
xlstm,electricity,USA|kentucky,US,True,rolling,2024-12-01,10,2025-10-01,5104.76,4848.25147684291,,,,0.8,568.944347826087,44
xlstm,electricity,USA|kentucky,US,True,rolling,2024-12-01,11,2025-11-01,5381.57,4956.825188970119,,,,0.8,568.944347826087,44
xlstm,electricity,USA|kentucky,US,True,rolling,2024-12-01,12,2025-12-01,6725.98,5361.280366190672,,,,0.8,568.944347826087,44
xlstm,electricity,USA|louisiana,US,True,holdout,last12,1,2025-01-01,8884.11,7818.591845178604,,,,0.8,517.4338405797101,44
xlstm,electricity,USA|louisiana,US,True,holdout,last12,2,2025-02-01,7188.9,7400.098509774208,,,,0.8,517.4338405797101,44
xlstm,electricity,USA|louisiana,US,True,holdout,last12,3,2025-03-01,6743.71,7273.186197757721,,,,0.8,517.4338405797101,44
xlstm,electricity,USA|louisiana,US,True,holdout,last12,4,2025-04-01,7457.76,7274.163316679001,,,,0.8,517.4338405797101,44
xlstm,electricity,USA|louisiana,US,True,holdout,last12,5,2025-05-01,8101.79,8155.917469940186,,,,0.8,517.4338405797101,44
xlstm,electricity,USA|louisiana,US,True,holdout,last12,6,2025-06-01,9162.89,8892.32088783264,,,,0.8,517.4338405797101,44
xlstm,electricity,USA|louisiana,US,True,holdout,last12,7,2025-07-01,9964.24,9561.068649864197,,,,0.8,517.4338405797101,44
xlstm,electricity,USA|louisiana,US,True,holdout,last12,8,2025-08-01,10020.87,9838.919040899274,,,,0.8,517.4338405797101,44
xlstm,electricity,USA|louisiana,US,True,holdout,last12,9,2025-09-01,9317.96,8737.452926797867,,,,0.8,517.4338405797101,44
xlstm,electricity,USA|louisiana,US,True,holdout,last12,10,2025-10-01,8565.92,8001.163967247009,,,,0.8,517.4338405797101,44
xlstm,electricity,USA|louisiana,US,True,holdout,last12,11,2025-11-01,8291.85,7839.31142619133,,,,0.8,517.4338405797101,44
xlstm,electricity,USA|louisiana,US,True,holdout,last12,12,2025-12-01,8617.11,7756.698424148559,,,,0.8,517.4338405797101,44
xlstm,electricity,USA|louisiana,US,True,rolling,2022-12-01,1,2023-01-01,7082.3,8515.600332851409,,,,0.8,513.9775396825397,44
xlstm,electricity,USA|louisiana,US,True,rolling,2022-12-01,2,2023-02-01,6829.0,7856.601625595093,,,,0.8,513.9775396825397,44
xlstm,electricity,USA|louisiana,US,True,rolling,2022-12-01,3,2023-03-01,6892.63,7681.9329539489745,,,,0.8,513.9775396825397,44
xlstm,electricity,USA|louisiana,US,True,rolling,2022-12-01,4,2023-04-01,6557.61,7850.54785692215,,,,0.8,513.9775396825397,44
xlstm,electricity,USA|louisiana,US,True,rolling,2022-12-01,5,2023-05-01,8024.89,8622.988469104766,,,,0.8,513.9775396825397,44
xlstm,electricity,USA|louisiana,US,True,rolling,2022-12-01,6,2023-06-01,9049.21,9523.618346481322,,,,0.8,513.9775396825397,44
xlstm,electricity,USA|louisiana,US,True,rolling,2022-12-01,7,2023-07-01,10150.98,9826.548511486051,,,,0.8,513.9775396825397,44
xlstm,electricity,USA|louisiana,US,True,rolling,2022-12-01,8,2023-08-01,10589.17,9875.060208797453,,,,0.8,513.9775396825397,44
xlstm,electricity,USA|louisiana,US,True,rolling,2022-12-01,9,2023-09-01,8847.17,8526.911321687698,,,,0.8,513.9775396825397,44
xlstm,electricity,USA|louisiana,US,True,rolling,2022-12-01,10,2023-10-01,7344.12,8003.353820352554,,,,0.8,513.9775396825397,44
xlstm,electricity,USA|louisiana,US,True,rolling,2022-12-01,11,2023-11-01,7670.01,7969.946255493163,,,,0.8,513.9775396825397,44
xlstm,electricity,USA|louisiana,US,True,rolling,2022-12-01,12,2023-12-01,7839.02,8207.779622116088,,,,0.8,513.9775396825397,44
xlstm,electricity,USA|louisiana,US,True,rolling,2023-12-01,1,2024-01-01,8634.74,7522.733341732025,,,,0.8,522.0804545454545,44
xlstm,electricity,USA|louisiana,US,True,rolling,2023-12-01,2,2024-02-01,6923.96,7232.469899864196,,,,0.8,522.0804545454545,44
xlstm,electricity,USA|louisiana,US,True,rolling,2023-12-01,3,2024-03-01,7160.91,7071.68927719593,,,,0.8,522.0804545454545,44
xlstm,electricity,USA|louisiana,US,True,rolling,2023-12-01,4,2024-04-01,7083.42,7046.36529630661,,,,0.8,522.0804545454545,44
xlstm,electricity,USA|louisiana,US,True,rolling,2023-12-01,5,2024-05-01,8585.51,7831.383511390686,,,,0.8,522.0804545454545,44
xlstm,electricity,USA|louisiana,US,True,rolling,2023-12-01,6,2024-06-01,8904.5,9038.3927398777,,,,0.8,522.0804545454545,44
xlstm,electricity,USA|louisiana,US,True,rolling,2023-12-01,7,2024-07-01,10036.25,9735.695965061188,,,,0.8,522.0804545454545,44
xlstm,electricity,USA|louisiana,US,True,rolling,2023-12-01,8,2024-08-01,10173.51,9896.207916431425,,,,0.8,522.0804545454545,44
xlstm,electricity,USA|louisiana,US,True,rolling,2023-12-01,9,2024-09-01,8600.78,8988.50666873932,,,,0.8,522.0804545454545,44
xlstm,electricity,USA|louisiana,US,True,rolling,2023-12-01,10,2024-10-01,8043.39,7767.795640916824,,,,0.8,522.0804545454545,44
xlstm,electricity,USA|louisiana,US,True,rolling,2023-12-01,11,2024-11-01,7933.19,7837.463491897583,,,,0.8,522.0804545454545,44
xlstm,electricity,USA|louisiana,US,True,rolling,2023-12-01,12,2024-12-01,7742.57,7771.826438493728,,,,0.8,522.0804545454545,44
xlstm,electricity,USA|louisiana,US,True,rolling,2024-12-01,1,2025-01-01,8884.11,7818.591845178604,,,,0.8,517.4338405797101,44
xlstm,electricity,USA|louisiana,US,True,rolling,2024-12-01,2,2025-02-01,7188.9,7400.098509774208,,,,0.8,517.4338405797101,44
xlstm,electricity,USA|louisiana,US,True,rolling,2024-12-01,3,2025-03-01,6743.71,7273.186197757721,,,,0.8,517.4338405797101,44
xlstm,electricity,USA|louisiana,US,True,rolling,2024-12-01,4,2025-04-01,7457.76,7274.163316679001,,,,0.8,517.4338405797101,44
xlstm,electricity,USA|louisiana,US,True,rolling,2024-12-01,5,2025-05-01,8101.79,8155.917469940186,,,,0.8,517.4338405797101,44
xlstm,electricity,USA|louisiana,US,True,rolling,2024-12-01,6,2025-06-01,9162.89,8892.32088783264,,,,0.8,517.4338405797101,44
xlstm,electricity,USA|louisiana,US,True,rolling,2024-12-01,7,2025-07-01,9964.24,9561.068649864197,,,,0.8,517.4338405797101,44
xlstm,electricity,USA|louisiana,US,True,rolling,2024-12-01,8,2025-08-01,10020.87,9838.919040899274,,,,0.8,517.4338405797101,44
xlstm,electricity,USA|louisiana,US,True,rolling,2024-12-01,9,2025-09-01,9317.96,8737.452926797867,,,,0.8,517.4338405797101,44
xlstm,electricity,USA|louisiana,US,True,rolling,2024-12-01,10,2025-10-01,8565.92,8001.163967247009,,,,0.8,517.4338405797101,44
xlstm,electricity,USA|louisiana,US,True,rolling,2024-12-01,11,2025-11-01,8291.85,7839.31142619133,,,,0.8,517.4338405797101,44
xlstm,electricity,USA|louisiana,US,True,rolling,2024-12-01,12,2025-12-01,8617.11,7756.698424148559,,,,0.8,517.4338405797101,44
xlstm,electricity,USA|maine,US,False,holdout,last12,1,2025-01-01,1291.82,1146.2837236541511,,,,0.8,154.14967391304347,44
xlstm,electricity,USA|maine,US,False,holdout,last12,2,2025-02-01,1210.45,1142.2905192744734,,,,0.8,154.14967391304347,44
xlstm,electricity,USA|maine,US,False,holdout,last12,3,2025-03-01,1428.26,1152.2344730949403,,,,0.8,154.14967391304347,44
xlstm,electricity,USA|maine,US,False,holdout,last12,4,2025-04-01,1183.24,1142.1423852720857,,,,0.8,154.14967391304347,44
xlstm,electricity,USA|maine,US,False,holdout,last12,5,2025-05-01,1359.31,1146.7864238443972,,,,0.8,154.14967391304347,44
xlstm,electricity,USA|maine,US,False,holdout,last12,6,2025-06-01,1365.56,1159.139180741012,,,,0.8,154.14967391304347,44
xlstm,electricity,USA|maine,US,False,holdout,last12,7,2025-07-01,1487.58,1151.7815784844756,,,,0.8,154.14967391304347,44
xlstm,electricity,USA|maine,US,False,holdout,last12,8,2025-08-01,1337.32,1132.565780776739,,,,0.8,154.14967391304347,44
xlstm,electricity,USA|maine,US,False,holdout,last12,9,2025-09-01,1260.78,1117.850930122137,,,,0.8,154.14967391304347,44
xlstm,electricity,USA|maine,US,False,holdout,last12,10,2025-10-01,1211.06,1114.2405121433735,,,,0.8,154.14967391304347,44
xlstm,electricity,USA|maine,US,False,holdout,last12,11,2025-11-01,1370.89,1109.7895918315648,,,,0.8,154.14967391304347,44
xlstm,electricity,USA|maine,US,False,holdout,last12,12,2025-12-01,1561.39,1107.7538440483809,,,,0.8,154.14967391304347,44
xlstm,electricity,USA|maine,US,False,rolling,2022-12-01,1,2023-01-01,1045.65,1056.3081302541495,,,,0.8,153.63150793650794,44
xlstm,electricity,USA|maine,US,False,rolling,2022-12-01,2,2023-02-01,922.1,1040.0162650915981,,,,0.8,153.63150793650794,44
xlstm,electricity,USA|maine,US,False,rolling,2022-12-01,3,2023-03-01,1050.9,1041.8005964311958,,,,0.8,153.63150793650794,44
xlstm,electricity,USA|maine,US,False,rolling,2022-12-01,4,2023-04-01,890.21,1022.2071432703734,,,,0.8,153.63150793650794,44
xlstm,electricity,USA|maine,US,False,rolling,2022-12-01,5,2023-05-01,1085.01,1010.1826785701514,,,,0.8,153.63150793650794,44
xlstm,electricity,USA|maine,US,False,rolling,2022-12-01,6,2023-06-01,919.16,1008.253530651331,,,,0.8,153.63150793650794,44
xlstm,electricity,USA|maine,US,False,rolling,2022-12-01,7,2023-07-01,1091.9,1014.370947431922,,,,0.8,153.63150793650794,44
xlstm,electricity,USA|maine,US,False,rolling,2022-12-01,8,2023-08-01,1036.41,999.984388973713,,,,0.8,153.63150793650794,44
xlstm,electricity,USA|maine,US,False,rolling,2022-12-01,9,2023-09-01,910.23,994.6428953552247,,,,0.8,153.63150793650794,44
xlstm,electricity,USA|maine,US,False,rolling,2022-12-01,10,2023-10-01,946.17,987.3560647928715,,,,0.8,153.63150793650794,44
xlstm,electricity,USA|maine,US,False,rolling,2022-12-01,11,2023-11-01,1085.27,999.6072643083335,,,,0.8,153.63150793650794,44
xlstm,electricity,USA|maine,US,False,rolling,2022-12-01,12,2023-12-01,1002.6,1002.2942886072398,,,,0.8,153.63150793650794,44
xlstm,electricity,USA|maine,US,False,rolling,2023-12-01,1,2024-01-01,1198.75,973.4078042832017,,,,0.8,152.6144696969697,44
xlstm,electricity,USA|maine,US,False,rolling,2023-12-01,2,2024-02-01,1053.72,969.8589134460689,,,,0.8,152.6144696969697,44
xlstm,electricity,USA|maine,US,False,rolling,2023-12-01,3,2024-03-01,1258.22,975.3052376365662,,,,0.8,152.6144696969697,44
xlstm,electricity,USA|maine,US,False,rolling,2023-12-01,4,2024-04-01,1110.57,970.681368997097,,,,0.8,152.6144696969697,44
xlstm,electricity,USA|maine,US,False,rolling,2023-12-01,5,2024-05-01,1029.75,978.0424656060338,,,,0.8,152.6144696969697,44
xlstm,electricity,USA|maine,US,False,rolling,2023-12-01,6,2024-06-01,1222.99,970.1597816109658,,,,0.8,152.6144696969697,44
xlstm,electricity,USA|maine,US,False,rolling,2023-12-01,7,2024-07-01,1341.09,974.755562734306,,,,0.8,152.6144696969697,44
xlstm,electricity,USA|maine,US,False,rolling,2023-12-01,8,2024-08-01,1295.04,965.9172839385271,,,,0.8,152.6144696969697,44
xlstm,electricity,USA|maine,US,False,rolling,2023-12-01,9,2024-09-01,1172.41,961.5450529041887,,,,0.8,152.6144696969697,44
xlstm,electricity,USA|maine,US,False,rolling,2023-12-01,10,2024-10-01,1174.68,966.3392601650954,,,,0.8,152.6144696969697,44
xlstm,electricity,USA|maine,US,False,rolling,2023-12-01,11,2024-11-01,1143.9,968.0898864853383,,,,0.8,152.6144696969697,44
xlstm,electricity,USA|maine,US,False,rolling,2023-12-01,12,2024-12-01,1129.06,959.3130021342636,,,,0.8,152.6144696969697,44
xlstm,electricity,USA|maine,US,False,rolling,2024-12-01,1,2025-01-01,1291.82,1146.2837236541511,,,,0.8,154.14967391304347,44
xlstm,electricity,USA|maine,US,False,rolling,2024-12-01,2,2025-02-01,1210.45,1142.2905192744734,,,,0.8,154.14967391304347,44
xlstm,electricity,USA|maine,US,False,rolling,2024-12-01,3,2025-03-01,1428.26,1152.2344730949403,,,,0.8,154.14967391304347,44
xlstm,electricity,USA|maine,US,False,rolling,2024-12-01,4,2025-04-01,1183.24,1142.1423852720857,,,,0.8,154.14967391304347,44
xlstm,electricity,USA|maine,US,False,rolling,2024-12-01,5,2025-05-01,1359.31,1146.7864238443972,,,,0.8,154.14967391304347,44
xlstm,electricity,USA|maine,US,False,rolling,2024-12-01,6,2025-06-01,1365.56,1159.139180741012,,,,0.8,154.14967391304347,44
xlstm,electricity,USA|maine,US,False,rolling,2024-12-01,7,2025-07-01,1487.58,1151.7815784844756,,,,0.8,154.14967391304347,44
xlstm,electricity,USA|maine,US,False,rolling,2024-12-01,8,2025-08-01,1337.32,1132.565780776739,,,,0.8,154.14967391304347,44
xlstm,electricity,USA|maine,US,False,rolling,2024-12-01,9,2025-09-01,1260.78,1117.850930122137,,,,0.8,154.14967391304347,44
xlstm,electricity,USA|maine,US,False,rolling,2024-12-01,10,2025-10-01,1211.06,1114.2405121433735,,,,0.8,154.14967391304347,44
xlstm,electricity,USA|maine,US,False,rolling,2024-12-01,11,2025-11-01,1370.89,1109.7895918315648,,,,0.8,154.14967391304347,44
xlstm,electricity,USA|maine,US,False,rolling,2024-12-01,12,2025-12-01,1561.39,1107.7538440483809,,,,0.8,154.14967391304347,44
xlstm,electricity,USA|maryland,US,True,holdout,last12,1,2025-01-01,3554.85,2859.314146943092,,,,0.8,404.219384057971,44
xlstm,electricity,USA|maryland,US,True,holdout,last12,2,2025-02-01,2683.67,2735.2893828070164,,,,0.8,404.219384057971,44
xlstm,electricity,USA|maryland,US,True,holdout,last12,3,2025-03-01,2573.29,2890.6147085165976,,,,0.8,404.219384057971,44
xlstm,electricity,USA|maryland,US,True,holdout,last12,4,2025-04-01,3173.48,3107.2534520578383,,,,0.8,404.219384057971,44
xlstm,electricity,USA|maryland,US,True,holdout,last12,5,2025-05-01,3388.41,3102.831532855034,,,,0.8,404.219384057971,44
xlstm,electricity,USA|maryland,US,True,holdout,last12,6,2025-06-01,3683.34,3236.3957972693443,,,,0.8,404.219384057971,44
xlstm,electricity,USA|maryland,US,True,holdout,last12,7,2025-07-01,4396.58,3509.3278243660925,,,,0.8,404.219384057971,44
xlstm,electricity,USA|maryland,US,True,holdout,last12,8,2025-08-01,3216.14,3261.6984000730513,,,,0.8,404.219384057971,44
xlstm,electricity,USA|maryland,US,True,holdout,last12,9,2025-09-01,3088.05,3209.107445244789,,,,0.8,404.219384057971,44
xlstm,electricity,USA|maryland,US,True,holdout,last12,10,2025-10-01,3680.5,3199.723968119621,,,,0.8,404.219384057971,44
xlstm,electricity,USA|maryland,US,True,holdout,last12,11,2025-11-01,2669.02,3097.270893665552,,,,0.8,404.219384057971,44
xlstm,electricity,USA|maryland,US,True,holdout,last12,12,2025-12-01,3327.67,3090.906101833582,,,,0.8,404.219384057971,44
xlstm,electricity,USA|maryland,US,True,rolling,2022-12-01,1,2023-01-01,2760.24,3102.5566246068474,,,,0.8,418.6069047619048,44
xlstm,electricity,USA|maryland,US,True,rolling,2022-12-01,2,2023-02-01,2481.93,3102.045570281744,,,,0.8,418.6069047619048,44
xlstm,electricity,USA|maryland,US,True,rolling,2022-12-01,3,2023-03-01,3209.48,3141.435515486002,,,,0.8,418.6069047619048,44
xlstm,electricity,USA|maryland,US,True,rolling,2022-12-01,4,2023-04-01,3412.2,3173.953837227821,,,,0.8,418.6069047619048,44
xlstm,electricity,USA|maryland,US,True,rolling,2022-12-01,5,2023-05-01,2822.3,3171.488649754524,,,,0.8,418.6069047619048,44
xlstm,electricity,USA|maryland,US,True,rolling,2022-12-01,6,2023-06-01,2962.05,3208.2625814950466,,,,0.8,418.6069047619048,44
xlstm,electricity,USA|maryland,US,True,rolling,2022-12-01,7,2023-07-01,3823.61,3189.0554925346373,,,,0.8,418.6069047619048,44
xlstm,electricity,USA|maryland,US,True,rolling,2022-12-01,8,2023-08-01,3776.49,3126.845022778511,,,,0.8,418.6069047619048,44
xlstm,electricity,USA|maryland,US,True,rolling,2022-12-01,9,2023-09-01,3055.79,3106.771631772518,,,,0.8,418.6069047619048,44
xlstm,electricity,USA|maryland,US,True,rolling,2022-12-01,10,2023-10-01,3233.83,3105.991516007185,,,,0.8,418.6069047619048,44
xlstm,electricity,USA|maryland,US,True,rolling,2022-12-01,11,2023-11-01,2929.57,3106.525849289894,,,,0.8,418.6069047619048,44
xlstm,electricity,USA|maryland,US,True,rolling,2022-12-01,12,2023-12-01,3041.08,3104.758164350986,,,,0.8,418.6069047619048,44
xlstm,electricity,USA|maryland,US,True,rolling,2023-12-01,1,2024-01-01,3203.47,3049.057790431976,,,,0.8,409.60568181818184,44
xlstm,electricity,USA|maryland,US,True,rolling,2023-12-01,2,2024-02-01,2062.97,3043.8009687077997,,,,0.8,409.60568181818184,44
xlstm,electricity,USA|maryland,US,True,rolling,2023-12-01,3,2024-03-01,2778.29,3100.0705402088165,,,,0.8,409.60568181818184,44
xlstm,electricity,USA|maryland,US,True,rolling,2023-12-01,4,2024-04-01,3587.95,3104.1703436028956,,,,0.8,409.60568181818184,44
xlstm,electricity,USA|maryland,US,True,rolling,2023-12-01,5,2024-05-01,3304.5,3069.1003232848643,,,,0.8,409.60568181818184,44
xlstm,electricity,USA|maryland,US,True,rolling,2023-12-01,6,2024-06-01,3239.14,3140.333392186165,,,,0.8,409.60568181818184,44
xlstm,electricity,USA|maryland,US,True,rolling,2023-12-01,7,2024-07-01,3949.22,3348.6263587403296,,,,0.8,409.60568181818184,44
xlstm,electricity,USA|maryland,US,True,rolling,2023-12-01,8,2024-08-01,3499.63,3186.623545247316,,,,0.8,409.60568181818184,44
xlstm,electricity,USA|maryland,US,True,rolling,2023-12-01,9,2024-09-01,2827.4,3079.6438504183293,,,,0.8,409.60568181818184,44
xlstm,electricity,USA|maryland,US,True,rolling,2023-12-01,10,2024-10-01,3310.19,3081.68698497653,,,,0.8,409.60568181818184,44
xlstm,electricity,USA|maryland,US,True,rolling,2023-12-01,11,2024-11-01,2452.41,3065.827734942436,,,,0.8,409.60568181818184,44
xlstm,electricity,USA|maryland,US,True,rolling,2023-12-01,12,2024-12-01,3056.93,3069.0510585141183,,,,0.8,409.60568181818184,44
xlstm,electricity,USA|maryland,US,True,rolling,2024-12-01,1,2025-01-01,3554.85,2859.314146943092,,,,0.8,404.219384057971,44
xlstm,electricity,USA|maryland,US,True,rolling,2024-12-01,2,2025-02-01,2683.67,2735.2893828070164,,,,0.8,404.219384057971,44
xlstm,electricity,USA|maryland,US,True,rolling,2024-12-01,3,2025-03-01,2573.29,2890.6147085165976,,,,0.8,404.219384057971,44
xlstm,electricity,USA|maryland,US,True,rolling,2024-12-01,4,2025-04-01,3173.48,3107.2534520578383,,,,0.8,404.219384057971,44
xlstm,electricity,USA|maryland,US,True,rolling,2024-12-01,5,2025-05-01,3388.41,3102.831532855034,,,,0.8,404.219384057971,44
xlstm,electricity,USA|maryland,US,True,rolling,2024-12-01,6,2025-06-01,3683.34,3236.3957972693443,,,,0.8,404.219384057971,44
xlstm,electricity,USA|maryland,US,True,rolling,2024-12-01,7,2025-07-01,4396.58,3509.3278243660925,,,,0.8,404.219384057971,44
xlstm,electricity,USA|maryland,US,True,rolling,2024-12-01,8,2025-08-01,3216.14,3261.6984000730513,,,,0.8,404.219384057971,44
xlstm,electricity,USA|maryland,US,True,rolling,2024-12-01,9,2025-09-01,3088.05,3209.107445244789,,,,0.8,404.219384057971,44
xlstm,electricity,USA|maryland,US,True,rolling,2024-12-01,10,2025-10-01,3680.5,3199.723968119621,,,,0.8,404.219384057971,44
xlstm,electricity,USA|maryland,US,True,rolling,2024-12-01,11,2025-11-01,2669.02,3097.270893665552,,,,0.8,404.219384057971,44
xlstm,electricity,USA|maryland,US,True,rolling,2024-12-01,12,2025-12-01,3327.67,3090.906101833582,,,,0.8,404.219384057971,44
xlstm,electricity,USA|massachusetts,US,True,holdout,last12,1,2025-01-01,2047.35,2013.513483255506,,,,0.8,370.6084420289855,44
xlstm,electricity,USA|massachusetts,US,True,holdout,last12,2,2025-02-01,1872.69,1910.850189509988,,,,0.8,370.6084420289855,44
xlstm,electricity,USA|massachusetts,US,True,holdout,last12,3,2025-03-01,1992.72,1930.547039358616,,,,0.8,370.6084420289855,44
xlstm,electricity,USA|massachusetts,US,True,holdout,last12,4,2025-04-01,1904.13,1876.6459012392165,,,,0.8,370.6084420289855,44
xlstm,electricity,USA|massachusetts,US,True,holdout,last12,5,2025-05-01,2013.87,1957.4965354622902,,,,0.8,370.6084420289855,44
xlstm,electricity,USA|massachusetts,US,True,holdout,last12,6,2025-06-01,2556.87,2107.950780804754,,,,0.8,370.6084420289855,44
xlstm,electricity,USA|massachusetts,US,True,holdout,last12,7,2025-07-01,3214.23,2194.021167266369,,,,0.8,370.6084420289855,44
xlstm,electricity,USA|massachusetts,US,True,holdout,last12,8,2025-08-01,2706.05,1961.441735159755,,,,0.8,370.6084420289855,44
xlstm,electricity,USA|massachusetts,US,True,holdout,last12,9,2025-09-01,2135.02,1847.54554556489,,,,0.8,370.6084420289855,44
xlstm,electricity,USA|massachusetts,US,True,holdout,last12,10,2025-10-01,2278.43,1900.9186104936898,,,,0.8,370.6084420289855,44
xlstm,electricity,USA|massachusetts,US,True,holdout,last12,11,2025-11-01,2201.16,1920.1688125923276,,,,0.8,370.6084420289855,44
xlstm,electricity,USA|massachusetts,US,True,holdout,last12,12,2025-12-01,2292.68,1905.118219986558,,,,0.8,370.6084420289855,44
xlstm,electricity,USA|massachusetts,US,True,rolling,2022-12-01,1,2023-01-01,1740.87,2035.3084390035274,,,,0.8,382.50666666666666,44
xlstm,electricity,USA|massachusetts,US,True,rolling,2022-12-01,2,2023-02-01,1886.72,1912.7406188097598,,,,0.8,382.50666666666666,44
xlstm,electricity,USA|massachusetts,US,True,rolling,2022-12-01,3,2023-03-01,1725.93,1986.570484496653,,,,0.8,382.50666666666666,44
xlstm,electricity,USA|massachusetts,US,True,rolling,2022-12-01,4,2023-04-01,1755.28,2092.9634926044946,,,,0.8,382.50666666666666,44
xlstm,electricity,USA|massachusetts,US,True,rolling,2022-12-01,5,2023-05-01,1901.88,2201.831571828723,,,,0.8,382.50666666666666,44
xlstm,electricity,USA|massachusetts,US,True,rolling,2022-12-01,6,2023-06-01,1901.78,2210.128502340019,,,,0.8,382.50666666666666,44
xlstm,electricity,USA|massachusetts,US,True,rolling,2022-12-01,7,2023-07-01,2734.41,2463.4107401779297,,,,0.8,382.50666666666666,44
xlstm,electricity,USA|massachusetts,US,True,rolling,2022-12-01,8,2023-08-01,2230.43,2145.085431198776,,,,0.8,382.50666666666666,44
xlstm,electricity,USA|massachusetts,US,True,rolling,2022-12-01,9,2023-09-01,1972.52,1781.557975077778,,,,0.8,382.50666666666666,44
xlstm,electricity,USA|massachusetts,US,True,rolling,2022-12-01,10,2023-10-01,1701.59,1768.0955362159013,,,,0.8,382.50666666666666,44
xlstm,electricity,USA|massachusetts,US,True,rolling,2022-12-01,11,2023-11-01,1656.11,1897.4706663054228,,,,0.8,382.50666666666666,44
xlstm,electricity,USA|massachusetts,US,True,rolling,2022-12-01,12,2023-12-01,1906.55,2020.5861709415915,,,,0.8,382.50666666666666,44
xlstm,electricity,USA|massachusetts,US,True,rolling,2023-12-01,1,2024-01-01,2353.78,1752.5364816713334,,,,0.8,378.0974621212122,44
xlstm,electricity,USA|massachusetts,US,True,rolling,2023-12-01,2,2024-02-01,1902.34,1778.8525164592268,,,,0.8,378.0974621212122,44
xlstm,electricity,USA|massachusetts,US,True,rolling,2023-12-01,3,2024-03-01,2122.33,1764.5994282238187,,,,0.8,378.0974621212122,44
xlstm,electricity,USA|massachusetts,US,True,rolling,2023-12-01,4,2024-04-01,1693.91,1806.4676625594498,,,,0.8,378.0974621212122,44
xlstm,electricity,USA|massachusetts,US,True,rolling,2023-12-01,5,2024-05-01,1681.85,1877.7403759939968,,,,0.8,378.0974621212122,44
xlstm,electricity,USA|massachusetts,US,True,rolling,2023-12-01,6,2024-06-01,2050.74,1947.1339857757093,,,,0.8,378.0974621212122,44
xlstm,electricity,USA|massachusetts,US,True,rolling,2023-12-01,7,2024-07-01,2841.76,2104.894525174499,,,,0.8,378.0974621212122,44
xlstm,electricity,USA|massachusetts,US,True,rolling,2023-12-01,8,2024-08-01,2328.21,1856.5428183175625,,,,0.8,378.0974621212122,44
xlstm,electricity,USA|massachusetts,US,True,rolling,2023-12-01,9,2024-09-01,1710.24,1758.0005698403718,,,,0.8,378.0974621212122,44
xlstm,electricity,USA|massachusetts,US,True,rolling,2023-12-01,10,2024-10-01,1889.22,1707.8098924835026,,,,0.8,378.0974621212122,44
xlstm,electricity,USA|massachusetts,US,True,rolling,2023-12-01,11,2024-11-01,2008.06,1719.71463763088,,,,0.8,378.0974621212122,44
xlstm,electricity,USA|massachusetts,US,True,rolling,2023-12-01,12,2024-12-01,1914.47,1758.9425656221808,,,,0.8,378.0974621212122,44
xlstm,electricity,USA|massachusetts,US,True,rolling,2024-12-01,1,2025-01-01,2047.35,2013.513483255506,,,,0.8,370.6084420289855,44
xlstm,electricity,USA|massachusetts,US,True,rolling,2024-12-01,2,2025-02-01,1872.69,1910.850189509988,,,,0.8,370.6084420289855,44
xlstm,electricity,USA|massachusetts,US,True,rolling,2024-12-01,3,2025-03-01,1992.72,1930.547039358616,,,,0.8,370.6084420289855,44
xlstm,electricity,USA|massachusetts,US,True,rolling,2024-12-01,4,2025-04-01,1904.13,1876.6459012392165,,,,0.8,370.6084420289855,44
xlstm,electricity,USA|massachusetts,US,True,rolling,2024-12-01,5,2025-05-01,2013.87,1957.4965354622902,,,,0.8,370.6084420289855,44
xlstm,electricity,USA|massachusetts,US,True,rolling,2024-12-01,6,2025-06-01,2556.87,2107.950780804754,,,,0.8,370.6084420289855,44
xlstm,electricity,USA|massachusetts,US,True,rolling,2024-12-01,7,2025-07-01,3214.23,2194.021167266369,,,,0.8,370.6084420289855,44
xlstm,electricity,USA|massachusetts,US,True,rolling,2024-12-01,8,2025-08-01,2706.05,1961.441735159755,,,,0.8,370.6084420289855,44
xlstm,electricity,USA|massachusetts,US,True,rolling,2024-12-01,9,2025-09-01,2135.02,1847.54554556489,,,,0.8,370.6084420289855,44
xlstm,electricity,USA|massachusetts,US,True,rolling,2024-12-01,10,2025-10-01,2278.43,1900.9186104936898,,,,0.8,370.6084420289855,44
xlstm,electricity,USA|massachusetts,US,True,rolling,2024-12-01,11,2025-11-01,2201.16,1920.1688125923276,,,,0.8,370.6084420289855,44
xlstm,electricity,USA|massachusetts,US,True,rolling,2024-12-01,12,2025-12-01,2292.68,1905.118219986558,,,,0.8,370.6084420289855,44
xlstm,electricity,USA|michigan,US,True,holdout,last12,1,2025-01-01,11693.55,9665.814695928097,,,,0.8,705.7997826086956,44
xlstm,electricity,USA|michigan,US,True,holdout,last12,2,2025-02-01,10152.38,9390.182195506097,,,,0.8,705.7997826086956,44
xlstm,electricity,USA|michigan,US,True,holdout,last12,3,2025-03-01,9820.38,9229.390667567253,,,,0.8,705.7997826086956,44
xlstm,electricity,USA|michigan,US,True,holdout,last12,4,2025-04-01,9409.46,9331.657633302211,,,,0.8,705.7997826086956,44
xlstm,electricity,USA|michigan,US,True,holdout,last12,5,2025-05-01,9018.45,10668.709061465262,,,,0.8,705.7997826086956,44
xlstm,electricity,USA|michigan,US,True,holdout,last12,6,2025-06-01,10655.78,10764.772932872773,,,,0.8,705.7997826086956,44
xlstm,electricity,USA|michigan,US,True,holdout,last12,7,2025-07-01,12206.19,10803.771024463176,,,,0.8,705.7997826086956,44
xlstm,electricity,USA|michigan,US,True,holdout,last12,8,2025-08-01,11443.71,10771.599351546764,,,,0.8,705.7997826086956,44
xlstm,electricity,USA|michigan,US,True,holdout,last12,9,2025-09-01,10358.02,10597.748161468506,,,,0.8,705.7997826086956,44
xlstm,electricity,USA|michigan,US,True,holdout,last12,10,2025-10-01,9934.39,9779.505642256738,,,,0.8,705.7997826086956,44
xlstm,electricity,USA|michigan,US,True,holdout,last12,11,2025-11-01,10666.11,9927.435475287437,,,,0.8,705.7997826086956,44
xlstm,electricity,USA|michigan,US,True,holdout,last12,12,2025-12-01,11631.5,10535.225387678147,,,,0.8,705.7997826086956,44
xlstm,electricity,USA|michigan,US,True,rolling,2022-12-01,1,2023-01-01,10865.12,9395.79577313423,,,,0.8,711.438492063492,44
xlstm,electricity,USA|michigan,US,True,rolling,2022-12-01,2,2023-02-01,9191.41,9392.509324822424,,,,0.8,711.438492063492,44
xlstm,electricity,USA|michigan,US,True,rolling,2022-12-01,3,2023-03-01,10082.47,9389.839442572593,,,,0.8,711.438492063492,44
xlstm,electricity,USA|michigan,US,True,rolling,2022-12-01,4,2023-04-01,9391.35,9386.723347935675,,,,0.8,711.438492063492,44
xlstm,electricity,USA|michigan,US,True,rolling,2022-12-01,5,2023-05-01,8940.0,9384.352844629286,,,,0.8,711.438492063492,44
xlstm,electricity,USA|michigan,US,True,rolling,2022-12-01,6,2023-06-01,9938.54,9381.186013493536,,,,0.8,711.438492063492,44
xlstm,electricity,USA|michigan,US,True,rolling,2022-12-01,7,2023-07-01,11180.68,9377.755419764517,,,,0.8,711.438492063492,44
xlstm,electricity,USA|michigan,US,True,rolling,2022-12-01,8,2023-08-01,11311.78,9373.9249821043,,,,0.8,711.438492063492,44
xlstm,electricity,USA|michigan,US,True,rolling,2022-12-01,9,2023-09-01,10466.94,9371.577999029158,,,,0.8,711.438492063492,44
xlstm,electricity,USA|michigan,US,True,rolling,2022-12-01,10,2023-10-01,10166.53,9370.376451215743,,,,0.8,711.438492063492,44
xlstm,electricity,USA|michigan,US,True,rolling,2022-12-01,11,2023-11-01,9426.97,9369.50485864639,,,,0.8,711.438492063492,44
xlstm,electricity,USA|michigan,US,True,rolling,2022-12-01,12,2023-12-01,10618.25,9369.625483832358,,,,0.8,711.438492063492,44
xlstm,electricity,USA|michigan,US,True,rolling,2023-12-01,1,2024-01-01,10144.87,9651.01044236183,,,,0.8,706.0780303030302,44
xlstm,electricity,USA|michigan,US,True,rolling,2023-12-01,2,2024-02-01,9760.95,9628.541229448318,,,,0.8,706.0780303030302,44
xlstm,electricity,USA|michigan,US,True,rolling,2023-12-01,3,2024-03-01,8878.11,9645.92436035633,,,,0.8,706.0780303030302,44
xlstm,electricity,USA|michigan,US,True,rolling,2023-12-01,4,2024-04-01,8480.2,9638.435518727301,,,,0.8,706.0780303030302,44
xlstm,electricity,USA|michigan,US,True,rolling,2023-12-01,5,2024-05-01,10006.87,9647.195796856879,,,,0.8,706.0780303030302,44
xlstm,electricity,USA|michigan,US,True,rolling,2023-12-01,6,2024-06-01,10718.31,9664.41025410652,,,,0.8,706.0780303030302,44
xlstm,electricity,USA|michigan,US,True,rolling,2023-12-01,7,2024-07-01,12515.46,9655.61066359043,,,,0.8,706.0780303030302,44
xlstm,electricity,USA|michigan,US,True,rolling,2023-12-01,8,2024-08-01,12023.91,9615.87121687889,,,,0.8,706.0780303030302,44
xlstm,electricity,USA|michigan,US,True,rolling,2023-12-01,9,2024-09-01,10678.18,9571.254010210036,,,,0.8,706.0780303030302,44
xlstm,electricity,USA|michigan,US,True,rolling,2023-12-01,10,2024-10-01,9888.9,9547.549649152754,,,,0.8,706.0780303030302,44
xlstm,electricity,USA|michigan,US,True,rolling,2023-12-01,11,2024-11-01,9836.76,9531.330097684859,,,,0.8,706.0780303030302,44
xlstm,electricity,USA|michigan,US,True,rolling,2023-12-01,12,2024-12-01,10816.88,9534.060460529327,,,,0.8,706.0780303030302,44
xlstm,electricity,USA|michigan,US,True,rolling,2024-12-01,1,2025-01-01,11693.55,9665.814695928097,,,,0.8,705.7997826086956,44
xlstm,electricity,USA|michigan,US,True,rolling,2024-12-01,2,2025-02-01,10152.38,9390.182195506097,,,,0.8,705.7997826086956,44
xlstm,electricity,USA|michigan,US,True,rolling,2024-12-01,3,2025-03-01,9820.38,9229.390667567253,,,,0.8,705.7997826086956,44
xlstm,electricity,USA|michigan,US,True,rolling,2024-12-01,4,2025-04-01,9409.46,9331.657633302211,,,,0.8,705.7997826086956,44
xlstm,electricity,USA|michigan,US,True,rolling,2024-12-01,5,2025-05-01,9018.45,10668.709061465262,,,,0.8,705.7997826086956,44
xlstm,electricity,USA|michigan,US,True,rolling,2024-12-01,6,2025-06-01,10655.78,10764.772932872773,,,,0.8,705.7997826086956,44
xlstm,electricity,USA|michigan,US,True,rolling,2024-12-01,7,2025-07-01,12206.19,10803.771024463176,,,,0.8,705.7997826086956,44
xlstm,electricity,USA|michigan,US,True,rolling,2024-12-01,8,2025-08-01,11443.71,10771.599351546764,,,,0.8,705.7997826086956,44
xlstm,electricity,USA|michigan,US,True,rolling,2024-12-01,9,2025-09-01,10358.02,10597.748161468506,,,,0.8,705.7997826086956,44
xlstm,electricity,USA|michigan,US,True,rolling,2024-12-01,10,2025-10-01,9934.39,9779.505642256738,,,,0.8,705.7997826086956,44
xlstm,electricity,USA|michigan,US,True,rolling,2024-12-01,11,2025-11-01,10666.11,9927.435475287437,,,,0.8,705.7997826086956,44
xlstm,electricity,USA|michigan,US,True,rolling,2024-12-01,12,2025-12-01,11631.5,10535.225387678147,,,,0.8,705.7997826086956,44
xlstm,electricity,USA|minnesota,US,True,holdout,last12,1,2025-01-01,5675.45,5080.038687627912,,,,0.8,291.43597826086955,44
xlstm,electricity,USA|minnesota,US,True,holdout,last12,2,2025-02-01,5096.53,4701.200433482528,,,,0.8,291.43597826086955,44
xlstm,electricity,USA|minnesota,US,True,holdout,last12,3,2025-03-01,5063.61,5032.264217801094,,,,0.8,291.43597826086955,44
xlstm,electricity,USA|minnesota,US,True,holdout,last12,4,2025-04-01,4554.74,4985.103205571771,,,,0.8,291.43597826086955,44
xlstm,electricity,USA|minnesota,US,True,holdout,last12,5,2025-05-01,4199.38,4989.014122849107,,,,0.8,291.43597826086955,44
xlstm,electricity,USA|minnesota,US,True,holdout,last12,6,2025-06-01,4928.01,5253.822651936412,,,,0.8,291.43597826086955,44
xlstm,electricity,USA|minnesota,US,True,holdout,last12,7,2025-07-01,6128.45,5462.538006010652,,,,0.8,291.43597826086955,44
xlstm,electricity,USA|minnesota,US,True,holdout,last12,8,2025-08-01,5656.14,5271.504007687568,,,,0.8,291.43597826086955,44
xlstm,electricity,USA|minnesota,US,True,holdout,last12,9,2025-09-01,4766.9,4588.673829650283,,,,0.8,291.43597826086955,44
xlstm,electricity,USA|minnesota,US,True,holdout,last12,10,2025-10-01,4725.95,4275.275555930138,,,,0.8,291.43597826086955,44
xlstm,electricity,USA|minnesota,US,True,holdout,last12,11,2025-11-01,4757.04,4657.803062005639,,,,0.8,291.43597826086955,44
xlstm,electricity,USA|minnesota,US,True,holdout,last12,12,2025-12-01,5641.7,5160.464346346259,,,,0.8,291.43597826086955,44
xlstm,electricity,USA|minnesota,US,True,rolling,2022-12-01,1,2023-01-01,5330.92,5396.8283244067425,,,,0.8,290.8561111111111,44
xlstm,electricity,USA|minnesota,US,True,rolling,2022-12-01,2,2023-02-01,4306.29,5183.236165902615,,,,0.8,290.8561111111111,44
xlstm,electricity,USA|minnesota,US,True,rolling,2022-12-01,3,2023-03-01,4795.18,4736.5641457313295,,,,0.8,290.8561111111111,44
xlstm,electricity,USA|minnesota,US,True,rolling,2022-12-01,4,2023-04-01,4405.06,4202.521119419933,,,,0.8,290.8561111111111,44
xlstm,electricity,USA|minnesota,US,True,rolling,2022-12-01,5,2023-05-01,4371.2,4201.747208802104,,,,0.8,290.8561111111111,44
xlstm,electricity,USA|minnesota,US,True,rolling,2022-12-01,6,2023-06-01,5095.07,5269.660132282376,,,,0.8,290.8561111111111,44
xlstm,electricity,USA|minnesota,US,True,rolling,2022-12-01,7,2023-07-01,5733.34,5392.817666062712,,,,0.8,290.8561111111111,44
xlstm,electricity,USA|minnesota,US,True,rolling,2022-12-01,8,2023-08-01,5662.96,5315.953997679352,,,,0.8,290.8561111111111,44
xlstm,electricity,USA|minnesota,US,True,rolling,2022-12-01,9,2023-09-01,4586.84,4703.541846683622,,,,0.8,290.8561111111111,44
xlstm,electricity,USA|minnesota,US,True,rolling,2022-12-01,10,2023-10-01,4556.8,4664.4817104882,,,,0.8,290.8561111111111,44
xlstm,electricity,USA|minnesota,US,True,rolling,2022-12-01,11,2023-11-01,4577.09,4803.611825390458,,,,0.8,290.8561111111111,44
xlstm,electricity,USA|minnesota,US,True,rolling,2022-12-01,12,2023-12-01,4660.07,5335.501578840614,,,,0.8,290.8561111111111,44
xlstm,electricity,USA|minnesota,US,True,rolling,2023-12-01,1,2024-01-01,5153.67,5166.493677148819,,,,0.8,293.0528409090909,44
xlstm,electricity,USA|minnesota,US,True,rolling,2023-12-01,2,2024-02-01,4527.24,4368.505182200968,,,,0.8,293.0528409090909,44
xlstm,electricity,USA|minnesota,US,True,rolling,2023-12-01,3,2024-03-01,4991.6,4636.747939654887,,,,0.8,293.0528409090909,44
xlstm,electricity,USA|minnesota,US,True,rolling,2023-12-01,4,2024-04-01,4936.98,4341.413557031155,,,,0.8,293.0528409090909,44
xlstm,electricity,USA|minnesota,US,True,rolling,2023-12-01,5,2024-05-01,4829.49,4470.515775140226,,,,0.8,293.0528409090909,44
xlstm,electricity,USA|minnesota,US,True,rolling,2023-12-01,6,2024-06-01,5009.06,5257.862498719692,,,,0.8,293.0528409090909,44
xlstm,electricity,USA|minnesota,US,True,rolling,2023-12-01,7,2024-07-01,5828.46,5443.888261240721,,,,0.8,293.0528409090909,44
xlstm,electricity,USA|minnesota,US,True,rolling,2023-12-01,8,2024-08-01,5555.27,5346.076300194263,,,,0.8,293.0528409090909,44
xlstm,electricity,USA|minnesota,US,True,rolling,2023-12-01,9,2024-09-01,4600.85,4572.571068089306,,,,0.8,293.0528409090909,44
xlstm,electricity,USA|minnesota,US,True,rolling,2023-12-01,10,2024-10-01,3987.63,4552.499596141279,,,,0.8,293.0528409090909,44
xlstm,electricity,USA|minnesota,US,True,rolling,2023-12-01,11,2024-11-01,4413.47,4586.969141402543,,,,0.8,293.0528409090909,44
xlstm,electricity,USA|minnesota,US,True,rolling,2023-12-01,12,2024-12-01,5110.0,4688.282214039266,,,,0.8,293.0528409090909,44
xlstm,electricity,USA|minnesota,US,True,rolling,2024-12-01,1,2025-01-01,5675.45,5080.038687627912,,,,0.8,291.43597826086955,44
xlstm,electricity,USA|minnesota,US,True,rolling,2024-12-01,2,2025-02-01,5096.53,4701.200433482528,,,,0.8,291.43597826086955,44
xlstm,electricity,USA|minnesota,US,True,rolling,2024-12-01,3,2025-03-01,5063.61,5032.264217801094,,,,0.8,291.43597826086955,44
xlstm,electricity,USA|minnesota,US,True,rolling,2024-12-01,4,2025-04-01,4554.74,4985.103205571771,,,,0.8,291.43597826086955,44
xlstm,electricity,USA|minnesota,US,True,rolling,2024-12-01,5,2025-05-01,4199.38,4989.014122849107,,,,0.8,291.43597826086955,44
xlstm,electricity,USA|minnesota,US,True,rolling,2024-12-01,6,2025-06-01,4928.01,5253.822651936412,,,,0.8,291.43597826086955,44
xlstm,electricity,USA|minnesota,US,True,rolling,2024-12-01,7,2025-07-01,6128.45,5462.538006010652,,,,0.8,291.43597826086955,44
xlstm,electricity,USA|minnesota,US,True,rolling,2024-12-01,8,2025-08-01,5656.14,5271.504007687568,,,,0.8,291.43597826086955,44
xlstm,electricity,USA|minnesota,US,True,rolling,2024-12-01,9,2025-09-01,4766.9,4588.673829650283,,,,0.8,291.43597826086955,44
xlstm,electricity,USA|minnesota,US,True,rolling,2024-12-01,10,2025-10-01,4725.95,4275.275555930138,,,,0.8,291.43597826086955,44
xlstm,electricity,USA|minnesota,US,True,rolling,2024-12-01,11,2025-11-01,4757.04,4657.803062005639,,,,0.8,291.43597826086955,44
xlstm,electricity,USA|minnesota,US,True,rolling,2024-12-01,12,2025-12-01,5641.7,5160.464346346259,,,,0.8,291.43597826086955,44
xlstm,electricity,USA|mississippi,US,True,holdout,last12,1,2025-01-01,6584.96,6783.788877810241,,,,0.8,559.9975,44
xlstm,electricity,USA|mississippi,US,True,holdout,last12,2,2025-02-01,5416.5,5309.559780960679,,,,0.8,559.9975,44
xlstm,electricity,USA|mississippi,US,True,holdout,last12,3,2025-03-01,6376.84,5112.617740775049,,,,0.8,559.9975,44
xlstm,electricity,USA|mississippi,US,True,holdout,last12,4,2025-04-01,5730.56,6356.232634475232,,,,0.8,559.9975,44
xlstm,electricity,USA|mississippi,US,True,holdout,last12,5,2025-05-01,5400.59,7053.275126843453,,,,0.8,559.9975,44
xlstm,electricity,USA|mississippi,US,True,holdout,last12,6,2025-06-01,6909.71,7249.013772460223,,,,0.8,559.9975,44
xlstm,electricity,USA|mississippi,US,True,holdout,last12,7,2025-07-01,8285.4,7480.443937401773,,,,0.8,559.9975,44
xlstm,electricity,USA|mississippi,US,True,holdout,last12,8,2025-08-01,8055.46,7328.705020138026,,,,0.8,559.9975,44
xlstm,electricity,USA|mississippi,US,True,holdout,last12,9,2025-09-01,6628.23,6849.65438378811,,,,0.8,559.9975,44
xlstm,electricity,USA|mississippi,US,True,holdout,last12,10,2025-10-01,6088.42,5921.594945130349,,,,0.8,559.9975,44
xlstm,electricity,USA|mississippi,US,True,holdout,last12,11,2025-11-01,5277.09,5823.754309108258,,,,0.8,559.9975,44
xlstm,electricity,USA|mississippi,US,True,holdout,last12,12,2025-12-01,6092.9,6581.4658089303975,,,,0.8,559.9975,44
xlstm,electricity,USA|mississippi,US,True,rolling,2022-12-01,1,2023-01-01,6058.07,6440.583664306401,,,,0.8,549.238611111111,44
xlstm,electricity,USA|mississippi,US,True,rolling,2022-12-01,2,2023-02-01,5160.62,4820.919458940029,,,,0.8,549.238611111111,44
xlstm,electricity,USA|mississippi,US,True,rolling,2022-12-01,3,2023-03-01,6058.02,5085.466455243825,,,,0.8,549.238611111111,44
xlstm,electricity,USA|mississippi,US,True,rolling,2022-12-01,4,2023-04-01,5570.77,4740.454120674132,,,,0.8,549.238611111111,44
xlstm,electricity,USA|mississippi,US,True,rolling,2022-12-01,5,2023-05-01,5651.9,6165.108112829923,,,,0.8,549.238611111111,44
xlstm,electricity,USA|mississippi,US,True,rolling,2022-12-01,6,2023-06-01,6708.23,6846.999314855337,,,,0.8,549.238611111111,44
xlstm,electricity,USA|mississippi,US,True,rolling,2022-12-01,7,2023-07-01,7728.03,6792.638720504045,,,,0.8,549.238611111111,44
xlstm,electricity,USA|mississippi,US,True,rolling,2022-12-01,8,2023-08-01,7990.29,6636.922634527683,,,,0.8,549.238611111111,44
xlstm,electricity,USA|mississippi,US,True,rolling,2022-12-01,9,2023-09-01,6410.82,5463.806592693329,,,,0.8,549.238611111111,44
xlstm,electricity,USA|mississippi,US,True,rolling,2022-12-01,10,2023-10-01,6155.11,4825.759589283466,,,,0.8,549.238611111111,44
xlstm,electricity,USA|mississippi,US,True,rolling,2022-12-01,11,2023-11-01,4351.12,5701.477417658567,,,,0.8,549.238611111111,44
xlstm,electricity,USA|mississippi,US,True,rolling,2022-12-01,12,2023-12-01,5680.13,6485.114326421021,,,,0.8,549.238611111111,44
xlstm,electricity,USA|mississippi,US,True,rolling,2023-12-01,1,2024-01-01,6790.31,5874.778109898568,,,,0.8,560.4067424242425,44
xlstm,electricity,USA|mississippi,US,True,rolling,2023-12-01,2,2024-02-01,5465.69,5141.95062440753,,,,0.8,560.4067424242425,44
xlstm,electricity,USA|mississippi,US,True,rolling,2023-12-01,3,2024-03-01,4347.17,5787.742400282622,,,,0.8,560.4067424242425,44
xlstm,electricity,USA|mississippi,US,True,rolling,2023-12-01,4,2024-04-01,5711.71,5364.433735259771,,,,0.8,560.4067424242425,44
xlstm,electricity,USA|mississippi,US,True,rolling,2023-12-01,5,2024-05-01,6745.56,5813.439958980084,,,,0.8,560.4067424242425,44
xlstm,electricity,USA|mississippi,US,True,rolling,2023-12-01,6,2024-06-01,6895.39,6709.929105836154,,,,0.8,560.4067424242425,44
xlstm,electricity,USA|mississippi,US,True,rolling,2023-12-01,7,2024-07-01,7781.01,7083.762734205127,,,,0.8,560.4067424242425,44
xlstm,electricity,USA|mississippi,US,True,rolling,2023-12-01,8,2024-08-01,7439.48,7083.483924428226,,,,0.8,560.4067424242425,44
xlstm,electricity,USA|mississippi,US,True,rolling,2023-12-01,9,2024-09-01,6702.34,6367.752796598078,,,,0.8,560.4067424242425,44
xlstm,electricity,USA|mississippi,US,True,rolling,2023-12-01,10,2024-10-01,5607.19,5720.387437681557,,,,0.8,560.4067424242425,44
xlstm,electricity,USA|mississippi,US,True,rolling,2023-12-01,11,2024-11-01,5159.3,4972.184157060385,,,,0.8,560.4067424242425,44
xlstm,electricity,USA|mississippi,US,True,rolling,2023-12-01,12,2024-12-01,5870.73,5710.964634192586,,,,0.8,560.4067424242425,44
xlstm,electricity,USA|mississippi,US,True,rolling,2024-12-01,1,2025-01-01,6584.96,6783.788877810241,,,,0.8,559.9975,44
xlstm,electricity,USA|mississippi,US,True,rolling,2024-12-01,2,2025-02-01,5416.5,5309.559780960679,,,,0.8,559.9975,44
xlstm,electricity,USA|mississippi,US,True,rolling,2024-12-01,3,2025-03-01,6376.84,5112.617740775049,,,,0.8,559.9975,44
xlstm,electricity,USA|mississippi,US,True,rolling,2024-12-01,4,2025-04-01,5730.56,6356.232634475232,,,,0.8,559.9975,44
xlstm,electricity,USA|mississippi,US,True,rolling,2024-12-01,5,2025-05-01,5400.59,7053.275126843453,,,,0.8,559.9975,44
xlstm,electricity,USA|mississippi,US,True,rolling,2024-12-01,6,2025-06-01,6909.71,7249.013772460223,,,,0.8,559.9975,44
xlstm,electricity,USA|mississippi,US,True,rolling,2024-12-01,7,2025-07-01,8285.4,7480.443937401773,,,,0.8,559.9975,44
xlstm,electricity,USA|mississippi,US,True,rolling,2024-12-01,8,2025-08-01,8055.46,7328.705020138026,,,,0.8,559.9975,44
xlstm,electricity,USA|mississippi,US,True,rolling,2024-12-01,9,2025-09-01,6628.23,6849.65438378811,,,,0.8,559.9975,44
xlstm,electricity,USA|mississippi,US,True,rolling,2024-12-01,10,2025-10-01,6088.42,5921.594945130349,,,,0.8,559.9975,44
xlstm,electricity,USA|mississippi,US,True,rolling,2024-12-01,11,2025-11-01,5277.09,5823.754309108258,,,,0.8,559.9975,44
xlstm,electricity,USA|mississippi,US,True,rolling,2024-12-01,12,2025-12-01,6092.9,6581.4658089303975,,,,0.8,559.9975,44
xlstm,electricity,USA|missouri,US,False,holdout,last12,1,2025-01-01,6658.1,6309.827592191697,,,,0.8,517.0428260869566,44
xlstm,electricity,USA|missouri,US,False,holdout,last12,2,2025-02-01,6609.74,5248.986625590324,,,,0.8,517.0428260869566,44
xlstm,electricity,USA|missouri,US,False,holdout,last12,3,2025-03-01,5844.29,5283.681121828557,,,,0.8,517.0428260869566,44
xlstm,electricity,USA|missouri,US,False,holdout,last12,4,2025-04-01,5193.59,5385.284949125052,,,,0.8,517.0428260869566,44
xlstm,electricity,USA|missouri,US,False,holdout,last12,5,2025-05-01,5204.01,5877.920590014458,,,,0.8,517.0428260869566,44
xlstm,electricity,USA|missouri,US,False,holdout,last12,6,2025-06-01,5915.34,6723.71311478138,,,,0.8,517.0428260869566,44
xlstm,electricity,USA|missouri,US,False,holdout,last12,7,2025-07-01,7168.47,7142.631470108032,,,,0.8,517.0428260869566,44
xlstm,electricity,USA|missouri,US,False,holdout,last12,8,2025-08-01,7098.49,6469.195717039109,,,,0.8,517.0428260869566,44
xlstm,electricity,USA|missouri,US,False,holdout,last12,9,2025-09-01,5916.52,5403.067228500843,,,,0.8,517.0428260869566,44
xlstm,electricity,USA|missouri,US,False,holdout,last12,10,2025-10-01,5578.63,5330.92471255064,,,,0.8,517.0428260869566,44
xlstm,electricity,USA|missouri,US,False,holdout,last12,11,2025-11-01,5425.6,5285.72826371789,,,,0.8,517.0428260869566,44
xlstm,electricity,USA|missouri,US,False,holdout,last12,12,2025-12-01,6636.02,5703.854503817559,,,,0.8,517.0428260869566,44
xlstm,electricity,USA|missouri,US,False,rolling,2022-12-01,1,2023-01-01,6507.84,7530.900974478721,,,,0.8,495.9111111111112,44
xlstm,electricity,USA|missouri,US,False,rolling,2022-12-01,2,2023-02-01,4588.37,6536.481433501243,,,,0.8,495.9111111111112,44
xlstm,electricity,USA|missouri,US,False,rolling,2022-12-01,3,2023-03-01,4851.6,6272.600773938893,,,,0.8,495.9111111111112,44
xlstm,electricity,USA|missouri,US,False,rolling,2022-12-01,4,2023-04-01,4993.66,5857.8155948543545,,,,0.8,495.9111111111112,44
xlstm,electricity,USA|missouri,US,False,rolling,2022-12-01,5,2023-05-01,4943.08,5860.691437982916,,,,0.8,495.9111111111112,44
xlstm,electricity,USA|missouri,US,False,rolling,2022-12-01,6,2023-06-01,6195.98,6954.789167090654,,,,0.8,495.9111111111112,44
xlstm,electricity,USA|missouri,US,False,rolling,2022-12-01,7,2023-07-01,7020.98,7876.722125997542,,,,0.8,495.9111111111112,44
xlstm,electricity,USA|missouri,US,False,rolling,2022-12-01,8,2023-08-01,6927.72,7262.417146476507,,,,0.8,495.9111111111112,44
xlstm,electricity,USA|missouri,US,False,rolling,2022-12-01,9,2023-09-01,5867.56,6401.250039722919,,,,0.8,495.9111111111112,44
xlstm,electricity,USA|missouri,US,False,rolling,2022-12-01,10,2023-10-01,4667.04,6027.522341986894,,,,0.8,495.9111111111112,44
xlstm,electricity,USA|missouri,US,False,rolling,2022-12-01,11,2023-11-01,5453.67,6385.238206815123,,,,0.8,495.9111111111112,44
xlstm,electricity,USA|missouri,US,False,rolling,2022-12-01,12,2023-12-01,5690.01,6878.888546767234,,,,0.8,495.9111111111112,44
xlstm,electricity,USA|missouri,US,False,rolling,2023-12-01,1,2024-01-01,7285.93,5758.049359106421,,,,0.8,519.5248484848485,44
xlstm,electricity,USA|missouri,US,False,rolling,2023-12-01,2,2024-02-01,4579.5,5270.168168730438,,,,0.8,519.5248484848485,44
xlstm,electricity,USA|missouri,US,False,rolling,2023-12-01,3,2024-03-01,4582.88,5335.656183567047,,,,0.8,519.5248484848485,44
xlstm,electricity,USA|missouri,US,False,rolling,2023-12-01,4,2024-04-01,4686.21,5384.881787174344,,,,0.8,519.5248484848485,44
xlstm,electricity,USA|missouri,US,False,rolling,2023-12-01,5,2024-05-01,5847.78,5452.755291386842,,,,0.8,519.5248484848485,44
xlstm,electricity,USA|missouri,US,False,rolling,2023-12-01,6,2024-06-01,6478.72,6058.70127051115,,,,0.8,519.5248484848485,44
xlstm,electricity,USA|missouri,US,False,rolling,2023-12-01,7,2024-07-01,7543.3,6739.202138473987,,,,0.8,519.5248484848485,44
xlstm,electricity,USA|missouri,US,False,rolling,2023-12-01,8,2024-08-01,7127.8,6291.685663642883,,,,0.8,519.5248484848485,44
xlstm,electricity,USA|missouri,US,False,rolling,2023-12-01,9,2024-09-01,5442.78,5525.009164578616,,,,0.8,519.5248484848485,44
xlstm,electricity,USA|missouri,US,False,rolling,2023-12-01,10,2024-10-01,5157.57,5314.987086542845,,,,0.8,519.5248484848485,44
xlstm,electricity,USA|missouri,US,False,rolling,2023-12-01,11,2024-11-01,4274.6,5493.454490409195,,,,0.8,519.5248484848485,44
xlstm,electricity,USA|missouri,US,False,rolling,2023-12-01,12,2024-12-01,5871.92,5565.840759926438,,,,0.8,519.5248484848485,44
xlstm,electricity,USA|missouri,US,False,rolling,2024-12-01,1,2025-01-01,6658.1,6309.827592191697,,,,0.8,517.0428260869566,44
xlstm,electricity,USA|missouri,US,False,rolling,2024-12-01,2,2025-02-01,6609.74,5248.986625590324,,,,0.8,517.0428260869566,44
xlstm,electricity,USA|missouri,US,False,rolling,2024-12-01,3,2025-03-01,5844.29,5283.681121828557,,,,0.8,517.0428260869566,44
xlstm,electricity,USA|missouri,US,False,rolling,2024-12-01,4,2025-04-01,5193.59,5385.284949125052,,,,0.8,517.0428260869566,44
xlstm,electricity,USA|missouri,US,False,rolling,2024-12-01,5,2025-05-01,5204.01,5877.920590014458,,,,0.8,517.0428260869566,44
xlstm,electricity,USA|missouri,US,False,rolling,2024-12-01,6,2025-06-01,5915.34,6723.71311478138,,,,0.8,517.0428260869566,44
xlstm,electricity,USA|missouri,US,False,rolling,2024-12-01,7,2025-07-01,7168.47,7142.631470108032,,,,0.8,517.0428260869566,44
xlstm,electricity,USA|missouri,US,False,rolling,2024-12-01,8,2025-08-01,7098.49,6469.195717039109,,,,0.8,517.0428260869566,44
xlstm,electricity,USA|missouri,US,False,rolling,2024-12-01,9,2025-09-01,5916.52,5403.067228500843,,,,0.8,517.0428260869566,44
xlstm,electricity,USA|missouri,US,False,rolling,2024-12-01,10,2025-10-01,5578.63,5330.92471255064,,,,0.8,517.0428260869566,44
xlstm,electricity,USA|missouri,US,False,rolling,2024-12-01,11,2025-11-01,5425.6,5285.72826371789,,,,0.8,517.0428260869566,44
xlstm,electricity,USA|missouri,US,False,rolling,2024-12-01,12,2025-12-01,6636.02,5703.854503817559,,,,0.8,517.0428260869566,44
xlstm,electricity,USA|montana,US,False,holdout,last12,1,2025-01-01,2804.17,2538.8712193119527,,,,0.8,243.6841304347826,44
xlstm,electricity,USA|montana,US,False,holdout,last12,2,2025-02-01,2293.24,2203.9326255857945,,,,0.8,243.6841304347826,44
xlstm,electricity,USA|montana,US,False,holdout,last12,3,2025-03-01,2278.21,2061.0551752737165,,,,0.8,243.6841304347826,44
xlstm,electricity,USA|montana,US,False,holdout,last12,4,2025-04-01,2001.33,1992.9888350188733,,,,0.8,243.6841304347826,44
xlstm,electricity,USA|montana,US,False,holdout,last12,5,2025-05-01,1932.12,1957.1331777596474,,,,0.8,243.6841304347826,44
xlstm,electricity,USA|montana,US,False,holdout,last12,6,2025-06-01,2003.92,2089.063654615581,,,,0.8,243.6841304347826,44
xlstm,electricity,USA|montana,US,False,holdout,last12,7,2025-07-01,2450.98,2199.1405190885066,,,,0.8,243.6841304347826,44
xlstm,electricity,USA|montana,US,False,holdout,last12,8,2025-08-01,2484.3,2255.934683568478,,,,0.8,243.6841304347826,44
xlstm,electricity,USA|montana,US,False,holdout,last12,9,2025-09-01,1932.99,2256.87919069767,,,,0.8,243.6841304347826,44
xlstm,electricity,USA|montana,US,False,holdout,last12,10,2025-10-01,2434.81,2285.525320020914,,,,0.8,243.6841304347826,44
xlstm,electricity,USA|montana,US,False,holdout,last12,11,2025-11-01,2588.37,2372.2945827293397,,,,0.8,243.6841304347826,44
xlstm,electricity,USA|montana,US,False,holdout,last12,12,2025-12-01,2611.07,2457.629692031145,,,,0.8,243.6841304347826,44
xlstm,electricity,USA|montana,US,False,rolling,2022-12-01,1,2023-01-01,2283.15,2187.540982909799,,,,0.8,250.2520238095238,44
xlstm,electricity,USA|montana,US,False,rolling,2022-12-01,2,2023-02-01,2363.04,2197.0589429944753,,,,0.8,250.2520238095238,44
xlstm,electricity,USA|montana,US,False,rolling,2022-12-01,3,2023-03-01,2216.5,2308.024033777714,,,,0.8,250.2520238095238,44
xlstm,electricity,USA|montana,US,False,rolling,2022-12-01,4,2023-04-01,1914.15,2343.6577938342093,,,,0.8,250.2520238095238,44
xlstm,electricity,USA|montana,US,False,rolling,2022-12-01,5,2023-05-01,1948.57,2339.8211312532426,,,,0.8,250.2520238095238,44
xlstm,electricity,USA|montana,US,False,rolling,2022-12-01,6,2023-06-01,1756.22,2316.806431570053,,,,0.8,250.2520238095238,44
xlstm,electricity,USA|montana,US,False,rolling,2022-12-01,7,2023-07-01,2189.52,2325.2739298939705,,,,0.8,250.2520238095238,44
xlstm,electricity,USA|montana,US,False,rolling,2022-12-01,8,2023-08-01,2166.52,2343.8783883309366,,,,0.8,250.2520238095238,44
xlstm,electricity,USA|montana,US,False,rolling,2022-12-01,9,2023-09-01,1856.36,2347.4651097631454,,,,0.8,250.2520238095238,44
xlstm,electricity,USA|montana,US,False,rolling,2022-12-01,10,2023-10-01,1852.93,2340.5172074604034,,,,0.8,250.2520238095238,44
xlstm,electricity,USA|montana,US,False,rolling,2022-12-01,11,2023-11-01,2354.09,2332.846932371855,,,,0.8,250.2520238095238,44
xlstm,electricity,USA|montana,US,False,rolling,2022-12-01,12,2023-12-01,2473.65,2330.296493980885,,,,0.8,250.2520238095238,44
xlstm,electricity,USA|montana,US,False,rolling,2023-12-01,1,2024-01-01,2387.18,2553.8036459219456,,,,0.8,246.69655303030302,44
xlstm,electricity,USA|montana,US,False,rolling,2023-12-01,2,2024-02-01,2152.87,2478.683388516903,,,,0.8,246.69655303030302,44
xlstm,electricity,USA|montana,US,False,rolling,2023-12-01,3,2024-03-01,2010.65,2326.074450505972,,,,0.8,246.69655303030302,44
xlstm,electricity,USA|montana,US,False,rolling,2023-12-01,4,2024-04-01,2000.78,2207.493615000248,,,,0.8,246.69655303030302,44
xlstm,electricity,USA|montana,US,False,rolling,2023-12-01,5,2024-05-01,1500.65,2224.431249549389,,,,0.8,246.69655303030302,44
xlstm,electricity,USA|montana,US,False,rolling,2023-12-01,6,2024-06-01,1804.59,2267.0302231359483,,,,0.8,246.69655303030302,44
xlstm,electricity,USA|montana,US,False,rolling,2023-12-01,7,2024-07-01,2137.34,2343.3644097483157,,,,0.8,246.69655303030302,44
xlstm,electricity,USA|montana,US,False,rolling,2023-12-01,8,2024-08-01,2284.52,2353.1318988096714,,,,0.8,246.69655303030302,44
xlstm,electricity,USA|montana,US,False,rolling,2023-12-01,9,2024-09-01,2133.29,2293.7795315933226,,,,0.8,246.69655303030302,44
xlstm,electricity,USA|montana,US,False,rolling,2023-12-01,10,2024-10-01,2090.16,2248.4451367866995,,,,0.8,246.69655303030302,44
xlstm,electricity,USA|montana,US,False,rolling,2023-12-01,11,2024-11-01,2376.03,2290.81073854208,,,,0.8,246.69655303030302,44
xlstm,electricity,USA|montana,US,False,rolling,2023-12-01,12,2024-12-01,2793.33,2373.165522713661,,,,0.8,246.69655303030302,44
xlstm,electricity,USA|montana,US,False,rolling,2024-12-01,1,2025-01-01,2804.17,2538.8712193119527,,,,0.8,243.6841304347826,44
xlstm,electricity,USA|montana,US,False,rolling,2024-12-01,2,2025-02-01,2293.24,2203.9326255857945,,,,0.8,243.6841304347826,44
xlstm,electricity,USA|montana,US,False,rolling,2024-12-01,3,2025-03-01,2278.21,2061.0551752737165,,,,0.8,243.6841304347826,44
xlstm,electricity,USA|montana,US,False,rolling,2024-12-01,4,2025-04-01,2001.33,1992.9888350188733,,,,0.8,243.6841304347826,44
xlstm,electricity,USA|montana,US,False,rolling,2024-12-01,5,2025-05-01,1932.12,1957.1331777596474,,,,0.8,243.6841304347826,44
xlstm,electricity,USA|montana,US,False,rolling,2024-12-01,6,2025-06-01,2003.92,2089.063654615581,,,,0.8,243.6841304347826,44
xlstm,electricity,USA|montana,US,False,rolling,2024-12-01,7,2025-07-01,2450.98,2199.1405190885066,,,,0.8,243.6841304347826,44
xlstm,electricity,USA|montana,US,False,rolling,2024-12-01,8,2025-08-01,2484.3,2255.934683568478,,,,0.8,243.6841304347826,44
xlstm,electricity,USA|montana,US,False,rolling,2024-12-01,9,2025-09-01,1932.99,2256.87919069767,,,,0.8,243.6841304347826,44
xlstm,electricity,USA|montana,US,False,rolling,2024-12-01,10,2025-10-01,2434.81,2285.525320020914,,,,0.8,243.6841304347826,44
xlstm,electricity,USA|montana,US,False,rolling,2024-12-01,11,2025-11-01,2588.37,2372.2945827293397,,,,0.8,243.6841304347826,44
xlstm,electricity,USA|montana,US,False,rolling,2024-12-01,12,2025-12-01,2611.07,2457.629692031145,,,,0.8,243.6841304347826,44
xlstm,electricity,USA|nebraska,US,True,holdout,last12,1,2025-01-01,3869.61,3410.099103401303,,,,0.8,220.76934782608694,44
xlstm,electricity,USA|nebraska,US,True,holdout,last12,2,2025-02-01,3335.8,3185.6412083399296,,,,0.8,220.76934782608694,44
xlstm,electricity,USA|nebraska,US,True,holdout,last12,3,2025-03-01,2981.07,3141.673855162859,,,,0.8,220.76934782608694,44
xlstm,electricity,USA|nebraska,US,True,holdout,last12,4,2025-04-01,2518.96,2949.433012123108,,,,0.8,220.76934782608694,44
xlstm,electricity,USA|nebraska,US,True,holdout,last12,5,2025-05-01,2885.69,2866.6830088478328,,,,0.8,220.76934782608694,44
xlstm,electricity,USA|nebraska,US,True,holdout,last12,6,2025-06-01,3139.86,3085.959863681793,,,,0.8,220.76934782608694,44
xlstm,electricity,USA|nebraska,US,True,holdout,last12,7,2025-07-01,3698.95,3399.5497123014925,,,,0.8,220.76934782608694,44
xlstm,electricity,USA|nebraska,US,True,holdout,last12,8,2025-08-01,3823.45,3499.345742101669,,,,0.8,220.76934782608694,44
xlstm,electricity,USA|nebraska,US,True,holdout,last12,9,2025-09-01,3504.77,3189.4840447348356,,,,0.8,220.76934782608694,44
xlstm,electricity,USA|nebraska,US,True,holdout,last12,10,2025-10-01,3417.77,2908.4900374990702,,,,0.8,220.76934782608694,44
xlstm,electricity,USA|nebraska,US,True,holdout,last12,11,2025-11-01,3382.93,3134.4831725400686,,,,0.8,220.76934782608694,44
xlstm,electricity,USA|nebraska,US,True,holdout,last12,12,2025-12-01,3596.21,3499.526484875083,,,,0.8,220.76934782608694,44
xlstm,electricity,USA|nebraska,US,True,rolling,2022-12-01,1,2023-01-01,3727.85,3595.6499377202986,,,,0.8,219.03035714285716,44
xlstm,electricity,USA|nebraska,US,True,rolling,2022-12-01,2,2023-02-01,3179.2,3238.465841550827,,,,0.8,219.03035714285716,44
xlstm,electricity,USA|nebraska,US,True,rolling,2022-12-01,3,2023-03-01,3280.19,3212.38305527091,,,,0.8,219.03035714285716,44
xlstm,electricity,USA|nebraska,US,True,rolling,2022-12-01,4,2023-04-01,2982.91,3071.739916510582,,,,0.8,219.03035714285716,44
xlstm,electricity,USA|nebraska,US,True,rolling,2022-12-01,5,2023-05-01,3209.13,3586.5188279640674,,,,0.8,219.03035714285716,44
xlstm,electricity,USA|nebraska,US,True,rolling,2022-12-01,6,2023-06-01,3213.94,3757.4118149054048,,,,0.8,219.03035714285716,44
xlstm,electricity,USA|nebraska,US,True,rolling,2022-12-01,7,2023-07-01,3441.34,3763.7829029393197,,,,0.8,219.03035714285716,44
xlstm,electricity,USA|nebraska,US,True,rolling,2022-12-01,8,2023-08-01,3790.59,3662.1236184966565,,,,0.8,219.03035714285716,44
xlstm,electricity,USA|nebraska,US,True,rolling,2022-12-01,9,2023-09-01,3401.22,2974.322971881628,,,,0.8,219.03035714285716,44
xlstm,electricity,USA|nebraska,US,True,rolling,2022-12-01,10,2023-10-01,3208.82,3071.0182084691523,,,,0.8,219.03035714285716,44
xlstm,electricity,USA|nebraska,US,True,rolling,2022-12-01,11,2023-11-01,3304.9,3394.4164154481887,,,,0.8,219.03035714285716,44
xlstm,electricity,USA|nebraska,US,True,rolling,2022-12-01,12,2023-12-01,3510.48,3648.283850045204,,,,0.8,219.03035714285716,44
xlstm,electricity,USA|nebraska,US,True,rolling,2023-12-01,1,2024-01-01,3477.17,3521.480227125883,,,,0.8,221.24492424242422,44
xlstm,electricity,USA|nebraska,US,True,rolling,2023-12-01,2,2024-02-01,3205.25,3258.868934584856,,,,0.8,221.24492424242422,44
xlstm,electricity,USA|nebraska,US,True,rolling,2023-12-01,3,2024-03-01,3191.96,3285.1606297028065,,,,0.8,221.24492424242422,44
xlstm,electricity,USA|nebraska,US,True,rolling,2023-12-01,4,2024-04-01,2931.54,3061.803358350396,,,,0.8,221.24492424242422,44
xlstm,electricity,USA|nebraska,US,True,rolling,2023-12-01,5,2024-05-01,2652.73,3186.2239806365965,,,,0.8,221.24492424242422,44
xlstm,electricity,USA|nebraska,US,True,rolling,2023-12-01,6,2024-06-01,2919.09,3210.321754039526,,,,0.8,221.24492424242422,44
xlstm,electricity,USA|nebraska,US,True,rolling,2023-12-01,7,2024-07-01,3341.81,3431.421066929102,,,,0.8,221.24492424242422,44
xlstm,electricity,USA|nebraska,US,True,rolling,2023-12-01,8,2024-08-01,3563.21,3543.548780823946,,,,0.8,221.24492424242422,44
xlstm,electricity,USA|nebraska,US,True,rolling,2023-12-01,9,2024-09-01,3350.61,3357.786385257244,,,,0.8,221.24492424242422,44
xlstm,electricity,USA|nebraska,US,True,rolling,2023-12-01,10,2024-10-01,2708.38,3190.8980317008495,,,,0.8,221.24492424242422,44
xlstm,electricity,USA|nebraska,US,True,rolling,2023-12-01,11,2024-11-01,2943.96,3312.0212035429477,,,,0.8,221.24492424242422,44
xlstm,electricity,USA|nebraska,US,True,rolling,2023-12-01,12,2024-12-01,3527.68,3452.778774834871,,,,0.8,221.24492424242422,44
xlstm,electricity,USA|nebraska,US,True,rolling,2024-12-01,1,2025-01-01,3869.61,3410.099103401303,,,,0.8,220.76934782608694,44
xlstm,electricity,USA|nebraska,US,True,rolling,2024-12-01,2,2025-02-01,3335.8,3185.6412083399296,,,,0.8,220.76934782608694,44
xlstm,electricity,USA|nebraska,US,True,rolling,2024-12-01,3,2025-03-01,2981.07,3141.673855162859,,,,0.8,220.76934782608694,44
xlstm,electricity,USA|nebraska,US,True,rolling,2024-12-01,4,2025-04-01,2518.96,2949.433012123108,,,,0.8,220.76934782608694,44
xlstm,electricity,USA|nebraska,US,True,rolling,2024-12-01,5,2025-05-01,2885.69,2866.6830088478328,,,,0.8,220.76934782608694,44
xlstm,electricity,USA|nebraska,US,True,rolling,2024-12-01,6,2025-06-01,3139.86,3085.959863681793,,,,0.8,220.76934782608694,44
xlstm,electricity,USA|nebraska,US,True,rolling,2024-12-01,7,2025-07-01,3698.95,3399.5497123014925,,,,0.8,220.76934782608694,44
xlstm,electricity,USA|nebraska,US,True,rolling,2024-12-01,8,2025-08-01,3823.45,3499.345742101669,,,,0.8,220.76934782608694,44
xlstm,electricity,USA|nebraska,US,True,rolling,2024-12-01,9,2025-09-01,3504.77,3189.4840447348356,,,,0.8,220.76934782608694,44
xlstm,electricity,USA|nebraska,US,True,rolling,2024-12-01,10,2025-10-01,3417.77,2908.4900374990702,,,,0.8,220.76934782608694,44
xlstm,electricity,USA|nebraska,US,True,rolling,2024-12-01,11,2025-11-01,3382.93,3134.4831725400686,,,,0.8,220.76934782608694,44
xlstm,electricity,USA|nebraska,US,True,rolling,2024-12-01,12,2025-12-01,3596.21,3499.526484875083,,,,0.8,220.76934782608694,44
xlstm,electricity,USA|nevada,US,True,holdout,last12,1,2025-01-01,3472.19,3441.68384493351,,,,0.8,274.2497101449275,44
xlstm,electricity,USA|nevada,US,True,holdout,last12,2,2025-02-01,3147.71,3273.6121255373955,,,,0.8,274.2497101449275,44
xlstm,electricity,USA|nevada,US,True,holdout,last12,3,2025-03-01,3578.69,3282.274427959919,,,,0.8,274.2497101449275,44
xlstm,electricity,USA|nevada,US,True,holdout,last12,4,2025-04-01,3646.11,3513.3300784802436,,,,0.8,274.2497101449275,44
xlstm,electricity,USA|nevada,US,True,holdout,last12,5,2025-05-01,4229.66,4132.897365264893,,,,0.8,274.2497101449275,44
xlstm,electricity,USA|nevada,US,True,holdout,last12,6,2025-06-01,4677.88,4542.125631918907,,,,0.8,274.2497101449275,44
xlstm,electricity,USA|nevada,US,True,holdout,last12,7,2025-07-01,4935.44,4821.538985495567,,,,0.8,274.2497101449275,44
xlstm,electricity,USA|nevada,US,True,holdout,last12,8,2025-08-01,4932.66,4823.511938576698,,,,0.8,274.2497101449275,44
xlstm,electricity,USA|nevada,US,True,holdout,last12,9,2025-09-01,4257.33,4657.814408614636,,,,0.8,274.2497101449275,44
xlstm,electricity,USA|nevada,US,True,holdout,last12,10,2025-10-01,3766.53,4144.743183243275,,,,0.8,274.2497101449275,44
xlstm,electricity,USA|nevada,US,True,holdout,last12,11,2025-11-01,3225.92,3400.441026046276,,,,0.8,274.2497101449275,44
xlstm,electricity,USA|nevada,US,True,holdout,last12,12,2025-12-01,3365.61,3362.7183708143234,,,,0.8,274.2497101449275,44
xlstm,electricity,USA|nevada,US,True,rolling,2022-12-01,1,2023-01-01,3359.69,3236.476423648298,,,,0.8,272.2120634920635,44
xlstm,electricity,USA|nevada,US,True,rolling,2022-12-01,2,2023-02-01,3070.95,3217.5482840129735,,,,0.8,272.2120634920635,44
xlstm,electricity,USA|nevada,US,True,rolling,2022-12-01,3,2023-03-01,3559.79,3298.9429472836855,,,,0.8,272.2120634920635,44
xlstm,electricity,USA|nevada,US,True,rolling,2022-12-01,4,2023-04-01,3355.62,3491.0312039053442,,,,0.8,272.2120634920635,44
xlstm,electricity,USA|nevada,US,True,rolling,2022-12-01,5,2023-05-01,3633.08,3898.3377041751146,,,,0.8,272.2120634920635,44
xlstm,electricity,USA|nevada,US,True,rolling,2022-12-01,6,2023-06-01,3458.9,4388.7874532002215,,,,0.8,272.2120634920635,44
xlstm,electricity,USA|nevada,US,True,rolling,2022-12-01,7,2023-07-01,5028.35,4794.788437066079,,,,0.8,272.2120634920635,44
xlstm,electricity,USA|nevada,US,True,rolling,2022-12-01,8,2023-08-01,4359.25,4846.739588935376,,,,0.8,272.2120634920635,44
xlstm,electricity,USA|nevada,US,True,rolling,2022-12-01,9,2023-09-01,3727.79,4538.303861615062,,,,0.8,272.2120634920635,44
xlstm,electricity,USA|nevada,US,True,rolling,2022-12-01,10,2023-10-01,3920.84,4001.5215538412335,,,,0.8,272.2120634920635,44
xlstm,electricity,USA|nevada,US,True,rolling,2022-12-01,11,2023-11-01,3141.78,3625.102193922997,,,,0.8,272.2120634920635,44
xlstm,electricity,USA|nevada,US,True,rolling,2022-12-01,12,2023-12-01,3430.03,3484.4076823920013,,,,0.8,272.2120634920635,44
xlstm,electricity,USA|nevada,US,True,rolling,2023-12-01,1,2024-01-01,3768.51,3405.124246220589,,,,0.8,271.0045833333333,44
xlstm,electricity,USA|nevada,US,True,rolling,2023-12-01,2,2024-02-01,3257.03,3378.8319977307324,,,,0.8,271.0045833333333,44
xlstm,electricity,USA|nevada,US,True,rolling,2023-12-01,3,2024-03-01,3341.09,3562.5783501911164,,,,0.8,271.0045833333333,44
xlstm,electricity,USA|nevada,US,True,rolling,2023-12-01,4,2024-04-01,3399.31,3580.571100931168,,,,0.8,271.0045833333333,44
xlstm,electricity,USA|nevada,US,True,rolling,2023-12-01,5,2024-05-01,4012.49,3812.6211043357853,,,,0.8,271.0045833333333,44
xlstm,electricity,USA|nevada,US,True,rolling,2023-12-01,6,2024-06-01,4647.09,4075.834670152665,,,,0.8,271.0045833333333,44
xlstm,electricity,USA|nevada,US,True,rolling,2023-12-01,7,2024-07-01,5415.91,4398.3957036829,,,,0.8,271.0045833333333,44
xlstm,electricity,USA|nevada,US,True,rolling,2023-12-01,8,2024-08-01,4898.16,4333.78404586792,,,,0.8,271.0045833333333,44
xlstm,electricity,USA|nevada,US,True,rolling,2023-12-01,9,2024-09-01,4295.36,4035.722722883225,,,,0.8,271.0045833333333,44
xlstm,electricity,USA|nevada,US,True,rolling,2023-12-01,10,2024-10-01,4032.51,3856.637264404297,,,,0.8,271.0045833333333,44
xlstm,electricity,USA|nevada,US,True,rolling,2023-12-01,11,2024-11-01,3150.01,3504.7848521995547,,,,0.8,271.0045833333333,44
xlstm,electricity,USA|nevada,US,True,rolling,2023-12-01,12,2024-12-01,3321.15,3587.4488797378544,,,,0.8,271.0045833333333,44
xlstm,electricity,USA|nevada,US,True,rolling,2024-12-01,1,2025-01-01,3472.19,3441.68384493351,,,,0.8,274.2497101449275,44
xlstm,electricity,USA|nevada,US,True,rolling,2024-12-01,2,2025-02-01,3147.71,3273.6121255373955,,,,0.8,274.2497101449275,44
xlstm,electricity,USA|nevada,US,True,rolling,2024-12-01,3,2025-03-01,3578.69,3282.274427959919,,,,0.8,274.2497101449275,44
xlstm,electricity,USA|nevada,US,True,rolling,2024-12-01,4,2025-04-01,3646.11,3513.3300784802436,,,,0.8,274.2497101449275,44
xlstm,electricity,USA|nevada,US,True,rolling,2024-12-01,5,2025-05-01,4229.66,4132.897365264893,,,,0.8,274.2497101449275,44
xlstm,electricity,USA|nevada,US,True,rolling,2024-12-01,6,2025-06-01,4677.88,4542.125631918907,,,,0.8,274.2497101449275,44
xlstm,electricity,USA|nevada,US,True,rolling,2024-12-01,7,2025-07-01,4935.44,4821.538985495567,,,,0.8,274.2497101449275,44
xlstm,electricity,USA|nevada,US,True,rolling,2024-12-01,8,2025-08-01,4932.66,4823.511938576698,,,,0.8,274.2497101449275,44
xlstm,electricity,USA|nevada,US,True,rolling,2024-12-01,9,2025-09-01,4257.33,4657.814408614636,,,,0.8,274.2497101449275,44
xlstm,electricity,USA|nevada,US,True,rolling,2024-12-01,10,2025-10-01,3766.53,4144.743183243275,,,,0.8,274.2497101449275,44
xlstm,electricity,USA|nevada,US,True,rolling,2024-12-01,11,2025-11-01,3225.92,3400.441026046276,,,,0.8,274.2497101449275,44
xlstm,electricity,USA|nevada,US,True,rolling,2024-12-01,12,2025-12-01,3365.61,3362.7183708143234,,,,0.8,274.2497101449275,44
xlstm,electricity,USA|new hampshire,US,False,holdout,last12,1,2025-01-01,1715.9,1510.0453219544886,,,,0.8,257.4848188405797,44
xlstm,electricity,USA|new hampshire,US,False,holdout,last12,2,2025-02-01,1459.49,1494.1244742420315,,,,0.8,257.4848188405797,44
xlstm,electricity,USA|new hampshire,US,False,holdout,last12,3,2025-03-01,1408.73,1496.0149649909138,,,,0.8,257.4848188405797,44
xlstm,electricity,USA|new hampshire,US,False,holdout,last12,4,2025-04-01,1553.74,1495.9375834426282,,,,0.8,257.4848188405797,44
xlstm,electricity,USA|new hampshire,US,False,holdout,last12,5,2025-05-01,1586.96,1498.5798656952381,,,,0.8,257.4848188405797,44
xlstm,electricity,USA|new hampshire,US,False,holdout,last12,6,2025-06-01,1731.73,1501.4780481868981,,,,0.8,257.4848188405797,44
xlstm,electricity,USA|new hampshire,US,False,holdout,last12,7,2025-07-01,1982.98,1497.7769374340771,,,,0.8,257.4848188405797,44
xlstm,electricity,USA|new hampshire,US,False,holdout,last12,8,2025-08-01,1748.07,1502.0226411253213,,,,0.8,257.4848188405797,44
xlstm,electricity,USA|new hampshire,US,False,holdout,last12,9,2025-09-01,1587.06,1492.5522759875655,,,,0.8,257.4848188405797,44
xlstm,electricity,USA|new hampshire,US,False,holdout,last12,10,2025-10-01,1691.09,1488.232329300344,,,,0.8,257.4848188405797,44
xlstm,electricity,USA|new hampshire,US,False,holdout,last12,11,2025-11-01,1488.28,1507.7417327862977,,,,0.8,257.4848188405797,44
xlstm,electricity,USA|new hampshire,US,False,holdout,last12,12,2025-12-01,1899.98,1534.9319854646922,,,,0.8,257.4848188405797,44
xlstm,electricity,USA|new hampshire,US,False,rolling,2022-12-01,1,2023-01-01,1441.77,1616.7123771488666,,,,0.8,257.66976190476186,44
xlstm,electricity,USA|new hampshire,US,False,rolling,2022-12-01,2,2023-02-01,1328.08,1601.0497024202346,,,,0.8,257.66976190476186,44
xlstm,electricity,USA|new hampshire,US,False,rolling,2022-12-01,3,2023-03-01,1375.91,1603.06768332839,,,,0.8,257.66976190476186,44
xlstm,electricity,USA|new hampshire,US,False,rolling,2022-12-01,4,2023-04-01,739.98,1604.002863690257,,,,0.8,257.66976190476186,44
xlstm,electricity,USA|new hampshire,US,False,rolling,2022-12-01,5,2023-05-01,1130.42,1601.9414841794967,,,,0.8,257.66976190476186,44
xlstm,electricity,USA|new hampshire,US,False,rolling,2022-12-01,6,2023-06-01,1555.1,1599.2649484163521,,,,0.8,257.66976190476186,44
xlstm,electricity,USA|new hampshire,US,False,rolling,2022-12-01,7,2023-07-01,1780.38,1600.3851951384543,,,,0.8,257.66976190476186,44
xlstm,electricity,USA|new hampshire,US,False,rolling,2022-12-01,8,2023-08-01,1490.96,1599.011483260989,,,,0.8,257.66976190476186,44
xlstm,electricity,USA|new hampshire,US,False,rolling,2022-12-01,9,2023-09-01,1537.16,1597.1974000269174,,,,0.8,257.66976190476186,44
xlstm,electricity,USA|new hampshire,US,False,rolling,2022-12-01,10,2023-10-01,1402.78,1603.7361949700116,,,,0.8,257.66976190476186,44
xlstm,electricity,USA|new hampshire,US,False,rolling,2022-12-01,11,2023-11-01,1328.85,1610.8312712532281,,,,0.8,257.66976190476186,44
xlstm,electricity,USA|new hampshire,US,False,rolling,2022-12-01,12,2023-12-01,1350.43,1624.2636257761717,,,,0.8,257.66976190476186,44
xlstm,electricity,USA|new hampshire,US,False,rolling,2023-12-01,1,2024-01-01,1613.15,1462.9529138478636,,,,0.8,256.80530303030304,44
xlstm,electricity,USA|new hampshire,US,False,rolling,2023-12-01,2,2024-02-01,1315.16,1467.5704818746447,,,,0.8,256.80530303030304,44
xlstm,electricity,USA|new hampshire,US,False,rolling,2023-12-01,3,2024-03-01,1469.88,1476.7319160619377,,,,0.8,256.80530303030304,44
xlstm,electricity,USA|new hampshire,US,False,rolling,2023-12-01,4,2024-04-01,1453.05,1485.2130960929394,,,,0.8,256.80530303030304,44
xlstm,electricity,USA|new hampshire,US,False,rolling,2023-12-01,5,2024-05-01,1467.92,1510.4849357295036,,,,0.8,256.80530303030304,44
xlstm,electricity,USA|new hampshire,US,False,rolling,2023-12-01,6,2024-06-01,1666.27,1524.8635096603632,,,,0.8,256.80530303030304,44
xlstm,electricity,USA|new hampshire,US,False,rolling,2023-12-01,7,2024-07-01,1455.92,1527.9546590059995,,,,0.8,256.80530303030304,44
xlstm,electricity,USA|new hampshire,US,False,rolling,2023-12-01,8,2024-08-01,1843.04,1525.1583171254397,,,,0.8,256.80530303030304,44
xlstm,electricity,USA|new hampshire,US,False,rolling,2023-12-01,9,2024-09-01,1754.42,1530.4572756808996,,,,0.8,256.80530303030304,44
xlstm,electricity,USA|new hampshire,US,False,rolling,2023-12-01,10,2024-10-01,1095.71,1534.5404240077733,,,,0.8,256.80530303030304,44
xlstm,electricity,USA|new hampshire,US,False,rolling,2023-12-01,11,2024-11-01,818.65,1542.3828004181385,,,,0.8,256.80530303030304,44
xlstm,electricity,USA|new hampshire,US,False,rolling,2023-12-01,12,2024-12-01,1468.56,1552.1550618201493,,,,0.8,256.80530303030304,44
xlstm,electricity,USA|new hampshire,US,False,rolling,2024-12-01,1,2025-01-01,1715.9,1510.0453219544886,,,,0.8,257.4848188405797,44
xlstm,electricity,USA|new hampshire,US,False,rolling,2024-12-01,2,2025-02-01,1459.49,1494.1244742420315,,,,0.8,257.4848188405797,44
xlstm,electricity,USA|new hampshire,US,False,rolling,2024-12-01,3,2025-03-01,1408.73,1496.0149649909138,,,,0.8,257.4848188405797,44
xlstm,electricity,USA|new hampshire,US,False,rolling,2024-12-01,4,2025-04-01,1553.74,1495.9375834426282,,,,0.8,257.4848188405797,44
xlstm,electricity,USA|new hampshire,US,False,rolling,2024-12-01,5,2025-05-01,1586.96,1498.5798656952381,,,,0.8,257.4848188405797,44
xlstm,electricity,USA|new hampshire,US,False,rolling,2024-12-01,6,2025-06-01,1731.73,1501.4780481868981,,,,0.8,257.4848188405797,44
xlstm,electricity,USA|new hampshire,US,False,rolling,2024-12-01,7,2025-07-01,1982.98,1497.7769374340771,,,,0.8,257.4848188405797,44
xlstm,electricity,USA|new hampshire,US,False,rolling,2024-12-01,8,2025-08-01,1748.07,1502.0226411253213,,,,0.8,257.4848188405797,44
xlstm,electricity,USA|new hampshire,US,False,rolling,2024-12-01,9,2025-09-01,1587.06,1492.5522759875655,,,,0.8,257.4848188405797,44
xlstm,electricity,USA|new hampshire,US,False,rolling,2024-12-01,10,2025-10-01,1691.09,1488.232329300344,,,,0.8,257.4848188405797,44
xlstm,electricity,USA|new hampshire,US,False,rolling,2024-12-01,11,2025-11-01,1488.28,1507.7417327862977,,,,0.8,257.4848188405797,44
xlstm,electricity,USA|new hampshire,US,False,rolling,2024-12-01,12,2025-12-01,1899.98,1534.9319854646922,,,,0.8,257.4848188405797,44
xlstm,electricity,USA|new jersey,US,True,holdout,last12,1,2025-01-01,4807.8,5659.285572719574,,,,0.8,447.53778985507256,44
xlstm,electricity,USA|new jersey,US,True,holdout,last12,2,2025-02-01,4672.49,5055.360657975972,,,,0.8,447.53778985507256,44
xlstm,electricity,USA|new jersey,US,True,holdout,last12,3,2025-03-01,4895.39,4916.401951556206,,,,0.8,447.53778985507256,44
xlstm,electricity,USA|new jersey,US,True,holdout,last12,4,2025-04-01,5514.29,5058.0027956554295,,,,0.8,447.53778985507256,44
xlstm,electricity,USA|new jersey,US,True,holdout,last12,5,2025-05-01,4246.87,5199.5545260077715,,,,0.8,447.53778985507256,44
xlstm,electricity,USA|new jersey,US,True,holdout,last12,6,2025-06-01,5902.59,6192.101816017628,,,,0.8,447.53778985507256,44
xlstm,electricity,USA|new jersey,US,True,holdout,last12,7,2025-07-01,7621.86,6822.962437627316,,,,0.8,447.53778985507256,44
xlstm,electricity,USA|new jersey,US,True,holdout,last12,8,2025-08-01,6372.28,5839.260169625282,,,,0.8,447.53778985507256,44
xlstm,electricity,USA|new jersey,US,True,holdout,last12,9,2025-09-01,5344.55,5227.918321174383,,,,0.8,447.53778985507256,44
xlstm,electricity,USA|new jersey,US,True,holdout,last12,10,2025-10-01,5227.22,5093.658314791918,,,,0.8,447.53778985507256,44
xlstm,electricity,USA|new jersey,US,True,holdout,last12,11,2025-11-01,5199.24,4924.617893164158,,,,0.8,447.53778985507256,44
xlstm,electricity,USA|new jersey,US,True,holdout,last12,12,2025-12-01,5406.4,5364.177438957691,,,,0.8,447.53778985507256,44
xlstm,electricity,USA|new jersey,US,True,rolling,2022-12-01,1,2023-01-01,5297.85,4888.667085203826,,,,0.8,448.1258333333334,44
xlstm,electricity,USA|new jersey,US,True,rolling,2022-12-01,2,2023-02-01,4340.4,5025.1855660146475,,,,0.8,448.1258333333334,44
xlstm,electricity,USA|new jersey,US,True,rolling,2022-12-01,3,2023-03-01,5041.11,5269.992127831578,,,,0.8,448.1258333333334,44
xlstm,electricity,USA|new jersey,US,True,rolling,2022-12-01,4,2023-04-01,4769.42,5137.5625180342795,,,,0.8,448.1258333333334,44
xlstm,electricity,USA|new jersey,US,True,rolling,2022-12-01,5,2023-05-01,5837.03,5777.141436057985,,,,0.8,448.1258333333334,44
xlstm,electricity,USA|new jersey,US,True,rolling,2022-12-01,6,2023-06-01,5953.22,6924.400515214205,,,,0.8,448.1258333333334,44
xlstm,electricity,USA|new jersey,US,True,rolling,2022-12-01,7,2023-07-01,7694.11,7646.951045168638,,,,0.8,448.1258333333334,44
xlstm,electricity,USA|new jersey,US,True,rolling,2022-12-01,8,2023-08-01,6935.08,7340.670443505049,,,,0.8,448.1258333333334,44
xlstm,electricity,USA|new jersey,US,True,rolling,2022-12-01,9,2023-09-01,5783.7,5736.1028077262645,,,,0.8,448.1258333333334,44
xlstm,electricity,USA|new jersey,US,True,rolling,2022-12-01,10,2023-10-01,5064.22,4987.9802353098985,,,,0.8,448.1258333333334,44
xlstm,electricity,USA|new jersey,US,True,rolling,2022-12-01,11,2023-11-01,5620.23,5362.414952738583,,,,0.8,448.1258333333334,44
xlstm,electricity,USA|new jersey,US,True,rolling,2022-12-01,12,2023-12-01,5342.24,5156.92000407368,,,,0.8,448.1258333333334,44
xlstm,electricity,USA|new jersey,US,True,rolling,2023-12-01,1,2024-01-01,5810.25,4866.055207090973,,,,0.8,443.9942045454546,44
xlstm,electricity,USA|new jersey,US,True,rolling,2023-12-01,2,2024-02-01,5046.94,4634.092951183021,,,,0.8,443.9942045454546,44
xlstm,electricity,USA|new jersey,US,True,rolling,2023-12-01,3,2024-03-01,4786.21,4876.156267699599,,,,0.8,443.9942045454546,44
xlstm,electricity,USA|new jersey,US,True,rolling,2023-12-01,4,2024-04-01,5029.85,4968.847550772429,,,,0.8,443.9942045454546,44
xlstm,electricity,USA|new jersey,US,True,rolling,2023-12-01,5,2024-05-01,4765.49,5718.363043621182,,,,0.8,443.9942045454546,44
xlstm,electricity,USA|new jersey,US,True,rolling,2023-12-01,6,2024-06-01,6088.86,5951.873443655371,,,,0.8,443.9942045454546,44
xlstm,electricity,USA|new jersey,US,True,rolling,2023-12-01,7,2024-07-01,7149.38,7300.9368159353735,,,,0.8,443.9942045454546,44
xlstm,electricity,USA|new jersey,US,True,rolling,2023-12-01,8,2024-08-01,5973.87,6451.93960975051,,,,0.8,443.9942045454546,44
xlstm,electricity,USA|new jersey,US,True,rolling,2023-12-01,9,2024-09-01,5148.87,5604.545270107388,,,,0.8,443.9942045454546,44
xlstm,electricity,USA|new jersey,US,True,rolling,2023-12-01,10,2024-10-01,5050.92,5012.723104329109,,,,0.8,443.9942045454546,44
xlstm,electricity,USA|new jersey,US,True,rolling,2023-12-01,11,2024-11-01,4569.96,5425.12183858335,,,,0.8,443.9942045454546,44
xlstm,electricity,USA|new jersey,US,True,rolling,2023-12-01,12,2024-12-01,5182.07,4961.805791520476,,,,0.8,443.9942045454546,44
xlstm,electricity,USA|new jersey,US,True,rolling,2024-12-01,1,2025-01-01,4807.8,5659.285572719574,,,,0.8,447.53778985507256,44
xlstm,electricity,USA|new jersey,US,True,rolling,2024-12-01,2,2025-02-01,4672.49,5055.360657975972,,,,0.8,447.53778985507256,44
xlstm,electricity,USA|new jersey,US,True,rolling,2024-12-01,3,2025-03-01,4895.39,4916.401951556206,,,,0.8,447.53778985507256,44
xlstm,electricity,USA|new jersey,US,True,rolling,2024-12-01,4,2025-04-01,5514.29,5058.0027956554295,,,,0.8,447.53778985507256,44
xlstm,electricity,USA|new jersey,US,True,rolling,2024-12-01,5,2025-05-01,4246.87,5199.5545260077715,,,,0.8,447.53778985507256,44
xlstm,electricity,USA|new jersey,US,True,rolling,2024-12-01,6,2025-06-01,5902.59,6192.101816017628,,,,0.8,447.53778985507256,44
xlstm,electricity,USA|new jersey,US,True,rolling,2024-12-01,7,2025-07-01,7621.86,6822.962437627316,,,,0.8,447.53778985507256,44
xlstm,electricity,USA|new jersey,US,True,rolling,2024-12-01,8,2025-08-01,6372.28,5839.260169625282,,,,0.8,447.53778985507256,44
xlstm,electricity,USA|new jersey,US,True,rolling,2024-12-01,9,2025-09-01,5344.55,5227.918321174383,,,,0.8,447.53778985507256,44
xlstm,electricity,USA|new jersey,US,True,rolling,2024-12-01,10,2025-10-01,5227.22,5093.658314791918,,,,0.8,447.53778985507256,44
xlstm,electricity,USA|new jersey,US,True,rolling,2024-12-01,11,2025-11-01,5199.24,4924.617893164158,,,,0.8,447.53778985507256,44
xlstm,electricity,USA|new jersey,US,True,rolling,2024-12-01,12,2025-12-01,5406.4,5364.177438957691,,,,0.8,447.53778985507256,44
xlstm,electricity,USA|new mexico,US,True,holdout,last12,1,2025-01-01,3086.8,3321.523997388482,,,,0.8,300.25811594202895,44
xlstm,electricity,USA|new mexico,US,True,holdout,last12,2,2025-02-01,2632.42,3314.9269380944966,,,,0.8,300.25811594202895,44
xlstm,electricity,USA|new mexico,US,True,holdout,last12,3,2025-03-01,3435.71,3274.210862031579,,,,0.8,300.25811594202895,44
xlstm,electricity,USA|new mexico,US,True,holdout,last12,4,2025-04-01,3507.36,3298.853851573467,,,,0.8,300.25811594202895,44
xlstm,electricity,USA|new mexico,US,True,holdout,last12,5,2025-05-01,3289.11,3339.041796260476,,,,0.8,300.25811594202895,44
xlstm,electricity,USA|new mexico,US,True,holdout,last12,6,2025-06-01,3486.24,3350.8259292978046,,,,0.8,300.25811594202895,44
xlstm,electricity,USA|new mexico,US,True,holdout,last12,7,2025-07-01,3304.31,3322.277401130795,,,,0.8,300.25811594202895,44
xlstm,electricity,USA|new mexico,US,True,holdout,last12,8,2025-08-01,3593.88,3189.2667847162484,,,,0.8,300.25811594202895,44
xlstm,electricity,USA|new mexico,US,True,holdout,last12,9,2025-09-01,3379.33,3119.922915596366,,,,0.8,300.25811594202895,44
xlstm,electricity,USA|new mexico,US,True,holdout,last12,10,2025-10-01,3424.92,3052.0550000381468,,,,0.8,300.25811594202895,44
xlstm,electricity,USA|new mexico,US,True,holdout,last12,11,2025-11-01,3363.92,3061.182339206934,,,,0.8,300.25811594202895,44
xlstm,electricity,USA|new mexico,US,True,holdout,last12,12,2025-12-01,3855.01,3252.60730664134,,,,0.8,300.25811594202895,44
xlstm,electricity,USA|new mexico,US,True,rolling,2022-12-01,1,2023-01-01,3555.04,3294.553021265864,,,,0.8,289.7469444444444,44
xlstm,electricity,USA|new mexico,US,True,rolling,2022-12-01,2,2023-02-01,3335.0,2991.404191439152,,,,0.8,289.7469444444444,44
xlstm,electricity,USA|new mexico,US,True,rolling,2022-12-01,3,2023-03-01,3884.07,3032.909430812001,,,,0.8,289.7469444444444,44
xlstm,electricity,USA|new mexico,US,True,rolling,2022-12-01,4,2023-04-01,2687.45,3280.2303462153673,,,,0.8,289.7469444444444,44
xlstm,electricity,USA|new mexico,US,True,rolling,2022-12-01,5,2023-05-01,3122.03,3398.086651714444,,,,0.8,289.7469444444444,44
xlstm,electricity,USA|new mexico,US,True,rolling,2022-12-01,6,2023-06-01,3455.42,3381.5843212860823,,,,0.8,289.7469444444444,44
xlstm,electricity,USA|new mexico,US,True,rolling,2022-12-01,7,2023-07-01,3750.34,3270.749026055932,,,,0.8,289.7469444444444,44
xlstm,electricity,USA|new mexico,US,True,rolling,2022-12-01,8,2023-08-01,3717.25,3299.819747186899,,,,0.8,289.7469444444444,44
xlstm,electricity,USA|new mexico,US,True,rolling,2022-12-01,9,2023-09-01,3273.39,3289.8299182301757,,,,0.8,289.7469444444444,44
xlstm,electricity,USA|new mexico,US,True,rolling,2022-12-01,10,2023-10-01,2720.1,3248.866494399905,,,,0.8,289.7469444444444,44
xlstm,electricity,USA|new mexico,US,True,rolling,2022-12-01,11,2023-11-01,2504.57,3386.655208708644,,,,0.8,289.7469444444444,44
xlstm,electricity,USA|new mexico,US,True,rolling,2022-12-01,12,2023-12-01,3115.37,3433.7358423280716,,,,0.8,289.7469444444444,44
xlstm,electricity,USA|new mexico,US,True,rolling,2023-12-01,1,2024-01-01,3581.21,3316.7878556656838,,,,0.8,299.5774242424242,44
xlstm,electricity,USA|new mexico,US,True,rolling,2023-12-01,2,2024-02-01,3632.47,3339.506928831339,,,,0.8,299.5774242424242,44
xlstm,electricity,USA|new mexico,US,True,rolling,2023-12-01,3,2024-03-01,3278.78,3355.8380780804155,,,,0.8,299.5774242424242,44
xlstm,electricity,USA|new mexico,US,True,rolling,2023-12-01,4,2024-04-01,3234.35,3080.3166770887374,,,,0.8,299.5774242424242,44
xlstm,electricity,USA|new mexico,US,True,rolling,2023-12-01,5,2024-05-01,3531.52,3292.0863856756687,,,,0.8,299.5774242424242,44
xlstm,electricity,USA|new mexico,US,True,rolling,2023-12-01,6,2024-06-01,3838.27,3351.8415268373487,,,,0.8,299.5774242424242,44
xlstm,electricity,USA|new mexico,US,True,rolling,2023-12-01,7,2024-07-01,3783.11,3369.600476872921,,,,0.8,299.5774242424242,44
xlstm,electricity,USA|new mexico,US,True,rolling,2023-12-01,8,2024-08-01,3253.49,3341.548193391561,,,,0.8,299.5774242424242,44
xlstm,electricity,USA|new mexico,US,True,rolling,2023-12-01,9,2024-09-01,3177.62,3085.425518709421,,,,0.8,299.5774242424242,44
xlstm,electricity,USA|new mexico,US,True,rolling,2023-12-01,10,2024-10-01,3077.04,2984.3728534972665,,,,0.8,299.5774242424242,44
xlstm,electricity,USA|new mexico,US,True,rolling,2023-12-01,11,2024-11-01,2849.15,2902.6657270789146,,,,0.8,299.5774242424242,44
xlstm,electricity,USA|new mexico,US,True,rolling,2023-12-01,12,2024-12-01,3336.18,3215.9931240856645,,,,0.8,299.5774242424242,44
xlstm,electricity,USA|new mexico,US,True,rolling,2024-12-01,1,2025-01-01,3086.8,3321.523997388482,,,,0.8,300.25811594202895,44
xlstm,electricity,USA|new mexico,US,True,rolling,2024-12-01,2,2025-02-01,2632.42,3314.9269380944966,,,,0.8,300.25811594202895,44
xlstm,electricity,USA|new mexico,US,True,rolling,2024-12-01,3,2025-03-01,3435.71,3274.210862031579,,,,0.8,300.25811594202895,44
xlstm,electricity,USA|new mexico,US,True,rolling,2024-12-01,4,2025-04-01,3507.36,3298.853851573467,,,,0.8,300.25811594202895,44
xlstm,electricity,USA|new mexico,US,True,rolling,2024-12-01,5,2025-05-01,3289.11,3339.041796260476,,,,0.8,300.25811594202895,44
xlstm,electricity,USA|new mexico,US,True,rolling,2024-12-01,6,2025-06-01,3486.24,3350.8259292978046,,,,0.8,300.25811594202895,44
xlstm,electricity,USA|new mexico,US,True,rolling,2024-12-01,7,2025-07-01,3304.31,3322.277401130795,,,,0.8,300.25811594202895,44
xlstm,electricity,USA|new mexico,US,True,rolling,2024-12-01,8,2025-08-01,3593.88,3189.2667847162484,,,,0.8,300.25811594202895,44
xlstm,electricity,USA|new mexico,US,True,rolling,2024-12-01,9,2025-09-01,3379.33,3119.922915596366,,,,0.8,300.25811594202895,44
xlstm,electricity,USA|new mexico,US,True,rolling,2024-12-01,10,2025-10-01,3424.92,3052.0550000381468,,,,0.8,300.25811594202895,44
xlstm,electricity,USA|new mexico,US,True,rolling,2024-12-01,11,2025-11-01,3363.92,3061.182339206934,,,,0.8,300.25811594202895,44
xlstm,electricity,USA|new mexico,US,True,rolling,2024-12-01,12,2025-12-01,3855.01,3252.60730664134,,,,0.8,300.25811594202895,44
xlstm,electricity,USA|new york,US,True,holdout,last12,1,2025-01-01,12101.4,11214.056419352293,,,,0.8,592.2707608695652,44
xlstm,electricity,USA|new york,US,True,holdout,last12,2,2025-02-01,10583.77,10559.960906534196,,,,0.8,592.2707608695652,44
xlstm,electricity,USA|new york,US,True,holdout,last12,3,2025-03-01,10723.43,10195.013797596841,,,,0.8,592.2707608695652,44
xlstm,electricity,USA|new york,US,True,holdout,last12,4,2025-04-01,10330.61,10235.886943189651,,,,0.8,592.2707608695652,44
xlstm,electricity,USA|new york,US,True,holdout,last12,5,2025-05-01,10569.38,10835.04832871288,,,,0.8,592.2707608695652,44
xlstm,electricity,USA|new york,US,True,holdout,last12,6,2025-06-01,12278.9,12148.65353350818,,,,0.8,592.2707608695652,44
xlstm,electricity,USA|new york,US,True,holdout,last12,7,2025-07-01,14676.42,13496.504843575356,,,,0.8,592.2707608695652,44
xlstm,electricity,USA|new york,US,True,holdout,last12,8,2025-08-01,12601.19,12918.648736258745,,,,0.8,592.2707608695652,44
xlstm,electricity,USA|new york,US,True,holdout,last12,9,2025-09-01,10624.29,10535.893426588773,,,,0.8,592.2707608695652,44
xlstm,electricity,USA|new york,US,True,holdout,last12,10,2025-10-01,10489.93,10546.753277569413,,,,0.8,592.2707608695652,44
xlstm,electricity,USA|new york,US,True,holdout,last12,11,2025-11-01,10713.13,10945.862544150352,,,,0.8,592.2707608695652,44
xlstm,electricity,USA|new york,US,True,holdout,last12,12,2025-12-01,12068.33,11387.022388240695,,,,0.8,592.2707608695652,44
xlstm,electricity,USA|new york,US,True,rolling,2022-12-01,1,2023-01-01,10367.63,10833.701133059263,,,,0.8,589.5477777777777,44
xlstm,electricity,USA|new york,US,True,rolling,2022-12-01,2,2023-02-01,9644.5,9703.08521492973,,,,0.8,589.5477777777777,44
xlstm,electricity,USA|new york,US,True,rolling,2022-12-01,3,2023-03-01,9691.56,9706.748535014465,,,,0.8,589.5477777777777,44
xlstm,electricity,USA|new york,US,True,rolling,2022-12-01,4,2023-04-01,8783.97,10005.326896755249,,,,0.8,589.5477777777777,44
xlstm,electricity,USA|new york,US,True,rolling,2022-12-01,5,2023-05-01,10165.9,10737.852028574944,,,,0.8,589.5477777777777,44
xlstm,electricity,USA|new york,US,True,rolling,2022-12-01,6,2023-06-01,11095.22,11425.185909116863,,,,0.8,589.5477777777777,44
xlstm,electricity,USA|new york,US,True,rolling,2022-12-01,7,2023-07-01,13926.68,13347.323126928806,,,,0.8,589.5477777777777,44
xlstm,electricity,USA|new york,US,True,rolling,2022-12-01,8,2023-08-01,12198.83,13486.430925017594,,,,0.8,589.5477777777777,44
xlstm,electricity,USA|new york,US,True,rolling,2022-12-01,9,2023-09-01,10789.47,9808.91004901357,,,,0.8,589.5477777777777,44
xlstm,electricity,USA|new york,US,True,rolling,2022-12-01,10,2023-10-01,10244.98,10025.45009257406,,,,0.8,589.5477777777777,44
xlstm,electricity,USA|new york,US,True,rolling,2022-12-01,11,2023-11-01,10942.69,10551.171104006171,,,,0.8,589.5477777777777,44
xlstm,electricity,USA|new york,US,True,rolling,2022-12-01,12,2023-12-01,10804.36,11010.646276464462,,,,0.8,589.5477777777777,44
xlstm,electricity,USA|new york,US,True,rolling,2023-12-01,1,2024-01-01,11474.62,10300.682505651563,,,,0.8,588.2884090909091,44
xlstm,electricity,USA|new york,US,True,rolling,2023-12-01,2,2024-02-01,10743.17,9751.983190943598,,,,0.8,588.2884090909091,44
xlstm,electricity,USA|new york,US,True,rolling,2023-12-01,3,2024-03-01,10435.79,9583.339196315408,,,,0.8,588.2884090909091,44
xlstm,electricity,USA|new york,US,True,rolling,2023-12-01,4,2024-04-01,10300.81,9511.413203006536,,,,0.8,588.2884090909091,44
xlstm,electricity,USA|new york,US,True,rolling,2023-12-01,5,2024-05-01,11006.32,10099.662676241547,,,,0.8,588.2884090909091,44
xlstm,electricity,USA|new york,US,True,rolling,2023-12-01,6,2024-06-01,12079.58,11283.379445696772,,,,0.8,588.2884090909091,44
xlstm,electricity,USA|new york,US,True,rolling,2023-12-01,7,2024-07-01,13907.61,13583.811951629517,,,,0.8,588.2884090909091,44
xlstm,electricity,USA|new york,US,True,rolling,2023-12-01,8,2024-08-01,12765.78,12442.458422772885,,,,0.8,588.2884090909091,44
xlstm,electricity,USA|new york,US,True,rolling,2023-12-01,9,2024-09-01,10672.86,10546.160821857453,,,,0.8,588.2884090909091,44
xlstm,electricity,USA|new york,US,True,rolling,2023-12-01,10,2024-10-01,10454.04,10471.433064152598,,,,0.8,588.2884090909091,44
xlstm,electricity,USA|new york,US,True,rolling,2023-12-01,11,2024-11-01,10788.08,10919.989353672861,,,,0.8,588.2884090909091,44
xlstm,electricity,USA|new york,US,True,rolling,2023-12-01,12,2024-12-01,11605.14,10780.732343332767,,,,0.8,588.2884090909091,44
xlstm,electricity,USA|new york,US,True,rolling,2024-12-01,1,2025-01-01,12101.4,11214.056419352293,,,,0.8,592.2707608695652,44
xlstm,electricity,USA|new york,US,True,rolling,2024-12-01,2,2025-02-01,10583.77,10559.960906534196,,,,0.8,592.2707608695652,44
xlstm,electricity,USA|new york,US,True,rolling,2024-12-01,3,2025-03-01,10723.43,10195.013797596841,,,,0.8,592.2707608695652,44
xlstm,electricity,USA|new york,US,True,rolling,2024-12-01,4,2025-04-01,10330.61,10235.886943189651,,,,0.8,592.2707608695652,44
xlstm,electricity,USA|new york,US,True,rolling,2024-12-01,5,2025-05-01,10569.38,10835.04832871288,,,,0.8,592.2707608695652,44
xlstm,electricity,USA|new york,US,True,rolling,2024-12-01,6,2025-06-01,12278.9,12148.65353350818,,,,0.8,592.2707608695652,44
xlstm,electricity,USA|new york,US,True,rolling,2024-12-01,7,2025-07-01,14676.42,13496.504843575356,,,,0.8,592.2707608695652,44
xlstm,electricity,USA|new york,US,True,rolling,2024-12-01,8,2025-08-01,12601.19,12918.648736258745,,,,0.8,592.2707608695652,44
xlstm,electricity,USA|new york,US,True,rolling,2024-12-01,9,2025-09-01,10624.29,10535.893426588773,,,,0.8,592.2707608695652,44
xlstm,electricity,USA|new york,US,True,rolling,2024-12-01,10,2025-10-01,10489.93,10546.753277569413,,,,0.8,592.2707608695652,44
xlstm,electricity,USA|new york,US,True,rolling,2024-12-01,11,2025-11-01,10713.13,10945.862544150352,,,,0.8,592.2707608695652,44
xlstm,electricity,USA|new york,US,True,rolling,2024-12-01,12,2025-12-01,12068.33,11387.022388240695,,,,0.8,592.2707608695652,44
xlstm,electricity,USA|north carolina,US,True,holdout,last12,1,2025-01-01,13974.47,11798.537427606581,,,,0.8,759.7571376811595,44
xlstm,electricity,USA|north carolina,US,True,holdout,last12,2,2025-02-01,10490.7,9705.037154325842,,,,0.8,759.7571376811595,44
xlstm,electricity,USA|north carolina,US,True,holdout,last12,3,2025-03-01,9176.69,9152.368662995994,,,,0.8,759.7571376811595,44
xlstm,electricity,USA|north carolina,US,True,holdout,last12,4,2025-04-01,9144.82,10519.142140216827,,,,0.8,759.7571376811595,44
xlstm,electricity,USA|north carolina,US,True,holdout,last12,5,2025-05-01,10742.12,10875.446844303608,,,,0.8,759.7571376811595,44
xlstm,electricity,USA|north carolina,US,True,holdout,last12,6,2025-06-01,12996.19,12131.298705180883,,,,0.8,759.7571376811595,44
xlstm,electricity,USA|north carolina,US,True,holdout,last12,7,2025-07-01,14749.2,13072.405258841516,,,,0.8,759.7571376811595,44
xlstm,electricity,USA|north carolina,US,True,holdout,last12,8,2025-08-01,12363.15,12746.85291769266,,,,0.8,759.7571376811595,44
xlstm,electricity,USA|north carolina,US,True,holdout,last12,9,2025-09-01,11296.2,10142.14403180301,,,,0.8,759.7571376811595,44
xlstm,electricity,USA|north carolina,US,True,holdout,last12,10,2025-10-01,9170.38,9787.827567131519,,,,0.8,759.7571376811595,44
xlstm,electricity,USA|north carolina,US,True,holdout,last12,11,2025-11-01,10002.46,10289.357339918613,,,,0.8,759.7571376811595,44
xlstm,electricity,USA|north carolina,US,True,holdout,last12,12,2025-12-01,12228.73,11713.321706346273,,,,0.8,759.7571376811595,44
xlstm,electricity,USA|north carolina,US,True,rolling,2022-12-01,1,2023-01-01,11051.8,11890.71181224346,,,,0.8,756.5086904761905,44
xlstm,electricity,USA|north carolina,US,True,rolling,2022-12-01,2,2023-02-01,8981.8,9919.355180075168,,,,0.8,756.5086904761905,44
xlstm,electricity,USA|north carolina,US,True,rolling,2022-12-01,3,2023-03-01,9546.82,9098.633705602884,,,,0.8,756.5086904761905,44
xlstm,electricity,USA|north carolina,US,True,rolling,2022-12-01,4,2023-04-01,8869.77,8684.593506188392,,,,0.8,756.5086904761905,44
xlstm,electricity,USA|north carolina,US,True,rolling,2022-12-01,5,2023-05-01,10235.03,10534.216944675445,,,,0.8,756.5086904761905,44
xlstm,electricity,USA|north carolina,US,True,rolling,2022-12-01,6,2023-06-01,10973.94,11708.87705373764,,,,0.8,756.5086904761905,44
xlstm,electricity,USA|north carolina,US,True,rolling,2022-12-01,7,2023-07-01,14187.39,12541.101202874182,,,,0.8,756.5086904761905,44
xlstm,electricity,USA|north carolina,US,True,rolling,2022-12-01,8,2023-08-01,13925.83,12270.804117252826,,,,0.8,756.5086904761905,44
xlstm,electricity,USA|north carolina,US,True,rolling,2022-12-01,9,2023-09-01,10959.2,9874.490046515464,,,,0.8,756.5086904761905,44
xlstm,electricity,USA|north carolina,US,True,rolling,2022-12-01,10,2023-10-01,9302.42,9601.06258056879,,,,0.8,756.5086904761905,44
xlstm,electricity,USA|north carolina,US,True,rolling,2022-12-01,11,2023-11-01,10392.46,11297.785749640465,,,,0.8,756.5086904761905,44
xlstm,electricity,USA|north carolina,US,True,rolling,2022-12-01,12,2023-12-01,11142.74,12374.243773207663,,,,0.8,756.5086904761905,44
xlstm,electricity,USA|north carolina,US,True,rolling,2023-12-01,1,2024-01-01,12623.91,10713.302724981308,,,,0.8,758.333106060606,44
xlstm,electricity,USA|north carolina,US,True,rolling,2023-12-01,2,2024-02-01,10178.81,9619.77490760684,,,,0.8,758.333106060606,44
xlstm,electricity,USA|north carolina,US,True,rolling,2023-12-01,3,2024-03-01,9831.13,9249.818359798192,,,,0.8,758.333106060606,44
xlstm,electricity,USA|north carolina,US,True,rolling,2023-12-01,4,2024-04-01,9511.56,8970.187611638306,,,,0.8,758.333106060606,44
xlstm,electricity,USA|north carolina,US,True,rolling,2023-12-01,5,2024-05-01,11408.22,9599.974946528077,,,,0.8,758.333106060606,44
xlstm,electricity,USA|north carolina,US,True,rolling,2023-12-01,6,2024-06-01,13048.93,11373.484698016642,,,,0.8,758.333106060606,44
xlstm,electricity,USA|north carolina,US,True,rolling,2023-12-01,7,2024-07-01,14112.44,13011.998611011506,,,,0.8,758.333106060606,44
xlstm,electricity,USA|north carolina,US,True,rolling,2023-12-01,8,2024-08-01,13654.19,12565.890505164862,,,,0.8,758.333106060606,44
xlstm,electricity,USA|north carolina,US,True,rolling,2023-12-01,9,2024-09-01,10703.63,10604.108824789524,,,,0.8,758.333106060606,44
xlstm,electricity,USA|north carolina,US,True,rolling,2023-12-01,10,2024-10-01,10211.84,9898.502946037053,,,,0.8,758.333106060606,44
xlstm,electricity,USA|north carolina,US,True,rolling,2023-12-01,11,2024-11-01,10161.2,10964.74136179328,,,,0.8,758.333106060606,44
xlstm,electricity,USA|north carolina,US,True,rolling,2023-12-01,12,2024-12-01,11949.53,11484.089420001506,,,,0.8,758.333106060606,44
xlstm,electricity,USA|north carolina,US,True,rolling,2024-12-01,1,2025-01-01,13974.47,11798.537427606581,,,,0.8,759.7571376811595,44
xlstm,electricity,USA|north carolina,US,True,rolling,2024-12-01,2,2025-02-01,10490.7,9705.037154325842,,,,0.8,759.7571376811595,44
xlstm,electricity,USA|north carolina,US,True,rolling,2024-12-01,3,2025-03-01,9176.69,9152.368662995994,,,,0.8,759.7571376811595,44
xlstm,electricity,USA|north carolina,US,True,rolling,2024-12-01,4,2025-04-01,9144.82,10519.142140216827,,,,0.8,759.7571376811595,44
xlstm,electricity,USA|north carolina,US,True,rolling,2024-12-01,5,2025-05-01,10742.12,10875.446844303608,,,,0.8,759.7571376811595,44
xlstm,electricity,USA|north carolina,US,True,rolling,2024-12-01,6,2025-06-01,12996.19,12131.298705180883,,,,0.8,759.7571376811595,44
xlstm,electricity,USA|north carolina,US,True,rolling,2024-12-01,7,2025-07-01,14749.2,13072.405258841516,,,,0.8,759.7571376811595,44
xlstm,electricity,USA|north carolina,US,True,rolling,2024-12-01,8,2025-08-01,12363.15,12746.85291769266,,,,0.8,759.7571376811595,44
xlstm,electricity,USA|north carolina,US,True,rolling,2024-12-01,9,2025-09-01,11296.2,10142.14403180301,,,,0.8,759.7571376811595,44
xlstm,electricity,USA|north carolina,US,True,rolling,2024-12-01,10,2025-10-01,9170.38,9787.827567131519,,,,0.8,759.7571376811595,44
xlstm,electricity,USA|north carolina,US,True,rolling,2024-12-01,11,2025-11-01,10002.46,10289.357339918613,,,,0.8,759.7571376811595,44
xlstm,electricity,USA|north carolina,US,True,rolling,2024-12-01,12,2025-12-01,12228.73,11713.321706346273,,,,0.8,759.7571376811595,44
xlstm,electricity,USA|north dakota,US,False,holdout,last12,1,2025-01-01,4480.72,3593.3695097666982,,,,0.8,199.00463768115938,44
xlstm,electricity,USA|north dakota,US,False,holdout,last12,2,2025-02-01,3823.39,3547.7473875379565,,,,0.8,199.00463768115938,44
xlstm,electricity,USA|north dakota,US,False,holdout,last12,3,2025-03-01,3687.94,3541.615331823826,,,,0.8,199.00463768115938,44
xlstm,electricity,USA|north dakota,US,False,holdout,last12,4,2025-04-01,3135.29,3490.382795220614,,,,0.8,199.00463768115938,44
xlstm,electricity,USA|north dakota,US,False,holdout,last12,5,2025-05-01,3062.74,3491.577946293354,,,,0.8,199.00463768115938,44
xlstm,electricity,USA|north dakota,US,False,holdout,last12,6,2025-06-01,3095.37,3574.779666103125,,,,0.8,199.00463768115938,44
xlstm,electricity,USA|north dakota,US,False,holdout,last12,7,2025-07-01,3579.34,3586.400552837849,,,,0.8,199.00463768115938,44
xlstm,electricity,USA|north dakota,US,False,holdout,last12,8,2025-08-01,3302.88,3589.459932759404,,,,0.8,199.00463768115938,44
xlstm,electricity,USA|north dakota,US,False,holdout,last12,9,2025-09-01,3089.49,3577.3032224226,,,,0.8,199.00463768115938,44
xlstm,electricity,USA|north dakota,US,False,holdout,last12,10,2025-10-01,3552.32,3617.9910991841557,,,,0.8,199.00463768115938,44
xlstm,electricity,USA|north dakota,US,False,holdout,last12,11,2025-11-01,3712.81,3644.889384915829,,,,0.8,199.00463768115938,44
xlstm,electricity,USA|north dakota,US,False,holdout,last12,12,2025-12-01,4218.86,3643.087055733204,,,,0.8,199.00463768115938,44
xlstm,electricity,USA|north dakota,US,False,rolling,2022-12-01,1,2023-01-01,3816.16,3741.301143510938,,,,0.8,192.06484126984125,44
xlstm,electricity,USA|north dakota,US,False,rolling,2022-12-01,2,2023-02-01,3777.01,3662.8702776867153,,,,0.8,192.06484126984125,44
xlstm,electricity,USA|north dakota,US,False,rolling,2022-12-01,3,2023-03-01,3547.3,3657.045947520733,,,,0.8,192.06484126984125,44
xlstm,electricity,USA|north dakota,US,False,rolling,2022-12-01,4,2023-04-01,3086.39,3602.0969195038083,,,,0.8,192.06484126984125,44
xlstm,electricity,USA|north dakota,US,False,rolling,2022-12-01,5,2023-05-01,2928.43,3663.699644574523,,,,0.8,192.06484126984125,44
xlstm,electricity,USA|north dakota,US,False,rolling,2022-12-01,6,2023-06-01,2843.66,3694.4295048701765,,,,0.8,192.06484126984125,44
xlstm,electricity,USA|north dakota,US,False,rolling,2022-12-01,7,2023-07-01,3509.88,3712.3374180823566,,,,0.8,192.06484126984125,44
xlstm,electricity,USA|north dakota,US,False,rolling,2022-12-01,8,2023-08-01,3323.19,3689.6847994309665,,,,0.8,192.06484126984125,44
xlstm,electricity,USA|north dakota,US,False,rolling,2022-12-01,9,2023-09-01,3144.31,3656.710596107245,,,,0.8,192.06484126984125,44
xlstm,electricity,USA|north dakota,US,False,rolling,2022-12-01,10,2023-10-01,3294.49,3664.117725852132,,,,0.8,192.06484126984125,44
xlstm,electricity,USA|north dakota,US,False,rolling,2022-12-01,11,2023-11-01,3705.31,3682.443572610021,,,,0.8,192.06484126984125,44
xlstm,electricity,USA|north dakota,US,False,rolling,2022-12-01,12,2023-12-01,3754.17,3696.865603904724,,,,0.8,192.06484126984125,44
xlstm,electricity,USA|north dakota,US,False,rolling,2023-12-01,1,2024-01-01,3861.21,3522.7932536131143,,,,0.8,198.93450757575755,44
xlstm,electricity,USA|north dakota,US,False,rolling,2023-12-01,2,2024-02-01,3517.65,3464.098040070534,,,,0.8,198.93450757575755,44
xlstm,electricity,USA|north dakota,US,False,rolling,2023-12-01,3,2024-03-01,3703.86,3367.3575779974462,,,,0.8,198.93450757575755,44
xlstm,electricity,USA|north dakota,US,False,rolling,2023-12-01,4,2024-04-01,3384.71,3271.4857794976238,,,,0.8,198.93450757575755,44
xlstm,electricity,USA|north dakota,US,False,rolling,2023-12-01,5,2024-05-01,2973.23,3300.9944879060986,,,,0.8,198.93450757575755,44
xlstm,electricity,USA|north dakota,US,False,rolling,2023-12-01,6,2024-06-01,3453.11,3385.410859399438,,,,0.8,198.93450757575755,44
xlstm,electricity,USA|north dakota,US,False,rolling,2023-12-01,7,2024-07-01,3530.39,3486.8104901415113,,,,0.8,198.93450757575755,44
xlstm,electricity,USA|north dakota,US,False,rolling,2023-12-01,8,2024-08-01,3639.7,3466.8238413614035,,,,0.8,198.93450757575755,44
xlstm,electricity,USA|north dakota,US,False,rolling,2023-12-01,9,2024-09-01,3243.86,3479.806816216111,,,,0.8,198.93450757575755,44
xlstm,electricity,USA|north dakota,US,False,rolling,2023-12-01,10,2024-10-01,3389.15,3527.1803001219037,,,,0.8,198.93450757575755,44
xlstm,electricity,USA|north dakota,US,False,rolling,2023-12-01,11,2024-11-01,3740.56,3556.3387361949685,,,,0.8,198.93450757575755,44
xlstm,electricity,USA|north dakota,US,False,rolling,2023-12-01,12,2024-12-01,4180.72,3535.1353674846887,,,,0.8,198.93450757575755,44
xlstm,electricity,USA|north dakota,US,False,rolling,2024-12-01,1,2025-01-01,4480.72,3593.3695097666982,,,,0.8,199.00463768115938,44
xlstm,electricity,USA|north dakota,US,False,rolling,2024-12-01,2,2025-02-01,3823.39,3547.7473875379565,,,,0.8,199.00463768115938,44
xlstm,electricity,USA|north dakota,US,False,rolling,2024-12-01,3,2025-03-01,3687.94,3541.615331823826,,,,0.8,199.00463768115938,44
xlstm,electricity,USA|north dakota,US,False,rolling,2024-12-01,4,2025-04-01,3135.29,3490.382795220614,,,,0.8,199.00463768115938,44
xlstm,electricity,USA|north dakota,US,False,rolling,2024-12-01,5,2025-05-01,3062.74,3491.577946293354,,,,0.8,199.00463768115938,44
xlstm,electricity,USA|north dakota,US,False,rolling,2024-12-01,6,2025-06-01,3095.37,3574.779666103125,,,,0.8,199.00463768115938,44
xlstm,electricity,USA|north dakota,US,False,rolling,2024-12-01,7,2025-07-01,3579.34,3586.400552837849,,,,0.8,199.00463768115938,44
xlstm,electricity,USA|north dakota,US,False,rolling,2024-12-01,8,2025-08-01,3302.88,3589.459932759404,,,,0.8,199.00463768115938,44
xlstm,electricity,USA|north dakota,US,False,rolling,2024-12-01,9,2025-09-01,3089.49,3577.3032224226,,,,0.8,199.00463768115938,44
xlstm,electricity,USA|north dakota,US,False,rolling,2024-12-01,10,2025-10-01,3552.32,3617.9910991841557,,,,0.8,199.00463768115938,44
xlstm,electricity,USA|north dakota,US,False,rolling,2024-12-01,11,2025-11-01,3712.81,3644.889384915829,,,,0.8,199.00463768115938,44
xlstm,electricity,USA|north dakota,US,False,rolling,2024-12-01,12,2025-12-01,4218.86,3643.087055733204,,,,0.8,199.00463768115938,44
xlstm,electricity,USA|ohio,US,True,holdout,last12,1,2025-01-01,14564.37,12547.791196918486,,,,0.8,912.0921014492752,44
xlstm,electricity,USA|ohio,US,True,holdout,last12,2,2025-02-01,12128.6,10996.09465024769,,,,0.8,912.0921014492752,44
xlstm,electricity,USA|ohio,US,True,holdout,last12,3,2025-03-01,11184.99,10798.521826081274,,,,0.8,912.0921014492752,44
xlstm,electricity,USA|ohio,US,True,holdout,last12,4,2025-04-01,8299.15,10925.74869833648,,,,0.8,912.0921014492752,44
xlstm,electricity,USA|ohio,US,True,holdout,last12,5,2025-05-01,11238.9,11753.453520231245,,,,0.8,912.0921014492752,44
xlstm,electricity,USA|ohio,US,True,holdout,last12,6,2025-06-01,13043.38,13123.656331734655,,,,0.8,912.0921014492752,44
xlstm,electricity,USA|ohio,US,True,holdout,last12,7,2025-07-01,15251.93,13297.067050549982,,,,0.8,912.0921014492752,44
xlstm,electricity,USA|ohio,US,True,holdout,last12,8,2025-08-01,13721.02,12841.487032685278,,,,0.8,912.0921014492752,44
xlstm,electricity,USA|ohio,US,True,holdout,last12,9,2025-09-01,12813.83,11505.841595731375,,,,0.8,912.0921014492752,44
xlstm,electricity,USA|ohio,US,True,holdout,last12,10,2025-10-01,9913.77,11045.961861876844,,,,0.8,912.0921014492752,44
xlstm,electricity,USA|ohio,US,True,holdout,last12,11,2025-11-01,11630.07,11923.85168963313,,,,0.8,912.0921014492752,44
xlstm,electricity,USA|ohio,US,True,holdout,last12,12,2025-12-01,13325.61,12925.430680265425,,,,0.8,912.0921014492752,44
xlstm,electricity,USA|ohio,US,True,rolling,2022-12-01,1,2023-01-01,10545.46,12098.988790638445,,,,0.8,900.7856349206348,44
xlstm,electricity,USA|ohio,US,True,rolling,2022-12-01,2,2023-02-01,9629.24,10820.271243616342,,,,0.8,900.7856349206348,44
xlstm,electricity,USA|ohio,US,True,rolling,2022-12-01,3,2023-03-01,10109.58,10366.314174913166,,,,0.8,900.7856349206348,44
xlstm,electricity,USA|ohio,US,True,rolling,2022-12-01,4,2023-04-01,8210.08,9706.385969841478,,,,0.8,900.7856349206348,44
xlstm,electricity,USA|ohio,US,True,rolling,2022-12-01,5,2023-05-01,10269.82,10765.403769592045,,,,0.8,900.7856349206348,44
xlstm,electricity,USA|ohio,US,True,rolling,2022-12-01,6,2023-06-01,10701.62,11619.41181049466,,,,0.8,900.7856349206348,44
xlstm,electricity,USA|ohio,US,True,rolling,2022-12-01,7,2023-07-01,13118.89,11950.887684178351,,,,0.8,900.7856349206348,44
xlstm,electricity,USA|ohio,US,True,rolling,2022-12-01,8,2023-08-01,12492.98,11565.103974112271,,,,0.8,900.7856349206348,44
xlstm,electricity,USA|ohio,US,True,rolling,2022-12-01,9,2023-09-01,12078.37,10609.516704438924,,,,0.8,900.7856349206348,44
xlstm,electricity,USA|ohio,US,True,rolling,2022-12-01,10,2023-10-01,10283.03,10032.459341574906,,,,0.8,900.7856349206348,44
xlstm,electricity,USA|ohio,US,True,rolling,2022-12-01,11,2023-11-01,11715.35,10690.258924901484,,,,0.8,900.7856349206348,44
xlstm,electricity,USA|ohio,US,True,rolling,2022-12-01,12,2023-12-01,12395.44,10880.208934741018,,,,0.8,900.7856349206348,44
xlstm,electricity,USA|ohio,US,True,rolling,2023-12-01,1,2024-01-01,13475.43,10348.676345178483,,,,0.8,906.9392803030302,44
xlstm,electricity,USA|ohio,US,True,rolling,2023-12-01,2,2024-02-01,11014.72,9850.224336370227,,,,0.8,906.9392803030302,44
xlstm,electricity,USA|ohio,US,True,rolling,2023-12-01,3,2024-03-01,10211.97,9943.48744971752,,,,0.8,906.9392803030302,44
xlstm,electricity,USA|ohio,US,True,rolling,2023-12-01,4,2024-04-01,9834.6,9567.577346619366,,,,0.8,906.9392803030302,44
xlstm,electricity,USA|ohio,US,True,rolling,2023-12-01,5,2024-05-01,10620.1,10739.879796032905,,,,0.8,906.9392803030302,44
xlstm,electricity,USA|ohio,US,True,rolling,2023-12-01,6,2024-06-01,12786.71,11189.912905448673,,,,0.8,906.9392803030302,44
xlstm,electricity,USA|ohio,US,True,rolling,2023-12-01,7,2024-07-01,13908.02,12286.064661445616,,,,0.8,906.9392803030302,44
xlstm,electricity,USA|ohio,US,True,rolling,2023-12-01,8,2024-08-01,13603.14,11737.524334172009,,,,0.8,906.9392803030302,44
xlstm,electricity,USA|ohio,US,True,rolling,2023-12-01,9,2024-09-01,11885.26,11217.373624989985,,,,0.8,906.9392803030302,44
xlstm,electricity,USA|ohio,US,True,rolling,2023-12-01,10,2024-10-01,10133.08,10751.778092041015,,,,0.8,906.9392803030302,44
xlstm,electricity,USA|ohio,US,True,rolling,2023-12-01,11,2024-11-01,11060.38,11281.982791395187,,,,0.8,906.9392803030302,44
xlstm,electricity,USA|ohio,US,True,rolling,2023-12-01,12,2024-12-01,13325.84,11156.29217443466,,,,0.8,906.9392803030302,44
xlstm,electricity,USA|ohio,US,True,rolling,2024-12-01,1,2025-01-01,14564.37,12547.791196918486,,,,0.8,912.0921014492752,44
xlstm,electricity,USA|ohio,US,True,rolling,2024-12-01,2,2025-02-01,12128.6,10996.09465024769,,,,0.8,912.0921014492752,44
xlstm,electricity,USA|ohio,US,True,rolling,2024-12-01,3,2025-03-01,11184.99,10798.521826081274,,,,0.8,912.0921014492752,44
xlstm,electricity,USA|ohio,US,True,rolling,2024-12-01,4,2025-04-01,8299.15,10925.74869833648,,,,0.8,912.0921014492752,44
xlstm,electricity,USA|ohio,US,True,rolling,2024-12-01,5,2025-05-01,11238.9,11753.453520231245,,,,0.8,912.0921014492752,44
xlstm,electricity,USA|ohio,US,True,rolling,2024-12-01,6,2025-06-01,13043.38,13123.656331734655,,,,0.8,912.0921014492752,44
xlstm,electricity,USA|ohio,US,True,rolling,2024-12-01,7,2025-07-01,15251.93,13297.067050549982,,,,0.8,912.0921014492752,44
xlstm,electricity,USA|ohio,US,True,rolling,2024-12-01,8,2025-08-01,13721.02,12841.487032685278,,,,0.8,912.0921014492752,44
xlstm,electricity,USA|ohio,US,True,rolling,2024-12-01,9,2025-09-01,12813.83,11505.841595731375,,,,0.8,912.0921014492752,44
xlstm,electricity,USA|ohio,US,True,rolling,2024-12-01,10,2025-10-01,9913.77,11045.961861876844,,,,0.8,912.0921014492752,44
xlstm,electricity,USA|ohio,US,True,rolling,2024-12-01,11,2025-11-01,11630.07,11923.85168963313,,,,0.8,912.0921014492752,44
xlstm,electricity,USA|ohio,US,True,rolling,2024-12-01,12,2025-12-01,13325.61,12925.430680265425,,,,0.8,912.0921014492752,44
xlstm,electricity,USA|oklahoma,US,True,holdout,last12,1,2025-01-01,8291.08,8622.23750878632,,,,0.8,535.8723550724637,44
xlstm,electricity,USA|oklahoma,US,True,holdout,last12,2,2025-02-01,6840.8,6816.520194774866,,,,0.8,535.8723550724637,44
xlstm,electricity,USA|oklahoma,US,True,holdout,last12,3,2025-03-01,7000.79,6902.183593435288,,,,0.8,535.8723550724637,44
xlstm,electricity,USA|oklahoma,US,True,holdout,last12,4,2025-04-01,6367.57,7487.28453518927,,,,0.8,535.8723550724637,44
xlstm,electricity,USA|oklahoma,US,True,holdout,last12,5,2025-05-01,6689.29,7829.179117357135,,,,0.8,535.8723550724637,44
xlstm,electricity,USA|oklahoma,US,True,holdout,last12,6,2025-06-01,8373.76,8722.234892761111,,,,0.8,535.8723550724637,44
xlstm,electricity,USA|oklahoma,US,True,holdout,last12,7,2025-07-01,9842.85,9102.902426478266,,,,0.8,535.8723550724637,44
xlstm,electricity,USA|oklahoma,US,True,holdout,last12,8,2025-08-01,9038.69,9285.134526621103,,,,0.8,535.8723550724637,44
xlstm,electricity,USA|oklahoma,US,True,holdout,last12,9,2025-09-01,7394.28,7586.1337487179035,,,,0.8,535.8723550724637,44
xlstm,electricity,USA|oklahoma,US,True,holdout,last12,10,2025-10-01,7219.92,7651.52271194458,,,,0.8,535.8723550724637,44
xlstm,electricity,USA|oklahoma,US,True,holdout,last12,11,2025-11-01,6581.66,7635.447167490124,,,,0.8,535.8723550724637,44
xlstm,electricity,USA|oklahoma,US,True,holdout,last12,12,2025-12-01,7662.01,8087.7251730889075,,,,0.8,535.8723550724637,44
xlstm,electricity,USA|oklahoma,US,True,rolling,2022-12-01,1,2023-01-01,7117.98,6563.522359707952,,,,0.8,531.1959920634921,44
xlstm,electricity,USA|oklahoma,US,True,rolling,2022-12-01,2,2023-02-01,6597.47,6223.89556526959,,,,0.8,531.1959920634921,44
xlstm,electricity,USA|oklahoma,US,True,rolling,2022-12-01,3,2023-03-01,7071.78,6084.675651534796,,,,0.8,531.1959920634921,44
xlstm,electricity,USA|oklahoma,US,True,rolling,2022-12-01,4,2023-04-01,6645.75,6341.26905471027,,,,0.8,531.1959920634921,44
xlstm,electricity,USA|oklahoma,US,True,rolling,2022-12-01,5,2023-05-01,7031.55,7284.674942582847,,,,0.8,531.1959920634921,44
xlstm,electricity,USA|oklahoma,US,True,rolling,2022-12-01,6,2023-06-01,8073.46,8236.941626811029,,,,0.8,531.1959920634921,44
xlstm,electricity,USA|oklahoma,US,True,rolling,2022-12-01,7,2023-07-01,9653.31,8552.726789488794,,,,0.8,531.1959920634921,44
xlstm,electricity,USA|oklahoma,US,True,rolling,2022-12-01,8,2023-08-01,9734.61,8256.893338677884,,,,0.8,531.1959920634921,44
xlstm,electricity,USA|oklahoma,US,True,rolling,2022-12-01,9,2023-09-01,8032.41,6631.562580434681,,,,0.8,531.1959920634921,44
xlstm,electricity,USA|oklahoma,US,True,rolling,2022-12-01,10,2023-10-01,6806.07,6305.861786287428,,,,0.8,531.1959920634921,44
xlstm,electricity,USA|oklahoma,US,True,rolling,2022-12-01,11,2023-11-01,6314.59,6492.65884513557,,,,0.8,531.1959920634921,44
xlstm,electricity,USA|oklahoma,US,True,rolling,2022-12-01,12,2023-12-01,7049.56,7492.531698315144,,,,0.8,531.1959920634921,44
xlstm,electricity,USA|oklahoma,US,True,rolling,2023-12-01,1,2024-01-01,8593.89,6903.865226497651,,,,0.8,530.2770833333333,44
xlstm,electricity,USA|oklahoma,US,True,rolling,2023-12-01,2,2024-02-01,6779.08,6533.861105132103,,,,0.8,530.2770833333333,44
xlstm,electricity,USA|oklahoma,US,True,rolling,2023-12-01,3,2024-03-01,6785.79,6735.790204906464,,,,0.8,530.2770833333333,44
xlstm,electricity,USA|oklahoma,US,True,rolling,2023-12-01,4,2024-04-01,7591.76,6515.636239094734,,,,0.8,530.2770833333333,44
xlstm,electricity,USA|oklahoma,US,True,rolling,2023-12-01,5,2024-05-01,7839.72,6865.522902355195,,,,0.8,530.2770833333333,44
xlstm,electricity,USA|oklahoma,US,True,rolling,2023-12-01,6,2024-06-01,9083.47,8007.86096523285,,,,0.8,530.2770833333333,44
xlstm,electricity,USA|oklahoma,US,True,rolling,2023-12-01,7,2024-07-01,9490.75,8566.465389595032,,,,0.8,530.2770833333333,44
xlstm,electricity,USA|oklahoma,US,True,rolling,2023-12-01,8,2024-08-01,10089.06,8598.709523715974,,,,0.8,530.2770833333333,44
xlstm,electricity,USA|oklahoma,US,True,rolling,2023-12-01,9,2024-09-01,7334.53,8022.104672985078,,,,0.8,530.2770833333333,44
xlstm,electricity,USA|oklahoma,US,True,rolling,2023-12-01,10,2024-10-01,7397.75,6788.948466720582,,,,0.8,530.2770833333333,44
xlstm,electricity,USA|oklahoma,US,True,rolling,2023-12-01,11,2024-11-01,7240.07,6526.124870471955,,,,0.8,530.2770833333333,44
xlstm,electricity,USA|oklahoma,US,True,rolling,2023-12-01,12,2024-12-01,7517.43,6984.420820417405,,,,0.8,530.2770833333333,44
xlstm,electricity,USA|oklahoma,US,True,rolling,2024-12-01,1,2025-01-01,8291.08,8622.23750878632,,,,0.8,535.8723550724637,44
xlstm,electricity,USA|oklahoma,US,True,rolling,2024-12-01,2,2025-02-01,6840.8,6816.520194774866,,,,0.8,535.8723550724637,44
xlstm,electricity,USA|oklahoma,US,True,rolling,2024-12-01,3,2025-03-01,7000.79,6902.183593435288,,,,0.8,535.8723550724637,44
xlstm,electricity,USA|oklahoma,US,True,rolling,2024-12-01,4,2025-04-01,6367.57,7487.28453518927,,,,0.8,535.8723550724637,44
xlstm,electricity,USA|oklahoma,US,True,rolling,2024-12-01,5,2025-05-01,6689.29,7829.179117357135,,,,0.8,535.8723550724637,44
xlstm,electricity,USA|oklahoma,US,True,rolling,2024-12-01,6,2025-06-01,8373.76,8722.234892761111,,,,0.8,535.8723550724637,44
xlstm,electricity,USA|oklahoma,US,True,rolling,2024-12-01,7,2025-07-01,9842.85,9102.902426478266,,,,0.8,535.8723550724637,44
xlstm,electricity,USA|oklahoma,US,True,rolling,2024-12-01,8,2025-08-01,9038.69,9285.134526621103,,,,0.8,535.8723550724637,44
xlstm,electricity,USA|oklahoma,US,True,rolling,2024-12-01,9,2025-09-01,7394.28,7586.1337487179035,,,,0.8,535.8723550724637,44
xlstm,electricity,USA|oklahoma,US,True,rolling,2024-12-01,10,2025-10-01,7219.92,7651.52271194458,,,,0.8,535.8723550724637,44
xlstm,electricity,USA|oklahoma,US,True,rolling,2024-12-01,11,2025-11-01,6581.66,7635.447167490124,,,,0.8,535.8723550724637,44
xlstm,electricity,USA|oklahoma,US,True,rolling,2024-12-01,12,2025-12-01,7662.01,8087.7251730889075,,,,0.8,535.8723550724637,44
xlstm,electricity,USA|oregon,US,True,holdout,last12,1,2025-01-01,6008.77,5391.288460658789,,,,0.8,308.29626811594204,44
xlstm,electricity,USA|oregon,US,True,holdout,last12,2,2025-02-01,5194.21,5320.0796698594095,,,,0.8,308.29626811594204,44
xlstm,electricity,USA|oregon,US,True,holdout,last12,3,2025-03-01,5601.12,5474.6872750389575,,,,0.8,308.29626811594204,44
xlstm,electricity,USA|oregon,US,True,holdout,last12,4,2025-04-01,4962.7,4678.287792304754,,,,0.8,308.29626811594204,44
xlstm,electricity,USA|oregon,US,True,holdout,last12,5,2025-05-01,4782.65,4702.849855924248,,,,0.8,308.29626811594204,44
xlstm,electricity,USA|oregon,US,True,holdout,last12,6,2025-06-01,5061.19,5422.8987445306775,,,,0.8,308.29626811594204,44
xlstm,electricity,USA|oregon,US,True,holdout,last12,7,2025-07-01,5450.7,5532.557057595252,,,,0.8,308.29626811594204,44
xlstm,electricity,USA|oregon,US,True,holdout,last12,8,2025-08-01,5595.75,5389.429325534105,,,,0.8,308.29626811594204,44
xlstm,electricity,USA|oregon,US,True,holdout,last12,9,2025-09-01,4894.0,4644.252284578085,,,,0.8,308.29626811594204,44
xlstm,electricity,USA|oregon,US,True,holdout,last12,10,2025-10-01,4821.6,4668.966813530922,,,,0.8,308.29626811594204,44
xlstm,electricity,USA|oregon,US,True,holdout,last12,11,2025-11-01,5468.79,5514.601978999376,,,,0.8,308.29626811594204,44
xlstm,electricity,USA|oregon,US,True,holdout,last12,12,2025-12-01,6815.04,5567.909252616167,,,,0.8,308.29626811594204,44
xlstm,electricity,USA|oregon,US,True,rolling,2022-12-01,1,2023-01-01,5403.47,5705.6475983333585,,,,0.8,297.98781746031744,44
xlstm,electricity,USA|oregon,US,True,rolling,2022-12-01,2,2023-02-01,5223.87,5633.632615916728,,,,0.8,297.98781746031744,44
xlstm,electricity,USA|oregon,US,True,rolling,2022-12-01,3,2023-03-01,5173.39,5542.303387868404,,,,0.8,297.98781746031744,44
xlstm,electricity,USA|oregon,US,True,rolling,2022-12-01,4,2023-04-01,4351.6,4860.691924035549,,,,0.8,297.98781746031744,44
xlstm,electricity,USA|oregon,US,True,rolling,2022-12-01,5,2023-05-01,5304.48,4837.40933176279,,,,0.8,297.98781746031744,44
xlstm,electricity,USA|oregon,US,True,rolling,2022-12-01,6,2023-06-01,4834.77,4912.88733659029,,,,0.8,297.98781746031744,44
xlstm,electricity,USA|oregon,US,True,rolling,2022-12-01,7,2023-07-01,5174.55,5643.43620149374,,,,0.8,297.98781746031744,44
xlstm,electricity,USA|oregon,US,True,rolling,2022-12-01,8,2023-08-01,5287.57,5643.934876720905,,,,0.8,297.98781746031744,44
xlstm,electricity,USA|oregon,US,True,rolling,2022-12-01,9,2023-09-01,4602.63,4911.303765702247,,,,0.8,297.98781746031744,44
xlstm,electricity,USA|oregon,US,True,rolling,2022-12-01,10,2023-10-01,4361.64,4779.35688631773,,,,0.8,297.98781746031744,44
xlstm,electricity,USA|oregon,US,True,rolling,2022-12-01,11,2023-11-01,4812.03,5454.306787893772,,,,0.8,297.98781746031744,44
xlstm,electricity,USA|oregon,US,True,rolling,2022-12-01,12,2023-12-01,5021.75,5671.010355832576,,,,0.8,297.98781746031744,44
xlstm,electricity,USA|oregon,US,True,rolling,2023-12-01,1,2024-01-01,5375.68,5339.961666471958,,,,0.8,301.5358333333333,44
xlstm,electricity,USA|oregon,US,True,rolling,2023-12-01,2,2024-02-01,5157.67,5127.445123496055,,,,0.8,301.5358333333333,44
xlstm,electricity,USA|oregon,US,True,rolling,2023-12-01,3,2024-03-01,5680.99,4831.658498226404,,,,0.8,301.5358333333333,44
xlstm,electricity,USA|oregon,US,True,rolling,2023-12-01,4,2024-04-01,5013.36,4762.665764728188,,,,0.8,301.5358333333333,44
xlstm,electricity,USA|oregon,US,True,rolling,2023-12-01,5,2024-05-01,4342.76,5178.913024302721,,,,0.8,301.5358333333333,44
xlstm,electricity,USA|oregon,US,True,rolling,2023-12-01,6,2024-06-01,5284.94,4788.324913847446,,,,0.8,301.5358333333333,44
xlstm,electricity,USA|oregon,US,True,rolling,2023-12-01,7,2024-07-01,5665.36,5126.69156981945,,,,0.8,301.5358333333333,44
xlstm,electricity,USA|oregon,US,True,rolling,2023-12-01,8,2024-08-01,5527.39,4942.575873892307,,,,0.8,301.5358333333333,44
xlstm,electricity,USA|oregon,US,True,rolling,2023-12-01,9,2024-09-01,4911.27,4748.632397404909,,,,0.8,301.5358333333333,44
xlstm,electricity,USA|oregon,US,True,rolling,2023-12-01,10,2024-10-01,4589.37,4740.899052798748,,,,0.8,301.5358333333333,44
xlstm,electricity,USA|oregon,US,True,rolling,2023-12-01,11,2024-11-01,5499.91,4744.431705046892,,,,0.8,301.5358333333333,44
xlstm,electricity,USA|oregon,US,True,rolling,2023-12-01,12,2024-12-01,5875.94,5049.631841049194,,,,0.8,301.5358333333333,44
xlstm,electricity,USA|oregon,US,True,rolling,2024-12-01,1,2025-01-01,6008.77,5391.288460658789,,,,0.8,308.29626811594204,44
xlstm,electricity,USA|oregon,US,True,rolling,2024-12-01,2,2025-02-01,5194.21,5320.0796698594095,,,,0.8,308.29626811594204,44
xlstm,electricity,USA|oregon,US,True,rolling,2024-12-01,3,2025-03-01,5601.12,5474.6872750389575,,,,0.8,308.29626811594204,44
xlstm,electricity,USA|oregon,US,True,rolling,2024-12-01,4,2025-04-01,4962.7,4678.287792304754,,,,0.8,308.29626811594204,44
xlstm,electricity,USA|oregon,US,True,rolling,2024-12-01,5,2025-05-01,4782.65,4702.849855924248,,,,0.8,308.29626811594204,44
xlstm,electricity,USA|oregon,US,True,rolling,2024-12-01,6,2025-06-01,5061.19,5422.8987445306775,,,,0.8,308.29626811594204,44
xlstm,electricity,USA|oregon,US,True,rolling,2024-12-01,7,2025-07-01,5450.7,5532.557057595252,,,,0.8,308.29626811594204,44
xlstm,electricity,USA|oregon,US,True,rolling,2024-12-01,8,2025-08-01,5595.75,5389.429325534105,,,,0.8,308.29626811594204,44
xlstm,electricity,USA|oregon,US,True,rolling,2024-12-01,9,2025-09-01,4894.0,4644.252284578085,,,,0.8,308.29626811594204,44
xlstm,electricity,USA|oregon,US,True,rolling,2024-12-01,10,2025-10-01,4821.6,4668.966813530922,,,,0.8,308.29626811594204,44
xlstm,electricity,USA|oregon,US,True,rolling,2024-12-01,11,2025-11-01,5468.79,5514.601978999376,,,,0.8,308.29626811594204,44
xlstm,electricity,USA|oregon,US,True,rolling,2024-12-01,12,2025-12-01,6815.04,5567.909252616167,,,,0.8,308.29626811594204,44
xlstm,electricity,USA|pennsylvania,US,True,holdout,last12,1,2025-01-01,24413.5,21920.068300457,,,,0.8,871.1751811594203,44
xlstm,electricity,USA|pennsylvania,US,True,holdout,last12,2,2025-02-01,21163.66,20048.55133520126,,,,0.8,871.1751811594203,44
xlstm,electricity,USA|pennsylvania,US,True,holdout,last12,3,2025-03-01,19816.41,19428.79438306808,,,,0.8,871.1751811594203,44
xlstm,electricity,USA|pennsylvania,US,True,holdout,last12,4,2025-04-01,17453.77,16917.35098874092,,,,0.8,871.1751811594203,44
xlstm,electricity,USA|pennsylvania,US,True,holdout,last12,5,2025-05-01,19351.63,20142.632487478255,,,,0.8,871.1751811594203,44
xlstm,electricity,USA|pennsylvania,US,True,holdout,last12,6,2025-06-01,22062.19,23177.2526428318,,,,0.8,871.1751811594203,44
xlstm,electricity,USA|pennsylvania,US,True,holdout,last12,7,2025-07-01,25058.69,23315.90310601234,,,,0.8,871.1751811594203,44
xlstm,electricity,USA|pennsylvania,US,True,holdout,last12,8,2025-08-01,22874.48,22893.014749536513,,,,0.8,871.1751811594203,44
xlstm,electricity,USA|pennsylvania,US,True,holdout,last12,9,2025-09-01,19867.09,19042.093558921813,,,,0.8,871.1751811594203,44
xlstm,electricity,USA|pennsylvania,US,True,holdout,last12,10,2025-10-01,16775.65,17609.605794057847,,,,0.8,871.1751811594203,44
xlstm,electricity,USA|pennsylvania,US,True,holdout,last12,11,2025-11-01,17370.27,19447.19453583717,,,,0.8,871.1751811594203,44
xlstm,electricity,USA|pennsylvania,US,True,holdout,last12,12,2025-12-01,22612.12,22782.39690652847,,,,0.8,871.1751811594203,44
xlstm,electricity,USA|pennsylvania,US,True,rolling,2022-12-01,1,2023-01-01,21209.42,22632.579543958902,,,,0.8,868.363015873016,44
xlstm,electricity,USA|pennsylvania,US,True,rolling,2022-12-01,2,2023-02-01,19889.58,20872.657565572263,,,,0.8,868.363015873016,44
xlstm,electricity,USA|pennsylvania,US,True,rolling,2022-12-01,3,2023-03-01,20749.09,20097.653763056995,,,,0.8,868.363015873016,44
xlstm,electricity,USA|pennsylvania,US,True,rolling,2022-12-01,4,2023-04-01,16400.5,16799.851606923938,,,,0.8,868.363015873016,44
xlstm,electricity,USA|pennsylvania,US,True,rolling,2022-12-01,5,2023-05-01,17277.44,17948.13931500435,,,,0.8,868.363015873016,44
xlstm,electricity,USA|pennsylvania,US,True,rolling,2022-12-01,6,2023-06-01,19841.94,19464.531645286086,,,,0.8,868.363015873016,44
xlstm,electricity,USA|pennsylvania,US,True,rolling,2022-12-01,7,2023-07-01,23730.28,22480.50866847515,,,,0.8,868.363015873016,44
xlstm,electricity,USA|pennsylvania,US,True,rolling,2022-12-01,8,2023-08-01,23326.16,22183.506275200845,,,,0.8,868.363015873016,44
xlstm,electricity,USA|pennsylvania,US,True,rolling,2022-12-01,9,2023-09-01,20128.34,19064.22987276584,,,,0.8,868.363015873016,44
xlstm,electricity,USA|pennsylvania,US,True,rolling,2022-12-01,10,2023-10-01,17029.08,17474.093474243582,,,,0.8,868.363015873016,44
xlstm,electricity,USA|pennsylvania,US,True,rolling,2022-12-01,11,2023-11-01,17338.17,17677.706581470968,,,,0.8,868.363015873016,44
xlstm,electricity,USA|pennsylvania,US,True,rolling,2022-12-01,12,2023-12-01,20053.72,21820.462160120012,,,,0.8,868.363015873016,44
xlstm,electricity,USA|pennsylvania,US,True,rolling,2023-12-01,1,2024-01-01,21798.73,20858.12854884863,,,,0.8,868.1964772727273,44
xlstm,electricity,USA|pennsylvania,US,True,rolling,2023-12-01,2,2024-02-01,19848.62,19489.922250745294,,,,0.8,868.1964772727273,44
xlstm,electricity,USA|pennsylvania,US,True,rolling,2023-12-01,3,2024-03-01,20091.41,19505.16004943609,,,,0.8,868.1964772727273,44
xlstm,electricity,USA|pennsylvania,US,True,rolling,2023-12-01,4,2024-04-01,16029.43,16280.977354030609,,,,0.8,868.1964772727273,44
xlstm,electricity,USA|pennsylvania,US,True,rolling,2023-12-01,5,2024-05-01,19344.01,16580.368534293175,,,,0.8,868.1964772727273,44
xlstm,electricity,USA|pennsylvania,US,True,rolling,2023-12-01,6,2024-06-01,22231.38,20294.357207643985,,,,0.8,868.1964772727273,44
xlstm,electricity,USA|pennsylvania,US,True,rolling,2023-12-01,7,2024-07-01,24409.76,22661.14271155834,,,,0.8,868.1964772727273,44
xlstm,electricity,USA|pennsylvania,US,True,rolling,2023-12-01,8,2024-08-01,23308.81,22338.197703969476,,,,0.8,868.1964772727273,44
xlstm,electricity,USA|pennsylvania,US,True,rolling,2023-12-01,9,2024-09-01,19187.49,19237.117374737263,,,,0.8,868.1964772727273,44
xlstm,electricity,USA|pennsylvania,US,True,rolling,2023-12-01,10,2024-10-01,17152.66,16581.738167502284,,,,0.8,868.1964772727273,44
xlstm,electricity,USA|pennsylvania,US,True,rolling,2023-12-01,11,2024-11-01,18609.43,16870.951178498268,,,,0.8,868.1964772727273,44
xlstm,electricity,USA|pennsylvania,US,True,rolling,2023-12-01,12,2024-12-01,22146.65,19637.90141169548,,,,0.8,868.1964772727273,44
xlstm,electricity,USA|pennsylvania,US,True,rolling,2024-12-01,1,2025-01-01,24413.5,21920.068300457,,,,0.8,871.1751811594203,44
xlstm,electricity,USA|pennsylvania,US,True,rolling,2024-12-01,2,2025-02-01,21163.66,20048.55133520126,,,,0.8,871.1751811594203,44
xlstm,electricity,USA|pennsylvania,US,True,rolling,2024-12-01,3,2025-03-01,19816.41,19428.79438306808,,,,0.8,871.1751811594203,44
xlstm,electricity,USA|pennsylvania,US,True,rolling,2024-12-01,4,2025-04-01,17453.77,16917.35098874092,,,,0.8,871.1751811594203,44
xlstm,electricity,USA|pennsylvania,US,True,rolling,2024-12-01,5,2025-05-01,19351.63,20142.632487478255,,,,0.8,871.1751811594203,44
xlstm,electricity,USA|pennsylvania,US,True,rolling,2024-12-01,6,2025-06-01,22062.19,23177.2526428318,,,,0.8,871.1751811594203,44
xlstm,electricity,USA|pennsylvania,US,True,rolling,2024-12-01,7,2025-07-01,25058.69,23315.90310601234,,,,0.8,871.1751811594203,44
xlstm,electricity,USA|pennsylvania,US,True,rolling,2024-12-01,8,2025-08-01,22874.48,22893.014749536513,,,,0.8,871.1751811594203,44
xlstm,electricity,USA|pennsylvania,US,True,rolling,2024-12-01,9,2025-09-01,19867.09,19042.093558921813,,,,0.8,871.1751811594203,44
xlstm,electricity,USA|pennsylvania,US,True,rolling,2024-12-01,10,2025-10-01,16775.65,17609.605794057847,,,,0.8,871.1751811594203,44
xlstm,electricity,USA|pennsylvania,US,True,rolling,2024-12-01,11,2025-11-01,17370.27,19447.19453583717,,,,0.8,871.1751811594203,44
xlstm,electricity,USA|pennsylvania,US,True,rolling,2024-12-01,12,2025-12-01,22612.12,22782.39690652847,,,,0.8,871.1751811594203,44
xlstm,electricity,USA|rhode island,US,False,holdout,last12,1,2025-01-01,699.87,560.2282609683275,,,,0.8,116.0623188405797,44
xlstm,electricity,USA|rhode island,US,False,holdout,last12,2,2025-02-01,618.3,525.007020856142,,,,0.8,116.0623188405797,44
xlstm,electricity,USA|rhode island,US,False,holdout,last12,3,2025-03-01,648.75,557.9043372225761,,,,0.8,116.0623188405797,44
xlstm,electricity,USA|rhode island,US,False,holdout,last12,4,2025-04-01,719.64,636.2191050899029,,,,0.8,116.0623188405797,44
xlstm,electricity,USA|rhode island,US,False,holdout,last12,5,2025-05-01,824.85,766.8018400800229,,,,0.8,116.0623188405797,44
xlstm,electricity,USA|rhode island,US,False,holdout,last12,6,2025-06-01,917.62,926.1435470354558,,,,0.8,116.0623188405797,44
xlstm,electricity,USA|rhode island,US,False,holdout,last12,7,2025-07-01,1145.84,1047.36773773551,,,,0.8,116.0623188405797,44
xlstm,electricity,USA|rhode island,US,False,holdout,last12,8,2025-08-01,1076.75,1041.9916503798963,,,,0.8,116.0623188405797,44
xlstm,electricity,USA|rhode island,US,False,holdout,last12,9,2025-09-01,891.49,964.4777403962613,,,,0.8,116.0623188405797,44
xlstm,electricity,USA|rhode island,US,False,holdout,last12,10,2025-10-01,909.15,868.603476382494,,,,0.8,116.0623188405797,44
xlstm,electricity,USA|rhode island,US,False,holdout,last12,11,2025-11-01,850.63,750.9089686763286,,,,0.8,116.0623188405797,44
xlstm,electricity,USA|rhode island,US,False,holdout,last12,12,2025-12-01,791.98,644.2985953640938,,,,0.8,116.0623188405797,44
xlstm,electricity,USA|rhode island,US,False,rolling,2022-12-01,1,2023-01-01,630.24,532.7312032794953,,,,0.8,117.88968253968252,44
xlstm,electricity,USA|rhode island,US,False,rolling,2022-12-01,2,2023-02-01,551.87,510.22749148845674,,,,0.8,117.88968253968252,44
xlstm,electricity,USA|rhode island,US,False,rolling,2022-12-01,3,2023-03-01,659.68,540.2898647129535,,,,0.8,117.88968253968252,44
xlstm,electricity,USA|rhode island,US,False,rolling,2022-12-01,4,2023-04-01,633.58,589.2924263966083,,,,0.8,117.88968253968252,44
xlstm,electricity,USA|rhode island,US,False,rolling,2022-12-01,5,2023-05-01,761.31,692.7697054028512,,,,0.8,117.88968253968252,44
xlstm,electricity,USA|rhode island,US,False,rolling,2022-12-01,6,2023-06-01,862.48,817.89538723588,,,,0.8,117.88968253968252,44
xlstm,electricity,USA|rhode island,US,False,rolling,2022-12-01,7,2023-07-01,958.13,939.5020141088963,,,,0.8,117.88968253968252,44
xlstm,electricity,USA|rhode island,US,False,rolling,2022-12-01,8,2023-08-01,894.19,922.4143350243569,,,,0.8,117.88968253968252,44
xlstm,electricity,USA|rhode island,US,False,rolling,2022-12-01,9,2023-09-01,931.68,838.9346412587166,,,,0.8,117.88968253968252,44
xlstm,electricity,USA|rhode island,US,False,rolling,2022-12-01,10,2023-10-01,851.72,763.4767928457261,,,,0.8,117.88968253968252,44
xlstm,electricity,USA|rhode island,US,False,rolling,2022-12-01,11,2023-11-01,765.17,670.9796940076352,,,,0.8,117.88968253968252,44
xlstm,electricity,USA|rhode island,US,False,rolling,2022-12-01,12,2023-12-01,546.07,562.4281551122666,,,,0.8,117.88968253968252,44
xlstm,electricity,USA|rhode island,US,False,rolling,2023-12-01,1,2024-01-01,620.92,555.296723844409,,,,0.8,117.0471590909091,44
xlstm,electricity,USA|rhode island,US,False,rolling,2023-12-01,2,2024-02-01,543.0,523.3761554038525,,,,0.8,117.0471590909091,44
xlstm,electricity,USA|rhode island,US,False,rolling,2023-12-01,3,2024-03-01,562.17,571.2216342103482,,,,0.8,117.0471590909091,44
xlstm,electricity,USA|rhode island,US,False,rolling,2023-12-01,4,2024-04-01,571.57,639.2344531553985,,,,0.8,117.0471590909091,44
xlstm,electricity,USA|rhode island,US,False,rolling,2023-12-01,5,2024-05-01,808.15,739.2014746975899,,,,0.8,117.0471590909091,44
xlstm,electricity,USA|rhode island,US,False,rolling,2023-12-01,6,2024-06-01,985.25,876.3584535956384,,,,0.8,117.0471590909091,44
xlstm,electricity,USA|rhode island,US,False,rolling,2023-12-01,7,2024-07-01,1202.47,989.7693219161033,,,,0.8,117.0471590909091,44
xlstm,electricity,USA|rhode island,US,False,rolling,2023-12-01,8,2024-08-01,1133.27,974.7528166556358,,,,0.8,117.0471590909091,44
xlstm,electricity,USA|rhode island,US,False,rolling,2023-12-01,9,2024-09-01,890.89,909.3156273078919,,,,0.8,117.0471590909091,44
xlstm,electricity,USA|rhode island,US,False,rolling,2023-12-01,10,2024-10-01,947.42,828.4076311397553,,,,0.8,117.0471590909091,44
xlstm,electricity,USA|rhode island,US,False,rolling,2023-12-01,11,2024-11-01,781.85,723.7908642482757,,,,0.8,117.0471590909091,44
xlstm,electricity,USA|rhode island,US,False,rolling,2023-12-01,12,2024-12-01,694.91,616.6348741173745,,,,0.8,117.0471590909091,44
xlstm,electricity,USA|rhode island,US,False,rolling,2024-12-01,1,2025-01-01,699.87,560.2282609683275,,,,0.8,116.0623188405797,44
xlstm,electricity,USA|rhode island,US,False,rolling,2024-12-01,2,2025-02-01,618.3,525.007020856142,,,,0.8,116.0623188405797,44
xlstm,electricity,USA|rhode island,US,False,rolling,2024-12-01,3,2025-03-01,648.75,557.9043372225761,,,,0.8,116.0623188405797,44
xlstm,electricity,USA|rhode island,US,False,rolling,2024-12-01,4,2025-04-01,719.64,636.2191050899029,,,,0.8,116.0623188405797,44
xlstm,electricity,USA|rhode island,US,False,rolling,2024-12-01,5,2025-05-01,824.85,766.8018400800229,,,,0.8,116.0623188405797,44
xlstm,electricity,USA|rhode island,US,False,rolling,2024-12-01,6,2025-06-01,917.62,926.1435470354558,,,,0.8,116.0623188405797,44
xlstm,electricity,USA|rhode island,US,False,rolling,2024-12-01,7,2025-07-01,1145.84,1047.36773773551,,,,0.8,116.0623188405797,44
xlstm,electricity,USA|rhode island,US,False,rolling,2024-12-01,8,2025-08-01,1076.75,1041.9916503798963,,,,0.8,116.0623188405797,44
xlstm,electricity,USA|rhode island,US,False,rolling,2024-12-01,9,2025-09-01,891.49,964.4777403962613,,,,0.8,116.0623188405797,44
xlstm,electricity,USA|rhode island,US,False,rolling,2024-12-01,10,2025-10-01,909.15,868.603476382494,,,,0.8,116.0623188405797,44
xlstm,electricity,USA|rhode island,US,False,rolling,2024-12-01,11,2025-11-01,850.63,750.9089686763286,,,,0.8,116.0623188405797,44
xlstm,electricity,USA|rhode island,US,False,rolling,2024-12-01,12,2025-12-01,791.98,644.2985953640938,,,,0.8,116.0623188405797,44
xlstm,electricity,USA|south carolina,US,True,holdout,last12,1,2025-01-01,9582.06,8577.19492017865,,,,0.8,471.6781884057971,44
xlstm,electricity,USA|south carolina,US,True,holdout,last12,2,2025-02-01,8165.53,7780.022488035261,,,,0.8,471.6781884057971,44
xlstm,electricity,USA|south carolina,US,True,holdout,last12,3,2025-03-01,8665.02,7764.642524676322,,,,0.8,471.6781884057971,44
xlstm,electricity,USA|south carolina,US,True,holdout,last12,4,2025-04-01,8502.12,7892.682922986149,,,,0.8,471.6781884057971,44
xlstm,electricity,USA|south carolina,US,True,holdout,last12,5,2025-05-01,8446.48,8433.944789676665,,,,0.8,471.6781884057971,44
xlstm,electricity,USA|south carolina,US,True,holdout,last12,6,2025-06-01,9464.23,8981.475831582546,,,,0.8,471.6781884057971,44
xlstm,electricity,USA|south carolina,US,True,holdout,last12,7,2025-07-01,10295.9,9529.665798225402,,,,0.8,471.6781884057971,44
xlstm,electricity,USA|south carolina,US,True,holdout,last12,8,2025-08-01,9280.89,9451.937898694276,,,,0.8,471.6781884057971,44
xlstm,electricity,USA|south carolina,US,True,holdout,last12,9,2025-09-01,7915.84,7904.264410601556,,,,0.8,471.6781884057971,44
xlstm,electricity,USA|south carolina,US,True,holdout,last12,10,2025-10-01,8113.79,7671.445723044276,,,,0.8,471.6781884057971,44
xlstm,electricity,USA|south carolina,US,True,holdout,last12,11,2025-11-01,7605.26,7830.499717998206,,,,0.8,471.6781884057971,44
xlstm,electricity,USA|south carolina,US,True,holdout,last12,12,2025-12-01,9009.43,8619.183128316401,,,,0.8,471.6781884057971,44
xlstm,electricity,USA|south carolina,US,True,rolling,2022-12-01,1,2023-01-01,8488.34,8747.916524425744,,,,0.8,467.7655158730158,44
xlstm,electricity,USA|south carolina,US,True,rolling,2022-12-01,2,2023-02-01,7656.62,7550.070498692393,,,,0.8,467.7655158730158,44
xlstm,electricity,USA|south carolina,US,True,rolling,2022-12-01,3,2023-03-01,8519.54,7986.352991408109,,,,0.8,467.7655158730158,44
xlstm,electricity,USA|south carolina,US,True,rolling,2022-12-01,4,2023-04-01,7605.69,7925.495550503134,,,,0.8,467.7655158730158,44
xlstm,electricity,USA|south carolina,US,True,rolling,2022-12-01,5,2023-05-01,7685.56,8412.956856319903,,,,0.8,467.7655158730158,44
xlstm,electricity,USA|south carolina,US,True,rolling,2022-12-01,6,2023-06-01,8732.53,9358.0497090137,,,,0.8,467.7655158730158,44
xlstm,electricity,USA|south carolina,US,True,rolling,2022-12-01,7,2023-07-01,10074.23,9532.232009589075,,,,0.8,467.7655158730158,44
xlstm,electricity,USA|south carolina,US,True,rolling,2022-12-01,8,2023-08-01,10037.51,9415.861769344805,,,,0.8,467.7655158730158,44
xlstm,electricity,USA|south carolina,US,True,rolling,2022-12-01,9,2023-09-01,8631.46,7679.464160997867,,,,0.8,467.7655158730158,44
xlstm,electricity,USA|south carolina,US,True,rolling,2022-12-01,10,2023-10-01,8509.51,7471.080017804503,,,,0.8,467.7655158730158,44
xlstm,electricity,USA|south carolina,US,True,rolling,2022-12-01,11,2023-11-01,7724.95,7502.521137481331,,,,0.8,467.7655158730158,44
xlstm,electricity,USA|south carolina,US,True,rolling,2022-12-01,12,2023-12-01,8713.17,8176.2209738838665,,,,0.8,467.7655158730158,44
xlstm,electricity,USA|south carolina,US,True,rolling,2023-12-01,1,2024-01-01,9175.77,8353.757324784696,,,,0.8,473.01814393939384,44
xlstm,electricity,USA|south carolina,US,True,rolling,2023-12-01,2,2024-02-01,8055.26,7832.389699801802,,,,0.8,473.01814393939384,44
xlstm,electricity,USA|south carolina,US,True,rolling,2023-12-01,3,2024-03-01,7783.64,8143.791735393404,,,,0.8,473.01814393939384,44
xlstm,electricity,USA|south carolina,US,True,rolling,2023-12-01,4,2024-04-01,7640.14,7626.108025542198,,,,0.8,473.01814393939384,44
xlstm,electricity,USA|south carolina,US,True,rolling,2023-12-01,5,2024-05-01,8501.21,7854.314776524305,,,,0.8,473.01814393939384,44
xlstm,electricity,USA|south carolina,US,True,rolling,2023-12-01,6,2024-06-01,8784.15,8767.5463645339,,,,0.8,473.01814393939384,44
xlstm,electricity,USA|south carolina,US,True,rolling,2023-12-01,7,2024-07-01,9904.33,9553.445844667553,,,,0.8,473.01814393939384,44
xlstm,electricity,USA|south carolina,US,True,rolling,2023-12-01,8,2024-08-01,9689.74,9640.236105666756,,,,0.8,473.01814393939384,44
xlstm,electricity,USA|south carolina,US,True,rolling,2023-12-01,9,2024-09-01,8401.96,8712.189979332088,,,,0.8,473.01814393939384,44
xlstm,electricity,USA|south carolina,US,True,rolling,2023-12-01,10,2024-10-01,7269.24,8372.762849802077,,,,0.8,473.01814393939384,44
xlstm,electricity,USA|south carolina,US,True,rolling,2023-12-01,11,2024-11-01,7160.2,8022.019975715279,,,,0.8,473.01814393939384,44
xlstm,electricity,USA|south carolina,US,True,rolling,2023-12-01,12,2024-12-01,8743.68,8758.77322165966,,,,0.8,473.01814393939384,44
xlstm,electricity,USA|south carolina,US,True,rolling,2024-12-01,1,2025-01-01,9582.06,8577.19492017865,,,,0.8,471.6781884057971,44
xlstm,electricity,USA|south carolina,US,True,rolling,2024-12-01,2,2025-02-01,8165.53,7780.022488035261,,,,0.8,471.6781884057971,44
xlstm,electricity,USA|south carolina,US,True,rolling,2024-12-01,3,2025-03-01,8665.02,7764.642524676322,,,,0.8,471.6781884057971,44
xlstm,electricity,USA|south carolina,US,True,rolling,2024-12-01,4,2025-04-01,8502.12,7892.682922986149,,,,0.8,471.6781884057971,44
xlstm,electricity,USA|south carolina,US,True,rolling,2024-12-01,5,2025-05-01,8446.48,8433.944789676665,,,,0.8,471.6781884057971,44
xlstm,electricity,USA|south carolina,US,True,rolling,2024-12-01,6,2025-06-01,9464.23,8981.475831582546,,,,0.8,471.6781884057971,44
xlstm,electricity,USA|south carolina,US,True,rolling,2024-12-01,7,2025-07-01,10295.9,9529.665798225402,,,,0.8,471.6781884057971,44
xlstm,electricity,USA|south carolina,US,True,rolling,2024-12-01,8,2025-08-01,9280.89,9451.937898694276,,,,0.8,471.6781884057971,44
xlstm,electricity,USA|south carolina,US,True,rolling,2024-12-01,9,2025-09-01,7915.84,7904.264410601556,,,,0.8,471.6781884057971,44
xlstm,electricity,USA|south carolina,US,True,rolling,2024-12-01,10,2025-10-01,8113.79,7671.445723044276,,,,0.8,471.6781884057971,44
xlstm,electricity,USA|south carolina,US,True,rolling,2024-12-01,11,2025-11-01,7605.26,7830.499717998206,,,,0.8,471.6781884057971,44
xlstm,electricity,USA|south carolina,US,True,rolling,2024-12-01,12,2025-12-01,9009.43,8619.183128316401,,,,0.8,471.6781884057971,44
xlstm,electricity,USA|south dakota,US,False,holdout,last12,1,2025-01-01,2167.09,1616.2915162563322,,,,0.8,151.75184782608696,44
xlstm,electricity,USA|south dakota,US,False,holdout,last12,2,2025-02-01,1738.11,1559.7930573344229,,,,0.8,151.75184782608696,44
xlstm,electricity,USA|south dakota,US,False,holdout,last12,3,2025-03-01,1943.44,1514.9561354279517,,,,0.8,151.75184782608696,44
xlstm,electricity,USA|south dakota,US,False,holdout,last12,4,2025-04-01,1908.17,1476.2460237145422,,,,0.8,151.75184782608696,44
xlstm,electricity,USA|south dakota,US,False,holdout,last12,5,2025-05-01,1665.96,1447.689562499523,,,,0.8,151.75184782608696,44
xlstm,electricity,USA|south dakota,US,False,holdout,last12,6,2025-06-01,1727.86,1441.317363011837,,,,0.8,151.75184782608696,44
xlstm,electricity,USA|south dakota,US,False,holdout,last12,7,2025-07-01,1798.34,1434.859505033493,,,,0.8,151.75184782608696,44
xlstm,electricity,USA|south dakota,US,False,holdout,last12,8,2025-08-01,1695.56,1430.1238283395767,,,,0.8,151.75184782608696,44
xlstm,electricity,USA|south dakota,US,False,holdout,last12,9,2025-09-01,1533.46,1426.1410551190374,,,,0.8,151.75184782608696,44
xlstm,electricity,USA|south dakota,US,False,holdout,last12,10,2025-10-01,1890.78,1429.6921689629553,,,,0.8,151.75184782608696,44
xlstm,electricity,USA|south dakota,US,False,holdout,last12,11,2025-11-01,1783.65,1428.4258096814153,,,,0.8,151.75184782608696,44
xlstm,electricity,USA|south dakota,US,False,holdout,last12,12,2025-12-01,2120.1,1420.9338111042975,,,,0.8,151.75184782608696,44
xlstm,electricity,USA|south dakota,US,False,rolling,2022-12-01,1,2023-01-01,1196.91,1415.2172575414181,,,,0.8,144.64654761904762,44
xlstm,electricity,USA|south dakota,US,False,rolling,2022-12-01,2,2023-02-01,1429.15,1416.8335728883744,,,,0.8,144.64654761904762,44
xlstm,electricity,USA|south dakota,US,False,rolling,2022-12-01,3,2023-03-01,1485.29,1423.458168603182,,,,0.8,144.64654761904762,44
xlstm,electricity,USA|south dakota,US,False,rolling,2022-12-01,4,2023-04-01,1423.26,1416.0289988589288,,,,0.8,144.64654761904762,44
xlstm,electricity,USA|south dakota,US,False,rolling,2022-12-01,5,2023-05-01,1658.57,1413.6661828935148,,,,0.8,144.64654761904762,44
xlstm,electricity,USA|south dakota,US,False,rolling,2022-12-01,6,2023-06-01,1273.7,1425.8068337690831,,,,0.8,144.64654761904762,44
xlstm,electricity,USA|south dakota,US,False,rolling,2022-12-01,7,2023-07-01,1395.62,1424.0719825041294,,,,0.8,144.64654761904762,44
xlstm,electricity,USA|south dakota,US,False,rolling,2022-12-01,8,2023-08-01,1485.98,1411.2414342081547,,,,0.8,144.64654761904762,44
xlstm,electricity,USA|south dakota,US,False,rolling,2022-12-01,9,2023-09-01,1208.48,1398.1168433248997,,,,0.8,144.64654761904762,44
xlstm,electricity,USA|south dakota,US,False,rolling,2022-12-01,10,2023-10-01,1353.23,1390.894422274828,,,,0.8,144.64654761904762,44
xlstm,electricity,USA|south dakota,US,False,rolling,2022-12-01,11,2023-11-01,1479.24,1393.4715217757225,,,,0.8,144.64654761904762,44
xlstm,electricity,USA|south dakota,US,False,rolling,2022-12-01,12,2023-12-01,1542.12,1390.7830536448957,,,,0.8,144.64654761904762,44
xlstm,electricity,USA|south dakota,US,False,rolling,2023-12-01,1,2024-01-01,1588.88,1414.5271763443948,,,,0.8,147.3556818181818,44
xlstm,electricity,USA|south dakota,US,False,rolling,2023-12-01,2,2024-02-01,1556.28,1432.8864603877068,,,,0.8,147.3556818181818,44
xlstm,electricity,USA|south dakota,US,False,rolling,2023-12-01,3,2024-03-01,1755.31,1433.6483982419968,,,,0.8,147.3556818181818,44
xlstm,electricity,USA|south dakota,US,False,rolling,2023-12-01,4,2024-04-01,1730.16,1429.9458507382872,,,,0.8,147.3556818181818,44
xlstm,electricity,USA|south dakota,US,False,rolling,2023-12-01,5,2024-05-01,1432.3,1430.216737471819,,,,0.8,147.3556818181818,44
xlstm,electricity,USA|south dakota,US,False,rolling,2023-12-01,6,2024-06-01,1633.44,1411.960552110672,,,,0.8,147.3556818181818,44
xlstm,electricity,USA|south dakota,US,False,rolling,2023-12-01,7,2024-07-01,1629.63,1423.0676432919504,,,,0.8,147.3556818181818,44
xlstm,electricity,USA|south dakota,US,False,rolling,2023-12-01,8,2024-08-01,1598.85,1424.7431347095967,,,,0.8,147.3556818181818,44
xlstm,electricity,USA|south dakota,US,False,rolling,2023-12-01,9,2024-09-01,1426.51,1419.8081812119485,,,,0.8,147.3556818181818,44
xlstm,electricity,USA|south dakota,US,False,rolling,2023-12-01,10,2024-10-01,1578.25,1436.2289894986154,,,,0.8,147.3556818181818,44
xlstm,electricity,USA|south dakota,US,False,rolling,2023-12-01,11,2024-11-01,1677.96,1442.0541569292545,,,,0.8,147.3556818181818,44
xlstm,electricity,USA|south dakota,US,False,rolling,2023-12-01,12,2024-12-01,1853.05,1438.9411648130417,,,,0.8,147.3556818181818,44
xlstm,electricity,USA|south dakota,US,False,rolling,2024-12-01,1,2025-01-01,2167.09,1616.2915162563322,,,,0.8,151.75184782608696,44
xlstm,electricity,USA|south dakota,US,False,rolling,2024-12-01,2,2025-02-01,1738.11,1559.7930573344229,,,,0.8,151.75184782608696,44
xlstm,electricity,USA|south dakota,US,False,rolling,2024-12-01,3,2025-03-01,1943.44,1514.9561354279517,,,,0.8,151.75184782608696,44
xlstm,electricity,USA|south dakota,US,False,rolling,2024-12-01,4,2025-04-01,1908.17,1476.2460237145422,,,,0.8,151.75184782608696,44
xlstm,electricity,USA|south dakota,US,False,rolling,2024-12-01,5,2025-05-01,1665.96,1447.689562499523,,,,0.8,151.75184782608696,44
xlstm,electricity,USA|south dakota,US,False,rolling,2024-12-01,6,2025-06-01,1727.86,1441.317363011837,,,,0.8,151.75184782608696,44
xlstm,electricity,USA|south dakota,US,False,rolling,2024-12-01,7,2025-07-01,1798.34,1434.859505033493,,,,0.8,151.75184782608696,44
xlstm,electricity,USA|south dakota,US,False,rolling,2024-12-01,8,2025-08-01,1695.56,1430.1238283395767,,,,0.8,151.75184782608696,44
xlstm,electricity,USA|south dakota,US,False,rolling,2024-12-01,9,2025-09-01,1533.46,1426.1410551190374,,,,0.8,151.75184782608696,44
xlstm,electricity,USA|south dakota,US,False,rolling,2024-12-01,10,2025-10-01,1890.78,1429.6921689629553,,,,0.8,151.75184782608696,44
xlstm,electricity,USA|south dakota,US,False,rolling,2024-12-01,11,2025-11-01,1783.65,1428.4258096814153,,,,0.8,151.75184782608696,44
xlstm,electricity,USA|south dakota,US,False,rolling,2024-12-01,12,2025-12-01,2120.1,1420.9338111042975,,,,0.8,151.75184782608696,44
xlstm,electricity,USA|tennessee,US,True,holdout,last12,1,2025-01-01,7018.39,7511.734174299836,,,,0.8,580.4349275362318,44
xlstm,electricity,USA|tennessee,US,True,holdout,last12,2,2025-02-01,5105.17,6810.137010519803,,,,0.8,580.4349275362318,44
xlstm,electricity,USA|tennessee,US,True,holdout,last12,3,2025-03-01,5249.45,6207.5641695055365,,,,0.8,580.4349275362318,44
xlstm,electricity,USA|tennessee,US,True,holdout,last12,4,2025-04-01,4574.9,5793.593216939568,,,,0.8,580.4349275362318,44
xlstm,electricity,USA|tennessee,US,True,holdout,last12,5,2025-05-01,5866.96,6191.737616019249,,,,0.8,580.4349275362318,44
xlstm,electricity,USA|tennessee,US,True,holdout,last12,6,2025-06-01,6767.27,7323.260907580852,,,,0.8,580.4349275362318,44
xlstm,electricity,USA|tennessee,US,True,holdout,last12,7,2025-07-01,8395.33,7338.572841959,,,,0.8,580.4349275362318,44
xlstm,electricity,USA|tennessee,US,True,holdout,last12,8,2025-08-01,7477.8,6861.813334946334,,,,0.8,580.4349275362318,44
xlstm,electricity,USA|tennessee,US,True,holdout,last12,9,2025-09-01,6838.69,6158.365234420299,,,,0.8,580.4349275362318,44
xlstm,electricity,USA|tennessee,US,True,holdout,last12,10,2025-10-01,5207.32,5763.752975738645,,,,0.8,580.4349275362318,44
xlstm,electricity,USA|tennessee,US,True,holdout,last12,11,2025-11-01,5038.31,5770.06647841379,,,,0.8,580.4349275362318,44
xlstm,electricity,USA|tennessee,US,True,holdout,last12,12,2025-12-01,7334.73,6395.770278449654,,,,0.8,580.4349275362318,44
xlstm,electricity,USA|tennessee,US,True,rolling,2022-12-01,1,2023-01-01,7053.2,7317.98935926199,,,,0.8,577.5184523809523,44
xlstm,electricity,USA|tennessee,US,True,rolling,2022-12-01,2,2023-02-01,6205.47,6264.185405665935,,,,0.8,577.5184523809523,44
xlstm,electricity,USA|tennessee,US,True,rolling,2022-12-01,3,2023-03-01,5873.11,6053.3488770195845,,,,0.8,577.5184523809523,44
xlstm,electricity,USA|tennessee,US,True,rolling,2022-12-01,4,2023-04-01,5685.52,5881.375486142636,,,,0.8,577.5184523809523,44
xlstm,electricity,USA|tennessee,US,True,rolling,2022-12-01,5,2023-05-01,6564.72,6696.3739021825795,,,,0.8,577.5184523809523,44
xlstm,electricity,USA|tennessee,US,True,rolling,2022-12-01,6,2023-06-01,6619.69,7205.5743840932855,,,,0.8,577.5184523809523,44
xlstm,electricity,USA|tennessee,US,True,rolling,2022-12-01,7,2023-07-01,8078.39,7676.344051465989,,,,0.8,577.5184523809523,44
xlstm,electricity,USA|tennessee,US,True,rolling,2022-12-01,8,2023-08-01,7753.73,7029.206813548803,,,,0.8,577.5184523809523,44
xlstm,electricity,USA|tennessee,US,True,rolling,2022-12-01,9,2023-09-01,6924.26,6250.679112409652,,,,0.8,577.5184523809523,44
xlstm,electricity,USA|tennessee,US,True,rolling,2022-12-01,10,2023-10-01,6229.94,5939.90588120699,,,,0.8,577.5184523809523,44
xlstm,electricity,USA|tennessee,US,True,rolling,2022-12-01,11,2023-11-01,5355.26,5925.609924378991,,,,0.8,577.5184523809523,44
xlstm,electricity,USA|tennessee,US,True,rolling,2022-12-01,12,2023-12-01,7096.2,6526.001708458961,,,,0.8,577.5184523809523,44
xlstm,electricity,USA|tennessee,US,True,rolling,2023-12-01,1,2024-01-01,8044.74,6463.346863849163,,,,0.8,571.5232196969697,44
xlstm,electricity,USA|tennessee,US,True,rolling,2023-12-01,2,2024-02-01,6935.73,5960.983233425915,,,,0.8,571.5232196969697,44
xlstm,electricity,USA|tennessee,US,True,rolling,2023-12-01,3,2024-03-01,6448.74,5838.0284756293895,,,,0.8,571.5232196969697,44
xlstm,electricity,USA|tennessee,US,True,rolling,2023-12-01,4,2024-04-01,4954.24,5801.666199527681,,,,0.8,571.5232196969697,44
xlstm,electricity,USA|tennessee,US,True,rolling,2023-12-01,5,2024-05-01,6056.89,6034.717320907713,,,,0.8,571.5232196969697,44
xlstm,electricity,USA|tennessee,US,True,rolling,2023-12-01,6,2024-06-01,7276.88,6253.526379412711,,,,0.8,571.5232196969697,44
xlstm,electricity,USA|tennessee,US,True,rolling,2023-12-01,7,2024-07-01,7392.02,7415.031019257904,,,,0.8,571.5232196969697,44
xlstm,electricity,USA|tennessee,US,True,rolling,2023-12-01,8,2024-08-01,6919.39,7227.91225598991,,,,0.8,571.5232196969697,44
xlstm,electricity,USA|tennessee,US,True,rolling,2023-12-01,9,2024-09-01,6225.02,6299.783923743367,,,,0.8,571.5232196969697,44
xlstm,electricity,USA|tennessee,US,True,rolling,2023-12-01,10,2024-10-01,4830.61,5892.110536715984,,,,0.8,571.5232196969697,44
xlstm,electricity,USA|tennessee,US,True,rolling,2023-12-01,11,2024-11-01,4730.36,5755.55107061863,,,,0.8,571.5232196969697,44
xlstm,electricity,USA|tennessee,US,True,rolling,2023-12-01,12,2024-12-01,6216.2,6519.820696911216,,,,0.8,571.5232196969697,44
xlstm,electricity,USA|tennessee,US,True,rolling,2024-12-01,1,2025-01-01,7018.39,7511.734174299836,,,,0.8,580.4349275362318,44
xlstm,electricity,USA|tennessee,US,True,rolling,2024-12-01,2,2025-02-01,5105.17,6810.137010519803,,,,0.8,580.4349275362318,44
xlstm,electricity,USA|tennessee,US,True,rolling,2024-12-01,3,2025-03-01,5249.45,6207.5641695055365,,,,0.8,580.4349275362318,44
xlstm,electricity,USA|tennessee,US,True,rolling,2024-12-01,4,2025-04-01,4574.9,5793.593216939568,,,,0.8,580.4349275362318,44
xlstm,electricity,USA|tennessee,US,True,rolling,2024-12-01,5,2025-05-01,5866.96,6191.737616019249,,,,0.8,580.4349275362318,44
xlstm,electricity,USA|tennessee,US,True,rolling,2024-12-01,6,2025-06-01,6767.27,7323.260907580852,,,,0.8,580.4349275362318,44
xlstm,electricity,USA|tennessee,US,True,rolling,2024-12-01,7,2025-07-01,8395.33,7338.572841959,,,,0.8,580.4349275362318,44
xlstm,electricity,USA|tennessee,US,True,rolling,2024-12-01,8,2025-08-01,7477.8,6861.813334946334,,,,0.8,580.4349275362318,44
xlstm,electricity,USA|tennessee,US,True,rolling,2024-12-01,9,2025-09-01,6838.69,6158.365234420299,,,,0.8,580.4349275362318,44
xlstm,electricity,USA|tennessee,US,True,rolling,2024-12-01,10,2025-10-01,5207.32,5763.752975738645,,,,0.8,580.4349275362318,44
xlstm,electricity,USA|tennessee,US,True,rolling,2024-12-01,11,2025-11-01,5038.31,5770.06647841379,,,,0.8,580.4349275362318,44
xlstm,electricity,USA|tennessee,US,True,rolling,2024-12-01,12,2025-12-01,7334.73,6395.770278449654,,,,0.8,580.4349275362318,44
xlstm,electricity,USA|texas,US,True,holdout,last12,1,2025-01-01,50664.45,50620.7163128388,,,,0.8,1617.7998188405797,44
xlstm,electricity,USA|texas,US,True,holdout,last12,2,2025-02-01,43505.62,40834.22873750627,,,,0.8,1617.7998188405797,44
xlstm,electricity,USA|texas,US,True,holdout,last12,3,2025-03-01,43638.58,42235.517754037384,,,,0.8,1617.7998188405797,44
xlstm,electricity,USA|texas,US,True,holdout,last12,4,2025-04-01,44170.61,43782.018217237,,,,0.8,1617.7998188405797,44
xlstm,electricity,USA|texas,US,True,holdout,last12,5,2025-05-01,49854.94,50394.97456267715,,,,0.8,1617.7998188405797,44
xlstm,electricity,USA|texas,US,True,holdout,last12,6,2025-06-01,54264.88,55604.96208173156,,,,0.8,1617.7998188405797,44
xlstm,electricity,USA|texas,US,True,holdout,last12,7,2025-07-01,58395.03,57401.783089669945,,,,0.8,1617.7998188405797,44
xlstm,electricity,USA|texas,US,True,holdout,last12,8,2025-08-01,58608.03,58797.67022803784,,,,0.8,1617.7998188405797,44
xlstm,electricity,USA|texas,US,True,holdout,last12,9,2025-09-01,52444.81,54692.39616762996,,,,0.8,1617.7998188405797,44
xlstm,electricity,USA|texas,US,True,holdout,last12,10,2025-10-01,49386.31,52147.90145205498,,,,0.8,1617.7998188405797,44
xlstm,electricity,USA|texas,US,True,holdout,last12,11,2025-11-01,43851.65,46915.79859401346,,,,0.8,1617.7998188405797,44
xlstm,electricity,USA|texas,US,True,holdout,last12,12,2025-12-01,46513.29,50346.73902682782,,,,0.8,1617.7998188405797,44
xlstm,electricity,USA|texas,US,True,rolling,2022-12-01,1,2023-01-01,41647.83,44178.379310419565,,,,0.8,1577.8481746031746,44
xlstm,electricity,USA|texas,US,True,rolling,2022-12-01,2,2023-02-01,38434.29,39490.00633335174,,,,0.8,1577.8481746031746,44
xlstm,electricity,USA|texas,US,True,rolling,2022-12-01,3,2023-03-01,40700.99,39164.20468770206,,,,0.8,1577.8481746031746,44
xlstm,electricity,USA|texas,US,True,rolling,2022-12-01,4,2023-04-01,38448.71,43249.51290922761,,,,0.8,1577.8481746031746,44
xlstm,electricity,USA|texas,US,True,rolling,2022-12-01,5,2023-05-01,44224.67,51057.019627474554,,,,0.8,1577.8481746031746,44
xlstm,electricity,USA|texas,US,True,rolling,2022-12-01,6,2023-06-01,50927.95,53476.296788018946,,,,0.8,1577.8481746031746,44
xlstm,electricity,USA|texas,US,True,rolling,2022-12-01,7,2023-07-01,56338.89,55169.79941161275,,,,0.8,1577.8481746031746,44
xlstm,electricity,USA|texas,US,True,rolling,2022-12-01,8,2023-08-01,58842.88,54445.56951094568,,,,0.8,1577.8481746031746,44
xlstm,electricity,USA|texas,US,True,rolling,2022-12-01,9,2023-09-01,50652.24,50433.77593010068,,,,0.8,1577.8481746031746,44
xlstm,electricity,USA|texas,US,True,rolling,2022-12-01,10,2023-10-01,43159.78,45145.348533940916,,,,0.8,1577.8481746031746,44
xlstm,electricity,USA|texas,US,True,rolling,2022-12-01,11,2023-11-01,39535.38,46867.25918953181,,,,0.8,1577.8481746031746,44
xlstm,electricity,USA|texas,US,True,rolling,2022-12-01,12,2023-12-01,42058.82,50262.79671333313,,,,0.8,1577.8481746031746,44
xlstm,electricity,USA|texas,US,True,rolling,2023-12-01,1,2024-01-01,47455.37,42314.52057315827,,,,0.8,1593.7123106060603,44
xlstm,electricity,USA|texas,US,True,rolling,2023-12-01,2,2024-02-01,38846.03,39732.61103703499,,,,0.8,1593.7123106060603,44
xlstm,electricity,USA|texas,US,True,rolling,2023-12-01,3,2024-03-01,40559.25,40157.6913260746,,,,0.8,1593.7123106060603,44
xlstm,electricity,USA|texas,US,True,rolling,2023-12-01,4,2024-04-01,41254.23,39465.748993873596,,,,0.8,1593.7123106060603,44
xlstm,electricity,USA|texas,US,True,rolling,2023-12-01,5,2024-05-01,47524.99,43452.7936378479,,,,0.8,1593.7123106060603,44
xlstm,electricity,USA|texas,US,True,rolling,2023-12-01,6,2024-06-01,52863.44,51070.86781789779,,,,0.8,1593.7123106060603,44
xlstm,electricity,USA|texas,US,True,rolling,2023-12-01,7,2024-07-01,54763.39,56150.8377567482,,,,0.8,1593.7123106060603,44
xlstm,electricity,USA|texas,US,True,rolling,2023-12-01,8,2024-08-01,58970.14,57353.827314529415,,,,0.8,1593.7123106060603,44
xlstm,electricity,USA|texas,US,True,rolling,2023-12-01,9,2024-09-01,50555.63,53143.6485505867,,,,0.8,1593.7123106060603,44
xlstm,electricity,USA|texas,US,True,rolling,2023-12-01,10,2024-10-01,48072.26,45593.149649887084,,,,0.8,1593.7123106060603,44
xlstm,electricity,USA|texas,US,True,rolling,2023-12-01,11,2024-11-01,42274.68,42657.64039258957,,,,0.8,1593.7123106060603,44
xlstm,electricity,USA|texas,US,True,rolling,2023-12-01,12,2024-12-01,43978.02,44744.51269973755,,,,0.8,1593.7123106060603,44
xlstm,electricity,USA|texas,US,True,rolling,2024-12-01,1,2025-01-01,50664.45,50620.7163128388,,,,0.8,1617.7998188405797,44
xlstm,electricity,USA|texas,US,True,rolling,2024-12-01,2,2025-02-01,43505.62,40834.22873750627,,,,0.8,1617.7998188405797,44
xlstm,electricity,USA|texas,US,True,rolling,2024-12-01,3,2025-03-01,43638.58,42235.517754037384,,,,0.8,1617.7998188405797,44
xlstm,electricity,USA|texas,US,True,rolling,2024-12-01,4,2025-04-01,44170.61,43782.018217237,,,,0.8,1617.7998188405797,44
xlstm,electricity,USA|texas,US,True,rolling,2024-12-01,5,2025-05-01,49854.94,50394.97456267715,,,,0.8,1617.7998188405797,44
xlstm,electricity,USA|texas,US,True,rolling,2024-12-01,6,2025-06-01,54264.88,55604.96208173156,,,,0.8,1617.7998188405797,44
xlstm,electricity,USA|texas,US,True,rolling,2024-12-01,7,2025-07-01,58395.03,57401.783089669945,,,,0.8,1617.7998188405797,44
xlstm,electricity,USA|texas,US,True,rolling,2024-12-01,8,2025-08-01,58608.03,58797.67022803784,,,,0.8,1617.7998188405797,44
xlstm,electricity,USA|texas,US,True,rolling,2024-12-01,9,2025-09-01,52444.81,54692.39616762996,,,,0.8,1617.7998188405797,44
xlstm,electricity,USA|texas,US,True,rolling,2024-12-01,10,2025-10-01,49386.31,52147.90145205498,,,,0.8,1617.7998188405797,44
xlstm,electricity,USA|texas,US,True,rolling,2024-12-01,11,2025-11-01,43851.65,46915.79859401346,,,,0.8,1617.7998188405797,44
xlstm,electricity,USA|texas,US,True,rolling,2024-12-01,12,2025-12-01,46513.29,50346.73902682782,,,,0.8,1617.7998188405797,44
xlstm,electricity,USA|utah,US,True,holdout,last12,1,2025-01-01,3715.99,3287.731174600124,,,,0.8,286.88612318840575,44
xlstm,electricity,USA|utah,US,True,holdout,last12,2,2025-02-01,3400.02,2973.0966020733117,,,,0.8,286.88612318840575,44
xlstm,electricity,USA|utah,US,True,holdout,last12,3,2025-03-01,3082.64,2630.798373234272,,,,0.8,286.88612318840575,44
xlstm,electricity,USA|utah,US,True,holdout,last12,4,2025-04-01,2293.93,2363.3029971521346,,,,0.8,286.88612318840575,44
xlstm,electricity,USA|utah,US,True,holdout,last12,5,2025-05-01,2613.36,2572.002676749229,,,,0.8,286.88612318840575,44
xlstm,electricity,USA|utah,US,True,holdout,last12,6,2025-06-01,3349.4,2968.331507514417,,,,0.8,286.88612318840575,44
xlstm,electricity,USA|utah,US,True,holdout,last12,7,2025-07-01,3619.2,3619.084728777408,,,,0.8,286.88612318840575,44
xlstm,electricity,USA|utah,US,True,holdout,last12,8,2025-08-01,3546.26,3758.0088791728017,,,,0.8,286.88612318840575,44
xlstm,electricity,USA|utah,US,True,holdout,last12,9,2025-09-01,3521.16,3624.6344694882628,,,,0.8,286.88612318840575,44
xlstm,electricity,USA|utah,US,True,holdout,last12,10,2025-10-01,3130.11,3404.237584429979,,,,0.8,286.88612318840575,44
xlstm,electricity,USA|utah,US,True,holdout,last12,11,2025-11-01,3248.99,3363.952056536078,,,,0.8,286.88612318840575,44
xlstm,electricity,USA|utah,US,True,holdout,last12,12,2025-12-01,2812.76,3428.1932997286317,,,,0.8,286.88612318840575,44
xlstm,electricity,USA|utah,US,True,rolling,2022-12-01,1,2023-01-01,3553.82,3291.7855384111404,,,,0.8,265.5421825396826,44
xlstm,electricity,USA|utah,US,True,rolling,2022-12-01,2,2023-02-01,2907.11,2918.8576863527296,,,,0.8,265.5421825396826,44
xlstm,electricity,USA|utah,US,True,rolling,2022-12-01,3,2023-03-01,2822.41,2651.990275803208,,,,0.8,265.5421825396826,44
xlstm,electricity,USA|utah,US,True,rolling,2022-12-01,4,2023-04-01,2304.74,2844.104425933957,,,,0.8,265.5421825396826,44
xlstm,electricity,USA|utah,US,True,rolling,2022-12-01,5,2023-05-01,2207.65,3150.64066055417,,,,0.8,265.5421825396826,44
xlstm,electricity,USA|utah,US,True,rolling,2022-12-01,6,2023-06-01,2373.58,3502.7019565612077,,,,0.8,265.5421825396826,44
xlstm,electricity,USA|utah,US,True,rolling,2022-12-01,7,2023-07-01,3834.3,3991.3005884796376,,,,0.8,265.5421825396826,44
xlstm,electricity,USA|utah,US,True,rolling,2022-12-01,8,2023-08-01,3727.85,4076.952660387754,,,,0.8,265.5421825396826,44
xlstm,electricity,USA|utah,US,True,rolling,2022-12-01,9,2023-09-01,3194.96,3947.5812596350906,,,,0.8,265.5421825396826,44
xlstm,electricity,USA|utah,US,True,rolling,2022-12-01,10,2023-10-01,2852.8,3545.8698883652683,,,,0.8,265.5421825396826,44
xlstm,electricity,USA|utah,US,True,rolling,2022-12-01,11,2023-11-01,2395.0,3486.6778984487055,,,,0.8,265.5421825396826,44
xlstm,electricity,USA|utah,US,True,rolling,2022-12-01,12,2023-12-01,2349.51,3580.8945096373554,,,,0.8,265.5421825396826,44
xlstm,electricity,USA|utah,US,True,rolling,2023-12-01,1,2024-01-01,2664.33,3177.381264862418,,,,0.8,278.2698106060607,44
xlstm,electricity,USA|utah,US,True,rolling,2023-12-01,2,2024-02-01,2340.89,2937.529340806603,,,,0.8,278.2698106060607,44
xlstm,electricity,USA|utah,US,True,rolling,2023-12-01,3,2024-03-01,2370.23,2673.307337336987,,,,0.8,278.2698106060607,44
xlstm,electricity,USA|utah,US,True,rolling,2023-12-01,4,2024-04-01,2178.21,2390.9093059457837,,,,0.8,278.2698106060607,44
xlstm,electricity,USA|utah,US,True,rolling,2023-12-01,5,2024-05-01,2432.52,2396.610142803937,,,,0.8,278.2698106060607,44
xlstm,electricity,USA|utah,US,True,rolling,2023-12-01,6,2024-06-01,2904.47,2893.828045539558,,,,0.8,278.2698106060607,44
xlstm,electricity,USA|utah,US,True,rolling,2023-12-01,7,2024-07-01,3684.63,3477.54192481935,,,,0.8,278.2698106060607,44
xlstm,electricity,USA|utah,US,True,rolling,2023-12-01,8,2024-08-01,3538.08,3348.551826623082,,,,0.8,278.2698106060607,44
xlstm,electricity,USA|utah,US,True,rolling,2023-12-01,9,2024-09-01,3414.01,3169.1733896702526,,,,0.8,278.2698106060607,44
xlstm,electricity,USA|utah,US,True,rolling,2023-12-01,10,2024-10-01,3537.64,2995.2002763837572,,,,0.8,278.2698106060607,44
xlstm,electricity,USA|utah,US,True,rolling,2023-12-01,11,2024-11-01,3095.19,2868.9604842871427,,,,0.8,278.2698106060607,44
xlstm,electricity,USA|utah,US,True,rolling,2023-12-01,12,2024-12-01,3333.15,3002.4347836643456,,,,0.8,278.2698106060607,44
xlstm,electricity,USA|utah,US,True,rolling,2024-12-01,1,2025-01-01,3715.99,3287.731174600124,,,,0.8,286.88612318840575,44
xlstm,electricity,USA|utah,US,True,rolling,2024-12-01,2,2025-02-01,3400.02,2973.0966020733117,,,,0.8,286.88612318840575,44
xlstm,electricity,USA|utah,US,True,rolling,2024-12-01,3,2025-03-01,3082.64,2630.798373234272,,,,0.8,286.88612318840575,44
xlstm,electricity,USA|utah,US,True,rolling,2024-12-01,4,2025-04-01,2293.93,2363.3029971521346,,,,0.8,286.88612318840575,44
xlstm,electricity,USA|utah,US,True,rolling,2024-12-01,5,2025-05-01,2613.36,2572.002676749229,,,,0.8,286.88612318840575,44
xlstm,electricity,USA|utah,US,True,rolling,2024-12-01,6,2025-06-01,3349.4,2968.331507514417,,,,0.8,286.88612318840575,44
xlstm,electricity,USA|utah,US,True,rolling,2024-12-01,7,2025-07-01,3619.2,3619.084728777408,,,,0.8,286.88612318840575,44
xlstm,electricity,USA|utah,US,True,rolling,2024-12-01,8,2025-08-01,3546.26,3758.0088791728017,,,,0.8,286.88612318840575,44
xlstm,electricity,USA|utah,US,True,rolling,2024-12-01,9,2025-09-01,3521.16,3624.6344694882628,,,,0.8,286.88612318840575,44
xlstm,electricity,USA|utah,US,True,rolling,2024-12-01,10,2025-10-01,3130.11,3404.237584429979,,,,0.8,286.88612318840575,44
xlstm,electricity,USA|utah,US,True,rolling,2024-12-01,11,2025-11-01,3248.99,3363.952056536078,,,,0.8,286.88612318840575,44
xlstm,electricity,USA|utah,US,True,rolling,2024-12-01,12,2025-12-01,2812.76,3428.1932997286317,,,,0.8,286.88612318840575,44
xlstm,electricity,USA|vermont,US,False,holdout,last12,1,2025-01-01,246.75,196.7849449932575,,,,0.8,78.75684782608695,44
xlstm,electricity,USA|vermont,US,False,holdout,last12,2,2025-02-01,208.26,192.05979870036245,,,,0.8,78.75684782608695,44
xlstm,electricity,USA|vermont,US,False,holdout,last12,3,2025-03-01,252.35,187.4220732405782,,,,0.8,78.75684782608695,44
xlstm,electricity,USA|vermont,US,False,holdout,last12,4,2025-04-01,211.33,184.51957499235868,,,,0.8,78.75684782608695,44
xlstm,electricity,USA|vermont,US,False,holdout,last12,5,2025-05-01,258.52,185.968292337656,,,,0.8,78.75684782608695,44
xlstm,electricity,USA|vermont,US,False,holdout,last12,6,2025-06-01,232.59,191.2239486798644,,,,0.8,78.75684782608695,44
xlstm,electricity,USA|vermont,US,False,holdout,last12,7,2025-07-01,220.2,196.57000441849232,,,,0.8,78.75684782608695,44
xlstm,electricity,USA|vermont,US,False,holdout,last12,8,2025-08-01,211.6,202.41106014698744,,,,0.8,78.75684782608695,44
xlstm,electricity,USA|vermont,US,False,holdout,last12,9,2025-09-01,188.93,206.46125468611717,,,,0.8,78.75684782608695,44
xlstm,electricity,USA|vermont,US,False,holdout,last12,10,2025-10-01,168.72,208.7146774493158,,,,0.8,78.75684782608695,44
xlstm,electricity,USA|vermont,US,False,holdout,last12,11,2025-11-01,174.42,209.06027456521988,,,,0.8,78.75684782608695,44
xlstm,electricity,USA|vermont,US,False,holdout,last12,12,2025-12-01,198.73,206.13705668598413,,,,0.8,78.75684782608695,44
xlstm,electricity,USA|vermont,US,False,rolling,2022-12-01,1,2023-01-01,207.56,218.79328986257318,,,,0.8,82.3268253968254,44
xlstm,electricity,USA|vermont,US,False,rolling,2022-12-01,2,2023-02-01,198.51,235.6203491151333,,,,0.8,82.3268253968254,44
xlstm,electricity,USA|vermont,US,False,rolling,2022-12-01,3,2023-03-01,221.31,242.69725245743993,,,,0.8,82.3268253968254,44
xlstm,electricity,USA|vermont,US,False,rolling,2022-12-01,4,2023-04-01,175.35,235.7552369245887,,,,0.8,82.3268253968254,44
xlstm,electricity,USA|vermont,US,False,rolling,2022-12-01,5,2023-05-01,180.76,211.95322462916377,,,,0.8,82.3268253968254,44
xlstm,electricity,USA|vermont,US,False,rolling,2022-12-01,6,2023-06-01,156.4,181.79362902358176,,,,0.8,82.3268253968254,44
xlstm,electricity,USA|vermont,US,False,rolling,2022-12-01,7,2023-07-01,218.76,157.18632544189694,,,,0.8,82.3268253968254,44
xlstm,electricity,USA|vermont,US,False,rolling,2022-12-01,8,2023-08-01,215.23,142.81086618267,,,,0.8,82.3268253968254,44
xlstm,electricity,USA|vermont,US,False,rolling,2022-12-01,9,2023-09-01,170.46,148.30737211272123,,,,0.8,82.3268253968254,44
xlstm,electricity,USA|vermont,US,False,rolling,2022-12-01,10,2023-10-01,63.35,167.15867351427676,,,,0.8,82.3268253968254,44
xlstm,electricity,USA|vermont,US,False,rolling,2022-12-01,11,2023-11-01,177.17,187.64472556769852,,,,0.8,82.3268253968254,44
xlstm,electricity,USA|vermont,US,False,rolling,2022-12-01,12,2023-12-01,183.12,206.41620429217818,,,,0.8,82.3268253968254,44
xlstm,electricity,USA|vermont,US,False,rolling,2023-12-01,1,2024-01-01,214.78,193.41726962029935,,,,0.8,80.74250000000002,44
xlstm,electricity,USA|vermont,US,False,rolling,2023-12-01,2,2024-02-01,208.83,205.57438746094704,,,,0.8,80.74250000000002,44
xlstm,electricity,USA|vermont,US,False,rolling,2023-12-01,3,2024-03-01,226.08,214.95652679502965,,,,0.8,80.74250000000002,44
xlstm,electricity,USA|vermont,US,False,rolling,2023-12-01,4,2024-04-01,208.81,218.35363409668207,,,,0.8,80.74250000000002,44
xlstm,electricity,USA|vermont,US,False,rolling,2023-12-01,5,2024-05-01,183.34,217.51563392579556,,,,0.8,80.74250000000002,44
xlstm,electricity,USA|vermont,US,False,rolling,2023-12-01,6,2024-06-01,222.59,209.2355164758861,,,,0.8,80.74250000000002,44
xlstm,electricity,USA|vermont,US,False,rolling,2023-12-01,7,2024-07-01,215.75,196.58061555027962,,,,0.8,80.74250000000002,44
xlstm,electricity,USA|vermont,US,False,rolling,2023-12-01,8,2024-08-01,233.48,177.84126373380423,,,,0.8,80.74250000000002,44
xlstm,electricity,USA|vermont,US,False,rolling,2023-12-01,9,2024-09-01,222.54,163.38844614699482,,,,0.8,80.74250000000002,44
xlstm,electricity,USA|vermont,US,False,rolling,2023-12-01,10,2024-10-01,204.02,161.32178861126303,,,,0.8,80.74250000000002,44
xlstm,electricity,USA|vermont,US,False,rolling,2023-12-01,11,2024-11-01,214.69,173.98240465521812,,,,0.8,80.74250000000002,44
xlstm,electricity,USA|vermont,US,False,rolling,2023-12-01,12,2024-12-01,227.92,183.03193154782056,,,,0.8,80.74250000000002,44
xlstm,electricity,USA|vermont,US,False,rolling,2024-12-01,1,2025-01-01,246.75,196.7849449932575,,,,0.8,78.75684782608695,44
xlstm,electricity,USA|vermont,US,False,rolling,2024-12-01,2,2025-02-01,208.26,192.05979870036245,,,,0.8,78.75684782608695,44
xlstm,electricity,USA|vermont,US,False,rolling,2024-12-01,3,2025-03-01,252.35,187.4220732405782,,,,0.8,78.75684782608695,44
xlstm,electricity,USA|vermont,US,False,rolling,2024-12-01,4,2025-04-01,211.33,184.51957499235868,,,,0.8,78.75684782608695,44
xlstm,electricity,USA|vermont,US,False,rolling,2024-12-01,5,2025-05-01,258.52,185.968292337656,,,,0.8,78.75684782608695,44
xlstm,electricity,USA|vermont,US,False,rolling,2024-12-01,6,2025-06-01,232.59,191.2239486798644,,,,0.8,78.75684782608695,44
xlstm,electricity,USA|vermont,US,False,rolling,2024-12-01,7,2025-07-01,220.2,196.57000441849232,,,,0.8,78.75684782608695,44
xlstm,electricity,USA|vermont,US,False,rolling,2024-12-01,8,2025-08-01,211.6,202.41106014698744,,,,0.8,78.75684782608695,44
xlstm,electricity,USA|vermont,US,False,rolling,2024-12-01,9,2025-09-01,188.93,206.46125468611717,,,,0.8,78.75684782608695,44
xlstm,electricity,USA|vermont,US,False,rolling,2024-12-01,10,2025-10-01,168.72,208.7146774493158,,,,0.8,78.75684782608695,44
xlstm,electricity,USA|vermont,US,False,rolling,2024-12-01,11,2025-11-01,174.42,209.06027456521988,,,,0.8,78.75684782608695,44
xlstm,electricity,USA|vermont,US,False,rolling,2024-12-01,12,2025-12-01,198.73,206.13705668598413,,,,0.8,78.75684782608695,44
xlstm,electricity,USA|virginia,US,True,holdout,last12,1,2025-01-01,9929.47,9618.75645646572,,,,0.8,583.1111956521739,44
xlstm,electricity,USA|virginia,US,True,holdout,last12,2,2025-02-01,8896.14,9314.263250594138,,,,0.8,583.1111956521739,44
xlstm,electricity,USA|virginia,US,True,holdout,last12,3,2025-03-01,8569.92,8307.589433550835,,,,0.8,583.1111956521739,44
xlstm,electricity,USA|virginia,US,True,holdout,last12,4,2025-04-01,7100.73,7116.784229248762,,,,0.8,583.1111956521739,44
xlstm,electricity,USA|virginia,US,True,holdout,last12,5,2025-05-01,7547.2,7718.303430914879,,,,0.8,583.1111956521739,44
xlstm,electricity,USA|virginia,US,True,holdout,last12,6,2025-06-01,10445.23,9785.223867197037,,,,0.8,583.1111956521739,44
xlstm,electricity,USA|virginia,US,True,holdout,last12,7,2025-07-01,11489.17,9921.819822058678,,,,0.8,583.1111956521739,44
xlstm,electricity,USA|virginia,US,True,holdout,last12,8,2025-08-01,10656.82,9843.740080599784,,,,0.8,583.1111956521739,44
xlstm,electricity,USA|virginia,US,True,holdout,last12,9,2025-09-01,8660.54,9283.707389469148,,,,0.8,583.1111956521739,44
xlstm,electricity,USA|virginia,US,True,holdout,last12,10,2025-10-01,6597.59,7866.925301558972,,,,0.8,583.1111956521739,44
xlstm,electricity,USA|virginia,US,True,holdout,last12,11,2025-11-01,7158.03,7685.131136450767,,,,0.8,583.1111956521739,44
xlstm,electricity,USA|virginia,US,True,holdout,last12,12,2025-12-01,9489.73,9239.973457727432,,,,0.8,583.1111956521739,44
xlstm,electricity,USA|virginia,US,True,rolling,2022-12-01,1,2023-01-01,8428.44,7717.902378153801,,,,0.8,576.9301587301587,44
xlstm,electricity,USA|virginia,US,True,rolling,2022-12-01,2,2023-02-01,7152.74,6945.295158429146,,,,0.8,576.9301587301587,44
xlstm,electricity,USA|virginia,US,True,rolling,2022-12-01,3,2023-03-01,7445.03,6669.699983627796,,,,0.8,576.9301587301587,44
xlstm,electricity,USA|virginia,US,True,rolling,2022-12-01,4,2023-04-01,5930.97,5613.997030615807,,,,0.8,576.9301587301587,44
xlstm,electricity,USA|virginia,US,True,rolling,2022-12-01,5,2023-05-01,6338.34,6994.9884290516375,,,,0.8,576.9301587301587,44
xlstm,electricity,USA|virginia,US,True,rolling,2022-12-01,6,2023-06-01,7994.03,8612.729990890026,,,,0.8,576.9301587301587,44
xlstm,electricity,USA|virginia,US,True,rolling,2022-12-01,7,2023-07-01,9898.1,9244.327931673526,,,,0.8,576.9301587301587,44
xlstm,electricity,USA|virginia,US,True,rolling,2022-12-01,8,2023-08-01,9988.2,8707.96214864254,,,,0.8,576.9301587301587,44
xlstm,electricity,USA|virginia,US,True,rolling,2022-12-01,9,2023-09-01,7621.49,6993.306623016596,,,,0.8,576.9301587301587,44
xlstm,electricity,USA|virginia,US,True,rolling,2022-12-01,10,2023-10-01,6550.1,6426.352066378594,,,,0.8,576.9301587301587,44
xlstm,electricity,USA|virginia,US,True,rolling,2022-12-01,11,2023-11-01,7040.95,7042.476563378573,,,,0.8,576.9301587301587,44
xlstm,electricity,USA|virginia,US,True,rolling,2022-12-01,12,2023-12-01,8173.99,8209.243885776998,,,,0.8,576.9301587301587,44
xlstm,electricity,USA|virginia,US,True,rolling,2023-12-01,1,2024-01-01,9600.62,7917.930494229794,,,,0.8,569.0838636363637,44
xlstm,electricity,USA|virginia,US,True,rolling,2023-12-01,2,2024-02-01,9053.71,7013.559569487572,,,,0.8,569.0838636363637,44
xlstm,electricity,USA|virginia,US,True,rolling,2023-12-01,3,2024-03-01,8293.9,6977.428421093226,,,,0.8,569.0838636363637,44
xlstm,electricity,USA|virginia,US,True,rolling,2023-12-01,4,2024-04-01,6456.16,5970.5556034135825,,,,0.8,569.0838636363637,44
xlstm,electricity,USA|virginia,US,True,rolling,2023-12-01,5,2024-05-01,6807.85,6612.853370306492,,,,0.8,569.0838636363637,44
xlstm,electricity,USA|virginia,US,True,rolling,2023-12-01,6,2024-06-01,9504.48,7949.502065064908,,,,0.8,569.0838636363637,44
xlstm,electricity,USA|virginia,US,True,rolling,2023-12-01,7,2024-07-01,10549.46,9301.92521114111,,,,0.8,569.0838636363637,44
xlstm,electricity,USA|virginia,US,True,rolling,2023-12-01,8,2024-08-01,10512.96,9139.276084251404,,,,0.8,569.0838636363637,44
xlstm,electricity,USA|virginia,US,True,rolling,2023-12-01,9,2024-09-01,9168.36,7111.094075237513,,,,0.8,569.0838636363637,44
xlstm,electricity,USA|virginia,US,True,rolling,2023-12-01,10,2024-10-01,7697.74,6635.188085756302,,,,0.8,569.0838636363637,44
xlstm,electricity,USA|virginia,US,True,rolling,2023-12-01,11,2024-11-01,6997.49,7063.490202314854,,,,0.8,569.0838636363637,44
xlstm,electricity,USA|virginia,US,True,rolling,2023-12-01,12,2024-12-01,8533.28,7768.127261648178,,,,0.8,569.0838636363637,44
xlstm,electricity,USA|virginia,US,True,rolling,2024-12-01,1,2025-01-01,9929.47,9618.75645646572,,,,0.8,583.1111956521739,44
xlstm,electricity,USA|virginia,US,True,rolling,2024-12-01,2,2025-02-01,8896.14,9314.263250594138,,,,0.8,583.1111956521739,44
xlstm,electricity,USA|virginia,US,True,rolling,2024-12-01,3,2025-03-01,8569.92,8307.589433550835,,,,0.8,583.1111956521739,44
xlstm,electricity,USA|virginia,US,True,rolling,2024-12-01,4,2025-04-01,7100.73,7116.784229248762,,,,0.8,583.1111956521739,44
xlstm,electricity,USA|virginia,US,True,rolling,2024-12-01,5,2025-05-01,7547.2,7718.303430914879,,,,0.8,583.1111956521739,44
xlstm,electricity,USA|virginia,US,True,rolling,2024-12-01,6,2025-06-01,10445.23,9785.223867197037,,,,0.8,583.1111956521739,44
xlstm,electricity,USA|virginia,US,True,rolling,2024-12-01,7,2025-07-01,11489.17,9921.819822058678,,,,0.8,583.1111956521739,44
xlstm,electricity,USA|virginia,US,True,rolling,2024-12-01,8,2025-08-01,10656.82,9843.740080599784,,,,0.8,583.1111956521739,44
xlstm,electricity,USA|virginia,US,True,rolling,2024-12-01,9,2025-09-01,8660.54,9283.707389469148,,,,0.8,583.1111956521739,44
xlstm,electricity,USA|virginia,US,True,rolling,2024-12-01,10,2025-10-01,6597.59,7866.925301558972,,,,0.8,583.1111956521739,44
xlstm,electricity,USA|virginia,US,True,rolling,2024-12-01,11,2025-11-01,7158.03,7685.131136450767,,,,0.8,583.1111956521739,44
xlstm,electricity,USA|virginia,US,True,rolling,2024-12-01,12,2025-12-01,9489.73,9239.973457727432,,,,0.8,583.1111956521739,44
xlstm,electricity,USA|washington,US,True,holdout,last12,1,2025-01-01,9805.14,8461.455592737198,,,,0.8,821.3428985507245,44
xlstm,electricity,USA|washington,US,True,holdout,last12,2,2025-02-01,7949.51,8375.915719590186,,,,0.8,821.3428985507245,44
xlstm,electricity,USA|washington,US,True,holdout,last12,3,2025-03-01,8717.34,8431.485149228572,,,,0.8,821.3428985507245,44
xlstm,electricity,USA|washington,US,True,holdout,last12,4,2025-04-01,8342.76,8369.12680982113,,,,0.8,821.3428985507245,44
xlstm,electricity,USA|washington,US,True,holdout,last12,5,2025-05-01,8050.98,8533.452351284028,,,,0.8,821.3428985507245,44
xlstm,electricity,USA|washington,US,True,holdout,last12,6,2025-06-01,8695.6,8850.122821702957,,,,0.8,821.3428985507245,44
xlstm,electricity,USA|washington,US,True,holdout,last12,7,2025-07-01,9024.78,8881.323340792656,,,,0.8,821.3428985507245,44
xlstm,electricity,USA|washington,US,True,holdout,last12,8,2025-08-01,8891.26,8433.51499815464,,,,0.8,821.3428985507245,44
xlstm,electricity,USA|washington,US,True,holdout,last12,9,2025-09-01,7196.44,8287.726182923318,,,,0.8,821.3428985507245,44
xlstm,electricity,USA|washington,US,True,holdout,last12,10,2025-10-01,8024.05,8386.945260820388,,,,0.8,821.3428985507245,44
xlstm,electricity,USA|washington,US,True,holdout,last12,11,2025-11-01,7990.22,8640.03121568203,,,,0.8,821.3428985507245,44
xlstm,electricity,USA|washington,US,True,holdout,last12,12,2025-12-01,10654.71,8662.433448090553,,,,0.8,821.3428985507245,44
xlstm,electricity,USA|washington,US,True,rolling,2022-12-01,1,2023-01-01,9153.2,9863.882914571763,,,,0.8,804.2140476190475,44
xlstm,electricity,USA|washington,US,True,rolling,2022-12-01,2,2023-02-01,8364.27,9856.615154647827,,,,0.8,804.2140476190475,44
xlstm,electricity,USA|washington,US,True,rolling,2022-12-01,3,2023-03-01,8531.02,9837.152703442573,,,,0.8,804.2140476190475,44
xlstm,electricity,USA|washington,US,True,rolling,2022-12-01,4,2023-04-01,7090.11,9303.668007564545,,,,0.8,804.2140476190475,44
xlstm,electricity,USA|washington,US,True,rolling,2022-12-01,5,2023-05-01,10083.51,9876.787302336692,,,,0.8,804.2140476190475,44
xlstm,electricity,USA|washington,US,True,rolling,2022-12-01,6,2023-06-01,7912.94,9870.405883131027,,,,0.8,804.2140476190475,44
xlstm,electricity,USA|washington,US,True,rolling,2022-12-01,7,2023-07-01,9249.04,9875.604214901923,,,,0.8,804.2140476190475,44
xlstm,electricity,USA|washington,US,True,rolling,2022-12-01,8,2023-08-01,9463.81,9830.483896155358,,,,0.8,804.2140476190475,44
xlstm,electricity,USA|washington,US,True,rolling,2022-12-01,9,2023-09-01,7008.49,8556.766270713806,,,,0.8,804.2140476190475,44
xlstm,electricity,USA|washington,US,True,rolling,2022-12-01,10,2023-10-01,7380.52,8637.302003765106,,,,0.8,804.2140476190475,44
xlstm,electricity,USA|washington,US,True,rolling,2022-12-01,11,2023-11-01,8448.9,9666.882479071617,,,,0.8,804.2140476190475,44
xlstm,electricity,USA|washington,US,True,rolling,2022-12-01,12,2023-12-01,8583.1,9856.066504673958,,,,0.8,804.2140476190475,44
xlstm,electricity,USA|washington,US,True,rolling,2023-12-01,1,2024-01-01,8813.88,8927.423976550102,,,,0.8,832.5296590909089,44
xlstm,electricity,USA|washington,US,True,rolling,2023-12-01,2,2024-02-01,7852.97,8902.485749042035,,,,0.8,832.5296590909089,44
xlstm,electricity,USA|washington,US,True,rolling,2023-12-01,3,2024-03-01,8647.49,8914.779095933438,,,,0.8,832.5296590909089,44
xlstm,electricity,USA|washington,US,True,rolling,2023-12-01,4,2024-04-01,7438.49,8923.400933351517,,,,0.8,832.5296590909089,44
xlstm,electricity,USA|washington,US,True,rolling,2023-12-01,5,2024-05-01,7945.94,8989.806687402724,,,,0.8,832.5296590909089,44
xlstm,electricity,USA|washington,US,True,rolling,2023-12-01,6,2024-06-01,8983.84,8935.236487016678,,,,0.8,832.5296590909089,44
xlstm,electricity,USA|washington,US,True,rolling,2023-12-01,7,2024-07-01,10104.32,8970.999730587006,,,,0.8,832.5296590909089,44
xlstm,electricity,USA|washington,US,True,rolling,2023-12-01,8,2024-08-01,9171.5,8952.337832612991,,,,0.8,832.5296590909089,44
xlstm,electricity,USA|washington,US,True,rolling,2023-12-01,9,2024-09-01,7080.1,8928.822702531814,,,,0.8,832.5296590909089,44
xlstm,electricity,USA|washington,US,True,rolling,2023-12-01,10,2024-10-01,7289.72,9011.584620871543,,,,0.8,832.5296590909089,44
xlstm,electricity,USA|washington,US,True,rolling,2023-12-01,11,2024-11-01,8736.22,9077.553638625144,,,,0.8,832.5296590909089,44
xlstm,electricity,USA|washington,US,True,rolling,2023-12-01,12,2024-12-01,9364.65,9100.434136273861,,,,0.8,832.5296590909089,44
xlstm,electricity,USA|washington,US,True,rolling,2024-12-01,1,2025-01-01,9805.14,8461.455592737198,,,,0.8,821.3428985507245,44
xlstm,electricity,USA|washington,US,True,rolling,2024-12-01,2,2025-02-01,7949.51,8375.915719590186,,,,0.8,821.3428985507245,44
xlstm,electricity,USA|washington,US,True,rolling,2024-12-01,3,2025-03-01,8717.34,8431.485149228572,,,,0.8,821.3428985507245,44
xlstm,electricity,USA|washington,US,True,rolling,2024-12-01,4,2025-04-01,8342.76,8369.12680982113,,,,0.8,821.3428985507245,44
xlstm,electricity,USA|washington,US,True,rolling,2024-12-01,5,2025-05-01,8050.98,8533.452351284028,,,,0.8,821.3428985507245,44
xlstm,electricity,USA|washington,US,True,rolling,2024-12-01,6,2025-06-01,8695.6,8850.122821702957,,,,0.8,821.3428985507245,44
xlstm,electricity,USA|washington,US,True,rolling,2024-12-01,7,2025-07-01,9024.78,8881.323340792656,,,,0.8,821.3428985507245,44
xlstm,electricity,USA|washington,US,True,rolling,2024-12-01,8,2025-08-01,8891.26,8433.51499815464,,,,0.8,821.3428985507245,44
xlstm,electricity,USA|washington,US,True,rolling,2024-12-01,9,2025-09-01,7196.44,8287.726182923318,,,,0.8,821.3428985507245,44
xlstm,electricity,USA|washington,US,True,rolling,2024-12-01,10,2025-10-01,8024.05,8386.945260820388,,,,0.8,821.3428985507245,44
xlstm,electricity,USA|washington,US,True,rolling,2024-12-01,11,2025-11-01,7990.22,8640.03121568203,,,,0.8,821.3428985507245,44
xlstm,electricity,USA|washington,US,True,rolling,2024-12-01,12,2025-12-01,10654.71,8662.433448090553,,,,0.8,821.3428985507245,44
xlstm,electricity,USA|washington dc,US,False,holdout,last12,1,2025-01-01,38.73,28.749081812500954,,,,0.8,7.923115942028985,44
xlstm,electricity,USA|washington dc,US,False,holdout,last12,2,2025-02-01,38.46,28.018565015792845,,,,0.8,7.923115942028985,44
xlstm,electricity,USA|washington dc,US,False,holdout,last12,3,2025-03-01,46.15,27.76084257006645,,,,0.8,7.923115942028985,44
xlstm,electricity,USA|washington dc,US,False,holdout,last12,4,2025-04-01,41.7,27.691377100944518,,,,0.8,7.923115942028985,44
xlstm,electricity,USA|washington dc,US,False,holdout,last12,5,2025-05-01,46.19,28.217529649734498,,,,0.8,7.923115942028985,44
xlstm,electricity,USA|washington dc,US,False,holdout,last12,6,2025-06-01,52.44,28.810843140482902,,,,0.8,7.923115942028985,44
xlstm,electricity,USA|washington dc,US,False,holdout,last12,7,2025-07-01,55.27,29.42927139878273,,,,0.8,7.923115942028985,44
xlstm,electricity,USA|washington dc,US,False,holdout,last12,8,2025-08-01,53.25,30.131395199894904,,,,0.8,7.923115942028985,44
xlstm,electricity,USA|washington dc,US,False,holdout,last12,9,2025-09-01,53.09,30.7194677990675,,,,0.8,7.923115942028985,44
xlstm,electricity,USA|washington dc,US,False,holdout,last12,10,2025-10-01,41.84,31.24619419038296,,,,0.8,7.923115942028985,44
xlstm,electricity,USA|washington dc,US,False,holdout,last12,11,2025-11-01,44.29,31.55152419924736,,,,0.8,7.923115942028985,44
xlstm,electricity,USA|washington dc,US,False,holdout,last12,12,2025-12-01,36.49,31.213534004092217,,,,0.8,7.923115942028985,44
xlstm,electricity,USA|washington dc,US,False,rolling,2022-12-01,1,2023-01-01,28.91,32.61442706942558,,,,0.8,8.090079365079365,44
xlstm,electricity,USA|washington dc,US,False,rolling,2022-12-01,2,2023-02-01,29.68,34.443745470047,,,,0.8,8.090079365079365,44
xlstm,electricity,USA|washington dc,US,False,rolling,2022-12-01,3,2023-03-01,28.44,36.11678030073643,,,,0.8,8.090079365079365,44
xlstm,electricity,USA|washington dc,US,False,rolling,2022-12-01,4,2023-04-01,28.62,36.62185329377651,,,,0.8,8.090079365079365,44
xlstm,electricity,USA|washington dc,US,False,rolling,2022-12-01,5,2023-05-01,33.35,36.720960171222686,,,,0.8,8.090079365079365,44
xlstm,electricity,USA|washington dc,US,False,rolling,2022-12-01,6,2023-06-01,42.99,35.853929900527,,,,0.8,8.090079365079365,44
xlstm,electricity,USA|washington dc,US,False,rolling,2022-12-01,7,2023-07-01,44.13,34.59388465166092,,,,0.8,8.090079365079365,44
xlstm,electricity,USA|washington dc,US,False,rolling,2022-12-01,8,2023-08-01,42.32,32.79497380018234,,,,0.8,8.090079365079365,44
xlstm,electricity,USA|washington dc,US,False,rolling,2022-12-01,9,2023-09-01,39.16,31.341113238334657,,,,0.8,8.090079365079365,44
xlstm,electricity,USA|washington dc,US,False,rolling,2022-12-01,10,2023-10-01,26.38,31.122048854231835,,,,0.8,8.090079365079365,44
xlstm,electricity,USA|washington dc,US,False,rolling,2022-12-01,11,2023-11-01,31.06,31.698632393479347,,,,0.8,8.090079365079365,44
xlstm,electricity,USA|washington dc,US,False,rolling,2022-12-01,12,2023-12-01,30.63,33.04842295050621,,,,0.8,8.090079365079365,44
xlstm,electricity,USA|washington dc,US,False,rolling,2023-12-01,1,2024-01-01,34.62,29.097352335453035,,,,0.8,7.969621212121212,44
xlstm,electricity,USA|washington dc,US,False,rolling,2023-12-01,2,2024-02-01,37.75,29.693605242967607,,,,0.8,7.969621212121212,44
xlstm,electricity,USA|washington dc,US,False,rolling,2023-12-01,3,2024-03-01,44.34,30.416805547475814,,,,0.8,7.969621212121212,44
xlstm,electricity,USA|washington dc,US,False,rolling,2023-12-01,4,2024-04-01,32.94,31.662782497406006,,,,0.8,7.969621212121212,44
xlstm,electricity,USA|washington dc,US,False,rolling,2023-12-01,5,2024-05-01,36.07,33.52879629611969,,,,0.8,7.969621212121212,44
xlstm,electricity,USA|washington dc,US,False,rolling,2023-12-01,6,2024-06-01,51.43,35.68002203941345,,,,0.8,7.969621212121212,44
xlstm,electricity,USA|washington dc,US,False,rolling,2023-12-01,7,2024-07-01,51.08,37.15766654253006,,,,0.8,7.969621212121212,44
xlstm,electricity,USA|washington dc,US,False,rolling,2023-12-01,8,2024-08-01,48.9,37.160816571712495,,,,0.8,7.969621212121212,44
xlstm,electricity,USA|washington dc,US,False,rolling,2023-12-01,9,2024-09-01,41.48,35.361081584692,,,,0.8,7.969621212121212,44
xlstm,electricity,USA|washington dc,US,False,rolling,2023-12-01,10,2024-10-01,34.96,32.93500663816929,,,,0.8,7.969621212121212,44
xlstm,electricity,USA|washington dc,US,False,rolling,2023-12-01,11,2024-11-01,38.03,32.22012399792671,,,,0.8,7.969621212121212,44
xlstm,electricity,USA|washington dc,US,False,rolling,2023-12-01,12,2024-12-01,36.87,31.401690253019332,,,,0.8,7.969621212121212,44
xlstm,electricity,USA|washington dc,US,False,rolling,2024-12-01,1,2025-01-01,38.73,28.749081812500954,,,,0.8,7.923115942028985,44
xlstm,electricity,USA|washington dc,US,False,rolling,2024-12-01,2,2025-02-01,38.46,28.018565015792845,,,,0.8,7.923115942028985,44
xlstm,electricity,USA|washington dc,US,False,rolling,2024-12-01,3,2025-03-01,46.15,27.76084257006645,,,,0.8,7.923115942028985,44
xlstm,electricity,USA|washington dc,US,False,rolling,2024-12-01,4,2025-04-01,41.7,27.691377100944518,,,,0.8,7.923115942028985,44
xlstm,electricity,USA|washington dc,US,False,rolling,2024-12-01,5,2025-05-01,46.19,28.217529649734498,,,,0.8,7.923115942028985,44
xlstm,electricity,USA|washington dc,US,False,rolling,2024-12-01,6,2025-06-01,52.44,28.810843140482902,,,,0.8,7.923115942028985,44
xlstm,electricity,USA|washington dc,US,False,rolling,2024-12-01,7,2025-07-01,55.27,29.42927139878273,,,,0.8,7.923115942028985,44
xlstm,electricity,USA|washington dc,US,False,rolling,2024-12-01,8,2025-08-01,53.25,30.131395199894904,,,,0.8,7.923115942028985,44
xlstm,electricity,USA|washington dc,US,False,rolling,2024-12-01,9,2025-09-01,53.09,30.7194677990675,,,,0.8,7.923115942028985,44
xlstm,electricity,USA|washington dc,US,False,rolling,2024-12-01,10,2025-10-01,41.84,31.24619419038296,,,,0.8,7.923115942028985,44
xlstm,electricity,USA|washington dc,US,False,rolling,2024-12-01,11,2025-11-01,44.29,31.55152419924736,,,,0.8,7.923115942028985,44
xlstm,electricity,USA|washington dc,US,False,rolling,2024-12-01,12,2025-12-01,36.49,31.213534004092217,,,,0.8,7.923115942028985,44
xlstm,electricity,USA|west virginia,US,False,holdout,last12,1,2025-01-01,5982.09,4164.509218422771,,,,0.8,717.3102536231884,44
xlstm,electricity,USA|west virginia,US,False,holdout,last12,2,2025-02-01,4649.35,3808.7505936649436,,,,0.8,717.3102536231884,44
xlstm,electricity,USA|west virginia,US,False,holdout,last12,3,2025-03-01,2983.63,3886.2745748396214,,,,0.8,717.3102536231884,44
xlstm,electricity,USA|west virginia,US,False,holdout,last12,4,2025-04-01,3975.78,3979.2983792492746,,,,0.8,717.3102536231884,44
xlstm,electricity,USA|west virginia,US,False,holdout,last12,5,2025-05-01,3137.53,4281.329019649625,,,,0.8,717.3102536231884,44
xlstm,electricity,USA|west virginia,US,False,holdout,last12,6,2025-06-01,4935.56,4929.756948396265,,,,0.8,717.3102536231884,44
xlstm,electricity,USA|west virginia,US,False,holdout,last12,7,2025-07-01,5920.24,4259.016186469197,,,,0.8,717.3102536231884,44
xlstm,electricity,USA|west virginia,US,False,holdout,last12,8,2025-08-01,4958.67,4040.1909396883843,,,,0.8,717.3102536231884,44
xlstm,electricity,USA|west virginia,US,False,holdout,last12,9,2025-09-01,3064.23,3777.859335553199,,,,0.8,717.3102536231884,44
xlstm,electricity,USA|west virginia,US,False,holdout,last12,10,2025-10-01,4203.9,3757.6237378966807,,,,0.8,717.3102536231884,44
xlstm,electricity,USA|west virginia,US,False,holdout,last12,11,2025-11-01,4217.15,3828.0218325453993,,,,0.8,717.3102536231884,44
xlstm,electricity,USA|west virginia,US,False,holdout,last12,12,2025-12-01,5768.66,3943.5241727982457,,,,0.8,717.3102536231884,44
xlstm,electricity,USA|west virginia,US,False,rolling,2022-12-01,1,2023-01-01,4646.64,5004.144789047241,,,,0.8,728.9486904761904,44
xlstm,electricity,USA|west virginia,US,False,rolling,2022-12-01,2,2023-02-01,3989.6,4379.546714949608,,,,0.8,728.9486904761904,44
xlstm,electricity,USA|west virginia,US,False,rolling,2022-12-01,3,2023-03-01,4609.98,4305.202235577107,,,,0.8,728.9486904761904,44
xlstm,electricity,USA|west virginia,US,False,rolling,2022-12-01,4,2023-04-01,4128.22,4472.050444550514,,,,0.8,728.9486904761904,44
xlstm,electricity,USA|west virginia,US,False,rolling,2022-12-01,5,2023-05-01,3847.71,4552.038846879005,,,,0.8,728.9486904761904,44
xlstm,electricity,USA|west virginia,US,False,rolling,2022-12-01,6,2023-06-01,4373.87,4717.884634594918,,,,0.8,728.9486904761904,44
xlstm,electricity,USA|west virginia,US,False,rolling,2022-12-01,7,2023-07-01,5869.25,4902.738682041168,,,,0.8,728.9486904761904,44
xlstm,electricity,USA|west virginia,US,False,rolling,2022-12-01,8,2023-08-01,5358.92,4505.499358451367,,,,0.8,728.9486904761904,44
xlstm,electricity,USA|west virginia,US,False,rolling,2022-12-01,9,2023-09-01,4016.59,4226.629660787583,,,,0.8,728.9486904761904,44
xlstm,electricity,USA|west virginia,US,False,rolling,2022-12-01,10,2023-10-01,3132.09,4229.53427542448,,,,0.8,728.9486904761904,44
xlstm,electricity,USA|west virginia,US,False,rolling,2022-12-01,11,2023-11-01,3606.49,4394.772503886223,,,,0.8,728.9486904761904,44
xlstm,electricity,USA|west virginia,US,False,rolling,2022-12-01,12,2023-12-01,4650.42,4666.706735181809,,,,0.8,728.9486904761904,44
xlstm,electricity,USA|west virginia,US,False,rolling,2023-12-01,1,2024-01-01,5639.26,4212.458460597992,,,,0.8,723.1435606060605,44
xlstm,electricity,USA|west virginia,US,False,rolling,2023-12-01,2,2024-02-01,3200.39,4170.302446160316,,,,0.8,723.1435606060605,44
xlstm,electricity,USA|west virginia,US,False,rolling,2023-12-01,3,2024-03-01,3674.21,4209.197758357525,,,,0.8,723.1435606060605,44
xlstm,electricity,USA|west virginia,US,False,rolling,2023-12-01,4,2024-04-01,3831.87,4171.519531486035,,,,0.8,723.1435606060605,44
xlstm,electricity,USA|west virginia,US,False,rolling,2023-12-01,5,2024-05-01,4297.83,4189.421222295761,,,,0.8,723.1435606060605,44
xlstm,electricity,USA|west virginia,US,False,rolling,2023-12-01,6,2024-06-01,5729.56,4349.496086847782,,,,0.8,723.1435606060605,44
xlstm,electricity,USA|west virginia,US,False,rolling,2023-12-01,7,2024-07-01,5048.53,4908.323694133758,,,,0.8,723.1435606060605,44
xlstm,electricity,USA|west virginia,US,False,rolling,2023-12-01,8,2024-08-01,5418.36,4242.970166888237,,,,0.8,723.1435606060605,44
xlstm,electricity,USA|west virginia,US,False,rolling,2023-12-01,9,2024-09-01,3597.37,4114.374495460987,,,,0.8,723.1435606060605,44
xlstm,electricity,USA|west virginia,US,False,rolling,2023-12-01,10,2024-10-01,2829.43,4097.833093013764,,,,0.8,723.1435606060605,44
xlstm,electricity,USA|west virginia,US,False,rolling,2023-12-01,11,2024-11-01,3263.53,4140.3507208752635,,,,0.8,723.1435606060605,44
xlstm,electricity,USA|west virginia,US,False,rolling,2023-12-01,12,2024-12-01,4347.45,4207.907432498932,,,,0.8,723.1435606060605,44
xlstm,electricity,USA|west virginia,US,False,rolling,2024-12-01,1,2025-01-01,5982.09,4164.509218422771,,,,0.8,717.3102536231884,44
xlstm,electricity,USA|west virginia,US,False,rolling,2024-12-01,2,2025-02-01,4649.35,3808.7505936649436,,,,0.8,717.3102536231884,44
xlstm,electricity,USA|west virginia,US,False,rolling,2024-12-01,3,2025-03-01,2983.63,3886.2745748396214,,,,0.8,717.3102536231884,44
xlstm,electricity,USA|west virginia,US,False,rolling,2024-12-01,4,2025-04-01,3975.78,3979.2983792492746,,,,0.8,717.3102536231884,44
xlstm,electricity,USA|west virginia,US,False,rolling,2024-12-01,5,2025-05-01,3137.53,4281.329019649625,,,,0.8,717.3102536231884,44
xlstm,electricity,USA|west virginia,US,False,rolling,2024-12-01,6,2025-06-01,4935.56,4929.756948396265,,,,0.8,717.3102536231884,44
xlstm,electricity,USA|west virginia,US,False,rolling,2024-12-01,7,2025-07-01,5920.24,4259.016186469197,,,,0.8,717.3102536231884,44
xlstm,electricity,USA|west virginia,US,False,rolling,2024-12-01,8,2025-08-01,4958.67,4040.1909396883843,,,,0.8,717.3102536231884,44
xlstm,electricity,USA|west virginia,US,False,rolling,2024-12-01,9,2025-09-01,3064.23,3777.859335553199,,,,0.8,717.3102536231884,44
xlstm,electricity,USA|west virginia,US,False,rolling,2024-12-01,10,2025-10-01,4203.9,3757.6237378966807,,,,0.8,717.3102536231884,44
xlstm,electricity,USA|west virginia,US,False,rolling,2024-12-01,11,2025-11-01,4217.15,3828.0218325453993,,,,0.8,717.3102536231884,44
xlstm,electricity,USA|west virginia,US,False,rolling,2024-12-01,12,2025-12-01,5768.66,3943.5241727982457,,,,0.8,717.3102536231884,44
xlstm,electricity,USA|wisconsin,US,True,holdout,last12,1,2025-01-01,6349.03,6164.83543358922,,,,0.8,372.4132971014493,44
xlstm,electricity,USA|wisconsin,US,True,holdout,last12,2,2025-02-01,5335.84,5144.833982861042,,,,0.8,372.4132971014493,44
xlstm,electricity,USA|wisconsin,US,True,holdout,last12,3,2025-03-01,4608.61,4891.248250656128,,,,0.8,372.4132971014493,44
xlstm,electricity,USA|wisconsin,US,True,holdout,last12,4,2025-04-01,4208.11,4563.3308440829815,,,,0.8,372.4132971014493,44
xlstm,electricity,USA|wisconsin,US,True,holdout,last12,5,2025-05-01,4928.03,5064.399021056891,,,,0.8,372.4132971014493,44
xlstm,electricity,USA|wisconsin,US,True,holdout,last12,6,2025-06-01,6315.57,5721.34832054019,,,,0.8,372.4132971014493,44
xlstm,electricity,USA|wisconsin,US,True,holdout,last12,7,2025-07-01,7167.39,6441.34867336154,,,,0.8,372.4132971014493,44
xlstm,electricity,USA|wisconsin,US,True,holdout,last12,8,2025-08-01,6742.28,6266.960648908615,,,,0.8,372.4132971014493,44
xlstm,electricity,USA|wisconsin,US,True,holdout,last12,9,2025-09-01,5711.74,5040.999596430063,,,,0.8,372.4132971014493,44
xlstm,electricity,USA|wisconsin,US,True,holdout,last12,10,2025-10-01,4722.51,4568.763442831039,,,,0.8,372.4132971014493,44
xlstm,electricity,USA|wisconsin,US,True,holdout,last12,11,2025-11-01,5211.78,5092.238052285909,,,,0.8,372.4132971014493,44
xlstm,electricity,USA|wisconsin,US,True,holdout,last12,12,2025-12-01,5821.32,5952.693229327202,,,,0.8,372.4132971014493,44
xlstm,electricity,USA|wisconsin,US,True,rolling,2022-12-01,1,2023-01-01,5559.55,5738.591631954909,,,,0.8,355.0294841269842,44
xlstm,electricity,USA|wisconsin,US,True,rolling,2022-12-01,2,2023-02-01,4757.66,5087.41516589582,,,,0.8,355.0294841269842,44
xlstm,electricity,USA|wisconsin,US,True,rolling,2022-12-01,3,2023-03-01,4813.87,4970.022537143231,,,,0.8,355.0294841269842,44
xlstm,electricity,USA|wisconsin,US,True,rolling,2022-12-01,4,2023-04-01,3970.72,5059.932925155163,,,,0.8,355.0294841269842,44
xlstm,electricity,USA|wisconsin,US,True,rolling,2022-12-01,5,2023-05-01,4634.27,5589.989106725455,,,,0.8,355.0294841269842,44
xlstm,electricity,USA|wisconsin,US,True,rolling,2022-12-01,6,2023-06-01,5815.37,6188.973909673095,,,,0.8,355.0294841269842,44
xlstm,electricity,USA|wisconsin,US,True,rolling,2022-12-01,7,2023-07-01,7212.37,6183.585986147523,,,,0.8,355.0294841269842,44
xlstm,electricity,USA|wisconsin,US,True,rolling,2022-12-01,8,2023-08-01,7069.3,5126.593654964567,,,,0.8,355.0294841269842,44
xlstm,electricity,USA|wisconsin,US,True,rolling,2022-12-01,9,2023-09-01,5894.29,4870.291139446497,,,,0.8,355.0294841269842,44
xlstm,electricity,USA|wisconsin,US,True,rolling,2022-12-01,10,2023-10-01,4930.67,4798.471312906742,,,,0.8,355.0294841269842,44
xlstm,electricity,USA|wisconsin,US,True,rolling,2022-12-01,11,2023-11-01,4890.95,4773.841460316479,,,,0.8,355.0294841269842,44
xlstm,electricity,USA|wisconsin,US,True,rolling,2022-12-01,12,2023-12-01,5507.99,5210.811084978581,,,,0.8,355.0294841269842,44
xlstm,electricity,USA|wisconsin,US,True,rolling,2023-12-01,1,2024-01-01,6578.94,6078.0004532533885,,,,0.8,367.8148106060607,44
xlstm,electricity,USA|wisconsin,US,True,rolling,2023-12-01,2,2024-02-01,4837.24,5957.469250033498,,,,0.8,367.8148106060607,44
xlstm,electricity,USA|wisconsin,US,True,rolling,2023-12-01,3,2024-03-01,5285.23,5133.774904068709,,,,0.8,367.8148106060607,44
xlstm,electricity,USA|wisconsin,US,True,rolling,2023-12-01,4,2024-04-01,4389.1,4522.836550000757,,,,0.8,367.8148106060607,44
xlstm,electricity,USA|wisconsin,US,True,rolling,2023-12-01,5,2024-05-01,5502.97,4612.962265453339,,,,0.8,367.8148106060607,44
xlstm,electricity,USA|wisconsin,US,True,rolling,2023-12-01,6,2024-06-01,5876.77,5338.869120779634,,,,0.8,367.8148106060607,44
xlstm,electricity,USA|wisconsin,US,True,rolling,2023-12-01,7,2024-07-01,6626.21,6236.84414921105,,,,0.8,367.8148106060607,44
xlstm,electricity,USA|wisconsin,US,True,rolling,2023-12-01,8,2024-08-01,6454.97,6086.078467028738,,,,0.8,367.8148106060607,44
xlstm,electricity,USA|wisconsin,US,True,rolling,2023-12-01,9,2024-09-01,5589.25,5088.437041566372,,,,0.8,367.8148106060607,44
xlstm,electricity,USA|wisconsin,US,True,rolling,2023-12-01,10,2024-10-01,4443.21,4567.8175201328095,,,,0.8,367.8148106060607,44
xlstm,electricity,USA|wisconsin,US,True,rolling,2023-12-01,11,2024-11-01,5068.16,4682.210490417779,,,,0.8,367.8148106060607,44
xlstm,electricity,USA|wisconsin,US,True,rolling,2023-12-01,12,2024-12-01,6101.94,5322.2862079787255,,,,0.8,367.8148106060607,44
xlstm,electricity,USA|wisconsin,US,True,rolling,2024-12-01,1,2025-01-01,6349.03,6164.83543358922,,,,0.8,372.4132971014493,44
xlstm,electricity,USA|wisconsin,US,True,rolling,2024-12-01,2,2025-02-01,5335.84,5144.833982861042,,,,0.8,372.4132971014493,44
xlstm,electricity,USA|wisconsin,US,True,rolling,2024-12-01,3,2025-03-01,4608.61,4891.248250656128,,,,0.8,372.4132971014493,44
xlstm,electricity,USA|wisconsin,US,True,rolling,2024-12-01,4,2025-04-01,4208.11,4563.3308440829815,,,,0.8,372.4132971014493,44
xlstm,electricity,USA|wisconsin,US,True,rolling,2024-12-01,5,2025-05-01,4928.03,5064.399021056891,,,,0.8,372.4132971014493,44
xlstm,electricity,USA|wisconsin,US,True,rolling,2024-12-01,6,2025-06-01,6315.57,5721.34832054019,,,,0.8,372.4132971014493,44
xlstm,electricity,USA|wisconsin,US,True,rolling,2024-12-01,7,2025-07-01,7167.39,6441.34867336154,,,,0.8,372.4132971014493,44
xlstm,electricity,USA|wisconsin,US,True,rolling,2024-12-01,8,2025-08-01,6742.28,6266.960648908615,,,,0.8,372.4132971014493,44
xlstm,electricity,USA|wisconsin,US,True,rolling,2024-12-01,9,2025-09-01,5711.74,5040.999596430063,,,,0.8,372.4132971014493,44
xlstm,electricity,USA|wisconsin,US,True,rolling,2024-12-01,10,2025-10-01,4722.51,4568.763442831039,,,,0.8,372.4132971014493,44
xlstm,electricity,USA|wisconsin,US,True,rolling,2024-12-01,11,2025-11-01,5211.78,5092.238052285909,,,,0.8,372.4132971014493,44
xlstm,electricity,USA|wisconsin,US,True,rolling,2024-12-01,12,2025-12-01,5821.32,5952.693229327202,,,,0.8,372.4132971014493,44
xlstm,electricity,USA|wyoming,US,True,holdout,last12,1,2025-01-01,4541.51,3841.8799769985676,,,,0.8,244.27764492753624,44
xlstm,electricity,USA|wyoming,US,True,holdout,last12,2,2025-02-01,3944.25,3593.6113816523552,,,,0.8,244.27764492753624,44
xlstm,electricity,USA|wyoming,US,True,holdout,last12,3,2025-03-01,3743.11,3293.317069994211,,,,0.8,244.27764492753624,44
xlstm,electricity,USA|wyoming,US,True,holdout,last12,4,2025-04-01,3240.12,3164.7268693828582,,,,0.8,244.27764492753624,44
xlstm,electricity,USA|wyoming,US,True,holdout,last12,5,2025-05-01,3039.28,3159.6125882661345,,,,0.8,244.27764492753624,44
xlstm,electricity,USA|wyoming,US,True,holdout,last12,6,2025-06-01,3367.56,3390.536314122677,,,,0.8,244.27764492753624,44
xlstm,electricity,USA|wyoming,US,True,holdout,last12,7,2025-07-01,4212.4,3802.826340222359,,,,0.8,244.27764492753624,44
xlstm,electricity,USA|wyoming,US,True,holdout,last12,8,2025-08-01,3972.35,3769.9085786736014,,,,0.8,244.27764492753624,44
xlstm,electricity,USA|wyoming,US,True,holdout,last12,9,2025-09-01,3645.64,3402.805769827366,,,,0.8,244.27764492753624,44
xlstm,electricity,USA|wyoming,US,True,holdout,last12,10,2025-10-01,3776.28,3459.803062477112,,,,0.8,244.27764492753624,44
xlstm,electricity,USA|wyoming,US,True,holdout,last12,11,2025-11-01,4240.71,3813.577388395071,,,,0.8,244.27764492753624,44
xlstm,electricity,USA|wyoming,US,True,holdout,last12,12,2025-12-01,4438.93,4053.0634009861947,,,,0.8,244.27764492753624,44
xlstm,electricity,USA|wyoming,US,True,rolling,2022-12-01,1,2023-01-01,4165.11,3914.1766561663153,,,,0.8,240.7400793650794,44
xlstm,electricity,USA|wyoming,US,True,rolling,2022-12-01,2,2023-02-01,3330.2,3765.759240021706,,,,0.8,240.7400793650794,44
xlstm,electricity,USA|wyoming,US,True,rolling,2022-12-01,3,2023-03-01,3343.94,3754.6417489242554,,,,0.8,240.7400793650794,44
xlstm,electricity,USA|wyoming,US,True,rolling,2022-12-01,4,2023-04-01,2814.25,3481.7153454232216,,,,0.8,240.7400793650794,44
xlstm,electricity,USA|wyoming,US,True,rolling,2022-12-01,5,2023-05-01,2708.19,3323.6538112401963,,,,0.8,240.7400793650794,44
xlstm,electricity,USA|wyoming,US,True,rolling,2022-12-01,6,2023-06-01,3238.06,3347.4464985644818,,,,0.8,240.7400793650794,44
xlstm,electricity,USA|wyoming,US,True,rolling,2022-12-01,7,2023-07-01,4136.54,4105.472627427578,,,,0.8,240.7400793650794,44
xlstm,electricity,USA|wyoming,US,True,rolling,2022-12-01,8,2023-08-01,4137.69,4237.561891849041,,,,0.8,240.7400793650794,44
xlstm,electricity,USA|wyoming,US,True,rolling,2022-12-01,9,2023-09-01,3520.49,4017.269743732214,,,,0.8,240.7400793650794,44
xlstm,electricity,USA|wyoming,US,True,rolling,2022-12-01,10,2023-10-01,3835.77,4075.4911421990396,,,,0.8,240.7400793650794,44
xlstm,electricity,USA|wyoming,US,True,rolling,2022-12-01,11,2023-11-01,3843.61,3964.6572884750367,,,,0.8,240.7400793650794,44
xlstm,electricity,USA|wyoming,US,True,rolling,2022-12-01,12,2023-12-01,3947.33,4008.8550381207465,,,,0.8,240.7400793650794,44
xlstm,electricity,USA|wyoming,US,True,rolling,2023-12-01,1,2024-01-01,3888.35,3929.163956655264,,,,0.8,244.71193181818185,44
xlstm,electricity,USA|wyoming,US,True,rolling,2023-12-01,2,2024-02-01,3400.74,3426.2041903805734,,,,0.8,244.71193181818185,44
xlstm,electricity,USA|wyoming,US,True,rolling,2023-12-01,3,2024-03-01,3093.29,3294.8030641794207,,,,0.8,244.71193181818185,44
xlstm,electricity,USA|wyoming,US,True,rolling,2023-12-01,4,2024-04-01,2758.92,3149.8771104848383,,,,0.8,244.71193181818185,44
xlstm,electricity,USA|wyoming,US,True,rolling,2023-12-01,5,2024-05-01,2705.06,3125.1813672405483,,,,0.8,244.71193181818185,44
xlstm,electricity,USA|wyoming,US,True,rolling,2023-12-01,6,2024-06-01,3115.47,3466.1537836933135,,,,0.8,244.71193181818185,44
xlstm,electricity,USA|wyoming,US,True,rolling,2023-12-01,7,2024-07-01,3817.6,3996.2178486943244,,,,0.8,244.71193181818185,44
xlstm,electricity,USA|wyoming,US,True,rolling,2023-12-01,8,2024-08-01,3871.76,3897.01321536541,,,,0.8,244.71193181818185,44
xlstm,electricity,USA|wyoming,US,True,rolling,2023-12-01,9,2024-09-01,3334.36,3732.153770518303,,,,0.8,244.71193181818185,44
xlstm,electricity,USA|wyoming,US,True,rolling,2023-12-01,10,2024-10-01,3253.38,3857.5618696928027,,,,0.8,244.71193181818185,44
xlstm,electricity,USA|wyoming,US,True,rolling,2023-12-01,11,2024-11-01,3571.15,3881.0342959403993,,,,0.8,244.71193181818185,44
xlstm,electricity,USA|wyoming,US,True,rolling,2023-12-01,12,2024-12-01,4359.16,3910.014409544468,,,,0.8,244.71193181818185,44
xlstm,electricity,USA|wyoming,US,True,rolling,2024-12-01,1,2025-01-01,4541.51,3841.8799769985676,,,,0.8,244.27764492753624,44
xlstm,electricity,USA|wyoming,US,True,rolling,2024-12-01,2,2025-02-01,3944.25,3593.6113816523552,,,,0.8,244.27764492753624,44
xlstm,electricity,USA|wyoming,US,True,rolling,2024-12-01,3,2025-03-01,3743.11,3293.317069994211,,,,0.8,244.27764492753624,44
xlstm,electricity,USA|wyoming,US,True,rolling,2024-12-01,4,2025-04-01,3240.12,3164.7268693828582,,,,0.8,244.27764492753624,44
xlstm,electricity,USA|wyoming,US,True,rolling,2024-12-01,5,2025-05-01,3039.28,3159.6125882661345,,,,0.8,244.27764492753624,44
xlstm,electricity,USA|wyoming,US,True,rolling,2024-12-01,6,2025-06-01,3367.56,3390.536314122677,,,,0.8,244.27764492753624,44
xlstm,electricity,USA|wyoming,US,True,rolling,2024-12-01,7,2025-07-01,4212.4,3802.826340222359,,,,0.8,244.27764492753624,44
xlstm,electricity,USA|wyoming,US,True,rolling,2024-12-01,8,2025-08-01,3972.35,3769.9085786736014,,,,0.8,244.27764492753624,44
xlstm,electricity,USA|wyoming,US,True,rolling,2024-12-01,9,2025-09-01,3645.64,3402.805769827366,,,,0.8,244.27764492753624,44
xlstm,electricity,USA|wyoming,US,True,rolling,2024-12-01,10,2025-10-01,3776.28,3459.803062477112,,,,0.8,244.27764492753624,44
xlstm,electricity,USA|wyoming,US,True,rolling,2024-12-01,11,2025-11-01,4240.71,3813.577388395071,,,,0.8,244.27764492753624,44
xlstm,electricity,USA|wyoming,US,True,rolling,2024-12-01,12,2025-12-01,4438.93,4053.0634009861947,,,,0.8,244.27764492753624,44
