model,resource,zone_id,region,account_zone,aggregate_zone,window,origin,h,timestamp,actual,mean,sigma,lo,hi,interval_level,mase_scale,seed
sarima_core,electricity,IND|Andaman and Nicobar,India,False,False,holdout,last12,1,2024-12-01,35.8,36.86241561485517,5.3835615826949885,29.963103840346644,43.7617273893637,0.8,6.47728813559322,
sarima_core,electricity,IND|Andaman and Nicobar,India,False,False,holdout,last12,2,2025-01-01,33.82,35.68567394477192,5.699584351756021,28.381362695825487,42.989985193718354,0.8,6.47728813559322,
sarima_core,electricity,IND|Andaman and Nicobar,India,False,False,holdout,last12,3,2025-02-01,31.46,34.446912524335055,6.483340024192827,26.13817796637277,42.755647082297344,0.8,6.47728813559322,
sarima_core,electricity,IND|Andaman and Nicobar,India,False,False,holdout,last12,4,2025-03-01,38.64,35.63273522849354,7.010562971930231,26.648337276467345,44.61713318051973,0.8,6.47728813559322,
sarima_core,electricity,IND|Andaman and Nicobar,India,False,False,holdout,last12,5,2025-04-01,35.7,40.81837770198046,7.554226719083763,31.137246623659813,50.499508780301106,0.8,6.47728813559322,
sarima_core,electricity,IND|Andaman and Nicobar,India,False,False,holdout,last12,6,2025-05-01,35.68,39.966412523231035,8.043683112201657,29.658017838044337,50.274807208417734,0.8,6.47728813559322,
sarima_core,electricity,IND|Andaman and Nicobar,India,False,False,holdout,last12,7,2025-06-01,32.92,35.26881259290853,8.510771611081829,24.361819910734074,46.17580527508299,0.8,6.47728813559322,
sarima_core,electricity,IND|Andaman and Nicobar,India,False,False,holdout,last12,8,2025-07-01,34.41,36.29238704279801,8.951625049604607,24.820417946308968,47.76435613928706,0.8,6.47728813559322,
sarima_core,electricity,IND|Andaman and Nicobar,India,False,False,holdout,last12,9,2025-08-01,31.63,37.12016350065358,9.372392968517229,25.10895861895112,49.131368382356044,0.8,6.47728813559322,
sarima_core,electricity,IND|Andaman and Nicobar,India,False,False,holdout,last12,10,2025-09-01,30.51,35.537711386036484,9.774856175522519,23.010729151322295,48.064693620750674,0.8,6.47728813559322,
sarima_core,electricity,IND|Andaman and Nicobar,India,False,False,holdout,last12,11,2025-10-01,32.24,36.79947025265618,10.161461383742871,23.7770335080995,49.82190699721286,0.8,6.47728813559322,
sarima_core,electricity,IND|Andaman and Nicobar,India,False,False,holdout,last12,12,2025-11-01,31.81,37.279121138077905,10.533863898848354,23.77943136727505,50.77881090888076,0.8,6.47728813559322,
sarima_core,electricity,IND|Andaman and Nicobar,India,False,False,rolling,2022-12-01,1,2023-01-01,29.08,29.939994514878347,6.395914412530539,21.74330038641056,38.13668864334613,0.8,5.410555555555556,
sarima_core,electricity,IND|Andaman and Nicobar,India,False,False,rolling,2022-12-01,2,2023-02-01,27.7,25.585649633597107,6.6296760317868,17.08937793600722,34.08192133118699,0.8,5.410555555555556,
sarima_core,electricity,IND|Andaman and Nicobar,India,False,False,rolling,2022-12-01,3,2023-03-01,31.37,30.309158241184825,7.555397438274127,20.626526825852956,39.991789656516694,0.8,5.410555555555556,
sarima_core,electricity,IND|Andaman and Nicobar,India,False,False,rolling,2022-12-01,4,2023-04-01,33.17,27.96965799526439,8.0802892147009,17.614350702111302,38.32496528841748,0.8,5.410555555555556,
sarima_core,electricity,IND|Andaman and Nicobar,India,False,False,rolling,2022-12-01,5,2023-05-01,33.62,26.15279134826295,8.680360473049703,15.028461794534637,37.27712090199127,0.8,5.410555555555556,
sarima_core,electricity,IND|Andaman and Nicobar,India,False,False,rolling,2022-12-01,6,2023-06-01,29.6,26.344119445961073,9.19978688391591,14.554118162201958,38.13412072972019,0.8,5.410555555555556,
sarima_core,electricity,IND|Andaman and Nicobar,India,False,False,rolling,2022-12-01,7,2023-07-01,29.13,27.130515000568842,9.70726105823366,14.69015939423936,39.570870606898325,0.8,5.410555555555556,
sarima_core,electricity,IND|Andaman and Nicobar,India,False,False,rolling,2022-12-01,8,2023-08-01,31.33,26.409856743752268,10.183367350452425,13.359346373264193,39.46036711424034,0.8,5.410555555555556,
sarima_core,electricity,IND|Andaman and Nicobar,India,False,False,rolling,2022-12-01,9,2023-09-01,27.83,25.05953636583306,10.640551352330295,11.423121121996457,38.69595160966966,0.8,5.410555555555556,
sarima_core,electricity,IND|Andaman and Nicobar,India,False,False,rolling,2022-12-01,10,2023-10-01,30.74,40.23545847361204,11.077967184737805,26.0384722849596,54.43244466226449,0.8,5.410555555555556,
sarima_core,electricity,IND|Andaman and Nicobar,India,False,False,rolling,2022-12-01,11,2023-11-01,31.38,37.36412520046352,11.499112750959556,22.627419252097425,52.10083114882961,0.8,5.410555555555556,
sarima_core,electricity,IND|Andaman and Nicobar,India,False,False,rolling,2022-12-01,12,2023-12-01,33.3,37.92719484001061,11.905230487943365,22.67002807001748,53.184361610003734,0.8,5.410555555555556,
sarima_core,electricity,IND|Andaman and Nicobar,India,False,False,rolling,2023-12-01,1,2024-01-01,32.7,36.85397940502336,5.803928027168678,29.415946355497155,44.292012454549564,0.8,7.252083333333332,
sarima_core,electricity,IND|Andaman and Nicobar,India,False,False,rolling,2023-12-01,2,2024-02-01,31.3,30.828661490928276,6.1272560579444075,22.976266897376984,38.681056084479565,0.8,7.252083333333332,
sarima_core,electricity,IND|Andaman and Nicobar,India,False,False,rolling,2023-12-01,3,2024-03-01,31.18,36.347453642158946,7.023295488331921,27.346738313804845,45.34816897051304,0.8,7.252083333333332,
sarima_core,electricity,IND|Andaman and Nicobar,India,False,False,rolling,2023-12-01,4,2024-04-01,38.23,35.60309883521231,7.587449037861158,25.87939164225147,45.326806028173145,0.8,7.252083333333332,
sarima_core,electricity,IND|Andaman and Nicobar,India,False,False,rolling,2023-12-01,5,2024-05-01,36.66,34.75179287297926,8.190956438980194,24.254659825296564,45.248925920661954,0.8,7.252083333333332,
sarima_core,electricity,IND|Andaman and Nicobar,India,False,False,rolling,2023-12-01,6,2024-06-01,31.58,32.74105466144697,8.724323430543537,21.560384310716458,43.921725012177475,0.8,7.252083333333332,
sarima_core,electricity,IND|Andaman and Nicobar,India,False,False,rolling,2023-12-01,7,2024-07-01,33.44,32.8898568306415,9.237187681997396,21.051924495548437,44.72778916573456,0.8,7.252083333333332,
sarima_core,electricity,IND|Andaman and Nicobar,India,False,False,rolling,2023-12-01,8,2024-08-01,33.5,33.39729260260571,9.719292237914951,20.94151841912032,45.8530667860911,0.8,7.252083333333332,
sarima_core,electricity,IND|Andaman and Nicobar,India,False,False,rolling,2023-12-01,9,2024-09-01,32.99,30.59700518830262,10.179953864494474,17.550869376087924,43.64314100051732,0.8,7.252083333333332,
sarima_core,electricity,IND|Andaman and Nicobar,India,False,False,rolling,2023-12-01,10,2024-10-01,33.33,41.90103703631907,10.620152400023063,28.290764101747264,55.51130997089087,0.8,7.252083333333332,
sarima_core,electricity,IND|Andaman and Nicobar,India,False,False,rolling,2023-12-01,11,2024-11-01,33.72,41.61917292834912,11.043001542360281,27.466997013425868,55.77134884327238,0.8,7.252083333333332,
sarima_core,electricity,IND|Andaman and Nicobar,India,False,False,rolling,2023-12-01,12,2024-12-01,35.8,43.456815033963885,11.450177836535072,28.78282170178828,58.13080836613949,0.8,7.252083333333332,
sarima_core,electricity,IND|Andhra Pradesh,India,False,False,holdout,last12,1,2024-12-01,6424.13,6800.4910053295935,550.398590454256,6095.1268300594,7505.855180599787,0.8,820.2649152542374,
sarima_core,electricity,IND|Andhra Pradesh,India,False,False,holdout,last12,2,2025-01-01,7637.87,7783.129984338364,601.0608055857598,7012.839567952435,8553.420400724293,0.8,820.2649152542374,
sarima_core,electricity,IND|Andhra Pradesh,India,False,False,holdout,last12,3,2025-02-01,7909.41,7786.240480452512,611.2556003505521,7002.884908875358,8569.596052029667,0.8,820.2649152542374,
sarima_core,electricity,IND|Andhra Pradesh,India,False,False,holdout,last12,4,2025-03-01,8772.46,8444.319158105369,613.7462100230481,7657.771741803266,9230.866574407471,0.8,820.2649152542374,
sarima_core,electricity,IND|Andhra Pradesh,India,False,False,holdout,last12,5,2025-04-01,8299.84,8576.308161551444,614.4823534702305,7788.817339462139,9363.798983640749,0.8,820.2649152542374,
sarima_core,electricity,IND|Andhra Pradesh,India,False,False,holdout,last12,6,2025-05-01,8142.62,8742.822612484102,614.7371351369045,7955.005274550999,9530.639950417204,0.8,820.2649152542374,
sarima_core,electricity,IND|Andhra Pradesh,India,False,False,holdout,last12,7,2025-06-01,7805.96,8776.21952922111,614.8345453631258,7988.277355060094,9564.161703382128,0.8,820.2649152542374,
sarima_core,electricity,IND|Andhra Pradesh,India,False,False,holdout,last12,8,2025-07-01,9157.58,8135.50540739215,614.8737554724516,7347.512983454142,8923.497831330158,0.8,820.2649152542374,
sarima_core,electricity,IND|Andhra Pradesh,India,False,False,holdout,last12,9,2025-08-01,9092.94,8500.236725477533,614.8899188737948,7712.223587307229,9288.249863647838,0.8,820.2649152542374,
sarima_core,electricity,IND|Andhra Pradesh,India,False,False,holdout,last12,10,2025-09-01,8586.32,8311.850033522494,614.8966517495675,7523.828266824703,9099.871800220286,0.8,820.2649152542374,
sarima_core,electricity,IND|Andhra Pradesh,India,False,False,holdout,last12,11,2025-10-01,7268.74,8234.240989181935,614.89946892468,7446.215612128968,9022.266366234902,0.8,820.2649152542374,
sarima_core,electricity,IND|Andhra Pradesh,India,False,False,holdout,last12,12,2025-11-01,6927.76,7232.515013238924,614.9006499732966,6444.488122611254,8020.541903866595,0.8,820.2649152542374,
sarima_core,electricity,IND|Andhra Pradesh,India,False,False,rolling,2022-12-01,1,2023-01-01,6699.17,7097.95929802902,610.8726476634732,6315.094500067521,7880.824095990519,0.8,961.7855555555556,
sarima_core,electricity,IND|Andhra Pradesh,India,False,False,rolling,2022-12-01,2,2023-02-01,6809.24,7154.099856462489,667.5310257033065,6298.624425422823,8009.575287502154,0.8,961.7855555555556,
sarima_core,electricity,IND|Andhra Pradesh,India,False,False,rolling,2022-12-01,3,2023-03-01,7452.64,8073.307209919187,679.644730761325,7202.307441197872,8944.306978640501,0.8,961.7855555555556,
sarima_core,electricity,IND|Andhra Pradesh,India,False,False,rolling,2022-12-01,4,2023-04-01,7424.91,7661.609765185743,682.9193252675344,6786.413434748471,8536.806095623013,0.8,961.7855555555556,
sarima_core,electricity,IND|Andhra Pradesh,India,False,False,rolling,2022-12-01,5,2023-05-01,7723.63,7265.9031072538155,683.9836570734078,6389.342780724469,8142.463433783162,0.8,961.7855555555556,
sarima_core,electricity,IND|Andhra Pradesh,India,False,False,rolling,2022-12-01,6,2023-06-01,8330.55,6958.765731466795,684.3726652821954,6081.706870858467,7835.824592075123,0.8,961.7855555555556,
sarima_core,electricity,IND|Andhra Pradesh,India,False,False,rolling,2022-12-01,7,2023-07-01,8074.32,7623.3110438683625,684.5236923627364,6746.058634268527,8500.563453468198,0.8,961.7855555555556,
sarima_core,electricity,IND|Andhra Pradesh,India,False,False,rolling,2022-12-01,8,2023-08-01,7871.3,8027.268737284287,684.5839530853249,7149.939100461078,8904.598374107496,0.8,961.7855555555556,
sarima_core,electricity,IND|Andhra Pradesh,India,False,False,rolling,2022-12-01,9,2023-09-01,7625.55,7439.336343687318,684.6082796284238,6561.975531144716,8316.69715622992,0.8,961.7855555555556,
sarima_core,electricity,IND|Andhra Pradesh,India,False,False,rolling,2022-12-01,10,2023-10-01,7668.36,6605.903229136497,684.6181476432149,5728.529770224091,7483.276688048903,0.8,961.7855555555556,
sarima_core,electricity,IND|Andhra Pradesh,India,False,False,rolling,2022-12-01,11,2023-11-01,6395.86,6074.030093993818,684.6221585674839,5196.6514948751355,6951.4086931125,0.8,961.7855555555556,
sarima_core,electricity,IND|Andhra Pradesh,India,False,False,rolling,2022-12-01,12,2023-12-01,6080.13,6558.768589144802,684.6237901847637,5681.38789902444,7436.149279265163,0.8,961.7855555555556,
sarima_core,electricity,IND|Andhra Pradesh,India,False,False,rolling,2023-12-01,1,2024-01-01,7474.92,6927.723986582789,590.965005815894,6170.371858197356,7685.076114968221,0.8,896.1722916666668,
sarima_core,electricity,IND|Andhra Pradesh,India,False,False,rolling,2023-12-01,2,2024-02-01,7376.38,7236.484419746042,641.7254024999181,6414.080225522533,8058.8886139695505,0.8,896.1722916666668,
sarima_core,electricity,IND|Andhra Pradesh,India,False,False,rolling,2023-12-01,3,2024-03-01,8035.41,7989.036406151614,651.5672325847924,7154.01939917501,8824.053413128217,0.8,896.1722916666668,
sarima_core,electricity,IND|Andhra Pradesh,India,False,False,rolling,2023-12-01,4,2024-04-01,8280.23,8080.234791697212,653.9634910041688,7242.146855991808,8918.322727402618,0.8,896.1722916666668,
sarima_core,electricity,IND|Andhra Pradesh,India,False,False,rolling,2023-12-01,5,2024-05-01,8348.22,8249.687070513979,654.6799742106201,7410.68092463366,9088.693216394298,0.8,896.1722916666668,
sarima_core,electricity,IND|Andhra Pradesh,India,False,False,rolling,2023-12-01,6,2024-06-01,7960.97,8269.635371496677,654.9279227418696,7430.311466787961,9108.959276205393,0.8,896.1722916666668,
sarima_core,electricity,IND|Andhra Pradesh,India,False,False,rolling,2023-12-01,7,2024-07-01,7038.44,8308.86538651354,655.0208543064142,7469.422385212793,9148.308387814286,0.8,896.1722916666668,
sarima_core,electricity,IND|Andhra Pradesh,India,False,False,rolling,2023-12-01,8,2024-08-01,7818.74,8396.201981871745,655.0569929708354,7556.712667009033,9235.691296734458,0.8,896.1722916666668,
sarima_core,electricity,IND|Andhra Pradesh,India,False,False,rolling,2023-12-01,9,2024-09-01,7672.3,8085.453177620766,655.0712683041719,7245.945568182267,8924.960787059264,0.8,896.1722916666668,
sarima_core,electricity,IND|Andhra Pradesh,India,False,False,rolling,2023-12-01,10,2024-10-01,7506.5,7629.352660540236,655.0769436277018,6789.837777881983,8468.867543198488,0.8,896.1722916666668,
sarima_core,electricity,IND|Andhra Pradesh,India,False,False,rolling,2023-12-01,11,2024-11-01,6703.02,6874.97741648564,655.0792057999231,6035.459634737035,7714.4951982342445,0.8,896.1722916666668,
sarima_core,electricity,IND|Andhra Pradesh,India,False,False,rolling,2023-12-01,12,2024-12-01,6424.13,6880.546701196856,655.0801084644621,6041.027762637098,7720.065639756614,0.8,896.1722916666668,
sarima_core,electricity,IND|Arunachal Pradesh,India,False,False,holdout,last12,1,2024-12-01,222.34,210.7257527570946,68.34948055081703,123.13236895303481,298.3191365611544,0.8,86.53,
sarima_core,electricity,IND|Arunachal Pradesh,India,False,False,holdout,last12,2,2025-01-01,142.54,154.6838182475653,78.86331968519596,53.61640744095813,255.75122905417248,0.8,86.53,
sarima_core,electricity,IND|Arunachal Pradesh,India,False,False,holdout,last12,3,2025-02-01,108.76,137.1022416709532,83.46365863064445,30.13925928677071,244.06522405513567,0.8,86.53,
sarima_core,electricity,IND|Arunachal Pradesh,India,False,False,holdout,last12,4,2025-03-01,184.22,196.91662606052802,86.40441899763535,86.18490762413683,307.6483444969192,0.8,86.53,
sarima_core,electricity,IND|Arunachal Pradesh,India,False,False,holdout,last12,5,2025-04-01,199.03,209.78873739765316,88.7545778083738,96.04516925808169,323.53230553722466,0.8,86.53,
sarima_core,electricity,IND|Arunachal Pradesh,India,False,False,holdout,last12,6,2025-05-01,378.7,274.68585755601396,90.85764548465121,158.2470997434629,391.124615368565,0.8,86.53,
sarima_core,electricity,IND|Arunachal Pradesh,India,False,False,holdout,last12,7,2025-06-01,510.44,471.4874272372328,92.83979773193805,352.5084391090236,590.466415365442,0.8,86.53,
sarima_core,electricity,IND|Arunachal Pradesh,India,False,False,holdout,last12,8,2025-07-01,601.08,636.1536739553869,94.75112725618018,514.7252184831135,757.5821294276603,0.8,86.53,
sarima_core,electricity,IND|Arunachal Pradesh,India,False,False,holdout,last12,9,2025-08-01,675.71,623.2696536063843,96.61278605612863,499.4553863845271,747.0839208282415,0.8,86.53,
sarima_core,electricity,IND|Arunachal Pradesh,India,False,False,holdout,last12,10,2025-09-01,576.59,450.08276241717743,98.43442912314609,323.93396567092054,576.2315591634343,0.8,86.53,
sarima_core,electricity,IND|Arunachal Pradesh,India,False,False,holdout,last12,11,2025-10-01,430.12,484.0922979323419,100.22101075607148,355.65390469743625,612.5306911672476,0.8,86.53,
sarima_core,electricity,IND|Arunachal Pradesh,India,False,False,holdout,last12,12,2025-11-01,285.89,263.13960947964335,101.97550075481571,132.4527468401147,393.82647211917197,0.8,86.53,
sarima_core,electricity,IND|Arunachal Pradesh,India,False,False,rolling,2022-12-01,1,2023-01-01,178.59,248.390009550038,50.5090341784838,183.66007772445636,313.11994137561965,0.8,91.8836111111111,
sarima_core,electricity,IND|Arunachal Pradesh,India,False,False,rolling,2022-12-01,2,2023-02-01,154.42,236.00597380081481,51.366421646466215,170.177255723362,301.8346918782676,0.8,91.8836111111111,
sarima_core,electricity,IND|Arunachal Pradesh,India,False,False,rolling,2022-12-01,3,2023-03-01,203.9,295.84176134972364,51.42920177633497,229.93258729855242,361.75093540089483,0.8,91.8836111111111,
sarima_core,electricity,IND|Arunachal Pradesh,India,False,False,rolling,2022-12-01,4,2023-04-01,220.16,305.259961984816,51.43715958582252,239.34058959043773,371.1793343791943,0.8,91.8836111111111,
sarima_core,electricity,IND|Arunachal Pradesh,India,False,False,rolling,2022-12-01,5,2023-05-01,263.77,510.4031969723814,51.43832084448074,444.4823363651517,576.3240575796111,0.8,91.8836111111111,
sarima_core,electricity,IND|Arunachal Pradesh,India,False,False,rolling,2022-12-01,6,2023-06-01,462.67,684.8762247721581,51.438494364450996,618.9551417901389,750.7973077541774,0.8,91.8836111111111,
sarima_core,electricity,IND|Arunachal Pradesh,India,False,False,rolling,2022-12-01,7,2023-07-01,696.96,689.0067169687026,51.4385203869034,623.0856006375686,754.9278332998365,0.8,91.8836111111111,
sarima_core,electricity,IND|Arunachal Pradesh,India,False,False,rolling,2022-12-01,8,2023-08-01,744.64,700.2146290175685,51.43852429194949,634.2935076819167,766.1357503532204,0.8,91.8836111111111,
sarima_core,electricity,IND|Arunachal Pradesh,India,False,False,rolling,2022-12-01,9,2023-09-01,492.36,687.6258071849293,51.43852487838962,621.7046850977242,753.5469292721343,0.8,91.8836111111111,
sarima_core,electricity,IND|Arunachal Pradesh,India,False,False,rolling,2022-12-01,10,2023-10-01,448.46,653.8319800302386,51.43852496684273,587.9108578296763,719.7531022308009,0.8,91.8836111111111,
sarima_core,electricity,IND|Arunachal Pradesh,India,False,False,rolling,2022-12-01,11,2023-11-01,243.09,421.07669458211785,51.4385249805673,355.1555723639668,486.9978168002689,0.8,91.8836111111111,
sarima_core,electricity,IND|Arunachal Pradesh,India,False,False,rolling,2022-12-01,12,2023-12-01,183.0,313.2522268366924,51.43852498307799,247.33110461532374,379.17334905806104,0.8,91.8836111111111,
sarima_core,electricity,IND|Arunachal Pradesh,India,False,False,rolling,2023-12-01,1,2024-01-01,148.77,148.9216857197362,70.91382664900928,58.04196015893994,239.80141128053242,0.8,90.08770833333335,
sarima_core,electricity,IND|Arunachal Pradesh,India,False,False,rolling,2023-12-01,2,2024-02-01,150.0,132.85698584236994,81.21748016524745,28.772596987009535,236.94137469773034,0.8,90.08770833333335,
sarima_core,electricity,IND|Arunachal Pradesh,India,False,False,rolling,2023-12-01,3,2024-03-01,226.88,190.42612270539988,85.83190004637162,80.42811682730468,300.4241285834951,0.8,90.08770833333335,
sarima_core,electricity,IND|Arunachal Pradesh,India,False,False,rolling,2023-12-01,4,2024-04-01,237.47,206.94827170989993,88.93755543614537,92.97020830499814,320.9263351148017,0.8,90.08770833333335,
sarima_core,electricity,IND|Arunachal Pradesh,India,False,False,rolling,2023-12-01,5,2024-05-01,329.09,322.71192513385154,91.52551218050462,205.41726171165445,440.00658855604865,0.8,90.08770833333335,
sarima_core,electricity,IND|Arunachal Pradesh,India,False,False,rolling,2023-12-01,6,2024-06-01,523.65,512.6469563141899,93.897964456606,392.3118729633752,632.9820396650045,0.8,90.08770833333335,
sarima_core,electricity,IND|Arunachal Pradesh,India,False,False,rolling,2023-12-01,7,2024-07-01,603.55,631.2226132738941,96.1597898823611,507.98888400771443,754.4563425400738,0.8,90.08770833333335,
sarima_core,electricity,IND|Arunachal Pradesh,India,False,False,rolling,2023-12-01,8,2024-08-01,516.87,671.6203753398833,98.35052047919487,545.5791118476448,797.6616388321218,0.8,90.08770833333335,
sarima_core,electricity,IND|Arunachal Pradesh,India,False,False,rolling,2023-12-01,9,2024-09-01,440.15,528.4742307992178,100.48646599236591,399.695642990657,657.2528186077786,0.8,90.08770833333335,
sarima_core,electricity,IND|Arunachal Pradesh,India,False,False,rolling,2023-12-01,10,2024-10-01,569.17,495.9330251939133,102.57534402759995,364.47743246906657,627.38861791876,0.8,90.08770833333335,
sarima_core,electricity,IND|Arunachal Pradesh,India,False,False,rolling,2023-12-01,11,2024-11-01,329.22,269.4547378590759,104.62156154892972,135.37681186632426,403.5326638518276,0.8,90.08770833333335,
sarima_core,electricity,IND|Arunachal Pradesh,India,False,False,rolling,2023-12-01,12,2024-12-01,222.34,184.66723470951044,106.6281624767042,48.01774615634616,321.3167232626747,0.8,90.08770833333335,
sarima_core,electricity,IND|Assam,India,False,False,holdout,last12,1,2024-12-01,712.46,761.1681952858388,86.56216784238195,650.2343135704998,872.1020770011778,0.8,128.93830508474576,
sarima_core,electricity,IND|Assam,India,False,False,holdout,last12,2,2025-01-01,788.7,798.3456340612121,98.58917737754835,671.9985194472607,924.6927486751634,0.8,128.93830508474576,
sarima_core,electricity,IND|Assam,India,False,False,holdout,last12,3,2025-02-01,741.45,702.7091654492651,103.38455801449265,570.2165232726555,835.2018076258747,0.8,128.93830508474576,
sarima_core,electricity,IND|Assam,India,False,False,holdout,last12,4,2025-03-01,680.59,774.8941625564001,106.26274266150472,638.7129783394857,911.0753467733145,0.8,128.93830508474576,
sarima_core,electricity,IND|Assam,India,False,False,holdout,last12,5,2025-04-01,703.01,847.714176375326,108.49364713203158,708.6739730416275,986.7543797090245,0.8,128.93830508474576,
sarima_core,electricity,IND|Assam,India,False,False,holdout,last12,6,2025-05-01,717.06,858.9303627185352,110.46882031133224,717.3588731046823,1000.5018523323881,0.8,128.93830508474576,
sarima_core,electricity,IND|Assam,India,False,False,holdout,last12,7,2025-06-01,804.5,876.9827620003048,112.32770039186856,733.0290217090808,1020.9365022915288,0.8,128.93830508474576,
sarima_core,electricity,IND|Assam,India,False,False,holdout,last12,8,2025-07-01,851.97,895.8088945441335,114.12403486875697,749.5530589918114,1042.0647300964556,0.8,128.93830508474576,
sarima_core,electricity,IND|Assam,India,False,False,holdout,last12,9,2025-08-01,850.47,887.2815378583819,115.87963667315306,738.7758080651631,1035.7872676516006,0.8,128.93830508474576,
sarima_core,electricity,IND|Assam,India,False,False,holdout,last12,10,2025-09-01,865.28,891.9329215094413,117.60386373161639,741.2175058300944,1042.648337188788,0.8,128.93830508474576,
sarima_core,electricity,IND|Assam,India,False,False,holdout,last12,11,2025-10-01,850.24,948.3173022496358,119.30109598498758,795.4267959188883,1101.2078085803832,0.8,128.93830508474576,
sarima_core,electricity,IND|Assam,India,False,False,holdout,last12,12,2025-11-01,722.01,793.095747970009,120.9736830293906,638.0617350939972,948.1297608460209,0.8,128.93830508474576,
sarima_core,electricity,IND|Assam,India,False,False,rolling,2022-12-01,1,2023-01-01,777.59,622.2506233250065,89.41972716204158,507.6546319899211,736.8466146600919,0.8,161.5547222222222,
sarima_core,electricity,IND|Assam,India,False,False,rolling,2022-12-01,2,2023-02-01,739.91,695.9279805023918,129.74200641976483,529.6569090582447,862.199051946539,0.8,161.5547222222222,
sarima_core,electricity,IND|Assam,India,False,False,rolling,2022-12-01,3,2023-03-01,658.7,852.3539964517713,158.3252794169365,649.45198674971,1055.2560061538325,0.8,161.5547222222222,
sarima_core,electricity,IND|Assam,India,False,False,rolling,2022-12-01,4,2023-04-01,789.88,823.3590009119312,183.65196331131307,587.9995398149783,1058.718462008884,0.8,161.5547222222222,
sarima_core,electricity,IND|Assam,India,False,False,rolling,2022-12-01,5,2023-05-01,773.6,805.742622691797,205.14365527951784,542.8404501067891,1068.6447952768049,0.8,161.5547222222222,
sarima_core,electricity,IND|Assam,India,False,False,rolling,2022-12-01,6,2023-06-01,783.94,839.813766932548,225.0701350461143,551.3747830068655,1128.2527508582305,0.8,161.5547222222222,
sarima_core,electricity,IND|Assam,India,False,False,rolling,2022-12-01,7,2023-07-01,780.7,847.0395535274378,243.05267488031444,535.555017524768,1158.5240895301076,0.8,161.5547222222222,
sarima_core,electricity,IND|Assam,India,False,False,rolling,2022-12-01,8,2023-08-01,849.96,864.1031319799075,260.00493443326747,530.8934012076325,1197.3128627521826,0.8,161.5547222222222,
sarima_core,electricity,IND|Assam,India,False,False,rolling,2022-12-01,9,2023-09-01,845.29,819.4756781007002,275.77562755727155,466.0549908656342,1172.8963653357662,0.8,161.5547222222222,
sarima_core,electricity,IND|Assam,India,False,False,rolling,2022-12-01,10,2023-10-01,937.38,774.5659987134458,290.7878218404989,401.90641039245,1147.2255870344416,0.8,161.5547222222222,
sarima_core,electricity,IND|Assam,India,False,False,rolling,2022-12-01,11,2023-11-01,773.39,721.7794268619118,304.9970879788556,330.90993127606527,1112.6489224477584,0.8,161.5547222222222,
sarima_core,electricity,IND|Assam,India,False,False,rolling,2022-12-01,12,2023-12-01,751.93,760.2132801014922,318.6175447886869,351.8884667675736,1168.5380934354107,0.8,161.5547222222222,
sarima_core,electricity,IND|Assam,India,False,False,rolling,2023-12-01,1,2024-01-01,748.0,761.6493291998403,88.81261032810677,647.8313893937525,875.4672690059281,0.8,142.86041666666665,
sarima_core,electricity,IND|Assam,India,False,False,rolling,2023-12-01,2,2024-02-01,600.84,805.3447656076534,102.60478617255333,673.8514412558486,936.8380899594581,0.8,142.86041666666665,
sarima_core,electricity,IND|Assam,India,False,False,rolling,2023-12-01,3,2024-03-01,794.41,821.6865246835923,107.04981169995088,684.4966709082656,958.876378458919,0.8,142.86041666666665,
sarima_core,electricity,IND|Assam,India,False,False,rolling,2023-12-01,4,2024-04-01,819.47,888.3454464012473,108.68821843765043,749.0558899062229,1027.6350028962718,0.8,142.86041666666665,
sarima_core,electricity,IND|Assam,India,False,False,rolling,2023-12-01,5,2024-05-01,852.47,889.1909886021043,109.35717448017628,749.0441304435003,1029.3378467607083,0.8,142.86041666666665,
sarima_core,electricity,IND|Assam,India,False,False,rolling,2023-12-01,6,2024-06-01,876.59,903.4300742236187,109.65613934525581,762.9000771741293,1043.960071273108,0.8,142.86041666666665,
sarima_core,electricity,IND|Assam,India,False,False,rolling,2023-12-01,7,2024-07-01,913.11,902.4115926280812,109.79998921219236,761.6972445564159,1043.1259406997465,0.8,142.86041666666665,
sarima_core,electricity,IND|Assam,India,False,False,rolling,2023-12-01,8,2024-08-01,841.99,946.010998355383,109.87302542184256,805.203050614899,1086.818946095867,0.8,142.86041666666665,
sarima_core,electricity,IND|Assam,India,False,False,rolling,2023-12-01,9,2024-09-01,854.13,915.7267522561837,109.91144653694401,774.8695658754914,1056.583938636876,0.8,142.86041666666665,
sarima_core,electricity,IND|Assam,India,False,False,rolling,2023-12-01,10,2024-10-01,881.79,940.2208090121999,109.93210454006682,799.3371483352646,1081.1044696891352,0.8,142.86041666666665,
sarima_core,electricity,IND|Assam,India,False,False,rolling,2023-12-01,11,2024-11-01,733.62,821.3145300951302,109.94335569554292,680.4164504822803,962.21260970798,0.8,142.86041666666665,
sarima_core,electricity,IND|Assam,India,False,False,rolling,2023-12-01,12,2024-12-01,712.46,831.0177317901723,109.94952894582065,690.1117408387645,971.9237227415801,0.8,142.86041666666665,
sarima_core,electricity,IND|Bihar,India,False,False,holdout,last12,1,2024-12-01,4685.25,4702.415410757437,427.16216468298853,4154.985069866532,5249.845751648341,0.8,585.3803389830508,
sarima_core,electricity,IND|Bihar,India,False,False,holdout,last12,2,2025-01-01,4662.62,5040.614303133946,506.0553290195493,4392.078303976755,5689.150302291137,0.8,585.3803389830508,
sarima_core,electricity,IND|Bihar,India,False,False,holdout,last12,3,2025-02-01,5048.01,5380.342563523644,544.9239210302684,4681.994459424601,6078.690667622686,0.8,585.3803389830508,
sarima_core,electricity,IND|Bihar,India,False,False,holdout,last12,4,2025-03-01,5726.4,5497.230144126241,571.2326975245328,4765.165986323411,6229.294301929071,0.8,585.3803389830508,
sarima_core,electricity,IND|Bihar,India,False,False,holdout,last12,5,2025-04-01,5213.38,5701.852372381244,592.6010040225893,4942.403627932793,6461.301116829695,0.8,585.3803389830508,
sarima_core,electricity,IND|Bihar,India,False,False,holdout,last12,6,2025-05-01,4863.17,5513.159012148795,611.6925026020957,4729.243527807185,6297.074496490405,0.8,585.3803389830508,
sarima_core,electricity,IND|Bihar,India,False,False,holdout,last12,7,2025-06-01,4684.21,5505.173913266777,629.5626222625305,4698.356949097867,6311.990877435687,0.8,585.3803389830508,
sarima_core,electricity,IND|Bihar,India,False,False,holdout,last12,8,2025-07-01,4781.53,5239.993567045084,646.6646146020572,4411.259517819522,6068.727616270646,0.8,585.3803389830508,
sarima_core,electricity,IND|Bihar,India,False,False,holdout,last12,9,2025-08-01,4740.31,5370.302226117381,663.2075164727984,4520.36759510072,6220.236857134042,0.8,585.3803389830508,
sarima_core,electricity,IND|Bihar,India,False,False,holdout,last12,10,2025-09-01,4872.88,5265.8830032400765,679.2965159295771,4395.329489781534,6136.436516698619,0.8,585.3803389830508,
sarima_core,electricity,IND|Bihar,India,False,False,holdout,last12,11,2025-10-01,4609.9,5605.4872241986,694.9909685382213,4714.820460429085,6496.153987968116,0.8,585.3803389830508,
sarima_core,electricity,IND|Bihar,India,False,False,holdout,last12,12,2025-11-01,4860.24,5192.82913851267,710.3291034139594,4282.505763980618,6103.152513044723,0.8,585.3803389830508,
sarima_core,electricity,IND|Bihar,India,False,False,rolling,2022-12-01,1,2023-01-01,4738.94,5063.028267997788,442.00519327294404,4496.575820580003,5629.480715415573,0.8,710.4119444444444,
sarima_core,electricity,IND|Bihar,India,False,False,rolling,2022-12-01,2,2023-02-01,4701.89,4946.0291104074195,521.7859894845282,4277.333458704284,5614.724762110555,0.8,710.4119444444444,
sarima_core,electricity,IND|Bihar,India,False,False,rolling,2022-12-01,3,2023-03-01,4772.6,5649.0734297524605,566.394633540553,4923.209500422505,6374.937359082416,0.8,710.4119444444444,
sarima_core,electricity,IND|Bihar,India,False,False,rolling,2022-12-01,4,2023-04-01,5106.57,5738.190276903898,600.8746413087617,4968.138439638604,6508.242114169192,0.8,710.4119444444444,
sarima_core,electricity,IND|Bihar,India,False,False,rolling,2022-12-01,5,2023-05-01,4782.3,5352.6933028402345,631.3552918547966,4543.578940148852,6161.807665531617,0.8,710.4119444444444,
sarima_core,electricity,IND|Bihar,India,False,False,rolling,2022-12-01,6,2023-06-01,4745.85,5485.909606341049,659.7427258642766,4640.415283153023,6331.403929529075,0.8,710.4119444444444,
sarima_core,electricity,IND|Bihar,India,False,False,rolling,2022-12-01,7,2023-07-01,4852.38,5357.01485969775,686.7312978041319,4476.9332898883895,6237.09642950711,0.8,710.4119444444444,
sarima_core,electricity,IND|Bihar,India,False,False,rolling,2022-12-01,8,2023-08-01,5335.02,5311.2634708866835,712.6232076257033,4398.000083510548,6224.526858262819,0.8,710.4119444444444,
sarima_core,electricity,IND|Bihar,India,False,False,rolling,2022-12-01,9,2023-09-01,4972.18,5163.6283022842745,737.5816350084162,4218.379403222292,6108.877201346257,0.8,710.4119444444444,
sarima_core,electricity,IND|Bihar,India,False,False,rolling,2022-12-01,10,2023-10-01,4849.6,4978.715587142618,761.7142921339089,4002.5394435607095,5954.891730724526,0.8,710.4119444444444,
sarima_core,electricity,IND|Bihar,India,False,False,rolling,2022-12-01,11,2023-11-01,4658.79,5316.3093968366475,785.102679617081,4310.159828660117,6322.458965013178,0.8,710.4119444444444,
sarima_core,electricity,IND|Bihar,India,False,False,rolling,2022-12-01,12,2023-12-01,4183.25,5767.723604061682,807.8132436611058,4732.4692769801295,6802.977931143234,0.8,710.4119444444444,
sarima_core,electricity,IND|Bihar,India,False,False,rolling,2023-12-01,1,2024-01-01,4626.83,4685.7460141780175,437.502979511331,4125.0633858548445,5246.428642501191,0.8,625.5177083333333,
sarima_core,electricity,IND|Bihar,India,False,False,rolling,2023-12-01,2,2024-02-01,5223.83,4646.893580541697,540.6309889086601,3954.047090323878,5339.740070759515,0.8,625.5177083333333,
sarima_core,electricity,IND|Bihar,India,False,False,rolling,2023-12-01,3,2024-03-01,5367.25,5066.754429942899,597.257681842696,4301.337912743853,5832.170947141945,0.8,625.5177083333333,
sarima_core,electricity,IND|Bihar,India,False,False,rolling,2023-12-01,4,2024-04-01,5475.15,5388.237314378199,636.4630709879845,4572.577069342224,6203.897559414174,0.8,625.5177083333333,
sarima_core,electricity,IND|Bihar,India,False,False,rolling,2023-12-01,5,2024-05-01,5383.26,5194.099497443845,667.7170792030404,4338.385629250321,6049.81336563737,0.8,625.5177083333333,
sarima_core,electricity,IND|Bihar,India,False,False,rolling,2023-12-01,6,2024-06-01,5395.28,5254.704929834902,694.8568149326181,4364.21009082867,6145.199768841134,0.8,625.5177083333333,
sarima_core,electricity,IND|Bihar,India,False,False,rolling,2023-12-01,7,2024-07-01,4860.69,5203.273600641104,719.6318651567397,4281.028257233704,6125.518944048505,0.8,625.5177083333333,
sarima_core,electricity,IND|Bihar,India,False,False,rolling,2023-12-01,8,2024-08-01,4735.77,5343.006043700107,742.9035618685296,4390.936820938832,6295.075266461381,0.8,625.5177083333333,
sarima_core,electricity,IND|Bihar,India,False,False,rolling,2023-12-01,9,2024-09-01,4818.41,5256.56088136854,765.1216328656226,4276.018054937561,6237.10370779952,0.8,625.5177083333333,
sarima_core,electricity,IND|Bihar,India,False,False,rolling,2023-12-01,10,2024-10-01,5492.64,4977.679826647059,786.5343019094189,3969.6955606805136,5985.664092613604,0.8,625.5177083333333,
sarima_core,electricity,IND|Bihar,India,False,False,rolling,2023-12-01,11,2024-11-01,4919.34,5079.820102668233,807.2872495785745,4045.2398641266163,6114.400341209849,0.8,625.5177083333333,
sarima_core,electricity,IND|Bihar,India,False,False,rolling,2023-12-01,12,2024-12-01,4685.25,4839.718266902322,827.4722381812337,3779.2699246164675,5900.166609188177,0.8,625.5177083333333,
sarima_core,electricity,IND|Chandigarh,India,False,False,holdout,last12,1,2024-12-01,0.66,0.6101570448388355,0.6793528746214176,-0.2604686951894668,1.4807827848671378,0.8,0.5545762711864405,
sarima_core,electricity,IND|Chandigarh,India,False,False,holdout,last12,2,2025-01-01,0.4,0.42221009222465133,0.6809729144083547,-0.45049181232884483,1.2949119967781475,0.8,0.5545762711864405,
sarima_core,electricity,IND|Chandigarh,India,False,False,holdout,last12,3,2025-02-01,0.4,0.8820878611175249,0.6857036901903364,0.0033232234543896233,1.7608524987806602,0.8,0.5545762711864405,
sarima_core,electricity,IND|Chandigarh,India,False,False,holdout,last12,4,2025-03-01,0.4,0.8835144687139262,0.6881584945863966,0.0016038726339143716,1.7654250647939382,0.8,0.5545762711864405,
sarima_core,electricity,IND|Chandigarh,India,False,False,holdout,last12,5,2025-04-01,0.4,1.479764447230227,0.690944933347638,0.5942828861934519,2.365246008267002,0.8,0.5545762711864405,
sarima_core,electricity,IND|Chandigarh,India,False,False,holdout,last12,6,2025-05-01,0.66,0.714676182744622,0.693659148773428,-0.17428378532029964,1.6036361508095436,0.8,0.5545762711864405,
sarima_core,electricity,IND|Chandigarh,India,False,False,holdout,last12,7,2025-06-01,0.66,1.2826295507790915,0.6963733970223607,0.3901911336214736,2.1750679679367093,0.8,0.5545762711864405,
sarima_core,electricity,IND|Chandigarh,India,False,False,holdout,last12,8,2025-07-01,0.63,0.44965676618308625,0.6990752518265815,-0.44624421722875496,1.3455577495949274,0.8,0.5545762711864405,
sarima_core,electricity,IND|Chandigarh,India,False,False,holdout,last12,9,2025-08-01,0.83,1.0722618149066439,0.7017670283758511,0.17291118104398984,1.9716124487692979,0.8,0.5545762711864405,
sarima_core,electricity,IND|Chandigarh,India,False,False,holdout,last12,10,2025-09-01,0.83,0.5163803547650806,0.7044484628189688,-0.386406675606056,1.4191673851362172,0.8,0.5545762711864405,
sarima_core,electricity,IND|Chandigarh,India,False,False,holdout,last12,11,2025-10-01,0.83,0.9218145617007327,0.7071197390855107,0.015604153048207059,1.8280249703532583,0.8,0.5545762711864405,
sarima_core,electricity,IND|Chandigarh,India,False,False,holdout,last12,12,2025-11-01,0.42,0.3618145629760867,0.7097809602888714,-0.5478063378758662,1.2714354638280396,0.8,0.5545762711864405,
sarima_core,electricity,IND|Chandigarh,India,False,False,rolling,2022-12-01,1,2023-01-01,0.72,0.6306884116162667,0.7503874302739593,-0.33097177441631553,1.592348597648849,0.8,0.5552777777777779,
sarima_core,electricity,IND|Chandigarh,India,False,False,rolling,2022-12-01,2,2023-02-01,1.43,1.6111976320926518,0.7510956304209203,0.6486298510530127,2.573765413132291,0.8,0.5552777777777779,
sarima_core,electricity,IND|Chandigarh,India,False,False,rolling,2022-12-01,3,2023-03-01,1.43,1.6107939985732762,0.751401948747934,0.6478336548020979,2.5737543423444547,0.8,0.5552777777777779,
sarima_core,electricity,IND|Chandigarh,India,False,False,rolling,2022-12-01,4,2023-04-01,2.2,2.2768421918412702,0.751375193016743,1.3139161369192869,3.2397682467632536,0.8,0.5552777777777779,
sarima_core,electricity,IND|Chandigarh,India,False,False,rolling,2022-12-01,5,2023-05-01,0.75,0.4196683388737106,0.7513778937321604,-0.5432611771543439,1.382597854901765,0.8,0.5552777777777779,
sarima_core,electricity,IND|Chandigarh,India,False,False,rolling,2022-12-01,6,2023-06-01,1.98,1.7131542639742803,0.751377625293566,0.7502250919641267,2.6760834359844337,0.8,0.5552777777777779,
sarima_core,electricity,IND|Chandigarh,India,False,False,rolling,2022-12-01,7,2023-07-01,0.59,0.38966869747182975,0.7513776520795464,-0.573260508865939,1.3525979038095985,0.8,0.5552777777777779,
sarima_core,electricity,IND|Chandigarh,India,False,False,rolling,2022-12-01,8,2023-08-01,1.24,2.5589090072336944,0.7513776494714419,1.595979804238346,3.521838210229043,0.8,0.5552777777777779,
sarima_core,electricity,IND|Chandigarh,India,False,False,rolling,2022-12-01,9,2023-09-01,0.78,0.37332808569809595,0.75137764978957,-0.5896011177049499,1.336257289101142,0.8,0.5552777777777779,
sarima_core,electricity,IND|Chandigarh,India,False,False,rolling,2022-12-01,10,2023-10-01,1.19,2.1933280857372135,0.7513776498163829,1.2303988822998055,3.1562572891746212,0.8,0.5552777777777779,
sarima_core,electricity,IND|Chandigarh,India,False,False,rolling,2022-12-01,11,2023-11-01,0.63,0.37698747040559355,0.751377649872197,-0.5859417331033432,1.3399166739145303,0.8,0.5552777777777779,
sarima_core,electricity,IND|Chandigarh,India,False,False,rolling,2022-12-01,12,2023-12-01,0.63,1.5954680820358718,0.7513776499251237,0.6325388784591068,2.558397285612637,0.8,0.5552777777777779,
sarima_core,electricity,IND|Chandigarh,India,False,False,rolling,2023-12-01,1,2024-01-01,0.45,1.1583776262483794,0.6848424489469087,0.28071671364907047,2.0360385388476883,0.8,0.57375,
sarima_core,electricity,IND|Chandigarh,India,False,False,rolling,2023-12-01,2,2024-02-01,0.63,1.2370487413497853,0.6929456666386206,0.3490031374317143,2.1250943452678563,0.8,0.57375,
sarima_core,electricity,IND|Chandigarh,India,False,False,rolling,2023-12-01,3,2024-03-01,0.63,1.2729206469350467,0.6938417392919919,0.383726679705206,2.1621146141648873,0.8,0.57375,
sarima_core,electricity,IND|Chandigarh,India,False,False,rolling,2023-12-01,4,2024-04-01,1.02,2.681556375963254,0.6937573884867331,1.7924705086399477,3.57064224328656,0.8,0.57375,
sarima_core,electricity,IND|Chandigarh,India,False,False,rolling,2023-12-01,5,2024-05-01,1.07,0.5383755705779572,0.6937756284943061,-0.3507336722556098,1.4274848134115241,0.8,0.57375,
sarima_core,electricity,IND|Chandigarh,India,False,False,rolling,2023-12-01,6,2024-06-01,0.85,1.0123071345461918,0.6937723711213356,0.12320206620405472,1.901412202888329,0.8,0.57375,
sarima_core,electricity,IND|Chandigarh,India,False,False,rolling,2023-12-01,7,2024-07-01,0.68,0.4580794905424799,0.6937729789006185,-0.43102635670014877,1.3471853377851084,0.8,0.57375,
sarima_core,electricity,IND|Chandigarh,India,False,False,rolling,2023-12-01,8,2024-08-01,1.27,1.9130778227292653,0.6937728727466564,1.0239721115284128,2.8021835339301178,0.8,0.57375,
sarima_core,electricity,IND|Chandigarh,India,False,False,rolling,2023-12-01,9,2024-09-01,0.6,0.5251716662262043,0.6937728978061746,-0.3639340770897128,1.4142774095421213,0.8,0.57375,
sarima_core,electricity,IND|Chandigarh,India,False,False,rolling,2023-12-01,10,2024-10-01,1.0,1.801628125413032,0.6937728987278806,0.9125223809159011,2.690733869910163,0.8,0.57375,
sarima_core,electricity,IND|Chandigarh,India,False,False,rolling,2023-12-01,11,2024-11-01,0.44,0.4734927870610198,0.6937729040891882,-0.4156129643069032,1.362598538428943,0.8,0.57375,
sarima_core,electricity,IND|Chandigarh,India,False,False,rolling,2023-12-01,12,2024-12-01,0.66,0.9650994250373874,0.6937729086339068,0.07599366784517314,1.8542051822296017,0.8,0.57375,
sarima_core,electricity,IND|Chhattisgarh,India,False,False,holdout,last12,1,2024-12-01,14624.13,14153.140768017232,889.2750530672186,13013.48893155918,15292.792604475284,0.8,1286.9083050847457,
sarima_core,electricity,IND|Chhattisgarh,India,False,False,holdout,last12,2,2025-01-01,15520.41,15106.108626031506,1056.5474186884967,13752.088627539157,16460.128624523855,0.8,1286.9083050847457,
sarima_core,electricity,IND|Chhattisgarh,India,False,False,holdout,last12,3,2025-02-01,14491.25,14094.672350095987,1164.692149072043,12602.059303075204,15587.28539711677,0.8,1286.9083050847457,
sarima_core,electricity,IND|Chhattisgarh,India,False,False,holdout,last12,4,2025-03-01,15220.62,15385.335607050587,1255.8900273740862,13775.847776317476,16994.8234377837,0.8,1286.9083050847457,
sarima_core,electricity,IND|Chhattisgarh,India,False,False,holdout,last12,5,2025-04-01,14477.44,15335.79960252102,1339.1164417450568,13619.652830156127,17051.946374885913,0.8,1286.9083050847457,
sarima_core,electricity,IND|Chhattisgarh,India,False,False,holdout,last12,6,2025-05-01,14345.66,15842.710069785539,1417.0423233165961,14026.697261896197,17658.72287767488,0.8,1286.9083050847457,
sarima_core,electricity,IND|Chhattisgarh,India,False,False,holdout,last12,7,2025-06-01,14409.83,14883.03207199882,1490.799682069543,12972.495405529204,16793.568738468435,0.8,1286.9083050847457,
sarima_core,electricity,IND|Chhattisgarh,India,False,False,holdout,last12,8,2025-07-01,13782.32,14243.984918872253,1561.0517189138045,12243.416644602177,16244.553193142328,0.8,1286.9083050847457,
sarima_core,electricity,IND|Chhattisgarh,India,False,False,holdout,last12,9,2025-08-01,13627.89,13553.933169836497,1628.2696609695804,11467.221636692155,15640.644702980839,0.8,1286.9083050847457,
sarima_core,electricity,IND|Chhattisgarh,India,False,False,holdout,last12,10,2025-09-01,12871.84,13722.895243615367,1692.8192098286565,11553.460135075478,15892.330352155255,0.8,1286.9083050847457,
sarima_core,electricity,IND|Chhattisgarh,India,False,False,holdout,last12,11,2025-10-01,13668.27,15030.904242496119,1754.9958538478406,12781.786558473137,17280.0219265191,0.8,1286.9083050847457,
sarima_core,electricity,IND|Chhattisgarh,India,False,False,holdout,last12,12,2025-11-01,13111.59,13747.820100666775,1815.0437211211047,11421.747978332127,16073.892223001423,0.8,1286.9083050847457,
sarima_core,electricity,IND|Chhattisgarh,India,False,False,rolling,2022-12-01,1,2023-01-01,13759.69,13018.78204040966,963.1919438046423,11784.401896906875,14253.162183912445,0.8,1291.506111111111,
sarima_core,electricity,IND|Chhattisgarh,India,False,False,rolling,2022-12-01,2,2023-02-01,12853.62,11923.673126982249,1261.8961785845656,10306.48810376245,13540.858150202048,0.8,1291.506111111111,
sarima_core,electricity,IND|Chhattisgarh,India,False,False,rolling,2022-12-01,3,2023-03-01,14464.59,13757.326912499571,1575.7655763078549,11737.90207125095,15776.751753748193,0.8,1291.506111111111,
sarima_core,electricity,IND|Chhattisgarh,India,False,False,rolling,2022-12-01,4,2023-04-01,14166.74,14062.602123761619,1781.9948254153246,11778.883865458232,16346.320382065005,0.8,1291.506111111111,
sarima_core,electricity,IND|Chhattisgarh,India,False,False,rolling,2022-12-01,5,2023-05-01,14409.54,12983.65300989466,2009.6483342200336,10408.185040980878,15559.120978808443,0.8,1291.506111111111,
sarima_core,electricity,IND|Chhattisgarh,India,False,False,rolling,2022-12-01,6,2023-06-01,13475.52,12446.549460489721,2180.0281959807267,9652.73091299925,15240.368007980192,0.8,1291.506111111111,
sarima_core,electricity,IND|Chhattisgarh,India,False,False,rolling,2022-12-01,7,2023-07-01,13113.37,12636.44310221595,2365.4307742370047,9605.02159030514,15667.86461412676,0.8,1291.506111111111,
sarima_core,electricity,IND|Chhattisgarh,India,False,False,rolling,2022-12-01,8,2023-08-01,12852.01,12889.14980296258,2515.041476724806,9665.994461056302,16112.305144868858,0.8,1291.506111111111,
sarima_core,electricity,IND|Chhattisgarh,India,False,False,rolling,2022-12-01,9,2023-09-01,13205.63,10972.441117609269,2674.4934753643656,7544.939817217248,14399.94241800129,0.8,1291.506111111111,
sarima_core,electricity,IND|Chhattisgarh,India,False,False,rolling,2022-12-01,10,2023-10-01,14520.12,11722.8055604687,2809.898701135438,8121.77548100684,15323.83563993056,0.8,1291.506111111111,
sarima_core,electricity,IND|Chhattisgarh,India,False,False,rolling,2022-12-01,11,2023-11-01,12814.53,11468.996113301013,2951.541017867263,7686.444101084118,15251.548125517907,0.8,1291.506111111111,
sarima_core,electricity,IND|Chhattisgarh,India,False,False,rolling,2022-12-01,12,2023-12-01,13615.44,13184.328940363086,3076.3073805194717,9241.882400761948,17126.775479964224,0.8,1291.506111111111,
sarima_core,electricity,IND|Chhattisgarh,India,False,False,rolling,2023-12-01,1,2024-01-01,14810.0,14217.226534472882,934.712073740402,13019.34481303743,15415.108255908333,0.8,1423.7347916666668,
sarima_core,electricity,IND|Chhattisgarh,India,False,False,rolling,2023-12-01,2,2024-02-01,13650.29,13727.470751708017,1125.1240330039855,12285.566285779905,15169.375217636129,0.8,1423.7347916666668,
sarima_core,electricity,IND|Chhattisgarh,India,False,False,rolling,2023-12-01,3,2024-03-01,14554.64,15722.499638571946,1252.9755092290695,14116.74691313039,17328.252364013504,0.8,1423.7347916666668,
sarima_core,electricity,IND|Chhattisgarh,India,False,False,rolling,2023-12-01,4,2024-04-01,14798.6,14745.369300713448,1361.7190240222408,13000.25615364588,16490.482447781014,0.8,1423.7347916666668,
sarima_core,electricity,IND|Chhattisgarh,India,False,False,rolling,2023-12-01,5,2024-05-01,15618.87,14452.280211856003,1460.7958013070363,12580.195065749991,16324.365357962015,0.8,1423.7347916666668,
sarima_core,electricity,IND|Chhattisgarh,India,False,False,rolling,2023-12-01,6,2024-06-01,14628.62,13886.863135890255,1553.2026826414422,11896.353806343042,15877.372465437467,0.8,1423.7347916666668,
sarima_core,electricity,IND|Chhattisgarh,India,False,False,rolling,2023-12-01,7,2024-07-01,13660.63,13354.623450883764,1640.3287669328834,11252.457551613083,15456.789350154446,0.8,1423.7347916666668,
sarima_core,electricity,IND|Chhattisgarh,India,False,False,rolling,2023-12-01,8,2024-08-01,12461.34,12894.560077584872,1723.0356315842132,10686.401066438995,15102.71908873075,0.8,1423.7347916666668,
sarima_core,electricity,IND|Chhattisgarh,India,False,False,rolling,2023-12-01,9,2024-09-01,12410.95,13420.401548330163,1801.9458800363893,11111.114984742886,15729.68811191744,0.8,1423.7347916666668,
sarima_core,electricity,IND|Chhattisgarh,India,False,False,rolling,2023-12-01,10,2024-10-01,13711.26,13943.125384567958,1877.5415306959285,11536.959096529587,16349.29167260633,0.8,1423.7347916666668,
sarima_core,electricity,IND|Chhattisgarh,India,False,False,rolling,2023-12-01,11,2024-11-01,12930.06,13826.569277960642,1950.2088330162621,11327.276094869743,16325.86246105154,0.8,1423.7347916666668,
sarima_core,electricity,IND|Chhattisgarh,India,False,False,rolling,2023-12-01,12,2024-12-01,14624.13,14919.88756913406,2020.2639813068865,12330.815101076852,17508.960037191267,0.8,1423.7347916666668,
sarima_core,electricity,IND|Dadra and Nagar Haveli and Daman and Diu,India,False,False,holdout,last12,1,2024-12-01,2.56,2.326107328711764,1.5740737430139344,0.3088506590696074,4.3433639983539205,0.8,2.822881355932203,
sarima_core,electricity,IND|Dadra and Nagar Haveli and Daman and Diu,India,False,False,holdout,last12,2,2025-01-01,2.56,2.374058737655375,2.3595510901482375,-0.6498276559065674,5.397945131217317,0.8,2.822881355932203,
sarima_core,electricity,IND|Dadra and Nagar Haveli and Daman and Diu,India,False,False,holdout,last12,3,2025-02-01,2.68,2.5554762011515053,2.891929737528713,-1.1506808814234022,6.261633283726413,0.8,2.822881355932203,
sarima_core,electricity,IND|Dadra and Nagar Haveli and Daman and Diu,India,False,False,holdout,last12,4,2025-03-01,2.68,2.7490371082081206,3.360712456364494,-1.5578892015910362,7.055963418007277,0.8,2.822881355932203,
sarima_core,electricity,IND|Dadra and Nagar Haveli and Daman and Diu,India,False,False,holdout,last12,5,2025-04-01,2.68,3.120434548058507,3.7632382938254345,-1.7023493789108692,7.943218475027884,0.8,2.822881355932203,
sarima_core,electricity,IND|Dadra and Nagar Haveli and Daman and Diu,India,False,False,holdout,last12,6,2025-05-01,2.74,3.266649140949453,4.1302670962294235,-2.026501122340715,8.559799404239621,0.8,2.822881355932203,
sarima_core,electricity,IND|Dadra and Nagar Haveli and Daman and Diu,India,False,False,holdout,last12,7,2025-06-01,2.74,2.806171958057923,4.465695204881682,-2.916846723003211,8.529190639119058,0.8,2.822881355932203,
sarima_core,electricity,IND|Dadra and Nagar Haveli and Daman and Diu,India,False,False,holdout,last12,8,2025-07-01,2.74,2.175358793405943,4.778305544652577,-3.948286157994011,8.299003744805898,0.8,2.822881355932203,
sarima_core,electricity,IND|Dadra and Nagar Haveli and Daman and Diu,India,False,False,holdout,last12,9,2025-08-01,2.74,2.729491519627951,5.071387076628606,-3.7697525279080937,9.228735567163994,0.8,2.822881355932203,
sarima_core,electricity,IND|Dadra and Nagar Haveli and Daman and Diu,India,False,False,holdout,last12,10,2025-09-01,2.74,2.8459040748466897,5.348563629226374,-4.008556017603279,9.700364167296659,0.8,2.822881355932203,
sarima_core,electricity,IND|Dadra and Nagar Haveli and Daman and Diu,India,False,False,holdout,last12,11,2025-10-01,2.74,3.0402313692157708,5.612008927611617,-4.151847457815171,10.232310196246713,0.8,2.822881355932203,
sarima_core,electricity,IND|Dadra and Nagar Haveli and Daman and Diu,India,False,False,holdout,last12,12,2025-11-01,2.74,2.9150279578789586,5.863655941260674,-4.5995494934585555,10.429605409216473,0.8,2.822881355932203,
sarima_core,electricity,IND|Dadra and Nagar Haveli and Daman and Diu,India,False,False,rolling,2022-12-01,1,2023-01-01,1.29,4.286745987533175,1.889483203249674,1.8652758303383288,6.708216144728022,0.8,3.3208333333333333,
sarima_core,electricity,IND|Dadra and Nagar Haveli and Daman and Diu,India,False,False,rolling,2022-12-01,2,2023-02-01,1.44,4.9255623288473505,2.6286725976153456,1.556782846069213,8.294341811625488,0.8,3.3208333333333333,
sarima_core,electricity,IND|Dadra and Nagar Haveli and Daman and Diu,India,False,False,rolling,2022-12-01,3,2023-03-01,1.51,3.5608436152082197,3.1840591987931104,-0.5196924357917769,7.641379666208216,0.8,3.3208333333333333,
sarima_core,electricity,IND|Dadra and Nagar Haveli and Daman and Diu,India,False,False,rolling,2022-12-01,4,2023-04-01,2.44,1.8428513882694475,3.6485534655921255,-2.8329580175333184,6.518660794072213,0.8,3.3208333333333333,
sarima_core,electricity,IND|Dadra and Nagar Haveli and Daman and Diu,India,False,False,rolling,2022-12-01,5,2023-05-01,2.66,5.659922142817946,4.0569360666199294,0.4607493753268219,10.85909491030907,0.8,3.3208333333333333,
sarima_core,electricity,IND|Dadra and Nagar Haveli and Daman and Diu,India,False,False,rolling,2022-12-01,6,2023-06-01,2.19,6.516445965438342,4.426307966984111,0.8439040607673167,12.188987870109367,0.8,3.3208333333333333,
sarima_core,electricity,IND|Dadra and Nagar Haveli and Daman and Diu,India,False,False,rolling,2022-12-01,7,2023-07-01,1.81,5.572771596666339,4.766453328818087,-0.5356841289757517,11.68122732230843,0.8,3.3208333333333333,
sarima_core,electricity,IND|Dadra and Nagar Haveli and Daman and Diu,India,False,False,rolling,2022-12-01,8,2023-08-01,2.2,3.113034864621764,5.083569777248788,-3.401821941966636,9.627891671210163,0.8,3.3208333333333333,
sarima_core,electricity,IND|Dadra and Nagar Haveli and Daman and Diu,India,False,False,rolling,2022-12-01,9,2023-09-01,2.28,3.1538905223733407,5.381882914450879,-3.7432699522189194,10.0510509969656,0.8,3.3208333333333333,
sarima_core,electricity,IND|Dadra and Nagar Haveli and Daman and Diu,India,False,False,rolling,2022-12-01,10,2023-10-01,2.57,5.126975527778262,5.664436502620123,-2.1322919400825375,12.386242995639062,0.8,3.3208333333333333,
sarima_core,electricity,IND|Dadra and Nagar Haveli and Daman and Diu,India,False,False,rolling,2022-12-01,11,2023-11-01,2.34,5.884168493855908,5.933516559209431,-1.7199389417837487,13.488275929495565,0.8,3.3208333333333333,
sarima_core,electricity,IND|Dadra and Nagar Haveli and Daman and Diu,India,False,False,rolling,2022-12-01,12,2023-12-01,2.32,6.262393132663281,6.190896420651739,-1.6715598673474181,14.19634613267398,0.8,3.3208333333333333,
sarima_core,electricity,IND|Dadra and Nagar Haveli and Daman and Diu,India,False,False,rolling,2023-12-01,1,2024-01-01,2.43,1.9093597110068545,1.7502651338027777,-0.3336953113362249,4.152414733349934,0.8,3.365625,
sarima_core,electricity,IND|Dadra and Nagar Haveli and Daman and Diu,India,False,False,rolling,2023-12-01,2,2024-02-01,2.63,2.144659440190032,2.6370484580192093,-1.23485413960146,5.524173019981523,0.8,3.365625,
sarima_core,electricity,IND|Dadra and Nagar Haveli and Daman and Diu,India,False,False,rolling,2023-12-01,3,2024-03-01,2.98,3.0549759070292213,3.233552766301388,-1.0889887028953957,7.198940516953838,0.8,3.365625,
sarima_core,electricity,IND|Dadra and Nagar Haveli and Daman and Diu,India,False,False,rolling,2023-12-01,4,2024-04-01,2.68,2.200322613345392,3.759271479568843,-2.6173776366032246,7.018022863294009,0.8,3.365625,
sarima_core,electricity,IND|Dadra and Nagar Haveli and Daman and Diu,India,False,False,rolling,2023-12-01,5,2024-05-01,2.74,0.5709086887067865,4.210518011831501,-4.825087261109612,5.966904638523184,0.8,3.365625,
sarima_core,electricity,IND|Dadra and Nagar Haveli and Daman and Diu,India,False,False,rolling,2023-12-01,6,2024-06-01,2.29,0.24866961072836874,4.621803829715751,-5.674410322883881,6.171749544340619,0.8,3.365625,
sarima_core,electricity,IND|Dadra and Nagar Haveli and Daman and Diu,India,False,False,rolling,2023-12-01,7,2024-07-01,1.36,-2.898807537742095,4.997714255459149,-9.303636065970334,3.506020990486144,0.8,3.365625,
sarima_core,electricity,IND|Dadra and Nagar Haveli and Daman and Diu,India,False,False,rolling,2023-12-01,8,2024-08-01,2.11,-2.5986849769514744,5.347966450647776,-9.452379754259132,4.2550098003561825,0.8,3.365625,
sarima_core,electricity,IND|Dadra and Nagar Haveli and Daman and Diu,India,False,False,rolling,2023-12-01,9,2024-09-01,2.27,-2.409535750692088,5.676347282472903,-9.684067497120076,4.864995995735899,0.8,3.365625,
sarima_core,electricity,IND|Dadra and Nagar Haveli and Daman and Diu,India,False,False,rolling,2023-12-01,10,2024-10-01,2.35,-2.2351099847754066,5.986873154244694,-9.907596648314634,5.43737667876382,0.8,3.365625,
sarima_core,electricity,IND|Dadra and Nagar Haveli and Daman and Diu,India,False,False,rolling,2023-12-01,11,2024-11-01,2.35,-2.3174290271350966,6.282011816851823,-10.36815110579123,5.733293051521036,0.8,3.365625,
sarima_core,electricity,IND|Dadra and Nagar Haveli and Daman and Diu,India,False,False,rolling,2023-12-01,12,2024-12-01,2.56,-2.388796152211782,6.563917859368541,-10.800795360991698,6.023203056568134,0.8,3.365625,
sarima_core,electricity,IND|Delhi,India,True,False,holdout,last12,1,2024-12-01,89.41,220.92369186312246,132.58816530578747,51.00512104280426,390.84226268344065,0.8,131.8484745762712,
sarima_core,electricity,IND|Delhi,India,True,False,holdout,last12,2,2025-01-01,154.31,338.0170849384503,155.17082321694306,139.1576735179325,536.8764963589681,0.8,131.8484745762712,
sarima_core,electricity,IND|Delhi,India,True,False,holdout,last12,3,2025-02-01,294.42,277.8384032074282,162.99927724511082,68.94642427131808,486.73038214353835,0.8,131.8484745762712,
sarima_core,electricity,IND|Delhi,India,True,False,holdout,last12,4,2025-03-01,250.68,175.14450270114943,166.0493989158502,-37.65636443719825,387.9453698394971,0.8,131.8484745762712,
sarima_core,electricity,IND|Delhi,India,True,False,holdout,last12,5,2025-04-01,424.61,241.68908664280255,167.340576270484,27.23350914422818,456.1446641413769,0.8,131.8484745762712,
sarima_core,electricity,IND|Delhi,India,True,False,holdout,last12,6,2025-05-01,416.19,532.459188085179,167.93062753932705,317.2474294592672,747.6709467110908,0.8,131.8484745762712,
sarima_core,electricity,IND|Delhi,India,True,False,holdout,last12,7,2025-06-01,504.4,568.0944190992484,168.21976852723265,352.5121113876231,783.6767268108737,0.8,131.8484745762712,
sarima_core,electricity,IND|Delhi,India,True,False,holdout,last12,8,2025-07-01,435.31,389.3381281833796,168.3699276239334,173.5633838462967,605.1128725204625,0.8,131.8484745762712,
sarima_core,electricity,IND|Delhi,India,True,False,holdout,last12,9,2025-08-01,308.94,471.115540378437,168.45139735246232,255.23638838321335,686.9946923736607,0.8,131.8484745762712,
sarima_core,electricity,IND|Delhi,India,True,False,holdout,last12,10,2025-09-01,220.06,382.27266640127675,168.4969624531317,166.3351203799561,598.2102124225974,0.8,131.8484745762712,
sarima_core,electricity,IND|Delhi,India,True,False,holdout,last12,11,2025-10-01,105.78,416.09493055236993,168.5229578601508,200.12407007648696,632.0657910282529,0.8,131.8484745762712,
sarima_core,electricity,IND|Delhi,India,True,False,holdout,last12,12,2025-11-01,152.52,197.89953724079166,168.53797485590607,-18.090568289511253,413.8896427710946,0.8,131.8484745762712,
sarima_core,electricity,IND|Delhi,India,True,False,rolling,2022-12-01,1,2023-01-01,352.88,284.92458916999647,110.17650867332058,143.72771199346423,426.1214663465287,0.8,98.68888888888888,
sarima_core,electricity,IND|Delhi,India,True,False,rolling,2022-12-01,2,2023-02-01,312.21,268.7216799084602,117.1192717059146,118.62729389830193,418.8160659186185,0.8,98.68888888888888,
sarima_core,electricity,IND|Delhi,India,True,False,rolling,2022-12-01,3,2023-03-01,156.59,321.4832987034389,119.67440987144649,168.11437137706048,474.8522260298173,0.8,98.68888888888888,
sarima_core,electricity,IND|Delhi,India,True,False,rolling,2022-12-01,4,2023-04-01,199.45,472.88392600211034,121.56380975478214,317.0936352973033,628.6742167069174,0.8,98.68888888888888,
sarima_core,electricity,IND|Delhi,India,True,False,rolling,2022-12-01,5,2023-05-01,281.47,404.3382072875662,123.30558307216505,246.3157442610433,562.3606703140891,0.8,98.68888888888888,
sarima_core,electricity,IND|Delhi,India,True,False,rolling,2022-12-01,6,2023-06-01,362.77,324.859714445278,124.99845464120193,164.6677492091899,485.05167968136607,0.8,98.68888888888888,
sarima_core,electricity,IND|Delhi,India,True,False,rolling,2022-12-01,7,2023-07-01,300.61,315.38308064573494,126.66350733332231,153.05726452534574,477.7088967661241,0.8,98.68888888888888,
sarima_core,electricity,IND|Delhi,India,True,False,rolling,2022-12-01,8,2023-08-01,584.53,320.13105718829047,128.3058541982875,155.7004888719379,484.5616255046431,0.8,98.68888888888888,
sarima_core,electricity,IND|Delhi,India,True,False,rolling,2022-12-01,9,2023-09-01,532.58,274.68228921622995,129.92720951280972,108.17387045824734,441.19070797421256,0.8,98.68888888888888,
sarima_core,electricity,IND|Delhi,India,True,False,rolling,2022-12-01,10,2023-10-01,543.52,191.25184408623815,131.52853043743724,22.691249990359836,359.81243818211647,0.8,98.68888888888888,
sarima_core,electricity,IND|Delhi,India,True,False,rolling,2022-12-01,11,2023-11-01,297.38,198.70496257364647,133.11057837475607,28.116892466930608,369.29303268036233,0.8,98.68888888888888,
sarima_core,electricity,IND|Delhi,India,True,False,rolling,2022-12-01,12,2023-12-01,325.73,195.03072079853297,134.6740406775277,22.438993130030155,367.6224484670358,0.8,98.68888888888888,
sarima_core,electricity,IND|Delhi,India,True,False,rolling,2023-12-01,1,2024-01-01,439.33,347.0476815632308,117.34018683339191,196.6701814256015,497.4251817008601,0.8,114.425,
sarima_core,electricity,IND|Delhi,India,True,False,rolling,2023-12-01,2,2024-02-01,342.0,296.6078920117307,134.10271017948273,124.74835383744082,468.4674301860206,0.8,114.425,
sarima_core,electricity,IND|Delhi,India,True,False,rolling,2023-12-01,3,2024-03-01,274.56,221.9688582854314,139.12539040331296,43.67249640706194,400.26522016380085,0.8,114.425,
sarima_core,electricity,IND|Delhi,India,True,False,rolling,2023-12-01,4,2024-04-01,355.23,346.971277663088,140.86269930135953,166.44846484659243,527.4940904795836,0.8,114.425,
sarima_core,electricity,IND|Delhi,India,True,False,rolling,2023-12-01,5,2024-05-01,827.09,346.2324484518443,141.53679216687675,164.84575086822264,527.619146035466,0.8,114.425,
sarima_core,electricity,IND|Delhi,India,True,False,rolling,2023-12-01,6,2024-06-01,819.84,333.4136004639153,141.82608105604373,151.65616425148707,515.1710366763435,0.8,114.425,
sarima_core,electricity,IND|Delhi,India,True,False,rolling,2023-12-01,7,2024-07-01,536.27,299.8041795403114,141.96040190927187,117.87460422814337,481.7337548524794,0.8,114.425,
sarima_core,electricity,IND|Delhi,India,True,False,rolling,2023-12-01,8,2024-08-01,437.94,431.4340710549529,142.02622089625288,249.42014531697677,613.447996792929,0.8,114.425,
sarima_core,electricity,IND|Delhi,India,True,False,rolling,2023-12-01,9,2024-09-01,315.89,387.9625619649288,142.05956426958554,205.9059049746577,570.0192189551999,0.8,114.425,
sarima_core,electricity,IND|Delhi,India,True,False,rolling,2023-12-01,10,2024-10-01,369.72,302.2566106540487,142.076783601722,120.17788620172044,484.335335106377,0.8,114.425,
sarima_core,electricity,IND|Delhi,India,True,False,rolling,2023-12-01,11,2024-11-01,176.14,220.78952585788124,142.08577149057592,38.69928296252132,402.87976875324114,0.8,114.425,
sarima_core,electricity,IND|Delhi,India,True,False,rolling,2023-12-01,12,2024-12-01,89.41,233.76118623334878,142.0904901093803,51.6648961846729,415.85747628202466,0.8,114.425,
sarima_core,electricity,IND|Goa,India,False,False,holdout,last12,1,2024-12-01,5.44,5.448895285392138,0.9610145894336029,4.217305533792302,6.680485036991973,0.8,1.3450847457627122,
sarima_core,electricity,IND|Goa,India,False,False,holdout,last12,2,2025-01-01,5.44,5.4539198097490305,1.2935003345572578,3.7962324309647126,7.111607188533348,0.8,1.3450847457627122,
sarima_core,electricity,IND|Goa,India,False,False,holdout,last12,3,2025-02-01,5.44,5.4567579249973,1.5272502011698557,3.4995080387097657,7.414007811284834,0.8,1.3450847457627122,
sarima_core,electricity,IND|Goa,India,False,False,holdout,last12,4,2025-03-01,5.44,5.458361041526285,1.715641541112504,3.259677938600204,7.657044144452366,0.8,1.3450847457627122,
sarima_core,electricity,IND|Goa,India,False,False,holdout,last12,5,2025-04-01,5.44,5.4592665659413,1.878250745456229,3.0521913826165576,7.866341749266043,0.8,1.3450847457627122,
sarima_core,electricity,IND|Goa,India,False,False,holdout,last12,6,2025-05-01,5.44,9.636128770364783,2.024228014458432,7.041976189416341,12.230281351313224,0.8,1.3450847457627122,
sarima_core,electricity,IND|Goa,India,False,False,holdout,last12,7,2025-06-01,5.44,9.636417685506554,2.158457052726864,6.870243670423658,12.40259170058945,0.8,1.3450847457627122,
sarima_core,electricity,IND|Goa,India,False,False,holdout,last12,8,2025-07-01,5.44,9.636580879952026,2.283801514446036,6.709771473720579,12.563390286183473,0.8,1.3450847457627122,
sarima_core,electricity,IND|Goa,India,False,False,holdout,last12,9,2025-08-01,5.44,9.636673060745565,2.4020736286591418,6.558291841384043,12.715054280107086,0.8,1.3450847457627122,
sarima_core,electricity,IND|Goa,India,False,False,holdout,last12,10,2025-09-01,5.44,8.35740821015875,2.5144975273937518,5.134949967369261,11.57986645294824,0.8,1.3450847457627122,
sarima_core,electricity,IND|Goa,India,False,False,holdout,last12,11,2025-10-01,5.44,8.35743762121227,2.6219476390785093,4.997276519575237,11.717598722849303,0.8,1.3450847457627122,
sarima_core,electricity,IND|Goa,India,False,False,holdout,last12,12,2025-11-01,5.44,8.357454234119924,2.7250785912110036,4.865125499321389,11.84978296891846,0.8,1.3450847457627122,
sarima_core,electricity,IND|Goa,India,False,False,rolling,2022-12-01,1,2023-01-01,1.93,1.9212218241448074,0.5618396034551003,1.201195400751966,2.6412482475376486,0.8,0.5655555555555555,
sarima_core,electricity,IND|Goa,India,False,False,rolling,2022-12-01,2,2023-02-01,1.93,1.8914936563824853,0.7053677267851308,0.987528541836365,2.795458770928606,0.8,0.5655555555555555,
sarima_core,electricity,IND|Goa,India,False,False,rolling,2022-12-01,3,2023-03-01,1.93,1.9770879704163655,0.7912890310491647,0.9630102738770385,2.9911656669556925,0.8,0.5655555555555555,
sarima_core,electricity,IND|Goa,India,False,False,rolling,2022-12-01,4,2023-04-01,1.93,1.8686254671021931,0.8552681864451515,0.7725551838029181,2.964695750401468,0.8,0.5655555555555555,
sarima_core,electricity,IND|Goa,India,False,False,rolling,2022-12-01,5,2023-05-01,6.99,1.8198973216239942,0.9088694002307995,0.6551343188826311,2.9846603243653576,0.8,0.5655555555555555,
sarima_core,electricity,IND|Goa,India,False,False,rolling,2022-12-01,6,2023-06-01,6.99,1.819170747204457,0.9567731470944275,0.5930166226745592,3.045324871734355,0.8,0.5655555555555555,
sarima_core,electricity,IND|Goa,India,False,False,rolling,2022-12-01,7,2023-07-01,6.99,1.859211290603053,1.0011191879239165,0.5762254280224186,3.1421971531836874,0.8,0.5655555555555555,
sarima_core,electricity,IND|Goa,India,False,False,rolling,2022-12-01,8,2023-08-01,6.99,1.8873960631710072,1.0429771987158722,0.5507670013293593,3.224025125012655,0.8,0.5655555555555555,
sarima_core,electricity,IND|Goa,India,False,False,rolling,2022-12-01,9,2023-09-01,5.44,1.87784866288309,1.0829281947661105,0.49002033950819324,3.2656769862579864,0.8,0.5655555555555555,
sarima_core,electricity,IND|Goa,India,False,False,rolling,2022-12-01,10,2023-10-01,5.44,1.8778027403855326,1.1213164674355356,0.4407778660725812,3.3148276146984843,0.8,0.5655555555555555,
sarima_core,electricity,IND|Goa,India,False,False,rolling,2022-12-01,11,2023-11-01,5.44,1.8872355269048005,1.158365269414052,0.4027307024147293,3.3717403513948714,0.8,0.5655555555555555,
sarima_core,electricity,IND|Goa,India,False,False,rolling,2022-12-01,12,2023-12-01,5.44,3.0597446904509273,1.1942322114759087,1.5292745302101862,4.590214850691669,0.8,0.5655555555555555,
sarima_core,electricity,IND|Goa,India,False,False,rolling,2023-12-01,1,2024-01-01,5.44,5.5373163718201885,1.0380200229716938,4.207040186314172,6.867592557326205,0.8,1.2316666666666667,
sarima_core,electricity,IND|Goa,India,False,False,rolling,2023-12-01,2,2024-02-01,5.44,5.794407320944763,1.5604918628474573,3.794556531092994,7.794258110796532,0.8,1.2316666666666667,
sarima_core,electricity,IND|Goa,India,False,False,rolling,2023-12-01,3,2024-03-01,5.44,6.278507207655451,1.9078572664997433,3.8334897409370634,8.72352467437384,0.8,1.2316666666666667,
sarima_core,electricity,IND|Goa,India,False,False,rolling,2023-12-01,4,2024-04-01,5.44,5.085466832486723,2.2191839428248663,2.2414681763280773,7.92946548864537,0.8,1.2316666666666667,
sarima_core,electricity,IND|Goa,India,False,False,rolling,2023-12-01,5,2024-05-01,5.44,7.003662424069725,2.4832992735788513,3.8211863522989797,10.18613849584047,0.8,1.2316666666666667,
sarima_core,electricity,IND|Goa,India,False,False,rolling,2023-12-01,6,2024-06-01,5.44,7.006364710148665,2.7260690132559584,3.512766698427867,10.499962721869462,0.8,1.2316666666666667,
sarima_core,electricity,IND|Goa,India,False,False,rolling,2023-12-01,7,2024-07-01,5.44,7.680625234836781,2.9468721308475954,3.904056642089293,11.45719382758427,0.8,1.2316666666666667,
sarima_core,electricity,IND|Goa,India,False,False,rolling,2023-12-01,8,2024-08-01,5.44,7.681387902644118,3.153262681186284,3.6403191769964716,11.722456628291763,0.8,1.2316666666666667,
sarima_core,electricity,IND|Goa,India,False,False,rolling,2023-12-01,9,2024-09-01,5.44,7.091835019500529,3.3464413772488415,2.803197833484047,11.38047220551701,0.8,1.2316666666666667,
sarima_core,electricity,IND|Goa,India,False,False,rolling,2023-12-01,10,2024-10-01,5.44,7.092050267689417,3.5293176436666007,2.569047716144305,11.615052819234528,0.8,1.2316666666666667,
sarima_core,electricity,IND|Goa,India,False,False,rolling,2023-12-01,11,2024-11-01,5.44,7.091935916272187,3.7030440293231277,2.3462940432125476,11.837577789331828,0.8,1.2316666666666667,
sarima_core,electricity,IND|Goa,India,False,False,rolling,2023-12-01,12,2024-12-01,5.44,7.091996665985459,3.869043508516108,2.1336179004864677,12.05037543148445,0.8,1.2316666666666667,
sarima_core,electricity,IND|Gujarat,India,True,False,holdout,last12,1,2024-12-01,12587.71,11380.500054138853,1579.553715752559,9356.22051685437,13404.779591423336,0.8,2118.901525423729,
sarima_core,electricity,IND|Gujarat,India,True,False,holdout,last12,2,2025-01-01,12483.88,11779.182868645736,2126.0459544450196,9054.545347306957,14503.820389984514,0.8,2118.901525423729,
sarima_core,electricity,IND|Gujarat,India,True,False,holdout,last12,3,2025-02-01,11945.49,10851.512973757684,2486.819849901801,7664.525101888643,14038.500845626726,0.8,2118.901525423729,
sarima_core,electricity,IND|Gujarat,India,True,False,holdout,last12,4,2025-03-01,13932.58,11355.465393508264,2751.283628820437,7829.553551736204,14881.377235280324,0.8,2118.901525423729,
sarima_core,electricity,IND|Gujarat,India,True,False,holdout,last12,5,2025-04-01,14756.3,13652.750349071375,2955.9900590856096,9864.496661115936,17441.004037026814,0.8,2118.901525423729,
sarima_core,electricity,IND|Gujarat,India,True,False,holdout,last12,6,2025-05-01,15395.69,16261.60482374232,3120.302096751113,12262.776786678833,20260.43286080581,0.8,2118.901525423729,
sarima_core,electricity,IND|Gujarat,India,True,False,holdout,last12,7,2025-06-01,14750.75,14672.576090236733,3255.8806442975642,10499.997153310827,18845.15502716264,0.8,2118.901525423729,
sarima_core,electricity,IND|Gujarat,India,True,False,holdout,last12,8,2025-07-01,13036.02,13438.07953192091,3370.3061255497355,9118.85844035809,17757.30062348373,0.8,2118.901525423729,
sarima_core,electricity,IND|Gujarat,India,True,False,holdout,last12,9,2025-08-01,12709.35,15860.38852026028,3468.762250625642,11414.990827468977,20305.786213051582,0.8,2118.901525423729,
sarima_core,electricity,IND|Gujarat,India,True,False,holdout,last12,10,2025-09-01,11478.69,13675.921475494586,3554.9240634285975,9120.102976615493,18231.73997437368,0.8,2118.901525423729,
sarima_core,electricity,IND|Gujarat,India,True,False,holdout,last12,11,2025-10-01,9418.44,14619.699321427972,3631.468924945134,9965.784635437969,19273.614007417975,0.8,2118.901525423729,
sarima_core,electricity,IND|Gujarat,India,True,False,holdout,last12,12,2025-11-01,8822.5,11861.862704554233,3700.3896705018233,7119.622529197553,16604.10287991091,0.8,2118.901525423729,
sarima_core,electricity,IND|Gujarat,India,True,False,rolling,2022-12-01,1,2023-01-01,7950.02,7307.062484231398,1415.024860792617,5493.63515859809,9120.489809864706,0.8,1657.79,
sarima_core,electricity,IND|Gujarat,India,True,False,rolling,2022-12-01,2,2023-02-01,6633.61,6311.653341118538,1909.0307245399613,3865.1320274116083,8758.174654825469,0.8,1657.79,
sarima_core,electricity,IND|Gujarat,India,True,False,rolling,2022-12-01,3,2023-03-01,6887.2,7307.956052101421,2235.318160610506,4443.280563880751,10172.63154032209,0.8,1657.79,
sarima_core,electricity,IND|Gujarat,India,True,False,rolling,2022-12-01,4,2023-04-01,9136.42,7717.577717552453,2472.812900005083,4548.540474252055,10886.61496085285,0.8,1657.79,
sarima_core,electricity,IND|Gujarat,India,True,False,rolling,2022-12-01,5,2023-05-01,12310.12,7032.695448036623,2653.900958986963,3631.5845192465645,10433.806376826682,0.8,1657.79,
sarima_core,electricity,IND|Gujarat,India,True,False,rolling,2022-12-01,6,2023-06-01,9791.89,6998.681032713141,2795.914709332367,3415.5721598390696,10581.789905587211,0.8,1657.79,
sarima_core,electricity,IND|Gujarat,India,True,False,rolling,2022-12-01,7,2023-07-01,9802.89,6742.157436409828,2909.4502709563635,3013.5468867915383,10470.767986028117,0.8,1657.79,
sarima_core,electricity,IND|Gujarat,India,True,False,rolling,2022-12-01,8,2023-08-01,14119.81,6121.130042438958,3001.5227222319622,2274.5238987448965,9967.736186133021,0.8,1657.79,
sarima_core,electricity,IND|Gujarat,India,True,False,rolling,2022-12-01,9,2023-09-01,12375.18,4098.975944358294,3077.0270163201853,155.60715437013005,8042.344734346459,0.8,1657.79,
sarima_core,electricity,IND|Gujarat,India,True,False,rolling,2022-12-01,10,2023-10-01,12811.12,4777.675050492702,3139.5077303164853,754.2340036662354,8801.116097319169,0.8,1657.79,
sarima_core,electricity,IND|Gujarat,India,True,False,rolling,2022-12-01,11,2023-11-01,9613.66,4260.015414417176,3191.603172858926,169.81137164270513,8350.219457191646,0.8,1657.79,
sarima_core,electricity,IND|Gujarat,India,True,False,rolling,2022-12-01,12,2023-12-01,10836.09,5655.2042509060575,3235.319315348332,1508.9757172847176,9801.432784527398,0.8,1657.79,
sarima_core,electricity,IND|Gujarat,India,True,False,rolling,2023-12-01,1,2024-01-01,11592.54,10914.676659936722,1743.189043998783,8680.690011559887,13148.663308313557,0.8,1886.6966666666665,
sarima_core,electricity,IND|Gujarat,India,True,False,rolling,2023-12-01,2,2024-02-01,11107.38,9687.14402952576,2286.4108415135106,6756.990636105973,12617.297422945547,0.8,1886.6966666666665,
sarima_core,electricity,IND|Gujarat,India,True,False,rolling,2023-12-01,3,2024-03-01,11901.77,10776.914104278263,2661.978822098623,7365.450977371202,14188.377231185324,0.8,1886.6966666666665,
sarima_core,electricity,IND|Gujarat,India,True,False,rolling,2023-12-01,4,2024-04-01,14269.61,12898.017659325387,2967.733523536893,9094.71411611749,16701.321202533287,0.8,1886.6966666666665,
sarima_core,electricity,IND|Gujarat,India,True,False,rolling,2023-12-01,5,2024-05-01,16290.2,14799.422275362895,3235.7302813841416,10652.667067574977,18946.177483150812,0.8,1886.6966666666665,
sarima_core,electricity,IND|Gujarat,India,True,False,rolling,2023-12-01,6,2024-06-01,15709.42,13271.381830626013,3479.490615678859,8812.235184805026,17730.528476446998,0.8,1886.6966666666665,
sarima_core,electricity,IND|Gujarat,India,True,False,rolling,2023-12-01,7,2024-07-01,13153.7,12312.32142491377,3705.743236861909,7563.2203782070765,17061.422471620466,0.8,1886.6966666666665,
sarima_core,electricity,IND|Gujarat,India,True,False,rolling,2023-12-01,8,2024-08-01,13558.33,14638.982324227267,3918.3252830874935,9617.4464233735,19660.518225081032,0.8,1886.6966666666665,
sarima_core,electricity,IND|Gujarat,India,True,False,rolling,2023-12-01,9,2024-09-01,10911.61,13870.002964628231,4119.689089101469,8590.408962933234,19149.596966323228,0.8,1886.6966666666665,
sarima_core,electricity,IND|Gujarat,India,True,False,rolling,2023-12-01,10,2024-10-01,12406.08,13796.631775232465,4311.547844903652,8271.16088467574,19322.10266578919,0.8,1886.6966666666665,
sarima_core,electricity,IND|Gujarat,India,True,False,rolling,2023-12-01,11,2024-11-01,10124.85,11770.153539511979,4495.178403789396,6009.3506187334015,17530.956460290556,0.8,1886.6966666666665,
sarima_core,electricity,IND|Gujarat,India,True,False,rolling,2023-12-01,12,2024-12-01,12587.71,13038.1222367702,4671.576461737948,7051.256108668627,19024.988364871773,0.8,1886.6966666666665,
sarima_core,electricity,IND|Haryana,India,False,False,holdout,last12,1,2024-12-01,2479.1,2644.5824704215124,480.2790433723663,2029.0801104893935,3260.0848303536313,0.8,607.8181355932203,
sarima_core,electricity,IND|Haryana,India,False,False,holdout,last12,2,2025-01-01,2554.07,3015.524847988106,564.835901039475,2291.658514735172,3739.39118124104,0.8,607.8181355932203,
sarima_core,electricity,IND|Haryana,India,False,False,holdout,last12,3,2025-02-01,2312.45,2424.5021743714287,609.8309895659804,1642.9723149755337,3206.032033767324,0.8,607.8181355932203,
sarima_core,electricity,IND|Haryana,India,False,False,holdout,last12,4,2025-03-01,2426.94,2175.077136958375,643.396209782233,1350.5317170464923,2999.6225568702575,0.8,607.8181355932203,
sarima_core,electricity,IND|Haryana,India,False,False,holdout,last12,5,2025-04-01,2587.17,2726.1518127383733,672.5780977171607,1864.2082986579367,3588.09532681881,0.8,607.8181355932203,
sarima_core,electricity,IND|Haryana,India,False,False,holdout,last12,6,2025-05-01,2448.01,2702.1008483506876,699.6125099978461,1805.5113408883603,3598.690355813015,0.8,607.8181355932203,
sarima_core,electricity,IND|Haryana,India,False,False,holdout,last12,7,2025-06-01,2434.95,3012.4969955995603,725.3129182678214,2082.971089683711,3942.0229015154096,0.8,607.8181355932203,
sarima_core,electricity,IND|Haryana,India,False,False,holdout,last12,8,2025-07-01,2980.12,2979.688888624693,750.017214083912,2018.5031537300558,3940.8746235193303,0.8,607.8181355932203,
sarima_core,electricity,IND|Haryana,India,False,False,holdout,last12,9,2025-08-01,2558.36,3048.6080255333477,773.8919797769778,2056.8255472877518,4040.3905037789436,0.8,607.8181355932203,
sarima_core,electricity,IND|Haryana,India,False,False,holdout,last12,10,2025-09-01,2480.8,2847.039535425398,797.0371494977499,1825.595328689351,3868.4837421614448,0.8,607.8181355932203,
sarima_core,electricity,IND|Haryana,India,False,False,holdout,last12,11,2025-10-01,1858.39,2937.0786617847893,819.5236236271098,1886.816878924683,3987.340444644896,0.8,607.8181355932203,
sarima_core,electricity,IND|Haryana,India,False,False,holdout,last12,12,2025-11-01,1393.43,2174.669762812002,841.4074698689737,1096.3627025404974,3252.976823083506,0.8,607.8181355932203,
sarima_core,electricity,IND|Haryana,India,False,False,rolling,2022-12-01,1,2023-01-01,3027.74,3355.6154686824275,588.5687405337957,2601.334277820728,4109.896659544127,0.8,754.1925000000001,
sarima_core,electricity,IND|Haryana,India,False,False,rolling,2022-12-01,2,2023-02-01,2617.87,3025.9050278332593,662.8394768237146,2176.442058605064,3875.3679970614544,0.8,754.1925000000001,
sarima_core,electricity,IND|Haryana,India,False,False,rolling,2022-12-01,3,2023-03-01,2111.93,3523.74125734812,695.4966994414672,2632.4263733478056,4415.056141348435,0.8,754.1925000000001,
sarima_core,electricity,IND|Haryana,India,False,False,rolling,2022-12-01,4,2023-04-01,2418.7,3525.487015743633,718.2384981551488,2605.0273439984994,4445.946687488767,0.8,754.1925000000001,
sarima_core,electricity,IND|Haryana,India,False,False,rolling,2022-12-01,5,2023-05-01,2198.91,3337.2402393819852,737.8316216973418,2391.6709694874453,4282.809509276525,0.8,754.1925000000001,
sarima_core,electricity,IND|Haryana,India,False,False,rolling,2022-12-01,6,2023-06-01,2675.15,3746.6310865532255,756.1541675339506,2777.580529357017,4715.6816437494335,0.8,754.1925000000001,
sarima_core,electricity,IND|Haryana,India,False,False,rolling,2022-12-01,7,2023-07-01,2501.6,3617.5828921272646,773.7985680882215,2625.9201257776344,4609.245658476895,0.8,754.1925000000001,
sarima_core,electricity,IND|Haryana,India,False,False,rolling,2022-12-01,8,2023-08-01,2973.4,3824.2777538130445,790.9703905997433,2810.6084114405194,4837.9470961855695,0.8,754.1925000000001,
sarima_core,electricity,IND|Haryana,India,False,False,rolling,2022-12-01,9,2023-09-01,2715.57,3537.490053149513,807.7515571092671,2502.3147805650433,4572.665325733983,0.8,754.1925000000001,
sarima_core,electricity,IND|Haryana,India,False,False,rolling,2022-12-01,10,2023-10-01,2859.47,3325.8709017161937,824.1827544148683,2269.638202500958,4382.103600931429,0.8,754.1925000000001,
sarima_core,electricity,IND|Haryana,India,False,False,rolling,2022-12-01,11,2023-11-01,2032.75,3051.899476060069,840.2899909218961,1975.024522682655,4128.7744294374825,0.8,754.1925000000001,
sarima_core,electricity,IND|Haryana,India,False,False,rolling,2022-12-01,12,2023-12-01,2404.89,3626.3261116158005,856.0933384309191,2529.198353497353,4723.453869734249,0.8,754.1925000000001,
sarima_core,electricity,IND|Haryana,India,False,False,rolling,2023-12-01,1,2024-01-01,2871.45,2806.866630623905,535.8303938409313,2120.17235053068,3493.5609107171304,0.8,678.9366666666666,
sarima_core,electricity,IND|Haryana,India,False,False,rolling,2023-12-01,2,2024-02-01,2119.35,2405.3257927981226,633.3315563824752,1593.6787452073631,3216.972840388882,0.8,678.9366666666666,
sarima_core,electricity,IND|Haryana,India,False,False,rolling,2023-12-01,3,2024-03-01,2077.69,2357.845670859949,686.6176594466957,1477.909734465467,3237.7816072544315,0.8,678.9366666666666,
sarima_core,electricity,IND|Haryana,India,False,False,rolling,2023-12-01,4,2024-04-01,2829.09,2695.4909471226124,726.9402684927802,1763.8795079782778,3627.102386266947,0.8,678.9366666666666,
sarima_core,electricity,IND|Haryana,India,False,False,rolling,2023-12-01,5,2024-05-01,2966.21,2651.035752918576,762.178868275345,1674.2642310552956,3627.807274781856,0.8,678.9366666666666,
sarima_core,electricity,IND|Haryana,India,False,False,rolling,2023-12-01,6,2024-06-01,3139.36,2990.7328351248843,794.8488539480461,1972.0930419764345,4009.372628273334,0.8,678.9366666666666,
sarima_core,electricity,IND|Haryana,India,False,False,rolling,2023-12-01,7,2024-07-01,3222.77,2831.1281606070816,825.8765120201799,1772.724823681106,3889.531497533057,0.8,678.9366666666666,
sarima_core,electricity,IND|Haryana,India,False,False,rolling,2023-12-01,8,2024-08-01,2958.76,3137.90654413076,855.6564398251595,2041.3386941045076,4234.474394157012,0.8,678.9366666666666,
sarima_core,electricity,IND|Haryana,India,False,False,rolling,2023-12-01,9,2024-09-01,2803.67,2832.432316502449,884.3906055644543,1699.0401513883853,3965.8244816165125,0.8,678.9366666666666,
sarima_core,electricity,IND|Haryana,India,False,False,rolling,2023-12-01,10,2024-10-01,2849.2,2716.811176652277,912.204677943997,1547.7738435360397,3885.8485097685143,0.8,678.9366666666666,
sarima_core,electricity,IND|Haryana,India,False,False,rolling,2023-12-01,11,2024-11-01,2139.93,2192.985083486716,939.1899246437004,989.3647652158668,3396.6054017575652,0.8,678.9366666666666,
sarima_core,electricity,IND|Haryana,India,False,False,rolling,2023-12-01,12,2024-12-01,2479.1,2649.0995573482633,965.4192324777897,1411.8650285594854,3886.334086137041,0.8,678.9366666666666,
sarima_core,electricity,IND|Himachal Pradesh,India,False,False,holdout,last12,1,2024-12-01,1530.68,1637.371308349444,449.70728578204165,1061.0482322186554,2213.6943844802327,0.8,386.4237288135593,
sarima_core,electricity,IND|Himachal Pradesh,India,False,False,holdout,last12,2,2025-01-01,1225.48,1332.7622432209957,510.3536074153983,678.7177786564577,1986.806707785534,0.8,386.4237288135593,
sarima_core,electricity,IND|Himachal Pradesh,India,False,False,holdout,last12,3,2025-02-01,1089.87,1379.433254329124,527.4085718786162,703.5319733564417,2055.3345353018067,0.8,386.4237288135593,
sarima_core,electricity,IND|Himachal Pradesh,India,False,False,holdout,last12,4,2025-03-01,1701.02,1661.6175764866227,532.9075221237731,978.6691072184076,2344.566045754838,0.8,386.4237288135593,
sarima_core,electricity,IND|Himachal Pradesh,India,False,False,holdout,last12,5,2025-04-01,2814.55,2104.161942243043,534.8986086078484,1418.6617929740264,2789.6620915120598,0.8,386.4237288135593,
sarima_core,electricity,IND|Himachal Pradesh,India,False,False,holdout,last12,6,2025-05-01,5214.65,4170.42717272136,535.7033855161196,3483.8956603456345,4856.958685097085,0.8,386.4237288135593,
sarima_core,electricity,IND|Himachal Pradesh,India,False,False,holdout,last12,7,2025-06-01,6283.72,5594.055454367548,536.0597688345595,4907.0672183921415,6281.0436903429545,0.8,386.4237288135593,
sarima_core,electricity,IND|Himachal Pradesh,India,False,False,holdout,last12,8,2025-07-01,6516.35,6401.365555781229,536.228137868375,5714.161546206948,7088.56956535551,0.8,386.4237288135593,
sarima_core,electricity,IND|Himachal Pradesh,India,False,False,holdout,last12,9,2025-08-01,6798.91,6718.495130012448,536.3109688530316,6031.184968260103,7405.805291764792,0.8,386.4237288135593,
sarima_core,electricity,IND|Himachal Pradesh,India,False,False,holdout,last12,10,2025-09-01,5905.91,5311.765037386359,536.3526806204686,4624.401419853154,5999.128654919564,0.8,386.4237288135593,
sarima_core,electricity,IND|Himachal Pradesh,India,False,False,holdout,last12,11,2025-10-01,3720.07,2934.4797174942796,536.3739564307672,2247.088833913079,3621.8706010754804,0.8,386.4237288135593,
sarima_core,electricity,IND|Himachal Pradesh,India,False,False,holdout,last12,12,2025-11-01,2116.33,1825.086442431299,536.3848829931229,1137.6815558970052,2512.491328965593,0.8,386.4237288135593,
sarima_core,electricity,IND|Himachal Pradesh,India,False,False,rolling,2022-12-01,1,2023-01-01,1415.74,1565.5730493990382,420.90512598176616,1026.1614262513585,2104.984672546718,0.8,345.4119444444444,
sarima_core,electricity,IND|Himachal Pradesh,India,False,False,rolling,2022-12-01,2,2023-02-01,1486.46,1485.0632494891179,513.7948584829754,826.6086442314943,2143.5178547467412,0.8,345.4119444444444,
sarima_core,electricity,IND|Himachal Pradesh,India,False,False,rolling,2022-12-01,3,2023-03-01,1584.25,2061.9358880701434,554.8182922073645,1350.9076370990138,2772.964139041273,0.8,345.4119444444444,
sarima_core,electricity,IND|Himachal Pradesh,India,False,False,rolling,2022-12-01,4,2023-04-01,2019.3,2525.6792798093784,575.1086801054553,1788.6478504619436,3262.710709156813,0.8,345.4119444444444,
sarima_core,electricity,IND|Himachal Pradesh,India,False,False,rolling,2022-12-01,5,2023-05-01,3295.0,3693.4698234255343,585.8445200576989,2942.6798615798652,4444.259785271203,0.8,345.4119444444444,
sarima_core,electricity,IND|Himachal Pradesh,India,False,False,rolling,2022-12-01,6,2023-06-01,5221.64,4740.6846451045685,591.8300547343256,3982.2239119234473,5499.14537828569,0.8,345.4119444444444,
sarima_core,electricity,IND|Himachal Pradesh,India,False,False,rolling,2022-12-01,7,2023-07-01,6101.99,6607.85139408275,595.3159513855005,5844.923304590989,7370.779483574511,0.8,345.4119444444444,
sarima_core,electricity,IND|Himachal Pradesh,India,False,False,rolling,2022-12-01,8,2023-08-01,6874.84,6615.168807285892,597.4206565200736,5849.543429633909,7380.794184937876,0.8,345.4119444444444,
sarima_core,electricity,IND|Himachal Pradesh,India,False,False,rolling,2022-12-01,9,2023-09-01,5082.79,5616.900266280356,598.7285344200062,4849.598775658173,6384.201756902539,0.8,345.4119444444444,
sarima_core,electricity,IND|Himachal Pradesh,India,False,False,rolling,2022-12-01,10,2023-10-01,2712.51,3268.346622419704,599.5593895519772,2499.980348102403,4036.7128967370054,0.8,345.4119444444444,
sarima_core,electricity,IND|Himachal Pradesh,India,False,False,rolling,2022-12-01,11,2023-11-01,1792.81,2174.077966600834,600.0958953874065,1405.0241323902144,2943.131800811453,0.8,345.4119444444444,
sarima_core,electricity,IND|Himachal Pradesh,India,False,False,rolling,2022-12-01,12,2023-12-01,1527.78,1854.7772684452748,600.4464258632132,1085.2742113546142,2624.2803255359354,0.8,345.4119444444444,
sarima_core,electricity,IND|Himachal Pradesh,India,False,False,rolling,2023-12-01,1,2024-01-01,1313.59,1230.196111124087,406.59848541951413,709.1191855866454,1751.2730366615287,0.8,368.28208333333345,
sarima_core,electricity,IND|Himachal Pradesh,India,False,False,rolling,2023-12-01,2,2024-02-01,1272.71,1308.5870429213742,469.0888879100811,707.4254442406342,1909.7486416021143,0.8,368.28208333333345,
sarima_core,electricity,IND|Himachal Pradesh,India,False,False,rolling,2023-12-01,3,2024-03-01,1737.41,1789.2161301050767,489.0273794356811,1162.5023263951061,2415.929933815047,0.8,368.28208333333345,
sarima_core,electricity,IND|Himachal Pradesh,India,False,False,rolling,2023-12-01,4,2024-04-01,2172.64,2313.960748314234,496.30404002722275,1677.9215288312366,2949.9999677972314,0.8,368.28208333333345,
sarima_core,electricity,IND|Himachal Pradesh,India,False,False,rolling,2023-12-01,5,2024-05-01,5145.62,3496.4949560044365,499.24844865943874,2856.68232502922,4136.307586979653,0.8,368.28208333333345,
sarima_core,electricity,IND|Himachal Pradesh,India,False,False,rolling,2023-12-01,6,2024-06-01,5982.79,4803.146720023777,500.5543293896247,4161.660535554375,5444.632904493178,0.8,368.28208333333345,
sarima_core,electricity,IND|Himachal Pradesh,India,False,False,rolling,2023-12-01,7,2024-07-01,6703.35,6303.310852043262,501.17868519105457,5661.024523419081,6945.597180667442,0.8,368.28208333333345,
sarima_core,electricity,IND|Himachal Pradesh,India,False,False,rolling,2023-12-01,8,2024-08-01,6491.89,6695.429040508275,501.4939546321625,6052.738677838274,7338.119403178275,0.8,368.28208333333345,
sarima_core,electricity,IND|Himachal Pradesh,India,False,False,rolling,2023-12-01,9,2024-09-01,5530.53,5368.841812523233,501.65897506137804,4725.939967663824,6011.743657382642,0.8,368.28208333333345,
sarima_core,electricity,IND|Himachal Pradesh,India,False,False,rolling,2023-12-01,10,2024-10-01,3144.83,2948.397687008209,501.7472757489103,2305.3826802644544,3591.412693751963,0.8,368.28208333333345,
sarima_core,electricity,IND|Himachal Pradesh,India,False,False,rolling,2023-12-01,11,2024-11-01,1815.73,1970.3189976409608,501.79513911605056,1327.2426515241157,2613.3953437578057,0.8,368.28208333333345,
sarima_core,electricity,IND|Himachal Pradesh,India,False,False,rolling,2023-12-01,12,2024-12-01,1530.68,1688.5295598803002,501.8212756183685,1045.4197184879918,2331.6394012726087,0.8,368.28208333333345,
sarima_core,electricity,IND|India Total,India,False,True,holdout,last12,1,2024-12-01,140885.2,141612.90461822634,8980.841517507275,130103.49311155695,153122.31612489573,0.8,10006.094406779663,
sarima_core,electricity,IND|India Total,India,False,True,holdout,last12,2,2025-01-01,147449.91,151276.45123483727,10368.136873470536,137989.1491928604,164563.75327681412,0.8,10006.094406779663,
sarima_core,electricity,IND|India Total,India,False,True,holdout,last12,3,2025-02-01,141707.79,143439.64116737695,11012.335115622222,129326.76585964952,157552.51647510438,0.8,10006.094406779663,
sarima_core,electricity,IND|India Total,India,False,True,holdout,last12,4,2025-03-01,159917.95,155117.73268603842,11452.000368316923,140441.4036854045,169794.06168667233,0.8,10006.094406779663,
sarima_core,electricity,IND|India Total,India,False,True,holdout,last12,5,2025-04-01,157483.89,159986.51088599412,11819.108308417593,144839.71413000036,175133.3076419879,0.8,10006.094406779663,
sarima_core,electricity,IND|India Total,India,False,True,holdout,last12,6,2025-05-01,159102.33,170438.12496842706,12155.01404594871,154860.84768862487,186015.40224822925,0.8,10006.094406779663,
sarima_core,electricity,IND|India Total,India,False,True,holdout,last12,7,2025-06-01,159746.1,167968.66372895282,12474.444926040082,151982.01930468626,183955.30815321938,0.8,10006.094406779663,
sarima_core,electricity,IND|India Total,India,False,True,holdout,last12,8,2025-07-01,165159.77,165758.7917385379,12783.112432196256,149376.57398852415,182141.00948855164,0.8,10006.094406779663,
sarima_core,electricity,IND|India Total,India,False,True,holdout,last12,9,2025-08-01,160004.27,166454.2688513459,13083.450957901674,149687.151793521,183221.3859091708,0.8,10006.094406779663,
sarima_core,electricity,IND|India Total,India,False,True,holdout,last12,10,2025-09-01,154424.24,160201.81114111398,13376.65150137148,143058.94246778684,177344.67981444113,0.8,10006.094406779663,
sarima_core,electricity,IND|India Total,India,False,True,holdout,last12,11,2025-10-01,140376.64,160403.88290678064,13663.411733526365,142893.51620899947,177914.2496045618,0.8,10006.094406779663,
sarima_core,electricity,IND|India Total,India,False,True,holdout,last12,12,2025-11-01,132124.1,142721.7543491484,13944.219189856514,124851.51841609072,160591.99028220607,0.8,10006.094406779663,
sarima_core,electricity,IND|India Total,India,False,True,rolling,2022-12-01,1,2023-01-01,136301.93,133447.04003623797,10070.123346116507,120541.65769679514,146352.42237568082,0.8,10285.30722222222,
sarima_core,electricity,IND|India Total,India,False,True,rolling,2022-12-01,2,2023-02-01,127091.33,128674.254949964,11236.664520203973,114273.88994259713,143074.61995733087,0.8,10285.30722222222,
sarima_core,electricity,IND|India Total,India,False,True,rolling,2022-12-01,3,2023-03-01,137336.08,149728.28427896588,11735.07405457577,134689.18175254247,164767.38680538928,0.8,10285.30722222222,
sarima_core,electricity,IND|India Total,India,False,True,rolling,2022-12-01,4,2023-04-01,140488.41,150230.9586445912,12083.085973613837,134745.8608984964,165716.05639068602,0.8,10285.30722222222,
sarima_core,electricity,IND|India Total,India,False,True,rolling,2022-12-01,5,2023-05-01,147183.28,150601.2108557388,12385.469680291117,134728.59279695654,166473.8289145211,0.8,10285.30722222222,
sarima_core,electricity,IND|India Total,India,False,True,rolling,2022-12-01,6,2023-06-01,149366.61,149839.2158129443,12669.996377135678,133601.96212038168,166076.46950550695,0.8,10285.30722222222,
sarima_core,electricity,IND|India Total,India,False,True,rolling,2022-12-01,7,2023-07-01,147802.37,148575.87421506314,12945.028213976393,131986.1530414227,165165.5953887036,0.8,10285.30722222222,
sarima_core,electricity,IND|India Total,India,False,True,rolling,2022-12-01,8,2023-08-01,159958.84,150424.69149322395,13213.339571559562,133491.11547921936,167358.26750722853,0.8,10285.30722222222,
sarima_core,electricity,IND|India Total,India,False,True,rolling,2022-12-01,9,2023-09-01,149568.61,144277.61179151988,13476.00221780992,127007.42005200307,161547.80353103668,0.8,10285.30722222222,
sarima_core,electricity,IND|India Total,India,False,True,rolling,2022-12-01,10,2023-10-01,148394.68,134874.96017699406,13733.54714004448,117274.7113391895,152475.20901479863,0.8,10285.30722222222,
sarima_core,electricity,IND|India Total,India,False,True,rolling,2022-12-01,11,2023-11-01,128788.9,130283.04200502287,13986.321017364273,112358.85040901034,148207.2336010354,0.8,10285.30722222222,
sarima_core,electricity,IND|India Total,India,False,True,rolling,2022-12-01,12,2023-12-01,132698.38,140115.03278105255,14234.597815907406,121872.66166517866,158357.40389692644,0.8,10285.30722222222,
sarima_core,electricity,IND|India Total,India,False,True,rolling,2023-12-01,1,2024-01-01,144056.17,140804.62697894961,9558.62778201523,128554.75258044989,153054.50137744934,0.8,10147.517083333332,
sarima_core,electricity,IND|India Total,India,False,True,rolling,2023-12-01,2,2024-02-01,136692.74,135196.5256058008,11119.807224485372,120945.9192487074,149447.13196289417,0.8,10147.517083333332,
sarima_core,electricity,IND|India Total,India,False,True,rolling,2023-12-01,3,2024-03-01,149063.7,150233.91057838404,11855.948687707889,135039.90097663554,165427.92018013253,0.8,10147.517083333332,
sarima_core,electricity,IND|India Total,India,False,True,rolling,2023-12-01,4,2024-04-01,154857.23,153360.7115220955,12355.4073400278,137526.61990254163,169194.80314164935,0.8,10147.517083333332,
sarima_core,electricity,IND|India Total,India,False,True,rolling,2023-12-01,5,2024-05-01,167414.52,159174.84335544312,12768.192892253832,142811.7457651998,175537.94094568645,0.8,10147.517083333332,
sarima_core,electricity,IND|India Total,India,False,True,rolling,2023-12-01,6,2024-06-01,162308.64,159626.87039539995,13142.98380783033,142783.45892054765,176470.28187025225,0.8,10147.517083333332,
sarima_core,electricity,IND|India Total,India,False,True,rolling,2023-12-01,7,2024-07-01,159731.25,156511.48043435474,13497.72422099406,139213.45082765055,173809.51004105894,0.8,10147.517083333332,
sarima_core,electricity,IND|India Total,India,False,True,rolling,2023-12-01,8,2024-08-01,153948.26,164863.88828226764,13839.6013894336,147127.7254551258,182600.05110940948,0.8,10147.517083333332,
sarima_core,electricity,IND|India Total,India,False,True,rolling,2023-12-01,9,2024-09-01,150033.97,157182.40893012,14171.747604820564,139020.58360065927,175344.23425958073,0.8,10147.517083333332,
sarima_core,electricity,IND|India Total,India,False,True,rolling,2023-12-01,10,2024-10-01,151013.57,151837.6465997705,14495.698069197022,133260.6620455292,170414.6311540118,0.8,10147.517083333332,
sarima_core,electricity,IND|India Total,India,False,True,rolling,2023-12-01,11,2024-11-01,134418.58,138808.78495535126,14812.332891310194,119826.0165491249,157791.55336157762,0.8,10147.517083333332,
sarima_core,electricity,IND|India Total,India,False,True,rolling,2023-12-01,12,2024-12-01,140885.2,144689.4195319713,15122.247223860348,125309.47992768059,164069.359136262,0.8,10147.517083333332,
sarima_core,electricity,IND|Jammu and Kashmir,India,False,False,holdout,last12,1,2024-12-01,404.76,378.48430752823,138.65450980316064,200.79140342017033,556.1772116362896,0.8,143.49050847457625,
sarima_core,electricity,IND|Jammu and Kashmir,India,False,False,holdout,last12,2,2025-01-01,344.78,330.0383284387113,144.1538755053823,145.29770360546718,514.7789532719554,0.8,143.49050847457625,
sarima_core,electricity,IND|Jammu and Kashmir,India,False,False,holdout,last12,3,2025-02-01,327.43,576.4196689457178,144.72178465684013,390.95123925033585,761.8880986410998,0.8,143.49050847457625,
sarima_core,electricity,IND|Jammu and Kashmir,India,False,False,holdout,last12,4,2025-03-01,991.89,1059.2555707710435,144.81183853649358,873.6717323852083,1244.8394091568787,0.8,143.49050847457625,
sarima_core,electricity,IND|Jammu and Kashmir,India,False,False,holdout,last12,5,2025-04-01,1702.4,1446.2120012284577,144.831469725333,1260.6030044618317,1631.8209979950836,0.8,143.49050847457625,
sarima_core,electricity,IND|Jammu and Kashmir,India,False,False,holdout,last12,6,2025-05-01,2078.56,2015.752133371195,144.836371873359,1830.1368542490918,2201.367412493298,0.8,143.49050847457625,
sarima_core,electricity,IND|Jammu and Kashmir,India,False,False,holdout,last12,7,2025-06-01,2212.21,2192.9818685036357,144.83764894292662,2007.3649527510288,2378.5987842562427,0.8,143.49050847457625,
sarima_core,electricity,IND|Jammu and Kashmir,India,False,False,holdout,last12,8,2025-07-01,2239.09,2201.1764876786306,144.83798557213314,2015.559140518337,2386.793834838924,0.8,143.49050847457625,
sarima_core,electricity,IND|Jammu and Kashmir,India,False,False,holdout,last12,9,2025-08-01,1900.58,2131.9769554852796,144.8380745908835,1946.3594942428672,2317.594416727692,0.8,143.49050847457625,
sarima_core,electricity,IND|Jammu and Kashmir,India,False,False,holdout,last12,10,2025-09-01,1881.65,1724.7475154921167,144.83809815581262,1539.1300240500325,1910.365006934201,0.8,143.49050847457625,
sarima_core,electricity,IND|Jammu and Kashmir,India,False,False,holdout,last12,11,2025-10-01,1222.23,887.4025586753692,144.83810440023728,701.7850592307328,1073.0200581200056,0.8,143.49050847457625,
sarima_core,electricity,IND|Jammu and Kashmir,India,False,False,holdout,last12,12,2025-11-01,635.0,489.7153692748428,144.83810605999446,304.0978677031421,675.3328708465435,0.8,143.49050847457625,
sarima_core,electricity,IND|Jammu and Kashmir,India,False,False,rolling,2022-12-01,1,2023-01-01,472.21,583.8296611230461,167.5458000238668,369.111078802037,798.5482434440552,0.8,163.30416666666667,
sarima_core,electricity,IND|Jammu and Kashmir,India,False,False,rolling,2022-12-01,2,2023-02-01,806.6,550.7653515330451,184.32987064875215,314.5371172265031,786.993585839587,0.8,163.30416666666667,
sarima_core,electricity,IND|Jammu and Kashmir,India,False,False,rolling,2022-12-01,3,2023-03-01,1131.58,1273.3434547694815,188.16409202235167,1032.2014680589584,1514.4854414800045,0.8,163.30416666666667,
sarima_core,electricity,IND|Jammu and Kashmir,India,False,False,rolling,2022-12-01,4,2023-04-01,1538.38,1567.8167806273016,189.2568383899239,1325.2743830986733,1810.3591781559298,0.8,163.30416666666667,
sarima_core,electricity,IND|Jammu and Kashmir,India,False,False,rolling,2022-12-01,5,2023-05-01,2093.91,2057.2188871082485,189.62674062611663,1814.2024407897288,2300.235333426768,0.8,163.30416666666667,
sarima_core,electricity,IND|Jammu and Kashmir,India,False,False,rolling,2022-12-01,6,2023-06-01,2307.65,2148.7762936723157,189.76686782884812,1905.58026711776,2391.972320226871,0.8,163.30416666666667,
sarima_core,electricity,IND|Jammu and Kashmir,India,False,False,rolling,2022-12-01,7,2023-07-01,2279.93,2321.337214653998,189.82325581999754,2078.068923981107,2564.605505326889,0.8,163.30416666666667,
sarima_core,electricity,IND|Jammu and Kashmir,India,False,False,rolling,2022-12-01,8,2023-08-01,2269.49,2247.476335079421,189.8466064417949,2004.1781193806091,2490.774550778233,0.8,163.30416666666667,
sarima_core,electricity,IND|Jammu and Kashmir,India,False,False,rolling,2022-12-01,9,2023-09-01,1711.47,1851.230031974724,189.85640044327081,1607.9192647579875,2094.5407991914603,0.8,163.30416666666667,
sarima_core,electricity,IND|Jammu and Kashmir,India,False,False,rolling,2022-12-01,10,2023-10-01,1009.05,980.3365113315926,189.86053119664777,737.0204503413993,1223.652572321786,0.8,163.30416666666667,
sarima_core,electricity,IND|Jammu and Kashmir,India,False,False,rolling,2022-12-01,11,2023-11-01,609.83,675.9584060969837,189.86227757192384,432.64010703682123,919.2767051571461,0.8,163.30416666666667,
sarima_core,electricity,IND|Jammu and Kashmir,India,False,False,rolling,2022-12-01,12,2023-12-01,454.28,429.70988268543545,189.86301668563522,186.39063641293905,673.0291289579318,0.8,163.30416666666667,
sarima_core,electricity,IND|Jammu and Kashmir,India,False,False,rolling,2023-12-01,1,2024-01-01,353.58,485.2197179011505,153.79022795114562,288.1296105048989,682.3098252974021,0.8,155.73895833333333,
sarima_core,electricity,IND|Jammu and Kashmir,India,False,False,rolling,2023-12-01,2,2024-02-01,526.43,652.8493952372816,160.43139995091852,447.24828346767003,858.4505070068931,0.8,155.73895833333333,
sarima_core,electricity,IND|Jammu and Kashmir,India,False,False,rolling,2023-12-01,3,2024-03-01,1128.93,1186.7756782493018,161.1970880352359,980.1932977165145,1393.358058782089,0.8,155.73895833333333,
sarima_core,electricity,IND|Jammu and Kashmir,India,False,False,rolling,2023-12-01,4,2024-04-01,1500.23,1561.6988346853993,161.33109021248916,1354.9447234525667,1768.452945918232,0.8,155.73895833333333,
sarima_core,electricity,IND|Jammu and Kashmir,India,False,False,rolling,2023-12-01,5,2024-05-01,2080.42,2057.1480468892723,161.36206744024423,1850.354236741714,2263.9418570368307,0.8,155.73895833333333,
sarima_core,electricity,IND|Jammu and Kashmir,India,False,False,rolling,2023-12-01,6,2024-06-01,2229.58,2185.4497352403064,161.37008689405442,1978.6456477491627,2392.25382273145,0.8,155.73895833333333,
sarima_core,electricity,IND|Jammu and Kashmir,India,False,False,rolling,2023-12-01,7,2024-07-01,2265.35,2260.7298739219164,161.3722375352611,2053.9230302731676,2467.536717570665,0.8,155.73895833333333,
sarima_core,electricity,IND|Jammu and Kashmir,India,False,False,rolling,2023-12-01,8,2024-08-01,2151.02,2219.8579897737336,161.3728200806447,2013.0503995630363,2426.665579984431,0.8,155.73895833333333,
sarima_core,electricity,IND|Jammu and Kashmir,India,False,False,rolling,2023-12-01,9,2024-09-01,1859.6,1723.4844497240977,161.37297831374175,1516.6766567295272,1930.2922427186681,0.8,155.73895833333333,
sarima_core,electricity,IND|Jammu and Kashmir,India,False,False,rolling,2023-12-01,10,2024-10-01,918.63,906.9852773370851,161.3730213308777,700.1774292138366,1113.7931254603336,0.8,155.73895833333333,
sarima_core,electricity,IND|Jammu and Kashmir,India,False,False,rolling,2023-12-01,11,2024-11-01,522.12,593.707395190636,161.37303303297656,386.8995320705444,800.5152583107276,0.8,155.73895833333333,
sarima_core,electricity,IND|Jammu and Kashmir,India,False,False,rolling,2023-12-01,12,2024-12-01,404.76,402.68362419342054,161.37303622162358,195.87575698691333,609.4914913999278,0.8,155.73895833333333,
sarima_core,electricity,IND|Jharkhand,India,False,False,holdout,last12,1,2024-12-01,2985.93,3378.9900869373255,190.94159914087206,3134.288581630751,3623.6915922439,0.8,336.1340677966102,
sarima_core,electricity,IND|Jharkhand,India,False,False,holdout,last12,2,2025-01-01,3230.48,3410.6069270067405,221.13669193877922,3127.208853253244,3694.005000760237,0.8,336.1340677966102,
sarima_core,electricity,IND|Jharkhand,India,False,False,holdout,last12,3,2025-02-01,3058.6,3091.787330823757,234.8064219117432,2790.8707932228367,3392.7038684246777,0.8,336.1340677966102,
sarima_core,electricity,IND|Jharkhand,India,False,False,holdout,last12,4,2025-03-01,3095.87,3542.1195007289143,243.78742251114068,3229.693347749679,3854.5456537081495,0.8,336.1340677966102,
sarima_core,electricity,IND|Jharkhand,India,False,False,holdout,last12,5,2025-04-01,2953.21,3702.798996118535,251.07782532542527,3381.0298159992026,4024.568176237867,0.8,336.1340677966102,
sarima_core,electricity,IND|Jharkhand,India,False,False,holdout,last12,6,2025-05-01,2921.0,3789.8366347068177,257.64669651051446,3459.6491074363735,4120.024161977262,0.8,336.1340677966102,
sarima_core,electricity,IND|Jharkhand,India,False,False,holdout,last12,7,2025-06-01,2966.39,3622.3269452750324,263.85087758115736,3284.1884400405834,3960.4654505094813,0.8,336.1340677966102,
sarima_core,electricity,IND|Jharkhand,India,False,False,holdout,last12,8,2025-07-01,3215.53,3679.8318237139056,269.83255673821753,3334.027488191141,4025.63615923667,0.8,336.1340677966102,
sarima_core,electricity,IND|Jharkhand,India,False,False,holdout,last12,9,2025-08-01,3306.39,3640.659539649546,275.65250045030257,3287.396646151177,3993.922433147915,0.8,336.1340677966102,
sarima_core,electricity,IND|Jharkhand,India,False,False,holdout,last12,10,2025-09-01,3328.64,3662.203906579575,281.33924030048234,3301.653162723363,4022.7546504357865,0.8,336.1340677966102,
sarima_core,electricity,IND|Jharkhand,India,False,False,holdout,last12,11,2025-10-01,3395.89,3756.0531057649323,286.90812277540425,3388.3655518546507,4123.740659675214,0.8,336.1340677966102,
sarima_core,electricity,IND|Jharkhand,India,False,False,holdout,last12,12,2025-11-01,3465.51,3517.9509213292904,292.3688713104779,3143.2651365848396,3892.636706073741,0.8,336.1340677966102,
sarima_core,electricity,IND|Jharkhand,India,False,False,rolling,2022-12-01,1,2023-01-01,2568.24,2627.034077489925,172.2985971695995,2406.2245405460862,2847.843614433764,0.8,292.75972222222225,
sarima_core,electricity,IND|Jharkhand,India,False,False,rolling,2022-12-01,2,2023-02-01,2202.16,2582.6421416205567,188.08136722199092,2341.6061710074455,2823.678112233668,0.8,292.75972222222225,
sarima_core,electricity,IND|Jharkhand,India,False,False,rolling,2022-12-01,3,2023-03-01,2784.79,2905.362587485035,191.44986264953937,2660.009716283219,3150.715458686851,0.8,292.75972222222225,
sarima_core,electricity,IND|Jharkhand,India,False,False,rolling,2022-12-01,4,2023-04-01,2903.12,2851.467282766245,192.36484440009187,2604.9418152695634,3097.992750262926,0.8,292.75972222222225,
sarima_core,electricity,IND|Jharkhand,India,False,False,rolling,2022-12-01,5,2023-05-01,2935.54,2801.356370939435,192.66318490335527,2554.448564703731,3048.2641771751387,0.8,292.75972222222225,
sarima_core,electricity,IND|Jharkhand,India,False,False,rolling,2022-12-01,6,2023-06-01,2845.92,2730.385373049916,192.77192923466518,2483.338205346178,2977.432540753654,0.8,292.75972222222225,
sarima_core,electricity,IND|Jharkhand,India,False,False,rolling,2022-12-01,7,2023-07-01,2848.43,2726.570983176725,192.81382307857018,2479.4701263517436,2973.671840001706,0.8,292.75972222222225,
sarima_core,electricity,IND|Jharkhand,India,False,False,rolling,2022-12-01,8,2023-08-01,2962.9,2646.238394105336,192.83036264427,2399.1163409740384,2893.3604472366333,0.8,292.75972222222225,
sarima_core,electricity,IND|Jharkhand,India,False,False,rolling,2022-12-01,9,2023-09-01,3167.64,2592.904725460111,192.83695961548884,2345.7742179700203,2840.0352329502016,0.8,292.75972222222225,
sarima_core,electricity,IND|Jharkhand,India,False,False,rolling,2022-12-01,10,2023-10-01,3064.95,2630.5047821483845,192.8396019187318,2383.3708884104362,2877.6386758863327,0.8,292.75972222222225,
sarima_core,electricity,IND|Jharkhand,India,False,False,rolling,2022-12-01,11,2023-11-01,2793.62,2493.8993794700636,192.84066205064477,2246.7641271184025,2741.034631821725,0.8,292.75972222222225,
sarima_core,electricity,IND|Jharkhand,India,False,False,rolling,2022-12-01,12,2023-12-01,2928.02,2699.527139146854,192.8410876934951,2452.3913413119317,2946.6629369817765,0.8,292.75972222222225,
sarima_core,electricity,IND|Jharkhand,India,False,False,rolling,2023-12-01,1,2024-01-01,3263.77,2925.6984969567498,178.18018983260157,2697.351395727745,3154.0455981857544,0.8,296.52124999999995,
sarima_core,electricity,IND|Jharkhand,India,False,False,rolling,2023-12-01,2,2024-02-01,3013.36,2709.021920391366,210.95946506349657,2438.666487672791,2979.3773531099414,0.8,296.52124999999995,
sarima_core,electricity,IND|Jharkhand,India,False,False,rolling,2023-12-01,3,2024-03-01,3254.72,3048.712990595574,224.29058388551422,2761.2730416801805,3336.1529395109674,0.8,296.52124999999995,
sarima_core,electricity,IND|Jharkhand,India,False,False,rolling,2023-12-01,4,2024-04-01,3480.66,3130.0810966797053,231.04149692310187,2833.989504592136,3426.1726887672744,0.8,296.52124999999995,
sarima_core,electricity,IND|Jharkhand,India,False,False,rolling,2023-12-01,5,2024-05-01,3652.67,3099.5411449258563,235.14721602740534,2798.187862092481,3400.894427759232,0.8,296.52124999999995,
sarima_core,electricity,IND|Jharkhand,India,False,False,rolling,2023-12-01,6,2024-06-01,3363.29,3074.2959358208273,238.06416962350804,2769.2044265397453,3379.387445101909,0.8,296.52124999999995,
sarima_core,electricity,IND|Jharkhand,India,False,False,rolling,2023-12-01,7,2024-07-01,3506.67,3008.1902052145665,240.40011293334595,2700.1050641277384,3316.2753463013946,0.8,296.52124999999995,
sarima_core,electricity,IND|Jharkhand,India,False,False,rolling,2023-12-01,8,2024-08-01,3227.38,3121.6302085173584,242.43342213392813,2810.9392768412877,3432.321140193429,0.8,296.52124999999995,
sarima_core,electricity,IND|Jharkhand,India,False,False,rolling,2023-12-01,9,2024-09-01,2962.64,3120.2863926624796,244.30099295739373,2807.202072673831,3433.370712651128,0.8,296.52124999999995,
sarima_core,electricity,IND|Jharkhand,India,False,False,rolling,2023-12-01,10,2024-10-01,3363.61,3076.6112632965333,246.07361732927413,2761.255233768979,3391.9672928240875,0.8,296.52124999999995,
sarima_core,electricity,IND|Jharkhand,India,False,False,rolling,2023-12-01,11,2024-11-01,3177.43,2983.6805872873188,247.7891493793497,2666.1260149752484,3301.235159599389,0.8,296.52124999999995,
sarima_core,electricity,IND|Jharkhand,India,False,False,rolling,2023-12-01,12,2024-12-01,2985.93,3168.4763445048034,249.46827923513993,2848.769880697292,3488.1828083123146,0.8,296.52124999999995,
sarima_core,electricity,IND|Karnataka,India,True,False,holdout,last12,1,2024-12-01,8145.37,7807.574039158407,697.1387381504215,6914.154797879947,8700.993280436867,0.8,738.1993220338982,
sarima_core,electricity,IND|Karnataka,India,True,False,holdout,last12,2,2025-01-01,9225.42,8882.182151942883,759.6711844950714,7908.624356154103,9855.739947731663,0.8,738.1993220338982,
sarima_core,electricity,IND|Karnataka,India,True,False,holdout,last12,3,2025-02-01,8745.45,8652.236109359732,771.9859362761364,7662.896324146635,9641.575894572828,0.8,738.1993220338982,
sarima_core,electricity,IND|Karnataka,India,True,False,holdout,last12,4,2025-03-01,9617.26,8974.431908269236,774.9469428193555,7981.297440485089,9967.566376053383,0.8,738.1993220338982,
sarima_core,electricity,IND|Karnataka,India,True,False,holdout,last12,5,2025-04-01,8712.33,8728.643394922852,775.8131593340322,7734.398826008221,9722.887963837484,0.8,738.1993220338982,
sarima_core,electricity,IND|Karnataka,India,True,False,holdout,last12,6,2025-05-01,8192.56,8503.153332759328,776.1104124164025,7508.527818691622,9497.778846827034,0.8,738.1993220338982,
sarima_core,electricity,IND|Karnataka,India,True,False,holdout,last12,7,2025-06-01,7637.08,8815.11171214148,776.222951703357,7820.341973174393,9809.88145110857,0.8,738.1993220338982,
sarima_core,electricity,IND|Karnataka,India,True,False,holdout,last12,8,2025-07-01,10897.87,9097.293392680853,776.267728006407,8102.466270572492,10092.120514789214,0.8,738.1993220338982,
sarima_core,electricity,IND|Karnataka,India,True,False,holdout,last12,9,2025-08-01,8199.13,9170.490325265273,776.2859488197812,8175.639852245007,10165.340798285539,0.8,738.1993220338982,
sarima_core,electricity,IND|Karnataka,India,True,False,holdout,last12,10,2025-09-01,8928.18,8673.791349265333,776.2934356049068,7678.931281543869,9668.651416986799,0.8,738.1993220338982,
sarima_core,electricity,IND|Karnataka,India,True,False,holdout,last12,11,2025-10-01,8001.72,8504.707395374702,776.2965244410211,7509.84336915048,9499.571421598925,0.8,738.1993220338982,
sarima_core,electricity,IND|Karnataka,India,True,False,holdout,last12,12,2025-11-01,8240.21,7964.660598257191,776.2978009865012,6969.7949360741095,8959.526260440272,0.8,738.1993220338982,
sarima_core,electricity,IND|Karnataka,India,True,False,rolling,2022-12-01,1,2023-01-01,8038.99,7671.137330481439,707.8412454761711,6764.002274184411,8578.272386778466,0.8,802.7808333333332,
sarima_core,electricity,IND|Karnataka,India,True,False,rolling,2022-12-01,2,2023-02-01,7818.8,7650.494337475031,808.5231185468828,6614.330269122271,8686.658405827791,0.8,802.7808333333332,
sarima_core,electricity,IND|Karnataka,India,True,False,rolling,2022-12-01,3,2023-03-01,8160.45,8937.7862895975,839.129823387014,7862.398150740708,10013.174428454291,0.8,802.7808333333332,
sarima_core,electricity,IND|Karnataka,India,True,False,rolling,2022-12-01,4,2023-04-01,7779.79,8342.58923615891,850.0454473899665,7253.212162272239,9431.966310045582,0.8,802.7808333333332,
sarima_core,electricity,IND|Karnataka,India,True,False,rolling,2022-12-01,5,2023-05-01,7603.25,6897.241371056355,854.4397391831998,5802.232785642605,7992.249956470105,0.8,802.7808333333332,
sarima_core,electricity,IND|Karnataka,India,True,False,rolling,2022-12-01,6,2023-06-01,7946.66,6697.970727611854,856.3842347035464,5600.47017091981,7795.471284303899,0.8,802.7808333333332,
sarima_core,electricity,IND|Karnataka,India,True,False,rolling,2022-12-01,7,2023-07-01,7321.81,8050.31786226276,857.3030929152909,6951.639741390941,9148.995983134579,0.8,802.7808333333332,
sarima_core,electricity,IND|Karnataka,India,True,False,rolling,2022-12-01,8,2023-08-01,8122.64,8241.861675527369,857.7553633873589,7142.603946724022,9341.119404330717,0.8,802.7808333333332,
sarima_core,electricity,IND|Karnataka,India,True,False,rolling,2022-12-01,9,2023-09-01,7595.06,8002.4023947781825,857.9832509886718,6902.852616262604,9101.952173293761,0.8,802.7808333333332,
sarima_core,electricity,IND|Karnataka,India,True,False,rolling,2022-12-01,10,2023-10-01,7700.76,7350.555459270836,858.0995614668091,6250.856622879912,8450.25429566176,0.8,802.7808333333332,
sarima_core,electricity,IND|Karnataka,India,True,False,rolling,2022-12-01,11,2023-11-01,6777.8,6705.242247582928,858.1593329106945,5605.466811004518,7805.017684161338,0.8,802.7808333333332,
sarima_core,electricity,IND|Karnataka,India,True,False,rolling,2022-12-01,12,2023-12-01,7198.72,7697.410449006868,858.1901602906685,6597.59550555139,8797.225392462346,0.8,802.7808333333332,
sarima_core,electricity,IND|Karnataka,India,True,False,rolling,2023-12-01,1,2024-01-01,7829.86,8400.192388553567,674.5776038454728,7535.686404264076,9264.698372843059,0.8,808.1014583333334,
sarima_core,electricity,IND|Karnataka,India,True,False,rolling,2023-12-01,2,2024-02-01,7618.21,8235.361554277675,725.2739001730095,7305.885652062317,9164.837456493035,0.8,808.1014583333334,
sarima_core,electricity,IND|Karnataka,India,True,False,rolling,2023-12-01,3,2024-03-01,7925.02,9396.237548447965,734.114037324761,8455.43255462615,10337.04254226978,0.8,808.1014583333334,
sarima_core,electricity,IND|Karnataka,India,True,False,rolling,2023-12-01,4,2024-04-01,7885.67,8879.513952513696,736.1154638005924,7936.1440274584575,9822.883877568935,0.8,808.1014583333334,
sarima_core,electricity,IND|Karnataka,India,True,False,rolling,2023-12-01,5,2024-05-01,7589.62,8806.766175277318,736.684471156891,7862.667037953808,9750.865312600828,0.8,808.1014583333334,
sarima_core,electricity,IND|Karnataka,India,True,False,rolling,2023-12-01,6,2024-06-01,7855.71,8495.216563437127,736.8716626390957,7550.877530576541,9439.555596297712,0.8,808.1014583333334,
sarima_core,electricity,IND|Karnataka,India,True,False,rolling,2023-12-01,7,2024-07-01,9488.83,7894.360379634857,736.9377636725811,6949.936634891324,8838.78412437839,0.8,808.1014583333334,
sarima_core,electricity,IND|Karnataka,India,True,False,rolling,2023-12-01,8,2024-08-01,8478.77,8233.16127696845,736.9618019611005,7288.706725918632,9177.615828018268,0.8,808.1014583333334,
sarima_core,electricity,IND|Karnataka,India,True,False,rolling,2023-12-01,9,2024-09-01,8028.12,7818.761755764044,736.9706438899196,6874.295873326506,8763.227638201583,0.8,808.1014583333334,
sarima_core,electricity,IND|Karnataka,India,True,False,rolling,2023-12-01,10,2024-10-01,7449.92,7073.656158575676,736.9739101784136,6129.186090221005,8018.126226930348,0.8,808.1014583333334,
sarima_core,electricity,IND|Karnataka,India,True,False,rolling,2023-12-01,11,2024-11-01,7480.03,7403.506358827377,736.975118706733,6459.034741681346,8347.977975973408,0.8,808.1014583333334,
sarima_core,electricity,IND|Karnataka,India,True,False,rolling,2023-12-01,12,2024-12-01,8145.37,7806.558138969323,736.9755661284336,6862.085948429311,8751.030329509336,0.8,808.1014583333334,
sarima_core,electricity,IND|Kerala,India,False,False,holdout,last12,1,2024-12-01,565.37,621.2412937826613,184.40854052783456,384.91223996942,857.5703475959026,0.8,217.61152542372878,
sarima_core,electricity,IND|Kerala,India,False,False,holdout,last12,2,2025-01-01,617.85,620.3915687482296,233.60408428257867,321.01588881827814,919.767248678181,0.8,217.61152542372878,
sarima_core,electricity,IND|Kerala,India,False,False,holdout,last12,3,2025-02-01,639.53,586.495823948516,261.2080058804731,251.74429507961253,921.2473528174194,0.8,217.61152542372878,
sarima_core,electricity,IND|Kerala,India,False,False,holdout,last12,4,2025-03-01,702.28,595.2513156471496,279.5897173523381,236.94267566408837,953.5599556302108,0.8,217.61152542372878,
sarima_core,electricity,IND|Kerala,India,False,False,holdout,last12,5,2025-04-01,714.39,723.1264164339391,293.2910126650701,347.25885999285725,1098.993972875021,0.8,217.61152542372878,
sarima_core,electricity,IND|Kerala,India,False,False,holdout,last12,6,2025-05-01,1021.22,767.9962753736736,304.3796804181369,377.9180194138451,1158.0745313335021,0.8,217.61152542372878,
sarima_core,electricity,IND|Kerala,India,False,False,holdout,last12,7,2025-06-01,1450.32,700.9196756617496,313.9089666951308,298.6291479551169,1103.2102033683823,0.8,217.61152542372878,
sarima_core,electricity,IND|Kerala,India,False,False,holdout,last12,8,2025-07-01,1539.31,772.3751492714316,322.4559300596658,359.1312472843268,1185.6190512585365,0.8,217.61152542372878,
sarima_core,electricity,IND|Kerala,India,False,False,holdout,last12,9,2025-08-01,1430.45,834.4103794331197,330.3535157743683,411.0453141093152,1257.7754447569241,0.8,217.61152542372878,
sarima_core,electricity,IND|Kerala,India,False,False,holdout,last12,10,2025-09-01,1220.3,650.4102016010465,337.80135274903455,217.50034914243753,1083.3200540596556,0.8,217.61152542372878,
sarima_core,electricity,IND|Kerala,India,False,False,holdout,last12,11,2025-10-01,1178.3,659.1866408913954,344.92279405529393,217.15029417781568,1101.222987604975,0.8,217.61152542372878,
sarima_core,electricity,IND|Kerala,India,False,False,holdout,last12,12,2025-11-01,850.0,537.967680062264,351.79603082173213,87.12292601029668,988.8124341142313,0.8,217.61152542372878,
sarima_core,electricity,IND|Kerala,India,False,False,rolling,2022-12-01,1,2023-01-01,663.5,830.711043327627,199.80291755116497,574.6533015395528,1086.7687851157011,0.8,202.11527777777778,
sarima_core,electricity,IND|Kerala,India,False,False,rolling,2022-12-01,2,2023-02-01,609.37,895.3624534146295,225.8594140591659,605.9119677341193,1184.8129390951397,0.8,202.11527777777778,
sarima_core,electricity,IND|Kerala,India,False,False,rolling,2022-12-01,3,2023-03-01,584.39,1094.6152105983613,233.24553241188406,795.6990333796275,1393.531387817095,0.8,202.11527777777778,
sarima_core,electricity,IND|Kerala,India,False,False,rolling,2022-12-01,4,2023-04-01,716.52,1044.7242433606377,235.7381610605503,742.6136339948844,1346.834852726391,0.8,202.11527777777778,
sarima_core,electricity,IND|Kerala,India,False,False,rolling,2022-12-01,5,2023-05-01,839.07,1059.6920061138924,236.69986396912284,756.348924880069,1363.0350873477157,0.8,202.11527777777778,
sarima_core,electricity,IND|Kerala,India,False,False,rolling,2022-12-01,6,2023-06-01,595.32,1054.2704259173706,237.10987428651137,750.4018953194086,1358.1389565153327,0.8,202.11527777777778,
sarima_core,electricity,IND|Kerala,India,False,False,rolling,2022-12-01,7,2023-07-01,639.44,1321.0158676529775,237.29634728632826,1016.9083622901683,1625.1233730157867,0.8,202.11527777777778,
sarima_core,electricity,IND|Kerala,India,False,False,rolling,2022-12-01,8,2023-08-01,686.18,1427.237471771599,237.3843713912699,1123.0171589792963,1731.457784563902,0.8,202.11527777777778,
sarima_core,electricity,IND|Kerala,India,False,False,rolling,2022-12-01,9,2023-09-01,484.78,1179.1136092857644,237.42675866913515,874.8389750111542,1483.3882435603746,0.8,202.11527777777778,
sarima_core,electricity,IND|Kerala,India,False,False,rolling,2022-12-01,10,2023-10-01,633.13,1348.8675061227555,237.44737965233148,1044.566444994847,1653.168567250664,0.8,202.11527777777778,
sarima_core,electricity,IND|Kerala,India,False,False,rolling,2022-12-01,11,2023-11-01,494.36,1369.822086797527,237.45746321129286,1065.5081030688452,1674.1360705262086,0.8,202.11527777777778,
sarima_core,electricity,IND|Kerala,India,False,False,rolling,2022-12-01,12,2023-12-01,516.68,1075.314641572884,237.46240662514896,770.9943226044359,1379.6349605413322,0.8,202.11527777777778,
sarima_core,electricity,IND|Kerala,India,False,False,rolling,2023-12-01,1,2024-01-01,547.81,415.72024917301167,196.96709854980486,163.29675566573167,668.1437426802917,0.8,218.25770833333334,
sarima_core,electricity,IND|Kerala,India,False,False,rolling,2023-12-01,2,2024-02-01,565.07,383.30532733549063,243.6494856630763,71.05594753983854,695.5547071311428,0.8,218.25770833333334,
sarima_core,electricity,IND|Kerala,India,False,False,rolling,2023-12-01,3,2024-03-01,641.56,484.6119928651316,269.9445975893336,138.66407121421395,830.5599145160493,0.8,218.25770833333334,
sarima_core,electricity,IND|Kerala,India,False,False,rolling,2023-12-01,4,2024-04-01,769.5,525.1053904474495,288.7093546462224,155.109465013212,895.101315881687,0.8,218.25770833333334,
sarima_core,electricity,IND|Kerala,India,False,False,rolling,2023-12-01,5,2024-05-01,688.7,458.35825384405445,304.0510623298331,68.70113890975796,848.0153687783509,0.8,218.25770833333334,
sarima_core,electricity,IND|Kerala,India,False,False,rolling,2023-12-01,6,2024-06-01,921.06,312.2389122886209,317.60515079043046,-94.7884659318841,719.2662905091258,0.8,218.25770833333334,
sarima_core,electricity,IND|Kerala,India,False,False,rolling,2023-12-01,7,2024-07-01,1040.33,533.6549776497865,330.10509760348043,110.60827302179302,956.7016822777799,0.8,218.25770833333334,
sarima_core,electricity,IND|Kerala,India,False,False,rolling,2023-12-01,8,2024-08-01,1129.29,798.3385135771025,341.9075132488848,360.166404701533,1236.5106224526721,0.8,218.25770833333334,
sarima_core,electricity,IND|Kerala,India,False,False,rolling,2023-12-01,9,2024-09-01,975.3,647.41631081874,353.1981703390724,194.77464267321335,1100.0579789642668,0.8,218.25770833333334,
sarima_core,electricity,IND|Kerala,India,False,False,rolling,2023-12-01,10,2024-10-01,750.43,473.1301159789312,364.0811107245458,6.541398544672575,939.7188334131898,0.8,218.25770833333334,
sarima_core,electricity,IND|Kerala,India,False,False,rolling,2023-12-01,11,2024-11-01,659.0,323.7135788558778,374.6195655873588,-156.38071190623998,803.8078696179956,0.8,218.25770833333334,
sarima_core,electricity,IND|Kerala,India,False,False,rolling,2023-12-01,12,2024-12-01,565.37,301.10922478247903,384.85549092980034,-192.10293212704232,794.3213816920004,0.8,218.25770833333334,
sarima_core,electricity,IND|Ladakh,India,False,False,holdout,last12,1,2024-12-01,15.61,17.54928258507886,3.1945450054592874,13.455308432129826,21.643256738027894,0.8,3.2399999999999993,
sarima_core,electricity,IND|Ladakh,India,False,False,holdout,last12,2,2025-01-01,12.68,14.95507072256141,3.253060159723259,10.786106382057302,19.12403506306552,0.8,3.2399999999999993,
sarima_core,electricity,IND|Ladakh,India,False,False,holdout,last12,3,2025-02-01,11.84,13.107085617759246,3.2578941969764825,8.931926209245367,17.282245026273124,0.8,3.2399999999999993,
sarima_core,electricity,IND|Ladakh,India,False,False,holdout,last12,4,2025-03-01,15.02,17.684031830264015,3.258520442565242,13.508069855735446,21.859993804792584,0.8,3.2399999999999993,
sarima_core,electricity,IND|Ladakh,India,False,False,holdout,last12,5,2025-04-01,26.49,16.54451128936861,3.2586098474277496,12.368434737898527,20.720587840838697,0.8,3.2399999999999993,
sarima_core,electricity,IND|Ladakh,India,False,False,holdout,last12,6,2025-05-01,58.37,22.48539010340054,3.258622806998311,18.309296943572512,26.66148326322857,0.8,3.2399999999999993,
sarima_core,electricity,IND|Ladakh,India,False,False,holdout,last12,7,2025-06-01,44.04,50.90050807068778,3.2586246898770312,46.72441249785358,55.07660364352198,0.8,3.2399999999999993,
sarima_core,electricity,IND|Ladakh,India,False,False,holdout,last12,8,2025-07-01,64.41,66.62923756811469,3.258624963669251,62.45314164440165,70.80533349182774,0.8,3.2399999999999993,
sarima_core,electricity,IND|Ladakh,India,False,False,holdout,last12,9,2025-08-01,63.89,67.73647231011428,3.258625003604851,63.560376335221704,71.91256828500686,0.8,3.2399999999999993,
sarima_core,electricity,IND|Ladakh,India,False,False,holdout,last12,10,2025-09-01,61.52,60.87306817900375,3.2586250095657454,56.69697219647198,65.04916416153551,0.8,3.2399999999999993,
sarima_core,electricity,IND|Ladakh,India,False,False,holdout,last12,11,2025-10-01,43.32,30.9202982592843,3.2586250105877017,26.74420227544284,35.09639424312576,0.8,3.2399999999999993,
sarima_core,electricity,IND|Ladakh,India,False,False,holdout,last12,12,2025-11-01,28.3,22.964982581814695,3.2586250108918717,18.788886597583428,27.141078566045962,0.8,3.2399999999999993,
sarima_core,electricity,IND|Lakshadweep,India,False,False,holdout,last12,1,2024-12-01,5.44,5.255132818839103,0.7786716883399895,4.257224897601732,6.253040740076473,0.8,1.1493220338983052,
sarima_core,electricity,IND|Lakshadweep,India,False,False,holdout,last12,2,2025-01-01,5.52,9.788512009848638,1.0715850242741953,8.415220544375895,11.161803475321381,0.8,1.1493220338983052,
sarima_core,electricity,IND|Lakshadweep,India,False,False,holdout,last12,3,2025-02-01,5.19,9.647276239695426,1.3129884173122333,7.964613877947007,11.329938601443846,0.8,1.1493220338983052,
sarima_core,electricity,IND|Lakshadweep,India,False,False,holdout,last12,4,2025-03-01,6.55,10.554248872077125,1.5104959758975185,8.61847038941684,12.490027354737409,0.8,1.1493220338983052,
sarima_core,electricity,IND|Lakshadweep,India,False,False,holdout,last12,5,2025-04-01,6.25,10.790304357329065,1.6878264913146075,8.62726767501718,12.95334103964095,0.8,1.1493220338983052,
sarima_core,electricity,IND|Lakshadweep,India,False,False,holdout,last12,6,2025-05-01,6.01,10.841406152712812,1.8468542944528452,8.474567140324,13.208245165101625,0.8,1.1493220338983052,
sarima_core,electricity,IND|Lakshadweep,India,False,False,holdout,last12,7,2025-06-01,5.34,10.157152429378433,1.9939049565417994,7.601860410775152,12.712444447981714,0.8,1.1493220338983052,
sarima_core,electricity,IND|Lakshadweep,India,False,False,holdout,last12,8,2025-07-01,5.24,10.045820362832938,2.130498693234625,7.315476427127379,12.776164298538497,0.8,1.1493220338983052,
sarima_core,electricity,IND|Lakshadweep,India,False,False,holdout,last12,9,2025-08-01,5.04,10.301315833776282,2.2590140121488984,7.4062728899196735,13.196358777632891,0.8,1.1493220338983052,
sarima_core,electricity,IND|Lakshadweep,India,False,False,holdout,last12,10,2025-09-01,5.46,9.826008810039486,2.3805178365733433,6.775252449772073,12.8767651703069,0.8,1.1493220338983052,
sarima_core,electricity,IND|Lakshadweep,India,False,False,holdout,last12,11,2025-10-01,5.4,10.092128386348435,2.4961565368641168,6.893175068685839,13.291081704011031,0.8,1.1493220338983052,
sarima_core,electricity,IND|Lakshadweep,India,False,False,holdout,last12,12,2025-11-01,5.25,10.06009284401186,2.6066487358864996,6.719538075711663,13.400647612312058,0.8,1.1493220338983052,
sarima_core,electricity,IND|Lakshadweep,India,False,False,rolling,2022-12-01,1,2023-01-01,4.81,-0.007036223978349902,0.020355681182792688,-0.03312307906588463,0.01905063110918483,0.8,0.020833333333333332,
sarima_core,electricity,IND|Lakshadweep,India,False,False,rolling,2022-12-01,2,2023-02-01,4.67,-0.003330261599850005,0.020655393768889023,-0.029801213821309916,0.023140690621609908,0.8,0.020833333333333332,
sarima_core,electricity,IND|Lakshadweep,India,False,False,rolling,2022-12-01,3,2023-03-01,5.57,-0.009348841082940726,0.020707937589666697,-0.03588713092017796,0.01718944875429651,0.8,0.020833333333333332,
sarima_core,electricity,IND|Lakshadweep,India,False,False,rolling,2022-12-01,4,2023-04-01,5.79,-0.003961064968211317,0.020702064889102357,-0.030491828636846345,0.02256969870042371,0.8,0.020833333333333332,
sarima_core,electricity,IND|Lakshadweep,India,False,False,rolling,2022-12-01,5,2023-05-01,5.89,0.00642559734953302,0.020703610291507316,-0.020107146831973483,0.03295834153103952,0.8,0.020833333333333332,
sarima_core,electricity,IND|Lakshadweep,India,False,False,rolling,2022-12-01,6,2023-06-01,5.21,-0.009203321007937651,0.020703292149290915,-0.03573565747378866,0.017329015457913356,0.8,0.020833333333333332,
sarima_core,electricity,IND|Lakshadweep,India,False,False,rolling,2022-12-01,7,2023-07-01,5.09,-0.009205126266180705,0.020703367565239855,-0.035737559381459144,0.01732730684909773,0.8,0.020833333333333332,
sarima_core,electricity,IND|Lakshadweep,India,False,False,rolling,2022-12-01,8,2023-08-01,5.37,-0.009204733560663612,0.020703356809212637,-0.03573715289153853,0.017327685770211303,0.8,0.020833333333333332,
sarima_core,electricity,IND|Lakshadweep,India,False,False,rolling,2022-12-01,9,2023-09-01,4.86,-0.009204818987567904,0.02070336477205538,-0.035737248523236405,0.017327610548100593,0.8,0.020833333333333332,
sarima_core,electricity,IND|Lakshadweep,India,False,False,rolling,2022-12-01,10,2023-10-01,5.15,-0.014417206100340687,0.0207033686616491,-0.040949640620724106,0.012115228420042734,0.8,0.020833333333333332,
sarima_core,electricity,IND|Lakshadweep,India,False,False,rolling,2022-12-01,11,2023-11-01,5.11,0.027282035425569506,0.02070337343725329,0.0007495947850030583,0.05381447606613596,0.8,0.020833333333333332,
sarima_core,electricity,IND|Lakshadweep,India,False,False,rolling,2022-12-01,12,2023-12-01,5.42,-0.014417209263458228,0.020703378020115827,-0.040949655777199334,0.012115237250282879,0.8,0.020833333333333332,
sarima_core,electricity,IND|Lakshadweep,India,False,False,rolling,2023-12-01,1,2024-01-01,5.41,2.7070818264807954,0.8530888730084677,1.6138044457281149,3.800359207233476,0.8,1.324375,
sarima_core,electricity,IND|Lakshadweep,India,False,False,rolling,2023-12-01,2,2024-02-01,5.31,2.814958510723392,1.1528289763184967,1.3375487313172434,4.292368290129541,0.8,1.324375,
sarima_core,electricity,IND|Lakshadweep,India,False,False,rolling,2023-12-01,3,2024-03-01,6.3,2.300544690165159,1.4130754498342541,0.48961563519743034,4.111473745132888,0.8,1.324375,
sarima_core,electricity,IND|Lakshadweep,India,False,False,rolling,2023-12-01,4,2024-04-01,6.82,2.1875808643403767,1.6212206986545705,0.10990293988630118,4.265258788794452,0.8,1.324375,
sarima_core,electricity,IND|Lakshadweep,India,False,False,rolling,2023-12-01,5,2024-05-01,6.05,2.1275157147524717,1.8108738520849343,-0.19321250539075718,4.4482439348957,0.8,1.324375,
sarima_core,electricity,IND|Lakshadweep,India,False,False,rolling,2023-12-01,6,2024-06-01,5.3,2.5063753205415167,1.979833660475035,-0.030883606558161247,5.043634247641195,0.8,1.324375,
sarima_core,electricity,IND|Lakshadweep,India,False,False,rolling,2023-12-01,7,2024-07-01,5.33,2.571419255733862,2.136776947876257,-0.16697058703656786,5.309809098504292,0.8,1.324375,
sarima_core,electricity,IND|Lakshadweep,India,False,False,rolling,2023-12-01,8,2024-08-01,5.18,2.417198130725284,2.2822966256724633,-0.5076826829424204,5.342078944392988,0.8,1.324375,
sarima_core,electricity,IND|Lakshadweep,India,False,False,rolling,2023-12-01,9,2024-09-01,5.28,2.6990433386068884,2.4194128717339933,-0.4015590148625683,5.799645692076345,0.8,1.324375,
sarima_core,electricity,IND|Lakshadweep,India,False,False,rolling,2023-12-01,10,2024-10-01,5.15,2.538766182291403,2.548993711973337,-0.7279006998513688,5.805433064434175,0.8,1.324375,
sarima_core,electricity,IND|Lakshadweep,India,False,False,rolling,2023-12-01,11,2024-11-01,5.25,2.5607885642662547,2.6723860412516838,-0.8640119506393775,5.985589079171887,0.8,1.324375,
sarima_core,electricity,IND|Lakshadweep,India,False,False,rolling,2023-12-01,12,2024-12-01,5.44,2.3892923197495834,2.790282025158722,-1.186597977903535,5.965182617402702,0.8,1.324375,
sarima_core,electricity,IND|Madhya Pradesh,India,False,False,holdout,last12,1,2024-12-01,13649.15,14567.238873097496,838.8744360260666,13492.178026312948,15642.299719882045,0.8,1232.147288135593,
sarima_core,electricity,IND|Madhya Pradesh,India,False,False,holdout,last12,2,2025-01-01,14327.55,14854.21290392636,1047.4046494002223,13511.909835728811,16196.515972123909,0.8,1232.147288135593,
sarima_core,electricity,IND|Madhya Pradesh,India,False,False,holdout,last12,3,2025-02-01,13849.33,13371.235181341113,1148.9193807464433,11898.835750260976,14843.63461242125,0.8,1232.147288135593,
sarima_core,electricity,IND|Madhya Pradesh,India,False,False,holdout,last12,4,2025-03-01,14967.38,14541.215270898576,1203.5576492667578,12998.794081257583,16083.636460539568,0.8,1232.147288135593,
sarima_core,electricity,IND|Madhya Pradesh,India,False,False,holdout,last12,5,2025-04-01,14376.98,14936.485000600433,1234.5576054679066,13354.335768558043,16518.63423264282,0.8,1232.147288135593,
sarima_core,electricity,IND|Madhya Pradesh,India,False,False,holdout,last12,6,2025-05-01,13257.44,15360.893215099022,1252.8274800943273,13755.330196626841,16966.456233571203,0.8,1232.147288135593,
sarima_core,electricity,IND|Madhya Pradesh,India,False,False,holdout,last12,7,2025-06-01,13019.33,15063.857608697652,1263.947522569708,13444.043682382224,16683.67153501308,0.8,1232.147288135593,
sarima_core,electricity,IND|Madhya Pradesh,India,False,False,holdout,last12,8,2025-07-01,13307.54,14200.403305281141,1270.9162587743235,12571.65858417282,15829.148026389463,0.8,1232.147288135593,
sarima_core,electricity,IND|Madhya Pradesh,India,False,False,holdout,last12,9,2025-08-01,13867.3,14822.182916184829,1275.4016789104353,13187.689897878949,16456.675934490708,0.8,1232.147288135593,
sarima_core,electricity,IND|Madhya Pradesh,India,False,False,holdout,last12,10,2025-09-01,13661.29,14336.244356604871,1278.3589191400913,12697.961482452984,15974.52723075676,0.8,1232.147288135593,
sarima_core,electricity,IND|Madhya Pradesh,India,False,False,holdout,last12,11,2025-10-01,12318.52,15176.610044490597,1280.349998485013,13535.775499487101,16817.44458949409,0.8,1232.147288135593,
sarima_core,electricity,IND|Madhya Pradesh,India,False,False,holdout,last12,12,2025-11-01,12716.64,15025.285075284577,1281.7146238427406,13382.701692517505,16667.86845805165,0.8,1232.147288135593,
sarima_core,electricity,IND|Madhya Pradesh,India,False,False,rolling,2022-12-01,1,2023-01-01,13012.39,13403.981684016182,908.5198316551373,12239.666671430225,14568.29669660214,0.8,1233.0672222222224,
sarima_core,electricity,IND|Madhya Pradesh,India,False,False,rolling,2022-12-01,2,2023-02-01,11731.69,12755.83694274086,1163.9651224195884,11264.155617864724,14247.518267616995,0.8,1233.0672222222224,
sarima_core,electricity,IND|Madhya Pradesh,India,False,False,rolling,2022-12-01,3,2023-03-01,12498.42,14441.08087660424,1303.5129224102986,12770.561850181704,16111.599903026774,0.8,1233.0672222222224,
sarima_core,electricity,IND|Madhya Pradesh,India,False,False,rolling,2022-12-01,4,2023-04-01,13066.8,14682.172559349485,1387.9988496151727,12903.380460651057,16460.964658047913,0.8,1233.0672222222224,
sarima_core,electricity,IND|Madhya Pradesh,India,False,False,rolling,2022-12-01,5,2023-05-01,13275.13,14122.502785964849,1441.926678748557,12274.59939341411,15970.406178515588,0.8,1233.0672222222224,
sarima_core,electricity,IND|Madhya Pradesh,India,False,False,rolling,2022-12-01,6,2023-06-01,13387.48,13021.363798382316,1477.5932483671822,11127.751857699222,14914.975739065409,0.8,1233.0672222222224,
sarima_core,electricity,IND|Madhya Pradesh,India,False,False,rolling,2022-12-01,7,2023-07-01,13368.3,13337.456827440476,1501.8338950065584,11412.779248106875,15262.134406774076,0.8,1233.0672222222224,
sarima_core,electricity,IND|Madhya Pradesh,India,False,False,rolling,2022-12-01,8,2023-08-01,14257.17,12877.3887541137,1518.6814098192544,10931.120215796353,14823.657292431046,0.8,1233.0672222222224,
sarima_core,electricity,IND|Madhya Pradesh,India,False,False,rolling,2022-12-01,9,2023-09-01,13300.12,12891.536203089321,1530.613566191917,10929.975991092266,14853.096415086377,0.8,1233.0672222222224,
sarima_core,electricity,IND|Madhya Pradesh,India,False,False,rolling,2022-12-01,10,2023-10-01,14207.31,12783.554087309598,1539.2008976392356,10810.988767252382,14756.119407366814,0.8,1233.0672222222224,
sarima_core,electricity,IND|Madhya Pradesh,India,False,False,rolling,2022-12-01,11,2023-11-01,13801.07,13153.3295329726,1545.4652641641233,11172.736104188269,15133.922961756933,0.8,1233.0672222222224,
sarima_core,electricity,IND|Madhya Pradesh,India,False,False,rolling,2022-12-01,12,2023-12-01,14107.14,14130.236594839194,1550.0871327564605,12143.720003124612,16116.753186553777,0.8,1233.0672222222224,
sarima_core,electricity,IND|Madhya Pradesh,India,False,False,rolling,2023-12-01,1,2024-01-01,14686.28,13784.551382531563,926.7365657007598,12596.890685910328,14972.212079152798,0.8,1243.3614583333333,
sarima_core,electricity,IND|Madhya Pradesh,India,False,False,rolling,2023-12-01,2,2024-02-01,12848.99,13754.077812471925,1342.7448930437133,12033.280992664737,15474.874632279114,0.8,1243.3614583333333,
sarima_core,electricity,IND|Madhya Pradesh,India,False,False,rolling,2023-12-01,3,2024-03-01,14474.03,14799.373360273883,1643.6135979142412,12692.997780716494,16905.748939831272,0.8,1243.3614583333333,
sarima_core,electricity,IND|Madhya Pradesh,India,False,False,rolling,2023-12-01,4,2024-04-01,14595.83,15071.506739754006,1903.6708303273822,12631.85440686636,17511.15907264165,0.8,1243.3614583333333,
sarima_core,electricity,IND|Madhya Pradesh,India,False,False,rolling,2023-12-01,5,2024-05-01,15264.25,15470.226272011856,2129.2547097763654,12741.476565254741,18198.97597876897,0.8,1243.3614583333333,
sarima_core,electricity,IND|Madhya Pradesh,India,False,False,rolling,2023-12-01,6,2024-06-01,14410.6,14948.685506360456,2334.5694400510565,11956.814385590444,17940.55662713047,0.8,1243.3614583333333,
sarima_core,electricity,IND|Madhya Pradesh,India,False,False,rolling,2023-12-01,7,2024-07-01,12434.19,14409.101926091482,2522.526894172438,11176.353635736436,17641.850216446528,0.8,1243.3614583333333,
sarima_core,electricity,IND|Madhya Pradesh,India,False,False,rolling,2023-12-01,8,2024-08-01,12695.95,14351.364639212146,2697.768091534833,10894.035718029412,17808.69356039488,0.8,1243.3614583333333,
sarima_core,electricity,IND|Madhya Pradesh,India,False,False,rolling,2023-12-01,9,2024-09-01,12810.14,13986.057842592469,2862.126277965646,10318.095430279256,17654.02025490568,0.8,1243.3614583333333,
sarima_core,electricity,IND|Madhya Pradesh,India,False,False,rolling,2023-12-01,10,2024-10-01,13556.47,13570.473186741478,3017.632873935534,9703.221052910543,17437.725320572412,0.8,1243.3614583333333,
sarima_core,electricity,IND|Madhya Pradesh,India,False,False,rolling,2023-12-01,11,2024-11-01,13729.95,14041.364040125867,3165.4653011213823,9984.65702779665,18098.071052455085,0.8,1243.3614583333333,
sarima_core,electricity,IND|Madhya Pradesh,India,False,False,rolling,2023-12-01,12,2024-12-01,13649.15,14879.068132699018,3306.7174872012947,10641.339160162492,19116.797105235542,0.8,1243.3614583333333,
sarima_core,electricity,IND|Maharashtra,India,True,False,holdout,last12,1,2024-12-01,13876.65,14097.250050927772,1041.3508840313352,12762.705195216162,15431.794906639383,0.8,1541.1954237288135,
sarima_core,electricity,IND|Maharashtra,India,True,False,holdout,last12,2,2025-01-01,14233.32,15244.87835529082,1154.5078840549331,13765.316969046637,16724.439741535003,0.8,1541.1954237288135,
sarima_core,electricity,IND|Maharashtra,India,True,False,holdout,last12,3,2025-02-01,13573.43,15153.57581580431,1183.6969380504202,13636.607151715445,16670.544479893175,0.8,1541.1954237288135,
sarima_core,electricity,IND|Maharashtra,India,True,False,holdout,last12,4,2025-03-01,15928.98,16056.115843799857,1194.1158762886253,14525.794773100506,17586.436914499205,0.8,1541.1954237288135,
sarima_core,electricity,IND|Maharashtra,India,True,False,holdout,last12,5,2025-04-01,15581.37,15923.194943845147,1199.3401690564099,14386.178672570379,17460.211215119914,0.8,1541.1954237288135,
sarima_core,electricity,IND|Maharashtra,India,True,False,holdout,last12,6,2025-05-01,14882.24,16559.815130263934,1202.8478928587426,15018.303530058789,18101.32673046908,0.8,1541.1954237288135,
sarima_core,electricity,IND|Maharashtra,India,True,False,holdout,last12,7,2025-06-01,13979.36,15298.283984298381,1205.7083903058947,13753.106509111602,16843.46145948516,0.8,1541.1954237288135,
sarima_core,electricity,IND|Maharashtra,India,True,False,holdout,last12,8,2025-07-01,13977.26,14605.491032149006,1208.303786040273,13056.987423495626,16153.994640802386,0.8,1541.1954237288135,
sarima_core,electricity,IND|Maharashtra,India,True,False,holdout,last12,9,2025-08-01,13748.55,14793.642315562596,1210.7847195374147,13241.959262701943,16345.32536842325,0.8,1541.1954237288135,
sarima_core,electricity,IND|Maharashtra,India,True,False,holdout,last12,10,2025-09-01,13191.61,14176.829443045652,1213.2138271611607,12622.033363506911,15731.625522584392,0.8,1541.1954237288135,
sarima_core,electricity,IND|Maharashtra,India,True,False,holdout,last12,11,2025-10-01,13462.57,14661.389224795845,1215.6178424916059,13103.512275646777,16219.266173944912,0.8,1541.1954237288135,
sarima_core,electricity,IND|Maharashtra,India,True,False,holdout,last12,12,2025-11-01,13245.31,14088.105206092047,1218.0083199698552,12527.16473678833,15649.045675395762,0.8,1541.1954237288135,
sarima_core,electricity,IND|Maharashtra,India,True,False,rolling,2022-12-01,1,2023-01-01,13970.4,14174.417135474785,1219.1004678582651,12612.07702233487,15736.7572486147,0.8,1861.666111111111,
sarima_core,electricity,IND|Maharashtra,India,True,False,rolling,2022-12-01,2,2023-02-01,13981.77,13665.196031110141,1362.155501585343,11919.523515538254,15410.868546682028,0.8,1861.666111111111,
sarima_core,electricity,IND|Maharashtra,India,True,False,rolling,2022-12-01,3,2023-03-01,14814.99,16691.18204839365,1398.8966676298987,14898.42383395743,18483.94026282987,0.8,1861.666111111111,
sarima_core,electricity,IND|Maharashtra,India,True,False,rolling,2022-12-01,4,2023-04-01,14100.62,16238.28649550482,1410.2384708561794,14430.99317538786,18045.579815621782,0.8,1861.666111111111,
sarima_core,electricity,IND|Maharashtra,India,True,False,rolling,2022-12-01,5,2023-05-01,14736.3,15591.333889143245,1414.3072452179704,13778.826224873084,17403.841553413407,0.8,1861.666111111111,
sarima_core,electricity,IND|Maharashtra,India,True,False,rolling,2022-12-01,6,2023-06-01,14491.43,14233.958884306592,1415.9428906333044,12419.355056093735,16048.56271251945,0.8,1861.666111111111,
sarima_core,electricity,IND|Maharashtra,India,True,False,rolling,2022-12-01,7,2023-07-01,13419.03,13143.046376643815,1416.649632238527,11327.536822620348,14958.555930667282,0.8,1861.666111111111,
sarima_core,electricity,IND|Maharashtra,India,True,False,rolling,2022-12-01,8,2023-08-01,14274.25,13808.22544327563,1416.9674397089013,11992.308602590965,15624.142283960296,0.8,1861.666111111111,
sarima_core,electricity,IND|Maharashtra,India,True,False,rolling,2022-12-01,9,2023-09-01,13316.72,12907.137137454032,1417.1132858695596,11091.033387393845,14723.24088751422,0.8,1861.666111111111,
sarima_core,electricity,IND|Maharashtra,India,True,False,rolling,2022-12-01,10,2023-10-01,13996.35,12855.115024766532,1417.180883223444,11038.924645211648,14671.305404321416,0.8,1861.666111111111,
sarima_core,electricity,IND|Maharashtra,India,True,False,rolling,2022-12-01,11,2023-11-01,13070.78,13951.143861560302,1417.2123619762424,12134.913140360488,15767.374582760116,0.8,1861.666111111111,
sarima_core,electricity,IND|Maharashtra,India,True,False,rolling,2022-12-01,12,2023-12-01,13141.78,14832.637041522816,1417.2270537627146,13016.387492041047,16648.886591004582,0.8,1861.666111111111,
sarima_core,electricity,IND|Maharashtra,India,True,False,rolling,2023-12-01,1,2024-01-01,14770.05,13931.127925390454,1128.0148666274847,12485.518707106417,15376.73714367449,0.8,1743.6368750000001,
sarima_core,electricity,IND|Maharashtra,India,True,False,rolling,2023-12-01,2,2024-02-01,14418.59,14128.282026443663,1268.5525281115458,12502.56654806675,15753.997504820576,0.8,1743.6368750000001,
sarima_core,electricity,IND|Maharashtra,India,True,False,rolling,2023-12-01,3,2024-03-01,15302.0,16173.484362123349,1305.745272455247,14500.104464005866,17846.864260240833,0.8,1743.6368750000001,
sarima_core,electricity,IND|Maharashtra,India,True,False,rolling,2023-12-01,4,2024-04-01,15616.8,15865.815294433742,1317.2514438209387,14177.689644389133,17553.940944478352,0.8,1743.6368750000001,
sarima_core,electricity,IND|Maharashtra,India,True,False,rolling,2023-12-01,5,2024-05-01,16239.62,16238.419450814741,1321.3269461585228,14545.07083436902,17931.768067260462,0.8,1743.6368750000001,
sarima_core,electricity,IND|Maharashtra,India,True,False,rolling,2023-12-01,6,2024-06-01,14130.5,15420.713909904982,1322.9529496947737,13725.281486081798,17116.146333728168,0.8,1743.6368750000001,
sarima_core,electricity,IND|Maharashtra,India,True,False,rolling,2023-12-01,7,2024-07-01,13749.03,13785.381004730254,1323.6615776419299,12089.040437652004,15481.721571808504,0.8,1743.6368750000001,
sarima_core,electricity,IND|Maharashtra,India,True,False,rolling,2023-12-01,8,2024-08-01,13384.01,14325.912367917825,1323.98814801918,12629.153284061349,16022.6714517743,0.8,1743.6368750000001,
sarima_core,electricity,IND|Maharashtra,India,True,False,rolling,2023-12-01,9,2024-09-01,13048.59,13739.736140410047,1324.143497192362,12042.777968577473,15436.69431224262,0.8,1743.6368750000001,
sarima_core,electricity,IND|Maharashtra,India,True,False,rolling,2023-12-01,10,2024-10-01,13371.51,13819.025757795223,1324.218667351599,12121.971251527397,15516.08026406305,0.8,1743.6368750000001,
sarima_core,electricity,IND|Maharashtra,India,True,False,rolling,2023-12-01,11,2024-11-01,13089.62,14279.578537033573,1324.2553783981082,12582.47698366662,15976.680090400525,0.8,1743.6368750000001,
sarima_core,electricity,IND|Maharashtra,India,True,False,rolling,2023-12-01,12,2024-12-01,13876.65,14795.862944241815,1324.2734101327844,13098.738282277058,16492.98760620657,0.8,1743.6368750000001,
sarima_core,electricity,IND|Manipur,India,False,False,holdout,last12,1,2024-12-01,79.72,56.54457708950444,20.786658544546288,29.905402289300103,83.18375188970879,0.8,25.13983050847458,
sarima_core,electricity,IND|Manipur,India,False,False,holdout,last12,2,2025-01-01,68.79,39.914151123264176,25.054638328604163,7.805340149087762,72.0229620974406,0.8,25.13983050847458,
sarima_core,electricity,IND|Manipur,India,False,False,holdout,last12,3,2025-02-01,39.25,24.384080574138032,26.805252018139058,-9.968232114525634,58.7363932628017,0.8,25.13983050847458,
sarima_core,electricity,IND|Manipur,India,False,False,holdout,last12,4,2025-03-01,19.71,21.6680444237548,27.604428629098088,-13.708454301830038,57.04454314933964,0.8,25.13983050847458,
sarima_core,electricity,IND|Manipur,India,False,False,holdout,last12,5,2025-04-01,9.31,20.09772768503232,27.993706174286515,-15.777650288020109,55.97310565808475,0.8,25.13983050847458,
sarima_core,electricity,IND|Manipur,India,False,False,holdout,last12,6,2025-05-01,21.5,21.563765874595376,28.193914154337172,-14.568188948725492,57.695720697916244,0.8,25.13983050847458,
sarima_core,electricity,IND|Manipur,India,False,False,holdout,last12,7,2025-06-01,75.18,41.847176128714935,28.302144086347816,5.576519066587039,78.11783319084283,0.8,25.13983050847458,
sarima_core,electricity,IND|Manipur,India,False,False,holdout,last12,8,2025-07-01,77.47,47.55536628705947,28.363337756531887,11.206286381105755,83.90444619301319,0.8,25.13983050847458,
sarima_core,electricity,IND|Manipur,India,False,False,holdout,last12,9,2025-08-01,72.49,58.1881759493919,28.39928566621775,21.793026943502213,94.58332495528158,0.8,25.13983050847458,
sarima_core,electricity,IND|Manipur,India,False,False,holdout,last12,10,2025-09-01,73.91,74.96784758120987,28.421060111422367,38.54479350097934,111.3909016614404,0.8,25.13983050847458,
sarima_core,electricity,IND|Manipur,India,False,False,holdout,last12,11,2025-10-01,77.63,66.51418696273987,28.434559537767207,30.07383267154316,102.95454125393658,0.8,25.13983050847458,
sarima_core,electricity,IND|Manipur,India,False,False,holdout,last12,12,2025-11-01,75.16,55.33735959565612,28.44307121857259,18.886097146597848,91.78862204471439,0.8,25.13983050847458,
sarima_core,electricity,IND|Manipur,India,False,False,rolling,2022-12-01,1,2023-01-01,14.69,33.81034554514739,22.97843727989825,4.362293275325378,63.258397814969406,0.8,24.038333333333338,
sarima_core,electricity,IND|Manipur,India,False,False,rolling,2022-12-01,2,2023-02-01,9.48,20.766151413153914,25.872283068292116,-12.390513457228906,53.92281628353673,0.8,24.038333333333338,
sarima_core,electricity,IND|Manipur,India,False,False,rolling,2022-12-01,3,2023-03-01,9.87,15.158036556191599,26.669653281714446,-19.02049935952124,49.33657247190443,0.8,24.038333333333338,
sarima_core,electricity,IND|Manipur,India,False,False,rolling,2022-12-01,4,2023-04-01,8.34,15.43100690366746,26.932773622558102,-19.08473129678019,49.94674510411511,0.8,24.038333333333338,
sarima_core,electricity,IND|Manipur,India,False,False,rolling,2022-12-01,5,2023-05-01,6.95,45.07864024870861,27.032540646480623,10.435045462563323,79.7222350348539,0.8,24.038333333333338,
sarima_core,electricity,IND|Manipur,India,False,False,rolling,2022-12-01,6,2023-06-01,3.93,58.95755714360494,27.074424318882933,24.260286271521714,93.65482801568817,0.8,24.038333333333338,
sarima_core,electricity,IND|Manipur,India,False,False,rolling,2022-12-01,7,2023-07-01,13.78,61.78168270865311,27.093173331476866,27.060384010127713,96.50298140717851,0.8,24.038333333333338,
sarima_core,electricity,IND|Manipur,India,False,False,rolling,2022-12-01,8,2023-08-01,34.92,78.54098831988246,27.101873456633466,43.80853996234219,113.27343667742272,0.8,24.038333333333338,
sarima_core,electricity,IND|Manipur,India,False,False,rolling,2022-12-01,9,2023-09-01,70.36,60.96564925125521,27.105986929823658,26.227929265708227,95.70336923680219,0.8,24.038333333333338,
sarima_core,electricity,IND|Manipur,India,False,False,rolling,2022-12-01,10,2023-10-01,51.07,57.47740221065047,27.10795014651225,22.737166261682717,92.21763815961822,0.8,24.038333333333338,
sarima_core,electricity,IND|Manipur,India,False,False,rolling,2022-12-01,11,2023-11-01,32.62,23.51063114933369,27.108891450273287,-11.230811128942669,58.25207342761005,0.8,24.038333333333338,
sarima_core,electricity,IND|Manipur,India,False,False,rolling,2022-12-01,12,2023-12-01,33.77,24.830676836801928,27.10934379074345,-9.911345139112129,59.572698812715984,0.8,24.038333333333338,
sarima_core,electricity,IND|Manipur,India,False,False,rolling,2023-12-01,1,2024-01-01,25.76,26.523498280964525,21.835953587938004,-1.460402224816658,54.50739878674571,0.8,24.590208333333333,
sarima_core,electricity,IND|Manipur,India,False,False,rolling,2023-12-01,2,2024-02-01,11.61,14.517397091397493,25.702761763221893,-18.422017485079422,47.456811667874405,0.8,24.590208333333333,
sarima_core,electricity,IND|Manipur,India,False,False,rolling,2023-12-01,3,2024-03-01,14.02,12.396488827026038,27.15853195906669,-22.408570323008938,47.20154797706102,0.8,24.590208333333333,
sarima_core,electricity,IND|Manipur,India,False,False,rolling,2023-12-01,4,2024-04-01,18.11,5.952784272014182,27.813126481575242,-29.691171513138553,41.59674005716692,0.8,24.590208333333333,
sarima_core,electricity,IND|Manipur,India,False,False,rolling,2023-12-01,5,2024-05-01,26.62,28.930979707755235,28.156731269503606,-7.1533233312957165,65.01528274680618,0.8,24.590208333333333,
sarima_core,electricity,IND|Manipur,India,False,False,rolling,2023-12-01,6,2024-06-01,76.37,34.10756396339555,28.36651046758388,-2.2455819353738633,70.46070986216496,0.8,24.590208333333333,
sarima_core,electricity,IND|Manipur,India,False,False,rolling,2023-12-01,7,2024-07-01,78.87,39.42398474284716,28.513583776369845,2.882356814953269,75.96561267074105,0.8,24.590208333333333,
sarima_core,electricity,IND|Manipur,India,False,False,rolling,2023-12-01,8,2024-08-01,78.36,50.377641072221024,28.62916784199063,13.687886204078808,87.06739594036324,0.8,24.590208333333333,
sarima_core,electricity,IND|Manipur,India,False,False,rolling,2023-12-01,9,2024-09-01,74.18,57.20851187234074,28.728082307732155,20.391993015772464,94.02503072890903,0.8,24.590208333333333,
sarima_core,electricity,IND|Manipur,India,False,False,rolling,2023-12-01,10,2024-10-01,78.74,40.0678128207616,28.81782446529358,3.136284761675128,76.99934087984808,0.8,24.590208333333333,
sarima_core,electricity,IND|Manipur,India,False,False,rolling,2023-12-01,11,2024-11-01,76.29,26.378540577081566,28.902368873109584,-10.661335500199549,63.41841665436268,0.8,24.590208333333333,
sarima_core,electricity,IND|Manipur,India,False,False,rolling,2023-12-01,12,2024-12-01,79.72,21.54760694900439,28.983890555762223,-15.596743368306043,58.69195726631482,0.8,24.590208333333333,
sarima_core,electricity,IND|Meghalaya,India,False,False,holdout,last12,1,2024-12-01,30.51,37.53982252853825,19.83934812602437,12.114674878247389,62.96497017882912,0.8,21.117796610169496,
sarima_core,electricity,IND|Meghalaya,India,False,False,holdout,last12,2,2025-01-01,42.39,26.270116706480884,25.661114867045654,-6.615925225001291,59.15615863796306,0.8,21.117796610169496,
sarima_core,electricity,IND|Meghalaya,India,False,False,holdout,last12,3,2025-02-01,32.34,23.669624059817796,32.17413062661279,-17.563183414754302,64.90243153438989,0.8,21.117796610169496,
sarima_core,electricity,IND|Meghalaya,India,False,False,holdout,last12,4,2025-03-01,34.63,26.65626847121103,36.22906977111441,-19.7731526121852,73.08568955460726,0.8,21.117796610169496,
sarima_core,electricity,IND|Meghalaya,India,False,False,holdout,last12,5,2025-04-01,66.69,37.31893985112245,40.94397458431179,-15.15287487702065,89.79075457926555,0.8,21.117796610169496,
sarima_core,electricity,IND|Meghalaya,India,False,False,holdout,last12,6,2025-05-01,122.37,51.83949137602687,44.312733850018134,-4.949562063025077,108.62854481507881,0.8,21.117796610169496,
sarima_core,electricity,IND|Meghalaya,India,False,False,holdout,last12,7,2025-06-01,161.57,103.97021901229702,48.142797091223095,42.272742030344034,165.66769599425,0.8,21.117796610169496,
sarima_core,electricity,IND|Meghalaya,India,False,False,holdout,last12,8,2025-07-01,139.35,144.14037756998795,51.11416752106119,78.63493616186301,209.64581897811289,0.8,21.117796610169496,
sarima_core,electricity,IND|Meghalaya,India,False,False,holdout,last12,9,2025-08-01,144.92,142.93361164417067,54.39965997685008,73.2176422357445,212.64958105259683,0.8,21.117796610169496,
sarima_core,electricity,IND|Meghalaya,India,False,False,holdout,last12,10,2025-09-01,116.9,111.6056413407868,57.09892879821464,38.43041974851516,184.78086293305844,0.8,21.117796610169496,
sarima_core,electricity,IND|Meghalaya,India,False,False,holdout,last12,11,2025-10-01,102.28,82.86496722821744,60.010443374826174,5.9584895721833675,159.7714448842515,0.8,21.117796610169496,
sarima_core,electricity,IND|Meghalaya,India,False,False,holdout,last12,12,2025-11-01,44.42,36.999838177613626,62.50538844175327,-43.10404023488864,117.1037165901159,0.8,21.117796610169496,
sarima_core,electricity,IND|Meghalaya,India,False,False,rolling,2022-12-01,1,2023-01-01,33.96,37.115488392397204,19.831540521076178,11.700346590450849,62.53063019434356,0.8,20.31138888888889,
sarima_core,electricity,IND|Meghalaya,India,False,False,rolling,2022-12-01,2,2023-02-01,26.22,24.467918952647015,24.547323179559346,-6.990741498046521,55.926579403340554,0.8,20.31138888888889,
sarima_core,electricity,IND|Meghalaya,India,False,False,rolling,2022-12-01,3,2023-03-01,43.55,23.635384852275095,31.10256499239603,-16.224156006182717,63.49492571073291,0.8,20.31138888888889,
sarima_core,electricity,IND|Meghalaya,India,False,False,rolling,2022-12-01,4,2023-04-01,45.15,46.92092364162119,34.573633077334215,2.613030044798947,91.22881723844343,0.8,20.31138888888889,
sarima_core,electricity,IND|Meghalaya,India,False,False,rolling,2022-12-01,5,2023-05-01,48.18,70.64023248188,39.2375243684226,20.355321699433617,120.9251432643264,0.8,20.31138888888889,
sarima_core,electricity,IND|Meghalaya,India,False,False,rolling,2022-12-01,6,2023-06-01,83.62,109.62016465569204,42.213804758586036,55.520997079732,163.71933223165206,0.8,20.31138888888889,
sarima_core,electricity,IND|Meghalaya,India,False,False,rolling,2022-12-01,7,2023-07-01,133.42,130.87443978179604,45.949031887896695,71.98838603060327,189.76049353298882,0.8,20.31138888888889,
sarima_core,electricity,IND|Meghalaya,India,False,False,rolling,2022-12-01,8,2023-08-01,138.7,125.98449260487627,48.629265385609116,63.66358141866506,188.30540379108749,0.8,20.31138888888889,
sarima_core,electricity,IND|Meghalaya,India,False,False,rolling,2022-12-01,9,2023-09-01,130.27,99.62615640911338,51.79949898808429,33.24242738650801,166.00988543171874,0.8,20.31138888888889,
sarima_core,electricity,IND|Meghalaya,India,False,False,rolling,2022-12-01,10,2023-10-01,89.91,87.31289867168039,54.268745158757774,17.764703353333402,156.86109399002737,0.8,20.31138888888889,
sarima_core,electricity,IND|Meghalaya,India,False,False,rolling,2022-12-01,11,2023-11-01,51.24,35.75582800946115,57.05656126715846,-37.365097407057185,108.87675342597947,0.8,20.31138888888889,
sarima_core,electricity,IND|Meghalaya,India,False,False,rolling,2022-12-01,12,2023-12-01,47.23,25.550049750071185,59.360983163383565,-50.52411115522969,101.62421065537205,0.8,20.31138888888889,
sarima_core,electricity,IND|Meghalaya,India,False,False,rolling,2023-12-01,1,2024-01-01,45.05,50.160722350630174,18.778159786308148,26.09554227844031,74.22590242282004,0.8,20.083125,
sarima_core,electricity,IND|Meghalaya,India,False,False,rolling,2023-12-01,2,2024-02-01,35.04,36.492774329743526,24.060448309866874,5.658069130528698,67.32747952895835,0.8,20.083125,
sarima_core,electricity,IND|Meghalaya,India,False,False,rolling,2023-12-01,3,2024-03-01,27.32,51.973388034385316,30.273892951117606,13.175833127750906,90.77094294101973,0.8,20.083125,
sarima_core,electricity,IND|Meghalaya,India,False,False,rolling,2023-12-01,4,2024-04-01,41.18,69.15555175850133,33.96716731315243,25.62487531121546,112.6862282057872,0.8,20.083125,
sarima_core,electricity,IND|Meghalaya,India,False,False,rolling,2023-12-01,5,2024-05-01,86.99,97.23092978082197,38.46638712652688,47.93427113797678,146.52758842366717,0.8,20.083125,
sarima_core,electricity,IND|Meghalaya,India,False,False,rolling,2023-12-01,6,2024-06-01,158.57,125.33249598774466,41.543181667892526,72.09276648355325,178.57222549193608,0.8,20.083125,
sarima_core,electricity,IND|Meghalaya,India,False,False,rolling,2023-12-01,7,2024-07-01,190.48,163.54021679294513,45.194753961366835,105.62080909935244,221.45962448653782,0.8,20.083125,
sarima_core,electricity,IND|Meghalaya,India,False,False,rolling,2023-12-01,8,2024-08-01,170.33,146.0891839390594,47.91601798020486,84.68233608186465,207.49603179625416,0.8,20.083125,
sarima_core,electricity,IND|Meghalaya,India,False,False,rolling,2023-12-01,9,2024-09-01,105.53,137.16162390107155,51.04389538929536,71.74623985342528,202.57700794871784,0.8,20.083125,
sarima_core,electricity,IND|Meghalaya,India,False,False,rolling,2023-12-01,10,2024-10-01,91.3,106.42756708885321,53.52255052197212,37.83565867547986,175.01947550222656,0.8,20.083125,
sarima_core,electricity,IND|Meghalaya,India,False,False,rolling,2023-12-01,11,2024-11-01,37.97,61.409525210690674,56.28973626275499,-10.728674420935647,133.547724842317,0.8,20.083125,
sarima_core,electricity,IND|Meghalaya,India,False,False,rolling,2023-12-01,12,2024-12-01,30.51,51.73641674325097,58.58653750820766,-23.345252120230015,126.81808560673196,0.8,20.083125,
sarima_core,electricity,IND|Mizoram,India,False,False,holdout,last12,1,2024-12-01,17.25,17.47439931648829,6.691773599468654,8.898546383819212,26.05025224915737,0.8,7.905762711864408,
sarima_core,electricity,IND|Mizoram,India,False,False,holdout,last12,2,2025-01-01,16.01,22.709681589685765,9.147927434388006,10.986140864657417,34.433222314714115,0.8,7.905762711864408,
sarima_core,electricity,IND|Mizoram,India,False,False,holdout,last12,3,2025-02-01,12.51,19.32239601325005,11.197753203130512,4.971897865196079,33.67289416130402,0.8,7.905762711864408,
sarima_core,electricity,IND|Mizoram,India,False,False,holdout,last12,4,2025-03-01,10.01,15.071667181474968,12.873354282414597,-1.4262001529637445,31.56953451591368,0.8,7.905762711864408,
sarima_core,electricity,IND|Mizoram,India,False,False,holdout,last12,5,2025-04-01,9.06,14.856240657774078,14.377751497820565,-3.5695892832690905,33.28207059881725,0.8,7.905762711864408,
sarima_core,electricity,IND|Mizoram,India,False,False,holdout,last12,6,2025-05-01,9.82,10.441625340861425,15.728755632128014,-9.715586063560682,30.59883674528353,0.8,7.905762711864408,
sarima_core,electricity,IND|Mizoram,India,False,False,holdout,last12,7,2025-06-01,35.74,15.833181660788636,16.977165469217546,-5.92393132479684,37.59029464637411,0.8,7.905762711864408,
sarima_core,electricity,IND|Mizoram,India,False,False,holdout,last12,8,2025-07-01,42.42,24.91855000097324,18.13776704036205,1.6740662549140026,48.16303374703248,0.8,7.905762711864408,
sarima_core,electricity,IND|Mizoram,India,False,False,holdout,last12,9,2025-08-01,46.72,25.69927901437767,19.229401899920802,1.0558089050478543,50.342749123707485,0.8,7.905762711864408,
sarima_core,electricity,IND|Mizoram,India,False,False,holdout,last12,10,2025-09-01,46.41,27.188739361595495,20.261868311371558,1.2221103062987453,53.155368416892244,0.8,7.905762711864408,
sarima_core,electricity,IND|Mizoram,India,False,False,holdout,last12,11,2025-10-01,46.29,34.4393834318898,21.244420522967822,7.213563051592551,61.66520381218705,0.8,7.905762711864408,
sarima_core,electricity,IND|Mizoram,India,False,False,holdout,last12,12,2025-11-01,38.63,14.921183232504328,22.183401064148757,-13.507989130359265,43.35035559536792,0.8,7.905762711864408,
sarima_core,electricity,IND|Mizoram,India,False,False,rolling,2022-12-01,1,2023-01-01,24.4,22.656923713651505,6.40566949587559,14.447727942850852,30.866119484452156,0.8,5.9880555555555555,
sarima_core,electricity,IND|Mizoram,India,False,False,rolling,2022-12-01,2,2023-02-01,21.44,15.519373133670745,8.120462621127933,5.112581548617834,25.926164718723655,0.8,5.9880555555555555,
sarima_core,electricity,IND|Mizoram,India,False,False,rolling,2022-12-01,3,2023-03-01,16.58,19.72561146275827,9.050477660186786,8.126957648419463,31.324265277097076,0.8,5.9880555555555555,
sarima_core,electricity,IND|Mizoram,India,False,False,rolling,2022-12-01,4,2023-04-01,18.69,7.070105839252565,9.632041981112437,-5.273852641033392,19.41406431953852,0.8,5.9880555555555555,
sarima_core,electricity,IND|Mizoram,India,False,False,rolling,2022-12-01,5,2023-05-01,10.3,6.46908989505779,10.031726588691962,-6.387085019795787,19.325264809911367,0.8,5.9880555555555555,
sarima_core,electricity,IND|Mizoram,India,False,False,rolling,2022-12-01,6,2023-06-01,12.39,11.31325795778705,10.328080685119149,-1.9227100132983441,24.549225928872445,0.8,5.9880555555555555,
sarima_core,electricity,IND|Mizoram,India,False,False,rolling,2022-12-01,7,2023-07-01,14.85,27.67074498597827,10.562271263926613,14.134649711986375,41.206840259970164,0.8,5.9880555555555555,
sarima_core,electricity,IND|Mizoram,India,False,False,rolling,2022-12-01,8,2023-08-01,17.3,40.68333163326429,10.757403479354492,26.897164363102608,54.46949890342597,0.8,5.9880555555555555,
sarima_core,electricity,IND|Mizoram,India,False,False,rolling,2022-12-01,9,2023-09-01,20.42,37.19205766369976,10.927120358003126,23.188389462006576,51.19572586539294,0.8,5.9880555555555555,
sarima_core,electricity,IND|Mizoram,India,False,False,rolling,2022-12-01,10,2023-10-01,29.4,45.958167308334914,11.079804801595902,31.758826118921107,60.15750849774872,0.8,5.9880555555555555,
sarima_core,electricity,IND|Mizoram,India,False,False,rolling,2022-12-01,11,2023-11-01,15.9,25.325359727507077,11.220773297506506,10.945360141466567,39.70535931354759,0.8,5.9880555555555555,
sarima_core,electricity,IND|Mizoram,India,False,False,rolling,2022-12-01,12,2023-12-01,16.8,23.681335659325317,11.35348331234787,9.131261346001411,38.231409972649224,0.8,5.9880555555555555,
sarima_core,electricity,IND|Mizoram,India,False,False,rolling,2023-12-01,1,2024-01-01,24.6,19.83115696550673,6.500178612230134,11.500842888683673,28.161471042329786,0.8,6.853124999999999,
sarima_core,electricity,IND|Mizoram,India,False,False,rolling,2023-12-01,2,2024-02-01,20.0,13.755768377093407,8.66318895107138,2.653445014239196,24.858091739947618,0.8,6.853124999999999,
sarima_core,electricity,IND|Mizoram,India,False,False,rolling,2023-12-01,3,2024-03-01,17.1,14.860008765429136,10.64047622935027,1.2236897955651909,28.49632773529308,0.8,6.853124999999999,
sarima_core,electricity,IND|Mizoram,India,False,False,rolling,2023-12-01,4,2024-04-01,12.38,7.198255420670581,12.173985284946552,-8.403334480169601,22.799845321510762,0.8,6.853124999999999,
sarima_core,electricity,IND|Mizoram,India,False,False,rolling,2023-12-01,5,2024-05-01,15.55,3.5446931285780883,13.602652830227104,-13.887807901559146,20.977194158715324,0.8,6.853124999999999,
sarima_core,electricity,IND|Mizoram,India,False,False,rolling,2023-12-01,6,2024-06-01,27.18,7.556774751165621,14.858638101172648,-11.485336169252834,26.59888567158408,0.8,6.853124999999999,
sarima_core,electricity,IND|Mizoram,India,False,False,rolling,2023-12-01,7,2024-07-01,48.84,19.507002288230808,16.036016586262647,-1.0439798729932654,40.05798444945488,0.8,6.853124999999999,
sarima_core,electricity,IND|Mizoram,India,False,False,rolling,2023-12-01,8,2024-08-01,46.45,28.99965061357261,17.12196313717208,7.056971949932791,50.94232927721242,0.8,6.853124999999999,
sarima_core,electricity,IND|Mizoram,India,False,False,rolling,2023-12-01,9,2024-09-01,44.85,27.274003655640296,18.148918856898078,4.0152282816406455,50.53277902963995,0.8,6.853124999999999,
sarima_core,electricity,IND|Mizoram,India,False,False,rolling,2023-12-01,10,2024-10-01,48.82,35.991539385601136,19.117532561324357,11.491435602286032,60.49164316891624,0.8,6.853124999999999,
sarima_core,electricity,IND|Mizoram,India,False,False,rolling,2023-12-01,11,2024-11-01,17.89,17.285776445596735,20.041198953436528,-8.398053448570654,42.96960633976413,0.8,6.853124999999999,
sarima_core,electricity,IND|Mizoram,India,False,False,rolling,2023-12-01,12,2024-12-01,17.25,16.40981519663596,20.92311572942386,-10.40423652247804,43.223866915749966,0.8,6.853124999999999,
sarima_core,electricity,IND|Nagaland,India,False,False,holdout,last12,1,2024-12-01,20.19,19.845482552734353,8.911763842695382,8.424597648364323,31.266367457104383,0.8,8.523559322033899,
sarima_core,electricity,IND|Nagaland,India,False,False,holdout,last12,2,2025-01-01,7.54,9.766151843628926,10.327630165211579,-3.469238762963613,23.001542450221464,0.8,8.523559322033899,
sarima_core,electricity,IND|Nagaland,India,False,False,holdout,last12,3,2025-02-01,5.83,8.277485343138709,10.788882291801762,-5.549023648396256,22.103994334673672,0.8,8.523559322033899,
sarima_core,electricity,IND|Nagaland,India,False,False,holdout,last12,4,2025-03-01,4.15,7.32764843706426,10.958677105412711,-6.716461363675169,21.37175823780369,0.8,8.523559322033899,
sarima_core,electricity,IND|Nagaland,India,False,False,holdout,last12,5,2025-04-01,3.44,6.99667137149523,11.027201004509013,-7.135255339408285,21.128598082398746,0.8,8.523559322033899,
sarima_core,electricity,IND|Nagaland,India,False,False,holdout,last12,6,2025-05-01,7.66,6.82874747423905,11.05734503943031,-7.341810371809684,20.99930532028778,0.8,8.523559322033899,
sarima_core,electricity,IND|Nagaland,India,False,False,holdout,last12,7,2025-06-01,26.92,18.640285815034133,11.071664908205268,4.451376318738458,32.82919531132981,0.8,8.523559322033899,
sarima_core,electricity,IND|Nagaland,India,False,False,holdout,last12,8,2025-07-01,47.02,50.746432128294444,11.078895958137135,36.54825566863805,64.94460858795084,0.8,8.523559322033899,
sarima_core,electricity,IND|Nagaland,India,False,False,holdout,last12,9,2025-08-01,64.12,68.29696057528025,11.082709749259564,54.09389654564025,82.50002460492026,0.8,8.523559322033899,
sarima_core,electricity,IND|Nagaland,India,False,False,holdout,last12,10,2025-09-01,68.81,53.06901081642203,11.084779356864876,38.863294477915375,67.27472715492868,0.8,8.523559322033899,
sarima_core,electricity,IND|Nagaland,India,False,False,holdout,last12,11,2025-10-01,46.73,26.63218653449221,11.085922433200459,12.425005284718157,40.83936778426626,0.8,8.523559322033899,
sarima_core,electricity,IND|Nagaland,India,False,False,holdout,last12,12,2025-11-01,17.67,16.220515204134276,11.086560447488464,2.012516306150589,30.428514102117965,0.8,8.523559322033899,
sarima_core,electricity,IND|Nagaland,India,False,False,rolling,2022-12-01,1,2023-01-01,8.47,18.186095080394193,7.975739670202897,7.964773419669497,28.407416741118887,0.8,9.041666666666666,
sarima_core,electricity,IND|Nagaland,India,False,False,rolling,2022-12-01,2,2023-02-01,7.48,19.755955980607798,9.926578683983047,7.034533527647664,32.477378433567935,0.8,9.041666666666666,
sarima_core,electricity,IND|Nagaland,India,False,False,rolling,2022-12-01,3,2023-03-01,6.84,29.19135654090705,12.299391743900353,13.429051796265222,44.95366128554888,0.8,9.041666666666666,
sarima_core,electricity,IND|Nagaland,India,False,False,rolling,2022-12-01,4,2023-04-01,4.65,16.418244709182467,13.854208681301804,-1.3366381157214526,34.17312753408639,0.8,9.041666666666666,
sarima_core,electricity,IND|Nagaland,India,False,False,rolling,2022-12-01,5,2023-05-01,5.55,8.096106920793343,15.502562148037148,-11.771225869976128,27.963439711562813,0.8,9.041666666666666,
sarima_core,electricity,IND|Nagaland,India,False,False,rolling,2022-12-01,6,2023-06-01,14.07,9.898292371118536,16.84002196822138,-11.683064146061035,31.479648888298108,0.8,9.041666666666666,
sarima_core,electricity,IND|Nagaland,India,False,False,rolling,2022-12-01,7,2023-07-01,41.4,28.63765184618094,18.170607584048298,5.351081249947256,51.924222442414624,0.8,9.041666666666666,
sarima_core,electricity,IND|Nagaland,India,False,False,rolling,2022-12-01,8,2023-08-01,65.89,46.42256604980761,19.35364038015745,21.61987792162963,71.22525417798559,0.8,9.041666666666666,
sarima_core,electricity,IND|Nagaland,India,False,False,rolling,2022-12-01,9,2023-09-01,46.95,27.52431233085647,20.50328842781435,1.2482909473785035,53.80033371433444,0.8,9.041666666666666,
sarima_core,electricity,IND|Nagaland,India,False,False,rolling,2022-12-01,10,2023-10-01,26.67,25.66796861949367,21.57007880012741,-1.9751996357300037,53.31113687471735,0.8,9.041666666666666,
sarima_core,electricity,IND|Nagaland,India,False,False,rolling,2022-12-01,11,2023-11-01,11.92,19.564509378398206,22.600102917947126,-9.398687897566024,48.52770665436243,0.8,9.041666666666666,
sarima_core,electricity,IND|Nagaland,India,False,False,rolling,2022-12-01,12,2023-12-01,11.36,15.68500989055497,23.576669532634373,-14.529707859320293,45.89972764043023,0.8,9.041666666666666,
sarima_core,electricity,IND|Nagaland,India,False,False,rolling,2023-12-01,1,2024-01-01,7.53,8.979677649666165,8.052935050894206,-1.3405738720362912,19.29992917136862,0.8,9.028541666666667,
sarima_core,electricity,IND|Nagaland,India,False,False,rolling,2023-12-01,2,2024-02-01,5.86,8.272895018958526,9.716166579439088,-4.178873472013763,20.724663509930814,0.8,9.028541666666667,
sarima_core,electricity,IND|Nagaland,India,False,False,rolling,2023-12-01,3,2024-03-01,4.76,7.5165924890893425,10.409726613671411,-5.824008949552546,20.85719392773123,0.8,9.028541666666667,
sarima_core,electricity,IND|Nagaland,India,False,False,rolling,2023-12-01,4,2024-04-01,7.86,6.203717254732885,10.735974132104484,-7.554987201911949,19.96242171137772,0.8,9.028541666666667,
sarima_core,electricity,IND|Nagaland,India,False,False,rolling,2023-12-01,5,2024-05-01,5.97,21.745027023090838,10.902323283121317,7.773137551533367,35.71691649464831,0.8,9.028541666666667,
sarima_core,electricity,IND|Nagaland,India,False,False,rolling,2023-12-01,6,2024-06-01,23.54,33.182319729339085,10.993475067664624,19.093614545597955,47.27102491308021,0.8,9.028541666666667,
sarima_core,electricity,IND|Nagaland,India,False,False,rolling,2023-12-01,7,2024-07-01,63.94,49.4121779755765,11.047035181351022,35.254832744289814,63.56952320686318,0.8,9.028541666666667,
sarima_core,electricity,IND|Nagaland,India,False,False,rolling,2023-12-01,8,2024-08-01,69.52,37.25712702225051,11.080747569091384,23.05657762767692,51.4576764168241,0.8,9.028541666666667,
sarima_core,electricity,IND|Nagaland,India,False,False,rolling,2023-12-01,9,2024-09-01,60.72,45.19143766666431,11.103456898936981,30.961785094874624,59.421090238453985,0.8,9.028541666666667,
sarima_core,electricity,IND|Nagaland,India,False,False,rolling,2023-12-01,10,2024-10-01,23.65,36.879891231173325,11.119808688414375,22.62928299797943,51.13049946436722,0.8,9.028541666666667,
sarima_core,electricity,IND|Nagaland,India,False,False,rolling,2023-12-01,11,2024-11-01,20.74,21.8427391577916,11.132363718211852,7.5760410065052906,36.109437309077904,0.8,9.028541666666667,
sarima_core,electricity,IND|Nagaland,India,False,False,rolling,2023-12-01,12,2024-12-01,20.19,21.946468700912003,11.142593926613682,7.6666600100324835,36.22627739179153,0.8,9.028541666666667,
sarima_core,electricity,IND|Odisha,India,True,False,holdout,last12,1,2024-12-01,6635.86,6792.380736078749,382.21774476838755,6302.548986891895,7282.2124852656025,0.8,564.7605084745763,
sarima_core,electricity,IND|Odisha,India,True,False,holdout,last12,2,2025-01-01,6284.04,6808.192330982275,461.94153473294745,6216.190433955191,7400.194228009359,0.8,564.7605084745763,
sarima_core,electricity,IND|Odisha,India,True,False,holdout,last12,3,2025-02-01,5776.28,6523.017143715426,498.0365742801156,5884.757592248274,7161.276695182578,0.8,564.7605084745763,
sarima_core,electricity,IND|Odisha,India,True,False,holdout,last12,4,2025-03-01,6961.29,7011.003128795137,518.0000047511454,6347.159411754196,7674.846845836078,0.8,564.7605084745763,
sarima_core,electricity,IND|Odisha,India,True,False,holdout,last12,5,2025-04-01,6907.28,6678.455620646948,530.9011554798662,5998.078413692288,7358.832827601607,0.8,564.7605084745763,
sarima_core,electricity,IND|Odisha,India,True,False,holdout,last12,6,2025-05-01,6709.94,6903.826937356774,540.3775110052238,6211.305292142934,7596.348582570613,0.8,564.7605084745763,
sarima_core,electricity,IND|Odisha,India,True,False,holdout,last12,7,2025-06-01,6099.69,6191.169809425078,548.0634740196872,5488.798206277335,6893.54141257282,0.8,564.7605084745763,
sarima_core,electricity,IND|Odisha,India,True,False,holdout,last12,8,2025-07-01,6031.1,6225.377855584547,554.7573557796594,5514.427697787742,6936.328013381353,0.8,564.7605084745763,
sarima_core,electricity,IND|Odisha,India,True,False,holdout,last12,9,2025-08-01,6307.43,6136.8653014726615,560.8745397582836,5418.075656971326,6855.654945973997,0.8,564.7605084745763,
sarima_core,electricity,IND|Odisha,India,True,False,holdout,last12,10,2025-09-01,5672.77,6705.533522004612,566.6413844217986,5979.353368696496,7431.713675312728,0.8,564.7605084745763,
sarima_core,electricity,IND|Odisha,India,True,False,holdout,last12,11,2025-10-01,6679.8,7496.447949035226,572.1853291022333,6763.162944742607,8229.732953327846,0.8,564.7605084745763,
sarima_core,electricity,IND|Odisha,India,True,False,holdout,last12,12,2025-11-01,6655.16,7079.900836820635,577.579791697391,6339.70255054392,7820.0991230973505,0.8,564.7605084745763,
sarima_core,electricity,IND|Odisha,India,True,False,rolling,2022-12-01,1,2023-01-01,6116.21,5897.387123703831,443.1571804227623,5329.458345350709,6465.315902056953,0.8,686.2930555555556,
sarima_core,electricity,IND|Odisha,India,True,False,rolling,2022-12-01,2,2023-02-01,5885.49,5975.822671994891,553.6522857061503,5266.288718480828,6685.356625508954,0.8,686.2930555555556,
sarima_core,electricity,IND|Odisha,India,True,False,rolling,2022-12-01,3,2023-03-01,6557.37,6582.380687043815,687.9409963540777,5700.748826163935,7464.012547923695,0.8,686.2930555555556,
sarima_core,electricity,IND|Odisha,India,True,False,rolling,2022-12-01,4,2023-04-01,6148.14,6222.99863046355,774.5064547052497,5230.4286709116395,7215.568590015461,0.8,686.2930555555556,
sarima_core,electricity,IND|Odisha,India,True,False,rolling,2022-12-01,5,2023-05-01,6502.5,6309.25001805498,868.0077882434064,5196.853278126737,7421.646757983222,0.8,686.2930555555556,
sarima_core,electricity,IND|Odisha,India,True,False,rolling,2022-12-01,6,2023-06-01,5748.39,6144.364779429911,942.4432425046589,4936.575166561136,7352.154392298687,0.8,686.2930555555556,
sarima_core,electricity,IND|Odisha,India,True,False,rolling,2022-12-01,7,2023-07-01,5549.81,6477.869038360039,1017.7206949727749,5173.60748843054,7782.130588289538,0.8,686.2930555555556,
sarima_core,electricity,IND|Odisha,India,True,False,rolling,2022-12-01,8,2023-08-01,5140.17,6642.217787921709,1083.7247083832278,5253.368691273818,8031.0668845696,0.8,686.2930555555556,
sarima_core,electricity,IND|Odisha,India,True,False,rolling,2022-12-01,9,2023-09-01,6047.91,6875.1502325322945,1148.5709858722525,5403.197287448604,8347.103177615985,0.8,686.2930555555556,
sarima_core,electricity,IND|Odisha,India,True,False,rolling,2022-12-01,10,2023-10-01,6814.34,6880.2241929944585,1208.2216289929554,5331.82587283369,8428.622513155227,0.8,686.2930555555556,
sarima_core,electricity,IND|Odisha,India,True,False,rolling,2022-12-01,11,2023-11-01,6424.76,6504.959900106897,1266.1924337846651,4882.269004309432,8127.650795904363,0.8,686.2930555555556,
sarima_core,electricity,IND|Odisha,India,True,False,rolling,2022-12-01,12,2023-12-01,6123.91,6215.120366161917,1320.8782626809182,4522.346760729355,7907.89397159448,0.8,686.2930555555556,
sarima_core,electricity,IND|Odisha,India,True,False,rolling,2023-12-01,1,2024-01-01,6294.02,6349.1368462616365,443.49667315720836,5780.772990463194,6917.500702060079,0.8,620.4433333333334,
sarima_core,electricity,IND|Odisha,India,True,False,rolling,2023-12-01,2,2024-02-01,6037.88,6301.831816627756,606.1229182415306,5525.054041842861,7078.609591412651,0.8,620.4433333333334,
sarima_core,electricity,IND|Odisha,India,True,False,rolling,2023-12-01,3,2024-03-01,6348.93,7233.481911433555,743.9656390128574,6280.051582045238,8186.912240821872,0.8,620.4433333333334,
sarima_core,electricity,IND|Odisha,India,True,False,rolling,2023-12-01,4,2024-04-01,6149.99,6761.32410999446,854.5439768418321,5666.181938646101,7856.466281342819,0.8,620.4433333333334,
sarima_core,electricity,IND|Odisha,India,True,False,rolling,2023-12-01,5,2024-05-01,6230.87,6810.51028362613,955.296326724829,5586.24878055292,8034.771786699341,0.8,620.4433333333334,
sarima_core,electricity,IND|Odisha,India,True,False,rolling,2023-12-01,6,2024-06-01,5583.94,6325.3176139211,1044.7818232858542,4986.375832636571,7664.259395205629,0.8,620.4433333333334,
sarima_core,electricity,IND|Odisha,India,True,False,rolling,2023-12-01,7,2024-07-01,5924.32,6438.545824148391,1128.0813879342124,4992.851355379576,7884.240292917207,0.8,620.4433333333334,
sarima_core,electricity,IND|Odisha,India,True,False,rolling,2023-12-01,8,2024-08-01,6252.31,6393.246818414062,1205.134945036053,4848.804242910602,7937.689393917522,0.8,620.4433333333334,
sarima_core,electricity,IND|Odisha,India,True,False,rolling,2023-12-01,9,2024-09-01,6388.58,6821.273945420394,1277.8353861515711,5183.662005789559,8458.88588505123,0.8,620.4433333333334,
sarima_core,electricity,IND|Odisha,India,True,False,rolling,2023-12-01,10,2024-10-01,7212.5,7370.054933413722,1346.4535170852066,5644.505320660142,9095.604546167302,0.8,620.4433333333334,
sarima_core,electricity,IND|Odisha,India,True,False,rolling,2023-12-01,11,2024-11-01,6762.3,6673.63074474116,1411.8338566787834,4864.292855425594,8482.968634056726,0.8,620.4433333333334,
sarima_core,electricity,IND|Odisha,India,True,False,rolling,2023-12-01,12,2024-12-01,6635.86,6871.991210681869,1474.2638532972223,4982.646061462999,8761.336359900739,0.8,620.4433333333334,
sarima_core,electricity,IND|Puducherry,India,False,False,holdout,last12,1,2024-12-01,18.69,19.969026083041175,2.2005620507591788,17.14889234181271,22.78915982426964,0.8,2.60271186440678,
sarima_core,electricity,IND|Puducherry,India,False,False,holdout,last12,2,2025-01-01,17.81,15.014592083116836,2.260809775114262,12.117247776420617,17.911936389813054,0.8,2.60271186440678,
sarima_core,electricity,IND|Puducherry,India,False,False,holdout,last12,3,2025-02-01,16.05,16.858011164037627,2.356972361901882,13.837429543696917,19.878592784378338,0.8,2.60271186440678,
sarima_core,electricity,IND|Puducherry,India,False,False,holdout,last12,4,2025-03-01,16.15,18.211060110735136,2.4458551979361696,15.07657055272464,21.345549668745633,0.8,2.60271186440678,
sarima_core,electricity,IND|Puducherry,India,False,False,holdout,last12,5,2025-04-01,9.27,18.33064322786487,2.531914866191066,15.08586376727206,21.575422688457678,0.8,2.60271186440678,
sarima_core,electricity,IND|Puducherry,India,False,False,holdout,last12,6,2025-05-01,1.02,18.4669759961088,2.6151188187275345,15.115566379883383,21.818385612334218,0.8,2.60271186440678,
sarima_core,electricity,IND|Puducherry,India,False,False,holdout,last12,7,2025-06-01,17.32,19.12794175131115,2.6957580683689595,15.67318877846342,22.582694724158877,0.8,2.60271186440678,
sarima_core,electricity,IND|Puducherry,India,False,False,holdout,last12,8,2025-07-01,18.53,18.91441334363452,2.7740540138663605,15.359320079258804,22.46950660801024,0.8,2.60271186440678,
sarima_core,electricity,IND|Puducherry,India,False,False,holdout,last12,9,2025-08-01,18.93,19.118162745596926,2.8501999701922855,15.46548451168183,22.770840979512023,0.8,2.60271186440678,
sarima_core,electricity,IND|Puducherry,India,False,False,holdout,last12,10,2025-09-01,18.54,18.66605885017871,2.9243638727838963,14.918335750790439,22.413781949566985,0.8,2.60271186440678,
sarima_core,electricity,IND|Puducherry,India,False,False,holdout,last12,11,2025-10-01,19.31,18.18838370755857,2.996692885748527,14.34796724837118,22.028800166745963,0.8,2.60271186440678,
sarima_core,electricity,IND|Puducherry,India,False,False,holdout,last12,12,2025-11-01,18.67,11.983061588718794,3.0673168148215675,8.052136922662937,15.91398625477465,0.8,2.60271186440678,
sarima_core,electricity,IND|Puducherry,India,False,False,rolling,2022-12-01,1,2023-01-01,17.32,19.917557208875266,1.4077533030603488,18.113448759437695,21.721665658312837,0.8,2.4161111111111113,
sarima_core,electricity,IND|Puducherry,India,False,False,rolling,2022-12-01,2,2023-02-01,20.45,14.168710138989887,1.518864607823249,12.222206822983717,16.115213454996056,0.8,2.4161111111111113,
sarima_core,electricity,IND|Puducherry,India,False,False,rolling,2022-12-01,3,2023-03-01,21.54,23.350521491062658,1.6189333851720857,21.27577487678295,25.425268105342365,0.8,2.4161111111111113,
sarima_core,electricity,IND|Puducherry,India,False,False,rolling,2022-12-01,4,2023-04-01,21.5,23.15481093380316,1.71312870756143,20.95934815664841,25.350273710957907,0.8,2.4161111111111113,
sarima_core,electricity,IND|Puducherry,India,False,False,rolling,2022-12-01,5,2023-05-01,21.29,23.22284196002155,1.8024075801918868,20.912963703877182,25.53272021616592,0.8,2.4161111111111113,
sarima_core,electricity,IND|Puducherry,India,False,False,rolling,2022-12-01,6,2023-06-01,22.3,22.57965780893088,1.8874681939907818,20.160769990006354,24.998545627855403,0.8,2.4161111111111113,
sarima_core,electricity,IND|Puducherry,India,False,False,rolling,2022-12-01,7,2023-07-01,22.1,22.480853323301606,1.968857354229779,19.957661098654434,25.004045547948778,0.8,2.4161111111111113,
sarima_core,electricity,IND|Puducherry,India,False,False,rolling,2022-12-01,8,2023-08-01,22.09,23.732068499599446,2.0470130383756713,21.108715735578897,26.355421263619995,0.8,2.4161111111111113,
sarima_core,electricity,IND|Puducherry,India,False,False,rolling,2022-12-01,9,2023-09-01,21.83,23.068507449243143,2.122292505112168,20.34868016677307,25.788334731713213,0.8,2.4161111111111113,
sarima_core,electricity,IND|Puducherry,India,False,False,rolling,2022-12-01,10,2023-10-01,20.96,23.804263247817936,2.1949917027703236,20.99126819477522,26.61725830086065,0.8,2.4161111111111113,
sarima_core,electricity,IND|Puducherry,India,False,False,rolling,2022-12-01,11,2023-11-01,12.72,22.574695132717814,2.2653590605477634,19.67152068215218,25.477869583283447,0.8,2.4161111111111113,
sarima_core,electricity,IND|Puducherry,India,False,False,rolling,2022-12-01,12,2023-12-01,21.99,22.929029643509352,2.3336055303287933,19.93839382275295,25.919665464265755,0.8,2.4161111111111113,
sarima_core,electricity,IND|Puducherry,India,False,False,rolling,2023-12-01,1,2024-01-01,16.9,20.477959072020347,2.337531203869157,17.482292298192476,23.47362584584822,0.8,2.4314583333333335,
sarima_core,electricity,IND|Puducherry,India,False,False,rolling,2023-12-01,2,2024-02-01,15.3,19.695404325202993,2.3641858863254828,16.665578201344122,22.725230449061865,0.8,2.4314583333333335,
sarima_core,electricity,IND|Puducherry,India,False,False,rolling,2023-12-01,3,2024-03-01,17.36,20.18265089061103,2.375520156447337,17.13829931513319,23.22700246608887,0.8,2.4314583333333335,
sarima_core,electricity,IND|Puducherry,India,False,False,rolling,2023-12-01,4,2024-04-01,17.91,19.63086498510558,2.386081276071109,16.57297879023999,22.688751179971167,0.8,2.4314583333333335,
sarima_core,electricity,IND|Puducherry,India,False,False,rolling,2023-12-01,5,2024-05-01,18.98,20.466414505501138,2.3965525452262537,17.395108839256537,23.53772017174574,0.8,2.4314583333333335,
sarima_core,electricity,IND|Puducherry,India,False,False,rolling,2023-12-01,6,2024-06-01,18.7,18.94779616538647,2.4069756098953015,15.863132804297479,22.032459526475463,0.8,2.4314583333333335,
sarima_core,electricity,IND|Puducherry,India,False,False,rolling,2023-12-01,7,2024-07-01,18.45,17.835714037606245,2.4173535707366973,14.7377507845538,20.93367729065869,0.8,2.4314583333333335,
sarima_core,electricity,IND|Puducherry,India,False,False,rolling,2023-12-01,8,2024-08-01,19.23,20.903064201969904,2.427687157965514,17.79185792402668,24.01427047991313,0.8,2.4314583333333335,
sarima_core,electricity,IND|Puducherry,India,False,False,rolling,2023-12-01,9,2024-09-01,18.26,20.53183467777449,2.437976945127655,17.4074415069845,23.65622784856448,0.8,2.4314583333333335,
sarima_core,electricity,IND|Puducherry,India,False,False,rolling,2023-12-01,10,2024-10-01,18.84,21.60464369837497,2.448223485063049,18.467119058289363,24.74216833846058,0.8,2.4314583333333335,
sarima_core,electricity,IND|Puducherry,India,False,False,rolling,2023-12-01,11,2024-11-01,18.12,18.992857616852117,2.458427318560238,15.84225623797363,22.143458995730604,0.8,2.4314583333333335,
sarima_core,electricity,IND|Puducherry,India,False,False,rolling,2023-12-01,12,2024-12-01,18.69,21.611332076833133,2.468588975198506,18.447708010981348,24.774956142684918,0.8,2.4314583333333335,
sarima_core,electricity,IND|Punjab,India,False,False,holdout,last12,1,2024-12-01,3071.5,3233.0587540430383,500.3252915044907,2591.8660934338996,3874.251414652177,0.8,593.6205084745762,
sarima_core,electricity,IND|Punjab,India,False,False,holdout,last12,2,2025-01-01,2985.97,3543.278908648033,573.8448772012227,2807.867107891057,4278.690709405009,0.8,593.6205084745762,
sarima_core,electricity,IND|Punjab,India,False,False,holdout,last12,3,2025-02-01,2806.07,3064.0996240618456,601.1113584279663,2293.744421601844,3834.4548265218473,0.8,593.6205084745762,
sarima_core,electricity,IND|Punjab,India,False,False,holdout,last12,4,2025-03-01,3288.78,3388.2209881185167,615.3306224262271,2599.643065620652,4176.798910616381,0.8,593.6205084745762,
sarima_core,electricity,IND|Punjab,India,False,False,holdout,last12,5,2025-04-01,3285.51,3642.6155248163086,624.9856330714643,2841.6642083106904,4443.566841321926,0.8,593.6205084745762,
sarima_core,electricity,IND|Punjab,India,False,False,holdout,last12,6,2025-05-01,3309.77,3941.70744726957,632.8024387027316,3130.7384912696434,4752.676403269496,0.8,593.6205084745762,
sarima_core,electricity,IND|Punjab,India,False,False,holdout,last12,7,2025-06-01,3952.8,4032.5951139389317,639.8012031920844,3212.656880350797,4852.533347527066,0.8,593.6205084745762,
sarima_core,electricity,IND|Punjab,India,False,False,holdout,last12,8,2025-07-01,4163.04,4188.239877291091,646.403395457735,3359.840593868885,5016.639160713296,0.8,593.6205084745762,
sarima_core,electricity,IND|Punjab,India,False,False,holdout,last12,9,2025-08-01,3565.35,4006.100062556326,652.7935879527051,3169.51141793806,4842.688707174592,0.8,593.6205084745762,
sarima_core,electricity,IND|Punjab,India,False,False,holdout,last12,10,2025-09-01,3374.66,3868.006870690002,659.0554471658618,3023.3933305938954,4712.620410786109,0.8,593.6205084745762,
sarima_core,electricity,IND|Punjab,India,False,False,holdout,last12,11,2025-10-01,2928.58,3645.3653732165876,665.2278880168026,2792.841531884726,4497.889214548449,0.8,593.6205084745762,
sarima_core,electricity,IND|Punjab,India,False,False,holdout,last12,12,2025-11-01,2743.77,2689.7740797859155,671.3295542289889,1829.4306385673963,3550.117521004435,0.8,593.6205084745762,
sarima_core,electricity,IND|Punjab,India,False,False,rolling,2022-12-01,1,2023-01-01,3732.05,3495.9765768950047,553.8136715123445,2786.2357991483564,4205.7173546416525,0.8,709.9925000000001,
sarima_core,electricity,IND|Punjab,India,False,False,rolling,2022-12-01,2,2023-02-01,3044.97,3516.0423451045167,662.6241388259323,2666.8553426245007,4365.229347584533,0.8,709.9925000000001,
sarima_core,electricity,IND|Punjab,India,False,False,rolling,2022-12-01,3,2023-03-01,3510.52,3869.77179566853,711.4597908764497,2957.999386848782,4781.544204488278,0.8,709.9925000000001,
sarima_core,electricity,IND|Punjab,India,False,False,rolling,2022-12-01,4,2023-04-01,3494.57,3739.374283258342,739.3781919403391,2791.8230038476645,4686.925562669019,0.8,709.9925000000001,
sarima_core,electricity,IND|Punjab,India,False,False,rolling,2022-12-01,5,2023-05-01,3382.18,3628.0709599379484,758.5318172564778,2655.9733220175185,4600.168597858378,0.8,709.9925000000001,
sarima_core,electricity,IND|Punjab,India,False,False,rolling,2022-12-01,6,2023-06-01,3688.0,4277.95166147641,773.571987934372,3286.5792692776668,5269.324053675153,0.8,709.9925000000001,
sarima_core,electricity,IND|Punjab,India,False,False,rolling,2022-12-01,7,2023-07-01,3683.1,4094.2732943970127,786.5155758754153,3086.3130268086616,5102.233561985364,0.8,709.9925000000001,
sarima_core,electricity,IND|Punjab,India,False,False,rolling,2022-12-01,8,2023-08-01,4472.36,4623.68927862766,798.3162619871338,3600.6058232783357,5646.7727339769845,0.8,709.9925000000001,
sarima_core,electricity,IND|Punjab,India,False,False,rolling,2022-12-01,9,2023-09-01,3695.16,3818.022008592175,809.4525235425308,2780.6668598122174,4855.377157372133,0.8,709.9925000000001,
sarima_core,electricity,IND|Punjab,India,False,False,rolling,2022-12-01,10,2023-10-01,3599.41,3514.7525052368965,820.1741824288133,2463.656997725988,4565.848012747805,0.8,709.9925000000001,
sarima_core,electricity,IND|Punjab,India,False,False,rolling,2022-12-01,11,2023-11-01,2704.24,3425.0423375458236,830.6154315784073,2360.565830841012,4489.518844250635,0.8,709.9925000000001,
sarima_core,electricity,IND|Punjab,India,False,False,rolling,2022-12-01,12,2023-12-01,3195.85,3840.9899770673715,840.8501095285671,2763.3972028126873,4918.582751322056,0.8,709.9925000000001,
sarima_core,electricity,IND|Punjab,India,False,False,rolling,2023-12-01,1,2024-01-01,3356.83,3503.1080050743617,475.17975804325295,2894.1406422389264,4112.075367909797,0.8,648.023125,
sarima_core,electricity,IND|Punjab,India,False,False,rolling,2023-12-01,2,2024-02-01,2898.95,3318.938316313309,556.551459542141,2605.688922030946,4032.187710595672,0.8,648.023125,
sarima_core,electricity,IND|Punjab,India,False,False,rolling,2023-12-01,3,2024-03-01,3091.03,3877.87139763517,585.6766916752304,3127.2965165157966,4628.4462787545435,0.8,648.023125,
sarima_core,electricity,IND|Punjab,India,False,False,rolling,2023-12-01,4,2024-04-01,3484.35,3930.916499473857,597.8403841855621,3164.7532191750647,4697.07977977265,0.8,648.023125,
sarima_core,electricity,IND|Punjab,India,False,False,rolling,2023-12-01,5,2024-05-01,4018.37,3861.205502299057,603.6342244988674,3087.617116876233,4634.793887721881,0.8,648.023125,
sarima_core,electricity,IND|Punjab,India,False,False,rolling,2023-12-01,6,2024-06-01,3976.34,4223.828059105602,606.7912811498088,3446.193742789251,5001.462375421953,0.8,648.023125,
sarima_core,electricity,IND|Punjab,India,False,False,rolling,2023-12-01,7,2024-07-01,4225.44,4039.0265291732694,608.7596557947277,3258.8696392491443,4819.183419097395,0.8,648.023125,
sarima_core,electricity,IND|Punjab,India,False,False,rolling,2023-12-01,8,2024-08-01,3463.26,4774.664363522729,610.1508783440576,3992.7245501624893,5556.604176882969,0.8,648.023125,
sarima_core,electricity,IND|Punjab,India,False,False,rolling,2023-12-01,9,2024-09-01,3705.62,4051.597436132444,611.2448039708228,3268.255700672634,4834.939171592254,0.8,648.023125,
sarima_core,electricity,IND|Punjab,India,False,False,rolling,2023-12-01,10,2024-10-01,3407.12,3766.0379796260186,612.1788384309787,2981.499230841523,4550.576728410514,0.8,648.023125,
sarima_core,electricity,IND|Punjab,India,False,False,rolling,2023-12-01,11,2024-11-01,2415.41,3370.7805512463283,613.0242751470331,2585.1583317148043,4156.402770777852,0.8,648.023125,
sarima_core,electricity,IND|Punjab,India,False,False,rolling,2023-12-01,12,2024-12-01,3071.5,3895.7222843878026,613.8195851556846,3109.0808340695976,4682.363734706008,0.8,648.023125,
sarima_core,electricity,IND|Rajasthan,India,False,False,holdout,last12,1,2024-12-01,10757.79,10886.774803381812,774.4100884949853,9894.328342097531,11879.221264666092,0.8,1087.1737288135591,
sarima_core,electricity,IND|Rajasthan,India,False,False,holdout,last12,2,2025-01-01,11043.02,11287.253429568513,932.8095634355561,10091.8098731927,12482.696985944325,0.8,1087.1737288135591,
sarima_core,electricity,IND|Rajasthan,India,False,False,holdout,last12,3,2025-02-01,10526.0,10949.35256656884,1004.9859390077457,9661.411263083153,12237.293870054526,0.8,1087.1737288135591,
sarima_core,electricity,IND|Rajasthan,India,False,False,holdout,last12,4,2025-03-01,12412.28,11563.456943874677,1046.0308125560618,10222.914518435566,12903.999369313788,0.8,1087.1737288135591,
sarima_core,electricity,IND|Rajasthan,India,False,False,holdout,last12,5,2025-04-01,12533.83,11681.11818695864,1073.6625633078868,10305.16424808479,13057.07212583249,0.8,1087.1737288135591,
sarima_core,electricity,IND|Rajasthan,India,False,False,holdout,last12,6,2025-05-01,12132.14,12458.236685923093,1094.8568613060938,11055.12116126902,13861.352210577166,0.8,1087.1737288135591,
sarima_core,electricity,IND|Rajasthan,India,False,False,holdout,last12,7,2025-06-01,11319.68,12539.812251055657,1112.7093873723595,11113.817793672437,13965.806708438877,0.8,1087.1737288135591,
sarima_core,electricity,IND|Rajasthan,India,False,False,holdout,last12,8,2025-07-01,10650.32,11596.199253624882,1128.716164645377,10149.691285768102,13042.707221481662,0.8,1087.1737288135591,
sarima_core,electricity,IND|Rajasthan,India,False,False,holdout,last12,9,2025-08-01,11210.52,12126.213178456599,1143.645531895031,10660.572456628435,13591.853900284763,0.8,1087.1737288135591,
sarima_core,electricity,IND|Rajasthan,India,False,False,holdout,last12,10,2025-09-01,11179.15,11688.013105803831,1157.9091078850308,10204.092875835418,13171.933335772244,0.8,1087.1737288135591,
sarima_core,electricity,IND|Rajasthan,India,False,False,holdout,last12,11,2025-10-01,10251.8,11980.378834613352,1171.733993618151,10478.741300690182,13482.01636853652,0.8,1087.1737288135591,
sarima_core,electricity,IND|Rajasthan,India,False,False,holdout,last12,12,2025-11-01,10472.81,10736.80207018441,1185.2483205302551,9217.845229449755,12255.758910919067,0.8,1087.1737288135591,
sarima_core,electricity,IND|Rajasthan,India,False,False,rolling,2022-12-01,1,2023-01-01,9382.43,9027.184357011383,845.8887335603655,7943.134326240557,10111.23438778221,0.8,1115.2891666666667,
sarima_core,electricity,IND|Rajasthan,India,False,False,rolling,2022-12-01,2,2023-02-01,8675.39,8813.620907783736,1071.0162884589479,7441.058306585403,10186.183508982067,0.8,1115.2891666666667,
sarima_core,electricity,IND|Rajasthan,India,False,False,rolling,2022-12-01,3,2023-03-01,8996.78,9652.076457404255,1196.3065030704167,8118.947985523177,11185.204929285333,0.8,1115.2891666666667,
sarima_core,electricity,IND|Rajasthan,India,False,False,rolling,2022-12-01,4,2023-04-01,9411.38,9234.477082997775,1278.7404114154049,7595.705306823216,10873.248859172334,0.8,1115.2891666666667,
sarima_core,electricity,IND|Rajasthan,India,False,False,rolling,2022-12-01,5,2023-05-01,10025.98,9440.56795975249,1339.3578341827056,7724.111830531219,11157.024088973762,0.8,1115.2891666666667,
sarima_core,electricity,IND|Rajasthan,India,False,False,rolling,2022-12-01,6,2023-06-01,10163.74,9310.918447574366,1387.7825408816668,7532.403559672002,11089.43333547673,0.8,1115.2891666666667,
sarima_core,electricity,IND|Rajasthan,India,False,False,rolling,2022-12-01,7,2023-07-01,9062.68,9691.676553450885,1428.9352519817944,7860.422344211748,11522.93076269002,0.8,1115.2891666666667,
sarima_core,electricity,IND|Rajasthan,India,False,False,rolling,2022-12-01,8,2023-08-01,10611.74,9460.442949413531,1465.5216693380626,7582.301359733801,11338.58453909326,0.8,1115.2891666666667,
sarima_core,electricity,IND|Rajasthan,India,False,False,rolling,2022-12-01,9,2023-09-01,9659.17,8763.793795454423,1499.1088382162957,6842.608516916583,10684.979073992265,0.8,1115.2891666666667,
sarima_core,electricity,IND|Rajasthan,India,False,False,rolling,2022-12-01,10,2023-10-01,9977.12,9572.817382447569,1530.640060006991,7611.223217260329,11534.411547634809,0.8,1115.2891666666667,
sarima_core,electricity,IND|Rajasthan,India,False,False,rolling,2022-12-01,11,2023-11-01,8222.81,9478.08546217668,1560.7003161130774,7477.967528716013,11478.203395637347,0.8,1115.2891666666667,
sarima_core,electricity,IND|Rajasthan,India,False,False,rolling,2022-12-01,12,2023-12-01,9131.65,10118.71830182687,1589.6612984208716,8081.48537614994,12155.9512275038,0.8,1115.2891666666667,
sarima_core,electricity,IND|Rajasthan,India,False,False,rolling,2023-12-01,1,2024-01-01,9564.12,9913.21902592452,845.5265184360243,8829.633192513358,10996.804859335682,0.8,1042.775625,
sarima_core,electricity,IND|Rajasthan,India,False,False,rolling,2023-12-01,2,2024-02-01,9927.24,9897.046400070558,1013.3162625145583,8598.429357453222,11195.663442687894,0.8,1042.775625,
sarima_core,electricity,IND|Rajasthan,India,False,False,rolling,2023-12-01,3,2024-03-01,11089.59,10723.98823885522,1090.11981788074,9326.943479618963,12121.032998091476,0.8,1042.775625,
sarima_core,electricity,IND|Rajasthan,India,False,False,rolling,2023-12-01,4,2024-04-01,10682.92,10703.783300886957,1135.1542201582529,9249.024632908588,12158.541968865326,0.8,1042.775625,
sarima_core,electricity,IND|Rajasthan,India,False,False,rolling,2023-12-01,5,2024-05-01,11759.91,11584.530719507015,1166.8250171702844,10089.184292035832,13079.877146978197,0.8,1042.775625,
sarima_core,electricity,IND|Rajasthan,India,False,False,rolling,2023-12-01,6,2024-06-01,11743.89,11497.742160791211,1192.191359531309,9969.887457555116,13025.596864027306,0.8,1042.775625,
sarima_core,electricity,IND|Rajasthan,India,False,False,rolling,2023-12-01,7,2024-07-01,11086.57,10353.753054582125,1214.321906869768,8797.53691375807,11909.96919540618,0.8,1042.775625,
sarima_core,electricity,IND|Rajasthan,India,False,False,rolling,2023-12-01,8,2024-08-01,9778.94,11069.169385250036,1234.6688591251386,9486.87757590905,12651.461194591022,0.8,1042.775625,
sarima_core,electricity,IND|Rajasthan,India,False,False,rolling,2023-12-01,9,2024-09-01,10269.65,10977.0417507098,1253.959864901142,9370.027522715647,12584.055978703955,0.8,1042.775625,
sarima_core,electricity,IND|Rajasthan,India,False,False,rolling,2023-12-01,10,2024-10-01,10516.26,10991.409660883011,1272.5739808868557,9360.540483406137,12622.278838359885,0.8,1042.775625,
sarima_core,electricity,IND|Rajasthan,India,False,False,rolling,2023-12-01,11,2024-11-01,10194.55,10011.155677632523,1290.714577632539,8357.038389996305,11665.272965268741,0.8,1042.775625,
sarima_core,electricity,IND|Rajasthan,India,False,False,rolling,2023-12-01,12,2024-12-01,10757.79,10779.193491742975,1308.4938495473798,9102.29115035005,12456.0958331359,0.8,1042.775625,
sarima_core,electricity,IND|Sikkim,India,False,False,holdout,last12,1,2024-12-01,89.45,51.54125430241171,204.79530372544258,-210.91448780311114,313.99699640793455,0.8,222.24983050847456,
sarima_core,electricity,IND|Sikkim,India,False,False,holdout,last12,2,2025-01-01,62.45,-63.25776304831071,326.36475390283135,-481.5110243510625,354.99549825444103,0.8,222.24983050847456,
sarima_core,electricity,IND|Sikkim,India,False,False,holdout,last12,3,2025-02-01,45.75,-107.89435206062059,408.0582887289053,-630.8420908145997,415.05338669335856,0.8,222.24983050847456,
sarima_core,electricity,IND|Sikkim,India,False,False,holdout,last12,4,2025-03-01,49.1,-17.98569800083868,476.8091624802478,-629.04122664341,593.0698306417326,0.8,222.24983050847456,
sarima_core,electricity,IND|Sikkim,India,False,False,holdout,last12,5,2025-04-01,97.23,165.88829256478007,536.6807294063076,-521.8957364034915,853.6723215330516,0.8,222.24983050847456,
sarima_core,electricity,IND|Sikkim,India,False,False,holdout,last12,6,2025-05-01,217.02,478.2717613485285,590.5374261927224,-278.5324017014337,1235.0759243984908,0.8,222.24983050847456,
sarima_core,electricity,IND|Sikkim,India,False,False,holdout,last12,7,2025-06-01,286.31,918.2792896854935,639.8728804988034,98.24919793271897,1738.309381438268,0.8,222.24983050847456,
sarima_core,electricity,IND|Sikkim,India,False,False,holdout,last12,8,2025-07-01,407.74,1246.3127459105722,685.6684020311999,367.5933318430235,2125.032159978121,0.8,222.24983050847456,
sarima_core,electricity,IND|Sikkim,India,False,False,holdout,last12,9,2025-08-01,446.17,1254.3964027192728,728.5909863960993,320.66948346166714,2188.1233219768783,0.8,222.24983050847456,
sarima_core,electricity,IND|Sikkim,India,False,False,holdout,last12,10,2025-09-01,406.37,1004.1887241793443,769.12192013251,18.51932333885702,1989.8581250198315,0.8,222.24983050847456,
sarima_core,electricity,IND|Sikkim,India,False,False,holdout,last12,11,2025-10-01,284.22,37.07651065132279,807.6213371106452,-997.9318782900481,1072.0848995926935,0.8,222.24983050847456,
sarima_core,electricity,IND|Sikkim,India,False,False,holdout,last12,12,2025-11-01,167.93,-189.0350040262143,844.3671721959054,-1271.135075448344,893.0650673959154,0.8,222.24983050847456,
sarima_core,electricity,IND|Sikkim,India,False,False,rolling,2022-12-01,1,2023-01-01,280.69,328.96111337915704,105.34292102540284,193.95872802001082,463.96349873830326,0.8,78.36916666666667,
sarima_core,electricity,IND|Sikkim,India,False,False,rolling,2022-12-01,2,2023-02-01,227.17,274.1034774036368,113.97040101392105,128.04453155850038,420.1624232487733,0.8,78.36916666666667,
sarima_core,electricity,IND|Sikkim,India,False,False,rolling,2022-12-01,3,2023-03-01,333.16,452.26840659525067,115.66010565117382,304.044017126935,600.4927960635664,0.8,78.36916666666667,
sarima_core,electricity,IND|Sikkim,India,False,False,rolling,2022-12-01,4,2023-04-01,546.28,762.352798219752,116.09192014064168,613.5750162164339,911.1305802230701,0.8,78.36916666666667,
sarima_core,electricity,IND|Sikkim,India,False,False,rolling,2022-12-01,5,2023-05-01,917.3,1065.8847170928152,116.22603864331033,916.9350553124336,1214.8343788731968,0.8,78.36916666666667,
sarima_core,electricity,IND|Sikkim,India,False,False,rolling,2022-12-01,6,2023-06-01,1415.31,1560.411504112688,116.27253249460573,1411.4022580643905,1709.4207501609853,0.8,78.36916666666667,
sarima_core,electricity,IND|Sikkim,India,False,False,rolling,2022-12-01,7,2023-07-01,1784.0,1769.11093442367,116.28947699499554,1620.0799731243706,1918.1418957229694,0.8,78.36916666666667,
sarima_core,electricity,IND|Sikkim,India,False,False,rolling,2022-12-01,8,2023-08-01,1795.38,1768.5340349181881,116.29577959210064,1619.4949965157018,1917.5730733206744,0.8,78.36916666666667,
sarima_core,electricity,IND|Sikkim,India,False,False,rolling,2022-12-01,9,2023-09-01,1506.95,1692.7149760157117,116.29814253191147,1543.6729093840115,1841.757042647412,0.8,78.36916666666667,
sarima_core,electricity,IND|Sikkim,India,False,False,rolling,2022-12-01,10,2023-10-01,353.33,1342.163864156274,116.2990311168582,1193.1206587571442,1491.207069555404,0.8,78.36916666666667,
sarima_core,electricity,IND|Sikkim,India,False,False,rolling,2022-12-01,11,2023-11-01,111.3,676.890970450941,116.29936565405325,527.8473363251452,825.9346045767369,0.8,78.36916666666667,
sarima_core,electricity,IND|Sikkim,India,False,False,rolling,2022-12-01,12,2023-12-01,71.78,450.97507034638505,116.29949165798998,301.9312747400468,600.0188659527233,0.8,78.36916666666667,
sarima_core,electricity,IND|Sikkim,India,False,False,rolling,2023-12-01,1,2024-01-01,48.19,-1.4519659894748287,172.84032341929583,-222.95575305670843,220.0518210777588,0.8,118.81124999999999,
sarima_core,electricity,IND|Sikkim,India,False,False,rolling,2023-12-01,2,2024-02-01,30.7,-39.30542470078835,208.8059593178471,-306.9010287596175,228.29017935804075,0.8,118.81124999999999,
sarima_core,electricity,IND|Sikkim,India,False,False,rolling,2023-12-01,3,2024-03-01,41.7,177.84778136411228,226.49074927446236,-112.41179294994453,468.1073556781691,0.8,118.81124999999999,
sarima_core,electricity,IND|Sikkim,India,False,False,rolling,2023-12-01,4,2024-04-01,75.24,560.4511493540849,237.71868427351933,255.80239736415365,865.0999013440162,0.8,118.81124999999999,
sarima_core,electricity,IND|Sikkim,India,False,False,rolling,2023-12-01,5,2024-05-01,87.6,748.6177206225308,246.17858464945508,433.1271700614677,1064.1082711835938,0.8,118.81124999999999,
sarima_core,electricity,IND|Sikkim,India,False,False,rolling,2023-12-01,6,2024-06-01,230.69,1281.6899291884488,253.30056794600245,957.072189783913,1606.3076685929846,0.8,118.81124999999999,
sarima_core,electricity,IND|Sikkim,India,False,False,rolling,2023-12-01,7,2024-07-01,350.62,1480.37511040725,259.7118288043804,1147.5410096125452,1813.209211201955,0.8,118.81124999999999,
sarima_core,electricity,IND|Sikkim,India,False,False,rolling,2023-12-01,8,2024-08-01,341.83,1459.0139225469395,265.7100235908303,1118.4928258332184,1799.5350192606606,0.8,118.81124999999999,
sarima_core,electricity,IND|Sikkim,India,False,False,rolling,2023-12-01,9,2024-09-01,287.27,1373.7845028428046,271.4441920632438,1025.9147735461654,1721.6542321394438,0.8,118.81124999999999,
sarima_core,electricity,IND|Sikkim,India,False,False,rolling,2023-12-01,10,2024-10-01,274.83,912.3142929792186,276.99216984618835,557.3345440692401,1267.2940418891972,0.8,118.81124999999999,
sarima_core,electricity,IND|Sikkim,India,False,False,rolling,2023-12-01,11,2024-11-01,130.2,242.49025880871835,282.39634601748315,-119.41522053406186,604.3957381514986,0.8,118.81124999999999,
sarima_core,electricity,IND|Sikkim,India,False,False,rolling,2023-12-01,12,2024-12-01,89.45,80.59456714002522,287.68100183483176,-288.08347113884247,449.2726054188929,0.8,118.81124999999999,
sarima_core,electricity,IND|Tamil Nadu,India,True,False,holdout,last12,1,2024-12-01,9211.41,9833.309457360912,741.2508444459817,8883.358277199908,10783.260637521917,0.8,944.462033898305,
sarima_core,electricity,IND|Tamil Nadu,India,True,False,holdout,last12,2,2025-01-01,9973.75,10547.663979556324,763.9668254673927,9568.60109835445,11526.7268607582,0.8,944.462033898305,
sarima_core,electricity,IND|Tamil Nadu,India,True,False,holdout,last12,3,2025-02-01,10178.31,10446.363360035344,767.8727862391081,9462.29478869152,11430.431931379168,0.8,944.462033898305,
sarima_core,electricity,IND|Tamil Nadu,India,True,False,holdout,last12,4,2025-03-01,10491.04,11401.426620535385,769.9499296531401,10414.696082797449,12388.157158273321,0.8,944.462033898305,
sarima_core,electricity,IND|Tamil Nadu,India,True,False,holdout,last12,5,2025-04-01,9753.51,11336.958864660797,771.7368250593871,10347.93832831752,12325.979401004075,0.8,944.462033898305,
sarima_core,electricity,IND|Tamil Nadu,India,True,False,holdout,last12,6,2025-05-01,10921.98,11363.42674805608,773.4671283503543,10372.188738821396,12354.664757290762,0.8,944.462033898305,
sarima_core,electricity,IND|Tamil Nadu,India,True,False,holdout,last12,7,2025-06-01,13519.46,12206.694283243001,775.1835495866378,11213.256591685826,13200.131974800177,0.8,944.462033898305,
sarima_core,electricity,IND|Tamil Nadu,India,True,False,holdout,last12,8,2025-07-01,14223.45,13455.945632404444,776.8942513966549,12460.31558826446,14451.575676544428,0.8,944.462033898305,
sarima_core,electricity,IND|Tamil Nadu,India,True,False,holdout,last12,9,2025-08-01,12188.58,12424.830668328212,778.6008233270392,11427.01356425913,13422.647772397293,0.8,944.462033898305,
sarima_core,electricity,IND|Tamil Nadu,India,True,False,holdout,last12,10,2025-09-01,12145.92,13304.344432796719,780.3035913660696,12304.345143681458,14304.34372191198,0.8,944.462033898305,
sarima_core,electricity,IND|Tamil Nadu,India,True,False,holdout,last12,11,2025-10-01,9833.56,11417.737984437059,782.0026379485527,10415.561279514084,12419.914689360034,0.8,944.462033898305,
sarima_core,electricity,IND|Tamil Nadu,India,True,False,holdout,last12,12,2025-11-01,8707.34,10093.557946705914,783.6979983745006,9089.208549974903,11097.907343436926,0.8,944.462033898305,
sarima_core,electricity,IND|Tamil Nadu,India,True,False,rolling,2022-12-01,1,2023-01-01,9036.2,8978.336266912207,759.4289662792551,8005.08888625711,9951.583647567304,0.8,1004.4519444444442,
sarima_core,electricity,IND|Tamil Nadu,India,True,False,rolling,2022-12-01,2,2023-02-01,8872.0,8593.773120131795,824.7080240737029,7536.867260762947,9650.678979500643,0.8,1004.4519444444442,
sarima_core,electricity,IND|Tamil Nadu,India,True,False,rolling,2022-12-01,3,2023-03-01,10470.4,9409.184530615692,842.5539790962775,8329.408159649025,10488.960901582359,0.8,1004.4519444444442,
sarima_core,electricity,IND|Tamil Nadu,India,True,False,rolling,2022-12-01,4,2023-04-01,10093.32,9574.1409236827,851.2795186613965,8483.182323826133,10665.099523539267,0.8,1004.4519444444442,
sarima_core,electricity,IND|Tamil Nadu,India,True,False,rolling,2022-12-01,5,2023-05-01,9523.82,10642.97116372898,857.6298712965871,9543.874259511025,11742.068067946935,0.8,1004.4519444444442,
sarima_core,electricity,IND|Tamil Nadu,India,True,False,rolling,2022-12-01,6,2023-06-01,11598.3,11793.193086737114,863.2387087479577,10686.908168102469,12899.478005371759,0.8,1004.4519444444442,
sarima_core,electricity,IND|Tamil Nadu,India,True,False,rolling,2022-12-01,7,2023-07-01,11529.68,11717.523154696022,868.5856634505474,10604.385837891377,12830.660471500667,0.8,1004.4519444444442,
sarima_core,electricity,IND|Tamil Nadu,India,True,False,rolling,2022-12-01,8,2023-08-01,10910.69,11432.486716707055,873.8247501046534,10312.635240198817,12552.338193215293,0.8,1004.4519444444442,
sarima_core,electricity,IND|Tamil Nadu,India,True,False,rolling,2022-12-01,9,2023-09-01,11405.53,10934.771517491778,879.0073622700759,9808.278256249332,12061.264778734223,0.8,1004.4519444444442,
sarima_core,electricity,IND|Tamil Nadu,India,True,False,rolling,2022-12-01,10,2023-10-01,10236.36,9818.983487419771,884.1510868685971,8685.89827786536,10952.068696974182,0.8,1004.4519444444442,
sarima_core,electricity,IND|Tamil Nadu,India,True,False,rolling,2022-12-01,11,2023-11-01,8880.6,8508.068963918902,889.2621884197565,7368.433614169946,9647.704313667859,0.8,1004.4519444444442,
sarima_core,electricity,IND|Tamil Nadu,India,True,False,rolling,2022-12-01,12,2023-12-01,8932.97,9728.604287525737,894.3431118977679,8582.457472339123,10874.751102712351,0.8,1004.4519444444442,
sarima_core,electricity,IND|Tamil Nadu,India,True,False,rolling,2023-12-01,1,2024-01-01,9975.4,9544.470130465168,716.251673659553,8626.556676762828,10462.383584167508,0.8,958.506875,
sarima_core,electricity,IND|Tamil Nadu,India,True,False,rolling,2023-12-01,2,2024-02-01,9907.37,9347.060262559724,768.6369966795598,8362.012316129534,10332.108208989914,0.8,958.506875,
sarima_core,electricity,IND|Tamil Nadu,India,True,False,rolling,2023-12-01,3,2024-03-01,10317.57,10540.319871702595,779.8153744855642,9540.946257694872,11539.693485710319,0.8,958.506875,
sarima_core,electricity,IND|Tamil Nadu,India,True,False,rolling,2023-12-01,4,2024-04-01,10515.29,10343.38499763233,784.0821734511837,9338.543260730354,11348.226734534308,0.8,958.506875,
sarima_core,electricity,IND|Tamil Nadu,India,True,False,rolling,2023-12-01,5,2024-05-01,11042.85,10952.674531548928,786.7510904878227,9944.412439840336,11960.93662325752,0.8,958.506875,
sarima_core,electricity,IND|Tamil Nadu,India,True,False,rolling,2023-12-01,6,2024-06-01,10850.59,12536.327451029752,788.961152562187,11525.23305080981,13547.421851249695,0.8,958.506875,
sarima_core,electricity,IND|Tamil Nadu,India,True,False,rolling,2023-12-01,7,2024-07-01,13208.22,12307.678841718393,791.023058909357,11293.942002191226,13321.415681245559,0.8,958.506875,
sarima_core,electricity,IND|Tamil Nadu,India,True,False,rolling,2023-12-01,8,2024-08-01,11830.49,11632.651907729405,793.0330035997259,10616.33922043764,12648.96459502117,0.8,958.506875,
sarima_core,electricity,IND|Tamil Nadu,India,True,False,rolling,2023-12-01,9,2024-09-01,13033.53,11791.68943398275,795.022357736632,10772.82728678241,12810.55158118309,0.8,958.506875,
sarima_core,electricity,IND|Tamil Nadu,India,True,False,rolling,2023-12-01,10,2024-10-01,10543.53,10639.581291678336,797.0015601419311,9618.182694536956,11660.979888819717,0.8,958.506875,
sarima_core,electricity,IND|Tamil Nadu,India,True,False,rolling,2023-12-01,11,2024-11-01,9245.91,9551.667325778471,798.9741226443789,8527.740788073945,10575.593863482998,0.8,958.506875,
sarima_core,electricity,IND|Tamil Nadu,India,True,False,rolling,2023-12-01,12,2024-12-01,9211.41,9867.309580424251,800.9412449832221,8840.862074006762,10893.75708684174,0.8,958.506875,
sarima_core,electricity,IND|Telangana,India,True,False,holdout,last12,1,2024-12-01,5112.6,5581.47900637092,430.1201160233226,5030.257898309005,6132.700114432834,0.8,568.0579661016949,
sarima_core,electricity,IND|Telangana,India,True,False,holdout,last12,2,2025-01-01,6178.86,6249.701127086005,482.2208489140868,5631.710243221911,6867.692010950099,0.8,568.0579661016949,
sarima_core,electricity,IND|Telangana,India,True,False,holdout,last12,3,2025-02-01,5657.22,5733.846007189716,496.3661262113056,5097.727221060309,6369.964793319124,0.8,568.0579661016949,
sarima_core,electricity,IND|Telangana,India,True,False,holdout,last12,4,2025-03-01,6656.99,6506.798944206366,501.27760564764566,5864.385843916178,7149.212044496555,0.8,568.0579661016949,
sarima_core,electricity,IND|Telangana,India,True,False,holdout,last12,5,2025-04-01,6211.13,6120.214236789219,503.4985654828664,5474.954861945192,6765.473611633247,0.8,568.0579661016949,
sarima_core,electricity,IND|Telangana,India,True,False,holdout,last12,6,2025-05-01,5714.55,6167.049608322562,504.80599877651315,5520.1146902942155,6813.984526350908,0.8,568.0579661016949,
sarima_core,electricity,IND|Telangana,India,True,False,holdout,last12,7,2025-06-01,5427.52,5505.899259017171,505.7602668969525,4857.7413971851265,6154.057120849216,0.8,568.0579661016949,
sarima_core,electricity,IND|Telangana,India,True,False,holdout,last12,8,2025-07-01,5673.5,5298.02230676761,506.56479549930225,4648.833400045699,5947.211213489521,0.8,568.0579661016949,
sarima_core,electricity,IND|Telangana,India,True,False,holdout,last12,9,2025-08-01,6582.44,6124.590460903233,507.3020607909038,5474.456710692648,6774.7242111138185,0.8,568.0579661016949,
sarima_core,electricity,IND|Telangana,India,True,False,holdout,last12,10,2025-09-01,6456.92,5968.574851029277,508.0079741715627,5317.53643642057,6619.613265637984,0.8,568.0579661016949,
sarima_core,electricity,IND|Telangana,India,True,False,holdout,last12,11,2025-10-01,5679.38,6712.339829845868,508.69881126768126,6060.416071875094,7364.263587816642,0.8,568.0579661016949,
sarima_core,electricity,IND|Telangana,India,True,False,holdout,last12,12,2025-11-01,4864.57,5504.009056271015,509.382103331073,4851.209624286676,6156.808488255353,0.8,568.0579661016949,
sarima_core,electricity,IND|Telangana,India,True,False,rolling,2022-12-01,1,2023-01-01,5621.32,5526.838413761982,488.3206136740047,4901.030366820361,6152.646460703603,0.8,653.9513888888889,
sarima_core,electricity,IND|Telangana,India,True,False,rolling,2022-12-01,2,2023-02-01,5088.9,5558.574713933281,516.4420366769699,4896.727613316868,6220.421814549693,0.8,653.9513888888889,
sarima_core,electricity,IND|Telangana,India,True,False,rolling,2022-12-01,3,2023-03-01,5846.68,6351.023364881543,520.6757066494702,5683.7505978838735,7018.296131879212,0.8,653.9513888888889,
sarima_core,electricity,IND|Telangana,India,True,False,rolling,2022-12-01,4,2023-04-01,5529.18,6019.409755501073,521.5797572970001,5350.97840098073,6687.841110021416,0.8,653.9513888888889,
sarima_core,electricity,IND|Telangana,India,True,False,rolling,2022-12-01,5,2023-05-01,5445.84,5600.51319826769,521.8209001073268,4931.772806801253,6269.253589734128,0.8,653.9513888888889,
sarima_core,electricity,IND|Telangana,India,True,False,rolling,2022-12-01,6,2023-06-01,4799.14,5345.811512016323,521.8917882038826,4676.980273798767,6014.642750233879,0.8,653.9513888888889,
sarima_core,electricity,IND|Telangana,India,True,False,rolling,2022-12-01,7,2023-07-01,5000.61,5215.32728615972,521.9133519924502,4546.4684128351655,5884.186159484274,0.8,653.9513888888889,
sarima_core,electricity,IND|Telangana,India,True,False,rolling,2022-12-01,8,2023-08-01,5551.82,6393.8689208500755,521.9199843966103,5725.001547757586,7062.736293942565,0.8,653.9513888888889,
sarima_core,electricity,IND|Telangana,India,True,False,rolling,2022-12-01,9,2023-09-01,4939.75,6467.773089126809,521.9220314296111,5798.903092655973,7136.643085597646,0.8,653.9513888888889,
sarima_core,electricity,IND|Telangana,India,True,False,rolling,2022-12-01,10,2023-10-01,5933.02,6861.655440895787,521.9226639367413,6192.784633834448,7530.5262479571265,0.8,653.9513888888889,
sarima_core,electricity,IND|Telangana,India,True,False,rolling,2022-12-01,11,2023-11-01,4911.33,5530.675393563711,521.922859468316,4861.804335918576,6199.546451208846,0.8,653.9513888888889,
sarima_core,electricity,IND|Telangana,India,True,False,rolling,2022-12-01,12,2023-12-01,5359.06,5449.98925162761,521.9229199506245,4781.118116471278,6118.860386783943,0.8,653.9513888888889,
sarima_core,electricity,IND|Telangana,India,True,False,rolling,2023-12-01,1,2024-01-01,6164.82,5591.97748446691,474.5106733659512,4983.867588147153,6200.087380786667,0.8,565.9145833333333,
sarima_core,electricity,IND|Telangana,India,True,False,rolling,2023-12-01,2,2024-02-01,5630.12,5295.115773841295,526.2903142771296,4620.64759764848,5969.58395003411,0.8,565.9145833333333,
sarima_core,electricity,IND|Telangana,India,True,False,rolling,2023-12-01,3,2024-03-01,6401.44,6028.915599395951,543.5938942882099,5332.27199315041,6725.559205641493,0.8,565.9145833333333,
sarima_core,electricity,IND|Telangana,India,True,False,rolling,2023-12-01,4,2024-04-01,5938.65,5633.864659600305,553.096758477892,4925.042642875318,6342.686676325291,0.8,565.9145833333333,
sarima_core,electricity,IND|Telangana,India,True,False,rolling,2023-12-01,5,2024-05-01,6110.55,5496.543280315337,560.2884507082848,4778.504739153576,6214.581821477098,0.8,565.9145833333333,
sarima_core,electricity,IND|Telangana,India,True,False,rolling,2023-12-01,6,2024-06-01,5433.35,4946.8864609701695,566.6703932494746,4220.669131353531,5673.103790586808,0.8,565.9145833333333,
sarima_core,electricity,IND|Telangana,India,True,False,rolling,2023-12-01,7,2024-07-01,4819.69,4708.74863206229,572.7271012997558,3974.7693187617674,5442.727945362813,0.8,565.9145833333333,
sarima_core,electricity,IND|Telangana,India,True,False,rolling,2023-12-01,8,2024-08-01,5918.27,5612.149295588759,578.6284157510038,4870.607143514468,6353.69144766305,0.8,565.9145833333333,
sarima_core,electricity,IND|Telangana,India,True,False,rolling,2023-12-01,9,2024-09-01,6213.23,5446.769990563915,584.436535188776,4697.784433931277,6195.7555471965525,0.8,565.9145833333333,
sarima_core,electricity,IND|Telangana,India,True,False,rolling,2023-12-01,10,2024-10-01,6710.08,6134.082157352245,590.1751756084836,5377.742237105634,6890.422077598857,0.8,565.9145833333333,
sarima_core,electricity,IND|Telangana,India,True,False,rolling,2023-12-01,11,2024-11-01,5317.07,5174.957385196683,595.8540260407885,4411.339725288058,5938.575045105309,0.8,565.9145833333333,
sarima_core,electricity,IND|Telangana,India,True,False,rolling,2023-12-01,12,2024-12-01,5112.6,5381.060943529387,601.4775999684799,4610.236383649773,6151.885503409001,0.8,565.9145833333333,
sarima_core,electricity,IND|Tripura,India,False,False,holdout,last12,1,2024-12-01,445.31,435.76524488821735,75.11330458035094,339.5036718100402,532.0268179663944,0.8,93.11457627118642,
sarima_core,electricity,IND|Tripura,India,False,False,holdout,last12,2,2025-01-01,431.09,446.0752239414387,96.4420522489175,322.4797608975043,569.6706869853731,0.8,93.11457627118642,
sarima_core,electricity,IND|Tripura,India,False,False,holdout,last12,3,2025-02-01,408.23,415.7493265062068,108.45467547489694,276.759067360721,554.7395856516926,0.8,93.11457627118642,
sarima_core,electricity,IND|Tripura,India,False,False,holdout,last12,4,2025-03-01,448.97,449.02294534065663,116.13036437689145,300.1958950661865,597.8499956151268,0.8,93.11457627118642,
sarima_core,electricity,IND|Tripura,India,False,False,holdout,last12,5,2025-04-01,428.27,425.7201624316543,121.4347327514492,270.0952905625444,581.3450343007642,0.8,93.11457627118642,
sarima_core,electricity,IND|Tripura,India,False,False,holdout,last12,6,2025-05-01,442.91,423.6341668829175,125.33377634147557,263.0124695968827,584.2558641689523,0.8,93.11457627118642,
sarima_core,electricity,IND|Tripura,India,False,False,holdout,last12,7,2025-06-01,414.46,343.84576386757635,128.3551822032298,179.35197916926478,508.3395485658879,0.8,93.11457627118642,
sarima_core,electricity,IND|Tripura,India,False,False,holdout,last12,8,2025-07-01,395.45,387.66636047300557,130.80665672927398,220.03088475794937,555.3018361880618,0.8,93.11457627118642,
sarima_core,electricity,IND|Tripura,India,False,False,holdout,last12,9,2025-08-01,424.13,425.8189976225382,132.87623844670134,255.53124621749046,596.1067490275859,0.8,93.11457627118642,
sarima_core,electricity,IND|Tripura,India,False,False,holdout,last12,10,2025-09-01,425.15,405.6105848943812,134.6831439577043,233.00719090291648,578.2139788858459,0.8,93.11457627118642,
sarima_core,electricity,IND|Tripura,India,False,False,holdout,last12,11,2025-10-01,435.08,415.8378810461669,136.3052765148886,241.1556405365218,590.520121555812,0.8,93.11457627118642,
sarima_core,electricity,IND|Tripura,India,False,False,holdout,last12,12,2025-11-01,405.57,388.322871839089,137.79484363777604,211.73167425112368,564.9140694270543,0.8,93.11457627118642,
sarima_core,electricity,IND|Tripura,India,False,False,rolling,2022-12-01,1,2023-01-01,637.52,670.3328574470765,86.6809883389257,559.246701138373,781.41901375578,0.8,93.72027777777777,
sarima_core,electricity,IND|Tripura,India,False,False,rolling,2022-12-01,2,2023-02-01,604.1,605.0259103650885,107.98008204877003,466.64386716785293,743.4079535623241,0.8,93.72027777777777,
sarima_core,electricity,IND|Tripura,India,False,False,rolling,2022-12-01,3,2023-03-01,632.79,593.1176257630327,118.33874944217821,441.460416150819,744.7748353752464,0.8,93.72027777777777,
sarima_core,electricity,IND|Tripura,India,False,False,rolling,2022-12-01,4,2023-04-01,607.57,391.0180883175591,123.96092553451933,232.15577013243822,549.88040650268,0.8,93.72027777777777,
sarima_core,electricity,IND|Tripura,India,False,False,rolling,2022-12-01,5,2023-05-01,588.97,491.04975261066727,127.20497410668895,328.0300188991797,654.0694863221548,0.8,93.72027777777777,
sarima_core,electricity,IND|Tripura,India,False,False,rolling,2022-12-01,6,2023-06-01,455.49,456.33404056395455,129.16178793643573,290.80654902547565,621.8615321024334,0.8,93.72027777777777,
sarima_core,electricity,IND|Tripura,India,False,False,rolling,2022-12-01,7,2023-07-01,536.39,536.3150831527856,130.38484702638104,369.2201783228338,703.4099879827374,0.8,93.72027777777777,
sarima_core,electricity,IND|Tripura,India,False,False,rolling,2022-12-01,8,2023-08-01,590.27,630.3145569274762,131.1718892795926,462.2110168657714,798.4180969891811,0.8,93.72027777777777,
sarima_core,electricity,IND|Tripura,India,False,False,rolling,2022-12-01,9,2023-09-01,559.33,617.0197903014883,131.69047814450605,448.25165186807965,785.787928734897,0.8,93.72027777777777,
sarima_core,electricity,IND|Tripura,India,False,False,rolling,2022-12-01,10,2023-10-01,559.79,631.433063145125,132.03866877309926,462.21870046653464,800.6474258237153,0.8,93.72027777777777,
sarima_core,electricity,IND|Tripura,India,False,False,rolling,2022-12-01,11,2023-11-01,529.94,605.5527309138644,132.27589212826447,436.03435427307835,775.0711075546503,0.8,93.72027777777777,
sarima_core,electricity,IND|Tripura,India,False,False,rolling,2022-12-01,12,2023-12-01,521.55,612.4531559960192,132.43932028662525,442.72533774303184,782.1809742490066,0.8,93.72027777777777,
sarima_core,electricity,IND|Tripura,India,False,False,rolling,2023-12-01,1,2024-01-01,497.57,560.9787538164012,77.74260005966201,461.3476030004336,660.6099046323687,0.8,82.765,
sarima_core,electricity,IND|Tripura,India,False,False,rolling,2023-12-01,2,2024-02-01,445.74,527.9255510221087,95.0074660323824,406.16858418988363,649.6825178543338,0.8,82.765,
sarima_core,electricity,IND|Tripura,India,False,False,rolling,2023-12-01,3,2024-03-01,465.79,607.9087092141244,102.63997337376755,476.3702906495165,739.4471277787324,0.8,82.765,
sarima_core,electricity,IND|Tripura,India,False,False,rolling,2023-12-01,4,2024-04-01,430.84,589.5369191509859,106.40146533142997,453.1779546792523,725.8958836227196,0.8,82.765,
sarima_core,electricity,IND|Tripura,India,False,False,rolling,2023-12-01,5,2024-05-01,438.41,570.5943049926017,108.37674203464233,431.70392156948253,709.4846884157208,0.8,82.765,
sarima_core,electricity,IND|Tripura,India,False,False,rolling,2023-12-01,6,2024-06-01,416.08,438.49737651039936,109.46712354370939,298.20961295729444,578.7851400635043,0.8,82.765,
sarima_core,electricity,IND|Tripura,India,False,False,rolling,2023-12-01,7,2024-07-01,409.13,568.1095212380145,110.09562790452719,427.0162969373519,709.2027455386772,0.8,82.765,
sarima_core,electricity,IND|Tripura,India,False,False,rolling,2023-12-01,8,2024-08-01,423.91,620.8254908801247,110.47176345578679,479.25022947488833,762.400752285361,0.8,82.765,
sarima_core,electricity,IND|Tripura,India,False,False,rolling,2023-12-01,9,2024-09-01,413.55,598.6217744010137,110.7040709495043,456.7487989635159,740.4947498385114,0.8,82.765,
sarima_core,electricity,IND|Tripura,India,False,False,rolling,2023-12-01,10,2024-10-01,433.27,600.9388664970907,110.85122577657745,458.8773045605799,743.0004284336014,0.8,82.765,
sarima_core,electricity,IND|Tripura,India,False,False,rolling,2023-12-01,11,2024-11-01,406.83,585.9401636554395,110.94627801349537,443.75678737589806,728.123539934981,0.8,82.765,
sarima_core,electricity,IND|Tripura,India,False,False,rolling,2023-12-01,12,2024-12-01,445.31,595.5092597436176,111.00857501923782,453.24604663883815,737.772472848397,0.8,82.765,
sarima_core,electricity,IND|Uttar Pradesh,India,True,False,holdout,last12,1,2024-12-01,13467.27,13661.935371991969,910.8237104026773,12494.667819990276,14829.202923993662,0.8,1150.260338983051,
sarima_core,electricity,IND|Uttar Pradesh,India,True,False,holdout,last12,2,2025-01-01,14315.4,15043.094756586992,1049.5342057785113,13698.062552078933,16388.12696109505,0.8,1150.260338983051,
sarima_core,electricity,IND|Uttar Pradesh,India,True,False,holdout,last12,3,2025-02-01,13471.49,13571.338788069988,1092.8690694526053,12170.77072117773,14971.906854962246,0.8,1150.260338983051,
sarima_core,electricity,IND|Uttar Pradesh,India,True,False,holdout,last12,4,2025-03-01,15709.37,14984.161849869492,1108.1503590676386,13564.01002234755,16404.313677391434,0.8,1150.260338983051,
sarima_core,electricity,IND|Uttar Pradesh,India,True,False,holdout,last12,5,2025-04-01,15502.94,15784.074291361083,1114.070105595996,14356.336003408096,17211.81257931407,0.8,1150.260338983051,
sarima_core,electricity,IND|Uttar Pradesh,India,True,False,holdout,last12,6,2025-05-01,15593.63,16803.322754430887,1116.5819117869712,15372.36545732151,18234.280051540263,0.8,1150.260338983051,
sarima_core,electricity,IND|Uttar Pradesh,India,True,False,holdout,last12,7,2025-06-01,15190.04,16508.929582206132,1117.739581151928,15076.488672109714,17941.37049230255,0.8,1150.260338983051,
sarima_core,electricity,IND|Uttar Pradesh,India,True,False,holdout,last12,8,2025-07-01,15381.4,16420.10174940444,1118.309557434258,14986.930385311076,17853.273113497802,0.8,1150.260338983051,
sarima_core,electricity,IND|Uttar Pradesh,India,True,False,holdout,last12,9,2025-08-01,14525.06,15888.945081010037,1118.6036101219502,14455.396873234411,17322.493288785663,0.8,1150.260338983051,
sarima_core,electricity,IND|Uttar Pradesh,India,True,False,holdout,last12,10,2025-09-01,14221.7,14993.67094739628,1118.7599667293468,13559.92236056566,16427.4195342269,0.8,1150.260338983051,
sarima_core,electricity,IND|Uttar Pradesh,India,True,False,holdout,last12,11,2025-10-01,13189.6,15889.714640642307,1118.8446510727388,14455.857526458836,17323.571754825778,0.8,1150.260338983051,
sarima_core,electricity,IND|Uttar Pradesh,India,True,False,holdout,last12,12,2025-11-01,12691.32,13515.894018797462,1118.8910178570588,12081.977483188957,14949.810554405967,0.8,1150.260338983051,
sarima_core,electricity,IND|Uttar Pradesh,India,True,False,rolling,2022-12-01,1,2023-01-01,14537.45,13874.194942892009,910.9434995272529,12706.77387495018,15041.616010833837,0.8,1242.6711111111113,
sarima_core,electricity,IND|Uttar Pradesh,India,True,False,rolling,2022-12-01,2,2023-02-01,12499.67,13072.135372901668,1041.5124523474035,11737.383459061657,14406.88728674168,0.8,1242.6711111111113,
sarima_core,electricity,IND|Uttar Pradesh,India,True,False,rolling,2022-12-01,3,2023-03-01,13305.8,14661.625508173436,1081.0831477499046,13276.161707690662,16047.08930865621,0.8,1242.6711111111113,
sarima_core,electricity,IND|Uttar Pradesh,India,True,False,rolling,2022-12-01,4,2023-04-01,13565.32,16056.379752762608,1095.029796438668,14653.042602818648,17459.71690270657,0.8,1242.6711111111113,
sarima_core,electricity,IND|Uttar Pradesh,India,True,False,rolling,2022-12-01,5,2023-05-01,13805.01,15008.976102781717,1100.5604844277639,13598.551090986792,16419.40111457664,0.8,1242.6711111111113,
sarima_core,electricity,IND|Uttar Pradesh,India,True,False,rolling,2022-12-01,6,2023-06-01,14352.02,15115.97517811144,1102.9795152146683,13702.450053624456,16529.500302598422,0.8,1242.6711111111113,
sarima_core,electricity,IND|Uttar Pradesh,India,True,False,rolling,2022-12-01,7,2023-07-01,14526.32,15257.792733009419,1104.1171000083286,13842.809734949182,16672.775731069658,0.8,1242.6711111111113,
sarima_core,electricity,IND|Uttar Pradesh,India,True,False,rolling,2022-12-01,8,2023-08-01,15423.31,15308.653760507843,1104.6780611274055,13892.951861847243,16724.355659168443,0.8,1242.6711111111113,
sarima_core,electricity,IND|Uttar Pradesh,India,True,False,rolling,2022-12-01,9,2023-09-01,14582.18,14437.077791126676,1104.962651806136,13021.011174836209,15853.144407417143,0.8,1242.6711111111113,
sarima_core,electricity,IND|Uttar Pradesh,India,True,False,rolling,2022-12-01,10,2023-10-01,13713.99,13365.92707468171,1105.109378899265,11949.672420055334,14782.181729308084,0.8,1242.6711111111113,
sarima_core,electricity,IND|Uttar Pradesh,India,True,False,rolling,2022-12-01,11,2023-11-01,12000.88,12936.847457518328,1105.1857074085333,11520.494983971406,14353.19993106525,0.8,1242.6711111111113,
sarima_core,electricity,IND|Uttar Pradesh,India,True,False,rolling,2022-12-01,12,2023-12-01,12578.32,14566.424193393968,1105.2256158235011,13150.020575155366,15982.827811632571,0.8,1242.6711111111113,
sarima_core,electricity,IND|Uttar Pradesh,India,True,False,rolling,2023-12-01,1,2024-01-01,13892.41,14030.807391840985,885.219069109658,12896.353507973568,15165.2612757084,0.8,1165.7966666666669,
sarima_core,electricity,IND|Uttar Pradesh,India,True,False,rolling,2023-12-01,2,2024-02-01,12513.74,12880.783474461557,1050.5044347743374,11534.50787146496,14227.059077458154,0.8,1165.7966666666669,
sarima_core,electricity,IND|Uttar Pradesh,India,True,False,rolling,2023-12-01,3,2024-03-01,14098.12,14196.550611233111,1112.9333673003844,12770.26911202248,15622.832110443742,0.8,1165.7966666666669,
sarima_core,electricity,IND|Uttar Pradesh,India,True,False,rolling,2023-12-01,4,2024-04-01,15076.72,15173.083220899018,1139.3805679660109,13712.90827027108,16633.258171526955,0.8,1165.7966666666669,
sarima_core,electricity,IND|Uttar Pradesh,India,True,False,rolling,2023-12-01,5,2024-05-01,16391.72,15152.425516295647,1151.4702357582921,13676.757032981597,16628.093999609697,0.8,1165.7966666666669,
sarima_core,electricity,IND|Uttar Pradesh,India,True,False,rolling,2023-12-01,6,2024-06-01,15739.29,15563.270088611538,1157.3767055077572,14080.03215974322,17046.508017479857,0.8,1165.7966666666669,
sarima_core,electricity,IND|Uttar Pradesh,India,True,False,rolling,2023-12-01,7,2024-07-01,15535.3,15675.742977965463,1160.4398298079761,14188.579497354742,17162.906458576184,0.8,1165.7966666666669,
sarima_core,electricity,IND|Uttar Pradesh,India,True,False,rolling,2023-12-01,8,2024-08-01,14414.75,16283.216080156162,1162.1105488397156,14793.91148695473,17772.520673357594,0.8,1165.7966666666669,
sarima_core,electricity,IND|Uttar Pradesh,India,True,False,rolling,2023-12-01,9,2024-09-01,13495.03,15391.604259370322,1163.0584388630903,13901.08489622547,16882.123622515173,0.8,1165.7966666666669,
sarima_core,electricity,IND|Uttar Pradesh,India,True,False,rolling,2023-12-01,10,2024-10-01,15112.9,14425.765577531984,1163.6118986073668,12934.536927185389,15916.994227878578,0.8,1165.7966666666669,
sarima_core,electricity,IND|Uttar Pradesh,India,True,False,rolling,2023-12-01,11,2024-11-01,12467.59,13297.957579424183,1163.9415279940977,11806.306492020973,14789.608666827393,0.8,1165.7966666666669,
sarima_core,electricity,IND|Uttar Pradesh,India,True,False,rolling,2023-12-01,12,2024-12-01,13467.27,14217.295507659604,1164.1404516448595,12725.389489340338,15709.201525978871,0.8,1165.7966666666669,
sarima_core,electricity,IND|Uttarakhand,India,False,False,holdout,last12,1,2024-12-01,925.11,911.835049448254,207.0048537765523,646.5476550155824,1177.1224438809256,0.8,193.0822033898305,
sarima_core,electricity,IND|Uttarakhand,India,False,False,holdout,last12,2,2025-01-01,762.51,889.7347898917676,222.9771852602504,603.9780290407653,1175.49155074277,0.8,193.0822033898305,
sarima_core,electricity,IND|Uttarakhand,India,False,False,holdout,last12,3,2025-02-01,877.65,780.3545546278752,225.75371033001554,491.0395337269416,1069.6695755288088,0.8,193.0822033898305,
sarima_core,electricity,IND|Uttarakhand,India,False,False,holdout,last12,4,2025-03-01,855.18,814.4958808348033,226.36415241177465,524.398546928317,1104.5932147412896,0.8,193.0822033898305,
sarima_core,electricity,IND|Uttarakhand,India,False,False,holdout,last12,5,2025-04-01,976.61,940.9996725353393,226.53268662061524,650.6863533496655,1231.312991721013,0.8,193.0822033898305,
sarima_core,electricity,IND|Uttarakhand,India,False,False,holdout,last12,6,2025-05-01,1434.19,1338.4352108227893,226.58762139843293,1048.0514898866004,1628.8189317589781,0.8,193.0822033898305,
sarima_core,electricity,IND|Uttarakhand,India,False,False,holdout,last12,7,2025-06-01,1717.08,1572.2541683794275,226.6071981761129,1281.8453587931544,1862.6629779657005,0.8,193.0822033898305,
sarima_core,electricity,IND|Uttarakhand,India,False,False,holdout,last12,8,2025-07-01,2366.33,2117.0957210741763,226.6144568830214,1826.677609080701,2407.513833067652,0.8,193.0822033898305,
sarima_core,electricity,IND|Uttarakhand,India,False,False,holdout,last12,9,2025-08-01,2570.62,2449.7790930471665,226.61719194743515,2159.35747592761,2740.200710166723,0.8,193.0822033898305,
sarima_core,electricity,IND|Uttarakhand,India,False,False,holdout,last12,10,2025-09-01,2480.22,2095.552372243025,226.61822901601084,1805.1294260666114,2385.9753184194383,0.8,193.0822033898305,
sarima_core,electricity,IND|Uttarakhand,India,False,False,holdout,last12,11,2025-10-01,1475.36,1228.9126790257283,226.61862320590194,938.4892276746427,1519.3361303768138,0.8,193.0822033898305,
sarima_core,electricity,IND|Uttarakhand,India,False,False,holdout,last12,12,2025-11-01,985.65,876.1827367038948,226.61877318449078,585.7590931475139,1166.6063802602757,0.8,193.0822033898305,
sarima_core,electricity,IND|Uttarakhand,India,False,False,rolling,2022-12-01,1,2023-01-01,929.92,783.1697887683029,194.30380090410966,534.1594485283748,1032.180129008231,0.8,187.7491666666667,
sarima_core,electricity,IND|Uttarakhand,India,False,False,rolling,2022-12-01,2,2023-02-01,811.21,758.7178626807973,319.915207841554,348.7300272299276,1168.705698131667,0.8,187.7491666666667,
sarima_core,electricity,IND|Uttarakhand,India,False,False,rolling,2022-12-01,3,2023-03-01,750.54,868.7662676875345,387.14814979852594,372.6159502155382,1364.9165851595308,0.8,187.7491666666667,
sarima_core,electricity,IND|Uttarakhand,India,False,False,rolling,2022-12-01,4,2023-04-01,856.26,934.1665764047588,455.4148590476714,350.5289508199419,1517.8042019895756,0.8,187.7491666666667,
sarima_core,electricity,IND|Uttarakhand,India,False,False,rolling,2022-12-01,5,2023-05-01,1163.59,1224.8687818960605,508.7082339456789,572.9329482775469,1876.804615514574,0.8,187.7491666666667,
sarima_core,electricity,IND|Uttarakhand,India,False,False,rolling,2022-12-01,6,2023-06-01,1617.09,1459.2554122445194,560.2039220267972,741.3251989468523,2177.1856255421867,0.8,187.7491666666667,
sarima_core,electricity,IND|Uttarakhand,India,False,False,rolling,2022-12-01,7,2023-07-01,1985.56,1809.6106288676615,605.5137762113607,1033.6135010051694,2585.6077567301536,0.8,187.7491666666667,
sarima_core,electricity,IND|Uttarakhand,India,False,False,rolling,2022-12-01,8,2023-08-01,2550.16,2148.5699629959904,648.6935825800488,1317.2356866817934,2979.904239310187,0.8,187.7491666666667,
sarima_core,electricity,IND|Uttarakhand,India,False,False,rolling,2022-12-01,9,2023-09-01,1818.22,2139.6004374717995,688.5857151267892,1257.1423362394146,3022.0585387041847,0.8,187.7491666666667,
sarima_core,electricity,IND|Uttarakhand,India,False,False,rolling,2022-12-01,10,2023-10-01,1166.13,1513.3672807799203,726.625804480239,582.1588434831652,2444.5757180766755,0.8,187.7491666666667,
sarima_core,electricity,IND|Uttarakhand,India,False,False,rolling,2022-12-01,11,2023-11-01,879.59,862.8440308669549,762.5779472412457,-114.43893126985131,1840.126993003761,0.8,187.7491666666667,
sarima_core,electricity,IND|Uttarakhand,India,False,False,rolling,2022-12-01,12,2023-12-01,902.79,868.9391986548857,797.0213077290613,-152.4847060376975,1890.363103347469,0.8,187.7491666666667,
sarima_core,electricity,IND|Uttarakhand,India,False,False,rolling,2023-12-01,1,2024-01-01,859.21,863.2600229176385,198.67830442894063,608.6435308369829,1117.8765149982942,0.8,189.45479166666667,
sarima_core,electricity,IND|Uttarakhand,India,False,False,rolling,2023-12-01,2,2024-02-01,756.5,781.1448904589785,224.7321656225863,493.13903177712456,1069.1507491408324,0.8,189.45479166666667,
sarima_core,electricity,IND|Uttarakhand,India,False,False,rolling,2023-12-01,3,2024-03-01,907.63,813.4510148916784,231.9730720872135,516.1655611941195,1110.7364685892371,0.8,189.45479166666667,
sarima_core,electricity,IND|Uttarakhand,India,False,False,rolling,2023-12-01,4,2024-04-01,1059.47,918.7325339757834,234.31941750127118,618.4401176395305,1219.0249503120363,0.8,189.45479166666667,
sarima_core,electricity,IND|Uttarakhand,India,False,False,rolling,2023-12-01,5,2024-05-01,1569.63,1223.131313828213,235.18394366560523,921.7309626326036,1524.5316650238224,0.8,189.45479166666667,
sarima_core,electricity,IND|Uttarakhand,India,False,False,rolling,2023-12-01,6,2024-06-01,1527.84,1562.1355002224007,235.540000325961,1260.2788440562897,1863.9921563885116,0.8,189.45479166666667,
sarima_core,electricity,IND|Uttarakhand,India,False,False,rolling,2023-12-01,7,2024-07-01,2293.83,1915.0531400201226,235.69934078838864,1612.992280834933,2217.113999205312,0.8,189.45479166666667,
sarima_core,electricity,IND|Uttarakhand,India,False,False,rolling,2023-12-01,8,2024-08-01,2335.65,2434.019525994797,235.77456169118534,2131.8622673438663,2736.1767846457274,0.8,189.45479166666667,
sarima_core,electricity,IND|Uttarakhand,India,False,False,rolling,2023-12-01,9,2024-09-01,2455.11,1940.3800255825508,235.81118826872637,1638.1758280838321,2242.5842230812696,0.8,189.45479166666667,
sarima_core,electricity,IND|Uttarakhand,India,False,False,rolling,2023-12-01,10,2024-10-01,1319.4,1269.380879176866,235.82932511462283,967.1534383748947,1571.6083199788375,0.8,189.45479166666667,
sarima_core,electricity,IND|Uttarakhand,India,False,False,rolling,2023-12-01,11,2024-11-01,883.66,876.3210942409308,235.83838576419618,574.0820417493139,1178.5601467325478,0.8,189.45479166666667,
sarima_core,electricity,IND|Uttarakhand,India,False,False,rolling,2023-12-01,12,2024-12-01,925.11,893.3675215754747,235.84293280351565,591.1226418184992,1195.6124013324502,0.8,189.45479166666667,
sarima_core,electricity,IND|West Bengal,India,True,False,holdout,last12,1,2024-12-01,7954.59,7242.03225010113,492.25009295035284,6611.18837284113,7872.876127361129,0.8,656.100847457627,
sarima_core,electricity,IND|West Bengal,India,True,False,holdout,last12,2,2025-01-01,8050.61,8017.478545433278,820.2402744872675,6966.298337541388,9068.658753325168,0.8,656.100847457627,
sarima_core,electricity,IND|West Bengal,India,True,False,holdout,last12,3,2025-02-01,7662.91,7557.489100784628,987.4870264598767,6291.973556069991,8823.004645499266,0.8,656.100847457627,
sarima_core,electricity,IND|West Bengal,India,True,False,holdout,last12,4,2025-03-01,8692.39,8488.912124536964,1165.3366981859324,6995.4730545902075,9982.351194483721,0.8,656.100847457627,
sarima_core,electricity,IND|West Bengal,India,True,False,holdout,last12,5,2025-04-01,8096.83,8251.089728522233,1299.065796079869,6586.269923810634,9915.909533233831,0.8,656.100847457627,
sarima_core,electricity,IND|West Bengal,India,True,False,holdout,last12,6,2025-05-01,8080.16,8184.442790166995,1432.221604921649,6348.976950172855,10019.908630161135,0.8,656.100847457627,
sarima_core,electricity,IND|West Bengal,India,True,False,holdout,last12,7,2025-06-01,7957.76,8168.985283573211,1546.8105023896633,6186.667862634908,10151.302704511514,0.8,656.100847457627,
sarima_core,electricity,IND|West Bengal,India,True,False,holdout,last12,8,2025-07-01,8110.86,7965.669517494764,1657.8250573361136,5841.081219866601,10090.257815122926,0.8,656.100847457627,
sarima_core,electricity,IND|West Bengal,India,True,False,holdout,last12,9,2025-08-01,7911.93,7739.564431251283,1759.1969490580666,5485.062827084634,9994.066035417933,0.8,656.100847457627,
sarima_core,electricity,IND|West Bengal,India,True,False,holdout,last12,10,2025-09-01,7560.3,7735.060312861425,1856.6710592805773,5355.640610139049,10114.4800155838,0.8,656.100847457627,
sarima_core,electricity,IND|West Bengal,India,True,False,holdout,last12,11,2025-10-01,7727.87,8348.62084662101,1948.2665148693688,5851.816844392048,10845.424848849972,0.8,656.100847457627,
sarima_core,electricity,IND|West Bengal,India,True,False,holdout,last12,12,2025-11-01,6616.51,7766.7247422120345,2036.3715878181856,5157.0095458130945,10376.439938610974,0.8,656.100847457627,
sarima_core,electricity,IND|West Bengal,India,True,False,rolling,2022-12-01,1,2023-01-01,8251.41,7016.452942160371,560.9217824612929,6297.602753699033,7735.303130621709,0.8,876.1397222222222,
sarima_core,electricity,IND|West Bengal,India,True,False,rolling,2022-12-01,2,2023-02-01,7788.44,6695.304909281409,987.188964519889,5430.1713463125925,7960.4384722502255,0.8,876.1397222222222,
sarima_core,electricity,IND|West Bengal,India,True,False,rolling,2022-12-01,3,2023-03-01,8508.0,8198.123780291473,1199.9906659407814,6660.2738637161565,9735.97369686679,0.8,876.1397222222222,
sarima_core,electricity,IND|West Bengal,India,True,False,rolling,2022-12-01,4,2023-04-01,8489.57,7686.483154737079,1414.8777230907167,5873.244393655991,9499.721915818167,0.8,876.1397222222222,
sarima_core,electricity,IND|West Bengal,India,True,False,rolling,2022-12-01,5,2023-05-01,8144.18,7255.374578427354,1585.153028426318,5223.919233219842,9286.829923634867,0.8,876.1397222222222,
sarima_core,electricity,IND|West Bengal,India,True,False,rolling,2022-12-01,6,2023-06-01,7873.12,7204.113405612266,1746.3326920651564,4966.0980101344485,9442.128801090084,0.8,876.1397222222222,
sarima_core,electricity,IND|West Bengal,India,True,False,rolling,2022-12-01,7,2023-07-01,7707.61,7165.308808364181,1890.2469283125504,4742.859898119359,9587.757718609002,0.8,876.1397222222222,
sarima_core,electricity,IND|West Bengal,India,True,False,rolling,2022-12-01,8,2023-08-01,7741.83,6927.60019219007,2025.6886160688664,4331.575774961138,9523.624609419001,0.8,876.1397222222222,
sarima_core,electricity,IND|West Bengal,India,True,False,rolling,2022-12-01,9,2023-09-01,7540.45,6763.392095865825,2151.7788939465986,4005.7764856227327,9521.007706108916,0.8,876.1397222222222,
sarima_core,electricity,IND|West Bengal,India,True,False,rolling,2022-12-01,10,2023-10-01,7786.41,7037.409339653483,2271.2936450412053,4126.6294130394235,9948.189266267542,0.8,876.1397222222222,
sarima_core,electricity,IND|West Bengal,India,True,False,rolling,2022-12-01,11,2023-11-01,7762.35,6986.160558485096,2384.6218289998365,3930.1447202985273,10042.176396671664,0.8,876.1397222222222,
sarima_core,electricity,IND|West Bengal,India,True,False,rolling,2022-12-01,12,2023-12-01,7429.38,7267.182285839194,2492.904503561508,4072.3966165467587,10461.96795513163,0.8,876.1397222222222,
sarima_core,electricity,IND|West Bengal,India,True,False,rolling,2023-12-01,1,2024-01-01,7746.56,7672.928511930842,523.0290887632551,7002.639764400927,8343.217259460758,0.8,728.3877083333333,
sarima_core,electricity,IND|West Bengal,India,True,False,rolling,2023-12-01,2,2024-02-01,7565.81,7258.507654550156,869.0745678775548,6144.743781511679,8372.271527588633,0.8,728.3877083333333,
sarima_core,electricity,IND|West Bengal,India,True,False,rolling,2023-12-01,3,2024-03-01,8463.55,8223.487712471935,1048.2779193086872,6880.065503856051,9566.90992108782,0.8,728.3877083333333,
sarima_core,electricity,IND|West Bengal,India,True,False,rolling,2023-12-01,4,2024-04-01,8191.04,8024.989579954508,1235.6872804752136,6441.392611137949,9608.586548771069,0.8,728.3877083333333,
sarima_core,electricity,IND|West Bengal,India,True,False,rolling,2023-12-01,5,2024-05-01,8240.98,7796.627210656965,1378.6259250751011,6029.846998076597,9563.407423237333,0.8,728.3877083333333,
sarima_core,electricity,IND|West Bengal,India,True,False,rolling,2023-12-01,6,2024-06-01,8450.81,7565.020922547366,1519.2615768914031,5618.00887021043,9512.032974884303,0.8,728.3877083333333,
sarima_core,electricity,IND|West Bengal,India,True,False,rolling,2023-12-01,7,2024-07-01,8189.62,7411.619265466002,1641.392552338569,5308.090070343262,9515.148460588742,0.8,728.3877083333333,
sarima_core,electricity,IND|West Bengal,India,True,False,rolling,2023-12-01,8,2024-08-01,7804.64,7355.982375949935,1758.8916823272664,5101.871986840051,9610.092765059819,0.8,728.3877083333333,
sarima_core,electricity,IND|West Bengal,India,True,False,rolling,2023-12-01,9,2024-09-01,7922.51,7152.260404854016,1866.7286468711259,4759.951385009372,9544.56942469866,0.8,728.3877083333333,
sarima_core,electricity,IND|West Bengal,India,True,False,rolling,2023-12-01,10,2024-10-01,8798.22,7427.631198591124,1970.0350074272367,4902.92975064508,9952.332646537168,0.8,728.3877083333333,
sarima_core,electricity,IND|West Bengal,India,True,False,rolling,2023-12-01,11,2024-11-01,7826.05,7357.15577830572,2067.364904209911,4707.721048763546,10006.590507847894,0.8,728.3877083333333,
sarima_core,electricity,IND|West Bengal,India,True,False,rolling,2023-12-01,12,2024-12-01,7954.59,7161.606566676464,2160.8105365839183,4392.416440672076,9930.796692680853,0.8,728.3877083333333,
sarima_core,electricity,USA|Alabama,US,True,False,holdout,last12,1,2025-01-01,13861.86,12478.1515222324,695.6139124360568,11586.686423735366,13369.616620729434,0.8,648.7864855072464,
sarima_core,electricity,USA|Alabama,US,True,False,holdout,last12,2,2025-02-01,10453.48,10243.558036321143,764.6532945553681,9263.615409584874,11223.500663057412,0.8,648.7864855072464,
sarima_core,electricity,USA|Alabama,US,True,False,holdout,last12,3,2025-03-01,10399.45,10702.459353662509,781.5018403918608,9700.924446632333,11703.994260692685,0.8,648.7864855072464,
sarima_core,electricity,USA|Alabama,US,True,False,holdout,last12,4,2025-04-01,10242.19,10442.682695350637,787.4917007633892,9433.471473383936,11451.893917317338,0.8,648.7864855072464,
sarima_core,electricity,USA|Alabama,US,True,False,holdout,last12,5,2025-05-01,11299.5,11702.15768429165,790.6259555370495,10688.929753212948,12715.385615370351,0.8,648.7864855072464,
sarima_core,electricity,USA|Alabama,US,True,False,holdout,last12,6,2025-06-01,12377.33,12500.569422593135,792.84974084529,11484.491595971223,13516.647249215046,0.8,648.7864855072464,
sarima_core,electricity,USA|Alabama,US,True,False,holdout,last12,7,2025-07-01,13945.0,14026.826345881946,794.7415497606556,13008.324068582835,15045.328623181056,0.8,648.7864855072464,
sarima_core,electricity,USA|Alabama,US,True,False,holdout,last12,8,2025-08-01,12394.4,14034.1931440082,796.50218257715,13013.434524966762,15054.95176304964,0.8,648.7864855072464,
sarima_core,electricity,USA|Alabama,US,True,False,holdout,last12,9,2025-09-01,12051.63,11812.440103460884,798.2080173339564,10789.4953692163,12835.384837705467,0.8,648.7864855072464,
sarima_core,electricity,USA|Alabama,US,True,False,holdout,last12,10,2025-10-01,11040.76,10798.64018125338,799.8894540129706,9773.540599200442,11823.73976330632,0.8,648.7864855072464,
sarima_core,electricity,USA|Alabama,US,True,False,holdout,last12,11,2025-11-01,11510.35,11530.172359937842,801.5588467101127,10502.933365060373,12557.411354815311,0.8,648.7864855072464,
sarima_core,electricity,USA|Alabama,US,True,False,holdout,last12,12,2025-12-01,12765.81,12155.283597116942,803.2212668520573,11125.914125103971,13184.653069129914,0.8,648.7864855072464,
sarima_core,electricity,USA|Alabama,US,True,False,rolling,2022-12-01,1,2023-01-01,11762.94,12712.727157999334,712.6723644161605,11799.400773661431,13626.053542337237,0.8,663.5769444444445,
sarima_core,electricity,USA|Alabama,US,True,False,rolling,2022-12-01,2,2023-02-01,10090.04,11181.038042689808,785.2119331409207,10174.74846048876,12187.327624890857,0.8,663.5769444444445,
sarima_core,electricity,USA|Alabama,US,True,False,rolling,2022-12-01,3,2023-03-01,11092.15,10729.444850076776,804.449960045756,9698.500744377845,11760.388955775707,0.8,663.5769444444445,
sarima_core,electricity,USA|Alabama,US,True,False,rolling,2022-12-01,4,2023-04-01,10116.2,9721.586627497047,812.2582372015446,8680.63581198491,10762.537443009183,0.8,663.5769444444445,
sarima_core,electricity,USA|Alabama,US,True,False,rolling,2022-12-01,5,2023-05-01,11492.43,12139.223861589313,816.9143990133343,11092.305934617849,13186.141788560777,0.8,663.5769444444445,
sarima_core,electricity,USA|Alabama,US,True,False,rolling,2022-12-01,6,2023-06-01,12235.65,13194.455016626094,820.5250363446871,12142.90987173002,14246.000161522168,0.8,663.5769444444445,
sarima_core,electricity,USA|Alabama,US,True,False,rolling,2022-12-01,7,2023-07-01,13989.97,14108.281784597692,823.7454106218656,13052.609564005059,15163.954005190324,0.8,663.5769444444445,
sarima_core,electricity,USA|Alabama,US,True,False,rolling,2022-12-01,8,2023-08-01,13945.09,13882.127425113627,826.808334654125,12822.529909432309,14941.724940794946,0.8,663.5769444444445,
sarima_core,electricity,USA|Alabama,US,True,False,rolling,2022-12-01,9,2023-09-01,11681.29,12159.25775128446,829.8025654731317,11095.822974409442,13222.692528159478,0.8,663.5769444444445,
sarima_core,electricity,USA|Alabama,US,True,False,rolling,2022-12-01,10,2023-10-01,10480.49,11178.853059519586,832.763081503542,10111.624228690976,12246.081890348196,0.8,663.5769444444445,
sarima_core,electricity,USA|Alabama,US,True,False,rolling,2022-12-01,11,2023-11-01,11504.27,11768.869686910633,835.7038958623781,10697.87205083648,12839.867322984786,0.8,663.5769444444445,
sarima_core,electricity,USA|Alabama,US,True,False,rolling,2022-12-01,12,2023-12-01,11979.99,12301.635852893956,838.6306922902208,11226.887376275672,13376.38432951224,0.8,663.5769444444445,
sarima_core,electricity,USA|Alabama,US,True,False,rolling,2023-12-01,1,2024-01-01,12879.43,12259.829435418957,704.9456327825428,11356.40525610266,13163.253614735253,0.8,660.1935984848484,
sarima_core,electricity,USA|Alabama,US,True,False,rolling,2023-12-01,2,2024-02-01,10243.32,10459.458135115032,777.1305022687873,9463.525323300006,11455.390946930058,0.8,660.1935984848484,
sarima_core,electricity,USA|Alabama,US,True,False,rolling,2023-12-01,3,2024-03-01,10234.24,10939.31975252223,795.2245982995819,9920.198423611824,11958.441081432635,0.8,660.1935984848484,
sarima_core,electricity,USA|Alabama,US,True,False,rolling,2023-12-01,4,2024-04-01,10694.23,10110.951249570002,801.7728050122022,9083.438056095529,11138.464443044475,0.8,660.1935984848484,
sarima_core,electricity,USA|Alabama,US,True,False,rolling,2023-12-01,5,2024-05-01,11850.48,12052.957694176199,805.219253007879,11021.027699877297,13084.8876884751,0.8,660.1935984848484,
sarima_core,electricity,USA|Alabama,US,True,False,rolling,2023-12-01,6,2024-06-01,12706.65,12983.948221683815,807.6604730271354,11948.889678047397,14019.006765320233,0.8,660.1935984848484,
sarima_core,electricity,USA|Alabama,US,True,False,rolling,2023-12-01,7,2024-07-01,14013.23,14138.425901305063,809.7300137887215,13100.715134465676,15176.13666814445,0.8,660.1935984848484,
sarima_core,electricity,USA|Alabama,US,True,False,rolling,2023-12-01,8,2024-08-01,14072.03,13738.887274422877,811.6506595468562,12698.715101005297,14779.059447840458,0.8,660.1935984848484,
sarima_core,electricity,USA|Alabama,US,True,False,rolling,2023-12-01,9,2024-09-01,11891.39,11766.439416204204,813.5082349253781,10723.886664152162,12808.992168256247,0.8,660.1935984848484,
sarima_core,electricity,USA|Alabama,US,True,False,rolling,2023-12-01,10,2024-10-01,11059.25,10370.448540938543,815.3373626432774,9325.551667396045,11415.345414481042,0.8,660.1935984848484,
sarima_core,electricity,USA|Alabama,US,True,False,rolling,2023-12-01,11,2024-11-01,11507.12,11137.386410507948,817.1523139211328,10090.163583313928,12184.609237701969,0.8,660.1935984848484,
sarima_core,electricity,USA|Alabama,US,True,False,rolling,2023-12-01,12,2024-12-01,12277.28,11901.949620162626,818.9590338666507,10852.411388193927,12951.487852131326,0.8,660.1935984848484,
sarima_core,electricity,USA|Alabama,US,True,False,rolling,2024-12-01,1,2025-01-01,13861.86,12478.1515222324,695.6139124360568,11586.686423735366,13369.616620729434,0.8,648.7864855072464,
sarima_core,electricity,USA|Alabama,US,True,False,rolling,2024-12-01,2,2025-02-01,10453.48,10243.558036321143,764.6532945553681,9263.615409584874,11223.500663057412,0.8,648.7864855072464,
sarima_core,electricity,USA|Alabama,US,True,False,rolling,2024-12-01,3,2025-03-01,10399.45,10702.459353662509,781.5018403918608,9700.924446632333,11703.994260692685,0.8,648.7864855072464,
sarima_core,electricity,USA|Alabama,US,True,False,rolling,2024-12-01,4,2025-04-01,10242.19,10442.682695350637,787.4917007633892,9433.471473383936,11451.893917317338,0.8,648.7864855072464,
sarima_core,electricity,USA|Alabama,US,True,False,rolling,2024-12-01,5,2025-05-01,11299.5,11702.15768429165,790.6259555370495,10688.929753212948,12715.385615370351,0.8,648.7864855072464,
sarima_core,electricity,USA|Alabama,US,True,False,rolling,2024-12-01,6,2025-06-01,12377.33,12500.569422593135,792.84974084529,11484.491595971223,13516.647249215046,0.8,648.7864855072464,
sarima_core,electricity,USA|Alabama,US,True,False,rolling,2024-12-01,7,2025-07-01,13945.0,14026.826345881946,794.7415497606556,13008.324068582835,15045.328623181056,0.8,648.7864855072464,
sarima_core,electricity,USA|Alabama,US,True,False,rolling,2024-12-01,8,2025-08-01,12394.4,14034.1931440082,796.50218257715,13013.434524966762,15054.95176304964,0.8,648.7864855072464,
sarima_core,electricity,USA|Alabama,US,True,False,rolling,2024-12-01,9,2025-09-01,12051.63,11812.440103460884,798.2080173339564,10789.4953692163,12835.384837705467,0.8,648.7864855072464,
sarima_core,electricity,USA|Alabama,US,True,False,rolling,2024-12-01,10,2025-10-01,11040.76,10798.64018125338,799.8894540129706,9773.540599200442,11823.73976330632,0.8,648.7864855072464,
sarima_core,electricity,USA|Alabama,US,True,False,rolling,2024-12-01,11,2025-11-01,11510.35,11530.172359937842,801.5588467101127,10502.933365060373,12557.411354815311,0.8,648.7864855072464,
sarima_core,electricity,USA|Alabama,US,True,False,rolling,2024-12-01,12,2025-12-01,12765.81,12155.283597116942,803.2212668520573,11125.914125103971,13184.653069129914,0.8,648.7864855072464,
sarima_core,electricity,USA|Alaska,US,False,False,holdout,last12,1,2025-01-01,586.3,599.365401872788,35.267068259312325,554.168835332898,644.561968412678,0.8,30.92786231884058,
sarima_core,electricity,USA|Alaska,US,False,False,holdout,last12,2,2025-02-01,486.09,521.8753836160382,38.93410433329201,471.97932125463103,571.7714459774454,0.8,30.92786231884058,
sarima_core,electricity,USA|Alaska,US,False,False,holdout,last12,3,2025-03-01,461.08,554.5037066278617,39.70456359686796,503.62026099103036,605.387152264693,0.8,30.92786231884058,
sarima_core,electricity,USA|Alaska,US,False,False,holdout,last12,4,2025-04-01,478.15,490.27852228378777,39.88016913254801,439.1700290977874,541.3870154697881,0.8,30.92786231884058,
sarima_core,electricity,USA|Alaska,US,False,False,holdout,last12,5,2025-05-01,477.57,377.041805406343,39.92328769215309,325.8780535627767,428.20555724990925,0.8,30.92786231884058,
sarima_core,electricity,USA|Alaska,US,False,False,holdout,last12,6,2025-06-01,567.59,555.5630969149863,39.93507556062015,504.38423831013165,606.741955519841,0.8,30.92786231884058,
sarima_core,electricity,USA|Alaska,US,False,False,holdout,last12,7,2025-07-01,617.3,655.3391281281937,39.938777854159454,604.1555248432576,706.5227314131298,0.8,30.92786231884058,
sarima_core,electricity,USA|Alaska,US,False,False,holdout,last12,8,2025-08-01,591.46,628.3999011410607,39.94011537776448,577.2145837506547,679.5852185314667,0.8,30.92786231884058,
sarima_core,electricity,USA|Alaska,US,False,False,holdout,last12,9,2025-09-01,522.84,495.67333255557367,39.94065411325863,444.4873247478517,546.8593403632956,0.8,30.92786231884058,
sarima_core,electricity,USA|Alaska,US,False,False,holdout,last12,10,2025-10-01,483.49,452.9450790093129,39.94088645970284,401.7587734376416,504.1313845809842,0.8,30.92786231884058,
sarima_core,electricity,USA|Alaska,US,False,False,holdout,last12,11,2025-11-01,528.09,518.0785665283187,39.94099047368529,466.89212765736534,569.265005399272,0.8,30.92786231884058,
sarima_core,electricity,USA|Alaska,US,False,False,holdout,last12,12,2025-12-01,624.85,564.3359060831742,39.9410379195817,513.149406407858,615.5224057584904,0.8,30.92786231884058,
sarima_core,electricity,USA|Alaska,US,False,False,rolling,2022-12-01,1,2023-01-01,568.98,599.9338217192229,29.611316524952056,561.9853926688339,637.8822507696119,0.8,29.32059523809524,
sarima_core,electricity,USA|Alaska,US,False,False,rolling,2022-12-01,2,2023-02-01,481.04,542.9841908388865,33.84889914931817,499.60508114211655,586.3633005356565,0.8,29.32059523809524,
sarima_core,electricity,USA|Alaska,US,False,False,rolling,2022-12-01,3,2023-03-01,549.85,576.6431443444919,35.05974056983339,531.7122789296344,621.5740097593495,0.8,29.32059523809524,
sarima_core,electricity,USA|Alaska,US,False,False,rolling,2022-12-01,4,2023-04-01,479.65,510.79568186936314,35.434372049713936,465.3847068949624,556.2066568437639,0.8,29.32059523809524,
sarima_core,electricity,USA|Alaska,US,False,False,rolling,2022-12-01,5,2023-05-01,542.95,520.4188839135298,35.55604984665181,474.85197256797136,565.9857952590883,0.8,29.32059523809524,
sarima_core,electricity,USA|Alaska,US,False,False,rolling,2022-12-01,6,2023-06-01,572.99,571.7738132908768,35.597814444573714,526.1533784594671,617.3942481222864,0.8,29.32059523809524,
sarima_core,electricity,USA|Alaska,US,False,False,rolling,2022-12-01,7,2023-07-01,643.21,573.6864808049661,35.6132153120776,528.0463089676961,619.3266526422361,0.8,29.32059523809524,
sarima_core,electricity,USA|Alaska,US,False,False,rolling,2022-12-01,8,2023-08-01,637.03,546.3363493509233,35.61940128416866,500.68824987143563,591.984448830411,0.8,29.32059523809524,
sarima_core,electricity,USA|Alaska,US,False,False,rolling,2022-12-01,9,2023-09-01,504.12,498.1538354981886,35.62211323011703,452.5022605201251,543.8054104762521,0.8,29.32059523809524,
sarima_core,electricity,USA|Alaska,US,False,False,rolling,2022-12-01,10,2023-10-01,507.37,503.5520407267209,35.62339600553695,457.8988218058098,549.205259647632,0.8,29.32059523809524,
sarima_core,electricity,USA|Alaska,US,False,False,rolling,2022-12-01,11,2023-11-01,514.97,565.7605971787019,35.62403831171537,520.1065551093022,611.4146392481016,0.8,29.32059523809524,
sarima_core,electricity,USA|Alaska,US,False,False,rolling,2022-12-01,12,2023-12-01,558.31,616.2072289063174,35.624372403590684,570.5527586809519,661.8616991316828,0.8,29.32059523809524,
sarima_core,electricity,USA|Alaska,US,False,False,rolling,2023-12-01,1,2024-01-01,623.92,558.451692812301,30.115660504454517,519.8569209454076,597.0464646791943,0.8,30.02606060606061,
sarima_core,electricity,USA|Alaska,US,False,False,rolling,2023-12-01,2,2024-02-01,552.48,491.04152155955484,34.58420741812917,446.7200763997322,535.3629667193775,0.8,30.02606060606061,
sarima_core,electricity,USA|Alaska,US,False,False,rolling,2023-12-01,3,2024-03-01,561.01,555.6809271365951,35.90532899580396,509.6663965506286,601.6954577225616,0.8,30.02606060606061,
sarima_core,electricity,USA|Alaska,US,False,False,rolling,2023-12-01,4,2024-04-01,500.53,489.98681228939614,36.32796602066158,443.43065056256626,536.542974016226,0.8,30.02606060606061,
sarima_core,electricity,USA|Alaska,US,False,False,rolling,2023-12-01,5,2024-05-01,271.45,534.7148892258963,36.469443890663094,487.977416313276,581.4523621385165,0.8,30.02606060606061,
sarima_core,electricity,USA|Alaska,US,False,False,rolling,2023-12-01,6,2024-06-01,547.3,578.3663356253481,36.51919479061669,531.5651043690051,625.1675668816912,0.8,30.02606060606061,
sarima_core,electricity,USA|Alaska,US,False,False,rolling,2023-12-01,7,2024-07-01,666.44,619.6259111918695,36.53783974451646,572.8007854656666,666.4510369180723,0.8,30.02606060606061,
sarima_core,electricity,USA|Alaska,US,False,False,rolling,2023-12-01,8,2024-08-01,625.88,597.4120720965137,36.545391274373735,550.5772686954001,644.2468754976273,0.8,30.02606060606061,
sarima_core,electricity,USA|Alaska,US,False,False,rolling,2023-12-01,9,2024-09-01,493.27,500.5624931989982,36.54871353346314,453.7234321515474,547.401554246449,0.8,30.02606060606061,
sarima_core,electricity,USA|Alaska,US,False,False,rolling,2023-12-01,10,2024-10-01,420.39,498.58581382906937,36.550289734316834,451.74473279894687,545.4268948591919,0.8,30.02606060606061,
sarima_core,electricity,USA|Alaska,US,False,False,rolling,2023-12-01,11,2024-11-01,523.25,529.5659464739299,36.551083425053974,482.72384828820066,576.4080446596591,0.8,30.02606060606061,
sarima_core,electricity,USA|Alaska,US,False,False,rolling,2023-12-01,12,2024-12-01,571.42,572.9090130475854,36.55150012896217,526.0663808343103,619.7516452608605,0.8,30.02606060606061,
sarima_core,electricity,USA|Alaska,US,False,False,rolling,2024-12-01,1,2025-01-01,586.3,599.365401872788,35.267068259312325,554.168835332898,644.561968412678,0.8,30.92786231884058,
sarima_core,electricity,USA|Alaska,US,False,False,rolling,2024-12-01,2,2025-02-01,486.09,521.8753836160382,38.93410433329201,471.97932125463103,571.7714459774454,0.8,30.92786231884058,
sarima_core,electricity,USA|Alaska,US,False,False,rolling,2024-12-01,3,2025-03-01,461.08,554.5037066278617,39.70456359686796,503.62026099103036,605.387152264693,0.8,30.92786231884058,
sarima_core,electricity,USA|Alaska,US,False,False,rolling,2024-12-01,4,2025-04-01,478.15,490.27852228378777,39.88016913254801,439.1700290977874,541.3870154697881,0.8,30.92786231884058,
sarima_core,electricity,USA|Alaska,US,False,False,rolling,2024-12-01,5,2025-05-01,477.57,377.041805406343,39.92328769215309,325.8780535627767,428.20555724990925,0.8,30.92786231884058,
sarima_core,electricity,USA|Alaska,US,False,False,rolling,2024-12-01,6,2025-06-01,567.59,555.5630969149863,39.93507556062015,504.38423831013165,606.741955519841,0.8,30.92786231884058,
sarima_core,electricity,USA|Alaska,US,False,False,rolling,2024-12-01,7,2025-07-01,617.3,655.3391281281937,39.938777854159454,604.1555248432576,706.5227314131298,0.8,30.92786231884058,
sarima_core,electricity,USA|Alaska,US,False,False,rolling,2024-12-01,8,2025-08-01,591.46,628.3999011410607,39.94011537776448,577.2145837506547,679.5852185314667,0.8,30.92786231884058,
sarima_core,electricity,USA|Alaska,US,False,False,rolling,2024-12-01,9,2025-09-01,522.84,495.67333255557367,39.94065411325863,444.4873247478517,546.8593403632956,0.8,30.92786231884058,
sarima_core,electricity,USA|Alaska,US,False,False,rolling,2024-12-01,10,2025-10-01,483.49,452.9450790093129,39.94088645970284,401.7587734376416,504.1313845809842,0.8,30.92786231884058,
sarima_core,electricity,USA|Alaska,US,False,False,rolling,2024-12-01,11,2025-11-01,528.09,518.0785665283187,39.94099047368529,466.89212765736534,569.265005399272,0.8,30.92786231884058,
sarima_core,electricity,USA|Alaska,US,False,False,rolling,2024-12-01,12,2025-12-01,624.85,564.3359060831742,39.9410379195817,513.149406407858,615.5224057584904,0.8,30.92786231884058,
sarima_core,electricity,USA|Arizona,US,True,False,holdout,last12,1,2025-01-01,9857.97,9643.560203754523,512.0517262745515,8987.339512307557,10299.78089520149,0.8,542.966811594203,
sarima_core,electricity,USA|Arizona,US,True,False,holdout,last12,2,2025-02-01,8344.59,8592.586917506707,601.6599119638726,7821.52871540398,9363.645119609435,0.8,542.966811594203,
sarima_core,electricity,USA|Arizona,US,True,False,holdout,last12,3,2025-03-01,8234.84,8624.12292897491,634.9828065396936,7810.359719160061,9437.886138789758,0.8,542.966811594203,
sarima_core,electricity,USA|Arizona,US,True,False,holdout,last12,4,2025-04-01,7976.68,8543.625162946724,649.8062474597775,7710.864949213985,9376.385376679464,0.8,542.966811594203,
sarima_core,electricity,USA|Arizona,US,True,False,holdout,last12,5,2025-05-01,9772.43,9438.124378061631,657.5457573569786,8595.445583303586,10280.803172819677,0.8,542.966811594203,
sarima_core,electricity,USA|Arizona,US,True,False,holdout,last12,6,2025-06-01,11484.6,11131.021716964573,662.280692335913,10282.274858871522,11979.768575057624,0.8,542.966811594203,
sarima_core,electricity,USA|Arizona,US,True,False,holdout,last12,7,2025-07-01,13119.49,13295.384132581818,665.6264531841689,12442.349509435746,14148.41875572789,0.8,542.966811594203,
sarima_core,electricity,USA|Arizona,US,True,False,holdout,last12,8,2025-08-01,13771.1,13086.131241042665,668.2821143010859,12229.693251234654,13942.569230850677,0.8,542.966811594203,
sarima_core,electricity,USA|Arizona,US,True,False,holdout,last12,9,2025-09-01,12089.36,11438.143448278888,670.5753133054235,10578.766605696761,12297.520290861015,0.8,542.966811594203,
sarima_core,electricity,USA|Arizona,US,True,False,holdout,last12,10,2025-10-01,9876.54,10583.038966587466,672.6700820895654,9720.97756979057,11445.100363384363,0.8,542.966811594203,
sarima_core,electricity,USA|Arizona,US,True,False,holdout,last12,11,2025-11-01,8643.59,9241.580871714787,674.6526962127617,8376.978652684436,10106.183090745137,0.8,542.966811594203,
sarima_core,electricity,USA|Arizona,US,True,False,holdout,last12,12,2025-12-01,9369.16,9980.401420351187,676.5700958524603,9113.341954810807,10847.460885891567,0.8,542.966811594203,
sarima_core,electricity,USA|Arizona,US,True,False,rolling,2022-12-01,1,2023-01-01,8682.09,8526.3848278848,510.492528340685,7872.162328990974,9180.607326778627,0.8,540.4200396825397,
sarima_core,electricity,USA|Arizona,US,True,False,rolling,2022-12-01,2,2023-02-01,7881.53,7370.861883438,599.3576685689677,6602.754124962278,8138.969641913723,0.8,540.4200396825397,
sarima_core,electricity,USA|Arizona,US,True,False,rolling,2022-12-01,3,2023-03-01,8087.62,8164.056675970635,631.4561610964403,7354.813044144709,8973.300307796562,0.8,540.4200396825397,
sarima_core,electricity,USA|Arizona,US,True,False,rolling,2022-12-01,4,2023-04-01,8371.26,7975.048139017815,644.9233983979454,7148.545548144583,8801.550729891045,0.8,540.4200396825397,
sarima_core,electricity,USA|Arizona,US,True,False,rolling,2022-12-01,5,2023-05-01,8881.9,8760.320924422724,651.3683361523146,7925.558813480544,9595.083035364903,0.8,540.4200396825397,
sarima_core,electricity,USA|Arizona,US,True,False,rolling,2022-12-01,6,2023-06-01,9977.31,10429.578850211354,654.9187411940884,9590.26671212957,11268.890988293137,0.8,540.4200396825397,
sarima_core,electricity,USA|Arizona,US,True,False,rolling,2022-12-01,7,2023-07-01,12637.0,11527.670043088272,657.1764347834072,10685.464554252578,12369.875531923966,0.8,540.4200396825397,
sarima_core,electricity,USA|Arizona,US,True,False,rolling,2022-12-01,8,2023-08-01,12440.14,11442.503663694277,658.8125747908089,10598.201377070647,12286.805950317907,0.8,540.4200396825397,
sarima_core,electricity,USA|Arizona,US,True,False,rolling,2022-12-01,9,2023-09-01,10775.86,10435.865428611125,660.1304857265883,9589.874171164498,11281.856686057752,0.8,540.4200396825397,
sarima_core,electricity,USA|Arizona,US,True,False,rolling,2022-12-01,10,2023-10-01,9915.96,8754.97468582218,661.277308810521,7907.5137154569375,9602.435656187425,0.8,540.4200396825397,
sarima_core,electricity,USA|Arizona,US,True,False,rolling,2022-12-01,11,2023-11-01,8970.06,7697.788365221179,662.328804070548,6848.979849459286,8546.596880983074,0.8,540.4200396825397,
sarima_core,electricity,USA|Arizona,US,True,False,rolling,2022-12-01,12,2023-12-01,9302.92,8588.952933944513,663.3257810296911,7738.866740799817,9439.039127089209,0.8,540.4200396825397,
sarima_core,electricity,USA|Arizona,US,True,False,rolling,2023-12-01,1,2024-01-01,9387.9,8780.063516059949,513.9748552235412,8121.37823569766,9438.748796422236,0.8,544.2112878787879,
sarima_core,electricity,USA|Arizona,US,True,False,rolling,2023-12-01,2,2024-02-01,8290.58,7973.877587405883,603.5196585055875,7200.436024211104,8747.31915060066,0.8,544.2112878787879,
sarima_core,electricity,USA|Arizona,US,True,False,rolling,2023-12-01,3,2024-03-01,8271.34,8275.505246806179,635.6776350891321,7460.851578376012,9090.158915236345,0.8,544.2112878787879,
sarima_core,electricity,USA|Arizona,US,True,False,rolling,2023-12-01,4,2024-04-01,7952.66,8222.16955275915,648.9770266557911,7390.47202824594,9053.867077272358,0.8,544.2112878787879,
sarima_core,electricity,USA|Arizona,US,True,False,rolling,2023-12-01,5,2024-05-01,9180.39,8830.104627258977,655.1901413429791,7990.444675891495,9669.76457862646,0.8,544.2112878787879,
sarima_core,electricity,USA|Arizona,US,True,False,rolling,2023-12-01,6,2024-06-01,11363.51,10144.6922433367,658.5046655003268,9300.784558346333,10988.599928327067,0.8,544.2112878787879,
sarima_core,electricity,USA|Arizona,US,True,False,rolling,2023-12-01,7,2024-07-01,13144.93,12149.780636120166,660.5387156135652,11303.266211022781,12996.29506121755,0.8,544.2112878787879,
sarima_core,electricity,USA|Arizona,US,True,False,rolling,2023-12-01,8,2024-08-01,12931.39,12028.39581297467,661.9642035704624,11180.05455155446,12876.73707439488,0.8,544.2112878787879,
sarima_core,electricity,USA|Arizona,US,True,False,rolling,2023-12-01,9,2024-09-01,11299.5,10794.379823467378,663.0811876654133,9944.607089331594,11644.152557603162,0.8,544.2112878787879,
sarima_core,electricity,USA|Arizona,US,True,False,rolling,2023-12-01,10,2024-10-01,10450.03,9539.703642973785,664.0334798941881,8688.71049724136,10390.696788706211,0.8,544.2112878787879,
sarima_core,electricity,USA|Arizona,US,True,False,rolling,2023-12-01,11,2024-11-01,8796.14,8579.4152718486,664.89441487646,7727.318793541812,9431.511750155389,0.8,544.2112878787879,
sarima_core,electricity,USA|Arizona,US,True,False,rolling,2023-12-01,12,2024-12-01,9857.3,9230.621455658746,665.7032581420638,8377.488402998642,10083.754508318849,0.8,544.2112878787879,
sarima_core,electricity,USA|Arizona,US,True,False,rolling,2024-12-01,1,2025-01-01,9857.97,9643.560203754523,512.0517262745515,8987.339512307557,10299.78089520149,0.8,542.966811594203,
sarima_core,electricity,USA|Arizona,US,True,False,rolling,2024-12-01,2,2025-02-01,8344.59,8592.586917506707,601.6599119638726,7821.52871540398,9363.645119609435,0.8,542.966811594203,
sarima_core,electricity,USA|Arizona,US,True,False,rolling,2024-12-01,3,2025-03-01,8234.84,8624.12292897491,634.9828065396936,7810.359719160061,9437.886138789758,0.8,542.966811594203,
sarima_core,electricity,USA|Arizona,US,True,False,rolling,2024-12-01,4,2025-04-01,7976.68,8543.625162946724,649.8062474597775,7710.864949213985,9376.385376679464,0.8,542.966811594203,
sarima_core,electricity,USA|Arizona,US,True,False,rolling,2024-12-01,5,2025-05-01,9772.43,9438.124378061631,657.5457573569786,8595.445583303586,10280.803172819677,0.8,542.966811594203,
sarima_core,electricity,USA|Arizona,US,True,False,rolling,2024-12-01,6,2025-06-01,11484.6,11131.021716964573,662.280692335913,10282.274858871522,11979.768575057624,0.8,542.966811594203,
sarima_core,electricity,USA|Arizona,US,True,False,rolling,2024-12-01,7,2025-07-01,13119.49,13295.384132581818,665.6264531841689,12442.349509435746,14148.41875572789,0.8,542.966811594203,
sarima_core,electricity,USA|Arizona,US,True,False,rolling,2024-12-01,8,2025-08-01,13771.1,13086.131241042665,668.2821143010859,12229.693251234654,13942.569230850677,0.8,542.966811594203,
sarima_core,electricity,USA|Arizona,US,True,False,rolling,2024-12-01,9,2025-09-01,12089.36,11438.143448278888,670.5753133054235,10578.766605696761,12297.520290861015,0.8,542.966811594203,
sarima_core,electricity,USA|Arizona,US,True,False,rolling,2024-12-01,10,2025-10-01,9876.54,10583.038966587466,672.6700820895654,9720.97756979057,11445.100363384363,0.8,542.966811594203,
sarima_core,electricity,USA|Arizona,US,True,False,rolling,2024-12-01,11,2025-11-01,8643.59,9241.580871714787,674.6526962127617,8376.978652684436,10106.183090745137,0.8,542.966811594203,
sarima_core,electricity,USA|Arizona,US,True,False,rolling,2024-12-01,12,2025-12-01,9369.16,9980.401420351187,676.5700958524603,9113.341954810807,10847.460885891567,0.8,542.966811594203,
sarima_core,electricity,USA|Arkansas,US,True,False,holdout,last12,1,2025-01-01,6010.79,5631.483634830382,463.91609472755624,5036.951237350945,6226.016032309818,0.8,471.990579710145,
sarima_core,electricity,USA|Arkansas,US,True,False,holdout,last12,2,2025-02-01,4790.01,3969.046451904258,537.733514039326,3279.9132251413603,4658.179678667156,0.8,471.990579710145,
sarima_core,electricity,USA|Arkansas,US,True,False,holdout,last12,3,2025-03-01,4558.38,4476.430081486042,561.2240606818222,3757.192507897955,5195.667655074129,0.8,471.990579710145,
sarima_core,electricity,USA|Arkansas,US,True,False,holdout,last12,4,2025-04-01,4000.74,3616.011480167394,569.4103716953805,2886.2827268838464,4345.740233450942,0.8,471.990579710145,
sarima_core,electricity,USA|Arkansas,US,True,False,holdout,last12,5,2025-05-01,5070.82,4801.397122782616,572.4426640550159,4067.7823304783888,5535.011915086843,0.8,471.990579710145,
sarima_core,electricity,USA|Arkansas,US,True,False,holdout,last12,6,2025-06-01,6200.04,5921.751856766757,573.6483436023025,5186.591923951159,6656.911789582355,0.8,471.990579710145,
sarima_core,electricity,USA|Arkansas,US,True,False,holdout,last12,7,2025-07-01,7671.86,6680.366928420318,574.175127974368,5944.531894267995,7416.201962572641,0.8,471.990579710145,
sarima_core,electricity,USA|Arkansas,US,True,False,holdout,last12,8,2025-08-01,7065.7,6675.927488688169,574.4347094573985,5939.759787479883,7412.095189896456,0.8,471.990579710145,
sarima_core,electricity,USA|Arkansas,US,True,False,holdout,last12,9,2025-09-01,5895.66,5352.181588706478,574.5816546041539,4615.825569715317,6088.537607697638,0.8,471.990579710145,
sarima_core,electricity,USA|Arkansas,US,True,False,holdout,last12,10,2025-10-01,5114.02,4585.753115801383,574.6774734960139,3849.27429995935,5322.231931643415,0.8,471.990579710145,
sarima_core,electricity,USA|Arkansas,US,True,False,holdout,last12,11,2025-11-01,5252.74,4277.842662926597,574.7484106740476,3541.272937433,5014.412388420194,0.8,471.990579710145,
sarima_core,electricity,USA|Arkansas,US,True,False,holdout,last12,12,2025-12-01,5554.66,4706.71581453678,574.8065216594787,3970.071616818829,5443.360012254731,0.8,471.990579710145,
sarima_core,electricity,USA|Arkansas,US,True,False,rolling,2022-12-01,1,2023-01-01,5607.2,6234.767830778698,474.2146767634574,5627.037269368263,6842.4983921891335,0.8,479.7086904761905,
sarima_core,electricity,USA|Arkansas,US,True,False,rolling,2022-12-01,2,2023-02-01,4207.6,5194.929352599652,548.7904482669384,4491.626094467234,5898.23261073207,0.8,479.7086904761905,
sarima_core,electricity,USA|Arkansas,US,True,False,rolling,2022-12-01,3,2023-03-01,4525.94,5432.033263408136,577.8426357157782,4691.498128968162,6172.56839784811,0.8,479.7086904761905,
sarima_core,electricity,USA|Arkansas,US,True,False,rolling,2022-12-01,4,2023-04-01,3463.83,4624.488777250499,593.4161819182976,3863.9953402936053,5384.982214207393,0.8,479.7086904761905,
sarima_core,electricity,USA|Arkansas,US,True,False,rolling,2022-12-01,5,2023-05-01,5111.21,5045.721262485431,604.0769821857339,4271.565460255846,5819.877064715016,0.8,479.7086904761905,
sarima_core,electricity,USA|Arkansas,US,True,False,rolling,2022-12-01,6,2023-06-01,5652.19,6362.5743273628295,612.6890487941232,5577.381717688689,7147.76693703697,0.8,479.7086904761905,
sarima_core,electricity,USA|Arkansas,US,True,False,rolling,2022-12-01,7,2023-07-01,6805.87,7489.6616855859465,620.3598581407498,6694.638538184642,8284.68483298725,0.8,479.7086904761905,
sarima_core,electricity,USA|Arkansas,US,True,False,rolling,2022-12-01,8,2023-08-01,6794.97,7377.650696503222,627.5606707302736,6573.39933645462,8181.902056551824,0.8,479.7086904761905,
sarima_core,electricity,USA|Arkansas,US,True,False,rolling,2022-12-01,9,2023-09-01,5643.58,6272.005558935963,634.5040473319297,5458.855903733343,7085.155214138582,0.8,479.7086904761905,
sarima_core,electricity,USA|Arkansas,US,True,False,rolling,2022-12-01,10,2023-10-01,4765.28,5077.442452717698,641.2893505409994,4255.5970815648,5899.287823870596,0.8,479.7086904761905,
sarima_core,electricity,USA|Arkansas,US,True,False,rolling,2022-12-01,11,2023-11-01,4391.38,4635.1975097895,647.9642953944191,3804.7978526097786,5465.597166969222,0.8,479.7086904761905,
sarima_core,electricity,USA|Arkansas,US,True,False,rolling,2022-12-01,12,2023-12-01,4870.02,5373.429020172598,654.5524880684493,4534.586254357364,6212.271785987832,0.8,479.7086904761905,
sarima_core,electricity,USA|Arkansas,US,True,False,rolling,2023-12-01,1,2024-01-01,6076.66,5881.445289697465,466.5827740583923,5283.49540514679,6479.39517424814,0.8,478.054393939394,
sarima_core,electricity,USA|Arkansas,US,True,False,rolling,2023-12-01,2,2024-02-01,4010.57,4575.390528817541,540.951852980477,3882.132834746158,5268.648222888924,0.8,478.054393939394,
sarima_core,electricity,USA|Arkansas,US,True,False,rolling,2023-12-01,3,2024-03-01,4534.59,4918.577998973552,564.4940706273014,4195.1497390204895,5642.0062589266145,0.8,478.054393939394,
sarima_core,electricity,USA|Arkansas,US,True,False,rolling,2023-12-01,4,2024-04-01,3751.45,3931.888376193869,572.5622999298364,3198.1202643469705,4665.656488040768,0.8,478.054393939394,
sarima_core,electricity,USA|Arkansas,US,True,False,rolling,2023-12-01,5,2024-05-01,4556.78,5059.990062459494,575.4463944816742,4322.525834724509,5797.454290194479,0.8,478.054393939394,
sarima_core,electricity,USA|Arkansas,US,True,False,rolling,2023-12-01,6,2024-06-01,6078.6,5828.352645944953,576.521240894936,5089.510947106332,6567.194344783574,0.8,478.054393939394,
sarima_core,electricity,USA|Arkansas,US,True,False,rolling,2023-12-01,7,2024-07-01,6533.51,7110.8556993984375,576.9432371766952,6371.473190564274,7850.238208232601,0.8,478.054393939394,
sarima_core,electricity,USA|Arkansas,US,True,False,rolling,2023-12-01,8,2024-08-01,6525.84,7013.616933606798,577.1199256008525,6274.007989446042,7753.225877767553,0.8,478.054393939394,
sarima_core,electricity,USA|Arkansas,US,True,False,rolling,2023-12-01,9,2024-09-01,5070.98,5876.440023787045,577.1994034060073,5136.729224720667,6616.150822853423,0.8,478.054393939394,
sarima_core,electricity,USA|Arkansas,US,True,False,rolling,2023-12-01,10,2024-10-01,4383.98,4772.89148521899,577.2377462398686,4033.1315478338497,5512.651422604131,0.8,478.054393939394,
sarima_core,electricity,USA|Arkansas,US,True,False,rolling,2023-12-01,11,2024-11-01,4122.95,4480.172412293797,577.2573837162615,3740.3873084700417,5219.957516117552,0.8,478.054393939394,
sarima_core,electricity,USA|Arkansas,US,True,False,rolling,2023-12-01,12,2024-12-01,4514.4,5062.3446819281735,577.2679085513896,4322.5460899854825,5802.1432738708645,0.8,478.054393939394,
sarima_core,electricity,USA|Arkansas,US,True,False,rolling,2024-12-01,1,2025-01-01,6010.79,5631.483634830382,463.91609472755624,5036.951237350945,6226.016032309818,0.8,471.990579710145,
sarima_core,electricity,USA|Arkansas,US,True,False,rolling,2024-12-01,2,2025-02-01,4790.01,3969.046451904258,537.733514039326,3279.9132251413603,4658.179678667156,0.8,471.990579710145,
sarima_core,electricity,USA|Arkansas,US,True,False,rolling,2024-12-01,3,2025-03-01,4558.38,4476.430081486042,561.2240606818222,3757.192507897955,5195.667655074129,0.8,471.990579710145,
sarima_core,electricity,USA|Arkansas,US,True,False,rolling,2024-12-01,4,2025-04-01,4000.74,3616.011480167394,569.4103716953805,2886.2827268838464,4345.740233450942,0.8,471.990579710145,
sarima_core,electricity,USA|Arkansas,US,True,False,rolling,2024-12-01,5,2025-05-01,5070.82,4801.397122782616,572.4426640550159,4067.7823304783888,5535.011915086843,0.8,471.990579710145,
sarima_core,electricity,USA|Arkansas,US,True,False,rolling,2024-12-01,6,2025-06-01,6200.04,5921.751856766757,573.6483436023025,5186.591923951159,6656.911789582355,0.8,471.990579710145,
sarima_core,electricity,USA|Arkansas,US,True,False,rolling,2024-12-01,7,2025-07-01,7671.86,6680.366928420318,574.175127974368,5944.531894267995,7416.201962572641,0.8,471.990579710145,
sarima_core,electricity,USA|Arkansas,US,True,False,rolling,2024-12-01,8,2025-08-01,7065.7,6675.927488688169,574.4347094573985,5939.759787479883,7412.095189896456,0.8,471.990579710145,
sarima_core,electricity,USA|Arkansas,US,True,False,rolling,2024-12-01,9,2025-09-01,5895.66,5352.181588706478,574.5816546041539,4615.825569715317,6088.537607697638,0.8,471.990579710145,
sarima_core,electricity,USA|Arkansas,US,True,False,rolling,2024-12-01,10,2025-10-01,5114.02,4585.753115801383,574.6774734960139,3849.27429995935,5322.231931643415,0.8,471.990579710145,
sarima_core,electricity,USA|Arkansas,US,True,False,rolling,2024-12-01,11,2025-11-01,5252.74,4277.842662926597,574.7484106740476,3541.272937433,5014.412388420194,0.8,471.990579710145,
sarima_core,electricity,USA|Arkansas,US,True,False,rolling,2024-12-01,12,2025-12-01,5554.66,4706.71581453678,574.8065216594787,3970.071616818829,5443.360012254731,0.8,471.990579710145,
sarima_core,electricity,USA|California,US,True,False,holdout,last12,1,2025-01-01,18152.51,19155.084171197006,959.0671447768008,17925.990170345907,20384.178172048105,0.8,951.2784782608695,
sarima_core,electricity,USA|California,US,True,False,holdout,last12,2,2025-02-01,17104.45,17900.713263548627,1048.5177888144003,16556.983649792168,19244.442877305086,0.8,951.2784782608695,
sarima_core,electricity,USA|California,US,True,False,holdout,last12,3,2025-03-01,18260.71,19551.560518021488,1070.954753430555,18179.076777135127,20924.04425890785,0.8,951.2784782608695,
sarima_core,electricity,USA|California,US,True,False,holdout,last12,4,2025-04-01,18940.17,19731.807712712754,1079.940949122783,18347.80769866873,21115.80772675678,0.8,951.2784782608695,
sarima_core,electricity,USA|California,US,True,False,holdout,last12,5,2025-05-01,20793.93,20192.6942293283,1085.3929391984034,18801.70720886753,21583.681249789068,0.8,951.2784782608695,
sarima_core,electricity,USA|California,US,True,False,holdout,last12,6,2025-06-01,22186.69,21909.957488081443,1089.7169855238396,20513.428979282824,23306.485996880063,0.8,951.2784782608695,
sarima_core,electricity,USA|California,US,True,False,holdout,last12,7,2025-07-01,24519.92,28063.0603783069,1093.635480921345,26661.510115597026,29464.61064101677,0.8,951.2784782608695,
sarima_core,electricity,USA|California,US,True,False,holdout,last12,8,2025-08-01,25604.32,26541.210866470687,1097.3960830186084,25134.841198255675,27947.580534685698,0.8,951.2784782608695,
sarima_core,electricity,USA|California,US,True,False,holdout,last12,9,2025-09-01,22596.48,22546.631812168052,1101.0894452049347,21135.528909861034,23957.73471447507,0.8,951.2784782608695,
sarima_core,electricity,USA|California,US,True,False,holdout,last12,10,2025-10-01,19054.19,21539.82001004376,1104.749731686912,20124.026261865423,22955.613758222098,0.8,951.2784782608695,
sarima_core,electricity,USA|California,US,True,False,holdout,last12,11,2025-11-01,17614.23,18499.648160474164,1108.3900071402136,17079.189211589633,19920.107109358694,0.8,951.2784782608695,
sarima_core,electricity,USA|California,US,True,False,holdout,last12,12,2025-12-01,16498.03,19056.637455781576,1112.0153333386966,17631.53246443177,20481.742447131383,0.8,951.2784782608695,
sarima_core,electricity,USA|California,US,True,False,rolling,2022-12-01,1,2023-01-01,18495.65,16305.009834482265,924.0648046974934,15120.773137357528,17489.246531607005,0.8,913.045119047619,
sarima_core,electricity,USA|California,US,True,False,rolling,2022-12-01,2,2023-02-01,16800.39,15196.550790738334,1004.5159545951915,13909.211796512338,16483.889784964333,0.8,913.045119047619,
sarima_core,electricity,USA|California,US,True,False,rolling,2022-12-01,3,2023-03-01,19295.38,17140.172492193673,1023.2429157172802,15828.83393162377,18451.511052763573,0.8,913.045119047619,
sarima_core,electricity,USA|California,US,True,False,rolling,2022-12-01,4,2023-04-01,19689.02,17909.247719148352,1030.2728332886093,16588.899956709265,19229.59548158744,0.8,913.045119047619,
sarima_core,electricity,USA|California,US,True,False,rolling,2022-12-01,5,2023-05-01,18826.76,19552.369107313556,1034.3812158074668,18226.75624082557,20877.981973801543,0.8,913.045119047619,
sarima_core,electricity,USA|California,US,True,False,rolling,2022-12-01,6,2023-06-01,20059.69,21582.891821730736,1037.5924450916673,20253.16359932626,22912.620044135212,0.8,913.045119047619,
sarima_core,electricity,USA|California,US,True,False,rolling,2022-12-01,7,2023-07-01,26876.45,24545.08806670618,1040.4914059852701,23211.644676430053,25878.531456982306,0.8,913.045119047619,
sarima_core,electricity,USA|California,US,True,False,rolling,2022-12-01,8,2023-08-01,25892.25,24620.70273955767,1043.2729618538156,23283.69464200356,25957.71083711178,0.8,913.045119047619,
sarima_core,electricity,USA|California,US,True,False,rolling,2022-12-01,9,2023-09-01,21086.97,22080.270284993054,1046.006719330601,20739.75873626475,23420.781833721358,0.8,913.045119047619,
sarima_core,electricity,USA|California,US,True,False,rolling,2022-12-01,10,2023-10-01,20741.1,19399.635087055212,1048.718298753539,18055.648509472343,20743.62166463808,0.8,913.045119047619,
sarima_core,electricity,USA|California,US,True,False,rolling,2022-12-01,11,2023-11-01,18235.3,17048.113994723088,1051.4172596863705,15700.668559531407,18395.55942991477,0.8,913.045119047619,
sarima_core,electricity,USA|California,US,True,False,rolling,2022-12-01,12,2023-12-01,19129.81,17854.716938008805,1054.1072052051156,16503.824198926348,19205.609677091263,0.8,913.045119047619,
sarima_core,electricity,USA|California,US,True,False,rolling,2023-12-01,1,2024-01-01,19570.39,18705.74304221794,957.8386234053952,17478.22345485367,19933.26262958221,0.8,949.9140151515151,
sarima_core,electricity,USA|California,US,True,False,rolling,2023-12-01,2,2024-02-01,17812.52,17270.71430655317,1040.553431789312,15937.191427010772,18604.23718609557,0.8,949.9140151515151,
sarima_core,electricity,USA|California,US,True,False,rolling,2023-12-01,3,2024-03-01,18481.01,19559.958693205437,1062.149588954759,18198.759224637914,20921.15816177296,0.8,949.9140151515151,
sarima_core,electricity,USA|California,US,True,False,rolling,2023-12-01,4,2024-04-01,18370.15,20015.880158835556,1072.0281198029782,18642.020843594215,21389.739474076898,0.8,949.9140151515151,
sarima_core,electricity,USA|California,US,True,False,rolling,2023-12-01,5,2024-05-01,19812.83,20222.818983655474,1078.8766149662351,18840.182968716035,21605.454998594912,0.8,949.9140151515151,
sarima_core,electricity,USA|California,US,True,False,rolling,2023-12-01,6,2024-06-01,21888.6,21732.84065908905,1084.7788506315194,20342.640624792555,23123.04069338555,0.8,949.9140151515151,
sarima_core,electricity,USA|California,US,True,False,rolling,2023-12-01,7,2024-07-01,27518.07,26674.85035605375,1090.3489498972635,25277.511952323002,28072.188759784498,0.8,949.9140151515151,
sarima_core,electricity,USA|California,US,True,False,rolling,2023-12-01,8,2024-08-01,25575.03,26704.281548733383,1095.7877608201518,25299.973028349705,28108.59006911706,0.8,949.9140151515151,
sarima_core,electricity,USA|California,US,True,False,rolling,2023-12-01,9,2024-09-01,22210.39,23022.858510661918,1101.1639734440175,21611.660096573425,24434.05692475041,0.8,949.9140151515151,
sarima_core,electricity,USA|California,US,True,False,rolling,2023-12-01,10,2024-10-01,20688.75,21510.618580028353,1106.501611606467,20092.57970739646,22928.657452660245,0.8,949.9140151515151,
sarima_core,electricity,USA|California,US,True,False,rolling,2023-12-01,11,2024-11-01,17232.51,18993.9443040677,1111.8092786574343,17569.103382417252,20418.785225718148,0.8,949.9140151515151,
sarima_core,electricity,USA|California,US,True,False,rolling,2023-12-01,12,2024-12-01,17526.74,20086.629876088635,1117.0902098352017,18655.021168819785,21518.238583357484,0.8,949.9140151515151,
sarima_core,electricity,USA|California,US,True,False,rolling,2024-12-01,1,2025-01-01,18152.51,19155.084171197006,959.0671447768008,17925.990170345907,20384.178172048105,0.8,951.2784782608695,
sarima_core,electricity,USA|California,US,True,False,rolling,2024-12-01,2,2025-02-01,17104.45,17900.713263548627,1048.5177888144003,16556.983649792168,19244.442877305086,0.8,951.2784782608695,
sarima_core,electricity,USA|California,US,True,False,rolling,2024-12-01,3,2025-03-01,18260.71,19551.560518021488,1070.954753430555,18179.076777135127,20924.04425890785,0.8,951.2784782608695,
sarima_core,electricity,USA|California,US,True,False,rolling,2024-12-01,4,2025-04-01,18940.17,19731.807712712754,1079.940949122783,18347.80769866873,21115.80772675678,0.8,951.2784782608695,
sarima_core,electricity,USA|California,US,True,False,rolling,2024-12-01,5,2025-05-01,20793.93,20192.6942293283,1085.3929391984034,18801.70720886753,21583.681249789068,0.8,951.2784782608695,
sarima_core,electricity,USA|California,US,True,False,rolling,2024-12-01,6,2025-06-01,22186.69,21909.957488081443,1089.7169855238396,20513.428979282824,23306.485996880063,0.8,951.2784782608695,
sarima_core,electricity,USA|California,US,True,False,rolling,2024-12-01,7,2025-07-01,24519.92,28063.0603783069,1093.635480921345,26661.510115597026,29464.61064101677,0.8,951.2784782608695,
sarima_core,electricity,USA|California,US,True,False,rolling,2024-12-01,8,2025-08-01,25604.32,26541.210866470687,1097.3960830186084,25134.841198255675,27947.580534685698,0.8,951.2784782608695,
sarima_core,electricity,USA|California,US,True,False,rolling,2024-12-01,9,2025-09-01,22596.48,22546.631812168052,1101.0894452049347,21135.528909861034,23957.73471447507,0.8,951.2784782608695,
sarima_core,electricity,USA|California,US,True,False,rolling,2024-12-01,10,2025-10-01,19054.19,21539.82001004376,1104.749731686912,20124.026261865423,22955.613758222098,0.8,951.2784782608695,
sarima_core,electricity,USA|California,US,True,False,rolling,2024-12-01,11,2025-11-01,17614.23,18499.648160474164,1108.3900071402136,17079.189211589633,19920.107109358694,0.8,951.2784782608695,
sarima_core,electricity,USA|California,US,True,False,rolling,2024-12-01,12,2025-12-01,16498.03,19056.637455781576,1112.0153333386966,17631.53246443177,20481.742447131383,0.8,951.2784782608695,
sarima_core,electricity,USA|Colorado,US,True,False,holdout,last12,1,2025-01-01,5418.74,5101.569560813093,198.41934168771672,4847.28494283887,5355.8541787873155,0.8,198.18322463768112,
sarima_core,electricity,USA|Colorado,US,True,False,holdout,last12,2,2025-02-01,4627.92,4725.586580690322,223.6692428391322,4438.942912365656,5012.230249014988,0.8,198.18322463768112,
sarima_core,electricity,USA|Colorado,US,True,False,holdout,last12,3,2025-03-01,4527.69,4949.220121832324,230.10947373424105,4654.322965521564,5244.117278143085,0.8,198.18322463768112,
sarima_core,electricity,USA|Colorado,US,True,False,holdout,last12,4,2025-04-01,4682.37,4321.952888923008,231.885212193251,4024.780032210105,4619.125745635911,0.8,198.18322463768112,
sarima_core,electricity,USA|Colorado,US,True,False,holdout,last12,5,2025-05-01,4727.7,4452.835781915416,232.40182801429626,4155.000855388268,4750.670708442564,0.8,198.18322463768112,
sarima_core,electricity,USA|Colorado,US,True,False,holdout,last12,6,2025-06-01,5179.42,5137.028317842673,232.5627511046852,4838.987160077104,5435.069475608241,0.8,198.18322463768112,
sarima_core,electricity,USA|Colorado,US,True,False,holdout,last12,7,2025-07-01,5783.35,5920.4853802292455,232.6176864638451,5622.373819968142,6218.596940490349,0.8,198.18322463768112,
sarima_core,electricity,USA|Colorado,US,True,False,holdout,last12,8,2025-08-01,5640.97,5751.909312320008,232.63854824093983,5453.771016615809,6050.047608024208,0.8,198.18322463768112,
sarima_core,electricity,USA|Colorado,US,True,False,holdout,last12,9,2025-09-01,4632.58,4985.713012389078,232.64731983172715,4687.563475438973,5283.862549339184,0.8,198.18322463768112,
sarima_core,electricity,USA|Colorado,US,True,False,holdout,last12,10,2025-10-01,4460.1,4751.870216422817,232.6513160302619,4453.715558138223,5050.024874707411,0.8,198.18322463768112,
sarima_core,electricity,USA|Colorado,US,True,False,holdout,last12,11,2025-11-01,4424.68,4850.436506754257,232.65323761057522,4552.279385865404,5148.593627643109,0.8,198.18322463768112,
sarima_core,electricity,USA|Colorado,US,True,False,holdout,last12,12,2025-12-01,4793.87,5151.558179361991,232.6541921555133,4853.399835174579,5449.716523549404,0.8,198.18322463768112,
sarima_core,electricity,USA|Colorado,US,True,False,rolling,2022-12-01,1,2023-01-01,5229.02,5273.370290188645,190.7861290196988,5028.8680278592565,5517.872552518034,0.8,195.50396825396825,
sarima_core,electricity,USA|Colorado,US,True,False,rolling,2022-12-01,2,2023-02-01,4493.73,4749.605318772829,216.8478258800039,4471.703648031367,5027.5069895142915,0.8,195.50396825396825,
sarima_core,electricity,USA|Colorado,US,True,False,rolling,2022-12-01,3,2023-03-01,4904.8,4867.317388200971,223.97034311244,4580.287844349663,5154.34693205228,0.8,195.50396825396825,
sarima_core,electricity,USA|Colorado,US,True,False,rolling,2022-12-01,4,2023-04-01,4342.03,4512.74356758952,226.07804168397766,4223.012899334161,4802.474235844879,0.8,195.50396825396825,
sarima_core,electricity,USA|Colorado,US,True,False,rolling,2022-12-01,5,2023-05-01,4203.73,4554.772576434621,226.73469795664326,4264.200369305003,4845.34478356424,0.8,195.50396825396825,
sarima_core,electricity,USA|Colorado,US,True,False,rolling,2022-12-01,6,2023-06-01,4564.4,5235.784759265737,226.95224468154154,4944.933754790247,5526.6357637412275,0.8,195.50396825396825,
sarima_core,electricity,USA|Colorado,US,True,False,rolling,2022-12-01,7,2023-07-01,5774.94,5935.892979487784,227.03035675146694,5644.9418703667925,6226.844088608776,0.8,195.50396825396825,
sarima_core,electricity,USA|Colorado,US,True,False,rolling,2022-12-01,8,2023-08-01,5698.1,5824.755115951196,227.0611762746738,5533.764510021989,6115.745721880403,0.8,195.50396825396825,
sarima_core,electricity,USA|Colorado,US,True,False,rolling,2022-12-01,9,2023-09-01,4803.4,4914.591100754529,227.07452237256982,4623.58339111267,5205.598810396388,0.8,195.50396825396825,
sarima_core,electricity,USA|Colorado,US,True,False,rolling,2022-12-01,10,2023-10-01,4721.21,4356.815471533379,227.08076461322906,4065.799762138231,4647.831180928528,0.8,195.50396825396825,
sarima_core,electricity,USA|Colorado,US,True,False,rolling,2022-12-01,11,2023-11-01,4789.95,4729.9618573867865,227.0838489086607,4438.942195307999,5020.981519465574,0.8,195.50396825396825,
sarima_core,electricity,USA|Colorado,US,True,False,rolling,2022-12-01,12,2023-12-01,5323.31,5358.160984527992,227.08542711910667,5067.139299891136,5649.1826691648475,0.8,195.50396825396825,
sarima_core,electricity,USA|Colorado,US,True,False,rolling,2023-12-01,1,2024-01-01,5388.55,5188.8892507913415,193.1614888656753,4941.3428423326095,5436.4356592500735,0.8,195.87503787878785,
sarima_core,electricity,USA|Colorado,US,True,False,rolling,2023-12-01,2,2024-02-01,5032.26,4556.001249375329,218.59300598640746,4275.863040336349,4836.13945841431,0.8,195.87503787878785,
sarima_core,electricity,USA|Colorado,US,True,False,rolling,2023-12-01,3,2024-03-01,4988.76,4902.24183994922,225.2984305851284,4613.510283518107,5190.973396380333,0.8,195.87503787878785,
sarima_core,electricity,USA|Colorado,US,True,False,rolling,2023-12-01,4,2024-04-01,4247.53,4447.849790367423,227.2111819929016,4156.666944375182,4739.032636359665,0.8,195.87503787878785,
sarima_core,electricity,USA|Colorado,US,True,False,rolling,2023-12-01,5,2024-05-01,4544.41,4423.426624296605,227.78626953884387,4131.506773959535,4715.346474633675,0.8,195.87503787878785,
sarima_core,electricity,USA|Colorado,US,True,False,rolling,2023-12-01,6,2024-06-01,5451.48,4876.135229351712,227.97077756196953,4583.97892246875,5168.291536234674,0.8,195.87503787878785,
sarima_core,electricity,USA|Colorado,US,True,False,rolling,2023-12-01,7,2024-07-01,5908.36,5902.577596224241,228.03530101975812,5610.338599202935,6194.816593245546,0.8,195.87503787878785,
sarima_core,electricity,USA|Colorado,US,True,False,rolling,2023-12-01,8,2024-08-01,5666.89,5815.399934556729,228.06025310362753,5523.128960153277,6107.670908960181,0.8,195.87503787878785,
sarima_core,electricity,USA|Colorado,US,True,False,rolling,2023-12-01,9,2024-09-01,4993.79,4895.95336259237,228.07089265189785,4603.668753059175,5188.237972125564,0.8,195.87503787878785,
sarima_core,electricity,USA|Colorado,US,True,False,rolling,2023-12-01,10,2024-10-01,4645.96,4597.487932912393,228.0758014191621,4305.1970325408265,4889.77883328396,0.8,195.87503787878785,
sarima_core,electricity,USA|Colorado,US,True,False,rolling,2023-12-01,11,2024-11-01,4766.05,4884.073640831399,228.07819303552228,4591.779675480142,5176.367606182655,0.8,195.87503787878785,
sarima_core,electricity,USA|Colorado,US,True,False,rolling,2023-12-01,12,2024-12-01,4894.2,5458.445813143864,228.079398244436,5166.150303255236,5750.741323032492,0.8,195.87503787878785,
sarima_core,electricity,USA|Colorado,US,True,False,rolling,2024-12-01,1,2025-01-01,5418.74,5101.569560813093,198.41934168771672,4847.28494283887,5355.8541787873155,0.8,198.18322463768112,
sarima_core,electricity,USA|Colorado,US,True,False,rolling,2024-12-01,2,2025-02-01,4627.92,4725.586580690322,223.6692428391322,4438.942912365656,5012.230249014988,0.8,198.18322463768112,
sarima_core,electricity,USA|Colorado,US,True,False,rolling,2024-12-01,3,2025-03-01,4527.69,4949.220121832324,230.10947373424105,4654.322965521564,5244.117278143085,0.8,198.18322463768112,
sarima_core,electricity,USA|Colorado,US,True,False,rolling,2024-12-01,4,2025-04-01,4682.37,4321.952888923008,231.885212193251,4024.780032210105,4619.125745635911,0.8,198.18322463768112,
sarima_core,electricity,USA|Colorado,US,True,False,rolling,2024-12-01,5,2025-05-01,4727.7,4452.835781915416,232.40182801429626,4155.000855388268,4750.670708442564,0.8,198.18322463768112,
sarima_core,electricity,USA|Colorado,US,True,False,rolling,2024-12-01,6,2025-06-01,5179.42,5137.028317842673,232.5627511046852,4838.987160077104,5435.069475608241,0.8,198.18322463768112,
sarima_core,electricity,USA|Colorado,US,True,False,rolling,2024-12-01,7,2025-07-01,5783.35,5920.4853802292455,232.6176864638451,5622.373819968142,6218.596940490349,0.8,198.18322463768112,
sarima_core,electricity,USA|Colorado,US,True,False,rolling,2024-12-01,8,2025-08-01,5640.97,5751.909312320008,232.63854824093983,5453.771016615809,6050.047608024208,0.8,198.18322463768112,
sarima_core,electricity,USA|Colorado,US,True,False,rolling,2024-12-01,9,2025-09-01,4632.58,4985.713012389078,232.64731983172715,4687.563475438973,5283.862549339184,0.8,198.18322463768112,
sarima_core,electricity,USA|Colorado,US,True,False,rolling,2024-12-01,10,2025-10-01,4460.1,4751.870216422817,232.6513160302619,4453.715558138223,5050.024874707411,0.8,198.18322463768112,
sarima_core,electricity,USA|Colorado,US,True,False,rolling,2024-12-01,11,2025-11-01,4424.68,4850.436506754257,232.65323761057522,4552.279385865404,5148.593627643109,0.8,198.18322463768112,
sarima_core,electricity,USA|Colorado,US,True,False,rolling,2024-12-01,12,2025-12-01,4793.87,5151.558179361991,232.6541921555133,4853.399835174579,5449.716523549404,0.8,198.18322463768112,
sarima_core,electricity,USA|Connecticut,US,False,False,holdout,last12,1,2025-01-01,4000.76,4015.285775113721,275.31213208731134,3662.4590812238052,4368.112469003637,0.8,278.6471014492754,
sarima_core,electricity,USA|Connecticut,US,False,False,holdout,last12,2,2025-02-01,3677.62,3623.0544352573397,310.4071365224094,3225.2516834908292,4020.85718702385,0.8,278.6471014492754,
sarima_core,electricity,USA|Connecticut,US,False,False,holdout,last12,3,2025-03-01,3986.73,4038.931609517275,319.37315194253273,3629.6384466524087,4448.224772382141,0.8,278.6471014492754,
sarima_core,electricity,USA|Connecticut,US,False,False,holdout,last12,4,2025-04-01,2993.68,3299.3946616956514,321.84933152632146,2886.928147008611,3711.8611763826916,0.8,278.6471014492754,
sarima_core,electricity,USA|Connecticut,US,False,False,holdout,last12,5,2025-05-01,2739.76,3227.2952749583856,322.5707933248171,2813.9041697740026,3640.6863801427685,0.8,278.6471014492754,
sarima_core,electricity,USA|Connecticut,US,False,False,holdout,last12,6,2025-06-01,3960.58,3491.1257104431074,322.79579332477783,3077.446256156527,3904.805164729688,0.8,278.6471014492754,
sarima_core,electricity,USA|Connecticut,US,False,False,holdout,last12,7,2025-07-01,4677.73,4564.69758535937,322.8726656373779,4150.91961524023,4978.475555478511,0.8,278.6471014492754,
sarima_core,electricity,USA|Connecticut,US,False,False,holdout,last12,8,2025-08-01,4309.02,4374.310769063917,322.9018720835443,3960.495369377969,4788.126168749865,0.8,278.6471014492754,
sarima_core,electricity,USA|Connecticut,US,False,False,holdout,last12,9,2025-09-01,3941.81,3776.580781247122,322.9141564357274,3362.7496385304016,4190.411923963842,0.8,278.6471014492754,
sarima_core,electricity,USA|Connecticut,US,False,False,holdout,last12,10,2025-10-01,3314.96,3378.631964576391,322.91975516452976,2964.793646800009,3792.470282352773,0.8,278.6471014492754,
sarima_core,electricity,USA|Connecticut,US,False,False,holdout,last12,11,2025-11-01,3804.45,3463.6880901420054,322.92244877659874,3049.8463203628594,3877.5298599211515,0.8,278.6471014492754,
sarima_core,electricity,USA|Connecticut,US,False,False,holdout,last12,12,2025-12-01,4143.32,3919.037522966366,322.9237877778989,3505.1940371880073,4332.881008744725,0.8,278.6471014492754,
sarima_core,electricity,USA|Connecticut,US,False,False,rolling,2022-12-01,1,2023-01-01,3786.13,3645.3111774847175,259.76524684676,3312.4086187141725,3978.2137362552626,0.8,266.3039285714285,
sarima_core,electricity,USA|Connecticut,US,False,False,rolling,2022-12-01,2,2023-02-01,3336.81,3565.164292266931,291.8623761775747,3191.1276071529933,3939.200977380869,0.8,266.3039285714285,
sarima_core,electricity,USA|Connecticut,US,False,False,rolling,2022-12-01,3,2023-03-01,3901.54,3914.018364910518,300.0461553715315,3529.4937447584934,4298.542985062542,0.8,266.3039285714285,
sarima_core,electricity,USA|Connecticut,US,False,False,rolling,2022-12-01,4,2023-04-01,3005.52,3099.3418963630206,302.41900757378403,2711.7763437563935,3486.9074489696477,0.8,266.3039285714285,
sarima_core,electricity,USA|Connecticut,US,False,False,rolling,2022-12-01,5,2023-05-01,2710.92,3211.4098245371233,303.2097050388723,2822.8309523562402,3599.9886967180064,0.8,266.3039285714285,
sarima_core,electricity,USA|Connecticut,US,False,False,rolling,2022-12-01,6,2023-06-01,2723.61,3935.9808473654143,303.52819581127545,3546.993812836546,4324.967881894282,0.8,266.3039285714285,
sarima_core,electricity,USA|Connecticut,US,False,False,rolling,2022-12-01,7,2023-07-01,4312.21,4397.475648701459,303.6895548276881,4008.281824272493,4786.669473130426,0.8,266.3039285714285,
sarima_core,electricity,USA|Connecticut,US,False,False,rolling,2022-12-01,8,2023-08-01,4097.79,4507.148511713375,303.7920424127432,4117.823344159333,4896.4736792674175,0.8,266.3039285714285,
sarima_core,electricity,USA|Connecticut,US,False,False,rolling,2022-12-01,9,2023-09-01,3682.53,4022.9344466985817,303.8700074586297,3633.5093629179255,4412.359530479238,0.8,266.3039285714285,
sarima_core,electricity,USA|Connecticut,US,False,False,rolling,2022-12-01,10,2023-10-01,3129.88,3434.7995749705724,303.9369312277254,3045.288724928859,3824.3104250122856,0.8,266.3039285714285,
sarima_core,electricity,USA|Connecticut,US,False,False,rolling,2022-12-01,11,2023-11-01,2849.1,3981.9851622581878,303.99863250932646,3592.3952388424427,4371.575085673932,0.8,266.3039285714285,
sarima_core,electricity,USA|Connecticut,US,False,False,rolling,2022-12-01,12,2023-12-01,3550.06,3840.811559846151,304.0577914586158,3451.1458211863282,4230.4772985059735,0.8,266.3039285714285,
sarima_core,electricity,USA|Connecticut,US,False,False,rolling,2023-12-01,1,2024-01-01,3585.76,3687.071951309698,273.27819780109036,3336.8518490885035,4037.292053530892,0.8,269.75981060606057,
sarima_core,electricity,USA|Connecticut,US,False,False,rolling,2023-12-01,2,2024-02-01,3493.08,3435.027529255728,305.7115608288159,3043.2423998704758,3826.8126586409803,0.8,269.75981060606057,
sarima_core,electricity,USA|Connecticut,US,False,False,rolling,2023-12-01,3,2024-03-01,3884.06,3909.1990565145247,313.45329889726634,3507.4924905876132,4310.905622441436,0.8,269.75981060606057,
sarima_core,electricity,USA|Connecticut,US,False,False,rolling,2023-12-01,4,2024-04-01,3366.94,2907.3711976221907,315.45454580633873,2503.0999305859164,3311.642464658465,0.8,269.75981060606057,
sarima_core,electricity,USA|Connecticut,US,False,False,rolling,2023-12-01,5,2024-05-01,3552.55,2735.318451678892,316.0046609297093,2330.3421837450323,3140.2947196127516,0.8,269.75981060606057,
sarima_core,electricity,USA|Connecticut,US,False,False,rolling,2023-12-01,6,2024-06-01,4086.8,3299.395582396949,316.16886742456836,2894.20887537253,3704.582289421368,0.8,269.75981060606057,
sarima_core,electricity,USA|Connecticut,US,False,False,rolling,2023-12-01,7,2024-07-01,4650.22,4445.262170691123,316.22351756115427,4040.0054266986053,4850.518914683641,0.8,269.75981060606057,
sarima_core,electricity,USA|Connecticut,US,False,False,rolling,2023-12-01,8,2024-08-01,4488.68,4339.418098516688,316.24401667416447,3934.1350838537996,4744.701113179576,0.8,269.75981060606057,
sarima_core,electricity,USA|Connecticut,US,False,False,rolling,2023-12-01,9,2024-09-01,3709.43,3902.4659792032407,316.25255976038727,3497.1720161348294,4307.759942271652,0.8,269.75981060606057,
sarima_core,electricity,USA|Connecticut,US,False,False,rolling,2023-12-01,10,2024-10-01,3468.64,3414.9280460066643,316.2564004097417,3009.62916094806,3820.2269310652687,0.8,269.75981060606057,
sarima_core,electricity,USA|Connecticut,US,False,False,rolling,2023-12-01,11,2024-11-01,3923.06,3327.7490337876475,316.25820984887224,2922.4478298394924,3733.0502377358025,0.8,269.75981060606057,
sarima_core,electricity,USA|Connecticut,US,False,False,rolling,2023-12-01,12,2024-12-01,4131.19,3631.408117515484,316.2590850215047,3226.1057919884715,4036.710443042496,0.8,269.75981060606057,
sarima_core,electricity,USA|Connecticut,US,False,False,rolling,2024-12-01,1,2025-01-01,4000.76,4015.285775113721,275.31213208731134,3662.4590812238052,4368.112469003637,0.8,278.6471014492754,
sarima_core,electricity,USA|Connecticut,US,False,False,rolling,2024-12-01,2,2025-02-01,3677.62,3623.0544352573397,310.4071365224094,3225.2516834908292,4020.85718702385,0.8,278.6471014492754,
sarima_core,electricity,USA|Connecticut,US,False,False,rolling,2024-12-01,3,2025-03-01,3986.73,4038.931609517275,319.37315194253273,3629.6384466524087,4448.224772382141,0.8,278.6471014492754,
sarima_core,electricity,USA|Connecticut,US,False,False,rolling,2024-12-01,4,2025-04-01,2993.68,3299.3946616956514,321.84933152632146,2886.928147008611,3711.8611763826916,0.8,278.6471014492754,
sarima_core,electricity,USA|Connecticut,US,False,False,rolling,2024-12-01,5,2025-05-01,2739.76,3227.2952749583856,322.5707933248171,2813.9041697740026,3640.6863801427685,0.8,278.6471014492754,
sarima_core,electricity,USA|Connecticut,US,False,False,rolling,2024-12-01,6,2025-06-01,3960.58,3491.1257104431074,322.79579332477783,3077.446256156527,3904.805164729688,0.8,278.6471014492754,
sarima_core,electricity,USA|Connecticut,US,False,False,rolling,2024-12-01,7,2025-07-01,4677.73,4564.69758535937,322.8726656373779,4150.91961524023,4978.475555478511,0.8,278.6471014492754,
sarima_core,electricity,USA|Connecticut,US,False,False,rolling,2024-12-01,8,2025-08-01,4309.02,4374.310769063917,322.9018720835443,3960.495369377969,4788.126168749865,0.8,278.6471014492754,
sarima_core,electricity,USA|Connecticut,US,False,False,rolling,2024-12-01,9,2025-09-01,3941.81,3776.580781247122,322.9141564357274,3362.7496385304016,4190.411923963842,0.8,278.6471014492754,
sarima_core,electricity,USA|Connecticut,US,False,False,rolling,2024-12-01,10,2025-10-01,3314.96,3378.631964576391,322.91975516452976,2964.793646800009,3792.470282352773,0.8,278.6471014492754,
sarima_core,electricity,USA|Connecticut,US,False,False,rolling,2024-12-01,11,2025-11-01,3804.45,3463.6880901420054,322.92244877659874,3049.8463203628594,3877.5298599211515,0.8,278.6471014492754,
sarima_core,electricity,USA|Connecticut,US,False,False,rolling,2024-12-01,12,2025-12-01,4143.32,3919.037522966366,322.9237877778989,3505.1940371880073,4332.881008744725,0.8,278.6471014492754,
sarima_core,electricity,USA|Delaware,US,False,False,holdout,last12,1,2025-01-01,598.85,408.65722374306904,158.07850346863444,206.07147014389304,611.242977342245,0.8,147.7436956521739,
sarima_core,electricity,USA|Delaware,US,False,False,holdout,last12,2,2025-02-01,388.15,298.46926955716697,172.51642018416615,77.38058118799873,519.5579579263352,0.8,147.7436956521739,
sarima_core,electricity,USA|Delaware,US,False,False,holdout,last12,3,2025-03-01,202.27,237.66887436372315,176.58715795746062,11.363325628267859,463.97442309917847,0.8,147.7436956521739,
sarima_core,electricity,USA|Delaware,US,False,False,holdout,last12,4,2025-04-01,471.15,411.06977974672196,178.58311906184792,182.206303933173,639.9332555602709,0.8,147.7436956521739,
sarima_core,electricity,USA|Delaware,US,False,False,holdout,last12,5,2025-05-01,210.98,306.41766640649655,180.02254293629343,75.70949467316967,537.1258381398234,0.8,147.7436956521739,
sarima_core,electricity,USA|Delaware,US,False,False,holdout,last12,6,2025-06-01,444.68,512.308592256659,181.28320619640573,279.9848155487107,744.6323689646074,0.8,147.7436956521739,
sarima_core,electricity,USA|Delaware,US,False,False,holdout,last12,7,2025-07-01,888.68,793.579351157764,182.4789855154105,559.7231215914992,1027.4355807240288,0.8,147.7436956521739,
sarima_core,electricity,USA|Delaware,US,False,False,holdout,last12,8,2025-08-01,505.05,524.9728819683567,183.64759495416772,289.61901914634234,760.326744790371,0.8,147.7436956521739,
sarima_core,electricity,USA|Delaware,US,False,False,holdout,last12,9,2025-09-01,437.0,386.0401347416737,184.80205775952777,149.2067683040872,622.8735011792602,0.8,147.7436956521739,
sarima_core,electricity,USA|Delaware,US,False,False,holdout,last12,10,2025-10-01,535.19,464.043373390331,185.94698907015825,225.742718439165,702.344028341497,0.8,147.7436956521739,
sarima_core,electricity,USA|Delaware,US,False,False,holdout,last12,11,2025-11-01,435.67,293.12458107571916,187.08408542829932,53.366678506602426,532.8824836448359,0.8,147.7436956521739,
sarima_core,electricity,USA|Delaware,US,False,False,holdout,last12,12,2025-12-01,463.86,281.9080027700414,188.2140218108348,40.7020284609205,523.1139770791623,0.8,147.7436956521739,
sarima_core,electricity,USA|Delaware,US,False,False,rolling,2022-12-01,1,2023-01-01,369.3,234.85070145654373,159.8581026539019,29.984299735446314,439.71710317764115,0.8,152.65269841269838,
sarima_core,electricity,USA|Delaware,US,False,False,rolling,2022-12-01,2,2023-02-01,201.11,297.0345892673697,175.8698862354498,71.64826123017826,522.4209173045612,0.8,152.65269841269838,
sarima_core,electricity,USA|Delaware,US,False,False,rolling,2022-12-01,3,2023-03-01,314.17,252.98216913452137,180.6244682141887,21.502599118966913,484.4617391500758,0.8,152.65269841269838,
sarima_core,electricity,USA|Delaware,US,False,False,rolling,2022-12-01,4,2023-04-01,508.8,335.088164834947,182.9738844284012,100.59769679195267,569.5786328779413,0.8,152.65269841269838,
sarima_core,electricity,USA|Delaware,US,False,False,rolling,2022-12-01,5,2023-05-01,342.38,351.8477966692882,184.64568915225755,115.2148246651509,588.4807686734255,0.8,152.65269841269838,
sarima_core,electricity,USA|Delaware,US,False,False,rolling,2022-12-01,6,2023-06-01,428.2,521.3578119896017,186.0903488936682,282.87343403218034,759.8421899470231,0.8,152.65269841269838,
sarima_core,electricity,USA|Delaware,US,False,False,rolling,2022-12-01,7,2023-07-01,873.25,785.9191463273908,187.44930397727265,545.6931973550713,1026.1450952997102,0.8,152.65269841269838,
sarima_core,electricity,USA|Delaware,US,False,False,rolling,2022-12-01,8,2023-08-01,581.87,840.3208701359547,188.77147018810547,598.4004969862323,1082.2412432856772,0.8,152.65269841269838,
sarima_core,electricity,USA|Delaware,US,False,False,rolling,2022-12-01,9,2023-09-01,410.5,399.0865340659834,190.07454478150558,155.4962036310677,642.6768645008991,0.8,152.65269841269838,
sarima_core,electricity,USA|Delaware,US,False,False,rolling,2022-12-01,10,2023-10-01,449.66,391.01500620999667,191.36510490519015,145.77075642814356,636.2592559918498,0.8,152.65269841269838,
sarima_core,electricity,USA|Delaware,US,False,False,rolling,2022-12-01,11,2023-11-01,298.43,443.71827525945463,192.64567707100616,196.83290621370716,690.6036443052021,0.8,152.65269841269838,
sarima_core,electricity,USA|Delaware,US,False,False,rolling,2022-12-01,12,2023-12-01,154.16,452.82041369705996,193.91729762519944,204.3053973393074,701.3354300548125,0.8,152.65269841269838,
sarima_core,electricity,USA|Delaware,US,False,False,rolling,2023-12-01,1,2024-01-01,367.14,217.67143006076515,159.7366213045756,12.960712953081327,422.38214716844897,0.8,150.24409090909091,
sarima_core,electricity,USA|Delaware,US,False,False,rolling,2023-12-01,2,2024-02-01,346.14,182.66873529747994,175.085594933567,-41.7124829939406,407.0499535889005,0.8,150.24409090909091,
sarima_core,electricity,USA|Delaware,US,False,False,rolling,2023-12-01,3,2024-03-01,190.71,238.5253750658336,179.49637718756742,8.491511871522476,468.55923826014475,0.8,150.24409090909091,
sarima_core,electricity,USA|Delaware,US,False,False,rolling,2023-12-01,4,2024-04-01,356.75,424.0656885206795,181.63867255407501,191.28636334556163,656.8450136957973,0.8,150.24409090909091,
sarima_core,electricity,USA|Delaware,US,False,False,rolling,2023-12-01,5,2024-05-01,294.44,313.1721895022925,183.15665078661414,78.4474969468015,547.8968820577835,0.8,150.24409090909091,
sarima_core,electricity,USA|Delaware,US,False,False,rolling,2023-12-01,6,2024-06-01,579.04,410.85718485687823,184.46944500320734,174.4500788178743,647.2642908958821,0.8,150.24409090909091,
sarima_core,electricity,USA|Delaware,US,False,False,rolling,2023-12-01,7,2024-07-01,754.32,833.9707647764202,185.70634084619792,595.9785129334161,1071.9630166194243,0.8,150.24409090909091,
sarima_core,electricity,USA|Delaware,US,False,False,rolling,2023-12-01,8,2024-08-01,500.59,674.45927271052,186.91132154837484,434.9227759621901,913.99576945885,0.8,150.24409090909091,
sarima_core,electricity,USA|Delaware,US,False,False,rolling,2023-12-01,9,2024-09-01,382.74,380.53963794311704,188.1000327525741,139.4797464900651,621.5995293961689,0.8,150.24409090909091,
sarima_core,electricity,USA|Delaware,US,False,False,rolling,2023-12-01,10,2024-10-01,485.96,426.64330985609445,189.2781844857011,184.0735562050045,669.2130635071844,0.8,150.24409090909091,
sarima_core,electricity,USA|Delaware,US,False,False,rolling,2023-12-01,11,2024-11-01,302.27,331.238117474759,190.44792649293035,87.16927912302114,575.3069558264968,0.8,150.24409090909091,
sarima_core,electricity,USA|Delaware,US,False,False,rolling,2023-12-01,12,2024-12-01,377.39,219.00085430737352,191.61012079349916,-26.55739596972532,464.5591045844724,0.8,150.24409090909091,
sarima_core,electricity,USA|Delaware,US,False,False,rolling,2024-12-01,1,2025-01-01,598.85,408.65722374306904,158.07850346863444,206.07147014389304,611.242977342245,0.8,147.7436956521739,
sarima_core,electricity,USA|Delaware,US,False,False,rolling,2024-12-01,2,2025-02-01,388.15,298.46926955716697,172.51642018416615,77.38058118799873,519.5579579263352,0.8,147.7436956521739,
sarima_core,electricity,USA|Delaware,US,False,False,rolling,2024-12-01,3,2025-03-01,202.27,237.66887436372315,176.58715795746062,11.363325628267859,463.97442309917847,0.8,147.7436956521739,
sarima_core,electricity,USA|Delaware,US,False,False,rolling,2024-12-01,4,2025-04-01,471.15,411.06977974672196,178.58311906184792,182.206303933173,639.9332555602709,0.8,147.7436956521739,
sarima_core,electricity,USA|Delaware,US,False,False,rolling,2024-12-01,5,2025-05-01,210.98,306.41766640649655,180.02254293629343,75.70949467316967,537.1258381398234,0.8,147.7436956521739,
sarima_core,electricity,USA|Delaware,US,False,False,rolling,2024-12-01,6,2025-06-01,444.68,512.308592256659,181.28320619640573,279.9848155487107,744.6323689646074,0.8,147.7436956521739,
sarima_core,electricity,USA|Delaware,US,False,False,rolling,2024-12-01,7,2025-07-01,888.68,793.579351157764,182.4789855154105,559.7231215914992,1027.4355807240288,0.8,147.7436956521739,
sarima_core,electricity,USA|Delaware,US,False,False,rolling,2024-12-01,8,2025-08-01,505.05,524.9728819683567,183.64759495416772,289.61901914634234,760.326744790371,0.8,147.7436956521739,
sarima_core,electricity,USA|Delaware,US,False,False,rolling,2024-12-01,9,2025-09-01,437.0,386.0401347416737,184.80205775952777,149.2067683040872,622.8735011792602,0.8,147.7436956521739,
sarima_core,electricity,USA|Delaware,US,False,False,rolling,2024-12-01,10,2025-10-01,535.19,464.043373390331,185.94698907015825,225.742718439165,702.344028341497,0.8,147.7436956521739,
sarima_core,electricity,USA|Delaware,US,False,False,rolling,2024-12-01,11,2025-11-01,435.67,293.12458107571916,187.08408542829932,53.366678506602426,532.8824836448359,0.8,147.7436956521739,
sarima_core,electricity,USA|Delaware,US,False,False,rolling,2024-12-01,12,2025-12-01,463.86,281.9080027700414,188.2140218108348,40.7020284609205,523.1139770791623,0.8,147.7436956521739,
sarima_core,electricity,USA|Florida,US,True,False,holdout,last12,1,2025-01-01,20780.7,19875.810919752013,870.121241034065,18760.705681091196,20990.91615841283,0.8,854.2251449275362,
sarima_core,electricity,USA|Florida,US,True,False,holdout,last12,2,2025-02-01,17861.41,17824.33288071414,920.4840370537656,16644.685121969072,19003.98063945921,0.8,854.2251449275362,
sarima_core,electricity,USA|Florida,US,True,False,holdout,last12,3,2025-03-01,19077.93,20176.285759598424,935.150724729788,18977.841884300797,21374.72963489605,0.8,854.2251449275362,
sarima_core,electricity,USA|Florida,US,True,False,holdout,last12,4,2025-04-01,20911.74,20998.04941380222,944.5378491917637,19787.575454454385,22208.523373150052,0.8,854.2251449275362,
sarima_core,electricity,USA|Florida,US,True,False,holdout,last12,5,2025-05-01,25342.66,24742.783109206517,952.7996270047325,23521.721255568293,25963.84496284474,0.8,854.2251449275362,
sarima_core,electricity,USA|Florida,US,True,False,holdout,last12,6,2025-06-01,25762.9,25540.112495523004,960.7558988158925,24308.854269289288,26771.37072175672,0.8,854.2251449275362,
sarima_core,electricity,USA|Florida,US,True,False,holdout,last12,7,2025-07-01,28205.58,28267.797580073817,968.5920785668133,27026.49688541242,29509.098274735214,0.8,854.2251449275362,
sarima_core,electricity,USA|Florida,US,True,False,holdout,last12,8,2025-08-01,27623.64,28678.39010310072,976.3524982259671,27427.14403047585,29929.636175725587,0.8,854.2251449275362,
sarima_core,electricity,USA|Florida,US,True,False,holdout,last12,9,2025-09-01,24796.75,25686.78189812948,984.0486885990509,24425.672760683257,26947.891035575703,0.8,854.2251449275362,
sarima_core,electricity,USA|Florida,US,True,False,holdout,last12,10,2025-10-01,22972.93,22429.487132604845,991.6844385834075,21158.59238781206,23700.38187739763,0.8,854.2251449275362,
sarima_core,electricity,USA|Florida,US,True,False,holdout,last12,11,2025-11-01,19037.18,20142.825377562953,999.2616741963565,18862.220014607894,21423.43074051801,0.8,854.2251449275362,
sarima_core,electricity,USA|Florida,US,True,False,holdout,last12,12,2025-12-01,19761.66,19434.817145225163,1006.7818440032029,18144.57429688098,20725.059993569346,0.8,854.2251449275362,
sarima_core,electricity,USA|Florida,US,True,False,rolling,2022-12-01,1,2023-01-01,19104.71,19939.940251087904,876.8155351439415,18816.25592933036,21063.62457284545,0.8,862.9941666666666,
sarima_core,electricity,USA|Florida,US,True,False,rolling,2022-12-01,2,2023-02-01,17027.46,18274.232247728625,930.3794699394097,17081.90298147722,19466.561513980032,0.8,862.9941666666666,
sarima_core,electricity,USA|Florida,US,True,False,rolling,2022-12-01,3,2023-03-01,19525.76,19867.05213114892,947.6136451186176,18652.636380715732,21081.46788158211,0.8,862.9941666666666,
sarima_core,electricity,USA|Florida,US,True,False,rolling,2022-12-01,4,2023-04-01,20357.0,20077.35465078186,959.328564772776,18847.925626725657,21306.783674838065,0.8,862.9941666666666,
sarima_core,electricity,USA|Florida,US,True,False,rolling,2022-12-01,5,2023-05-01,22945.84,23514.51994038072,969.840210778955,22271.619699928844,24757.420180832596,0.8,862.9941666666666,
sarima_core,electricity,USA|Florida,US,True,False,rolling,2022-12-01,6,2023-06-01,24418.0,24554.53443855582,980.0025232752535,23298.610670614762,25810.458206496878,0.8,862.9941666666666,
sarima_core,electricity,USA|Florida,US,True,False,rolling,2022-12-01,7,2023-07-01,27330.22,26367.233967349683,990.0065802342998,25098.48948455096,27635.978450148406,0.8,862.9941666666666,
sarima_core,electricity,USA|Florida,US,True,False,rolling,2022-12-01,8,2023-08-01,28387.76,26840.777350697437,999.8981810536196,25559.356271382974,28122.1984300119,0.8,862.9941666666666,
sarima_core,electricity,USA|Florida,US,True,False,rolling,2022-12-01,9,2023-09-01,24632.92,23669.42295003981,1009.6900412332917,22375.453096982492,24963.39280309713,0.8,862.9941666666666,
sarima_core,electricity,USA|Florida,US,True,False,rolling,2022-12-01,10,2023-10-01,21760.94,22242.205823015574,1019.3871961301816,20935.80856591882,23548.60308011233,0.8,862.9941666666666,
sarima_core,electricity,USA|Florida,US,True,False,rolling,2022-12-01,11,2023-11-01,19037.51,18995.695991743705,1028.9928198209855,17676.98863256797,20314.40335091944,0.8,862.9941666666666,
sarima_core,electricity,USA|Florida,US,True,False,rolling,2022-12-01,12,2023-12-01,18816.38,19879.71216810175,1038.5095662787296,18548.8086076042,21210.6157285993,0.8,862.9941666666666,
sarima_core,electricity,USA|Florida,US,True,False,rolling,2023-12-01,1,2024-01-01,20073.95,19977.587719788367,872.3270263084346,18859.65565355593,21095.519786020806,0.8,859.8837878787879,
sarima_core,electricity,USA|Florida,US,True,False,rolling,2023-12-01,2,2024-02-01,17541.21,17965.941388738,926.6506652404368,16778.390777986173,19153.491999489826,0.8,859.8837878787879,
sarima_core,electricity,USA|Florida,US,True,False,rolling,2023-12-01,3,2024-03-01,19591.11,20147.355326993216,942.8438329146784,18939.052336857338,21355.658317129095,0.8,859.8837878787879,
sarima_core,electricity,USA|Florida,US,True,False,rolling,2023-12-01,4,2024-04-01,20372.27,20773.42203330301,953.1313253192383,19551.93509117054,21994.90897543548,0.8,859.8837878787879,
sarima_core,electricity,USA|Florida,US,True,False,rolling,2023-12-01,5,2024-05-01,25533.57,23913.003081316652,962.1130158350492,22680.005639642408,25146.000522990897,0.8,859.8837878787879,
sarima_core,electricity,USA|Florida,US,True,False,rolling,2023-12-01,6,2024-06-01,25498.24,25421.673799315042,970.7294313299683,24177.6339768739,26665.713621756182,0.8,859.8837878787879,
sarima_core,electricity,USA|Florida,US,True,False,rolling,2023-12-01,7,2024-07-01,27998.29,27666.324756185975,979.2014412169761,26411.42761621083,28921.22189616112,0.8,859.8837878787879,
sarima_core,electricity,USA|Florida,US,True,False,rolling,2023-12-01,8,2024-08-01,27612.1,28125.84435916959,987.5839755725407,26860.20456916784,29391.48414917134,0.8,859.8837878787879,
sarima_core,electricity,USA|Florida,US,True,False,rolling,2023-12-01,9,2024-09-01,25560.36,24430.502957758476,995.8918319497988,23154.21622141013,25706.78969410682,0.8,859.8837878787879,
sarima_core,electricity,USA|Florida,US,True,False,rolling,2023-12-01,10,2024-10-01,21828.56,21894.397716971955,1004.1299413059822,20607.553418681066,23181.242015262844,0.8,859.8837878787879,
sarima_core,electricity,USA|Florida,US,True,False,rolling,2023-12-01,11,2024-11-01,20079.76,19992.478917200955,1012.3007623057221,18695.163290466066,21289.794543935845,0.8,859.8837878787879,
sarima_core,electricity,USA|Florida,US,True,False,rolling,2023-12-01,12,2024-12-01,18772.18,20138.712868896306,1020.4060970727733,18831.009837701436,21446.415900091175,0.8,859.8837878787879,
sarima_core,electricity,USA|Florida,US,True,False,rolling,2024-12-01,1,2025-01-01,20780.7,19875.810919752013,870.121241034065,18760.705681091196,20990.91615841283,0.8,854.2251449275362,
sarima_core,electricity,USA|Florida,US,True,False,rolling,2024-12-01,2,2025-02-01,17861.41,17824.33288071414,920.4840370537656,16644.685121969072,19003.98063945921,0.8,854.2251449275362,
sarima_core,electricity,USA|Florida,US,True,False,rolling,2024-12-01,3,2025-03-01,19077.93,20176.285759598424,935.150724729788,18977.841884300797,21374.72963489605,0.8,854.2251449275362,
sarima_core,electricity,USA|Florida,US,True,False,rolling,2024-12-01,4,2025-04-01,20911.74,20998.04941380222,944.5378491917637,19787.575454454385,22208.523373150052,0.8,854.2251449275362,
sarima_core,electricity,USA|Florida,US,True,False,rolling,2024-12-01,5,2025-05-01,25342.66,24742.783109206517,952.7996270047325,23521.721255568293,25963.84496284474,0.8,854.2251449275362,
sarima_core,electricity,USA|Florida,US,True,False,rolling,2024-12-01,6,2025-06-01,25762.9,25540.112495523004,960.7558988158925,24308.854269289288,26771.37072175672,0.8,854.2251449275362,
sarima_core,electricity,USA|Florida,US,True,False,rolling,2024-12-01,7,2025-07-01,28205.58,28267.797580073817,968.5920785668133,27026.49688541242,29509.098274735214,0.8,854.2251449275362,
sarima_core,electricity,USA|Florida,US,True,False,rolling,2024-12-01,8,2025-08-01,27623.64,28678.39010310072,976.3524982259671,27427.14403047585,29929.636175725587,0.8,854.2251449275362,
sarima_core,electricity,USA|Florida,US,True,False,rolling,2024-12-01,9,2025-09-01,24796.75,25686.78189812948,984.0486885990509,24425.672760683257,26947.891035575703,0.8,854.2251449275362,
sarima_core,electricity,USA|Florida,US,True,False,rolling,2024-12-01,10,2025-10-01,22972.93,22429.487132604845,991.6844385834075,21158.59238781206,23700.38187739763,0.8,854.2251449275362,
sarima_core,electricity,USA|Florida,US,True,False,rolling,2024-12-01,11,2025-11-01,19037.18,20142.825377562953,999.2616741963565,18862.220014607894,21423.43074051801,0.8,854.2251449275362,
sarima_core,electricity,USA|Florida,US,True,False,rolling,2024-12-01,12,2025-12-01,19761.66,19434.817145225163,1006.7818440032029,18144.57429688098,20725.059993569346,0.8,854.2251449275362,
sarima_core,electricity,USA|Georgia,US,True,False,holdout,last12,1,2025-01-01,13390.05,12304.047299219363,748.2455615737041,11345.132028372784,13262.962570065942,0.8,747.4295289855072,
sarima_core,electricity,USA|Georgia,US,True,False,holdout,last12,2,2025-02-01,10482.79,10157.978518997188,842.3286232623482,9078.490953152297,11237.466084842079,0.8,747.4295289855072,
sarima_core,electricity,USA|Georgia,US,True,False,holdout,last12,3,2025-03-01,10031.68,10482.574845785177,873.6433736903588,9362.955812504631,11602.193879065722,0.8,747.4295289855072,
sarima_core,electricity,USA|Georgia,US,True,False,holdout,last12,4,2025-04-01,11437.67,10884.17887984113,889.1446048281832,9744.694219528037,12023.663540154224,0.8,747.4295289855072,
sarima_core,electricity,USA|Georgia,US,True,False,holdout,last12,5,2025-05-01,12052.93,12942.06080462818,899.603018133336,11789.173148370755,14094.948460885604,0.8,747.4295289855072,
sarima_core,electricity,USA|Georgia,US,True,False,holdout,last12,6,2025-06-01,13411.4,13421.409648508778,908.1823079833163,12257.52718991285,14585.292107104706,0.8,747.4295289855072,
sarima_core,electricity,USA|Georgia,US,True,False,holdout,last12,7,2025-07-01,15327.85,14567.880063401835,915.9828569480956,13394.000799067988,15741.759327735683,0.8,747.4295289855072,
sarima_core,electricity,USA|Georgia,US,True,False,holdout,last12,8,2025-08-01,13974.75,15458.42366685115,923.4294139940422,14275.00125567715,16641.846078025148,0.8,747.4295289855072,
sarima_core,electricity,USA|Georgia,US,True,False,holdout,last12,9,2025-09-01,11673.9,12092.399474936472,930.6954282263862,10899.665291847745,13285.1336580252,0.8,747.4295289855072,
sarima_core,electricity,USA|Georgia,US,True,False,holdout,last12,10,2025-10-01,11927.92,11673.080157813365,937.8539593005626,10471.171948019528,12874.988367607202,0.8,747.4295289855072,
sarima_core,electricity,USA|Georgia,US,True,False,holdout,last12,11,2025-11-01,11220.68,10814.233151569142,944.9365213894317,9603.248273242247,12025.218029896037,0.8,747.4295289855072,
sarima_core,electricity,USA|Georgia,US,True,False,holdout,last12,12,2025-12-01,12534.58,12102.547918886634,951.9571437433326,10882.565750991,13322.530086782268,0.8,747.4295289855072,
sarima_core,electricity,USA|Georgia,US,True,False,rolling,2022-12-01,1,2023-01-01,10035.26,11101.868061277724,821.5505365248125,10049.008685020344,12154.727437535104,0.8,732.9744444444444,
sarima_core,electricity,USA|Georgia,US,True,False,rolling,2022-12-01,2,2023-02-01,8512.07,9248.533085549214,936.5392176547598,8048.3097849698415,10448.756386128587,0.8,732.9744444444444,
sarima_core,electricity,USA|Georgia,US,True,False,rolling,2022-12-01,3,2023-03-01,9485.62,8896.871285169771,972.7020969774027,7650.303389979865,10143.439180359677,0.8,732.9744444444444,
sarima_core,electricity,USA|Georgia,US,True,False,rolling,2022-12-01,4,2023-04-01,9812.98,9388.129715622541,987.2537670847191,8122.913104825315,10653.346326419767,0.8,732.9744444444444,
sarima_core,electricity,USA|Georgia,US,True,False,rolling,2022-12-01,5,2023-05-01,11673.53,10588.995761955623,994.7282023730751,9314.200276913041,11863.791246998204,0.8,732.9744444444444,
sarima_core,electricity,USA|Georgia,US,True,False,rolling,2022-12-01,6,2023-06-01,11818.66,12560.778330657182,999.5455990200265,11279.809103399852,13841.747557914512,0.8,732.9744444444444,
sarima_core,electricity,USA|Georgia,US,True,False,rolling,2022-12-01,7,2023-07-01,13300.43,12534.44770765908,1003.2479463091396,11248.733731437196,13820.161683880962,0.8,732.9744444444444,
sarima_core,electricity,USA|Georgia,US,True,False,rolling,2022-12-01,8,2023-08-01,14478.58,12681.226514679998,1006.4427961406618,11391.418173654849,13971.034855705147,0.8,732.9744444444444,
sarima_core,electricity,USA|Georgia,US,True,False,rolling,2022-12-01,9,2023-09-01,11802.27,10611.717757313914,1009.3934727415171,9318.127972071521,11905.307542556307,0.8,732.9744444444444,
sarima_core,electricity,USA|Georgia,US,True,False,rolling,2022-12-01,10,2023-10-01,10947.02,9269.595504248397,1012.2216415313544,7972.381274865764,10566.80973363103,0.8,732.9744444444444,
sarima_core,electricity,USA|Georgia,US,True,False,rolling,2022-12-01,11,2023-11-01,10184.64,9697.62821461875,1014.9857037975858,8396.871696911565,10998.384732325934,0.8,732.9744444444444,
sarima_core,electricity,USA|Georgia,US,True,False,rolling,2022-12-01,12,2023-12-01,11085.33,10438.326225148485,1017.7142991102288,9134.072871846645,11742.579578450324,0.8,732.9744444444444,
sarima_core,electricity,USA|Georgia,US,True,False,rolling,2023-12-01,1,2024-01-01,12624.05,11036.623818001892,750.6758488384054,10074.594008706512,11998.653627297272,0.8,742.5077272727272,
sarima_core,electricity,USA|Georgia,US,True,False,rolling,2023-12-01,2,2024-02-01,10058.39,9153.085853913175,850.0695187268734,8063.677931367005,10242.493776459345,0.8,742.5077272727272,
sarima_core,electricity,USA|Georgia,US,True,False,rolling,2023-12-01,3,2024-03-01,9960.56,9759.312019185387,881.5871870168321,8629.512579499906,10889.111458870868,0.8,742.5077272727272,
sarima_core,electricity,USA|Georgia,US,True,False,rolling,2023-12-01,4,2024-04-01,10404.89,10040.62816357234,895.2809126624035,8893.27950834764,11187.976818797042,0.8,742.5077272727272,
sarima_core,electricity,USA|Georgia,US,True,False,rolling,2023-12-01,5,2024-05-01,12586.19,11695.286532948443,903.2234865946383,10537.759059666432,12852.814006230454,0.8,742.5077272727272,
sarima_core,electricity,USA|Georgia,US,True,False,rolling,2023-12-01,6,2024-06-01,13276.97,12623.866475635545,909.0081951090318,11458.925600100694,13788.807351170395,0.8,742.5077272727272,
sarima_core,electricity,USA|Georgia,US,True,False,rolling,2023-12-01,7,2024-07-01,14210.16,13436.768147235227,913.8905640320347,12265.570264163534,14607.96603030692,0.8,742.5077272727272,
sarima_core,electricity,USA|Georgia,US,True,False,rolling,2023-12-01,8,2024-08-01,14917.91,14137.451055250032,918.3665042900643,12960.517023933378,15314.385086566686,0.8,742.5077272727272,
sarima_core,electricity,USA|Georgia,US,True,False,rolling,2023-12-01,9,2024-09-01,11113.82,11871.567275855741,922.6481562269182,10689.146086796296,13053.988464915186,0.8,742.5077272727272,
sarima_core,electricity,USA|Georgia,US,True,False,rolling,2023-12-01,10,2024-10-01,10971.31,10624.422759632249,926.8304963110768,9436.64168609031,11812.203833174188,0.8,742.5077272727272,
sarima_core,electricity,USA|Georgia,US,True,False,rolling,2023-12-01,11,2024-11-01,10051.19,10420.223681116162,930.9571092479144,9227.154140304621,11613.293221927703,0.8,742.5077272727272,
sarima_core,electricity,USA|Georgia,US,True,False,rolling,2023-12-01,12,2024-12-01,11585.66,11369.42419582284,935.0482910094022,10171.111594619937,12567.736797025742,0.8,742.5077272727272,
sarima_core,electricity,USA|Georgia,US,True,False,rolling,2024-12-01,1,2025-01-01,13390.05,12304.047299219363,748.2455615737041,11345.132028372784,13262.962570065942,0.8,747.4295289855072,
sarima_core,electricity,USA|Georgia,US,True,False,rolling,2024-12-01,2,2025-02-01,10482.79,10157.978518997188,842.3286232623482,9078.490953152297,11237.466084842079,0.8,747.4295289855072,
sarima_core,electricity,USA|Georgia,US,True,False,rolling,2024-12-01,3,2025-03-01,10031.68,10482.574845785177,873.6433736903588,9362.955812504631,11602.193879065722,0.8,747.4295289855072,
sarima_core,electricity,USA|Georgia,US,True,False,rolling,2024-12-01,4,2025-04-01,11437.67,10884.17887984113,889.1446048281832,9744.694219528037,12023.663540154224,0.8,747.4295289855072,
sarima_core,electricity,USA|Georgia,US,True,False,rolling,2024-12-01,5,2025-05-01,12052.93,12942.06080462818,899.603018133336,11789.173148370755,14094.948460885604,0.8,747.4295289855072,
sarima_core,electricity,USA|Georgia,US,True,False,rolling,2024-12-01,6,2025-06-01,13411.4,13421.409648508778,908.1823079833163,12257.52718991285,14585.292107104706,0.8,747.4295289855072,
sarima_core,electricity,USA|Georgia,US,True,False,rolling,2024-12-01,7,2025-07-01,15327.85,14567.880063401835,915.9828569480956,13394.000799067988,15741.759327735683,0.8,747.4295289855072,
sarima_core,electricity,USA|Georgia,US,True,False,rolling,2024-12-01,8,2025-08-01,13974.75,15458.42366685115,923.4294139940422,14275.00125567715,16641.846078025148,0.8,747.4295289855072,
sarima_core,electricity,USA|Georgia,US,True,False,rolling,2024-12-01,9,2025-09-01,11673.9,12092.399474936472,930.6954282263862,10899.665291847745,13285.1336580252,0.8,747.4295289855072,
sarima_core,electricity,USA|Georgia,US,True,False,rolling,2024-12-01,10,2025-10-01,11927.92,11673.080157813365,937.8539593005626,10471.171948019528,12874.988367607202,0.8,747.4295289855072,
sarima_core,electricity,USA|Georgia,US,True,False,rolling,2024-12-01,11,2025-11-01,11220.68,10814.233151569142,944.9365213894317,9603.248273242247,12025.218029896037,0.8,747.4295289855072,
sarima_core,electricity,USA|Georgia,US,True,False,rolling,2024-12-01,12,2025-12-01,12534.58,12102.547918886634,951.9571437433326,10882.565750991,13322.530086782268,0.8,747.4295289855072,
sarima_core,electricity,USA|Hawaii,US,False,False,holdout,last12,1,2025-01-01,872.98,884.4907751935659,35.890240442341366,838.4955813669112,930.4859690202206,0.8,35.38510869565218,
sarima_core,electricity,USA|Hawaii,US,False,False,holdout,last12,2,2025-02-01,782.96,778.1298477564145,39.94763814193655,726.9348895558065,829.3248059570225,0.8,35.38510869565218,
sarima_core,electricity,USA|Hawaii,US,False,False,holdout,last12,3,2025-03-01,885.65,845.348048190835,40.871392568298674,792.9692510589439,897.7268453227261,0.8,35.38510869565218,
sarima_core,electricity,USA|Hawaii,US,False,False,holdout,last12,4,2025-04-01,899.58,861.4043647287193,41.09908504036279,808.7337679527917,914.0749615046469,0.8,35.38510869565218,
sarima_core,electricity,USA|Hawaii,US,False,False,holdout,last12,5,2025-05-01,867.91,894.5745669638383,41.15895519685731,841.8272434951257,947.3218904325508,0.8,35.38510869565218,
sarima_core,electricity,USA|Hawaii,US,False,False,holdout,last12,6,2025-06-01,923.39,893.5132931735726,41.176172830201516,840.7439044198928,946.2826819272524,0.8,35.38510869565218,
sarima_core,electricity,USA|Hawaii,US,False,False,holdout,last12,7,2025-07-01,974.38,944.1689442788095,41.18174783546906,891.3924108684012,996.9454776892178,0.8,35.38510869565218,
sarima_core,electricity,USA|Hawaii,US,False,False,holdout,last12,8,2025-08-01,989.42,974.7312051115242,41.18379916349385,921.9520428184743,1027.5103674045743,0.8,35.38510869565218,
sarima_core,electricity,USA|Hawaii,US,False,False,holdout,last12,9,2025-09-01,975.34,935.9324321001556,41.1846405937555,883.1521914708364,988.7126727294747,0.8,35.38510869565218,
sarima_core,electricity,USA|Hawaii,US,False,False,holdout,last12,10,2025-10-01,983.41,957.2622132692642,41.18501259669787,904.481495898992,1010.0429306395364,0.8,35.38510869565218,
sarima_core,electricity,USA|Hawaii,US,False,False,holdout,last12,11,2025-11-01,918.69,885.820504042277,41.185184532455864,833.0395663274649,938.6014417570891,0.8,35.38510869565218,
sarima_core,electricity,USA|Hawaii,US,False,False,holdout,last12,12,2025-12-01,928.04,911.7951672375892,41.18526592739972,859.0141252109594,964.5762092642191,0.8,35.38510869565218,
sarima_core,electricity,USA|Hawaii,US,False,False,rolling,2022-12-01,1,2023-01-01,894.16,855.9668900082942,36.88542218955721,808.6963194554936,903.2374605610947,0.8,36.968650793650795,
sarima_core,electricity,USA|Hawaii,US,False,False,rolling,2022-12-01,2,2023-02-01,782.52,763.4752410493294,41.08268337107534,710.8256638583547,816.1248182403041,0.8,36.968650793650795,
sarima_core,electricity,USA|Hawaii,US,False,False,rolling,2022-12-01,3,2023-03-01,893.19,863.2910046525568,42.04569873920924,809.4072736089066,917.174735696207,0.8,36.968650793650795,
sarima_core,electricity,USA|Hawaii,US,False,False,rolling,2022-12-01,4,2023-04-01,873.72,836.663665982537,42.28550972462565,782.4726047950917,890.8547271699824,0.8,36.968650793650795,
sarima_core,electricity,USA|Hawaii,US,False,False,rolling,2022-12-01,5,2023-05-01,900.04,888.8502714480228,42.34943263420876,834.577289755727,943.1232531403186,0.8,36.968650793650795,
sarima_core,electricity,USA|Hawaii,US,False,False,rolling,2022-12-01,6,2023-06-01,904.18,892.5247540689321,42.368135019442136,838.227804305561,946.8217038323032,0.8,36.968650793650795,
sarima_core,electricity,USA|Hawaii,US,False,False,rolling,2022-12-01,7,2023-07-01,941.77,931.3324094337967,42.37430649299264,877.0275506088352,985.6372682587581,0.8,36.968650793650795,
sarima_core,electricity,USA|Hawaii,US,False,False,rolling,2022-12-01,8,2023-08-01,965.65,957.0515319421964,42.376616664925976,902.7437125127772,1011.3593513716157,0.8,36.968650793650795,
sarima_core,electricity,USA|Hawaii,US,False,False,rolling,2022-12-01,9,2023-09-01,940.69,921.0199981865223,42.37757672692089,866.7109483881504,975.3290479848943,0.8,36.968650793650795,
sarima_core,electricity,USA|Hawaii,US,False,False,rolling,2022-12-01,10,2023-10-01,976.33,934.6551142687697,42.37800498348342,880.3455156375296,988.9647129000098,0.8,36.968650793650795,
sarima_core,electricity,USA|Hawaii,US,False,False,rolling,2022-12-01,11,2023-11-01,908.67,876.810283340627,42.37820411891895,822.5004295070578,931.1201371741963,0.8,36.968650793650795,
sarima_core,electricity,USA|Hawaii,US,False,False,rolling,2022-12-01,12,2023-12-01,909.93,875.9569427319566,42.37829880474782,821.6469675536151,930.266917910298,0.8,36.968650793650795,
sarima_core,electricity,USA|Hawaii,US,False,False,rolling,2023-12-01,1,2024-01-01,860.58,887.7362736500481,36.21641884122124,841.3230653856621,934.1494819144342,0.8,35.95859848484849,
sarima_core,electricity,USA|Hawaii,US,False,False,rolling,2023-12-01,2,2024-02-01,770.41,784.7158180453281,40.4342574048667,732.8972321664878,836.5344039241684,0.8,35.95859848484849,
sarima_core,electricity,USA|Hawaii,US,False,False,rolling,2023-12-01,3,2024-03-01,808.42,888.83608712607,41.42300955457277,835.7503643818383,941.9218098703017,0.8,35.95859848484849,
sarima_core,electricity,USA|Hawaii,US,False,False,rolling,2023-12-01,4,2024-04-01,855.9,864.4222761184709,41.67412171039047,811.0147401978238,917.829812039118,0.8,35.95859848484849,
sarima_core,electricity,USA|Hawaii,US,False,False,rolling,2023-12-01,5,2024-05-01,895.95,894.1954874616948,41.74207499305404,840.7008659052663,947.6901090181234,0.8,35.95859848484849,
sarima_core,electricity,USA|Hawaii,US,False,False,rolling,2023-12-01,6,2024-06-01,891.36,893.740918938671,41.762117247941745,840.2206121991142,947.2612256782279,0.8,35.95859848484849,
sarima_core,electricity,USA|Hawaii,US,False,False,rolling,2023-12-01,7,2024-07-01,952.86,933.3888370877048,41.76873758591365,879.8600460436555,986.9176281317541,0.8,35.95859848484849,
sarima_core,electricity,USA|Hawaii,US,False,False,rolling,2023-12-01,8,2024-08-01,988.96,964.1076578613306,41.77121007642459,910.5756981931963,1017.6396175294649,0.8,35.95859848484849,
sarima_core,electricity,USA|Hawaii,US,False,False,rolling,2023-12-01,9,2024-09-01,939.09,937.578126800932,41.77223668677221,884.0448514786995,991.1114021231645,0.8,35.95859848484849,
sarima_core,electricity,USA|Hawaii,US,False,False,rolling,2023-12-01,10,2024-10-01,948.93,970.4725534593,41.77269596265556,916.9386895513402,1024.00641736726,0.8,35.95859848484849,
sarima_core,electricity,USA|Hawaii,US,False,False,rolling,2023-12-01,11,2024-11-01,874.46,891.6893933013587,41.77291093029782,838.1552539012804,945.223532701437,0.8,35.95859848484849,
sarima_core,electricity,USA|Hawaii,US,False,False,rolling,2023-12-01,12,2024-12-01,920.35,894.187753876851,41.7730140854837,840.6534822780827,947.7220254756194,0.8,35.95859848484849,
sarima_core,electricity,USA|Hawaii,US,False,False,rolling,2024-12-01,1,2025-01-01,872.98,884.4907751935659,35.890240442341366,838.4955813669112,930.4859690202206,0.8,35.38510869565218,
sarima_core,electricity,USA|Hawaii,US,False,False,rolling,2024-12-01,2,2025-02-01,782.96,778.1298477564145,39.94763814193655,726.9348895558065,829.3248059570225,0.8,35.38510869565218,
sarima_core,electricity,USA|Hawaii,US,False,False,rolling,2024-12-01,3,2025-03-01,885.65,845.348048190835,40.871392568298674,792.9692510589439,897.7268453227261,0.8,35.38510869565218,
sarima_core,electricity,USA|Hawaii,US,False,False,rolling,2024-12-01,4,2025-04-01,899.58,861.4043647287193,41.09908504036279,808.7337679527917,914.0749615046469,0.8,35.38510869565218,
sarima_core,electricity,USA|Hawaii,US,False,False,rolling,2024-12-01,5,2025-05-01,867.91,894.5745669638383,41.15895519685731,841.8272434951257,947.3218904325508,0.8,35.38510869565218,
sarima_core,electricity,USA|Hawaii,US,False,False,rolling,2024-12-01,6,2025-06-01,923.39,893.5132931735726,41.176172830201516,840.7439044198928,946.2826819272524,0.8,35.38510869565218,
sarima_core,electricity,USA|Hawaii,US,False,False,rolling,2024-12-01,7,2025-07-01,974.38,944.1689442788095,41.18174783546906,891.3924108684012,996.9454776892178,0.8,35.38510869565218,
sarima_core,electricity,USA|Hawaii,US,False,False,rolling,2024-12-01,8,2025-08-01,989.42,974.7312051115242,41.18379916349385,921.9520428184743,1027.5103674045743,0.8,35.38510869565218,
sarima_core,electricity,USA|Hawaii,US,False,False,rolling,2024-12-01,9,2025-09-01,975.34,935.9324321001556,41.1846405937555,883.1521914708364,988.7126727294747,0.8,35.38510869565218,
sarima_core,electricity,USA|Hawaii,US,False,False,rolling,2024-12-01,10,2025-10-01,983.41,957.2622132692642,41.18501259669787,904.481495898992,1010.0429306395364,0.8,35.38510869565218,
sarima_core,electricity,USA|Hawaii,US,False,False,rolling,2024-12-01,11,2025-11-01,918.69,885.820504042277,41.185184532455864,833.0395663274649,938.6014417570891,0.8,35.38510869565218,
sarima_core,electricity,USA|Hawaii,US,False,False,rolling,2024-12-01,12,2025-12-01,928.04,911.7951672375892,41.18526592739972,859.0141252109594,964.5762092642191,0.8,35.38510869565218,
sarima_core,electricity,USA|Idaho,US,False,False,holdout,last12,1,2025-01-01,1793.04,1580.5991444655638,153.03077986925325,1384.4823089476113,1776.7159799835163,0.8,150.9736956521739,
sarima_core,electricity,USA|Idaho,US,False,False,holdout,last12,2,2025-02-01,1441.5,1395.4793479291036,172.87405669818173,1173.9323299255027,1617.0263659327045,0.8,150.9736956521739,
sarima_core,electricity,USA|Idaho,US,False,False,holdout,last12,3,2025-03-01,1513.46,1459.2041532912722,178.09784587600512,1230.9625800887568,1687.4457264937876,0.8,150.9736956521739,
sarima_core,electricity,USA|Idaho,US,False,False,holdout,last12,4,2025-04-01,1519.66,1225.7829159264961,179.62158987239184,995.5885862199223,1455.97724563307,0.8,150.9736956521739,
sarima_core,electricity,USA|Idaho,US,False,False,holdout,last12,5,2025-05-01,1660.89,1316.8494841086992,180.11035043728543,1086.0287825350094,1547.670185682389,0.8,150.9736956521739,
sarima_core,electricity,USA|Idaho,US,False,False,holdout,last12,6,2025-06-01,1882.53,1565.6136407561023,180.28925795960296,1334.5636599670988,1796.6636215451058,0.8,150.9736956521739,
sarima_core,electricity,USA|Idaho,US,False,False,holdout,last12,7,2025-07-01,1854.16,1671.993602310694,180.36753942843106,1440.8432997827608,1903.1439048386273,0.8,150.9736956521739,
sarima_core,electricity,USA|Idaho,US,False,False,holdout,last12,8,2025-08-01,1850.64,1596.0590183511729,180.40968352684666,1364.8547059879365,1827.2633307144092,0.8,150.9736956521739,
sarima_core,electricity,USA|Idaho,US,False,False,holdout,last12,9,2025-09-01,1526.96,1304.5039131858073,180.4373893418077,1073.264094392033,1535.7437319795815,0.8,150.9736956521739,
sarima_core,electricity,USA|Idaho,US,False,False,holdout,last12,10,2025-10-01,1475.77,1191.7326055276337,180.4587637621011,960.4653943120699,1422.9998167431977,0.8,150.9736956521739,
sarima_core,electricity,USA|Idaho,US,False,False,holdout,last12,11,2025-11-01,1675.51,1492.9556158927103,180.47716626210513,1261.6648209244563,1724.2464108609643,0.8,150.9736956521739,
sarima_core,electricity,USA|Idaho,US,False,False,holdout,last12,12,2025-12-01,2130.78,1560.22070786115,180.49411166113623,1328.9081964902389,1791.5332192320611,0.8,150.9736956521739,
sarima_core,electricity,USA|Idaho,US,False,False,rolling,2022-12-01,1,2023-01-01,1380.16,1455.3162965965562,148.15694751973058,1265.4455285563363,1645.187064636776,0.8,149.8426984126984,
sarima_core,electricity,USA|Idaho,US,False,False,rolling,2022-12-01,2,2023-02-01,1260.53,1408.521279768258,169.148907517636,1191.7482325288727,1625.2943270076432,0.8,149.8426984126984,
sarima_core,electricity,USA|Idaho,US,False,False,rolling,2022-12-01,3,2023-03-01,1291.75,1565.3068588714184,175.2104012262356,1340.7656948802387,1789.848022862598,0.8,149.8426984126984,
sarima_core,electricity,USA|Idaho,US,False,False,rolling,2022-12-01,4,2023-04-01,1075.44,1430.871059516689,177.17169835249638,1203.8163921228515,1657.9257269105265,0.8,149.8426984126984,
sarima_core,electricity,USA|Idaho,US,False,False,rolling,2022-12-01,5,2023-05-01,1487.48,1560.3335733080178,177.87608781163343,1332.3761945000701,1788.2909521159654,0.8,149.8426984126984,
sarima_core,electricity,USA|Idaho,US,False,False,rolling,2022-12-01,6,2023-06-01,1342.94,1381.9125970076523,178.1657942352709,1153.5839444789437,1610.2412495363608,0.8,149.8426984126984,
sarima_core,electricity,USA|Idaho,US,False,False,rolling,2022-12-01,7,2023-07-01,1492.79,1618.6918662725082,178.30714343171445,1390.1820674598089,1847.2016650852074,0.8,149.8426984126984,
sarima_core,electricity,USA|Idaho,US,False,False,rolling,2022-12-01,8,2023-08-01,1443.98,1524.4390463838804,178.39026148713225,1295.8227274971355,1753.0553652706253,0.8,149.8426984126984,
sarima_core,electricity,USA|Idaho,US,False,False,rolling,2022-12-01,9,2023-09-01,1151.74,1303.5874470741594,178.44829572193976,1074.8967543229417,1532.2781398253771,0.8,149.8426984126984,
sarima_core,electricity,USA|Idaho,US,False,False,rolling,2022-12-01,10,2023-10-01,1103.75,1122.6029458452679,178.49463585526414,893.8528658236407,1351.353025866895,0.8,149.8426984126984,
sarima_core,electricity,USA|Idaho,US,False,False,rolling,2022-12-01,11,2023-11-01,1331.38,1333.6614679725349,178.535199133242,1104.8594040185117,1562.463531926558,0.8,149.8426984126984,
sarima_core,electricity,USA|Idaho,US,False,False,rolling,2022-12-01,12,2023-12-01,1353.0,1323.2167336815185,178.57279799789086,1094.3664848436417,1552.0669825193952,0.8,149.8426984126984,
sarima_core,electricity,USA|Idaho,US,False,False,rolling,2023-12-01,1,2024-01-01,1400.63,1415.0396029180908,146.5451781331407,1227.234400458552,1602.8448053776297,0.8,147.1766287878788,
sarima_core,electricity,USA|Idaho,US,False,False,rolling,2023-12-01,2,2024-02-01,1302.94,1299.4536527641503,167.3297243754138,1085.0119825286922,1513.8953229996084,0.8,147.1766287878788,
sarima_core,electricity,USA|Idaho,US,False,False,rolling,2023-12-01,3,2024-03-01,1483.53,1363.5721074009746,173.56364821271012,1141.1413423123436,1586.0028724896056,0.8,147.1766287878788,
sarima_core,electricity,USA|Idaho,US,False,False,rolling,2023-12-01,4,2024-04-01,1274.03,1164.612455288899,175.77965331516103,939.3417653919672,1389.8831451858307,0.8,147.1766287878788,
sarima_core,electricity,USA|Idaho,US,False,False,rolling,2023-12-01,5,2024-05-01,1041.02,1451.0882808980427,176.71835238976468,1224.6145997324775,1677.561962063608,0.8,147.1766287878788,
sarima_core,electricity,USA|Idaho,US,False,False,rolling,2023-12-01,6,2024-06-01,1725.13,1251.842430843903,177.204169798914,1024.7461496170736,1478.9387120707324,0.8,147.1766287878788,
sarima_core,electricity,USA|Idaho,US,False,False,rolling,2023-12-01,7,2024-07-01,1790.53,1505.7547000751629,177.51121314396337,1278.2649269687954,1733.2444731815303,0.8,147.1766287878788,
sarima_core,electricity,USA|Idaho,US,False,False,rolling,2023-12-01,8,2024-08-01,1688.4,1426.6492972668282,177.74050518861907,1198.8656745816652,1654.4329199519912,0.8,147.1766287878788,
sarima_core,electricity,USA|Idaho,US,False,False,rolling,2023-12-01,9,2024-09-01,1399.16,1200.114187320667,177.93333895574588,972.0834382193528,1428.1449364219811,0.8,147.1766287878788,
sarima_core,electricity,USA|Idaho,US,False,False,rolling,2023-12-01,10,2024-10-01,1217.37,1064.4585376268747,178.10816951723862,836.2037341457744,1292.7133411079749,0.8,147.1766287878788,
sarima_core,electricity,USA|Idaho,US,False,False,rolling,2023-12-01,11,2024-11-01,1598.35,1367.0943633060938,178.2738043771833,1138.6272902109226,1595.561436401265,0.8,147.1766287878788,
sarima_core,electricity,USA|Idaho,US,False,False,rolling,2023-12-01,12,2024-12-01,1715.04,1349.0414476872622,178.43462923942081,1120.3682692381121,1577.7146261364123,0.8,147.1766287878788,
sarima_core,electricity,USA|Idaho,US,False,False,rolling,2024-12-01,1,2025-01-01,1793.04,1580.5991444655638,153.03077986925325,1384.4823089476113,1776.7159799835163,0.8,150.9736956521739,
sarima_core,electricity,USA|Idaho,US,False,False,rolling,2024-12-01,2,2025-02-01,1441.5,1395.4793479291036,172.87405669818173,1173.9323299255027,1617.0263659327045,0.8,150.9736956521739,
sarima_core,electricity,USA|Idaho,US,False,False,rolling,2024-12-01,3,2025-03-01,1513.46,1459.2041532912722,178.09784587600512,1230.9625800887568,1687.4457264937876,0.8,150.9736956521739,
sarima_core,electricity,USA|Idaho,US,False,False,rolling,2024-12-01,4,2025-04-01,1519.66,1225.7829159264961,179.62158987239184,995.5885862199223,1455.97724563307,0.8,150.9736956521739,
sarima_core,electricity,USA|Idaho,US,False,False,rolling,2024-12-01,5,2025-05-01,1660.89,1316.8494841086992,180.11035043728543,1086.0287825350094,1547.670185682389,0.8,150.9736956521739,
sarima_core,electricity,USA|Idaho,US,False,False,rolling,2024-12-01,6,2025-06-01,1882.53,1565.6136407561023,180.28925795960296,1334.5636599670988,1796.6636215451058,0.8,150.9736956521739,
sarima_core,electricity,USA|Idaho,US,False,False,rolling,2024-12-01,7,2025-07-01,1854.16,1671.993602310694,180.36753942843106,1440.8432997827608,1903.1439048386273,0.8,150.9736956521739,
sarima_core,electricity,USA|Idaho,US,False,False,rolling,2024-12-01,8,2025-08-01,1850.64,1596.0590183511729,180.40968352684666,1364.8547059879365,1827.2633307144092,0.8,150.9736956521739,
sarima_core,electricity,USA|Idaho,US,False,False,rolling,2024-12-01,9,2025-09-01,1526.96,1304.5039131858073,180.4373893418077,1073.264094392033,1535.7437319795815,0.8,150.9736956521739,
sarima_core,electricity,USA|Idaho,US,False,False,rolling,2024-12-01,10,2025-10-01,1475.77,1191.7326055276337,180.4587637621011,960.4653943120699,1422.9998167431977,0.8,150.9736956521739,
sarima_core,electricity,USA|Idaho,US,False,False,rolling,2024-12-01,11,2025-11-01,1675.51,1492.9556158927103,180.47716626210513,1261.6648209244563,1724.2464108609643,0.8,150.9736956521739,
sarima_core,electricity,USA|Idaho,US,False,False,rolling,2024-12-01,12,2025-12-01,2130.78,1560.22070786115,180.49411166113623,1328.9081964902389,1791.5332192320611,0.8,150.9736956521739,
sarima_core,electricity,USA|Illinois,US,True,False,holdout,last12,1,2025-01-01,18190.93,16508.458418779377,773.0326710691298,15517.777188953609,17499.139648605145,0.8,722.6458333333334,
sarima_core,electricity,USA|Illinois,US,True,False,holdout,last12,2,2025-02-01,15824.61,14653.018564301969,852.666874930514,13560.281995846746,15745.755132757191,0.8,722.6458333333334,
sarima_core,electricity,USA|Illinois,US,True,False,holdout,last12,3,2025-03-01,15777.42,15063.747576358583,889.6257864715509,13923.64625695712,16203.848895760046,0.8,722.6458333333334,
sarima_core,electricity,USA|Illinois,US,True,False,holdout,last12,4,2025-04-01,15046.57,14051.509787473373,918.0170778171931,12875.02356420007,15227.996010746676,0.8,722.6458333333334,
sarima_core,electricity,USA|Illinois,US,True,False,holdout,last12,5,2025-05-01,15082.73,14350.40746645497,943.9072031250455,13140.741712561243,15560.073220348697,0.8,722.6458333333334,
sarima_core,electricity,USA|Illinois,US,True,False,holdout,last12,6,2025-06-01,16867.0,16231.9232395885,968.7013718688746,14990.48247992474,17473.36399925226,0.8,722.6458333333334,
sarima_core,electricity,USA|Illinois,US,True,False,holdout,last12,7,2025-07-01,18840.63,17688.254256113698,992.7757765255172,16415.960905472664,18960.54760675473,0.8,722.6458333333334,
sarima_core,electricity,USA|Illinois,US,True,False,holdout,last12,8,2025-08-01,17134.05,17444.599803311892,1016.2548108524065,16142.216859471759,18746.982747152026,0.8,722.6458333333334,
sarima_core,electricity,USA|Illinois,US,True,False,holdout,last12,9,2025-09-01,14858.28,14865.591934380232,1039.1971798512536,13533.807161632325,16197.37670712814,0.8,722.6458333333334,
sarima_core,electricity,USA|Illinois,US,True,False,holdout,last12,10,2025-10-01,16074.6,15664.94608172704,1061.6422841829926,14304.39675038398,17025.4954130701,0.8,722.6458333333334,
sarima_core,electricity,USA|Illinois,US,True,False,holdout,last12,11,2025-11-01,15168.03,15069.354566038228,1083.6221822459825,13680.636861922032,16458.072270154422,0.8,722.6458333333334,
sarima_core,electricity,USA|Illinois,US,True,False,holdout,last12,12,2025-12-01,17647.88,16546.3287313686,1105.1649224114433,15130.002894867239,17962.654567869962,0.8,722.6458333333334,
sarima_core,electricity,USA|Illinois,US,True,False,rolling,2022-12-01,1,2023-01-01,15515.43,17268.836603640342,775.5498712166439,16274.929452024739,18262.743755255946,0.8,711.1996031746031,
sarima_core,electricity,USA|Illinois,US,True,False,rolling,2022-12-01,2,2023-02-01,13914.48,15361.3088545733,856.283293490676,14263.937659250638,16458.680049895964,0.8,711.1996031746031,
sarima_core,electricity,USA|Illinois,US,True,False,rolling,2022-12-01,3,2023-03-01,14226.43,14989.735042186787,892.6128996923082,13845.805583160804,16133.66450121277,0.8,711.1996031746031,
sarima_core,electricity,USA|Illinois,US,True,False,rolling,2022-12-01,4,2023-04-01,13091.63,14316.04269992803,919.8670637300581,13137.18562431186,15494.8997755442,0.8,711.1996031746031,
sarima_core,electricity,USA|Illinois,US,True,False,rolling,2022-12-01,5,2023-05-01,13351.04,15461.655081469557,944.486950713292,14251.246351146492,16672.06381179262,0.8,711.1996031746031,
sarima_core,electricity,USA|Illinois,US,True,False,rolling,2022-12-01,6,2023-06-01,15022.37,16365.884209881924,968.0070209296875,15125.333296751318,17606.43512301253,0.8,711.1996031746031,
sarima_core,electricity,USA|Illinois,US,True,False,rolling,2022-12-01,7,2023-07-01,17286.42,17156.867760930152,990.8452771547653,15887.04844477999,18426.687077080314,0.8,711.1996031746031,
sarima_core,electricity,USA|Illinois,US,True,False,rolling,2022-12-01,8,2023-08-01,16702.49,17368.66141866387,1013.1363848700034,16070.27489852352,18667.04793880422,0.8,711.1996031746031,
sarima_core,electricity,USA|Illinois,US,True,False,rolling,2022-12-01,9,2023-09-01,14047.91,15117.024208938907,1034.9389485485904,13790.696579183379,16443.351838694434,0.8,711.1996031746031,
sarima_core,electricity,USA|Illinois,US,True,False,rolling,2022-12-01,10,2023-10-01,15211.37,14477.201554196683,1056.289339582677,13123.51229738643,15830.890811006935,0.8,711.1996031746031,
sarima_core,electricity,USA|Illinois,US,True,False,rolling,2022-12-01,11,2023-11-01,15134.19,15552.543308853667,1077.216057050742,14172.035384510507,16933.051233196828,0.8,711.1996031746031,
sarima_core,electricity,USA|Illinois,US,True,False,rolling,2022-12-01,12,2023-12-01,15809.35,16737.36843260395,1097.743756513023,15330.553202877876,18144.183662330026,0.8,711.1996031746031,
sarima_core,electricity,USA|Illinois,US,True,False,rolling,2023-12-01,1,2024-01-01,16586.58,15927.218492230664,783.3276340739329,14923.343736448867,16931.09324801246,0.8,719.5523106060606,
sarima_core,electricity,USA|Illinois,US,True,False,rolling,2023-12-01,2,2024-02-01,14594.7,14150.082088707219,865.5226732694452,13040.870151764413,15259.294025650024,0.8,719.5523106060606,
sarima_core,electricity,USA|Illinois,US,True,False,rolling,2023-12-01,3,2024-03-01,15081.14,14461.974023685712,902.4135062882841,13305.48458193337,15618.463465438055,0.8,719.5523106060606,
sarima_core,electricity,USA|Illinois,US,True,False,rolling,2023-12-01,4,2024-04-01,14153.93,13360.213210707137,929.9825156229982,12168.392661881378,14552.033759532897,0.8,719.5523106060606,
sarima_core,electricity,USA|Illinois,US,True,False,rolling,2023-12-01,5,2024-05-01,14480.07,13820.172204063274,954.8379572367566,12596.498125125101,15043.846283001447,0.8,719.5523106060606,
sarima_core,electricity,USA|Illinois,US,True,False,rolling,2023-12-01,6,2024-06-01,16503.57,15164.402723021496,978.5657581277741,13910.320243704507,16418.485202338485,0.8,719.5523106060606,
sarima_core,electricity,USA|Illinois,US,True,False,rolling,2023-12-01,7,2024-07-01,17414.9,16816.67165892239,1001.6007068584277,15533.068704997395,18100.27461284739,0.8,719.5523106060606,
sarima_core,electricity,USA|Illinois,US,True,False,rolling,2023-12-01,8,2024-08-01,17400.87,16438.23961034735,1024.0829458549365,15125.824507839432,17750.65471285527,0.8,719.5523106060606,
sarima_core,electricity,USA|Illinois,US,True,False,rolling,2023-12-01,9,2024-09-01,14872.86,14089.464148948147,1046.0728828793501,12748.867808220362,15430.060489675932,0.8,719.5523106060606,
sarima_core,electricity,USA|Illinois,US,True,False,rolling,2023-12-01,10,2024-10-01,15426.52,14679.956285808963,1067.607526059139,13311.762189400675,16048.15038221725,0.8,719.5523106060606,
sarima_core,electricity,USA|Illinois,US,True,False,rolling,2023-12-01,11,2024-11-01,14481.11,14952.390185939252,1088.7156466587678,13557.144944530806,16347.635427347697,0.8,719.5523106060606,
sarima_core,electricity,USA|Illinois,US,True,False,rolling,2023-12-01,12,2024-12-01,16499.14,15866.442212909044,1109.422057731876,14444.660637973046,17288.22378784504,0.8,719.5523106060606,
sarima_core,electricity,USA|Illinois,US,True,False,rolling,2024-12-01,1,2025-01-01,18190.93,16508.458418779377,773.0326710691298,15517.777188953609,17499.139648605145,0.8,722.6458333333334,
sarima_core,electricity,USA|Illinois,US,True,False,rolling,2024-12-01,2,2025-02-01,15824.61,14653.018564301969,852.666874930514,13560.281995846746,15745.755132757191,0.8,722.6458333333334,
sarima_core,electricity,USA|Illinois,US,True,False,rolling,2024-12-01,3,2025-03-01,15777.42,15063.747576358583,889.6257864715509,13923.64625695712,16203.848895760046,0.8,722.6458333333334,
sarima_core,electricity,USA|Illinois,US,True,False,rolling,2024-12-01,4,2025-04-01,15046.57,14051.509787473373,918.0170778171931,12875.02356420007,15227.996010746676,0.8,722.6458333333334,
sarima_core,electricity,USA|Illinois,US,True,False,rolling,2024-12-01,5,2025-05-01,15082.73,14350.40746645497,943.9072031250455,13140.741712561243,15560.073220348697,0.8,722.6458333333334,
sarima_core,electricity,USA|Illinois,US,True,False,rolling,2024-12-01,6,2025-06-01,16867.0,16231.9232395885,968.7013718688746,14990.48247992474,17473.36399925226,0.8,722.6458333333334,
sarima_core,electricity,USA|Illinois,US,True,False,rolling,2024-12-01,7,2025-07-01,18840.63,17688.254256113698,992.7757765255172,16415.960905472664,18960.54760675473,0.8,722.6458333333334,
sarima_core,electricity,USA|Illinois,US,True,False,rolling,2024-12-01,8,2025-08-01,17134.05,17444.599803311892,1016.2548108524065,16142.216859471759,18746.982747152026,0.8,722.6458333333334,
sarima_core,electricity,USA|Illinois,US,True,False,rolling,2024-12-01,9,2025-09-01,14858.28,14865.591934380232,1039.1971798512536,13533.807161632325,16197.37670712814,0.8,722.6458333333334,
sarima_core,electricity,USA|Illinois,US,True,False,rolling,2024-12-01,10,2025-10-01,16074.6,15664.94608172704,1061.6422841829926,14304.39675038398,17025.4954130701,0.8,722.6458333333334,
sarima_core,electricity,USA|Illinois,US,True,False,rolling,2024-12-01,11,2025-11-01,15168.03,15069.354566038228,1083.6221822459825,13680.636861922032,16458.072270154422,0.8,722.6458333333334,
sarima_core,electricity,USA|Illinois,US,True,False,rolling,2024-12-01,12,2025-12-01,17647.88,16546.3287313686,1105.1649224114433,15130.002894867239,17962.654567869962,0.8,722.6458333333334,
sarima_core,electricity,USA|Indiana,US,True,False,holdout,last12,1,2025-01-01,11308.63,9542.816032204677,772.8093958942458,8552.42094102883,10533.211123380524,0.8,721.3359782608696,
sarima_core,electricity,USA|Indiana,US,True,False,holdout,last12,2,2025-02-01,9085.6,7651.835645533041,870.5175163546083,6536.2225596147955,8767.448731451286,0.8,721.3359782608696,
sarima_core,electricity,USA|Indiana,US,True,False,holdout,last12,3,2025-03-01,8891.16,7563.093552318616,912.7056369968423,6393.414214343931,8732.772890293301,0.8,721.3359782608696,
sarima_core,electricity,USA|Indiana,US,True,False,holdout,last12,4,2025-04-01,7854.58,6725.88360586699,941.5648723817839,5519.219669604314,7932.547542129667,0.8,721.3359782608696,
sarima_core,electricity,USA|Indiana,US,True,False,holdout,last12,5,2025-05-01,7435.69,6839.784237438961,966.1874608563513,5601.565184368942,8078.00329050898,0.8,721.3359782608696,
sarima_core,electricity,USA|Indiana,US,True,False,holdout,last12,6,2025-06-01,8935.97,8659.188506247112,989.1244952094237,7391.574460892963,9926.802551601262,0.8,721.3359782608696,
sarima_core,electricity,USA|Indiana,US,True,False,holdout,last12,7,2025-07-01,11067.11,9550.631456510006,1011.190197621062,8254.73907568538,10846.523837334631,0.8,721.3359782608696,
sarima_core,electricity,USA|Indiana,US,True,False,holdout,last12,8,2025-08-01,9555.52,9249.038383451734,1032.6682849895237,7925.620726135153,10572.456040768317,0.8,721.3359782608696,
sarima_core,electricity,USA|Indiana,US,True,False,holdout,last12,9,2025-09-01,8774.35,7145.85019564518,1053.670016904218,5795.517735914174,8496.182655376186,0.8,721.3359782608696,
sarima_core,electricity,USA|Indiana,US,True,False,holdout,last12,10,2025-10-01,9172.56,7274.944761709992,1074.2483720906725,5898.240078673452,8651.649444746532,0.8,721.3359782608696,
sarima_core,electricity,USA|Indiana,US,True,False,holdout,last12,11,2025-11-01,7765.74,7602.248822912514,1094.4355762386615,6199.6731967961505,9004.824449028878,0.8,721.3359782608696,
sarima_core,electricity,USA|Indiana,US,True,False,holdout,last12,12,2025-12-01,9813.61,8936.732822067694,1114.2556728106952,7508.756720160195,10364.708923975191,0.8,721.3359782608696,
sarima_core,electricity,USA|Indiana,US,True,False,rolling,2022-12-01,1,2023-01-01,8172.06,10035.635923744116,771.4078814090799,9047.036945650865,11024.234901837366,0.8,726.8188492063491,
sarima_core,electricity,USA|Indiana,US,True,False,rolling,2022-12-01,2,2023-02-01,7559.39,9640.758257970167,878.8643491772021,8514.448275380786,10767.068240559547,0.8,726.8188492063491,
sarima_core,electricity,USA|Indiana,US,True,False,rolling,2022-12-01,3,2023-03-01,7583.13,7980.093533721967,927.4007062113141,6791.58170678969,9168.605360654245,0.8,726.8188492063491,
sarima_core,electricity,USA|Indiana,US,True,False,rolling,2022-12-01,4,2023-04-01,6303.19,7861.714984608354,960.8905249158449,6630.28422808548,9093.145741131228,0.8,726.8188492063491,
sarima_core,electricity,USA|Indiana,US,True,False,rolling,2022-12-01,5,2023-05-01,6373.61,8486.130481516655,989.3401836098544,7218.240020355263,9754.020942678046,0.8,726.8188492063491,
sarima_core,electricity,USA|Indiana,US,True,False,rolling,2022-12-01,6,2023-06-01,8019.4,9264.844449149425,1015.6930934786297,7963.181375089049,10566.5075232098,0.8,726.8188492063491,
sarima_core,electricity,USA|Indiana,US,True,False,rolling,2022-12-01,7,2023-07-01,8734.29,9561.779818843037,1040.9335284915185,8227.769825776866,10895.789811909208,0.8,726.8188492063491,
sarima_core,electricity,USA|Indiana,US,True,False,rolling,2022-12-01,8,2023-08-01,8994.49,9849.256378839444,1065.421723542171,8483.863501068749,11214.649256610139,0.8,726.8188492063491,
sarima_core,electricity,USA|Indiana,US,True,False,rolling,2022-12-01,9,2023-09-01,7212.64,7664.082330082975,1089.3057481005474,6268.080843247986,9060.083816917964,0.8,726.8188492063491,
sarima_core,electricity,USA|Indiana,US,True,False,rolling,2022-12-01,10,2023-10-01,7234.17,7439.011772987403,1112.6584179343452,6013.082635567264,8864.94091040754,0.8,726.8188492063491,
sarima_core,electricity,USA|Indiana,US,True,False,rolling,2022-12-01,11,2023-11-01,7404.86,7855.98292245917,1135.5243614938488,6400.749899272696,9311.215945645645,0.8,726.8188492063491,
sarima_core,electricity,USA|Indiana,US,True,False,rolling,2022-12-01,12,2023-12-01,7776.16,9179.163093860625,1157.9365575236234,7695.2076857649,10663.118501956349,0.8,726.8188492063491,
sarima_core,electricity,USA|Indiana,US,True,False,rolling,2023-12-01,1,2024-01-01,9623.73,8060.263400300366,774.8608813210033,7067.239224764166,9053.287575836566,0.8,727.9347727272727,
sarima_core,electricity,USA|Indiana,US,True,False,rolling,2023-12-01,2,2024-02-01,7215.47,7542.246172693734,879.7888864480278,6414.751347917523,8669.740997469944,0.8,727.9347727272727,
sarima_core,electricity,USA|Indiana,US,True,False,rolling,2023-12-01,3,2024-03-01,7147.37,7266.949415113086,924.2496816019384,6082.475788702023,8451.423041524147,0.8,727.9347727272727,
sarima_core,electricity,USA|Indiana,US,True,False,rolling,2023-12-01,4,2024-04-01,6610.66,6544.959402128419,953.2843271174946,5323.276380301863,7766.642423954975,0.8,727.9347727272727,
sarima_core,electricity,USA|Indiana,US,True,False,rolling,2023-12-01,5,2024-05-01,6761.4,6811.1460926370955,977.2179736971515,5558.790868567189,8063.501316707002,0.8,727.9347727272727,
sarima_core,electricity,USA|Indiana,US,True,False,rolling,2023-12-01,6,2024-06-01,8690.25,7934.857028910128,999.1187560969536,6654.434822869103,9215.279234951153,0.8,727.9347727272727,
sarima_core,electricity,USA|Indiana,US,True,False,rolling,2023-12-01,7,2024-07-01,9690.62,8428.679568344527,1020.028295493603,7121.46070935491,9735.898427334145,0.8,727.9347727272727,
sarima_core,electricity,USA|Indiana,US,True,False,rolling,2023-12-01,8,2024-08-01,9046.61,8642.105452128386,1040.3288546519686,7308.8703797679345,9975.340524488838,0.8,727.9347727272727,
sarima_core,electricity,USA|Indiana,US,True,False,rolling,2023-12-01,9,2024-09-01,6747.47,6765.327213469689,1060.1719430845048,5406.662200063281,8123.992226876097,0.8,727.9347727272727,
sarima_core,electricity,USA|Indiana,US,True,False,rolling,2023-12-01,10,2024-10-01,6942.25,6836.9614435507,1079.6252328869332,5453.3660361429975,8220.556850958403,0.8,727.9347727272727,
sarima_core,electricity,USA|Indiana,US,True,False,rolling,2023-12-01,11,2024-11-01,7365.14,7295.07389476503,1098.7249444746444,5887.001222070645,8703.146567459415,0.8,727.9347727272727,
sarima_core,electricity,USA|Indiana,US,True,False,rolling,2023-12-01,12,2024-12-01,9287.39,8019.790357239087,1117.4948882954238,6587.663033655998,9451.917680822176,0.8,727.9347727272727,
sarima_core,electricity,USA|Indiana,US,True,False,rolling,2024-12-01,1,2025-01-01,11308.63,9542.816032204677,772.8093958942458,8552.42094102883,10533.211123380524,0.8,721.3359782608696,
sarima_core,electricity,USA|Indiana,US,True,False,rolling,2024-12-01,2,2025-02-01,9085.6,7651.835645533041,870.5175163546083,6536.2225596147955,8767.448731451286,0.8,721.3359782608696,
sarima_core,electricity,USA|Indiana,US,True,False,rolling,2024-12-01,3,2025-03-01,8891.16,7563.093552318616,912.7056369968423,6393.414214343931,8732.772890293301,0.8,721.3359782608696,
sarima_core,electricity,USA|Indiana,US,True,False,rolling,2024-12-01,4,2025-04-01,7854.58,6725.88360586699,941.5648723817839,5519.219669604314,7932.547542129667,0.8,721.3359782608696,
sarima_core,electricity,USA|Indiana,US,True,False,rolling,2024-12-01,5,2025-05-01,7435.69,6839.784237438961,966.1874608563513,5601.565184368942,8078.00329050898,0.8,721.3359782608696,
sarima_core,electricity,USA|Indiana,US,True,False,rolling,2024-12-01,6,2025-06-01,8935.97,8659.188506247112,989.1244952094237,7391.574460892963,9926.802551601262,0.8,721.3359782608696,
sarima_core,electricity,USA|Indiana,US,True,False,rolling,2024-12-01,7,2025-07-01,11067.11,9550.631456510006,1011.190197621062,8254.73907568538,10846.523837334631,0.8,721.3359782608696,
sarima_core,electricity,USA|Indiana,US,True,False,rolling,2024-12-01,8,2025-08-01,9555.52,9249.038383451734,1032.6682849895237,7925.620726135153,10572.456040768317,0.8,721.3359782608696,
sarima_core,electricity,USA|Indiana,US,True,False,rolling,2024-12-01,9,2025-09-01,8774.35,7145.85019564518,1053.670016904218,5795.517735914174,8496.182655376186,0.8,721.3359782608696,
sarima_core,electricity,USA|Indiana,US,True,False,rolling,2024-12-01,10,2025-10-01,9172.56,7274.944761709992,1074.2483720906725,5898.240078673452,8651.649444746532,0.8,721.3359782608696,
sarima_core,electricity,USA|Indiana,US,True,False,rolling,2024-12-01,11,2025-11-01,7765.74,7602.248822912514,1094.4355762386615,6199.6731967961505,9004.824449028878,0.8,721.3359782608696,
sarima_core,electricity,USA|Indiana,US,True,False,rolling,2024-12-01,12,2025-12-01,9813.61,8936.732822067694,1114.2556728106952,7508.756720160195,10364.708923975191,0.8,721.3359782608696,
sarima_core,electricity,USA|Iowa,US,True,False,holdout,last12,1,2025-01-01,7167.77,6088.816600395457,363.81801976162757,5622.565047596607,6555.068153194306,0.8,350.7590942028986,
sarima_core,electricity,USA|Iowa,US,True,False,holdout,last12,2,2025-02-01,6536.37,5773.339473530955,402.4204534295262,5257.616911431178,6289.062035630732,0.8,350.7590942028986,
sarima_core,electricity,USA|Iowa,US,True,False,holdout,last12,3,2025-03-01,6303.64,6449.121784672343,418.5273580775799,5912.757393704775,6985.486175639911,0.8,350.7590942028986,
sarima_core,electricity,USA|Iowa,US,True,False,holdout,last12,4,2025-04-01,6080.04,5912.482400956401,429.86111336085816,5361.593218162048,6463.371583750753,0.8,350.7590942028986,
sarima_core,electricity,USA|Iowa,US,True,False,holdout,last12,5,2025-05-01,5208.24,5674.395600592564,439.81213124515085,5110.753675249834,6238.037525935294,0.8,350.7590942028986,
sarima_core,electricity,USA|Iowa,US,True,False,holdout,last12,6,2025-06-01,5862.98,5576.749265948494,449.23601643994226,5001.030145780866,6152.468386116122,0.8,350.7590942028986,
sarima_core,electricity,USA|Iowa,US,True,False,holdout,last12,7,2025-07-01,6413.91,5594.219995742821,458.3777845574361,5006.785228332374,6181.6547631532685,0.8,350.7590942028986,
sarima_core,electricity,USA|Iowa,US,True,False,holdout,last12,8,2025-08-01,5600.82,5869.022233549494,467.3150668490016,5270.133878026576,6467.910589072411,0.8,350.7590942028986,
sarima_core,electricity,USA|Iowa,US,True,False,holdout,last12,9,2025-09-01,5280.29,5447.334301940129,476.07711711595437,4837.216927180218,6057.4516767000405,0.8,350.7590942028986,
sarima_core,electricity,USA|Iowa,US,True,False,holdout,last12,10,2025-10-01,6601.9,5934.877039859028,484.67860884793345,5313.73640990398,6556.017669814076,0.8,350.7590942028986,
sarima_core,electricity,USA|Iowa,US,True,False,holdout,last12,11,2025-11-01,6324.62,5914.363268924633,493.1294528942719,5282.392446551827,6546.33409129744,0.8,350.7590942028986,
sarima_core,electricity,USA|Iowa,US,True,False,holdout,last12,12,2025-12-01,7342.54,6158.872313566909,501.43770687832034,5516.254035293903,6801.4905918399145,0.8,350.7590942028986,
sarima_core,electricity,USA|Iowa,US,True,False,rolling,2022-12-01,1,2023-01-01,6014.19,7304.2386824500845,352.30003434108903,6852.748021898846,7755.729343001323,0.8,347.5652380952381,
sarima_core,electricity,USA|Iowa,US,True,False,rolling,2022-12-01,2,2023-02-01,6022.73,6490.500750303623,395.4644305256104,5983.692690246324,6997.3088103609225,0.8,347.5652380952381,
sarima_core,electricity,USA|Iowa,US,True,False,rolling,2022-12-01,3,2023-03-01,6698.26,6763.847352914854,411.7895822400448,6236.117769120167,7291.576936709541,0.8,347.5652380952381,
sarima_core,electricity,USA|Iowa,US,True,False,rolling,2022-12-01,4,2023-04-01,5974.05,6365.156941254645,421.6021934490559,5824.85199020297,6905.46189230632,0.8,347.5652380952381,
sarima_core,electricity,USA|Iowa,US,True,False,rolling,2022-12-01,5,2023-05-01,5799.63,6162.62309177913,429.3649840150005,5612.369724324673,6712.8764592335865,0.8,347.5652380952381,
sarima_core,electricity,USA|Iowa,US,True,False,rolling,2022-12-01,6,2023-06-01,5444.13,6593.722259959504,436.3633226966496,6034.500160611369,7152.944359307639,0.8,347.5652380952381,
sarima_core,electricity,USA|Iowa,US,True,False,rolling,2022-12-01,7,2023-07-01,5786.65,6689.533548425778,443.0261151141853,6121.772737024051,7257.294359827504,0.8,347.5652380952381,
sarima_core,electricity,USA|Iowa,US,True,False,rolling,2022-12-01,8,2023-08-01,6235.73,6782.441761837843,449.5077887823977,6206.3743513992695,7358.509172276416,0.8,347.5652380952381,
sarima_core,electricity,USA|Iowa,US,True,False,rolling,2022-12-01,9,2023-09-01,5458.24,6583.644313739726,455.86693028757776,5999.42733554967,7167.861291929783,0.8,347.5652380952381,
sarima_core,electricity,USA|Iowa,US,True,False,rolling,2022-12-01,10,2023-10-01,5657.8,6323.463640180237,462.12733299180763,5731.223633103636,6915.703647256839,0.8,347.5652380952381,
sarima_core,electricity,USA|Iowa,US,True,False,rolling,2022-12-01,11,2023-11-01,5783.35,7107.931459532031,468.2998866972764,6507.781006590778,7708.081912473284,0.8,347.5652380952381,
sarima_core,electricity,USA|Iowa,US,True,False,rolling,2022-12-01,12,2023-12-01,5944.3,7271.0310194756585,474.390588391538,6663.075018242859,7878.987020708458,0.8,347.5652380952381,
sarima_core,electricity,USA|Iowa,US,True,False,rolling,2023-12-01,1,2024-01-01,6240.81,6213.1983801391425,364.2108173705708,5746.443436949609,6679.953323328676,0.8,351.2430681818182,
sarima_core,electricity,USA|Iowa,US,True,False,rolling,2023-12-01,2,2024-02-01,5604.03,5978.324635868245,404.08575968135625,5460.467897934324,6496.1813738021665,0.8,351.2430681818182,
sarima_core,electricity,USA|Iowa,US,True,False,rolling,2023-12-01,3,2024-03-01,6278.54,6396.112236838179,421.05964506845464,5856.5025895130475,6935.721884163311,0.8,351.2430681818182,
sarima_core,electricity,USA|Iowa,US,True,False,rolling,2023-12-01,4,2024-04-01,5924.49,5772.511642960554,433.08837348970894,5217.486559895653,6327.536726025455,0.8,351.2430681818182,
sarima_core,electricity,USA|Iowa,US,True,False,rolling,2023-12-01,5,2024-05-01,5624.14,5557.1053692543355,443.6598702364954,4988.532367983441,6125.67837052523,0.8,351.2430681818182,
sarima_core,electricity,USA|Iowa,US,True,False,rolling,2023-12-01,6,2024-06-01,5778.08,5517.291713791475,453.66435380697146,4935.897450938371,6098.685976644579,0.8,351.2430681818182,
sarima_core,electricity,USA|Iowa,US,True,False,rolling,2023-12-01,7,2024-07-01,5478.34,5829.394678499963,463.3597323651471,5235.575288077082,6423.2140689228445,0.8,351.2430681818182,
sarima_core,electricity,USA|Iowa,US,True,False,rolling,2023-12-01,8,2024-08-01,5583.07,6021.301505690238,472.82908060769387,5415.346657202434,6627.256354178042,0.8,351.2430681818182,
sarima_core,electricity,USA|Iowa,US,True,False,rolling,2023-12-01,9,2024-09-01,5508.59,5481.386421530187,482.1044646625567,4863.544690085846,6099.228152974529,0.8,351.2430681818182,
sarima_core,electricity,USA|Iowa,US,True,False,rolling,2023-12-01,10,2024-10-01,6277.16,5442.953243673397,491.2023788408931,4813.4520660706185,6072.454421276176,0.8,351.2430681818182,
sarima_core,electricity,USA|Iowa,US,True,False,rolling,2023-12-01,11,2024-11-01,6114.11,6097.349256023568,500.1341280582862,5456.401581228188,6738.296930818949,0.8,351.2430681818182,
sarima_core,electricity,USA|Iowa,US,True,False,rolling,2023-12-01,12,2024-12-01,6440.16,6396.153945100938,508.90893827960133,5743.960898529074,7048.346991672801,0.8,351.2430681818182,
sarima_core,electricity,USA|Iowa,US,True,False,rolling,2024-12-01,1,2025-01-01,7167.77,6088.816600395457,363.81801976162757,5622.565047596607,6555.068153194306,0.8,350.7590942028986,
sarima_core,electricity,USA|Iowa,US,True,False,rolling,2024-12-01,2,2025-02-01,6536.37,5773.339473530955,402.4204534295262,5257.616911431178,6289.062035630732,0.8,350.7590942028986,
sarima_core,electricity,USA|Iowa,US,True,False,rolling,2024-12-01,3,2025-03-01,6303.64,6449.121784672343,418.5273580775799,5912.757393704775,6985.486175639911,0.8,350.7590942028986,
sarima_core,electricity,USA|Iowa,US,True,False,rolling,2024-12-01,4,2025-04-01,6080.04,5912.482400956401,429.86111336085816,5361.593218162048,6463.371583750753,0.8,350.7590942028986,
sarima_core,electricity,USA|Iowa,US,True,False,rolling,2024-12-01,5,2025-05-01,5208.24,5674.395600592564,439.81213124515085,5110.753675249834,6238.037525935294,0.8,350.7590942028986,
sarima_core,electricity,USA|Iowa,US,True,False,rolling,2024-12-01,6,2025-06-01,5862.98,5576.749265948494,449.23601643994226,5001.030145780866,6152.468386116122,0.8,350.7590942028986,
sarima_core,electricity,USA|Iowa,US,True,False,rolling,2024-12-01,7,2025-07-01,6413.91,5594.219995742821,458.3777845574361,5006.785228332374,6181.6547631532685,0.8,350.7590942028986,
sarima_core,electricity,USA|Iowa,US,True,False,rolling,2024-12-01,8,2025-08-01,5600.82,5869.022233549494,467.3150668490016,5270.133878026576,6467.910589072411,0.8,350.7590942028986,
sarima_core,electricity,USA|Iowa,US,True,False,rolling,2024-12-01,9,2025-09-01,5280.29,5447.334301940129,476.07711711595437,4837.216927180218,6057.4516767000405,0.8,350.7590942028986,
sarima_core,electricity,USA|Iowa,US,True,False,rolling,2024-12-01,10,2025-10-01,6601.9,5934.877039859028,484.67860884793345,5313.73640990398,6556.017669814076,0.8,350.7590942028986,
sarima_core,electricity,USA|Iowa,US,True,False,rolling,2024-12-01,11,2025-11-01,6324.62,5914.363268924633,493.1294528942719,5282.392446551827,6546.33409129744,0.8,350.7590942028986,
sarima_core,electricity,USA|Iowa,US,True,False,rolling,2024-12-01,12,2025-12-01,7342.54,6158.872313566909,501.43770687832034,5516.254035293903,6801.4905918399145,0.8,350.7590942028986,
sarima_core,electricity,USA|Kansas,US,True,False,holdout,last12,1,2025-01-01,5641.24,5212.180813696163,345.53681688101875,4769.357565068995,5655.00406232333,0.8,342.8010507246377,
sarima_core,electricity,USA|Kansas,US,True,False,holdout,last12,2,2025-02-01,5168.69,4532.671071231928,392.2680338521475,4029.9593583356063,5035.38278412825,0.8,342.8010507246377,
sarima_core,electricity,USA|Kansas,US,True,False,holdout,last12,3,2025-03-01,5192.48,5128.306595050053,405.0920465330823,4609.160248625915,5647.452941474191,0.8,342.8010507246377,
sarima_core,electricity,USA|Kansas,US,True,False,holdout,last12,4,2025-04-01,4979.67,4156.669878603847,408.996972759834,3632.5191678604792,4680.820589347214,0.8,342.8010507246377,
sarima_core,electricity,USA|Kansas,US,True,False,holdout,last12,5,2025-05-01,5036.34,4510.586338994501,410.30274139864906,3984.762218407821,5036.4104595811805,0.8,342.8010507246377,
sarima_core,electricity,USA|Kansas,US,True,False,holdout,last12,6,2025-06-01,5744.28,5118.153756041768,410.79836624247486,4591.6944666605605,5644.613045422976,0.8,342.8010507246377,
sarima_core,electricity,USA|Kansas,US,True,False,holdout,last12,7,2025-07-01,6307.32,5639.817866559158,411.021086411317,5113.073149796892,6166.5625833214235,0.8,342.8010507246377,
sarima_core,electricity,USA|Kansas,US,True,False,holdout,last12,8,2025-08-01,5923.87,5706.643108866063,411.14277004301283,5179.742448255096,6233.54376947703,0.8,342.8010507246377,
sarima_core,electricity,USA|Kansas,US,True,False,holdout,last12,9,2025-09-01,5265.74,5051.485020242983,411.2231053314801,4524.481405817313,5578.4886346686535,0.8,342.8010507246377,
sarima_core,electricity,USA|Kansas,US,True,False,holdout,last12,10,2025-10-01,4149.56,4984.444226238092,411.28494942528465,4457.361355417186,5511.527097058997,0.8,342.8010507246377,
sarima_core,electricity,USA|Kansas,US,True,False,holdout,last12,11,2025-11-01,4139.51,4830.671635635049,411.33795650634823,4303.520833506422,5357.822437763676,0.8,342.8010507246377,
sarima_core,electricity,USA|Kansas,US,True,False,holdout,last12,12,2025-12-01,5599.6,5174.803596128818,411.3865517830794,4647.590516647218,5702.016675610418,0.8,342.8010507246377,
sarima_core,electricity,USA|Kansas,US,True,False,rolling,2022-12-01,1,2023-01-01,5273.07,5361.665610734016,339.64098865593166,4926.398169998891,5796.933051469141,0.8,333.5767460317461,
sarima_core,electricity,USA|Kansas,US,True,False,rolling,2022-12-01,2,2023-02-01,4603.35,5000.0965214166545,384.91554876023645,4506.807397300515,5493.385645532794,0.8,333.5767460317461,
sarima_core,electricity,USA|Kansas,US,True,False,rolling,2022-12-01,3,2023-03-01,5318.59,5414.001210343704,397.8426091716922,4904.145391719373,5923.857028968035,0.8,333.5767460317461,
sarima_core,electricity,USA|Kansas,US,True,False,rolling,2022-12-01,4,2023-04-01,4376.16,4678.012163166863,402.29485158439826,4162.450566308345,5193.573760025381,0.8,333.5767460317461,
sarima_core,electricity,USA|Kansas,US,True,False,rolling,2022-12-01,5,2023-05-01,4263.68,5108.863411086899,404.1717997605518,4590.896408354785,5626.830413819012,0.8,333.5767460317461,
sarima_core,electricity,USA|Kansas,US,True,False,rolling,2022-12-01,6,2023-06-01,4693.09,5499.525325801906,405.1649000581448,4980.285613828669,6018.765037775142,0.8,333.5767460317461,
sarima_core,electricity,USA|Kansas,US,True,False,rolling,2022-12-01,7,2023-07-01,5379.3,5872.69005003452,405.8165380997533,5352.615230308891,6392.764869760149,0.8,333.5767460317461,
sarima_core,electricity,USA|Kansas,US,True,False,rolling,2022-12-01,8,2023-08-01,5810.63,5732.848923819776,406.32217925415654,5212.126098881118,6253.571748758434,0.8,333.5767460317461,
sarima_core,electricity,USA|Kansas,US,True,False,rolling,2022-12-01,9,2023-09-01,4728.78,5415.569091228236,406.7606166984906,4894.2843860963985,5936.853796360074,0.8,333.5767460317461,
sarima_core,electricity,USA|Kansas,US,True,False,rolling,2022-12-01,10,2023-10-01,5029.13,4400.982969089817,407.16659618154455,3879.1779803158925,4922.787957863741,0.8,333.5767460317461,
sarima_core,electricity,USA|Kansas,US,True,False,rolling,2022-12-01,11,2023-11-01,4768.56,4605.351560495229,407.5564024901479,4083.0470148362547,5127.656106154203,0.8,333.5767460317461,
sarima_core,electricity,USA|Kansas,US,True,False,rolling,2022-12-01,12,2023-12-01,5138.69,5588.104546251846,407.9379531651735,5065.311023727958,6110.898068775734,0.8,333.5767460317461,
sarima_core,electricity,USA|Kansas,US,True,False,rolling,2023-12-01,1,2024-01-01,5289.73,5400.242397387451,346.57502714552163,4956.088628770445,5844.396166004457,0.8,342.6829924242424,
sarima_core,electricity,USA|Kansas,US,True,False,rolling,2023-12-01,2,2024-02-01,4429.87,5001.670248720316,391.6677771766665,4499.727795706185,5503.612701734446,0.8,342.6829924242424,
sarima_core,electricity,USA|Kansas,US,True,False,rolling,2023-12-01,3,2024-03-01,4802.15,5447.01680184748,403.9274415491712,4929.3629567637145,5964.670646931245,0.8,342.6829924242424,
sarima_core,electricity,USA|Kansas,US,True,False,rolling,2023-12-01,4,2024-04-01,3750.45,4762.525911218394,407.8021164712871,4239.906470422215,5285.145352014573,0.8,342.6829924242424,
sarima_core,electricity,USA|Kansas,US,True,False,rolling,2023-12-01,5,2024-05-01,4600.82,5015.742606253582,409.24352896398693,4491.275921020788,5540.209291486377,0.8,342.6829924242424,
sarima_core,electricity,USA|Kansas,US,True,False,rolling,2023-12-01,6,2024-06-01,5394.34,5363.724186825191,409.9016549948918,4838.4140791471655,5889.034294503217,0.8,342.6829924242424,
sarima_core,electricity,USA|Kansas,US,True,False,rolling,2023-12-01,7,2024-07-01,5724.99,5817.959379270953,410.2775378163237,5292.167558374659,6343.751200167247,0.8,342.6829924242424,
sarima_core,electricity,USA|Kansas,US,True,False,rolling,2023-12-01,8,2024-08-01,5380.51,5889.519361956093,410.5397811694617,5363.391462680032,6415.647261232154,0.8,342.6829924242424,
sarima_core,electricity,USA|Kansas,US,True,False,rolling,2023-12-01,9,2024-09-01,5200.52,5275.03643926766,410.7519145045454,4748.636680183918,5801.436198351403,0.8,342.6829924242424,
sarima_core,electricity,USA|Kansas,US,True,False,rolling,2023-12-01,10,2024-10-01,4721.62,4650.559759339412,410.940510382515,4123.918304913003,5177.201213765821,0.8,342.6829924242424,
sarima_core,electricity,USA|Kansas,US,True,False,rolling,2023-12-01,11,2024-11-01,4686.72,4658.008913710645,411.1176052068341,4131.14050313488,5184.87732428641,0.8,342.6829924242424,
sarima_core,electricity,USA|Kansas,US,True,False,rolling,2023-12-01,12,2024-12-01,5001.49,5398.86883059338,411.2889424847275,4871.780842460895,5925.956818725866,0.8,342.6829924242424,
sarima_core,electricity,USA|Kansas,US,True,False,rolling,2024-12-01,1,2025-01-01,5641.24,5212.180813696163,345.53681688101875,4769.357565068995,5655.00406232333,0.8,342.8010507246377,
sarima_core,electricity,USA|Kansas,US,True,False,rolling,2024-12-01,2,2025-02-01,5168.69,4532.671071231928,392.2680338521475,4029.9593583356063,5035.38278412825,0.8,342.8010507246377,
sarima_core,electricity,USA|Kansas,US,True,False,rolling,2024-12-01,3,2025-03-01,5192.48,5128.306595050053,405.0920465330823,4609.160248625915,5647.452941474191,0.8,342.8010507246377,
sarima_core,electricity,USA|Kansas,US,True,False,rolling,2024-12-01,4,2025-04-01,4979.67,4156.669878603847,408.996972759834,3632.5191678604792,4680.820589347214,0.8,342.8010507246377,
sarima_core,electricity,USA|Kansas,US,True,False,rolling,2024-12-01,5,2025-05-01,5036.34,4510.586338994501,410.30274139864906,3984.762218407821,5036.4104595811805,0.8,342.8010507246377,
sarima_core,electricity,USA|Kansas,US,True,False,rolling,2024-12-01,6,2025-06-01,5744.28,5118.153756041768,410.79836624247486,4591.6944666605605,5644.613045422976,0.8,342.8010507246377,
sarima_core,electricity,USA|Kansas,US,True,False,rolling,2024-12-01,7,2025-07-01,6307.32,5639.817866559158,411.021086411317,5113.073149796892,6166.5625833214235,0.8,342.8010507246377,
sarima_core,electricity,USA|Kansas,US,True,False,rolling,2024-12-01,8,2025-08-01,5923.87,5706.643108866063,411.14277004301283,5179.742448255096,6233.54376947703,0.8,342.8010507246377,
sarima_core,electricity,USA|Kansas,US,True,False,rolling,2024-12-01,9,2025-09-01,5265.74,5051.485020242983,411.2231053314801,4524.481405817313,5578.4886346686535,0.8,342.8010507246377,
sarima_core,electricity,USA|Kansas,US,True,False,rolling,2024-12-01,10,2025-10-01,4149.56,4984.444226238092,411.28494942528465,4457.361355417186,5511.527097058997,0.8,342.8010507246377,
sarima_core,electricity,USA|Kansas,US,True,False,rolling,2024-12-01,11,2025-11-01,4139.51,4830.671635635049,411.33795650634823,4303.520833506422,5357.822437763676,0.8,342.8010507246377,
sarima_core,electricity,USA|Kansas,US,True,False,rolling,2024-12-01,12,2025-12-01,5599.6,5174.803596128818,411.3865517830794,4647.590516647218,5702.016675610418,0.8,342.8010507246377,
sarima_core,electricity,USA|Kentucky,US,True,False,holdout,last12,1,2025-01-01,7788.51,6222.508252236434,588.5152792912987,5468.295574713752,6976.720929759115,0.8,568.944347826087,
sarima_core,electricity,USA|Kentucky,US,True,False,holdout,last12,2,2025-02-01,6149.72,4739.859311520848,648.054090208761,3909.3445776562285,5570.374045385467,0.8,568.944347826087,
sarima_core,electricity,USA|Kentucky,US,True,False,holdout,last12,3,2025-03-01,5195.49,4585.7461849025685,661.4444890118907,3738.070964488532,5433.421405316605,0.8,568.944347826087,
sarima_core,electricity,USA|Kentucky,US,True,False,holdout,last12,4,2025-04-01,4802.07,4296.906849494376,665.3057645303371,3444.283205394675,5149.530493594077,0.8,568.944347826087,
sarima_core,electricity,USA|Kentucky,US,True,False,holdout,last12,5,2025-05-01,5333.2,5214.967210613179,666.8209065010934,4360.401833948834,6069.532587277525,0.8,568.944347826087,
sarima_core,electricity,USA|Kentucky,US,True,False,holdout,last12,6,2025-06-01,6741.62,5664.205503979207,667.6495975363456,4808.57811702128,6519.832890937133,0.8,568.944347826087,
sarima_core,electricity,USA|Kentucky,US,True,False,holdout,last12,7,2025-07-01,8008.28,6840.604037148507,668.2424618578258,5984.2168639912325,7696.991210305781,0.8,568.944347826087,
sarima_core,electricity,USA|Kentucky,US,True,False,holdout,last12,8,2025-08-01,6924.67,6619.667319280054,668.7443332306603,5762.636972079221,7476.697666480886,0.8,568.944347826087,
sarima_core,electricity,USA|Kentucky,US,True,False,holdout,last12,9,2025-09-01,5823.67,5218.059367915475,669.2085898242475,4360.434051950317,6075.684683880634,0.8,568.944347826087,
sarima_core,electricity,USA|Kentucky,US,True,False,holdout,last12,10,2025-10-01,5104.76,4387.724416555829,669.6566776336085,3529.5248529570817,5245.9239801545755,0.8,568.944347826087,
sarima_core,electricity,USA|Kentucky,US,True,False,holdout,last12,11,2025-11-01,5381.57,4499.711454887616,670.0976163404531,3640.9468055988036,5358.476104176429,0.8,568.944347826087,
sarima_core,electricity,USA|Kentucky,US,True,False,holdout,last12,12,2025-12-01,6725.98,5742.627776954803,670.5352837082663,4883.302234365582,6601.953319544024,0.8,568.944347826087,
sarima_core,electricity,USA|Kentucky,US,True,False,rolling,2022-12-01,1,2023-01-01,5549.7,7079.930177436785,592.8303099549373,6320.1875656117445,7839.6727892618255,0.8,572.2289682539682,
sarima_core,electricity,USA|Kentucky,US,True,False,rolling,2022-12-01,2,2023-02-01,4566.82,5923.594775377017,656.4877424649318,5082.271881260243,6764.9176694937905,0.8,572.2289682539682,
sarima_core,electricity,USA|Kentucky,US,True,False,rolling,2022-12-01,3,2023-03-01,4945.78,4928.238660350596,671.6329083578164,4067.506455173363,5788.970865527828,0.8,572.2289682539682,
sarima_core,electricity,USA|Kentucky,US,True,False,rolling,2022-12-01,4,2023-04-01,4284.65,5051.313938433427,676.216894998278,4184.707118000675,5917.920758866179,0.8,572.2289682539682,
sarima_core,electricity,USA|Kentucky,US,True,False,rolling,2022-12-01,5,2023-05-01,5040.23,5541.003147890145,678.0695449100135,4672.022061062602,6409.984234717687,0.8,572.2289682539682,
sarima_core,electricity,USA|Kentucky,US,True,False,rolling,2022-12-01,6,2023-06-01,5214.76,6386.824489559683,679.0908715684674,5516.534519954066,7257.114459165299,0.8,572.2289682539682,
sarima_core,electricity,USA|Kentucky,US,True,False,rolling,2022-12-01,7,2023-07-01,6873.93,6863.134247048557,679.8178416477114,5991.912627799781,7734.355866297333,0.8,572.2289682539682,
sarima_core,electricity,USA|Kentucky,US,True,False,rolling,2022-12-01,8,2023-08-01,6503.52,6622.281115001773,680.428246429241,5750.277230549613,7494.284999453934,0.8,572.2289682539682,
sarima_core,electricity,USA|Kentucky,US,True,False,rolling,2022-12-01,9,2023-09-01,5317.58,5252.4199201035635,680.9892108112589,4379.697130869413,6125.142709337714,0.8,572.2289682539682,
sarima_core,electricity,USA|Kentucky,US,True,False,rolling,2022-12-01,10,2023-10-01,4716.89,4427.344226798439,681.5283475974161,3553.930505971946,5300.757947624932,0.8,572.2289682539682,
sarima_core,electricity,USA|Kentucky,US,True,False,rolling,2022-12-01,11,2023-11-01,4951.43,5102.462494729992,682.0575653451084,4228.3705540704295,5976.554435389554,0.8,572.2289682539682,
sarima_core,electricity,USA|Kentucky,US,True,False,rolling,2022-12-01,12,2023-12-01,5658.31,5684.06507904136,682.5821223439262,4809.300891538745,6558.829266543975,0.8,572.2289682539682,
sarima_core,electricity,USA|Kentucky,US,True,False,rolling,2023-12-01,1,2024-01-01,6824.01,5960.9935515699135,595.4196518854552,5197.932564540088,6724.054538599739,0.8,571.4739393939394,
sarima_core,electricity,USA|Kentucky,US,True,False,rolling,2023-12-01,2,2024-02-01,5059.04,4719.191005012778,654.4574431153078,3880.4700442060393,5557.911965819517,0.8,571.4739393939394,
sarima_core,electricity,USA|Kentucky,US,True,False,rolling,2023-12-01,3,2024-03-01,4532.95,4697.403604573722,667.4637398766127,3842.014403790595,5552.792805356849,0.8,571.4739393939394,
sarima_core,electricity,USA|Kentucky,US,True,False,rolling,2023-12-01,4,2024-04-01,4559.98,4462.6039270209185,671.1386336933123,3602.50516031379,5322.702693728047,0.8,571.4739393939394,
sarima_core,electricity,USA|Kentucky,US,True,False,rolling,2023-12-01,5,2024-05-01,5615.93,5061.453639283874,672.557838390413,4199.536088575347,5923.3711899924,0.8,571.4739393939394,
sarima_core,electricity,USA|Kentucky,US,True,False,rolling,2023-12-01,6,2024-06-01,6286.44,5485.699482427462,673.3273396035775,4622.795776234516,6348.603188620407,0.8,571.4739393939394,
sarima_core,electricity,USA|Kentucky,US,True,False,rolling,2023-12-01,7,2024-07-01,7083.08,6644.641417012465,673.8763504142439,5781.034125155609,7508.2487088693215,0.8,571.4739393939394,
sarima_core,electricity,USA|Kentucky,US,True,False,rolling,2023-12-01,8,2024-08-01,6981.08,6234.914360526039,674.3411270642451,5370.711433425745,7099.117287626333,0.8,571.4739393939394,
sarima_core,electricity,USA|Kentucky,US,True,False,rolling,2023-12-01,9,2024-09-01,5409.36,5051.392455582475,674.7714005192337,4186.638110862328,5916.146800302622,0.8,571.4739393939394,
sarima_core,electricity,USA|Kentucky,US,True,False,rolling,2023-12-01,10,2024-10-01,4397.67,4368.728358909411,675.1869795636408,3503.4414282142975,5234.015289604526,0.8,571.4739393939394,
sarima_core,electricity,USA|Kentucky,US,True,False,rolling,2023-12-01,11,2024-11-01,4412.86,4855.83558857957,675.596124820565,3990.0243171399097,5721.64686001923,0.8,571.4739393939394,
sarima_core,electricity,USA|Kentucky,US,True,False,rolling,2023-12-01,12,2024-12-01,6079.48,5727.087412073468,676.0023571172338,4860.755532998037,6593.419291148899,0.8,571.4739393939394,
sarima_core,electricity,USA|Kentucky,US,True,False,rolling,2024-12-01,1,2025-01-01,7788.51,6222.508252236434,588.5152792912987,5468.295574713752,6976.720929759115,0.8,568.944347826087,
sarima_core,electricity,USA|Kentucky,US,True,False,rolling,2024-12-01,2,2025-02-01,6149.72,4739.859311520848,648.054090208761,3909.3445776562285,5570.374045385467,0.8,568.944347826087,
sarima_core,electricity,USA|Kentucky,US,True,False,rolling,2024-12-01,3,2025-03-01,5195.49,4585.7461849025685,661.4444890118907,3738.070964488532,5433.421405316605,0.8,568.944347826087,
sarima_core,electricity,USA|Kentucky,US,True,False,rolling,2024-12-01,4,2025-04-01,4802.07,4296.906849494376,665.3057645303371,3444.283205394675,5149.530493594077,0.8,568.944347826087,
sarima_core,electricity,USA|Kentucky,US,True,False,rolling,2024-12-01,5,2025-05-01,5333.2,5214.967210613179,666.8209065010934,4360.401833948834,6069.532587277525,0.8,568.944347826087,
sarima_core,electricity,USA|Kentucky,US,True,False,rolling,2024-12-01,6,2025-06-01,6741.62,5664.205503979207,667.6495975363456,4808.57811702128,6519.832890937133,0.8,568.944347826087,
sarima_core,electricity,USA|Kentucky,US,True,False,rolling,2024-12-01,7,2025-07-01,8008.28,6840.604037148507,668.2424618578258,5984.2168639912325,7696.991210305781,0.8,568.944347826087,
sarima_core,electricity,USA|Kentucky,US,True,False,rolling,2024-12-01,8,2025-08-01,6924.67,6619.667319280054,668.7443332306603,5762.636972079221,7476.697666480886,0.8,568.944347826087,
sarima_core,electricity,USA|Kentucky,US,True,False,rolling,2024-12-01,9,2025-09-01,5823.67,5218.059367915475,669.2085898242475,4360.434051950317,6075.684683880634,0.8,568.944347826087,
sarima_core,electricity,USA|Kentucky,US,True,False,rolling,2024-12-01,10,2025-10-01,5104.76,4387.724416555829,669.6566776336085,3529.5248529570817,5245.9239801545755,0.8,568.944347826087,
sarima_core,electricity,USA|Kentucky,US,True,False,rolling,2024-12-01,11,2025-11-01,5381.57,4499.711454887616,670.0976163404531,3640.9468055988036,5358.476104176429,0.8,568.944347826087,
sarima_core,electricity,USA|Kentucky,US,True,False,rolling,2024-12-01,12,2025-12-01,6725.98,5742.627776954803,670.5352837082663,4883.302234365582,6601.953319544024,0.8,568.944347826087,
sarima_core,electricity,USA|Louisiana,US,True,False,holdout,last12,1,2025-01-01,8884.11,7760.187132947109,524.7807579641769,7087.6535310104355,8432.720734883782,0.8,517.4338405797101,
sarima_core,electricity,USA|Louisiana,US,True,False,holdout,last12,2,2025-02-01,7188.9,6834.863904613084,573.4754444619473,6099.9255509614895,7569.802258264678,0.8,517.4338405797101,
sarima_core,electricity,USA|Louisiana,US,True,False,holdout,last12,3,2025-03-01,6743.71,7000.29802063565,594.2169423835144,6238.778367850931,7761.817673420368,0.8,517.4338405797101,
sarima_core,electricity,USA|Louisiana,US,True,False,holdout,last12,4,2025-04-01,7457.76,6798.150812438008,609.6129657839087,6016.9003617613525,7579.401263114663,0.8,517.4338405797101,
sarima_core,electricity,USA|Louisiana,US,True,False,holdout,last12,5,2025-05-01,8101.79,8283.863722339807,623.5545647617072,7484.746393666959,9082.981051012655,0.8,517.4338405797101,
sarima_core,electricity,USA|Louisiana,US,True,False,holdout,last12,6,2025-06-01,9162.89,8955.093037002587,636.9262506270398,8138.8392033750515,9771.346870630123,0.8,517.4338405797101,
sarima_core,electricity,USA|Louisiana,US,True,False,holdout,last12,7,2025-07-01,9964.24,10071.948025976459,649.956433937093,9238.995340528592,10904.900711424325,0.8,517.4338405797101,
sarima_core,electricity,USA|Louisiana,US,True,False,holdout,last12,8,2025-08-01,10020.87,10359.399114941494,662.7137001148552,9510.097335051447,11208.700894831542,0.8,517.4338405797101,
sarima_core,electricity,USA|Louisiana,US,True,False,holdout,last12,9,2025-09-01,9317.96,8702.202135362411,675.2257429901324,7836.8655273373915,9567.538743387431,0.8,517.4338405797101,
sarima_core,electricity,USA|Louisiana,US,True,False,holdout,last12,10,2025-10-01,8565.92,7672.8974624644125,687.5090430831705,6791.819171975105,8553.97575295372,0.8,517.4338405797101,
sarima_core,electricity,USA|Louisiana,US,True,False,holdout,last12,11,2025-11-01,8291.85,7780.321172019751,699.5764322217345,6883.777900087882,8676.864443951621,0.8,517.4338405797101,
sarima_core,electricity,USA|Louisiana,US,True,False,holdout,last12,12,2025-12-01,8617.11,7769.168581807731,711.4390956205423,6857.422695025591,8680.914468589872,0.8,517.4338405797101,
sarima_core,electricity,USA|Louisiana,US,True,False,rolling,2022-12-01,1,2023-01-01,7082.3,8646.444379761822,517.3919082905002,7983.379969692023,9309.508789831621,0.8,513.9775396825397,
sarima_core,electricity,USA|Louisiana,US,True,False,rolling,2022-12-01,2,2023-02-01,6829.0,7882.622829354968,568.617668098124,7153.909966607498,8611.335692102439,0.8,513.9775396825397,
sarima_core,electricity,USA|Louisiana,US,True,False,rolling,2022-12-01,3,2023-03-01,6892.63,7391.460295378138,591.4330439438612,6633.508351997074,8149.4122387592015,0.8,513.9775396825397,
sarima_core,electricity,USA|Louisiana,US,True,False,rolling,2022-12-01,4,2023-04-01,6557.61,7685.682967469437,608.632075315189,6905.689578508598,8465.676356430276,0.8,513.9775396825397,
sarima_core,electricity,USA|Louisiana,US,True,False,rolling,2022-12-01,5,2023-05-01,8024.89,8685.974822818462,624.2410082501145,7885.977781418387,9485.971864218536,0.8,513.9775396825397,
sarima_core,electricity,USA|Louisiana,US,True,False,rolling,2022-12-01,6,2023-06-01,9049.21,9531.762467578057,639.1915078594592,8712.605589997953,10350.919345158161,0.8,513.9775396825397,
sarima_core,electricity,USA|Louisiana,US,True,False,rolling,2022-12-01,7,2023-07-01,10150.98,10695.172677922881,653.7300875390132,9857.38386079365,11532.961495052112,0.8,513.9775396825397,
sarima_core,electricity,USA|Louisiana,US,True,False,rolling,2022-12-01,8,2023-08-01,10589.17,10247.169866628677,667.934481244202,9391.17738650895,11103.162346748404,0.8,513.9775396825397,
sarima_core,electricity,USA|Louisiana,US,True,False,rolling,2022-12-01,9,2023-09-01,8847.17,8059.778183531729,681.8384936188199,7185.966994585959,8933.5893724775,0.8,513.9775396825397,
sarima_core,electricity,USA|Louisiana,US,True,False,rolling,2022-12-01,10,2023-10-01,7344.12,8555.816469777295,695.4634313686992,7664.5442205277195,9447.088719026871,0.8,513.9775396825397,
sarima_core,electricity,USA|Louisiana,US,True,False,rolling,2022-12-01,11,2023-11-01,7670.01,7959.641633498178,708.8262266803017,7051.244272996965,8868.038993999391,0.8,513.9775396825397,
sarima_core,electricity,USA|Louisiana,US,True,False,rolling,2022-12-01,12,2023-12-01,7839.02,8377.611656193147,721.9416502109874,7452.406204133404,9302.81710825289,0.8,513.9775396825397,
sarima_core,electricity,USA|Louisiana,US,True,False,rolling,2023-12-01,1,2024-01-01,8634.74,7963.389968133933,530.806680740976,7283.133835428802,8643.646100839063,0.8,522.0804545454545,
sarima_core,electricity,USA|Louisiana,US,True,False,rolling,2023-12-01,2,2024-02-01,6923.96,7254.379789507822,581.480096195916,6509.183061894922,7999.576517120723,0.8,522.0804545454545,
sarima_core,electricity,USA|Louisiana,US,True,False,rolling,2023-12-01,3,2024-03-01,7160.91,7159.710377253051,603.4337305312041,6386.378935188368,7933.041819317734,0.8,522.0804545454545,
sarima_core,electricity,USA|Louisiana,US,True,False,rolling,2023-12-01,4,2024-04-01,7083.42,7027.030057908438,619.8100303388109,6232.711543187488,7821.3485726293875,0.8,522.0804545454545,
sarima_core,electricity,USA|Louisiana,US,True,False,rolling,2023-12-01,5,2024-05-01,8585.51,8371.436599611967,634.6434862520744,7558.108246242938,9184.764952980995,0.8,522.0804545454545,
sarima_core,electricity,USA|Louisiana,US,True,False,rolling,2023-12-01,6,2024-06-01,8904.5,9219.19327885304,648.8599743071256,8387.645762960514,10050.740794745565,0.8,522.0804545454545,
sarima_core,electricity,USA|Louisiana,US,True,False,rolling,2023-12-01,7,2024-07-01,10036.25,10472.947999072114,662.701365411931,9623.662026739908,11322.23397140432,0.8,522.0804545454545,
sarima_core,electricity,USA|Louisiana,US,True,False,rolling,2023-12-01,8,2024-08-01,10173.51,10282.188857018846,676.2416892939774,9415.550261417624,11148.827452620068,0.8,522.0804545454545,
sarima_core,electricity,USA|Louisiana,US,True,False,rolling,2023-12-01,9,2024-09-01,8600.78,8604.45169959496,689.5116328708012,7720.806987028171,9488.096412161749,0.8,522.0804545454545,
sarima_core,electricity,USA|Louisiana,US,True,False,rolling,2023-12-01,10,2024-10-01,8043.39,7517.145950795926,702.5298137157218,6616.817768186786,8417.474133405067,0.8,522.0804545454545,
sarima_core,electricity,USA|Louisiana,US,True,False,rolling,2023-12-01,11,2024-11-01,7933.19,7590.845326806719,715.3108174553488,6674.137628845829,8507.553024767609,0.8,522.0804545454545,
sarima_core,electricity,USA|Louisiana,US,True,False,rolling,2023-12-01,12,2024-12-01,7742.57,8047.000050299438,727.8673524599233,7114.20050524562,8979.799595353255,0.8,522.0804545454545,
sarima_core,electricity,USA|Louisiana,US,True,False,rolling,2024-12-01,1,2025-01-01,8884.11,7760.187132947109,524.7807579641769,7087.6535310104355,8432.720734883782,0.8,517.4338405797101,
sarima_core,electricity,USA|Louisiana,US,True,False,rolling,2024-12-01,2,2025-02-01,7188.9,6834.863904613084,573.4754444619473,6099.9255509614895,7569.802258264678,0.8,517.4338405797101,
sarima_core,electricity,USA|Louisiana,US,True,False,rolling,2024-12-01,3,2025-03-01,6743.71,7000.29802063565,594.2169423835144,6238.778367850931,7761.817673420368,0.8,517.4338405797101,
sarima_core,electricity,USA|Louisiana,US,True,False,rolling,2024-12-01,4,2025-04-01,7457.76,6798.150812438008,609.6129657839087,6016.9003617613525,7579.401263114663,0.8,517.4338405797101,
sarima_core,electricity,USA|Louisiana,US,True,False,rolling,2024-12-01,5,2025-05-01,8101.79,8283.863722339807,623.5545647617072,7484.746393666959,9082.981051012655,0.8,517.4338405797101,
sarima_core,electricity,USA|Louisiana,US,True,False,rolling,2024-12-01,6,2025-06-01,9162.89,8955.093037002587,636.9262506270398,8138.8392033750515,9771.346870630123,0.8,517.4338405797101,
sarima_core,electricity,USA|Louisiana,US,True,False,rolling,2024-12-01,7,2025-07-01,9964.24,10071.948025976459,649.956433937093,9238.995340528592,10904.900711424325,0.8,517.4338405797101,
sarima_core,electricity,USA|Louisiana,US,True,False,rolling,2024-12-01,8,2025-08-01,10020.87,10359.399114941494,662.7137001148552,9510.097335051447,11208.700894831542,0.8,517.4338405797101,
sarima_core,electricity,USA|Louisiana,US,True,False,rolling,2024-12-01,9,2025-09-01,9317.96,8702.202135362411,675.2257429901324,7836.8655273373915,9567.538743387431,0.8,517.4338405797101,
sarima_core,electricity,USA|Louisiana,US,True,False,rolling,2024-12-01,10,2025-10-01,8565.92,7672.8974624644125,687.5090430831705,6791.819171975105,8553.97575295372,0.8,517.4338405797101,
sarima_core,electricity,USA|Louisiana,US,True,False,rolling,2024-12-01,11,2025-11-01,8291.85,7780.321172019751,699.5764322217345,6883.777900087882,8676.864443951621,0.8,517.4338405797101,
sarima_core,electricity,USA|Louisiana,US,True,False,rolling,2024-12-01,12,2025-12-01,8617.11,7769.168581807731,711.4390956205423,6857.422695025591,8680.914468589872,0.8,517.4338405797101,
sarima_core,electricity,USA|Maine,US,False,False,holdout,last12,1,2025-01-01,1291.82,1176.7965550089848,132.43199200419843,1007.0781283278143,1346.5149816901553,0.8,154.14967391304347,
sarima_core,electricity,USA|Maine,US,False,False,holdout,last12,2,2025-02-01,1210.45,1050.6948414035792,152.13095887938672,855.7311728839,1245.6585099232584,0.8,154.14967391304347,
sarima_core,electricity,USA|Maine,US,False,False,holdout,last12,3,2025-03-01,1428.26,1221.8841944676765,158.474624239511,1018.7907916744389,1424.977597260914,0.8,154.14967391304347,
sarima_core,electricity,USA|Maine,US,False,False,holdout,last12,4,2025-04-01,1183.24,1070.0548672452815,160.97243644065588,863.7603893152302,1276.3493451753327,0.8,154.14967391304347,
sarima_core,electricity,USA|Maine,US,False,False,holdout,last12,5,2025-05-01,1359.31,1127.6248709141983,162.1733816290979,919.7913197977659,1335.4584220306306,0.8,154.14967391304347,
sarima_core,electricity,USA|Maine,US,False,False,holdout,last12,6,2025-06-01,1365.56,1142.8059310455944,162.88166194688569,934.0646821790567,1351.5471799121322,0.8,154.14967391304347,
sarima_core,electricity,USA|Maine,US,False,False,holdout,last12,7,2025-07-01,1487.58,1288.4414479391646,163.3819804789058,1079.0590150746455,1497.8238808036838,0.8,154.14967391304347,
sarima_core,electricity,USA|Maine,US,False,False,holdout,last12,8,2025-08-01,1337.32,1237.8751519273749,163.78670321870388,1027.9740460020562,1447.7762578526936,0.8,154.14967391304347,
sarima_core,electricity,USA|Maine,US,False,False,holdout,last12,9,2025-09-01,1260.78,1113.5746408397245,164.14469038820164,903.2147558968909,1323.934525782558,0.8,154.14967391304347,
sarima_core,electricity,USA|Maine,US,False,False,holdout,last12,10,2025-10-01,1211.06,1132.6519889929807,164.4788379340317,921.8638767396658,1343.4401012462956,0.8,154.14967391304347,
sarima_core,electricity,USA|Maine,US,False,False,holdout,last12,11,2025-11-01,1370.89,1186.4424168370138,164.80043106531178,975.2421664028384,1397.642667271189,0.8,154.14967391304347,
sarima_core,electricity,USA|Maine,US,False,False,holdout,last12,12,2025-12-01,1561.39,1137.860037513213,165.11520745588948,926.2563849028963,1349.4636901235297,0.8,154.14967391304347,
sarima_core,electricity,USA|Maine,US,False,False,rolling,2022-12-01,1,2023-01-01,1045.65,1264.5771585748876,134.14189355801105,1092.6674048805014,1436.4869122692737,0.8,153.63150793650794,
sarima_core,electricity,USA|Maine,US,False,False,rolling,2022-12-01,2,2023-02-01,922.1,1078.6300137076737,154.85617903883795,880.173835026196,1277.0861923891514,0.8,153.63150793650794,
sarima_core,electricity,USA|Maine,US,False,False,rolling,2022-12-01,3,2023-03-01,1050.9,1230.0703743700365,161.8078907564377,1022.705218653654,1437.4355300864188,0.8,153.63150793650794,
sarima_core,electricity,USA|Maine,US,False,False,rolling,2022-12-01,4,2023-04-01,890.21,1125.251722814767,164.67268898124377,914.2151804484149,1336.288265181119,0.8,153.63150793650794,
sarima_core,electricity,USA|Maine,US,False,False,rolling,2022-12-01,5,2023-05-01,1085.01,1028.7442652108648,166.11198221148467,815.8631943520198,1241.6253360697099,0.8,153.63150793650794,
sarima_core,electricity,USA|Maine,US,False,False,rolling,2022-12-01,6,2023-06-01,919.16,980.871666171865,166.99175516995538,766.8631209007681,1194.8802114429618,0.8,153.63150793650794,
sarima_core,electricity,USA|Maine,US,False,False,rolling,2022-12-01,7,2023-07-01,1091.9,1141.7756794328911,167.62853546956063,926.9510673719271,1356.6002914938551,0.8,153.63150793650794,
sarima_core,electricity,USA|Maine,US,False,False,rolling,2022-12-01,8,2023-08-01,1036.41,1112.9471455952628,168.15095808135365,897.4530220182795,1328.441269172246,0.8,153.63150793650794,
sarima_core,electricity,USA|Maine,US,False,False,rolling,2022-12-01,9,2023-09-01,910.23,1107.7773047659248,168.6163372551779,891.6867737801552,1323.8678357516944,0.8,153.63150793650794,
sarima_core,electricity,USA|Maine,US,False,False,rolling,2022-12-01,10,2023-10-01,946.17,957.1807339318771,169.052061362769,740.5318000338787,1173.8296678298755,0.8,153.63150793650794,
sarima_core,electricity,USA|Maine,US,False,False,rolling,2022-12-01,11,2023-11-01,1085.27,1079.0195035147171,169.47185006673922,861.8325887459478,1296.2064182834865,0.8,153.63150793650794,
sarima_core,electricity,USA|Maine,US,False,False,rolling,2022-12-01,12,2023-12-01,1002.6,1154.617884512526,169.88277900207305,936.9043431233519,1372.3314259017,0.8,153.63150793650794,
sarima_core,electricity,USA|Maine,US,False,False,rolling,2023-12-01,1,2024-01-01,1198.75,1108.9835165418888,133.31375841639542,938.1350607347226,1279.831972349055,0.8,152.6144696969697,
sarima_core,electricity,USA|Maine,US,False,False,rolling,2023-12-01,2,2024-02-01,1053.72,973.4818262177934,153.45633854717988,776.8196153099127,1170.144037125674,0.8,152.6144696969697,
sarima_core,electricity,USA|Maine,US,False,False,rolling,2023-12-01,3,2024-03-01,1258.22,1161.7607697141634,159.9008107827689,956.839635323655,1366.6819041046717,0.8,152.6144696969697,
sarima_core,electricity,USA|Maine,US,False,False,rolling,2023-12-01,4,2024-04-01,1110.57,1049.6769212471058,162.35124239666774,841.6154323855454,1257.7384101086664,0.8,152.6144696969697,
sarima_core,electricity,USA|Maine,US,False,False,rolling,2023-12-01,5,2024-05-01,1029.75,1093.6603960304171,163.4563247100953,884.182687200028,1303.1381048608064,0.8,152.6144696969697,
sarima_core,electricity,USA|Maine,US,False,False,rolling,2023-12-01,6,2024-06-01,1222.99,958.7909171469183,164.05720315466135,748.5431516051935,1169.0386826886431,0.8,152.6144696969697,
sarima_core,electricity,USA|Maine,US,False,False,rolling,2023-12-01,7,2024-07-01,1341.09,1163.996217602206,164.4491658894587,953.2461316040664,1374.7463036003453,0.8,152.6144696969697,
sarima_core,electricity,USA|Maine,US,False,False,rolling,2023-12-01,8,2024-08-01,1295.04,1083.737303711072,164.74654128120267,872.6061158140885,1294.8684916080554,0.8,152.6144696969697,
sarima_core,electricity,USA|Maine,US,False,False,rolling,2023-12-01,9,2024-09-01,1172.41,1033.4282820587287,164.99803580142253,821.9747909656317,1244.8817731518257,0.8,152.6144696969697,
sarima_core,electricity,USA|Maine,US,False,False,rolling,2023-12-01,10,2024-10-01,1174.68,927.703520789718,165.22617108161725,715.9576625711314,1139.4493790083045,0.8,152.6144696969697,
sarima_core,electricity,USA|Maine,US,False,False,rolling,2023-12-01,11,2024-11-01,1143.9,1053.0664949210784,165.44201436341297,841.0440224067943,1265.0889674353625,0.8,152.6144696969697,
sarima_core,electricity,USA|Maine,US,False,False,rolling,2023-12-01,12,2024-12-01,1129.06,1113.4216516503382,165.6512276158519,901.1310615648582,1325.712241735818,0.8,152.6144696969697,
sarima_core,electricity,USA|Maine,US,False,False,rolling,2024-12-01,1,2025-01-01,1291.82,1176.7965550089848,132.43199200419843,1007.0781283278143,1346.5149816901553,0.8,154.14967391304347,
sarima_core,electricity,USA|Maine,US,False,False,rolling,2024-12-01,2,2025-02-01,1210.45,1050.6948414035792,152.13095887938672,855.7311728839,1245.6585099232584,0.8,154.14967391304347,
sarima_core,electricity,USA|Maine,US,False,False,rolling,2024-12-01,3,2025-03-01,1428.26,1221.8841944676765,158.474624239511,1018.7907916744389,1424.977597260914,0.8,154.14967391304347,
sarima_core,electricity,USA|Maine,US,False,False,rolling,2024-12-01,4,2025-04-01,1183.24,1070.0548672452815,160.97243644065588,863.7603893152302,1276.3493451753327,0.8,154.14967391304347,
sarima_core,electricity,USA|Maine,US,False,False,rolling,2024-12-01,5,2025-05-01,1359.31,1127.6248709141983,162.1733816290979,919.7913197977659,1335.4584220306306,0.8,154.14967391304347,
sarima_core,electricity,USA|Maine,US,False,False,rolling,2024-12-01,6,2025-06-01,1365.56,1142.8059310455944,162.88166194688569,934.0646821790567,1351.5471799121322,0.8,154.14967391304347,
sarima_core,electricity,USA|Maine,US,False,False,rolling,2024-12-01,7,2025-07-01,1487.58,1288.4414479391646,163.3819804789058,1079.0590150746455,1497.8238808036838,0.8,154.14967391304347,
sarima_core,electricity,USA|Maine,US,False,False,rolling,2024-12-01,8,2025-08-01,1337.32,1237.8751519273749,163.78670321870388,1027.9740460020562,1447.7762578526936,0.8,154.14967391304347,
sarima_core,electricity,USA|Maine,US,False,False,rolling,2024-12-01,9,2025-09-01,1260.78,1113.5746408397245,164.14469038820164,903.2147558968909,1323.934525782558,0.8,154.14967391304347,
sarima_core,electricity,USA|Maine,US,False,False,rolling,2024-12-01,10,2025-10-01,1211.06,1132.6519889929807,164.4788379340317,921.8638767396658,1343.4401012462956,0.8,154.14967391304347,
sarima_core,electricity,USA|Maine,US,False,False,rolling,2024-12-01,11,2025-11-01,1370.89,1186.4424168370138,164.80043106531178,975.2421664028384,1397.642667271189,0.8,154.14967391304347,
sarima_core,electricity,USA|Maine,US,False,False,rolling,2024-12-01,12,2025-12-01,1561.39,1137.860037513213,165.11520745588948,926.2563849028963,1349.4636901235297,0.8,154.14967391304347,
sarima_core,electricity,USA|Maryland,US,True,False,holdout,last12,1,2025-01-01,3554.85,3026.4646161371334,417.542813262556,2491.361970118608,3561.5672621556587,0.8,404.219384057971,
sarima_core,electricity,USA|Maryland,US,True,False,holdout,last12,2,2025-02-01,2683.67,2205.711316879439,473.2428222733818,1599.2262371122415,2812.1963966466365,0.8,404.219384057971,
sarima_core,electricity,USA|Maryland,US,True,False,holdout,last12,3,2025-03-01,2573.29,2916.919578167791,489.194143596229,2289.9920575867936,3543.847098748788,0.8,404.219384057971,
sarima_core,electricity,USA|Maryland,US,True,False,holdout,last12,4,2025-04-01,3173.48,3484.6380301242248,494.7216986014299,2850.626662772678,4118.649397475771,0.8,404.219384057971,
sarima_core,electricity,USA|Maryland,US,True,False,holdout,last12,5,2025-05-01,3388.41,3079.0179809825167,497.0735265660819,2441.992624820979,3716.0433371440545,0.8,404.219384057971,
sarima_core,electricity,USA|Maryland,US,True,False,holdout,last12,6,2025-06-01,3683.34,3092.732191978194,498.3311745763995,2454.0950950401293,3731.3692889162585,0.8,404.219384057971,
sarima_core,electricity,USA|Maryland,US,True,False,holdout,last12,7,2025-07-01,4396.58,3861.4795218827026,499.1643461975927,3221.7746725491306,4501.1843712162745,0.8,404.219384057971,
sarima_core,electricity,USA|Maryland,US,True,False,holdout,last12,8,2025-08-01,3216.14,3569.0315698154814,499.81542630631884,2928.4923277492767,4209.5708118816865,0.8,404.219384057971,
sarima_core,electricity,USA|Maryland,US,True,False,holdout,last12,9,2025-09-01,3088.05,2877.688840164863,500.38251121534483,2236.422849545699,3518.954830784027,0.8,404.219384057971,
sarima_core,electricity,USA|Maryland,US,True,False,holdout,last12,10,2025-10-01,3680.5,3241.1873231512445,500.908978668513,2599.246637343265,3883.128008959224,0.8,404.219384057971,
sarima_core,electricity,USA|Maryland,US,True,False,holdout,last12,11,2025-11-01,2669.02,2599.8984495776563,501.4151878653653,1957.3090305809574,3242.487868574355,0.8,404.219384057971,
sarima_core,electricity,USA|Maryland,US,True,False,holdout,last12,12,2025-12-01,3327.67,3011.5391491072055,501.9110409942021,2368.3142687569657,3654.7640294574453,0.8,404.219384057971,
sarima_core,electricity,USA|Maryland,US,True,False,rolling,2022-12-01,1,2023-01-01,2760.24,3283.834674401386,430.04492476485865,2732.7099278144715,3834.9594209883007,0.8,418.6069047619048,
sarima_core,electricity,USA|Maryland,US,True,False,rolling,2022-12-01,2,2023-02-01,2481.93,2524.8967463953404,489.4312295861886,1897.6653878927418,3152.128104897939,0.8,418.6069047619048,
sarima_core,electricity,USA|Maryland,US,True,False,rolling,2022-12-01,3,2023-03-01,3209.48,3059.2331205950127,506.92957756028886,2409.5767268517616,3708.889514338264,0.8,418.6069047619048,
sarima_core,electricity,USA|Maryland,US,True,False,rolling,2022-12-01,4,2023-04-01,3412.2,3282.3091560084717,513.1157913007914,2624.724810361286,3939.8935016556575,0.8,418.6069047619048,
sarima_core,electricity,USA|Maryland,US,True,False,rolling,2022-12-01,5,2023-05-01,2822.3,3178.733493835881,515.7652380070837,2517.753745614419,3839.7132420573425,0.8,418.6069047619048,
sarima_core,electricity,USA|Maryland,US,True,False,rolling,2022-12-01,6,2023-06-01,2962.05,3428.581881543047,517.1719850780652,2765.799314410444,4091.3644486756502,0.8,418.6069047619048,
sarima_core,electricity,USA|Maryland,US,True,False,rolling,2022-12-01,7,2023-07-01,3823.61,3755.710774746477,518.0898582678799,3091.7519057904956,4419.669643702458,0.8,418.6069047619048,
sarima_core,electricity,USA|Maryland,US,True,False,rolling,2022-12-01,8,2023-08-01,3776.49,3742.7950418558207,518.7955895491486,3077.9317418714754,4407.658341840166,0.8,418.6069047619048,
sarima_core,electricity,USA|Maryland,US,True,False,rolling,2022-12-01,9,2023-09-01,3055.79,3212.7673327573884,519.4022921311097,2547.126512129311,3878.408153385466,0.8,418.6069047619048,
sarima_core,electricity,USA|Maryland,US,True,False,rolling,2022-12-01,10,2023-10-01,3233.83,3319.2272233421727,519.9604635807266,2652.871077218996,3985.5833694653493,0.8,418.6069047619048,
sarima_core,electricity,USA|Maryland,US,True,False,rolling,2022-12-01,11,2023-11-01,2929.57,2904.886898771016,520.4940808186841,2237.846894641134,3571.9269029008983,0.8,418.6069047619048,
sarima_core,electricity,USA|Maryland,US,True,False,rolling,2022-12-01,12,2023-12-01,3041.08,2978.862222609088,521.0149714946836,2311.1546702179007,3646.569775000275,0.8,418.6069047619048,
sarima_core,electricity,USA|Maryland,US,True,False,rolling,2023-12-01,1,2024-01-01,3203.47,3001.4773590910877,421.7721819786773,2460.9545589731515,3542.000159209024,0.8,409.60568181818184,
sarima_core,electricity,USA|Maryland,US,True,False,rolling,2023-12-01,2,2024-02-01,2062.97,2355.7384730072586,479.25729373674443,1741.5455379202654,2969.9314080942518,0.8,409.60568181818184,
sarima_core,electricity,USA|Maryland,US,True,False,rolling,2023-12-01,3,2024-03-01,2778.29,3193.1377334362455,494.92410034917856,2558.866977808003,3827.408489064488,0.8,409.60568181818184,
sarima_core,electricity,USA|Maryland,US,True,False,rolling,2023-12-01,4,2024-04-01,3587.95,3373.9473469995664,499.54259054580945,2733.757758029379,4014.1369359697537,0.8,409.60568181818184,
sarima_core,electricity,USA|Maryland,US,True,False,rolling,2023-12-01,5,2024-05-01,3304.5,2970.059500046702,500.9739487479093,2328.0355517317585,3612.0834483616454,0.8,409.60568181818184,
sarima_core,electricity,USA|Maryland,US,True,False,rolling,2023-12-01,6,2024-06-01,3239.14,3117.7268403724406,501.4448550907349,2475.099401296624,3760.3542794482573,0.8,409.60568181818184,
sarima_core,electricity,USA|Maryland,US,True,False,rolling,2023-12-01,7,2024-07-01,3949.22,3710.6835911504804,501.61251683599295,3067.8412849025462,4353.525897398415,0.8,409.60568181818184,
sarima_core,electricity,USA|Maryland,US,True,False,rolling,2023-12-01,8,2024-08-01,3499.63,3678.63971631313,501.6780839954278,3035.713382369374,4321.566050256886,0.8,409.60568181818184,
sarima_core,electricity,USA|Maryland,US,True,False,rolling,2023-12-01,9,2024-09-01,2827.4,3034.100516930308,501.7062526678749,2391.138083380278,3677.062950480338,0.8,409.60568181818184,
sarima_core,electricity,USA|Maryland,US,True,False,rolling,2023-12-01,10,2024-10-01,3310.19,3186.468245568968,501.7193470704999,2543.489030866754,3829.447460271182,0.8,409.60568181818184,
sarima_core,electricity,USA|Maryland,US,True,False,rolling,2023-12-01,11,2024-11-01,2452.41,2796.350095700013,501.7257892806455,2153.3626249733015,3439.337566426724,0.8,409.60568181818184,
sarima_core,electricity,USA|Maryland,US,True,False,rolling,2023-12-01,12,2024-12-01,3056.93,2979.3977663197975,501.7290762391304,2336.406083186294,3622.389449453301,0.8,409.60568181818184,
sarima_core,electricity,USA|Maryland,US,True,False,rolling,2024-12-01,1,2025-01-01,3554.85,3026.4646161371334,417.542813262556,2491.361970118608,3561.5672621556587,0.8,404.219384057971,
sarima_core,electricity,USA|Maryland,US,True,False,rolling,2024-12-01,2,2025-02-01,2683.67,2205.711316879439,473.2428222733818,1599.2262371122415,2812.1963966466365,0.8,404.219384057971,
sarima_core,electricity,USA|Maryland,US,True,False,rolling,2024-12-01,3,2025-03-01,2573.29,2916.919578167791,489.194143596229,2289.9920575867936,3543.847098748788,0.8,404.219384057971,
sarima_core,electricity,USA|Maryland,US,True,False,rolling,2024-12-01,4,2025-04-01,3173.48,3484.6380301242248,494.7216986014299,2850.626662772678,4118.649397475771,0.8,404.219384057971,
sarima_core,electricity,USA|Maryland,US,True,False,rolling,2024-12-01,5,2025-05-01,3388.41,3079.0179809825167,497.0735265660819,2441.992624820979,3716.0433371440545,0.8,404.219384057971,
sarima_core,electricity,USA|Maryland,US,True,False,rolling,2024-12-01,6,2025-06-01,3683.34,3092.732191978194,498.3311745763995,2454.0950950401293,3731.3692889162585,0.8,404.219384057971,
sarima_core,electricity,USA|Maryland,US,True,False,rolling,2024-12-01,7,2025-07-01,4396.58,3861.4795218827026,499.1643461975927,3221.7746725491306,4501.1843712162745,0.8,404.219384057971,
sarima_core,electricity,USA|Maryland,US,True,False,rolling,2024-12-01,8,2025-08-01,3216.14,3569.0315698154814,499.81542630631884,2928.4923277492767,4209.5708118816865,0.8,404.219384057971,
sarima_core,electricity,USA|Maryland,US,True,False,rolling,2024-12-01,9,2025-09-01,3088.05,2877.688840164863,500.38251121534483,2236.422849545699,3518.954830784027,0.8,404.219384057971,
sarima_core,electricity,USA|Maryland,US,True,False,rolling,2024-12-01,10,2025-10-01,3680.5,3241.1873231512445,500.908978668513,2599.246637343265,3883.128008959224,0.8,404.219384057971,
sarima_core,electricity,USA|Maryland,US,True,False,rolling,2024-12-01,11,2025-11-01,2669.02,2599.8984495776563,501.4151878653653,1957.3090305809574,3242.487868574355,0.8,404.219384057971,
sarima_core,electricity,USA|Maryland,US,True,False,rolling,2024-12-01,12,2025-12-01,3327.67,3011.5391491072055,501.9110409942021,2368.3142687569657,3654.7640294574453,0.8,404.219384057971,
sarima_core,electricity,USA|Massachusetts,US,True,False,holdout,last12,1,2025-01-01,2047.35,2089.322775458185,358.68589922944733,1629.648299761914,2548.9972511544556,0.8,370.6084420289855,
sarima_core,electricity,USA|Massachusetts,US,True,False,holdout,last12,2,2025-02-01,1872.69,1941.4468828754893,399.5090776665972,1429.4553989425824,2453.4383668083965,0.8,370.6084420289855,
sarima_core,electricity,USA|Massachusetts,US,True,False,holdout,last12,3,2025-03-01,1992.72,1991.1155931326725,416.1062380393058,1457.853992340526,2524.377193924819,0.8,370.6084420289855,
sarima_core,electricity,USA|Massachusetts,US,True,False,holdout,last12,4,2025-04-01,1904.13,1779.4532896607507,427.24502333682693,1231.916761132301,2326.9898181892004,0.8,370.6084420289855,
sarima_core,electricity,USA|Massachusetts,US,True,False,holdout,last12,5,2025-05-01,2013.87,1842.467408898448,436.7432029546722,1282.7584734109246,2402.1763443859713,0.8,370.6084420289855,
sarima_core,electricity,USA|Massachusetts,US,True,False,holdout,last12,6,2025-06-01,2556.87,2038.973267308837,445.62438348819865,1467.8826410046886,2610.0638936129853,0.8,370.6084420289855,
sarima_core,electricity,USA|Massachusetts,US,True,False,holdout,last12,7,2025-07-01,3214.23,2849.551957678271,454.2012970259147,2267.469574402322,3431.6343409542196,0.8,370.6084420289855,
sarima_core,electricity,USA|Massachusetts,US,True,False,holdout,last12,8,2025-08-01,2706.05,2340.5088353569176,462.5775921857194,1747.6917979054572,2933.3258728083783,0.8,370.6084420289855,
sarima_core,electricity,USA|Massachusetts,US,True,False,holdout,last12,9,2025-09-01,2135.02,1891.0260238729377,470.79157028623285,1287.682349927415,2494.3696978184603,0.8,370.6084420289855,
sarima_core,electricity,USA|Massachusetts,US,True,False,holdout,last12,10,2025-10-01,2278.43,1859.4891062423153,478.8604090750607,1245.8047993148434,2473.173413169787,0.8,370.6084420289855,
sarima_core,electricity,USA|Massachusetts,US,True,False,holdout,last12,11,2025-11-01,2201.16,1901.4421863576279,486.79415409889475,1277.5903760742299,2525.293996641026,0.8,370.6084420289855,
sarima_core,electricity,USA|Massachusetts,US,True,False,holdout,last12,12,2025-12-01,2292.68,1968.8295816319633,494.6002137279795,1334.9739034101772,2602.6852598537494,0.8,370.6084420289855,
sarima_core,electricity,USA|Massachusetts,US,True,False,rolling,2022-12-01,1,2023-01-01,1740.87,2578.466798344865,361.41601718661116,2115.293535706469,3041.640060983261,0.8,382.50666666666666,
sarima_core,electricity,USA|Massachusetts,US,True,False,rolling,2022-12-01,2,2023-02-01,1886.72,2081.3597106417014,406.5368312482068,1560.361798104021,2602.357623179382,0.8,382.50666666666666,
sarima_core,electricity,USA|Massachusetts,US,True,False,rolling,2022-12-01,3,2023-03-01,1725.93,1911.4098610424019,425.3987650833559,1366.2394076690875,2456.580314415716,0.8,382.50666666666666,
sarima_core,electricity,USA|Massachusetts,US,True,False,rolling,2022-12-01,4,2023-04-01,1755.28,1873.0621847642565,437.9558007017894,1311.7992427355393,2434.3251267929736,0.8,382.50666666666666,
sarima_core,electricity,USA|Massachusetts,US,True,False,rolling,2022-12-01,5,2023-05-01,1901.88,2089.752495753305,448.5207187735285,1514.9500664299003,2664.55492507671,0.8,382.50666666666666,
sarima_core,electricity,USA|Massachusetts,US,True,False,rolling,2022-12-01,6,2023-06-01,1901.78,2413.82733888844,458.311118057637,1826.478008035179,3001.1766697417006,0.8,382.50666666666666,
sarima_core,electricity,USA|Massachusetts,US,True,False,rolling,2022-12-01,7,2023-07-01,2734.41,2938.497019974233,467.7190481169527,2339.090941624922,3537.903098323544,0.8,382.50666666666666,
sarima_core,electricity,USA|Massachusetts,US,True,False,rolling,2022-12-01,8,2023-08-01,2230.43,3060.9097653531403,476.8812920461768,2449.7617989524306,3672.05773175385,0.8,382.50666666666666,
sarima_core,electricity,USA|Massachusetts,US,True,False,rolling,2022-12-01,9,2023-09-01,1972.52,1911.8399310552063,485.85032981159907,1289.197680264791,2534.4821818456217,0.8,382.50666666666666,
sarima_core,electricity,USA|Massachusetts,US,True,False,rolling,2022-12-01,10,2023-10-01,1701.59,1664.573865500378,494.64979375100984,1030.6546479224576,2298.4930830782982,0.8,382.50666666666666,
sarima_core,electricity,USA|Massachusetts,US,True,False,rolling,2022-12-01,11,2023-11-01,1656.11,1663.786350209817,503.29305340096994,1018.7903496960819,2308.7823507235526,0.8,382.50666666666666,
sarima_core,electricity,USA|Massachusetts,US,True,False,rolling,2022-12-01,12,2023-12-01,1906.55,1983.2598009818748,511.78955094765394,1327.3751007355409,2639.144501228209,0.8,382.50666666666666,
sarima_core,electricity,USA|Massachusetts,US,True,False,rolling,2023-12-01,1,2024-01-01,2353.78,2123.875219767553,361.8877872743349,1660.0973594346578,2587.6530801004483,0.8,378.0974621212122,
sarima_core,electricity,USA|Massachusetts,US,True,False,rolling,2023-12-01,2,2024-02-01,1902.34,1875.5056664967547,403.4967300091546,1358.4038004613958,2392.6075325321135,0.8,378.0974621212122,
sarima_core,electricity,USA|Massachusetts,US,True,False,rolling,2023-12-01,3,2024-03-01,2122.33,1809.1631806926418,420.85986843379476,1269.8095574264175,2348.516803958866,0.8,378.0974621212122,
sarima_core,electricity,USA|Massachusetts,US,True,False,rolling,2023-12-01,4,2024-04-01,1693.91,1906.757640624184,432.75778793076495,1352.156219999894,2461.359061248474,0.8,378.0974621212122,
sarima_core,electricity,USA|Massachusetts,US,True,False,rolling,2023-12-01,5,2024-05-01,1681.85,2154.1240214403065,443.0047427999589,1586.390599761336,2721.857443119277,0.8,378.0974621212122,
sarima_core,electricity,USA|Massachusetts,US,True,False,rolling,2023-12-01,6,2024-06-01,2050.74,1993.9886656647996,452.61844265547415,1413.9347918853177,2574.0425394442814,0.8,378.0974621212122,
sarima_core,electricity,USA|Massachusetts,US,True,False,rolling,2023-12-01,7,2024-07-01,2841.76,2981.7999934017685,461.90766864907977,2389.841497507484,3573.758489296053,0.8,378.0974621212122,
sarima_core,electricity,USA|Massachusetts,US,True,False,rolling,2023-12-01,8,2024-08-01,2328.21,2693.350925705575,470.9747534156912,2089.7724931337134,3296.929358277436,0.8,378.0974621212122,
sarima_core,electricity,USA|Massachusetts,US,True,False,rolling,2023-12-01,9,2024-09-01,1710.24,1919.0289507262894,479.85829792909,1304.0657977756969,2533.992103676882,0.8,378.0974621212122,
sarima_core,electricity,USA|Massachusetts,US,True,False,rolling,2023-12-01,10,2024-10-01,1889.22,1568.0748937143608,488.57648925178773,941.9389290254476,2194.210858403274,0.8,378.0974621212122,
sarima_core,electricity,USA|Massachusetts,US,True,False,rolling,2023-12-01,11,2024-11-01,2008.06,1689.848623525536,497.1406014027238,1052.737307502091,2326.959939548981,0.8,378.0974621212122,
sarima_core,electricity,USA|Massachusetts,US,True,False,rolling,2023-12-01,12,2024-12-01,1914.47,2047.9165552004995,505.55927637488946,1400.0162730866646,2695.8168373143344,0.8,378.0974621212122,
sarima_core,electricity,USA|Massachusetts,US,True,False,rolling,2024-12-01,1,2025-01-01,2047.35,2089.322775458185,358.68589922944733,1629.648299761914,2548.9972511544556,0.8,370.6084420289855,
sarima_core,electricity,USA|Massachusetts,US,True,False,rolling,2024-12-01,2,2025-02-01,1872.69,1941.4468828754893,399.5090776665972,1429.4553989425824,2453.4383668083965,0.8,370.6084420289855,
sarima_core,electricity,USA|Massachusetts,US,True,False,rolling,2024-12-01,3,2025-03-01,1992.72,1991.1155931326725,416.1062380393058,1457.853992340526,2524.377193924819,0.8,370.6084420289855,
sarima_core,electricity,USA|Massachusetts,US,True,False,rolling,2024-12-01,4,2025-04-01,1904.13,1779.4532896607507,427.24502333682693,1231.916761132301,2326.9898181892004,0.8,370.6084420289855,
sarima_core,electricity,USA|Massachusetts,US,True,False,rolling,2024-12-01,5,2025-05-01,2013.87,1842.467408898448,436.7432029546722,1282.7584734109246,2402.1763443859713,0.8,370.6084420289855,
sarima_core,electricity,USA|Massachusetts,US,True,False,rolling,2024-12-01,6,2025-06-01,2556.87,2038.973267308837,445.62438348819865,1467.8826410046886,2610.0638936129853,0.8,370.6084420289855,
sarima_core,electricity,USA|Massachusetts,US,True,False,rolling,2024-12-01,7,2025-07-01,3214.23,2849.551957678271,454.2012970259147,2267.469574402322,3431.6343409542196,0.8,370.6084420289855,
sarima_core,electricity,USA|Massachusetts,US,True,False,rolling,2024-12-01,8,2025-08-01,2706.05,2340.5088353569176,462.5775921857194,1747.6917979054572,2933.3258728083783,0.8,370.6084420289855,
sarima_core,electricity,USA|Massachusetts,US,True,False,rolling,2024-12-01,9,2025-09-01,2135.02,1891.0260238729377,470.79157028623285,1287.682349927415,2494.3696978184603,0.8,370.6084420289855,
sarima_core,electricity,USA|Massachusetts,US,True,False,rolling,2024-12-01,10,2025-10-01,2278.43,1859.4891062423153,478.8604090750607,1245.8047993148434,2473.173413169787,0.8,370.6084420289855,
sarima_core,electricity,USA|Massachusetts,US,True,False,rolling,2024-12-01,11,2025-11-01,2201.16,1901.4421863576279,486.79415409889475,1277.5903760742299,2525.293996641026,0.8,370.6084420289855,
sarima_core,electricity,USA|Massachusetts,US,True,False,rolling,2024-12-01,12,2025-12-01,2292.68,1968.8295816319633,494.6002137279795,1334.9739034101772,2602.6852598537494,0.8,370.6084420289855,
sarima_core,electricity,USA|Michigan,US,True,False,holdout,last12,1,2025-01-01,11693.55,10710.15905554339,665.1982933892258,9857.673141252832,11562.64496983395,0.8,705.7997826086956,
sarima_core,electricity,USA|Michigan,US,True,False,holdout,last12,2,2025-02-01,10152.38,9703.5946548472,773.3002457633521,8712.570514253151,10694.618795441249,0.8,705.7997826086956,
sarima_core,electricity,USA|Michigan,US,True,False,holdout,last12,3,2025-03-01,9820.38,9528.706817613578,808.1459521053682,8493.02610750441,10564.387527722745,0.8,705.7997826086956,
sarima_core,electricity,USA|Michigan,US,True,False,holdout,last12,4,2025-04-01,9409.46,8980.20414374137,820.3013670027658,7928.9456426405995,10031.46264484214,0.8,705.7997826086956,
sarima_core,electricity,USA|Michigan,US,True,False,holdout,last12,5,2025-05-01,9018.45,9652.388667816265,824.7170018770505,8595.471302929482,10709.306032703049,0.8,705.7997826086956,
sarima_core,electricity,USA|Michigan,US,True,False,holdout,last12,6,2025-06-01,10655.78,10476.511163848769,826.3843495780508,9417.45700690546,11535.565320792077,0.8,705.7997826086956,
sarima_core,electricity,USA|Michigan,US,True,False,holdout,last12,7,2025-07-01,12206.19,12032.875137479246,827.0448439356792,10972.974522957888,13092.775752000605,0.8,705.7997826086956,
sarima_core,electricity,USA|Michigan,US,True,False,holdout,last12,8,2025-08-01,11443.71,11802.283217162212,827.3225971524657,10742.026647571045,12862.53978675338,0.8,705.7997826086956,
sarima_core,electricity,USA|Michigan,US,True,False,holdout,last12,9,2025-09-01,10358.02,10667.160661223768,827.4476249446504,9606.74386206979,11727.577460377746,0.8,705.7997826086956,
sarima_core,electricity,USA|Michigan,US,True,False,holdout,last12,10,2025-10-01,9934.39,10084.153960677088,827.5078917220542,9023.659926540178,11144.647994813997,0.8,705.7997826086956,
sarima_core,electricity,USA|Michigan,US,True,False,holdout,last12,11,2025-11-01,10666.11,9739.77737652974,827.5387512268559,8679.243794346141,10800.31095871334,0.8,705.7997826086956,
sarima_core,electricity,USA|Michigan,US,True,False,holdout,last12,12,2025-12-01,11631.5,10809.087025807914,827.5553203866422,9748.53220939165,11869.641842224179,0.8,705.7997826086956,
sarima_core,electricity,USA|Michigan,US,True,False,rolling,2022-12-01,1,2023-01-01,10865.12,10727.524821829385,667.4421597436587,9872.163277099431,11582.88636655934,0.8,711.438492063492,
sarima_core,electricity,USA|Michigan,US,True,False,rolling,2022-12-01,2,2023-02-01,9191.41,9292.358318913895,781.5427848486449,8290.770939451028,10293.945698376763,0.8,711.438492063492,
sarima_core,electricity,USA|Michigan,US,True,False,rolling,2022-12-01,3,2023-03-01,10082.47,8990.354952134849,820.1696008881346,7939.265316104569,10041.444588165128,0.8,711.438492063492,
sarima_core,electricity,USA|Michigan,US,True,False,rolling,2022-12-01,4,2023-04-01,9391.35,7664.528530183554,834.3472090148375,6595.269558262821,8733.787502104287,0.8,711.438492063492,
sarima_core,electricity,USA|Michigan,US,True,False,rolling,2022-12-01,5,2023-05-01,8940.0,8439.236563080092,839.7674082111095,7363.031326393813,9515.441799766371,0.8,711.438492063492,
sarima_core,electricity,USA|Michigan,US,True,False,rolling,2022-12-01,6,2023-06-01,9938.54,10142.66911245102,841.9174355279872,9063.708504890832,11221.629720011208,0.8,711.438492063492,
sarima_core,electricity,USA|Michigan,US,True,False,rolling,2022-12-01,7,2023-07-01,11180.68,11262.667848520741,842.8084777888466,10182.565324356183,12342.7703726853,0.8,711.438492063492,
sarima_core,electricity,USA|Michigan,US,True,False,rolling,2022-12-01,8,2023-08-01,11311.78,10975.766381271793,843.1980852879916,9895.164555006759,12056.368207536827,0.8,711.438492063492,
sarima_core,electricity,USA|Michigan,US,True,False,rolling,2022-12-01,9,2023-09-01,10466.94,9791.975034590563,843.3791554311798,8711.141157600052,10872.808911581074,0.8,711.438492063492,
sarima_core,electricity,USA|Michigan,US,True,False,rolling,2022-12-01,10,2023-10-01,10166.53,9900.24013419148,843.4687125514441,8819.291485133288,10981.18878324967,0.8,711.438492063492,
sarima_core,electricity,USA|Michigan,US,True,False,rolling,2022-12-01,11,2023-11-01,9426.97,9241.890924880034,843.51558025608,8160.882212441593,10322.899637318475,0.8,711.438492063492,
sarima_core,electricity,USA|Michigan,US,True,False,rolling,2022-12-01,12,2023-12-01,10618.25,9969.7960018417,843.5412595034318,8888.754380123613,11050.837623559786,0.8,711.438492063492,
sarima_core,electricity,USA|Michigan,US,True,False,rolling,2023-12-01,1,2024-01-01,10144.87,11239.47178354314,662.7331568118451,10390.145068892605,12088.798498193675,0.8,706.0780303030302,
sarima_core,electricity,USA|Michigan,US,True,False,rolling,2023-12-01,2,2024-02-01,9760.95,9210.642280866732,776.0386196098709,8216.108772982632,10205.175788750832,0.8,706.0780303030302,
sarima_core,electricity,USA|Michigan,US,True,False,rolling,2023-12-01,3,2024-03-01,8878.11,9632.532385428498,814.3854074825222,8588.855491512595,10676.2092793444,0.8,706.0780303030302,
sarima_core,electricity,USA|Michigan,US,True,False,rolling,2023-12-01,4,2024-04-01,8480.2,8735.666691175806,828.4484219662005,7673.967319032068,9797.366063319543,0.8,706.0780303030302,
sarima_core,electricity,USA|Michigan,US,True,False,rolling,2023-12-01,5,2024-05-01,10006.87,9036.197657011626,833.8159042654888,7967.619579524202,10104.77573449905,0.8,706.0780303030302,
sarima_core,electricity,USA|Michigan,US,True,False,rolling,2023-12-01,6,2024-06-01,10718.31,10122.367018750336,835.9391895374079,9051.067841698587,11193.666195802085,0.8,706.0780303030302,
sarima_core,electricity,USA|Michigan,US,True,False,rolling,2023-12-01,7,2024-07-01,12515.46,11560.583006725139,836.8156505582053,10488.160599680048,12633.00541377023,0.8,706.0780303030302,
sarima_core,electricity,USA|Michigan,US,True,False,rolling,2023-12-01,8,2024-08-01,12023.91,11264.470021940419,837.1969297381231,10191.558985965394,12337.381057915443,0.8,706.0780303030302,
sarima_core,electricity,USA|Michigan,US,True,False,rolling,2023-12-01,9,2024-09-01,10678.18,10394.77735565673,837.3731143266525,9321.64053004645,11467.91418126701,0.8,706.0780303030302,
sarima_core,electricity,USA|Michigan,US,True,False,rolling,2023-12-01,10,2024-10-01,9888.9,10181.671215192102,837.4597648954548,9108.423342409718,11254.919087974486,0.8,706.0780303030302,
sarima_core,electricity,USA|Michigan,US,True,False,rolling,2023-12-01,11,2024-11-01,9836.76,9254.699541472035,837.5048915661271,8181.393836534204,10328.005246409866,0.8,706.0780303030302,
sarima_core,electricity,USA|Michigan,US,True,False,rolling,2023-12-01,12,2024-12-01,10816.88,10499.859328527036,837.529524827781,9426.522054794168,11573.196602259904,0.8,706.0780303030302,
sarima_core,electricity,USA|Michigan,US,True,False,rolling,2024-12-01,1,2025-01-01,11693.55,10710.15905554339,665.1982933892258,9857.673141252832,11562.64496983395,0.8,705.7997826086956,
sarima_core,electricity,USA|Michigan,US,True,False,rolling,2024-12-01,2,2025-02-01,10152.38,9703.5946548472,773.3002457633521,8712.570514253151,10694.618795441249,0.8,705.7997826086956,
sarima_core,electricity,USA|Michigan,US,True,False,rolling,2024-12-01,3,2025-03-01,9820.38,9528.706817613578,808.1459521053682,8493.02610750441,10564.387527722745,0.8,705.7997826086956,
sarima_core,electricity,USA|Michigan,US,True,False,rolling,2024-12-01,4,2025-04-01,9409.46,8980.20414374137,820.3013670027658,7928.9456426405995,10031.46264484214,0.8,705.7997826086956,
sarima_core,electricity,USA|Michigan,US,True,False,rolling,2024-12-01,5,2025-05-01,9018.45,9652.388667816265,824.7170018770505,8595.471302929482,10709.306032703049,0.8,705.7997826086956,
sarima_core,electricity,USA|Michigan,US,True,False,rolling,2024-12-01,6,2025-06-01,10655.78,10476.511163848769,826.3843495780508,9417.45700690546,11535.565320792077,0.8,705.7997826086956,
sarima_core,electricity,USA|Michigan,US,True,False,rolling,2024-12-01,7,2025-07-01,12206.19,12032.875137479246,827.0448439356792,10972.974522957888,13092.775752000605,0.8,705.7997826086956,
sarima_core,electricity,USA|Michigan,US,True,False,rolling,2024-12-01,8,2025-08-01,11443.71,11802.283217162212,827.3225971524657,10742.026647571045,12862.53978675338,0.8,705.7997826086956,
sarima_core,electricity,USA|Michigan,US,True,False,rolling,2024-12-01,9,2025-09-01,10358.02,10667.160661223768,827.4476249446504,9606.74386206979,11727.577460377746,0.8,705.7997826086956,
sarima_core,electricity,USA|Michigan,US,True,False,rolling,2024-12-01,10,2025-10-01,9934.39,10084.153960677088,827.5078917220542,9023.659926540178,11144.647994813997,0.8,705.7997826086956,
sarima_core,electricity,USA|Michigan,US,True,False,rolling,2024-12-01,11,2025-11-01,10666.11,9739.77737652974,827.5387512268559,8679.243794346141,10800.31095871334,0.8,705.7997826086956,
sarima_core,electricity,USA|Michigan,US,True,False,rolling,2024-12-01,12,2025-12-01,11631.5,10809.087025807914,827.5553203866422,9748.53220939165,11869.641842224179,0.8,705.7997826086956,
sarima_core,electricity,USA|Minnesota,US,True,False,holdout,last12,1,2025-01-01,5675.45,5314.2906856654845,304.9155292365881,4923.525711813475,5705.055659517494,0.8,291.43597826086955,
sarima_core,electricity,USA|Minnesota,US,True,False,holdout,last12,2,2025-02-01,5096.53,4493.445774533899,337.5579438841987,4060.8478630870873,4926.04368598071,0.8,291.43597826086955,
sarima_core,electricity,USA|Minnesota,US,True,False,holdout,last12,3,2025-03-01,5063.61,4960.31945940116,344.61046876865015,4518.683373647638,5401.955545154682,0.8,291.43597826086955,
sarima_core,electricity,USA|Minnesota,US,True,False,holdout,last12,4,2025-04-01,4554.74,4752.91657212686,346.2619461730611,4309.164032920254,5196.669111333466,0.8,291.43597826086955,
sarima_core,electricity,USA|Minnesota,US,True,False,holdout,last12,5,2025-05-01,4199.38,4676.233144326855,346.67698855247016,4231.948706909149,5120.517581744561,0.8,291.43597826086955,
sarima_core,electricity,USA|Minnesota,US,True,False,holdout,last12,6,2025-06-01,4928.01,5096.397816612479,346.7923515137785,4651.9655356111025,5540.830097613855,0.8,291.43597826086955,
sarima_core,electricity,USA|Minnesota,US,True,False,holdout,last12,7,2025-07-01,6128.45,5835.029663233397,346.82892687206504,5390.550509024348,6279.508817442445,0.8,291.43597826086955,
sarima_core,electricity,USA|Minnesota,US,True,False,holdout,last12,8,2025-08-01,5656.14,5651.618762536179,346.84221427028587,5207.122579841139,6096.114945231219,0.8,291.43597826086955,
sarima_core,electricity,USA|Minnesota,US,True,False,holdout,last12,9,2025-09-01,4766.9,4643.116810895045,346.8475991301757,4198.613727224382,5087.619894565708,0.8,291.43597826086955,
sarima_core,electricity,USA|Minnesota,US,True,False,holdout,last12,10,2025-10-01,4725.95,4288.572462879943,346.8499419948693,3844.066376707364,4733.078549052521,0.8,291.43597826086955,
sarima_core,electricity,USA|Minnesota,US,True,False,holdout,last12,11,2025-11-01,4757.04,4534.476106992503,346.85100280198316,4089.9686613409076,4978.983552644099,0.8,291.43597826086955,
sarima_core,electricity,USA|Minnesota,US,True,False,holdout,last12,12,2025-12-01,5641.7,4958.804512107102,346.85149309350805,4514.296438121634,5403.312586092569,0.8,291.43597826086955,
sarima_core,electricity,USA|Minnesota,US,True,False,rolling,2022-12-01,1,2023-01-01,5330.92,5594.879031588258,300.2206833300429,5210.130744857772,5979.627318318744,0.8,290.8561111111111,
sarima_core,electricity,USA|Minnesota,US,True,False,rolling,2022-12-01,2,2023-02-01,4306.29,5116.702717467003,331.7526836309488,4691.544546386138,5541.860888547868,0.8,290.8561111111111,
sarima_core,electricity,USA|Minnesota,US,True,False,rolling,2022-12-01,3,2023-03-01,4795.18,4668.20247989989,338.45255213547443,4234.458081848107,5101.946877951673,0.8,290.8561111111111,
sarima_core,electricity,USA|Minnesota,US,True,False,rolling,2022-12-01,4,2023-04-01,4405.06,3994.2916871472844,340.0009724986053,3558.56290855501,4430.020465739559,0.8,290.8561111111111,
sarima_core,electricity,USA|Minnesota,US,True,False,rolling,2022-12-01,5,2023-05-01,4371.2,3907.2042387290116,340.3877832503364,3470.979742212287,4343.428735245736,0.8,290.8561111111111,
sarima_core,electricity,USA|Minnesota,US,True,False,rolling,2022-12-01,6,2023-06-01,5095.07,5173.955379045011,340.4956812466779,4737.592605682155,5610.318152407866,0.8,290.8561111111111,
sarima_core,electricity,USA|Minnesota,US,True,False,rolling,2022-12-01,7,2023-07-01,5733.34,5929.883324432592,340.53026549632267,5493.476229570461,6366.2904192947235,0.8,290.8561111111111,
sarima_core,electricity,USA|Minnesota,US,True,False,rolling,2022-12-01,8,2023-08-01,5662.96,5836.397363487319,340.5429742466814,5399.97398170627,6272.820745268368,0.8,290.8561111111111,
sarima_core,electricity,USA|Minnesota,US,True,False,rolling,2022-12-01,9,2023-09-01,4586.84,4642.130106759029,340.54815691000783,4205.700083127681,5078.560130390378,0.8,290.8561111111111,
sarima_core,electricity,USA|Minnesota,US,True,False,rolling,2022-12-01,10,2023-10-01,4556.8,4586.899811982837,340.55041163589647,4150.466898803996,5023.332725161677,0.8,290.8561111111111,
sarima_core,electricity,USA|Minnesota,US,True,False,rolling,2022-12-01,11,2023-11-01,4577.09,4838.8332573664375,340.5514276299701,4402.399042138801,5275.267472594074,0.8,290.8561111111111,
sarima_core,electricity,USA|Minnesota,US,True,False,rolling,2022-12-01,12,2023-12-01,4660.07,5584.640971155718,340.5518936127871,5148.206158747073,6021.0757835643635,0.8,290.8561111111111,
sarima_core,electricity,USA|Minnesota,US,True,False,rolling,2023-12-01,1,2024-01-01,5153.67,5349.782216405968,305.047863779768,4958.847649012971,5740.7167837989655,0.8,293.0528409090909,
sarima_core,electricity,USA|Minnesota,US,True,False,rolling,2023-12-01,2,2024-02-01,4527.24,4542.90348833829,337.4966756106138,4110.38409534341,4975.42288133317,0.8,293.0528409090909,
sarima_core,electricity,USA|Minnesota,US,True,False,rolling,2023-12-01,3,2024-03-01,4991.6,4742.031634810937,344.469899255086,4300.575696137591,5183.4875734842835,0.8,293.0528409090909,
sarima_core,electricity,USA|Minnesota,US,True,False,rolling,2023-12-01,4,2024-04-01,4936.98,4230.184743483191,346.09665941232873,3786.6440277835645,4673.725459182817,0.8,293.0528409090909,
sarima_core,electricity,USA|Minnesota,US,True,False,rolling,2023-12-01,5,2024-05-01,4829.49,4120.4805319166135,346.5051844757969,3676.4162702823355,4564.544793550892,0.8,293.0528409090909,
sarima_core,electricity,USA|Minnesota,US,True,False,rolling,2023-12-01,6,2024-06-01,5009.06,5066.0328527942165,346.6191031652803,4621.822598485086,5510.243107103347,0.8,293.0528409090909,
sarima_core,electricity,USA|Minnesota,US,True,False,rolling,2023-12-01,7,2024-07-01,5828.46,5844.486273391301,346.6554462745217,5400.229443513626,6288.7431032689765,0.8,293.0528409090909,
sarima_core,electricity,USA|Minnesota,US,True,False,rolling,2023-12-01,8,2024-08-01,5555.27,5641.132337065394,346.6687326556299,5196.858480005209,6085.406194125579,0.8,293.0528409090909,
sarima_core,electricity,USA|Minnesota,US,True,False,rolling,2023-12-01,9,2024-09-01,4600.85,4637.283850957605,346.67413817540836,4193.003066445085,5081.564635470125,0.8,293.0528409090909,
sarima_core,electricity,USA|Minnesota,US,True,False,rolling,2023-12-01,10,2024-10-01,3987.63,4561.771791897557,346.67649252639035,4117.48799016285,5006.0555936322635,0.8,293.0528409090909,
sarima_core,electricity,USA|Minnesota,US,True,False,rolling,2023-12-01,11,2024-11-01,4413.47,4592.037423291217,346.67755741215854,4147.752256850487,5036.322589731947,0.8,293.0528409090909,
sarima_core,electricity,USA|Minnesota,US,True,False,rolling,2023-12-01,12,2024-12-01,5110.0,5048.629392778,346.67804844945067,4604.343597047659,5492.91518850834,0.8,293.0528409090909,
sarima_core,electricity,USA|Minnesota,US,True,False,rolling,2024-12-01,1,2025-01-01,5675.45,5314.2906856654845,304.9155292365881,4923.525711813475,5705.055659517494,0.8,291.43597826086955,
sarima_core,electricity,USA|Minnesota,US,True,False,rolling,2024-12-01,2,2025-02-01,5096.53,4493.445774533899,337.5579438841987,4060.8478630870873,4926.04368598071,0.8,291.43597826086955,
sarima_core,electricity,USA|Minnesota,US,True,False,rolling,2024-12-01,3,2025-03-01,5063.61,4960.31945940116,344.61046876865015,4518.683373647638,5401.955545154682,0.8,291.43597826086955,
sarima_core,electricity,USA|Minnesota,US,True,False,rolling,2024-12-01,4,2025-04-01,4554.74,4752.91657212686,346.2619461730611,4309.164032920254,5196.669111333466,0.8,291.43597826086955,
sarima_core,electricity,USA|Minnesota,US,True,False,rolling,2024-12-01,5,2025-05-01,4199.38,4676.233144326855,346.67698855247016,4231.948706909149,5120.517581744561,0.8,291.43597826086955,
sarima_core,electricity,USA|Minnesota,US,True,False,rolling,2024-12-01,6,2025-06-01,4928.01,5096.397816612479,346.7923515137785,4651.9655356111025,5540.830097613855,0.8,291.43597826086955,
sarima_core,electricity,USA|Minnesota,US,True,False,rolling,2024-12-01,7,2025-07-01,6128.45,5835.029663233397,346.82892687206504,5390.550509024348,6279.508817442445,0.8,291.43597826086955,
sarima_core,electricity,USA|Minnesota,US,True,False,rolling,2024-12-01,8,2025-08-01,5656.14,5651.618762536179,346.84221427028587,5207.122579841139,6096.114945231219,0.8,291.43597826086955,
sarima_core,electricity,USA|Minnesota,US,True,False,rolling,2024-12-01,9,2025-09-01,4766.9,4643.116810895045,346.8475991301757,4198.613727224382,5087.619894565708,0.8,291.43597826086955,
sarima_core,electricity,USA|Minnesota,US,True,False,rolling,2024-12-01,10,2025-10-01,4725.95,4288.572462879943,346.8499419948693,3844.066376707364,4733.078549052521,0.8,291.43597826086955,
sarima_core,electricity,USA|Minnesota,US,True,False,rolling,2024-12-01,11,2025-11-01,4757.04,4534.476106992503,346.85100280198316,4089.9686613409076,4978.983552644099,0.8,291.43597826086955,
sarima_core,electricity,USA|Minnesota,US,True,False,rolling,2024-12-01,12,2025-12-01,5641.7,4958.804512107102,346.85149309350805,4514.296438121634,5403.312586092569,0.8,291.43597826086955,
sarima_core,electricity,USA|Mississippi,US,True,False,holdout,last12,1,2025-01-01,6584.96,6554.810641245145,587.8256065890989,5801.4818148536815,7308.139467636609,0.8,559.9975,
sarima_core,electricity,USA|Mississippi,US,True,False,holdout,last12,2,2025-02-01,5416.5,5480.691237430271,627.0518869282744,4677.091910059646,6284.290564800896,0.8,559.9975,
sarima_core,electricity,USA|Mississippi,US,True,False,holdout,last12,3,2025-03-01,6376.84,5348.555752606086,632.680692936026,4537.742820084079,6159.368685128093,0.8,559.9975,
sarima_core,electricity,USA|Mississippi,US,True,False,holdout,last12,4,2025-04-01,5730.56,5827.917223528448,633.6775864880199,5015.826720514202,6640.0077265426935,0.8,559.9975,
sarima_core,electricity,USA|Mississippi,US,True,False,holdout,last12,5,2025-05-01,5400.59,6405.458023119269,633.9285762289398,5593.045863809612,7217.870182428926,0.8,559.9975,
sarima_core,electricity,USA|Mississippi,US,True,False,holdout,last12,6,2025-06-01,6909.71,6992.2821005539245,634.0308259934126,6179.738902898531,7804.825298209318,0.8,559.9975,
sarima_core,electricity,USA|Mississippi,US,True,False,holdout,last12,7,2025-07-01,8285.4,7942.753285558003,634.0951259073281,7130.127684247266,8755.37888686874,0.8,559.9975,
sarima_core,electricity,USA|Mississippi,US,True,False,holdout,last12,8,2025-08-01,8055.46,7891.874383274803,634.1477624377942,7079.181325536043,8704.567441013563,0.8,559.9975,
sarima_core,electricity,USA|Mississippi,US,True,False,holdout,last12,9,2025-09-01,6628.23,6749.435760803946,634.1964424779793,5936.6803170834755,7562.191204524417,0.8,559.9975,
sarima_core,electricity,USA|Mississippi,US,True,False,holdout,last12,10,2025-10-01,6088.42,6058.244422191377,634.2437213457046,5245.428388163957,6871.060456218798,0.8,559.9975,
sarima_core,electricity,USA|Mississippi,US,True,False,holdout,last12,11,2025-11-01,5277.09,4957.7932978199005,634.2904944641414,4144.917321629321,5770.66927401048,0.8,559.9975,
sarima_core,electricity,USA|Mississippi,US,True,False,holdout,last12,12,2025-12-01,6092.9,5966.40944749439,634.3370825439945,5153.47376627714,6779.34512871164,0.8,559.9975,
sarima_core,electricity,USA|Mississippi,US,True,False,rolling,2022-12-01,1,2023-01-01,6058.07,6959.518432658421,574.6125398191765,6223.122832671596,7695.914032645246,0.8,549.238611111111,
sarima_core,electricity,USA|Mississippi,US,True,False,rolling,2022-12-01,2,2023-02-01,5160.62,5506.47984856229,617.2668360736438,4715.420568433349,6297.53912869123,0.8,549.238611111111,
sarima_core,electricity,USA|Mississippi,US,True,False,rolling,2022-12-01,3,2023-03-01,6058.02,4642.893545202733,623.7727667820529,3843.496579389106,5442.290511016359,0.8,549.238611111111,
sarima_core,electricity,USA|Mississippi,US,True,False,rolling,2022-12-01,4,2023-04-01,5570.77,4868.9387516028355,624.8747479009324,4068.129540161108,5669.747963044563,0.8,549.238611111111,
sarima_core,electricity,USA|Mississippi,US,True,False,rolling,2022-12-01,5,2023-05-01,5651.9,5623.278689292217,625.0899776201757,4822.193649866842,6424.363728717592,0.8,549.238611111111,
sarima_core,electricity,USA|Mississippi,US,True,False,rolling,2022-12-01,6,2023-06-01,6708.23,6662.288539859368,625.1415407343368,5861.137419644315,7463.439660074421,0.8,549.238611111111,
sarima_core,electricity,USA|Mississippi,US,True,False,rolling,2022-12-01,7,2023-07-01,7728.03,6832.268201785417,625.1567380177376,6031.0976054680295,7633.438798102804,0.8,549.238611111111,
sarima_core,electricity,USA|Mississippi,US,True,False,rolling,2022-12-01,8,2023-08-01,7990.29,6855.433534564596,625.1619118116427,6054.25630776353,7656.610761365662,0.8,549.238611111111,
sarima_core,electricity,USA|Mississippi,US,True,False,rolling,2022-12-01,9,2023-09-01,6410.82,5554.272353291517,625.1638111764978,4753.0926923564475,6355.4520142265865,0.8,549.238611111111,
sarima_core,electricity,USA|Mississippi,US,True,False,rolling,2022-12-01,10,2023-10-01,6155.11,4915.607692662855,625.164532189401,4114.42710771257,5716.788277613139,0.8,549.238611111111,
sarima_core,electricity,USA|Mississippi,US,True,False,rolling,2022-12-01,11,2023-11-01,4351.12,5306.072188271301,625.1648096765649,4504.891247706906,6107.253128835695,0.8,549.238611111111,
sarima_core,electricity,USA|Mississippi,US,True,False,rolling,2022-12-01,12,2023-12-01,5680.13,5882.4195453725215,625.1649170535954,5081.238467198926,6683.600623546117,0.8,549.238611111111,
sarima_core,electricity,USA|Mississippi,US,True,False,rolling,2023-12-01,1,2024-01-01,6790.31,6348.807432420662,587.9258723244955,5595.35011031903,7102.2647545222935,0.8,560.4067424242425,
sarima_core,electricity,USA|Mississippi,US,True,False,rolling,2023-12-01,2,2024-02-01,5465.69,5238.403041776189,630.137444754621,4430.84941294263,6045.956670609748,0.8,560.4067424242425,
sarima_core,electricity,USA|Mississippi,US,True,False,rolling,2023-12-01,3,2024-03-01,4347.17,5456.356128672718,636.471326969807,4640.685303170313,6272.026954175123,0.8,560.4067424242425,
sarima_core,electricity,USA|Mississippi,US,True,False,rolling,2023-12-01,4,2024-04-01,5711.71,5123.30487837112,637.570364548408,4306.225579539267,5940.384177202974,0.8,560.4067424242425,
sarima_core,electricity,USA|Mississippi,US,True,False,rolling,2023-12-01,5,2024-05-01,6745.56,5757.557435412229,637.8109770172439,4940.169779294249,6574.9450915302095,0.8,560.4067424242425,
sarima_core,electricity,USA|Mississippi,US,True,False,rolling,2023-12-01,6,2024-06-01,6895.39,6952.849477617605,637.8867606305349,6135.3647008913695,7770.33425434384,0.8,560.4067424242425,
sarima_core,electricity,USA|Mississippi,US,True,False,rolling,2023-12-01,7,2024-07-01,7781.01,7415.718120181147,637.9231452259568,6598.186714719687,8233.249525642608,0.8,560.4067424242425,
sarima_core,electricity,USA|Mississippi,US,True,False,rolling,2023-12-01,8,2024-08-01,7439.48,7558.565179783187,637.9479112241921,6741.002035417916,8376.128324148458,0.8,560.4067424242425,
sarima_core,electricity,USA|Mississippi,US,True,False,rolling,2023-12-01,9,2024-09-01,6702.34,6206.632055163068,637.9687468424669,5389.042208878578,7024.221901447558,0.8,560.4067424242425,
sarima_core,electricity,USA|Mississippi,US,True,False,rolling,2023-12-01,10,2024-10-01,5607.19,5618.120689090474,637.9881590885624,4800.505965011609,6435.735413169339,0.8,560.4067424242425,
sarima_core,electricity,USA|Mississippi,US,True,False,rolling,2023-12-01,11,2024-11-01,5159.3,4901.50153928187,638.0070405002214,4083.8626177003334,5719.140460863406,0.8,560.4067424242425,
sarima_core,electricity,USA|Mississippi,US,True,False,rolling,2023-12-01,12,2024-12-01,5870.73,6029.52456653749,638.025721438452,5211.861704370318,6847.187428704661,0.8,560.4067424242425,
sarima_core,electricity,USA|Mississippi,US,True,False,rolling,2024-12-01,1,2025-01-01,6584.96,6554.810641245145,587.8256065890989,5801.4818148536815,7308.139467636609,0.8,559.9975,
sarima_core,electricity,USA|Mississippi,US,True,False,rolling,2024-12-01,2,2025-02-01,5416.5,5480.691237430271,627.0518869282744,4677.091910059646,6284.290564800896,0.8,559.9975,
sarima_core,electricity,USA|Mississippi,US,True,False,rolling,2024-12-01,3,2025-03-01,6376.84,5348.555752606086,632.680692936026,4537.742820084079,6159.368685128093,0.8,559.9975,
sarima_core,electricity,USA|Mississippi,US,True,False,rolling,2024-12-01,4,2025-04-01,5730.56,5827.917223528448,633.6775864880199,5015.826720514202,6640.0077265426935,0.8,559.9975,
sarima_core,electricity,USA|Mississippi,US,True,False,rolling,2024-12-01,5,2025-05-01,5400.59,6405.458023119269,633.9285762289398,5593.045863809612,7217.870182428926,0.8,559.9975,
sarima_core,electricity,USA|Mississippi,US,True,False,rolling,2024-12-01,6,2025-06-01,6909.71,6992.2821005539245,634.0308259934126,6179.738902898531,7804.825298209318,0.8,559.9975,
sarima_core,electricity,USA|Mississippi,US,True,False,rolling,2024-12-01,7,2025-07-01,8285.4,7942.753285558003,634.0951259073281,7130.127684247266,8755.37888686874,0.8,559.9975,
sarima_core,electricity,USA|Mississippi,US,True,False,rolling,2024-12-01,8,2025-08-01,8055.46,7891.874383274803,634.1477624377942,7079.181325536043,8704.567441013563,0.8,559.9975,
sarima_core,electricity,USA|Mississippi,US,True,False,rolling,2024-12-01,9,2025-09-01,6628.23,6749.435760803946,634.1964424779793,5936.6803170834755,7562.191204524417,0.8,559.9975,
sarima_core,electricity,USA|Mississippi,US,True,False,rolling,2024-12-01,10,2025-10-01,6088.42,6058.244422191377,634.2437213457046,5245.428388163957,6871.060456218798,0.8,559.9975,
sarima_core,electricity,USA|Mississippi,US,True,False,rolling,2024-12-01,11,2025-11-01,5277.09,4957.7932978199005,634.2904944641414,4144.917321629321,5770.66927401048,0.8,559.9975,
sarima_core,electricity,USA|Mississippi,US,True,False,rolling,2024-12-01,12,2025-12-01,6092.9,5966.40944749439,634.3370825439945,5153.47376627714,6779.34512871164,0.8,559.9975,
sarima_core,electricity,USA|Missouri,US,False,False,holdout,last12,1,2025-01-01,6658.1,6471.039010053328,509.31653382316557,5818.323608774501,7123.754411332155,0.8,517.0428260869566,
sarima_core,electricity,USA|Missouri,US,False,False,holdout,last12,2,2025-02-01,6609.74,4107.2623201900515,570.4109905197438,3376.2512222856276,4838.273418094475,0.8,517.0428260869566,
sarima_core,electricity,USA|Missouri,US,False,False,holdout,last12,3,2025-03-01,5844.29,4223.920373132843,596.6136389284137,3459.3292301388738,4988.511516126813,0.8,517.0428260869566,
sarima_core,electricity,USA|Missouri,US,False,False,holdout,last12,4,2025-04-01,5193.59,4342.737410752823,614.7586098962981,3554.8925518081996,5130.5822696974465,0.8,517.0428260869566,
sarima_core,electricity,USA|Missouri,US,False,False,holdout,last12,5,2025-05-01,5204.01,4937.944841770472,630.4136511421326,4130.037240208584,5745.852443332359,0.8,517.0428260869566,
sarima_core,electricity,USA|Missouri,US,False,False,holdout,last12,6,2025-06-01,5915.34,5858.785863640077,645.0885603846347,5032.071609164236,6685.500118115918,0.8,517.0428260869566,
sarima_core,electricity,USA|Missouri,US,False,False,holdout,last12,7,2025-07-01,7168.47,6811.502315416141,659.2486594347619,5966.6411638343425,7656.363466997939,0.8,517.0428260869566,
sarima_core,electricity,USA|Missouri,US,False,False,holdout,last12,8,2025-08-01,7098.49,6546.313538977014,673.0513152326901,5683.7635722487075,7408.863505705321,0.8,517.0428260869566,
sarima_core,electricity,USA|Missouri,US,False,False,holdout,last12,9,2025-09-01,5916.52,5152.810406845257,686.5575939117033,4272.951447531179,6032.6693661593345,0.8,517.0428260869566,
sarima_core,electricity,USA|Missouri,US,False,False,holdout,last12,10,2025-10-01,5578.63,4440.562801082169,699.7972153986594,3543.7365841242654,5337.389018040073,0.8,517.0428260869566,
sarima_core,electricity,USA|Missouri,US,False,False,holdout,last12,11,2025-11-01,5425.6,4336.537682951476,712.7890393912661,3423.0617736165673,5250.013592286385,0.8,517.0428260869566,
sarima_core,electricity,USA|Missouri,US,False,False,holdout,last12,12,2025-12-01,6636.02,5298.897049627985,725.5476530632076,4369.0703189676215,6228.723780288349,0.8,517.0428260869566,
sarima_core,electricity,USA|Missouri,US,False,False,rolling,2022-12-01,1,2023-01-01,6507.84,7695.915332435357,483.4842868568116,7076.305287697796,8315.525377172919,0.8,495.9111111111112,
sarima_core,electricity,USA|Missouri,US,False,False,rolling,2022-12-01,2,2023-02-01,4588.37,6985.51986145071,541.5171810044533,6291.537670365154,7679.502052536266,0.8,495.9111111111112,
sarima_core,electricity,USA|Missouri,US,False,False,rolling,2022-12-01,3,2023-03-01,4851.6,6221.230601887998,566.6167034183047,5495.082078558549,6947.379125217447,0.8,495.9111111111112,
sarima_core,electricity,USA|Missouri,US,False,False,rolling,2022-12-01,4,2023-04-01,4993.66,5611.025564658588,584.1273001665256,4862.4363086528365,6359.61482066434,0.8,495.9111111111112,
sarima_core,electricity,USA|Missouri,US,False,False,rolling,2022-12-01,5,2023-05-01,4943.08,5465.423248031311,599.2915906247065,4697.400171848505,6233.446324214117,0.8,495.9111111111112,
sarima_core,electricity,USA|Missouri,US,False,False,rolling,2022-12-01,6,2023-06-01,6195.98,7160.255322620096,613.525632063933,6373.990588346823,7946.52005689337,0.8,495.9111111111112,
sarima_core,electricity,USA|Missouri,US,False,False,rolling,2022-12-01,7,2023-07-01,7020.98,7871.464131940538,627.2640207914244,7067.592944085487,8675.33531979559,0.8,495.9111111111112,
sarima_core,electricity,USA|Missouri,US,False,False,rolling,2022-12-01,8,2023-08-01,6927.72,8248.959309602747,640.6536491623865,7427.9286225468295,9069.989996658665,0.8,495.9111111111112,
sarima_core,electricity,USA|Missouri,US,False,False,rolling,2022-12-01,9,2023-09-01,5867.56,7093.74086534266,653.7520195233074,6255.923941244621,7931.557789440699,0.8,495.9111111111112,
sarima_core,electricity,USA|Missouri,US,False,False,rolling,2022-12-01,10,2023-10-01,4667.04,6262.295223594978,666.5876684886007,5408.028753470687,7116.561693719269,0.8,495.9111111111112,
sarima_core,electricity,USA|Missouri,US,False,False,rolling,2022-12-01,11,2023-11-01,5453.67,6537.576241060662,679.179080343299,5667.173227361565,7407.979254759759,0.8,495.9111111111112,
sarima_core,electricity,USA|Missouri,US,False,False,rolling,2022-12-01,12,2023-12-01,5690.01,6995.76577569157,691.5407305354793,6109.52066983597,7882.010881547169,0.8,495.9111111111112,
sarima_core,electricity,USA|Missouri,US,False,False,rolling,2023-12-01,1,2024-01-01,7285.93,6244.808583224332,494.9491991763801,5610.5056621547965,6879.111504293868,0.8,519.5248484848485,
sarima_core,electricity,USA|Missouri,US,False,False,rolling,2023-12-01,2,2024-02-01,4579.5,4662.572251084186,560.4471259742365,3944.3303593869314,5380.814142781441,0.8,519.5248484848485,
sarima_core,electricity,USA|Missouri,US,False,False,rolling,2023-12-01,3,2024-03-01,4582.88,4759.886758630451,590.1968061883325,4003.519117680371,5516.254399580532,0.8,519.5248484848485,
sarima_core,electricity,USA|Missouri,US,False,False,rolling,2023-12-01,4,2024-04-01,4686.21,4402.498946800049,611.203323964076,3619.210370107824,5185.787523492275,0.8,519.5248484848485,
sarima_core,electricity,USA|Missouri,US,False,False,rolling,2023-12-01,5,2024-05-01,5847.78,4126.563476093206,629.3598770997149,3320.006340305109,4933.120611881303,0.8,519.5248484848485,
sarima_core,electricity,USA|Missouri,US,False,False,rolling,2023-12-01,6,2024-06-01,6478.72,5692.897980677862,646.3296106785328,4864.593256254956,6521.202705100767,0.8,519.5248484848485,
sarima_core,electricity,USA|Missouri,US,False,False,rolling,2023-12-01,7,2024-07-01,7543.3,6588.621674351088,662.6460485818271,5739.406593389103,7437.836755313072,0.8,519.5248484848485,
sarima_core,electricity,USA|Missouri,US,False,False,rolling,2023-12-01,8,2024-08-01,7127.8,6478.87128681561,678.4987716478876,5609.340123790171,7348.402449841049,0.8,519.5248484848485,
sarima_core,electricity,USA|Missouri,US,False,False,rolling,2023-12-01,9,2024-09-01,5442.78,5345.147082321989,693.9660335795297,4455.793825553365,6234.500339090612,0.8,519.5248484848485,
sarima_core,electricity,USA|Missouri,US,False,False,rolling,2023-12-01,10,2024-10-01,5157.57,4333.426368660106,709.0882978344227,3424.6931504610457,5242.159586859167,0.8,519.5248484848485,
sarima_core,electricity,USA|Missouri,US,False,False,rolling,2023-12-01,11,2024-11-01,4274.6,4957.18299799549,723.8921941616198,4029.4778232821504,5884.88817270883,0.8,519.5248484848485,
sarima_core,electricity,USA|Missouri,US,False,False,rolling,2023-12-01,12,2024-12-01,5871.92,5387.3851116012065,738.3985193823054,4441.0893330909985,6333.680890111415,0.8,519.5248484848485,
sarima_core,electricity,USA|Missouri,US,False,False,rolling,2024-12-01,1,2025-01-01,6658.1,6471.039010053328,509.31653382316557,5818.323608774501,7123.754411332155,0.8,517.0428260869566,
sarima_core,electricity,USA|Missouri,US,False,False,rolling,2024-12-01,2,2025-02-01,6609.74,4107.2623201900515,570.4109905197438,3376.2512222856276,4838.273418094475,0.8,517.0428260869566,
sarima_core,electricity,USA|Missouri,US,False,False,rolling,2024-12-01,3,2025-03-01,5844.29,4223.920373132843,596.6136389284137,3459.3292301388738,4988.511516126813,0.8,517.0428260869566,
sarima_core,electricity,USA|Missouri,US,False,False,rolling,2024-12-01,4,2025-04-01,5193.59,4342.737410752823,614.7586098962981,3554.8925518081996,5130.5822696974465,0.8,517.0428260869566,
sarima_core,electricity,USA|Missouri,US,False,False,rolling,2024-12-01,5,2025-05-01,5204.01,4937.944841770472,630.4136511421326,4130.037240208584,5745.852443332359,0.8,517.0428260869566,
sarima_core,electricity,USA|Missouri,US,False,False,rolling,2024-12-01,6,2025-06-01,5915.34,5858.785863640077,645.0885603846347,5032.071609164236,6685.500118115918,0.8,517.0428260869566,
sarima_core,electricity,USA|Missouri,US,False,False,rolling,2024-12-01,7,2025-07-01,7168.47,6811.502315416141,659.2486594347619,5966.6411638343425,7656.363466997939,0.8,517.0428260869566,
sarima_core,electricity,USA|Missouri,US,False,False,rolling,2024-12-01,8,2025-08-01,7098.49,6546.313538977014,673.0513152326901,5683.7635722487075,7408.863505705321,0.8,517.0428260869566,
sarima_core,electricity,USA|Missouri,US,False,False,rolling,2024-12-01,9,2025-09-01,5916.52,5152.810406845257,686.5575939117033,4272.951447531179,6032.6693661593345,0.8,517.0428260869566,
sarima_core,electricity,USA|Missouri,US,False,False,rolling,2024-12-01,10,2025-10-01,5578.63,4440.562801082169,699.7972153986594,3543.7365841242654,5337.389018040073,0.8,517.0428260869566,
sarima_core,electricity,USA|Missouri,US,False,False,rolling,2024-12-01,11,2025-11-01,5425.6,4336.537682951476,712.7890393912661,3423.0617736165673,5250.013592286385,0.8,517.0428260869566,
sarima_core,electricity,USA|Missouri,US,False,False,rolling,2024-12-01,12,2025-12-01,6636.02,5298.897049627985,725.5476530632076,4369.0703189676215,6228.723780288349,0.8,517.0428260869566,
sarima_core,electricity,USA|Montana,US,False,False,holdout,last12,1,2025-01-01,2804.17,2567.4377702160136,229.69098323060174,2273.0769310653573,2861.79860936667,0.8,243.6841304347826,
sarima_core,electricity,USA|Montana,US,False,False,holdout,last12,2,2025-02-01,2293.24,2367.6031202793456,263.0085499376555,2030.544101355128,2704.662139203563,0.8,243.6841304347826,
sarima_core,electricity,USA|Montana,US,False,False,holdout,last12,3,2025-03-01,2278.21,2168.7421572332964,272.68107813414315,1819.2872946560958,2518.1970198104973,0.8,243.6841304347826,
sarima_core,electricity,USA|Montana,US,False,False,holdout,last12,4,2025-04-01,2001.33,2004.187159992739,275.73803297199527,1650.8146521572899,2357.559667828188,0.8,243.6841304347826,
sarima_core,electricity,USA|Montana,US,False,False,holdout,last12,5,2025-05-01,1932.12,1714.6677691117968,276.76119742376517,1359.9840232713723,2069.3515149522214,0.8,243.6841304347826,
sarima_core,electricity,USA|Montana,US,False,False,holdout,last12,6,2025-06-01,2003.92,1798.2766834351987,277.1285222589166,1443.1221918772226,2153.431174993175,0.8,243.6841304347826,
sarima_core,electricity,USA|Montana,US,False,False,holdout,last12,7,2025-07-01,2450.98,2168.6782572720194,277.27380098746704,1813.3375835320292,2524.01893101201,0.8,243.6841304347826,
sarima_core,electricity,USA|Montana,US,False,False,holdout,last12,8,2025-08-01,2484.3,2240.652167641154,277.3389846386868,1885.227957690895,2596.076377591413,0.8,243.6841304347826,
sarima_core,electricity,USA|Montana,US,False,False,holdout,last12,9,2025-09-01,1932.99,2020.2650753881155,277.37289151338194,1664.7974120295082,2375.7327387467226,0.8,243.6841304347826,
sarima_core,electricity,USA|Montana,US,False,False,holdout,last12,10,2025-10-01,2434.81,1993.1566837099065,277.3934765731264,1637.6626395357569,2348.650727884056,0.8,243.6841304347826,
sarima_core,electricity,USA|Montana,US,False,False,holdout,last12,11,2025-11-01,2588.37,2370.1152284395325,277.40790929643174,2014.6026879862359,2725.627768892829,0.8,243.6841304347826,
sarima_core,electricity,USA|Montana,US,False,False,holdout,last12,12,2025-12-01,2611.07,2660.5187332403966,277.4193113313948,2304.9915804913426,3016.0458859894507,0.8,243.6841304347826,
sarima_core,electricity,USA|Montana,US,False,False,rolling,2022-12-01,1,2023-01-01,2283.15,2542.6440977927427,227.46312568573384,2251.138372966522,2834.1498226189633,0.8,250.2520238095238,
sarima_core,electricity,USA|Montana,US,False,False,rolling,2022-12-01,2,2023-02-01,2363.04,2124.1700594854924,264.28745497835087,1785.4720578041888,2462.868061166796,0.8,250.2520238095238,
sarima_core,electricity,USA|Montana,US,False,False,rolling,2022-12-01,3,2023-03-01,2216.5,2559.400456788245,276.1574870928259,2205.4903968675712,2913.3105167089184,0.8,250.2520238095238,
sarima_core,electricity,USA|Montana,US,False,False,rolling,2022-12-01,4,2023-04-01,1914.15,1888.488713014323,280.32290913308253,1529.2404499568042,2247.7369760718416,0.8,250.2520238095238,
sarima_core,electricity,USA|Montana,US,False,False,rolling,2022-12-01,5,2023-05-01,1948.57,2006.8104607344826,281.86009959138414,1645.5922088385873,2368.028712630378,0.8,250.2520238095238,
sarima_core,electricity,USA|Montana,US,False,False,rolling,2022-12-01,6,2023-06-01,1756.22,1921.6567889194876,282.458768385818,1559.6713120928428,2283.642265746132,0.8,250.2520238095238,
sarima_core,electricity,USA|Montana,US,False,False,rolling,2022-12-01,7,2023-07-01,2189.52,2246.163401611991,282.708819954695,1883.8574708057852,2608.469332418197,0.8,250.2520238095238,
sarima_core,electricity,USA|Montana,US,False,False,rolling,2022-12-01,8,2023-08-01,2166.52,2208.339627568402,282.82310202162586,1845.8872384004073,2570.7920167363973,0.8,250.2520238095238,
sarima_core,electricity,USA|Montana,US,False,False,rolling,2022-12-01,9,2023-09-01,1856.36,2007.851645330788,282.88127919787183,1645.324699111496,2370.37859155008,0.8,250.2520238095238,
sarima_core,electricity,USA|Montana,US,False,False,rolling,2022-12-01,10,2023-10-01,1852.93,2053.3889002207025,282.9146256454428,1690.8192188093208,2415.958581632084,0.8,250.2520238095238,
sarima_core,electricity,USA|Montana,US,False,False,rolling,2022-12-01,11,2023-11-01,2354.09,2302.322758455732,282.9361835672153,1939.725449455953,2664.9200674555113,0.8,250.2520238095238,
sarima_core,electricity,USA|Montana,US,False,False,rolling,2022-12-01,12,2023-12-01,2473.65,2177.94238321423,282.9517815675361,1815.3250845727205,2540.5596818557397,0.8,250.2520238095238,
sarima_core,electricity,USA|Montana,US,False,False,rolling,2023-12-01,1,2024-01-01,2387.18,2592.2931680856477,227.7521483136428,2300.417045858153,2884.1692903131425,0.8,246.69655303030302,
sarima_core,electricity,USA|Montana,US,False,False,rolling,2023-12-01,2,2024-02-01,2152.87,2387.9885430042905,262.6315102410794,2051.4127198934925,2724.5643661150884,0.8,246.69655303030302,
sarima_core,electricity,USA|Montana,US,False,False,rolling,2023-12-01,3,2024-03-01,2010.65,2447.900277774927,273.3078557793446,2097.64216732527,2798.158388224584,0.8,246.69655303030302,
sarima_core,electricity,USA|Montana,US,False,False,rolling,2023-12-01,4,2024-04-01,2000.78,1942.604194455023,276.8720666591192,1587.7783639724598,2297.430024937586,0.8,246.69655303030302,
sarima_core,electricity,USA|Montana,US,False,False,rolling,2023-12-01,5,2024-05-01,1500.65,2047.8454160496983,278.1314791739316,1691.4055834871108,2404.2852486122856,0.8,246.69655303030302,
sarima_core,electricity,USA|Montana,US,False,False,rolling,2023-12-01,6,2024-06-01,1804.59,1872.2999609012397,278.6070614565165,1515.2506451198603,2229.3492766826193,0.8,246.69655303030302,
sarima_core,electricity,USA|Montana,US,False,False,rolling,2023-12-01,7,2024-07-01,2137.34,2249.869877294886,278.8034950283493,1892.5688217619988,2607.1709328277734,0.8,246.69655303030302,
sarima_core,electricity,USA|Montana,US,False,False,rolling,2023-12-01,8,2024-08-01,2284.52,2228.330516342022,278.89461495614614,1870.9126859230141,2585.7483467610296,0.8,246.69655303030302,
sarima_core,electricity,USA|Montana,US,False,False,rolling,2023-12-01,9,2024-09-01,2133.29,1900.8330138882147,278.9430672060377,1543.3530894125045,2258.3129383639252,0.8,246.69655303030302,
sarima_core,electricity,USA|Montana,US,False,False,rolling,2023-12-01,10,2024-10-01,2090.16,1955.441711100169,278.9728164507264,1597.923661433354,2312.959760766984,0.8,246.69655303030302,
sarima_core,electricity,USA|Montana,US,False,False,rolling,2023-12-01,11,2024-11-01,2376.03,2378.4888997588064,278.9937268980072,2020.9440522755426,2736.03374724207,0.8,246.69655303030302,
sarima_core,electricity,USA|Montana,US,False,False,rolling,2023-12-01,12,2024-12-01,2793.33,2387.5674407368333,279.0101919315812,2030.0014924640159,2745.1333890096507,0.8,246.69655303030302,
sarima_core,electricity,USA|Montana,US,False,False,rolling,2024-12-01,1,2025-01-01,2804.17,2567.4377702160136,229.69098323060174,2273.0769310653573,2861.79860936667,0.8,243.6841304347826,
sarima_core,electricity,USA|Montana,US,False,False,rolling,2024-12-01,2,2025-02-01,2293.24,2367.6031202793456,263.0085499376555,2030.544101355128,2704.662139203563,0.8,243.6841304347826,
sarima_core,electricity,USA|Montana,US,False,False,rolling,2024-12-01,3,2025-03-01,2278.21,2168.7421572332964,272.68107813414315,1819.2872946560958,2518.1970198104973,0.8,243.6841304347826,
sarima_core,electricity,USA|Montana,US,False,False,rolling,2024-12-01,4,2025-04-01,2001.33,2004.187159992739,275.73803297199527,1650.8146521572899,2357.559667828188,0.8,243.6841304347826,
sarima_core,electricity,USA|Montana,US,False,False,rolling,2024-12-01,5,2025-05-01,1932.12,1714.6677691117968,276.76119742376517,1359.9840232713723,2069.3515149522214,0.8,243.6841304347826,
sarima_core,electricity,USA|Montana,US,False,False,rolling,2024-12-01,6,2025-06-01,2003.92,1798.2766834351987,277.1285222589166,1443.1221918772226,2153.431174993175,0.8,243.6841304347826,
sarima_core,electricity,USA|Montana,US,False,False,rolling,2024-12-01,7,2025-07-01,2450.98,2168.6782572720194,277.27380098746704,1813.3375835320292,2524.01893101201,0.8,243.6841304347826,
sarima_core,electricity,USA|Montana,US,False,False,rolling,2024-12-01,8,2025-08-01,2484.3,2240.652167641154,277.3389846386868,1885.227957690895,2596.076377591413,0.8,243.6841304347826,
sarima_core,electricity,USA|Montana,US,False,False,rolling,2024-12-01,9,2025-09-01,1932.99,2020.2650753881155,277.37289151338194,1664.7974120295082,2375.7327387467226,0.8,243.6841304347826,
sarima_core,electricity,USA|Montana,US,False,False,rolling,2024-12-01,10,2025-10-01,2434.81,1993.1566837099065,277.3934765731264,1637.6626395357569,2348.650727884056,0.8,243.6841304347826,
sarima_core,electricity,USA|Montana,US,False,False,rolling,2024-12-01,11,2025-11-01,2588.37,2370.1152284395325,277.40790929643174,2014.6026879862359,2725.627768892829,0.8,243.6841304347826,
sarima_core,electricity,USA|Montana,US,False,False,rolling,2024-12-01,12,2025-12-01,2611.07,2660.5187332403966,277.4193113313948,2304.9915804913426,3016.0458859894507,0.8,243.6841304347826,
sarima_core,electricity,USA|Nebraska,US,True,False,holdout,last12,1,2025-01-01,3869.61,3588.905968951891,206.71155892673252,3323.994446993172,3853.8174909106096,0.8,220.76934782608694,
sarima_core,electricity,USA|Nebraska,US,True,False,holdout,last12,2,2025-02-01,3335.8,3212.714682613016,239.82898726486724,2905.3614685207494,3520.0678967052827,0.8,220.76934782608694,
sarima_core,electricity,USA|Nebraska,US,True,False,holdout,last12,3,2025-03-01,2981.07,3258.8178753975744,250.36049984835466,2937.967984866387,3579.667765928762,0.8,220.76934782608694,
sarima_core,electricity,USA|Nebraska,US,True,False,holdout,last12,4,2025-04-01,2518.96,2987.9234466188404,253.98454453800778,2662.4291559420244,3313.4177372956565,0.8,220.76934782608694,
sarima_core,electricity,USA|Nebraska,US,True,False,holdout,last12,5,2025-05-01,2885.69,2932.558942787242,255.28402167015636,2605.3993051573316,3259.718580417152,0.8,220.76934782608694,
sarima_core,electricity,USA|Nebraska,US,True,False,holdout,last12,6,2025-06-01,3139.86,3086.804752467396,255.76906621692652,2759.0235052392136,3414.5859996955787,0.8,220.76934782608694,
sarima_core,electricity,USA|Nebraska,US,True,False,holdout,last12,7,2025-07-01,3698.95,3425.4901159291803,255.95942686524688,3097.4649117141244,3753.5153201442363,0.8,220.76934782608694,
sarima_core,electricity,USA|Nebraska,US,True,False,holdout,last12,8,2025-08-01,3823.45,3703.281472509778,256.0389487463351,3375.1543569035184,4031.408588116037,0.8,220.76934782608694,
sarima_core,electricity,USA|Nebraska,US,True,False,holdout,last12,9,2025-09-01,3504.77,3413.998177462929,256.0745944889889,3085.8253799993668,3742.1709749264915,0.8,220.76934782608694,
sarima_core,electricity,USA|Nebraska,US,True,False,holdout,last12,10,2025-10-01,3417.77,2968.100945187027,256.09172929435067,2639.9061885868277,3296.295701787226,0.8,220.76934782608694,
sarima_core,electricity,USA|Nebraska,US,True,False,holdout,last12,11,2025-11-01,3382.93,3142.994568491788,256.1004808201576,2814.78859635999,3471.2005406235858,0.8,220.76934782608694,
sarima_core,electricity,USA|Nebraska,US,True,False,holdout,last12,12,2025-12-01,3596.21,3561.9356301027556,256.1051645013012,3233.7236555920554,3890.1476046134558,0.8,220.76934782608694,
sarima_core,electricity,USA|Nebraska,US,True,False,rolling,2022-12-01,1,2023-01-01,3727.85,3552.591200297973,200.64763404572452,3295.4509107638546,3809.7314898320915,0.8,219.03035714285716,
sarima_core,electricity,USA|Nebraska,US,True,False,rolling,2022-12-01,2,2023-02-01,3179.2,3322.479016903808,230.4480225054941,3027.1479928852345,3617.810040922381,0.8,219.03035714285716,
sarima_core,electricity,USA|Nebraska,US,True,False,rolling,2022-12-01,3,2023-03-01,3280.19,3170.6678537478037,242.66195997169552,2859.684039047956,3481.6516684476514,0.8,219.03035714285716,
sarima_core,electricity,USA|Nebraska,US,True,False,rolling,2022-12-01,4,2023-04-01,2982.91,2879.4173553878204,249.98341405266254,2559.0507197484467,3199.783991027194,0.8,219.03035714285716,
sarima_core,electricity,USA|Nebraska,US,True,False,rolling,2022-12-01,5,2023-05-01,3209.13,3226.645650143479,255.5886268263707,2899.095645298749,3554.1956549882093,0.8,219.03035714285716,
sarima_core,electricity,USA|Nebraska,US,True,False,rolling,2022-12-01,6,2023-06-01,3213.94,3865.4708045674297,260.49431101782335,3531.6339124670762,4199.307696667784,0.8,219.03035714285716,
sarima_core,electricity,USA|Nebraska,US,True,False,rolling,2022-12-01,7,2023-07-01,3441.34,4173.769065848522,265.0755688988673,3834.061055538553,4513.4770761584905,0.8,219.03035714285716,
sarima_core,electricity,USA|Nebraska,US,True,False,rolling,2022-12-01,8,2023-08-01,3790.59,4094.4705907896637,269.482419947609,3749.1149736190578,4439.826207960269,0.8,219.03035714285716,
sarima_core,electricity,USA|Nebraska,US,True,False,rolling,2022-12-01,9,2023-09-01,3401.22,3245.5912690198284,273.77803035121406,2894.730605611513,3596.4519324281437,0.8,219.03035714285716,
sarima_core,electricity,USA|Nebraska,US,True,False,rolling,2022-12-01,10,2023-10-01,3208.82,3212.1116389205667,277.9903515310851,2855.852668709611,3568.3706091315225,0.8,219.03035714285716,
sarima_core,electricity,USA|Nebraska,US,True,False,rolling,2022-12-01,11,2023-11-01,3304.9,3391.0995427086223,282.1326706923482,3029.531976891564,3752.6671085256803,0.8,219.03035714285716,
sarima_core,electricity,USA|Nebraska,US,True,False,rolling,2022-12-01,12,2023-12-01,3510.48,3769.5630970302927,286.2120466375858,3402.7676005841704,4136.358593476415,0.8,219.03035714285716,
sarima_core,electricity,USA|Nebraska,US,True,False,rolling,2023-12-01,1,2024-01-01,3477.17,3661.504232356143,202.27626395325584,3402.276769614335,3920.7316950979507,0.8,221.24492424242422,
sarima_core,electricity,USA|Nebraska,US,True,False,rolling,2023-12-01,2,2024-02-01,3205.25,3259.281747716749,234.53980136380937,2958.7068980964395,3559.8565973370587,0.8,221.24492424242422,
sarima_core,electricity,USA|Nebraska,US,True,False,rolling,2023-12-01,3,2024-03-01,3191.96,3380.738631628812,244.7604319161688,3067.065516923273,3694.411746334351,0.8,221.24492424242422,
sarima_core,electricity,USA|Nebraska,US,True,False,rolling,2023-12-01,4,2024-04-01,2931.54,2927.587702543391,248.26598148484734,2609.422045300018,3245.753359786764,0.8,221.24492424242422,
sarima_core,electricity,USA|Nebraska,US,True,False,rolling,2023-12-01,5,2024-05-01,2652.73,3284.4129924271824,249.52020138918184,2964.6399877018725,3604.1859971524923,0.8,221.24492424242422,
sarima_core,electricity,USA|Nebraska,US,True,False,rolling,2023-12-01,6,2024-06-01,2919.09,3551.5855781397154,249.98808167747885,3231.212960698451,3871.95819558098,0.8,221.24492424242422,
sarima_core,electricity,USA|Nebraska,US,True,False,rolling,2023-12-01,7,2024-07-01,3341.81,3791.4511786846615,250.17196802114321,3470.842901411792,4112.059455957531,0.8,221.24492424242422,
sarima_core,electricity,USA|Nebraska,US,True,False,rolling,2023-12-01,8,2024-08-01,3563.21,3945.5644496713758,250.24904181312226,3624.8573983597325,4266.271500983019,0.8,221.24492424242422,
sarima_core,electricity,USA|Nebraska,US,True,False,rolling,2023-12-01,9,2024-09-01,3350.61,3180.5675594709655,250.28374542758687,2859.8160336878755,3501.3190852540556,0.8,221.24492424242422,
sarima_core,electricity,USA|Nebraska,US,True,False,rolling,2023-12-01,10,2024-10-01,2708.38,3084.757326636727,250.30050209971722,2763.984326314235,3405.530326959219,0.8,221.24492424242422,
sarima_core,electricity,USA|Nebraska,US,True,False,rolling,2023-12-01,11,2024-11-01,2943.96,3328.6197715401318,250.30909022519887,3007.8357650919834,3649.40377798828,0.8,221.24492424242422,
sarima_core,electricity,USA|Nebraska,US,True,False,rolling,2023-12-01,12,2024-12-01,3527.68,3612.4073459251986,250.31369574916968,3291.6174372605956,3933.1972545898016,0.8,221.24492424242422,
sarima_core,electricity,USA|Nebraska,US,True,False,rolling,2024-12-01,1,2025-01-01,3869.61,3588.905968951891,206.71155892673252,3323.994446993172,3853.8174909106096,0.8,220.76934782608694,
sarima_core,electricity,USA|Nebraska,US,True,False,rolling,2024-12-01,2,2025-02-01,3335.8,3212.714682613016,239.82898726486724,2905.3614685207494,3520.0678967052827,0.8,220.76934782608694,
sarima_core,electricity,USA|Nebraska,US,True,False,rolling,2024-12-01,3,2025-03-01,2981.07,3258.8178753975744,250.36049984835466,2937.967984866387,3579.667765928762,0.8,220.76934782608694,
sarima_core,electricity,USA|Nebraska,US,True,False,rolling,2024-12-01,4,2025-04-01,2518.96,2987.9234466188404,253.98454453800778,2662.4291559420244,3313.4177372956565,0.8,220.76934782608694,
sarima_core,electricity,USA|Nebraska,US,True,False,rolling,2024-12-01,5,2025-05-01,2885.69,2932.558942787242,255.28402167015636,2605.3993051573316,3259.718580417152,0.8,220.76934782608694,
sarima_core,electricity,USA|Nebraska,US,True,False,rolling,2024-12-01,6,2025-06-01,3139.86,3086.804752467396,255.76906621692652,2759.0235052392136,3414.5859996955787,0.8,220.76934782608694,
sarima_core,electricity,USA|Nebraska,US,True,False,rolling,2024-12-01,7,2025-07-01,3698.95,3425.4901159291803,255.95942686524688,3097.4649117141244,3753.5153201442363,0.8,220.76934782608694,
sarima_core,electricity,USA|Nebraska,US,True,False,rolling,2024-12-01,8,2025-08-01,3823.45,3703.281472509778,256.0389487463351,3375.1543569035184,4031.408588116037,0.8,220.76934782608694,
sarima_core,electricity,USA|Nebraska,US,True,False,rolling,2024-12-01,9,2025-09-01,3504.77,3413.998177462929,256.0745944889889,3085.8253799993668,3742.1709749264915,0.8,220.76934782608694,
sarima_core,electricity,USA|Nebraska,US,True,False,rolling,2024-12-01,10,2025-10-01,3417.77,2968.100945187027,256.09172929435067,2639.9061885868277,3296.295701787226,0.8,220.76934782608694,
sarima_core,electricity,USA|Nebraska,US,True,False,rolling,2024-12-01,11,2025-11-01,3382.93,3142.994568491788,256.1004808201576,2814.78859635999,3471.2005406235858,0.8,220.76934782608694,
sarima_core,electricity,USA|Nebraska,US,True,False,rolling,2024-12-01,12,2025-12-01,3596.21,3561.9356301027556,256.1051645013012,3233.7236555920554,3890.1476046134558,0.8,220.76934782608694,
sarima_core,electricity,USA|Nevada,US,True,False,holdout,last12,1,2025-01-01,3472.19,3623.321277940239,253.63097480122326,3298.2801051131282,3948.3624507673494,0.8,274.2497101449275,
sarima_core,electricity,USA|Nevada,US,True,False,holdout,last12,2,2025-02-01,3147.71,3227.3754612244015,288.26574619709396,2857.9480428926336,3596.8028795561695,0.8,274.2497101449275,
sarima_core,electricity,USA|Nevada,US,True,False,holdout,last12,3,2025-03-01,3578.69,3497.841924028905,312.98746761845587,3096.732344906633,3898.951503151177,0.8,274.2497101449275,
sarima_core,electricity,USA|Nevada,US,True,False,holdout,last12,4,2025-04-01,3646.11,3436.6305160119077,335.191808791103,3007.0649286979433,3866.196103325872,0.8,274.2497101449275,
sarima_core,electricity,USA|Nevada,US,True,False,holdout,last12,5,2025-05-01,4229.66,3896.733406794564,355.92909346691323,3440.591919839171,4352.874893749957,0.8,274.2497101449275,
sarima_core,electricity,USA|Nevada,US,True,False,holdout,last12,6,2025-06-01,4677.88,4162.487983689623,375.5125662351993,3681.249266549233,4643.726700830013,0.8,274.2497101449275,
sarima_core,electricity,USA|Nevada,US,True,False,holdout,last12,7,2025-07-01,4935.44,5296.44095007563,394.12288246891745,4791.352153030639,5801.529747120621,0.8,274.2497101449275,
sarima_core,electricity,USA|Nevada,US,True,False,holdout,last12,8,2025-08-01,4932.66,4709.666874065046,411.8930384806105,4181.804705763297,5237.529042366795,0.8,274.2497101449275,
sarima_core,electricity,USA|Nevada,US,True,False,holdout,last12,9,2025-09-01,4257.33,4093.7963051119964,428.92760105777603,3544.1034664711137,4643.489143752879,0.8,274.2497101449275,
sarima_core,electricity,USA|Nevada,US,True,False,holdout,last12,10,2025-10-01,3766.53,4038.8624341789364,445.31101105777907,3468.1734108035907,4609.551457554282,0.8,274.2497101449275,
sarima_core,electricity,USA|Nevada,US,True,False,holdout,last12,11,2025-11-01,3225.92,3203.536911788502,461.1126824405589,2612.5972317143337,3794.4765918626704,0.8,274.2497101449275,
sarima_core,electricity,USA|Nevada,US,True,False,holdout,last12,12,2025-12-01,3365.61,3428.085680719684,476.39050705204687,2817.5666805965475,4038.604680842821,0.8,274.2497101449275,
sarima_core,electricity,USA|Nevada,US,True,False,rolling,2022-12-01,1,2023-01-01,3359.69,3426.393341249044,241.56066546372298,3116.8208922500144,3735.965790248074,0.8,272.2120634920635,
sarima_core,electricity,USA|Nevada,US,True,False,rolling,2022-12-01,2,2023-02-01,3070.95,3114.7265065943316,279.0623657209259,2757.093694920099,3472.359318268564,0.8,272.2120634920635,
sarima_core,electricity,USA|Nevada,US,True,False,rolling,2022-12-01,3,2023-03-01,3559.79,3383.607589667575,304.9377980025225,2992.814077243719,3774.4011020914313,0.8,272.2120634920635,
sarima_core,electricity,USA|Nevada,US,True,False,rolling,2022-12-01,4,2023-04-01,3355.62,3547.5487480726206,327.756722936418,3127.5116066756864,3967.585889469555,0.8,272.2120634920635,
sarima_core,electricity,USA|Nevada,US,True,False,rolling,2022-12-01,5,2023-05-01,3633.08,3815.497160415847,348.9300445006723,3368.3253156204632,4262.669005211231,0.8,272.2120634920635,
sarima_core,electricity,USA|Nevada,US,True,False,rolling,2022-12-01,6,2023-06-01,3458.9,4423.676607388543,368.8655889724826,3950.9563343653267,4896.396880411759,0.8,272.2120634920635,
sarima_core,electricity,USA|Nevada,US,True,False,rolling,2022-12-01,7,2023-07-01,5028.35,5005.09771305761,387.77376250351267,4508.145640644114,5502.049785471107,0.8,272.2120634920635,
sarima_core,electricity,USA|Nevada,US,True,False,rolling,2022-12-01,8,2023-08-01,4359.25,4847.420924322792,405.8012661726779,4327.365676359216,5367.476172286369,0.8,272.2120634920635,
sarima_core,electricity,USA|Nevada,US,True,False,rolling,2022-12-01,9,2023-09-01,3727.79,4370.8200487027025,423.06118149703724,3828.645329234026,4912.994768171378,0.8,272.2120634920635,
sarima_core,electricity,USA|Nevada,US,True,False,rolling,2022-12-01,10,2023-10-01,3920.84,3740.0881401669308,439.6439986792344,3176.66168537727,4303.514594956592,0.8,272.2120634920635,
sarima_core,electricity,USA|Nevada,US,True,False,rolling,2022-12-01,11,2023-11-01,3141.78,3500.2299880517276,455.6236666949135,2916.32476469969,4084.135211403765,0.8,272.2120634920635,
sarima_core,electricity,USA|Nevada,US,True,False,rolling,2022-12-01,12,2023-12-01,3430.03,3520.7384147654843,471.0615727972381,2917.048718679282,4124.428110851686,0.8,272.2120634920635,
sarima_core,electricity,USA|Nevada,US,True,False,rolling,2023-12-01,1,2024-01-01,3768.51,3384.7962305979418,251.22327784646507,3062.8406455725585,3706.751815623325,0.8,271.0045833333333,
sarima_core,electricity,USA|Nevada,US,True,False,rolling,2023-12-01,2,2024-02-01,3257.03,3082.13001461577,282.11327924197235,2720.5872999422995,3443.6727292892406,0.8,271.0045833333333,
sarima_core,electricity,USA|Nevada,US,True,False,rolling,2023-12-01,3,2024-03-01,3341.09,3453.100112910389,307.58909038037467,3058.90883258898,3847.2913932317974,0.8,271.0045833333333,
sarima_core,electricity,USA|Nevada,US,True,False,rolling,2023-12-01,4,2024-04-01,3399.31,3400.1675173717954,331.00981429780444,2975.9613716478166,3824.373663095774,0.8,271.0045833333333,
sarima_core,electricity,USA|Nevada,US,True,False,rolling,2023-12-01,5,2024-05-01,4012.49,3729.3386812928816,352.8750615995625,3277.111093658315,4181.566268927449,0.8,271.0045833333333,
sarima_core,electricity,USA|Nevada,US,True,False,rolling,2023-12-01,6,2024-06-01,4647.09,3764.00606798907,373.4621444767523,3285.3950720632442,4242.617063914896,0.8,271.0045833333333,
sarima_core,electricity,USA|Nevada,US,True,False,rolling,2023-12-01,7,2024-07-01,5415.91,4980.4144288082525,392.9721754300255,4476.800322170436,5484.028535446069,0.8,271.0045833333333,
sarima_core,electricity,USA|Nevada,US,True,False,rolling,2023-12-01,8,2024-08-01,4898.16,4530.087089833696,411.55836480365093,4002.6538231066015,5057.520356560791,0.8,271.0045833333333,
sarima_core,electricity,USA|Nevada,US,True,False,rolling,2023-12-01,9,2024-09-01,4295.36,3997.4330822586085,429.34070922996443,3447.2108241929186,4547.655340324299,0.8,271.0045833333333,
sarima_core,electricity,USA|Nevada,US,True,False,rolling,2023-12-01,10,2024-10-01,4032.51,3898.357903915166,446.415279267631,3326.2537038867035,4470.462103943629,0.8,271.0045833333333,
sarima_core,electricity,USA|Nevada,US,True,False,rolling,2023-12-01,11,2024-11-01,3150.01,3319.3912023847092,462.8604093299307,2726.211720179322,3912.5706845900963,0.8,271.0045833333333,
sarima_core,electricity,USA|Nevada,US,True,False,rolling,2023-12-01,12,2024-12-01,3321.15,3473.6502671441167,478.74096909136915,2860.1190287147333,4087.1815055735,0.8,271.0045833333333,
sarima_core,electricity,USA|Nevada,US,True,False,rolling,2024-12-01,1,2025-01-01,3472.19,3623.321277940239,253.63097480122326,3298.2801051131282,3948.3624507673494,0.8,274.2497101449275,
sarima_core,electricity,USA|Nevada,US,True,False,rolling,2024-12-01,2,2025-02-01,3147.71,3227.3754612244015,288.26574619709396,2857.9480428926336,3596.8028795561695,0.8,274.2497101449275,
sarima_core,electricity,USA|Nevada,US,True,False,rolling,2024-12-01,3,2025-03-01,3578.69,3497.841924028905,312.98746761845587,3096.732344906633,3898.951503151177,0.8,274.2497101449275,
sarima_core,electricity,USA|Nevada,US,True,False,rolling,2024-12-01,4,2025-04-01,3646.11,3436.6305160119077,335.191808791103,3007.0649286979433,3866.196103325872,0.8,274.2497101449275,
sarima_core,electricity,USA|Nevada,US,True,False,rolling,2024-12-01,5,2025-05-01,4229.66,3896.733406794564,355.92909346691323,3440.591919839171,4352.874893749957,0.8,274.2497101449275,
sarima_core,electricity,USA|Nevada,US,True,False,rolling,2024-12-01,6,2025-06-01,4677.88,4162.487983689623,375.5125662351993,3681.249266549233,4643.726700830013,0.8,274.2497101449275,
sarima_core,electricity,USA|Nevada,US,True,False,rolling,2024-12-01,7,2025-07-01,4935.44,5296.44095007563,394.12288246891745,4791.352153030639,5801.529747120621,0.8,274.2497101449275,
sarima_core,electricity,USA|Nevada,US,True,False,rolling,2024-12-01,8,2025-08-01,4932.66,4709.666874065046,411.8930384806105,4181.804705763297,5237.529042366795,0.8,274.2497101449275,
sarima_core,electricity,USA|Nevada,US,True,False,rolling,2024-12-01,9,2025-09-01,4257.33,4093.7963051119964,428.92760105777603,3544.1034664711137,4643.489143752879,0.8,274.2497101449275,
sarima_core,electricity,USA|Nevada,US,True,False,rolling,2024-12-01,10,2025-10-01,3766.53,4038.8624341789364,445.31101105777907,3468.1734108035907,4609.551457554282,0.8,274.2497101449275,
sarima_core,electricity,USA|Nevada,US,True,False,rolling,2024-12-01,11,2025-11-01,3225.92,3203.536911788502,461.1126824405589,2612.5972317143337,3794.4765918626704,0.8,274.2497101449275,
sarima_core,electricity,USA|Nevada,US,True,False,rolling,2024-12-01,12,2025-12-01,3365.61,3428.085680719684,476.39050705204687,2817.5666805965475,4038.604680842821,0.8,274.2497101449275,
sarima_core,electricity,USA|New Hampshire,US,False,False,holdout,last12,1,2025-01-01,1715.9,1492.5873785940826,276.697472082271,1137.9853000648147,1847.1894571233504,0.8,257.4848188405797,
sarima_core,electricity,USA|New Hampshire,US,False,False,holdout,last12,2,2025-02-01,1459.49,1281.4069493371846,298.2426029542428,899.1936746090781,1663.620224065291,0.8,257.4848188405797,
sarima_core,electricity,USA|New Hampshire,US,False,False,holdout,last12,3,2025-03-01,1408.73,1373.056936437017,304.00706014608187,983.4562125701942,1762.6576603038397,0.8,257.4848188405797,
sarima_core,electricity,USA|New Hampshire,US,False,False,holdout,last12,4,2025-04-01,1553.74,1015.530676122559,306.9405512285503,622.1705321664879,1408.8908200786302,0.8,257.4848188405797,
sarima_core,electricity,USA|New Hampshire,US,False,False,holdout,last12,5,2025-05-01,1586.96,1235.7664829914697,309.17242744107887,839.5460745811308,1631.9868914018086,0.8,257.4848188405797,
sarima_core,electricity,USA|New Hampshire,US,False,False,holdout,last12,6,2025-06-01,1731.73,1558.0050619701085,311.19461871090994,1159.193111172087,1956.81701276813,0.8,257.4848188405797,
sarima_core,electricity,USA|New Hampshire,US,False,False,holdout,last12,7,2025-07-01,1982.98,1586.3397774837367,313.1446292286879,1185.0287876538282,1987.6507673136452,0.8,257.4848188405797,
sarima_core,electricity,USA|New Hampshire,US,False,False,holdout,last12,8,2025-08-01,1748.07,1602.694315313936,315.06414501331886,1198.923367025146,2006.4652636027258,0.8,257.4848188405797,
sarima_core,electricity,USA|New Hampshire,US,False,False,holdout,last12,9,2025-09-01,1587.06,1587.9525860635172,316.9662549056484,1181.7439858643747,1994.1611862626596,0.8,257.4848188405797,
sarima_core,electricity,USA|New Hampshire,US,False,False,holdout,last12,10,2025-10-01,1691.09,1216.5795979264417,318.85519985701563,807.9502173676469,1625.2089784852365,0.8,257.4848188405797,
sarima_core,electricity,USA|New Hampshire,US,False,False,holdout,last12,11,2025-11-01,1488.28,1050.836555639161,320.73244788527086,639.8013849308401,1461.8717263474819,0.8,257.4848188405797,
sarima_core,electricity,USA|New Hampshire,US,False,False,holdout,last12,12,2025-12-01,1899.98,1356.4148530394043,322.5985919795441,942.9881224455357,1769.8415836332729,0.8,257.4848188405797,
sarima_core,electricity,USA|New Hampshire,US,False,False,rolling,2022-12-01,1,2023-01-01,1441.77,1754.7354177068087,278.23311217257543,1398.1653372156982,2111.305498197919,0.8,257.66976190476186,
sarima_core,electricity,USA|New Hampshire,US,False,False,rolling,2022-12-01,2,2023-02-01,1328.08,1576.2037199297738,299.8599691094618,1191.9177070733874,1960.4897327861602,0.8,257.66976190476186,
sarima_core,electricity,USA|New Hampshire,US,False,False,rolling,2022-12-01,3,2023-03-01,1375.91,1525.4977317643165,305.93575787651645,1133.4252823015931,1917.57018122704,0.8,257.66976190476186,
sarima_core,electricity,USA|New Hampshire,US,False,False,rolling,2022-12-01,4,2023-04-01,739.98,1602.6337475988198,309.2203458643675,1206.3519292580968,1998.9155659395428,0.8,257.66976190476186,
sarima_core,electricity,USA|New Hampshire,US,False,False,rolling,2022-12-01,5,2023-05-01,1130.42,1686.3803210137296,311.81214168269037,1286.776982684463,2085.9836593429964,0.8,257.66976190476186,
sarima_core,electricity,USA|New Hampshire,US,False,False,rolling,2022-12-01,6,2023-06-01,1555.1,1708.8616083069444,314.1965660468867,1306.2025072008194,2111.520709413069,0.8,257.66976190476186,
sarima_core,electricity,USA|New Hampshire,US,False,False,rolling,2022-12-01,7,2023-07-01,1780.38,1816.48397774717,316.5076707773017,1410.863076755644,2222.104878738696,0.8,257.66976190476186,
sarima_core,electricity,USA|New Hampshire,US,False,False,rolling,2022-12-01,8,2023-08-01,1490.96,1845.4427287497028,318.78525998635615,1436.9029797416456,2253.98247775776,0.8,257.66976190476186,
sarima_core,electricity,USA|New Hampshire,US,False,False,rolling,2022-12-01,9,2023-09-01,1537.16,1684.9013755038993,321.0415887903424,1273.4700247847102,2096.3327262230887,0.8,257.66976190476186,
sarima_core,electricity,USA|New Hampshire,US,False,False,rolling,2022-12-01,10,2023-10-01,1402.78,1210.730201496417,323.2806137809817,796.4294247951807,1625.0309781976534,0.8,257.66976190476186,
sarima_core,electricity,USA|New Hampshire,US,False,False,rolling,2022-12-01,11,2023-11-01,1328.85,1323.3107641806087,325.50376278503967,906.1609073927829,1740.4606209684343,0.8,257.66976190476186,
sarima_core,electricity,USA|New Hampshire,US,False,False,rolling,2022-12-01,12,2023-12-01,1350.43,1566.4960125046096,327.7116856585902,1146.5165887015833,1986.4754363076358,0.8,257.66976190476186,
sarima_core,electricity,USA|New Hampshire,US,False,False,rolling,2023-12-01,1,2024-01-01,1613.15,1573.371491714853,278.62578051376045,1216.298186496357,1930.444796933349,0.8,256.80530303030304,
sarima_core,electricity,USA|New Hampshire,US,False,False,rolling,2023-12-01,2,2024-02-01,1315.16,1324.6604190003143,301.1095307415987,938.7730284780184,1710.5478095226101,0.8,256.80530303030304,
sarima_core,electricity,USA|New Hampshire,US,False,False,rolling,2023-12-01,3,2024-03-01,1469.88,1405.4216488491957,307.23039971286505,1011.6900491142801,1799.1532485841112,0.8,256.80530303030304,
sarima_core,electricity,USA|New Hampshire,US,False,False,rolling,2023-12-01,4,2024-04-01,1453.05,1188.7655763407477,310.343184063532,791.0447829480322,1586.486369733463,0.8,256.80530303030304,
sarima_core,electricity,USA|New Hampshire,US,False,False,rolling,2023-12-01,5,2024-05-01,1467.92,1404.9019650527437,312.696849928848,1004.1648274855636,1805.6391026199237,0.8,256.80530303030304,
sarima_core,electricity,USA|New Hampshire,US,False,False,rolling,2023-12-01,6,2024-06-01,1666.27,1554.21502148411,314.8199070817491,1150.7570766988888,1957.672966269331,0.8,256.80530303030304,
sarima_core,electricity,USA|New Hampshire,US,False,False,rolling,2023-12-01,7,2024-07-01,1455.92,1706.1254775838183,316.86249737994694,1300.0498480041756,2112.201107163461,0.8,256.80530303030304,
sarima_core,electricity,USA|New Hampshire,US,False,False,rolling,2023-12-01,8,2024-08-01,1843.04,1590.2245012666065,318.8709545120367,1181.5749303050047,1998.8740722282082,0.8,256.80530303030304,
sarima_core,electricity,USA|New Hampshire,US,False,False,rolling,2023-12-01,9,2024-09-01,1754.42,1483.0116103538944,320.8601025608182,1071.8128435962767,1894.2103771115121,0.8,256.80530303030304,
sarima_core,electricity,USA|New Hampshire,US,False,False,rolling,2023-12-01,10,2024-10-01,1095.71,1403.2136296376664,322.83483313801895,989.4841438173083,1816.9431154580243,0.8,256.80530303030304,
sarima_core,electricity,USA|New Hampshire,US,False,False,rolling,2023-12-01,11,2024-11-01,818.65,1247.7991799094502,324.7968636913481,831.5552507618269,1664.0431090570737,0.8,256.80530303030304,
sarima_core,electricity,USA|New Hampshire,US,False,False,rolling,2023-12-01,12,2024-12-01,1468.56,1406.7058143770155,326.74689002224443,987.9628259321787,1825.4488028218523,0.8,256.80530303030304,
sarima_core,electricity,USA|New Hampshire,US,False,False,rolling,2024-12-01,1,2025-01-01,1715.9,1492.5873785940826,276.697472082271,1137.9853000648147,1847.1894571233504,0.8,257.4848188405797,
sarima_core,electricity,USA|New Hampshire,US,False,False,rolling,2024-12-01,2,2025-02-01,1459.49,1281.4069493371846,298.2426029542428,899.1936746090781,1663.620224065291,0.8,257.4848188405797,
sarima_core,electricity,USA|New Hampshire,US,False,False,rolling,2024-12-01,3,2025-03-01,1408.73,1373.056936437017,304.00706014608187,983.4562125701942,1762.6576603038397,0.8,257.4848188405797,
sarima_core,electricity,USA|New Hampshire,US,False,False,rolling,2024-12-01,4,2025-04-01,1553.74,1015.530676122559,306.9405512285503,622.1705321664879,1408.8908200786302,0.8,257.4848188405797,
sarima_core,electricity,USA|New Hampshire,US,False,False,rolling,2024-12-01,5,2025-05-01,1586.96,1235.7664829914697,309.17242744107887,839.5460745811308,1631.9868914018086,0.8,257.4848188405797,
sarima_core,electricity,USA|New Hampshire,US,False,False,rolling,2024-12-01,6,2025-06-01,1731.73,1558.0050619701085,311.19461871090994,1159.193111172087,1956.81701276813,0.8,257.4848188405797,
sarima_core,electricity,USA|New Hampshire,US,False,False,rolling,2024-12-01,7,2025-07-01,1982.98,1586.3397774837367,313.1446292286879,1185.0287876538282,1987.6507673136452,0.8,257.4848188405797,
sarima_core,electricity,USA|New Hampshire,US,False,False,rolling,2024-12-01,8,2025-08-01,1748.07,1602.694315313936,315.06414501331886,1198.923367025146,2006.4652636027258,0.8,257.4848188405797,
sarima_core,electricity,USA|New Hampshire,US,False,False,rolling,2024-12-01,9,2025-09-01,1587.06,1587.9525860635172,316.9662549056484,1181.7439858643747,1994.1611862626596,0.8,257.4848188405797,
sarima_core,electricity,USA|New Hampshire,US,False,False,rolling,2024-12-01,10,2025-10-01,1691.09,1216.5795979264417,318.85519985701563,807.9502173676469,1625.2089784852365,0.8,257.4848188405797,
sarima_core,electricity,USA|New Hampshire,US,False,False,rolling,2024-12-01,11,2025-11-01,1488.28,1050.836555639161,320.73244788527086,639.8013849308401,1461.8717263474819,0.8,257.4848188405797,
sarima_core,electricity,USA|New Hampshire,US,False,False,rolling,2024-12-01,12,2025-12-01,1899.98,1356.4148530394043,322.5985919795441,942.9881224455357,1769.8415836332729,0.8,257.4848188405797,
sarima_core,electricity,USA|New Jersey,US,True,False,holdout,last12,1,2025-01-01,4807.8,5274.058960780818,457.01797208470504,4688.3668631736455,5859.75105838799,0.8,447.53778985507256,
sarima_core,electricity,USA|New Jersey,US,True,False,holdout,last12,2,2025-02-01,4672.49,4367.509899745127,501.11746537136884,3725.302027476707,5009.717772013547,0.8,447.53778985507256,
sarima_core,electricity,USA|New Jersey,US,True,False,holdout,last12,3,2025-03-01,4895.39,4550.011281193677,521.4007731280461,3881.8093041152642,5218.21325827209,0.8,447.53778985507256,
sarima_core,electricity,USA|New Jersey,US,True,False,holdout,last12,4,2025-04-01,5514.29,4546.295499882979,537.1103330975949,3857.9609116315746,5234.630088134383,0.8,447.53778985507256,
sarima_core,electricity,USA|New Jersey,US,True,False,holdout,last12,5,2025-05-01,4246.87,4912.595963152728,551.52440717402,4205.788995702805,5619.4029306026505,0.8,447.53778985507256,
sarima_core,electricity,USA|New Jersey,US,True,False,holdout,last12,6,2025-06-01,5902.59,5663.526968085117,565.3721202130617,4938.9734423107975,6388.0804938594365,0.8,447.53778985507256,
sarima_core,electricity,USA|New Jersey,US,True,False,holdout,last12,7,2025-07-01,7621.86,7046.526673549159,578.8412824992952,6304.711721760343,7788.341625337975,0.8,447.53778985507256,
sarima_core,electricity,USA|New Jersey,US,True,False,holdout,last12,8,2025-08-01,6372.28,6068.435117310599,591.9927476871679,5309.765884721059,6827.104349900139,0.8,447.53778985507256,
sarima_core,electricity,USA|New Jersey,US,True,False,holdout,last12,9,2025-09-01,5344.55,5088.7142552861,604.8556146163195,4313.560595446113,5863.867915126086,0.8,447.53778985507256,
sarima_core,electricity,USA|New Jersey,US,True,False,holdout,last12,10,2025-10-01,5227.22,4696.131622442763,617.4499272289983,3904.8377015570404,5487.425543328485,0.8,447.53778985507256,
sarima_core,electricity,USA|New Jersey,US,True,False,holdout,last12,11,2025-11-01,5199.24,4706.7398775341,629.7922786033346,3899.6285969220953,5513.851158146104,0.8,447.53778985507256,
sarima_core,electricity,USA|New Jersey,US,True,False,holdout,last12,12,2025-12-01,5406.4,4896.904123688762,641.8973186103143,4074.279610104833,5719.528637272691,0.8,447.53778985507256,
sarima_core,electricity,USA|New Jersey,US,True,False,rolling,2022-12-01,1,2023-01-01,5297.85,5163.353099747893,446.09317901472645,4591.661687802803,5735.044511692983,0.8,448.1258333333334,
sarima_core,electricity,USA|New Jersey,US,True,False,rolling,2022-12-01,2,2023-02-01,4340.4,5136.750314237356,495.1332739874683,4502.211491805492,5771.28913666922,0.8,448.1258333333334,
sarima_core,electricity,USA|New Jersey,US,True,False,rolling,2022-12-01,3,2023-03-01,5041.11,5396.111442403498,517.204245924599,4733.287531332513,6058.935353474482,0.8,448.1258333333334,
sarima_core,electricity,USA|New Jersey,US,True,False,rolling,2022-12-01,4,2023-04-01,4769.42,5108.555019524326,533.5363872325274,4424.80062719147,5792.309411857182,0.8,448.1258333333334,
sarima_core,electricity,USA|New Jersey,US,True,False,rolling,2022-12-01,5,2023-05-01,5837.03,5336.559780617487,548.1612840736282,4634.062828841991,6039.056732392984,0.8,448.1258333333334,
sarima_core,electricity,USA|New Jersey,US,True,False,rolling,2022-12-01,6,2023-06-01,5953.22,6505.268727749846,562.0776685246641,5784.937211694404,7225.600243805288,0.8,448.1258333333334,
sarima_core,electricity,USA|New Jersey,US,True,False,rolling,2022-12-01,7,2023-07-01,7694.11,7739.165479204023,575.5677588580521,7001.545716762489,8476.785241645557,0.8,448.1258333333334,
sarima_core,electricity,USA|New Jersey,US,True,False,rolling,2022-12-01,8,2023-08-01,6935.08,7809.710655926657,588.7240193928365,7055.230467200057,8564.190844653256,0.8,448.1258333333334,
sarima_core,electricity,USA|New Jersey,US,True,False,rolling,2022-12-01,9,2023-09-01,5783.7,6212.358211716259,601.5857746343767,5441.395020424212,6983.321403008305,0.8,448.1258333333334,
sarima_core,electricity,USA|New Jersey,US,True,False,rolling,2022-12-01,10,2023-10-01,5064.22,5464.243041776948,614.1763468929279,4677.144382895853,6251.341700658044,0.8,448.1258333333334,
sarima_core,electricity,USA|New Jersey,US,True,False,rolling,2022-12-01,11,2023-11-01,5620.23,5653.203135621477,626.5134209735365,4850.293880138138,6456.112391104815,0.8,448.1258333333334,
sarima_core,electricity,USA|New Jersey,US,True,False,rolling,2022-12-01,12,2023-12-01,5342.24,5482.34606192091,638.6120589892001,4663.93177794764,6300.76034589418,0.8,448.1258333333334,
sarima_core,electricity,USA|New Jersey,US,True,False,rolling,2023-12-01,1,2024-01-01,5810.25,5207.076373604558,446.71348566705905,4634.590006698053,5779.562740511064,0.8,443.9942045454546,
sarima_core,electricity,USA|New Jersey,US,True,False,rolling,2023-12-01,2,2024-02-01,5046.94,4753.744326312096,492.39587230823776,4122.713625287774,5384.775027336417,0.8,443.9942045454546,
sarima_core,electricity,USA|New Jersey,US,True,False,rolling,2023-12-01,3,2024-03-01,4786.21,5311.929523949618,512.6067484002942,4654.997543028494,5968.861504870742,0.8,443.9942045454546,
sarima_core,electricity,USA|New Jersey,US,True,False,rolling,2023-12-01,4,2024-04-01,5029.85,4946.263159951255,527.6509775173296,4270.051223652783,5622.475096249727,0.8,443.9942045454546,
sarima_core,electricity,USA|New Jersey,US,True,False,rolling,2023-12-01,5,2024-05-01,4765.49,5700.285433104958,541.21363142648,5006.692256456275,6393.878609753642,0.8,443.9942045454546,
sarima_core,electricity,USA|New Jersey,US,True,False,rolling,2023-12-01,6,2024-06-01,6088.86,6246.066218637806,554.1709314656366,5535.86759383871,6956.264843436902,0.8,443.9942045454546,
sarima_core,electricity,USA|New Jersey,US,True,False,rolling,2023-12-01,7,2024-07-01,7149.38,7996.541897198864,566.7604269639672,7270.209184734465,8722.874609663262,0.8,443.9942045454546,
sarima_core,electricity,USA|New Jersey,US,True,False,rolling,2023-12-01,8,2024-08-01,5973.87,7509.444680029108,579.0573965045271,6767.352766998551,8251.536593059665,0.8,443.9942045454546,
sarima_core,electricity,USA|New Jersey,US,True,False,rolling,2023-12-01,9,2024-09-01,5148.87,6022.969442934961,591.0936136301468,5265.452497003831,6780.486388866091,0.8,443.9942045454546,
sarima_core,electricity,USA|New Jersey,US,True,False,rolling,2023-12-01,10,2024-10-01,5050.92,5086.963983644798,602.8882668160132,4314.331581458266,5859.59638583133,0.8,443.9942045454546,
sarima_core,electricity,USA|New Jersey,US,True,False,rolling,2023-12-01,11,2024-11-01,4569.96,5646.777367366893,614.4562115229646,4859.320047531033,6434.234687202752,0.8,443.9942045454546,
sarima_core,electricity,USA|New Jersey,US,True,False,rolling,2023-12-01,12,2024-12-01,5182.07,5419.681926507392,625.8102699141238,4617.673795365057,6221.690057649726,0.8,443.9942045454546,
sarima_core,electricity,USA|New Jersey,US,True,False,rolling,2024-12-01,1,2025-01-01,4807.8,5274.058960780818,457.01797208470504,4688.3668631736455,5859.75105838799,0.8,447.53778985507256,
sarima_core,electricity,USA|New Jersey,US,True,False,rolling,2024-12-01,2,2025-02-01,4672.49,4367.509899745127,501.11746537136884,3725.302027476707,5009.717772013547,0.8,447.53778985507256,
sarima_core,electricity,USA|New Jersey,US,True,False,rolling,2024-12-01,3,2025-03-01,4895.39,4550.011281193677,521.4007731280461,3881.8093041152642,5218.21325827209,0.8,447.53778985507256,
sarima_core,electricity,USA|New Jersey,US,True,False,rolling,2024-12-01,4,2025-04-01,5514.29,4546.295499882979,537.1103330975949,3857.9609116315746,5234.630088134383,0.8,447.53778985507256,
sarima_core,electricity,USA|New Jersey,US,True,False,rolling,2024-12-01,5,2025-05-01,4246.87,4912.595963152728,551.52440717402,4205.788995702805,5619.4029306026505,0.8,447.53778985507256,
sarima_core,electricity,USA|New Jersey,US,True,False,rolling,2024-12-01,6,2025-06-01,5902.59,5663.526968085117,565.3721202130617,4938.9734423107975,6388.0804938594365,0.8,447.53778985507256,
sarima_core,electricity,USA|New Jersey,US,True,False,rolling,2024-12-01,7,2025-07-01,7621.86,7046.526673549159,578.8412824992952,6304.711721760343,7788.341625337975,0.8,447.53778985507256,
sarima_core,electricity,USA|New Jersey,US,True,False,rolling,2024-12-01,8,2025-08-01,6372.28,6068.435117310599,591.9927476871679,5309.765884721059,6827.104349900139,0.8,447.53778985507256,
sarima_core,electricity,USA|New Jersey,US,True,False,rolling,2024-12-01,9,2025-09-01,5344.55,5088.7142552861,604.8556146163195,4313.560595446113,5863.867915126086,0.8,447.53778985507256,
sarima_core,electricity,USA|New Jersey,US,True,False,rolling,2024-12-01,10,2025-10-01,5227.22,4696.131622442763,617.4499272289983,3904.8377015570404,5487.425543328485,0.8,447.53778985507256,
sarima_core,electricity,USA|New Jersey,US,True,False,rolling,2024-12-01,11,2025-11-01,5199.24,4706.7398775341,629.7922786033346,3899.6285969220953,5513.851158146104,0.8,447.53778985507256,
sarima_core,electricity,USA|New Jersey,US,True,False,rolling,2024-12-01,12,2025-12-01,5406.4,4896.904123688762,641.8973186103143,4074.279610104833,5719.528637272691,0.8,447.53778985507256,
sarima_core,electricity,USA|New Mexico,US,True,False,holdout,last12,1,2025-01-01,3086.8,3529.1734327111008,296.0598436378887,3149.757476602075,3908.5893888201267,0.8,300.25811594202895,
sarima_core,electricity,USA|New Mexico,US,True,False,holdout,last12,2,2025-02-01,2632.42,3517.9262664009234,328.3397097352264,3097.1419973592842,3938.7105354425626,0.8,300.25811594202895,
sarima_core,electricity,USA|New Mexico,US,True,False,holdout,last12,3,2025-03-01,3435.71,3635.458074336495,336.46428825615277,3204.2617389719726,4066.6544097010174,0.8,300.25811594202895,
sarima_core,electricity,USA|New Mexico,US,True,False,holdout,last12,4,2025-04-01,3507.36,3042.9721948516844,339.2087483331808,2608.258692378872,3477.6856973244967,0.8,300.25811594202895,
sarima_core,electricity,USA|New Mexico,US,True,False,holdout,last12,5,2025-05-01,3289.11,3413.2715131927125,340.49246291015675,2976.9128642940645,3849.6301620913605,0.8,300.25811594202895,
sarima_core,electricity,USA|New Mexico,US,True,False,holdout,last12,6,2025-06-01,3486.24,3735.733637375949,341.3044592473242,3298.3343733001875,4173.1329014517105,0.8,300.25811594202895,
sarima_core,electricity,USA|New Mexico,US,True,False,holdout,last12,7,2025-07-01,3304.31,3852.491285239168,341.94122896295374,3414.27596793745,4290.706602540886,0.8,300.25811594202895,
sarima_core,electricity,USA|New Mexico,US,True,False,holdout,last12,8,2025-08-01,3593.88,3565.5297304405644,342.5065998883242,3126.5898611443245,4004.4695997368044,0.8,300.25811594202895,
sarima_core,electricity,USA|New Mexico,US,True,False,holdout,last12,9,2025-09-01,3379.33,3310.457118289723,343.0412003134213,2870.8321309817593,3750.0821055976867,0.8,300.25811594202895,
sarima_core,electricity,USA|New Mexico,US,True,False,holdout,last12,10,2025-10-01,3424.92,2989.2301155425957,343.56198828360505,2548.937711596126,3429.5225194890654,0.8,300.25811594202895,
sarima_core,electricity,USA|New Mexico,US,True,False,holdout,last12,11,2025-11-01,3363.92,2767.4143470438357,344.0762792699513,2326.4628526786682,3208.365841409003,0.8,300.25811594202895,
sarima_core,electricity,USA|New Mexico,US,True,False,holdout,last12,12,2025-12-01,3855.01,3314.8187785111277,344.58727959991194,2873.2124108731055,3756.42514614915,0.8,300.25811594202895,
sarima_core,electricity,USA|New Mexico,US,True,False,rolling,2022-12-01,1,2023-01-01,3555.04,3907.064371551561,285.8770245255621,3540.698223217595,4273.430519885527,0.8,289.7469444444444,
sarima_core,electricity,USA|New Mexico,US,True,False,rolling,2022-12-01,2,2023-02-01,3335.0,3108.522009401114,317.54261233674544,2701.5747774338356,3515.469241368392,0.8,289.7469444444444,
sarima_core,electricity,USA|New Mexico,US,True,False,rolling,2022-12-01,3,2023-03-01,3884.07,3178.6399771439897,326.3112187606696,2760.455323886487,3596.8246304014924,0.8,289.7469444444444,
sarima_core,electricity,USA|New Mexico,US,True,False,rolling,2022-12-01,4,2023-04-01,2687.45,3206.4663401092666,329.84852246460196,2783.7484497521828,3629.1842304663505,0.8,289.7469444444444,
sarima_core,electricity,USA|New Mexico,US,True,False,rolling,2022-12-01,5,2023-05-01,3122.03,3587.5199715770273,331.8790864707427,3162.199808738935,4012.8401344151193,0.8,289.7469444444444,
sarima_core,electricity,USA|New Mexico,US,True,False,rolling,2022-12-01,6,2023-06-01,3455.42,3898.556828887852,333.39274048747393,3471.296840374925,4325.816817400779,0.8,289.7469444444444,
sarima_core,electricity,USA|New Mexico,US,True,False,rolling,2022-12-01,7,2023-07-01,3750.34,3556.778152589852,334.7067662281719,3127.834172331768,3985.7221328479363,0.8,289.7469444444444,
sarima_core,electricity,USA|New Mexico,US,True,False,rolling,2022-12-01,8,2023-08-01,3717.25,3778.0085252377235,335.9375763821426,3347.48719829993,4208.529852175517,0.8,289.7469444444444,
sarima_core,electricity,USA|New Mexico,US,True,False,rolling,2022-12-01,9,2023-09-01,3273.39,3648.3397443836816,337.1313764814021,3216.2885010597347,4080.3909877076285,0.8,289.7469444444444,
sarima_core,electricity,USA|New Mexico,US,True,False,rolling,2022-12-01,10,2023-10-01,2720.1,3279.018152886714,338.30724988508956,2845.4599671613887,3712.576338612039,0.8,289.7469444444444,
sarima_core,electricity,USA|New Mexico,US,True,False,rolling,2022-12-01,11,2023-11-01,2504.57,3569.163361561256,339.47323424266517,3134.1109067570796,4004.215816365432,0.8,289.7469444444444,
sarima_core,electricity,USA|New Mexico,US,True,False,rolling,2022-12-01,12,2023-12-01,3115.37,4146.80081075437,340.63275499316035,3710.2623703171153,4583.339251191625,0.8,289.7469444444444,
sarima_core,electricity,USA|New Mexico,US,True,False,rolling,2023-12-01,1,2024-01-01,3581.21,3342.499815191853,297.0174590782295,2961.8566255160686,3723.1430048676375,0.8,299.5774242424242,
sarima_core,electricity,USA|New Mexico,US,True,False,rolling,2023-12-01,2,2024-02-01,3632.47,3096.325715683053,331.9050884018156,2670.9722300294875,3521.679201336619,0.8,299.5774242424242,
sarima_core,electricity,USA|New Mexico,US,True,False,rolling,2023-12-01,3,2024-03-01,3278.78,3475.429393756039,341.0990489242292,3038.2933736014193,3912.565413910659,0.8,299.5774242424242,
sarima_core,electricity,USA|New Mexico,US,True,False,rolling,2023-12-01,4,2024-04-01,3234.35,3059.5786441331607,344.22048968707907,2618.4423366821557,3500.7149515841656,0.8,299.5774242424242,
sarima_core,electricity,USA|New Mexico,US,True,False,rolling,2023-12-01,5,2024-05-01,3531.52,3496.50082574022,345.62528875652964,3053.564195842485,3939.4374556379553,0.8,299.5774242424242,
sarima_core,electricity,USA|New Mexico,US,True,False,rolling,2023-12-01,6,2024-06-01,3838.27,3704.1736694289098,346.46279456103906,3260.1637326562527,4148.183606201566,0.8,299.5774242424242,
sarima_core,electricity,USA|New Mexico,US,True,False,rolling,2023-12-01,7,2024-07-01,3783.11,3692.099494799225,347.08564053449527,3247.291348794192,4136.907640804257,0.8,299.5774242424242,
sarima_core,electricity,USA|New Mexico,US,True,False,rolling,2023-12-01,8,2024-08-01,3253.49,3710.2925219344083,347.6189574491345,3264.800902802488,4155.784141066329,0.8,299.5774242424242,
sarima_core,electricity,USA|New Mexico,US,True,False,rolling,2023-12-01,9,2024-09-01,3177.62,3485.8402665077538,348.11258057980757,3039.7160438799306,3931.964489135577,0.8,299.5774242424242,
sarima_core,electricity,USA|New Mexico,US,True,False,rolling,2023-12-01,10,2024-10-01,3077.04,3067.7847029447553,348.58789445563224,2621.0513410752437,3514.518064814267,0.8,299.5774242424242,
sarima_core,electricity,USA|New Mexico,US,True,False,rolling,2023-12-01,11,2024-11-01,2849.15,3078.646475808563,349.05446528573145,2631.3151793613006,3525.9777722558256,0.8,299.5774242424242,
sarima_core,electricity,USA|New Mexico,US,True,False,rolling,2023-12-01,12,2024-12-01,3336.18,3631.9893123449197,349.5166649139596,3184.0656832405075,4079.912941449332,0.8,299.5774242424242,
sarima_core,electricity,USA|New Mexico,US,True,False,rolling,2024-12-01,1,2025-01-01,3086.8,3529.1734327111008,296.0598436378887,3149.757476602075,3908.5893888201267,0.8,300.25811594202895,
sarima_core,electricity,USA|New Mexico,US,True,False,rolling,2024-12-01,2,2025-02-01,2632.42,3517.9262664009234,328.3397097352264,3097.1419973592842,3938.7105354425626,0.8,300.25811594202895,
sarima_core,electricity,USA|New Mexico,US,True,False,rolling,2024-12-01,3,2025-03-01,3435.71,3635.458074336495,336.46428825615277,3204.2617389719726,4066.6544097010174,0.8,300.25811594202895,
sarima_core,electricity,USA|New Mexico,US,True,False,rolling,2024-12-01,4,2025-04-01,3507.36,3042.9721948516844,339.2087483331808,2608.258692378872,3477.6856973244967,0.8,300.25811594202895,
sarima_core,electricity,USA|New Mexico,US,True,False,rolling,2024-12-01,5,2025-05-01,3289.11,3413.2715131927125,340.49246291015675,2976.9128642940645,3849.6301620913605,0.8,300.25811594202895,
sarima_core,electricity,USA|New Mexico,US,True,False,rolling,2024-12-01,6,2025-06-01,3486.24,3735.733637375949,341.3044592473242,3298.3343733001875,4173.1329014517105,0.8,300.25811594202895,
sarima_core,electricity,USA|New Mexico,US,True,False,rolling,2024-12-01,7,2025-07-01,3304.31,3852.491285239168,341.94122896295374,3414.27596793745,4290.706602540886,0.8,300.25811594202895,
sarima_core,electricity,USA|New Mexico,US,True,False,rolling,2024-12-01,8,2025-08-01,3593.88,3565.5297304405644,342.5065998883242,3126.5898611443245,4004.4695997368044,0.8,300.25811594202895,
sarima_core,electricity,USA|New Mexico,US,True,False,rolling,2024-12-01,9,2025-09-01,3379.33,3310.457118289723,343.0412003134213,2870.8321309817593,3750.0821055976867,0.8,300.25811594202895,
sarima_core,electricity,USA|New Mexico,US,True,False,rolling,2024-12-01,10,2025-10-01,3424.92,2989.2301155425957,343.56198828360505,2548.937711596126,3429.5225194890654,0.8,300.25811594202895,
sarima_core,electricity,USA|New Mexico,US,True,False,rolling,2024-12-01,11,2025-11-01,3363.92,2767.4143470438357,344.0762792699513,2326.4628526786682,3208.365841409003,0.8,300.25811594202895,
sarima_core,electricity,USA|New Mexico,US,True,False,rolling,2024-12-01,12,2025-12-01,3855.01,3314.8187785111277,344.58727959991194,2873.2124108731055,3756.42514614915,0.8,300.25811594202895,
sarima_core,electricity,USA|New York,US,True,False,holdout,last12,1,2025-01-01,12101.4,11315.777616442661,635.7712632599425,10501.003958683614,12130.551274201709,0.8,592.2707608695652,
sarima_core,electricity,USA|New York,US,True,False,holdout,last12,2,2025-02-01,10583.77,10392.781119794116,702.6884854443448,9492.249591182752,11293.31264840548,0.8,592.2707608695652,
sarima_core,electricity,USA|New York,US,True,False,holdout,last12,3,2025-03-01,10723.43,10159.00062893285,716.9116358921041,9240.241399598184,11077.759858267516,0.8,592.2707608695652,
sarima_core,electricity,USA|New York,US,True,False,holdout,last12,4,2025-04-01,10330.61,9622.027387250151,720.18921329833,8699.067773459343,10544.98700104096,0.8,592.2707608695652,
sarima_core,electricity,USA|New York,US,True,False,holdout,last12,5,2025-05-01,10569.38,10622.260615028606,721.0013133746185,9698.26025311365,11546.260976943562,0.8,592.2707608695652,
sarima_core,electricity,USA|New York,US,True,False,holdout,last12,6,2025-06-01,12278.9,11619.272104269492,721.2246342354401,10694.985545155732,12543.558663383252,0.8,592.2707608695652,
sarima_core,electricity,USA|New York,US,True,False,holdout,last12,7,2025-07-01,14676.42,13909.69436928354,721.2949613169645,12985.317682388351,14834.071056178727,0.8,592.2707608695652,
sarima_core,electricity,USA|New York,US,True,False,holdout,last12,8,2025-08-01,12601.19,12493.256228365733,721.3203997939263,11568.84694075057,13417.665515980896,0.8,592.2707608695652,
sarima_core,electricity,USA|New York,US,True,False,holdout,last12,9,2025-09-01,10624.29,10717.339343151309,721.330665224707,9792.916899857257,11641.76178644536,0.8,592.2707608695652,
sarima_core,electricity,USA|New York,US,True,False,holdout,last12,10,2025-10-01,10489.93,10346.595424916668,721.3351073614,9422.167288795383,11271.023561037953,0.8,592.2707608695652,
sarima_core,electricity,USA|New York,US,True,False,holdout,last12,11,2025-11-01,10713.13,10849.585804269103,721.3371053119096,9925.155107671215,11774.016500866992,0.8,592.2707608695652,
sarima_core,electricity,USA|New York,US,True,False,holdout,last12,12,2025-12-01,12068.33,11222.160655554684,721.3380218420123,10297.728784376208,12146.59252673316,0.8,592.2707608695652,
sarima_core,electricity,USA|New York,US,True,False,rolling,2022-12-01,1,2023-01-01,10367.63,11174.500064344418,637.0214262353466,10358.124258267057,11990.87587042178,0.8,589.5477777777777,
sarima_core,electricity,USA|New York,US,True,False,rolling,2022-12-01,2,2023-02-01,9644.5,9617.340389708957,705.2837930576761,8713.48284056266,10521.197938855255,0.8,589.5477777777777,
sarima_core,electricity,USA|New York,US,True,False,rolling,2022-12-01,3,2023-03-01,9691.56,9848.272301079602,720.0707840047226,8925.464460535422,10771.080141623781,0.8,589.5477777777777,
sarima_core,electricity,USA|New York,US,True,False,rolling,2022-12-01,4,2023-04-01,8783.97,9465.859867319154,723.5532977535418,8538.589005828144,10393.130728810163,0.8,589.5477777777777,
sarima_core,electricity,USA|New York,US,True,False,rolling,2022-12-01,5,2023-05-01,10165.9,10299.262464087415,724.4379124581953,9370.857923236752,11227.667004938077,0.8,589.5477777777777,
sarima_core,electricity,USA|New York,US,True,False,rolling,2022-12-01,6,2023-06-01,11095.22,11258.962041917242,724.6879812313133,10330.237025038898,12187.687058795587,0.8,589.5477777777777,
sarima_core,electricity,USA|New York,US,True,False,rolling,2022-12-01,7,2023-07-01,13926.68,12759.325220929835,724.7690489795818,11830.49631155178,13688.15413030789,0.8,589.5477777777777,
sarima_core,electricity,USA|New York,US,True,False,rolling,2022-12-01,8,2023-08-01,12198.83,12870.639980716596,724.7992850143311,11941.772322300872,13799.50763913232,0.8,589.5477777777777,
sarima_core,electricity,USA|New York,US,True,False,rolling,2022-12-01,9,2023-09-01,10789.47,9872.641562263449,724.811958894983,8943.757661616135,10801.525462910762,0.8,589.5477777777777,
sarima_core,electricity,USA|New York,US,True,False,rolling,2022-12-01,10,2023-10-01,10244.98,9759.298747443652,724.8177759704083,8830.40739191422,10688.190102973085,0.8,589.5477777777777,
sarima_core,electricity,USA|New York,US,True,False,rolling,2022-12-01,11,2023-11-01,10942.69,10097.629809851287,724.8206772362356,9168.734736200091,11026.524883502483,0.8,589.5477777777777,
sarima_core,electricity,USA|New York,US,True,False,rolling,2022-12-01,12,2023-12-01,10804.36,10692.528995830955,724.8222746675569,9763.631874989149,11621.426116672761,0.8,589.5477777777777,
sarima_core,electricity,USA|New York,US,True,False,rolling,2023-12-01,1,2024-01-01,11474.62,10738.200392794017,640.9105720652045,9916.840445789769,11559.560339798265,0.8,588.2884090909091,
sarima_core,electricity,USA|New York,US,True,False,rolling,2023-12-01,2,2024-02-01,10743.17,9591.208473838256,702.783255395579,8690.555492647522,10491.861455028991,0.8,588.2884090909091,
sarima_core,electricity,USA|New York,US,True,False,rolling,2023-12-01,3,2024-03-01,10435.79,9568.37310516128,714.8978152413385,8652.194690834327,10484.551519488232,0.8,588.2884090909091,
sarima_core,electricity,USA|New York,US,True,False,rolling,2023-12-01,4,2024-04-01,10300.81,9222.593571808302,717.4811603731108,8303.104467483385,10142.08267613322,0.8,588.2884090909091,
sarima_core,electricity,USA|New York,US,True,False,rolling,2023-12-01,5,2024-05-01,11006.32,10433.802112614201,718.0821160377044,9513.542852616501,11354.0613726119,0.8,588.2884090909091,
sarima_core,electricity,USA|New York,US,True,False,rolling,2023-12-01,6,2024-06-01,12079.58,11047.87928988627,718.2409189386066,10127.416515782306,11968.342063990234,0.8,588.2884090909091,
sarima_core,electricity,USA|New York,US,True,False,rolling,2023-12-01,7,2024-07-01,13907.61,13629.208930422126,718.2900404416432,12708.683204579043,14549.73465626521,0.8,588.2884090909091,
sarima_core,electricity,USA|New York,US,True,False,rolling,2023-12-01,8,2024-08-01,12765.78,12517.203673159715,718.3076334586435,11596.655400958152,13437.751945361277,0.8,588.2884090909091,
sarima_core,electricity,USA|New York,US,True,False,rolling,2023-12-01,9,2024-09-01,10672.86,10200.380919621499,718.314622707017,9279.823690337742,11120.938148905256,0.8,588.2884090909091,
sarima_core,electricity,USA|New York,US,True,False,rolling,2023-12-01,10,2024-10-01,10454.04,9960.521626628177,718.3175704278293,9039.960619688198,10881.082633568156,0.8,588.2884090909091,
sarima_core,electricity,USA|New York,US,True,False,rolling,2023-12-01,11,2024-11-01,10788.08,10525.569236648776,718.318852417053,9605.006586773501,11446.131886524052,0.8,588.2884090909091,
sarima_core,electricity,USA|New York,US,True,False,rolling,2023-12-01,12,2024-12-01,11605.14,10786.97426676838,718.3194186937818,9866.410891180278,11707.537642356483,0.8,588.2884090909091,
sarima_core,electricity,USA|New York,US,True,False,rolling,2024-12-01,1,2025-01-01,12101.4,11315.777616442661,635.7712632599425,10501.003958683614,12130.551274201709,0.8,592.2707608695652,
sarima_core,electricity,USA|New York,US,True,False,rolling,2024-12-01,2,2025-02-01,10583.77,10392.781119794116,702.6884854443448,9492.249591182752,11293.31264840548,0.8,592.2707608695652,
sarima_core,electricity,USA|New York,US,True,False,rolling,2024-12-01,3,2025-03-01,10723.43,10159.00062893285,716.9116358921041,9240.241399598184,11077.759858267516,0.8,592.2707608695652,
sarima_core,electricity,USA|New York,US,True,False,rolling,2024-12-01,4,2025-04-01,10330.61,9622.027387250151,720.18921329833,8699.067773459343,10544.98700104096,0.8,592.2707608695652,
sarima_core,electricity,USA|New York,US,True,False,rolling,2024-12-01,5,2025-05-01,10569.38,10622.260615028606,721.0013133746185,9698.26025311365,11546.260976943562,0.8,592.2707608695652,
sarima_core,electricity,USA|New York,US,True,False,rolling,2024-12-01,6,2025-06-01,12278.9,11619.272104269492,721.2246342354401,10694.985545155732,12543.558663383252,0.8,592.2707608695652,
sarima_core,electricity,USA|New York,US,True,False,rolling,2024-12-01,7,2025-07-01,14676.42,13909.69436928354,721.2949613169645,12985.317682388351,14834.071056178727,0.8,592.2707608695652,
sarima_core,electricity,USA|New York,US,True,False,rolling,2024-12-01,8,2025-08-01,12601.19,12493.256228365733,721.3203997939263,11568.84694075057,13417.665515980896,0.8,592.2707608695652,
sarima_core,electricity,USA|New York,US,True,False,rolling,2024-12-01,9,2025-09-01,10624.29,10717.339343151309,721.330665224707,9792.916899857257,11641.76178644536,0.8,592.2707608695652,
sarima_core,electricity,USA|New York,US,True,False,rolling,2024-12-01,10,2025-10-01,10489.93,10346.595424916668,721.3351073614,9422.167288795383,11271.023561037953,0.8,592.2707608695652,
sarima_core,electricity,USA|New York,US,True,False,rolling,2024-12-01,11,2025-11-01,10713.13,10849.585804269103,721.3371053119096,9925.155107671215,11774.016500866992,0.8,592.2707608695652,
sarima_core,electricity,USA|New York,US,True,False,rolling,2024-12-01,12,2025-12-01,12068.33,11222.160655554684,721.3380218420123,10297.728784376208,12146.59252673316,0.8,592.2707608695652,
sarima_core,electricity,USA|North Carolina,US,True,False,holdout,last12,1,2025-01-01,13974.47,12054.543349763007,841.2163366675044,10976.481236545074,13132.60546298094,0.8,759.7571376811595,
sarima_core,electricity,USA|North Carolina,US,True,False,holdout,last12,2,2025-02-01,10490.7,9821.834238968058,911.701077589079,8653.442295675075,10990.226182261042,0.8,759.7571376811595,
sarima_core,electricity,USA|North Carolina,US,True,False,holdout,last12,3,2025-03-01,9176.69,9892.67937063237,927.7207568776602,8703.757382267582,11081.601358997157,0.8,759.7571376811595,
sarima_core,electricity,USA|North Carolina,US,True,False,holdout,last12,4,2025-04-01,9144.82,9422.440916404432,933.7130471019025,8225.83949912157,10619.042333687294,0.8,759.7571376811595,
sarima_core,electricity,USA|North Carolina,US,True,False,holdout,last12,5,2025-05-01,10742.12,11087.949703148099,937.2509494034277,9886.814281631972,12289.085124664225,0.8,759.7571376811595,
sarima_core,electricity,USA|North Carolina,US,True,False,holdout,last12,6,2025-06-01,12996.19,12333.257192800582,940.0471211828919,11128.538332962951,13537.976052638212,0.8,759.7571376811595,
sarima_core,electricity,USA|North Carolina,US,True,False,holdout,last12,7,2025-07-01,14749.2,14341.808458099349,942.5892745404077,13133.831697646541,15549.785218552157,0.8,759.7571376811595,
sarima_core,electricity,USA|North Carolina,US,True,False,holdout,last12,8,2025-08-01,12363.15,13970.104374646451,945.0374182133395,12758.990191836918,15181.218557455984,0.8,759.7571376811595,
sarima_core,electricity,USA|North Carolina,US,True,False,holdout,last12,9,2025-09-01,11296.2,11012.525767728253,947.4476860546014,9798.32270239337,12226.728833063136,0.8,759.7571376811595,
sarima_core,electricity,USA|North Carolina,US,True,False,holdout,last12,10,2025-10-01,9170.38,10008.833271330706,949.840331787815,8791.563907110629,11226.102635550784,0.8,759.7571376811595,
sarima_core,electricity,USA|North Carolina,US,True,False,holdout,last12,11,2025-11-01,10002.46,10459.435017420763,952.2227575696055,9239.112451710238,11679.757583131288,0.8,759.7571376811595,
sarima_core,electricity,USA|North Carolina,US,True,False,holdout,last12,12,2025-12-01,12228.73,11791.628699695399,954.5976968900436,10568.262526780694,13014.994872610103,0.8,759.7571376811595,
sarima_core,electricity,USA|North Carolina,US,True,False,rolling,2022-12-01,1,2023-01-01,11051.8,13620.843874871156,850.261194368246,12531.19031010671,14710.497439635603,0.8,756.5086904761905,
sarima_core,electricity,USA|North Carolina,US,True,False,rolling,2022-12-01,2,2023-02-01,8981.8,11243.715343832178,925.6139918915503,10057.493283433574,12429.937404230783,0.8,756.5086904761905,
sarima_core,electricity,USA|North Carolina,US,True,False,rolling,2022-12-01,3,2023-03-01,9546.82,10264.65857926281,950.1447543945643,9046.999081774466,11482.318076751155,0.8,756.5086904761905,
sarima_core,electricity,USA|North Carolina,US,True,False,rolling,2022-12-01,4,2023-04-01,8869.77,9312.201645514713,964.7533360894448,8075.820497284909,10548.582793744517,0.8,756.5086904761905,
sarima_core,electricity,USA|North Carolina,US,True,False,rolling,2022-12-01,5,2023-05-01,10235.03,11044.472574769572,976.7312813193862,9792.74107207833,12296.204077460814,0.8,756.5086904761905,
sarima_core,electricity,USA|North Carolina,US,True,False,rolling,2022-12-01,6,2023-06-01,10973.94,12613.985203861848,987.8635817191165,11347.98708416522,13879.983323558477,0.8,756.5086904761905,
sarima_core,electricity,USA|North Carolina,US,True,False,rolling,2022-12-01,7,2023-07-01,14187.39,14090.962552154206,998.6597069097695,12811.128641317679,15370.796462990733,0.8,756.5086904761905,
sarima_core,electricity,USA|North Carolina,US,True,False,rolling,2022-12-01,8,2023-08-01,13925.83,13744.979357019187,1009.2752267147297,12451.541110157543,15038.417603880831,0.8,756.5086904761905,
sarima_core,electricity,USA|North Carolina,US,True,False,rolling,2022-12-01,9,2023-09-01,10959.2,11409.73372216474,1019.7601558465448,10102.858497959594,12716.608946369885,0.8,756.5086904761905,
sarima_core,electricity,USA|North Carolina,US,True,False,rolling,2022-12-01,10,2023-10-01,9302.42,10302.758656041733,1030.1321646878346,8982.59116766819,11622.926144415276,0.8,756.5086904761905,
sarima_core,electricity,USA|North Carolina,US,True,False,rolling,2022-12-01,11,2023-11-01,10392.46,11239.356011084403,1040.3988581161004,9906.0312256749,12572.680796493905,0.8,756.5086904761905,
sarima_core,electricity,USA|North Carolina,US,True,False,rolling,2022-12-01,12,2023-12-01,11142.74,12554.704905160579,1050.5646309914657,11208.35215760768,13901.057652713478,0.8,756.5086904761905,
sarima_core,electricity,USA|North Carolina,US,True,False,rolling,2023-12-01,1,2024-01-01,12623.91,11570.190187701188,851.1984376025588,10479.335497402511,12661.044877999864,0.8,758.333106060606,
sarima_core,electricity,USA|North Carolina,US,True,False,rolling,2023-12-01,2,2024-02-01,10178.81,9476.450589546455,923.1648523531836,8293.367227757482,10659.533951335428,0.8,758.333106060606,
sarima_core,electricity,USA|North Carolina,US,True,False,rolling,2023-12-01,3,2024-03-01,9831.13,9493.019209524333,939.451144785183,8289.064124172215,10696.97429487645,0.8,758.333106060606,
sarima_core,electricity,USA|North Carolina,US,True,False,rolling,2023-12-01,4,2024-04-01,9511.56,8667.656050292513,945.4380576203896,7456.0284274236565,9879.28367316137,0.8,758.333106060606,
sarima_core,electricity,USA|North Carolina,US,True,False,rolling,2023-12-01,5,2024-05-01,11408.22,10439.96131976589,948.9040735056428,9223.891818813085,11656.030820718694,0.8,758.333106060606,
sarima_core,electricity,USA|North Carolina,US,True,False,rolling,2023-12-01,6,2024-06-01,13048.93,11493.790133097387,951.6077982638276,10274.255669447928,12713.324596746847,0.8,758.333106060606,
sarima_core,electricity,USA|North Carolina,US,True,False,rolling,2023-12-01,7,2024-07-01,14112.44,13965.227162530387,954.0497192196024,12742.56325125712,15187.891073803656,0.8,758.333106060606,
sarima_core,electricity,USA|North Carolina,US,True,False,rolling,2023-12-01,8,2024-08-01,13654.19,13520.992834566481,956.3945601052052,12295.323888785317,14746.661780347646,0.8,758.333106060606,
sarima_core,electricity,USA|North Carolina,US,True,False,rolling,2023-12-01,9,2024-09-01,10703.63,10925.80317255599,958.7004892321511,9697.179059692153,12154.427285419828,0.8,758.333106060606,
sarima_core,electricity,USA|North Carolina,US,True,False,rolling,2023-12-01,10,2024-10-01,10211.84,9389.7858731085,960.988669112045,8158.229339737336,10621.342406479664,0.8,758.333106060606,
sarima_core,electricity,USA|North Carolina,US,True,False,rolling,2023-12-01,11,2024-11-01,10161.2,10485.03337539891,963.2669015046104,9250.55716973838,11719.509581059441,0.8,758.333106060606,
sarima_core,electricity,USA|North Carolina,US,True,False,rolling,2023-12-01,12,2024-12-01,11949.53,11900.915105085845,965.5380898246999,10663.528254478058,13138.301955693632,0.8,758.333106060606,
sarima_core,electricity,USA|North Carolina,US,True,False,rolling,2024-12-01,1,2025-01-01,13974.47,12054.543349763007,841.2163366675044,10976.481236545074,13132.60546298094,0.8,759.7571376811595,
sarima_core,electricity,USA|North Carolina,US,True,False,rolling,2024-12-01,2,2025-02-01,10490.7,9821.834238968058,911.701077589079,8653.442295675075,10990.226182261042,0.8,759.7571376811595,
sarima_core,electricity,USA|North Carolina,US,True,False,rolling,2024-12-01,3,2025-03-01,9176.69,9892.67937063237,927.7207568776602,8703.757382267582,11081.601358997157,0.8,759.7571376811595,
sarima_core,electricity,USA|North Carolina,US,True,False,rolling,2024-12-01,4,2025-04-01,9144.82,9422.440916404432,933.7130471019025,8225.83949912157,10619.042333687294,0.8,759.7571376811595,
sarima_core,electricity,USA|North Carolina,US,True,False,rolling,2024-12-01,5,2025-05-01,10742.12,11087.949703148099,937.2509494034277,9886.814281631972,12289.085124664225,0.8,759.7571376811595,
sarima_core,electricity,USA|North Carolina,US,True,False,rolling,2024-12-01,6,2025-06-01,12996.19,12333.257192800582,940.0471211828919,11128.538332962951,13537.976052638212,0.8,759.7571376811595,
sarima_core,electricity,USA|North Carolina,US,True,False,rolling,2024-12-01,7,2025-07-01,14749.2,14341.808458099349,942.5892745404077,13133.831697646541,15549.785218552157,0.8,759.7571376811595,
sarima_core,electricity,USA|North Carolina,US,True,False,rolling,2024-12-01,8,2025-08-01,12363.15,13970.104374646451,945.0374182133395,12758.990191836918,15181.218557455984,0.8,759.7571376811595,
sarima_core,electricity,USA|North Carolina,US,True,False,rolling,2024-12-01,9,2025-09-01,11296.2,11012.525767728253,947.4476860546014,9798.32270239337,12226.728833063136,0.8,759.7571376811595,
sarima_core,electricity,USA|North Carolina,US,True,False,rolling,2024-12-01,10,2025-10-01,9170.38,10008.833271330706,949.840331787815,8791.563907110629,11226.102635550784,0.8,759.7571376811595,
sarima_core,electricity,USA|North Carolina,US,True,False,rolling,2024-12-01,11,2025-11-01,10002.46,10459.435017420763,952.2227575696055,9239.112451710238,11679.757583131288,0.8,759.7571376811595,
sarima_core,electricity,USA|North Carolina,US,True,False,rolling,2024-12-01,12,2025-12-01,12228.73,11791.628699695399,954.5976968900436,10568.262526780694,13014.994872610103,0.8,759.7571376811595,
sarima_core,electricity,USA|North Dakota,US,False,False,holdout,last12,1,2025-01-01,4480.72,3988.4068550022603,207.1170531367387,3722.9756713038887,4253.838038700632,0.8,199.00463768115938,
sarima_core,electricity,USA|North Dakota,US,False,False,holdout,last12,2,2025-02-01,3823.39,3752.388268828998,223.9125355712715,3465.432808322574,4039.3437293354223,0.8,199.00463768115938,
sarima_core,electricity,USA|North Dakota,US,False,False,holdout,last12,3,2025-03-01,3687.94,3705.9844350002513,231.79825393612265,3408.9230197779084,4003.0458502225943,0.8,199.00463768115938,
sarima_core,electricity,USA|North Dakota,US,False,False,holdout,last12,4,2025-04-01,3135.29,3309.0651570677996,238.18065777888106,3003.824362208832,3614.305951926767,0.8,199.00463768115938,
sarima_core,electricity,USA|North Dakota,US,False,False,holdout,last12,5,2025-05-01,3062.74,3032.0543280361107,244.15962142818583,2719.1511829520423,3344.957473120179,0.8,199.00463768115938,
sarima_core,electricity,USA|North Dakota,US,False,False,holdout,last12,6,2025-06-01,3095.37,3211.280202568621,249.94852498006298,2890.9582790748577,3531.6021260623843,0.8,199.00463768115938,
sarima_core,electricity,USA|North Dakota,US,False,False,holdout,last12,7,2025-07-01,3579.34,3602.0252618585337,255.5968902786674,3274.464666973576,3929.585856743491,0.8,199.00463768115938,
sarima_core,electricity,USA|North Dakota,US,False,False,holdout,last12,8,2025-08-01,3302.88,3553.774064204962,261.1211963277742,3219.133786254224,3888.4143421557,0.8,199.00463768115938,
sarima_core,electricity,USA|North Dakota,US,False,False,holdout,last12,9,2025-09-01,3089.49,3273.418254581023,266.5306414086453,2931.845493818167,3614.991015343879,0.8,199.00463768115938,
sarima_core,electricity,USA|North Dakota,US,False,False,holdout,last12,10,2025-10-01,3552.32,3421.3109627187546,271.8323825015922,3072.9437473581206,3769.6781780793885,0.8,199.00463768115938,
sarima_core,electricity,USA|North Dakota,US,False,False,holdout,last12,11,2025-11-01,3712.81,3804.3441135492644,277.0326638427434,3449.3124694946055,4159.375757603923,0.8,199.00463768115938,
sarima_core,electricity,USA|North Dakota,US,False,False,holdout,last12,12,2025-12-01,4218.86,4036.2200939493027,282.13710798379395,3674.6468415144454,4397.79334638416,0.8,199.00463768115938,
sarima_core,electricity,USA|North Dakota,US,False,False,rolling,2022-12-01,1,2023-01-01,3816.16,4138.027342335422,201.87918110126418,3879.308761744235,4396.745922926609,0.8,192.06484126984125,
sarima_core,electricity,USA|North Dakota,US,False,False,rolling,2022-12-01,2,2023-02-01,3777.01,3639.420805875682,219.09982723292438,3358.6330792747763,3920.208532476588,0.8,192.06484126984125,
sarima_core,electricity,USA|North Dakota,US,False,False,rolling,2022-12-01,3,2023-03-01,3547.3,3818.5317228122894,222.24089694000824,3533.7185534107857,4103.344892213793,0.8,192.06484126984125,
sarima_core,electricity,USA|North Dakota,US,False,False,rolling,2022-12-01,4,2023-04-01,3086.39,3264.8375743077117,222.93404233932532,2979.1361033345634,3550.53904528086,0.8,192.06484126984125,
sarima_core,electricity,USA|North Dakota,US,False,False,rolling,2022-12-01,5,2023-05-01,2928.43,3404.3158947464008,223.135941399983,3118.3556797159845,3690.276109776817,0.8,192.06484126984125,
sarima_core,electricity,USA|North Dakota,US,False,False,rolling,2022-12-01,6,2023-06-01,2843.66,3453.8462402514383,223.22125010622628,3167.7766977149813,3739.9157827878953,0.8,192.06484126984125,
sarima_core,electricity,USA|North Dakota,US,False,False,rolling,2022-12-01,7,2023-07-01,3509.88,3981.712581917237,223.27297132868628,3695.5767559671644,4267.84840786731,0.8,192.06484126984125,
sarima_core,electricity,USA|North Dakota,US,False,False,rolling,2022-12-01,8,2023-08-01,3323.19,3989.8561111054414,223.3133055895859,3703.6685947201677,4276.043627490715,0.8,192.06484126984125,
sarima_core,electricity,USA|North Dakota,US,False,False,rolling,2022-12-01,9,2023-09-01,3144.31,3747.1292683283627,223.3493680797649,3460.895536002343,4033.3630006543826,0.8,192.06484126984125,
sarima_core,electricity,USA|North Dakota,US,False,False,rolling,2022-12-01,10,2023-10-01,3294.49,3652.4472564193743,223.38374271989127,3366.1694712194853,3938.7250416192633,0.8,192.06484126984125,
sarima_core,electricity,USA|North Dakota,US,False,False,rolling,2022-12-01,11,2023-11-01,3705.31,3782.146220497328,223.41743328342713,3495.825259102996,4068.4671818916604,0.8,192.06484126984125,
sarima_core,electricity,USA|North Dakota,US,False,False,rolling,2022-12-01,12,2023-12-01,3754.17,3915.203711854596,223.4508421506614,3628.8399352741562,4201.567488435036,0.8,192.06484126984125,
sarima_core,electricity,USA|North Dakota,US,False,False,rolling,2023-12-01,1,2024-01-01,3861.21,3919.2913922702937,206.12151811914717,3655.136038032271,4183.446746508316,0.8,198.93450757575755,
sarima_core,electricity,USA|North Dakota,US,False,False,rolling,2023-12-01,2,2024-02-01,3517.65,3526.268125601779,223.84693534720262,3239.3967351652104,3813.1395160383477,0.8,198.93450757575755,
sarima_core,electricity,USA|North Dakota,US,False,False,rolling,2023-12-01,3,2024-03-01,3703.86,3516.2432201585652,231.30348868693628,3219.8158721158943,3812.670568201236,0.8,198.93450757575755,
sarima_core,electricity,USA|North Dakota,US,False,False,rolling,2023-12-01,4,2024-04-01,3384.71,2972.4083306795246,236.8932300304736,2668.817440867054,3275.9992204919954,0.8,198.93450757575755,
sarima_core,electricity,USA|North Dakota,US,False,False,rolling,2023-12-01,5,2024-05-01,2973.23,3016.0371073088154,241.99373433214083,2705.909658223476,3326.1645563941547,0.8,198.93450757575755,
sarima_core,electricity,USA|North Dakota,US,False,False,rolling,2023-12-01,6,2024-06-01,3453.11,3043.829630073467,246.90440828210023,2727.408899099678,3360.250361047256,0.8,198.93450757575755,
sarima_core,electricity,USA|North Dakota,US,False,False,rolling,2023-12-01,7,2024-07-01,3530.39,3511.400339365992,251.69913975530042,3188.8349127663573,3833.9657659656264,0.8,198.93450757575755,
sarima_core,electricity,USA|North Dakota,US,False,False,rolling,2023-12-01,8,2024-08-01,3639.7,3413.0187161215345,256.39939459030757,3084.4296705796382,3741.6077616634307,0.8,198.93450757575755,
sarima_core,electricity,USA|North Dakota,US,False,False,rolling,2023-12-01,9,2024-09-01,3243.86,3178.6053097358913,261.01386313043474,2844.1025848122385,3513.108034659544,0.8,198.93450757575755,
sarima_core,electricity,USA|North Dakota,US,False,False,rolling,2023-12-01,10,2024-10-01,3389.15,3225.5665344712656,265.5478788854817,2885.2532345585287,3565.8798343840026,0.8,198.93450757575755,
sarima_core,electricity,USA|North Dakota,US,False,False,rolling,2023-12-01,11,2024-11-01,3740.56,3447.1614593416416,270.005701880587,3101.1352293906066,3793.1876892926766,0.8,198.93450757575755,
sarima_core,electricity,USA|North Dakota,US,False,False,rolling,2023-12-01,12,2024-12-01,4180.72,3565.932312519166,274.39109547356446,3214.2859745435217,3917.57865049481,0.8,198.93450757575755,
sarima_core,electricity,USA|North Dakota,US,False,False,rolling,2024-12-01,1,2025-01-01,4480.72,3988.4068550022603,207.1170531367387,3722.9756713038887,4253.838038700632,0.8,199.00463768115938,
sarima_core,electricity,USA|North Dakota,US,False,False,rolling,2024-12-01,2,2025-02-01,3823.39,3752.388268828998,223.9125355712715,3465.432808322574,4039.3437293354223,0.8,199.00463768115938,
sarima_core,electricity,USA|North Dakota,US,False,False,rolling,2024-12-01,3,2025-03-01,3687.94,3705.9844350002513,231.79825393612265,3408.9230197779084,4003.0458502225943,0.8,199.00463768115938,
sarima_core,electricity,USA|North Dakota,US,False,False,rolling,2024-12-01,4,2025-04-01,3135.29,3309.0651570677996,238.18065777888106,3003.824362208832,3614.305951926767,0.8,199.00463768115938,
sarima_core,electricity,USA|North Dakota,US,False,False,rolling,2024-12-01,5,2025-05-01,3062.74,3032.0543280361107,244.15962142818583,2719.1511829520423,3344.957473120179,0.8,199.00463768115938,
sarima_core,electricity,USA|North Dakota,US,False,False,rolling,2024-12-01,6,2025-06-01,3095.37,3211.280202568621,249.94852498006298,2890.9582790748577,3531.6021260623843,0.8,199.00463768115938,
sarima_core,electricity,USA|North Dakota,US,False,False,rolling,2024-12-01,7,2025-07-01,3579.34,3602.0252618585337,255.5968902786674,3274.464666973576,3929.585856743491,0.8,199.00463768115938,
sarima_core,electricity,USA|North Dakota,US,False,False,rolling,2024-12-01,8,2025-08-01,3302.88,3553.774064204962,261.1211963277742,3219.133786254224,3888.4143421557,0.8,199.00463768115938,
sarima_core,electricity,USA|North Dakota,US,False,False,rolling,2024-12-01,9,2025-09-01,3089.49,3273.418254581023,266.5306414086453,2931.845493818167,3614.991015343879,0.8,199.00463768115938,
sarima_core,electricity,USA|North Dakota,US,False,False,rolling,2024-12-01,10,2025-10-01,3552.32,3421.3109627187546,271.8323825015922,3072.9437473581206,3769.6781780793885,0.8,199.00463768115938,
sarima_core,electricity,USA|North Dakota,US,False,False,rolling,2024-12-01,11,2025-11-01,3712.81,3804.3441135492644,277.0326638427434,3449.3124694946055,4159.375757603923,0.8,199.00463768115938,
sarima_core,electricity,USA|North Dakota,US,False,False,rolling,2024-12-01,12,2025-12-01,4218.86,4036.2200939493027,282.13710798379395,3674.6468415144454,4397.79334638416,0.8,199.00463768115938,
sarima_core,electricity,USA|Ohio,US,True,False,holdout,last12,1,2025-01-01,14564.37,13173.462456575062,903.0797905165648,12016.11913722687,14330.805775923254,0.8,912.0921014492752,
sarima_core,electricity,USA|Ohio,US,True,False,holdout,last12,2,2025-02-01,12128.6,11203.775122022042,1041.8584090408067,9868.57984683999,12538.970397204093,0.8,912.0921014492752,
sarima_core,electricity,USA|Ohio,US,True,False,holdout,last12,3,2025-03-01,11184.99,10883.647107620629,1088.8608586374062,9488.215769573624,12279.078445667634,0.8,912.0921014492752,
sarima_core,electricity,USA|Ohio,US,True,False,holdout,last12,4,2025-04-01,8299.15,9708.508823496795,1108.7273671305968,8287.617530388436,11129.400116605155,0.8,912.0921014492752,
sarima_core,electricity,USA|Ohio,US,True,False,holdout,last12,5,2025-05-01,11238.9,11066.87087546357,1119.1007478610943,9632.685560040052,12501.056190887088,0.8,912.0921014492752,
sarima_core,electricity,USA|Ohio,US,True,False,holdout,last12,6,2025-06-01,13043.38,12383.975773688671,1125.7181223192906,10941.309951668456,13826.641595708887,0.8,912.0921014492752,
sarima_core,electricity,USA|Ohio,US,True,False,holdout,last12,7,2025-07-01,15251.93,14115.023295585144,1130.6904443444319,12665.985186489217,15564.061404681072,0.8,912.0921014492752,
sarima_core,electricity,USA|Ohio,US,True,False,holdout,last12,8,2025-08-01,13721.02,13651.084443548032,1134.884130445488,12196.671909463894,15105.49697763217,0.8,912.0921014492752,
sarima_core,electricity,USA|Ohio,US,True,False,holdout,last12,9,2025-09-01,12813.83,12553.863430903664,1138.6882987534523,11094.57565896886,14013.151202838468,0.8,912.0921014492752,
sarima_core,electricity,USA|Ohio,US,True,False,holdout,last12,10,2025-10-01,9913.77,10779.502424404289,1142.2894427152294,9315.599600787518,12243.40524802106,0.8,912.0921014492752,
sarima_core,electricity,USA|Ohio,US,True,False,holdout,last12,11,2025-11-01,11630.07,11947.619082405039,1145.7807685504695,10479.24194469829,13415.996220111789,0.8,912.0921014492752,
sarima_core,electricity,USA|Ohio,US,True,False,holdout,last12,12,2025-12-01,13325.61,13454.128129007422,1149.2100447361663,11981.356197036208,14926.900060978636,0.8,912.0921014492752,
sarima_core,electricity,USA|Ohio,US,True,False,rolling,2022-12-01,1,2023-01-01,10545.46,12745.154437083924,907.644498821336,11581.961208661496,13908.347665506351,0.8,900.7856349206348,
sarima_core,electricity,USA|Ohio,US,True,False,rolling,2022-12-01,2,2023-02-01,9629.24,11352.626230611084,1050.9147743357557,10005.824756307145,12699.427704915022,0.8,900.7856349206348,
sarima_core,electricity,USA|Ohio,US,True,False,rolling,2022-12-01,3,2023-03-01,10109.58,11000.290977386663,1100.7439430927511,9589.630853852412,12410.951100920915,0.8,900.7856349206348,
sarima_core,electricity,USA|Ohio,US,True,False,rolling,2022-12-01,4,2023-04-01,8210.08,8894.530687777175,1122.3507855658347,7456.1802814450675,10332.881094109282,0.8,900.7856349206348,
sarima_core,electricity,USA|Ohio,US,True,False,rolling,2022-12-01,5,2023-05-01,10269.82,10010.082682934739,1133.8702016893158,8556.969550835423,11463.195815034054,0.8,900.7856349206348,
sarima_core,electricity,USA|Ohio,US,True,False,rolling,2022-12-01,6,2023-06-01,10701.62,11638.036414216645,1141.3206704393194,10175.375122226722,13100.697706206569,0.8,900.7856349206348,
sarima_core,electricity,USA|Ohio,US,True,False,rolling,2022-12-01,7,2023-07-01,13118.89,12944.540509605245,1146.9597136351008,11474.652492979596,14414.428526230895,0.8,900.7856349206348,
sarima_core,electricity,USA|Ohio,US,True,False,rolling,2022-12-01,8,2023-08-01,12492.98,13152.92201684654,1151.7292989123337,11676.921530741854,14628.922502951225,0.8,900.7856349206348,
sarima_core,electricity,USA|Ohio,US,True,False,rolling,2022-12-01,9,2023-09-01,12078.37,11399.154875974004,1156.0582720284774,9917.606587595123,12880.703164352884,0.8,900.7856349206348,
sarima_core,electricity,USA|Ohio,US,True,False,rolling,2022-12-01,10,2023-10-01,10283.03,10511.52166926636,1160.1545749481031,9024.723757467887,11998.319581064832,0.8,900.7856349206348,
sarima_core,electricity,USA|Ohio,US,True,False,rolling,2022-12-01,11,2023-11-01,11715.35,11068.384290127487,1164.1232510979498,9576.50031519604,12560.268265058934,0.8,900.7856349206348,
sarima_core,electricity,USA|Ohio,US,True,False,rolling,2022-12-01,12,2023-12-01,12395.44,11223.772122798984,1168.018699713303,9726.895929596032,12720.648316001936,0.8,900.7856349206348,
sarima_core,electricity,USA|Ohio,US,True,False,rolling,2023-12-01,1,2024-01-01,13475.43,13100.069325890454,908.7650009485407,11935.44011621271,14264.698535568197,0.8,906.9392803030302,
sarima_core,electricity,USA|Ohio,US,True,False,rolling,2023-12-01,2,2024-02-01,11014.72,11338.635048507469,1053.9260274758274,9987.974498027621,12689.295598987317,0.8,906.9392803030302,
sarima_core,electricity,USA|Ohio,US,True,False,rolling,2023-12-01,3,2024-03-01,10211.97,11132.182477735592,1104.1396118690768,9717.17062956497,12547.194325906215,0.8,906.9392803030302,
sarima_core,electricity,USA|Ohio,US,True,False,rolling,2023-12-01,4,2024-04-01,9834.6,8914.787758227512,1125.3734486112014,7472.563653337502,10357.011863117523,0.8,906.9392803030302,
sarima_core,electricity,USA|Ohio,US,True,False,rolling,2023-12-01,5,2024-05-01,10620.1,10721.473890728646,1136.2298312489327,9265.336771673099,12177.611009784194,0.8,906.9392803030302,
sarima_core,electricity,USA|Ohio,US,True,False,rolling,2023-12-01,6,2024-06-01,12786.71,11722.077677006648,1142.919415978289,10257.367510168351,13186.787843844944,0.8,906.9392803030302,
sarima_core,electricity,USA|Ohio,US,True,False,rolling,2023-12-01,7,2024-07-01,13908.02,13434.873522485495,1147.7650692003017,11963.953401174442,14905.793643796549,0.8,906.9392803030302,
sarima_core,electricity,USA|Ohio,US,True,False,rolling,2023-12-01,8,2024-08-01,13603.14,13172.006146646348,1151.728777756771,11696.00632842939,14648.005964863307,0.8,906.9392803030302,
sarima_core,electricity,USA|Ohio,US,True,False,rolling,2023-12-01,9,2024-09-01,11885.26,12135.626568367816,1155.2458661897551,10655.119419963406,13616.133716772225,0.8,906.9392803030302,
sarima_core,electricity,USA|Ohio,US,True,False,rolling,2023-12-01,10,2024-10-01,10133.08,10300.313807226607,1158.5272756336299,8815.601363412206,11785.026251041007,0.8,906.9392803030302,
sarima_core,electricity,USA|Ohio,US,True,False,rolling,2023-12-01,11,2024-11-01,11060.38,11656.967501088231,1161.6801362194096,10168.214503854182,13145.72049832228,0.8,906.9392803030302,
sarima_core,electricity,USA|Ohio,US,True,False,rolling,2023-12-01,12,2024-12-01,13325.84,12197.09538861407,1164.760492860397,10704.394755504329,13689.796021723812,0.8,906.9392803030302,
sarima_core,electricity,USA|Ohio,US,True,False,rolling,2024-12-01,1,2025-01-01,14564.37,13173.462456575062,903.0797905165648,12016.11913722687,14330.805775923254,0.8,912.0921014492752,
sarima_core,electricity,USA|Ohio,US,True,False,rolling,2024-12-01,2,2025-02-01,12128.6,11203.775122022042,1041.8584090408067,9868.57984683999,12538.970397204093,0.8,912.0921014492752,
sarima_core,electricity,USA|Ohio,US,True,False,rolling,2024-12-01,3,2025-03-01,11184.99,10883.647107620629,1088.8608586374062,9488.215769573624,12279.078445667634,0.8,912.0921014492752,
sarima_core,electricity,USA|Ohio,US,True,False,rolling,2024-12-01,4,2025-04-01,8299.15,9708.508823496795,1108.7273671305968,8287.617530388436,11129.400116605155,0.8,912.0921014492752,
sarima_core,electricity,USA|Ohio,US,True,False,rolling,2024-12-01,5,2025-05-01,11238.9,11066.87087546357,1119.1007478610943,9632.685560040052,12501.056190887088,0.8,912.0921014492752,
sarima_core,electricity,USA|Ohio,US,True,False,rolling,2024-12-01,6,2025-06-01,13043.38,12383.975773688671,1125.7181223192906,10941.309951668456,13826.641595708887,0.8,912.0921014492752,
sarima_core,electricity,USA|Ohio,US,True,False,rolling,2024-12-01,7,2025-07-01,15251.93,14115.023295585144,1130.6904443444319,12665.985186489217,15564.061404681072,0.8,912.0921014492752,
sarima_core,electricity,USA|Ohio,US,True,False,rolling,2024-12-01,8,2025-08-01,13721.02,13651.084443548032,1134.884130445488,12196.671909463894,15105.49697763217,0.8,912.0921014492752,
sarima_core,electricity,USA|Ohio,US,True,False,rolling,2024-12-01,9,2025-09-01,12813.83,12553.863430903664,1138.6882987534523,11094.57565896886,14013.151202838468,0.8,912.0921014492752,
sarima_core,electricity,USA|Ohio,US,True,False,rolling,2024-12-01,10,2025-10-01,9913.77,10779.502424404289,1142.2894427152294,9315.599600787518,12243.40524802106,0.8,912.0921014492752,
sarima_core,electricity,USA|Ohio,US,True,False,rolling,2024-12-01,11,2025-11-01,11630.07,11947.619082405039,1145.7807685504695,10479.24194469829,13415.996220111789,0.8,912.0921014492752,
sarima_core,electricity,USA|Ohio,US,True,False,rolling,2024-12-01,12,2025-12-01,13325.61,13454.128129007422,1149.2100447361663,11981.356197036208,14926.900060978636,0.8,912.0921014492752,
sarima_core,electricity,USA|Oklahoma,US,True,False,holdout,last12,1,2025-01-01,8291.08,8236.549898441392,559.5640394093979,7519.439727713818,8953.660069168965,0.8,535.8723550724637,
sarima_core,electricity,USA|Oklahoma,US,True,False,holdout,last12,2,2025-02-01,6840.8,7034.0562652256085,624.3323615313641,6233.9421498849315,7834.1703805662855,0.8,535.8723550724637,
sarima_core,electricity,USA|Oklahoma,US,True,False,holdout,last12,3,2025-03-01,7000.79,7262.3832308086985,640.7278139957422,6441.257497694485,8083.508963922912,0.8,535.8723550724637,
sarima_core,electricity,USA|Oklahoma,US,True,False,holdout,last12,4,2025-04-01,6367.57,7489.835740859672,645.8952335845107,6662.087693081647,8317.583788637698,0.8,535.8723550724637,
sarima_core,electricity,USA|Oklahoma,US,True,False,holdout,last12,5,2025-05-01,6689.29,7802.996554711536,647.9981939290363,6972.553454811707,8633.439654611366,0.8,535.8723550724637,
sarima_core,electricity,USA|Oklahoma,US,True,False,holdout,last12,6,2025-06-01,8373.76,8952.013999523853,649.1321605350907,8120.117662944759,9783.910336102948,0.8,535.8723550724637,
sarima_core,electricity,USA|Oklahoma,US,True,False,holdout,last12,7,2025-07-01,9842.85,9910.765183729649,649.9135031149854,9077.867516344064,10743.662851115234,0.8,535.8723550724637,
sarima_core,electricity,USA|Oklahoma,US,True,False,holdout,last12,8,2025-08-01,9038.69,10265.997490572236,650.55158045778,9432.282094169053,11099.712886975418,0.8,535.8723550724637,
sarima_core,electricity,USA|Oklahoma,US,True,False,holdout,last12,9,2025-09-01,7394.28,8006.331316817986,651.1271182541799,7171.878339050797,8840.784294585173,0.8,535.8723550724637,
sarima_core,electricity,USA|Oklahoma,US,True,False,holdout,last12,10,2025-10-01,7219.92,7463.160564103392,651.6741546087945,6628.006531039538,8298.314597167247,0.8,535.8723550724637,
sarima_core,electricity,USA|Oklahoma,US,True,False,holdout,last12,11,2025-11-01,6581.66,7148.519403666353,652.2078229229267,6312.681447139041,7984.357360193666,0.8,535.8723550724637,
sarima_core,electricity,USA|Oklahoma,US,True,False,holdout,last12,12,2025-12-01,7662.01,7641.06676307949,652.7350437419702,6804.553145886144,8477.580380272835,0.8,535.8723550724637,
sarima_core,electricity,USA|Oklahoma,US,True,False,rolling,2022-12-01,1,2023-01-01,7117.98,7504.027265705068,557.0794174186074,6790.101266179578,8217.953265230559,0.8,531.1959920634921,
sarima_core,electricity,USA|Oklahoma,US,True,False,rolling,2022-12-01,2,2023-02-01,6597.47,6522.338362003662,624.610947025251,5721.867224987156,7322.809499020168,0.8,531.1959920634921,
sarima_core,electricity,USA|Oklahoma,US,True,False,rolling,2022-12-01,3,2023-03-01,7071.78,6358.14055277551,641.4166846679083,5536.131996372925,7180.1491091780945,0.8,531.1959920634921,
sarima_core,electricity,USA|Oklahoma,US,True,False,rolling,2022-12-01,4,2023-04-01,6645.75,6318.740818938346,646.1269964194748,5490.6957551363375,7146.785882740354,0.8,531.1959920634921,
sarima_core,electricity,USA|Oklahoma,US,True,False,rolling,2022-12-01,5,2023-05-01,7031.55,6723.722566812513,647.6256636905508,5893.756883623027,7553.688250001999,0.8,531.1959920634921,
sarima_core,electricity,USA|Oklahoma,US,True,False,rolling,2022-12-01,6,2023-06-01,8073.46,7798.220511593774,648.1954812113211,6967.52457786847,8628.916445319079,0.8,531.1959920634921,
sarima_core,electricity,USA|Oklahoma,US,True,False,rolling,2022-12-01,7,2023-07-01,9653.31,9014.277099869614,648.4669843970287,8183.233220811616,9845.320978927612,0.8,531.1959920634921,
sarima_core,electricity,USA|Oklahoma,US,True,False,rolling,2022-12-01,8,2023-08-01,9734.61,8768.964833609563,648.6304713982348,7937.711437529223,9600.218229689903,0.8,531.1959920634921,
sarima_core,electricity,USA|Oklahoma,US,True,False,rolling,2022-12-01,9,2023-09-01,8032.41,7097.4773989858195,648.7502025586105,6266.070561249456,7928.884236722183,0.8,531.1959920634921,
sarima_core,electricity,USA|Oklahoma,US,True,False,rolling,2022-12-01,10,2023-10-01,6806.07,6372.214779041022,648.8506309361907,5540.679237160145,7203.7503209218985,0.8,531.1959920634921,
sarima_core,electricity,USA|Oklahoma,US,True,False,rolling,2022-12-01,11,2023-11-01,6314.59,6264.15980260754,648.9420624823612,5432.507086485528,7095.812518729552,0.8,531.1959920634921,
sarima_core,electricity,USA|Oklahoma,US,True,False,rolling,2022-12-01,12,2023-12-01,7049.56,6830.846632353469,649.029164219587,5999.082290863755,7662.610973843184,0.8,531.1959920634921,
sarima_core,electricity,USA|Oklahoma,US,True,False,rolling,2023-12-01,1,2024-01-01,8593.89,7227.4607594614,548.6226614117,6524.37252883599,7930.54899008681,0.8,530.2770833333333,
sarima_core,electricity,USA|Oklahoma,US,True,False,rolling,2023-12-01,2,2024-02-01,6779.08,6719.784715177171,616.708484792786,5929.440991006338,7510.128439348005,0.8,530.2770833333333,
sarima_core,electricity,USA|Oklahoma,US,True,False,rolling,2023-12-01,3,2024-03-01,6785.79,6764.194364714815,633.6704932194872,5952.112952089961,7576.275777339668,0.8,530.2770833333333,
sarima_core,electricity,USA|Oklahoma,US,True,False,rolling,2023-12-01,4,2024-04-01,7591.76,6690.389588944394,638.243672326349,5872.447411475627,7508.331766413161,0.8,530.2770833333333,
sarima_core,electricity,USA|Oklahoma,US,True,False,rolling,2023-12-01,5,2024-05-01,7839.72,7196.320166145677,639.54920451233,6376.704881860097,8015.935450431257,0.8,530.2770833333333,
sarima_core,electricity,USA|Oklahoma,US,True,False,rolling,2023-12-01,6,2024-06-01,9083.47,8290.150115495902,639.9506230321047,7470.020392677866,9110.279838313938,0.8,530.2770833333333,
sarima_core,electricity,USA|Oklahoma,US,True,False,rolling,2023-12-01,7,2024-07-01,9490.75,9864.19031654808,640.086841668153,9043.88602252376,10684.4946105724,0.8,530.2770833333333,
sarima_core,electricity,USA|Oklahoma,US,True,False,rolling,2023-12-01,8,2024-08-01,10089.06,9294.041676782203,640.1385268793024,8473.671145494618,10114.412208069787,0.8,530.2770833333333,
sarima_core,electricity,USA|Oklahoma,US,True,False,rolling,2023-12-01,9,2024-09-01,7334.53,7578.2475537643395,640.1602624079303,6757.849167276014,8398.645940252665,0.8,530.2770833333333,
sarima_core,electricity,USA|Oklahoma,US,True,False,rolling,2023-12-01,10,2024-10-01,7397.75,6629.599282619323,640.170143442703,5809.188233075416,7450.0103321632305,0.8,530.2770833333333,
sarima_core,electricity,USA|Oklahoma,US,True,False,rolling,2023-12-01,11,2024-11-01,7240.07,6443.774092591653,640.1748683220735,5623.356987871191,7264.191197312115,0.8,530.2770833333333,
sarima_core,electricity,USA|Oklahoma,US,True,False,rolling,2023-12-01,12,2024-12-01,7517.43,7375.993528574602,640.1771954682133,6555.573441496362,8196.413615652842,0.8,530.2770833333333,
sarima_core,electricity,USA|Oklahoma,US,True,False,rolling,2024-12-01,1,2025-01-01,8291.08,8236.549898441392,559.5640394093979,7519.439727713818,8953.660069168965,0.8,535.8723550724637,
sarima_core,electricity,USA|Oklahoma,US,True,False,rolling,2024-12-01,2,2025-02-01,6840.8,7034.0562652256085,624.3323615313641,6233.9421498849315,7834.1703805662855,0.8,535.8723550724637,
sarima_core,electricity,USA|Oklahoma,US,True,False,rolling,2024-12-01,3,2025-03-01,7000.79,7262.3832308086985,640.7278139957422,6441.257497694485,8083.508963922912,0.8,535.8723550724637,
sarima_core,electricity,USA|Oklahoma,US,True,False,rolling,2024-12-01,4,2025-04-01,6367.57,7489.835740859672,645.8952335845107,6662.087693081647,8317.583788637698,0.8,535.8723550724637,
sarima_core,electricity,USA|Oklahoma,US,True,False,rolling,2024-12-01,5,2025-05-01,6689.29,7802.996554711536,647.9981939290363,6972.553454811707,8633.439654611366,0.8,535.8723550724637,
sarima_core,electricity,USA|Oklahoma,US,True,False,rolling,2024-12-01,6,2025-06-01,8373.76,8952.013999523853,649.1321605350907,8120.117662944759,9783.910336102948,0.8,535.8723550724637,
sarima_core,electricity,USA|Oklahoma,US,True,False,rolling,2024-12-01,7,2025-07-01,9842.85,9910.765183729649,649.9135031149854,9077.867516344064,10743.662851115234,0.8,535.8723550724637,
sarima_core,electricity,USA|Oklahoma,US,True,False,rolling,2024-12-01,8,2025-08-01,9038.69,10265.997490572236,650.55158045778,9432.282094169053,11099.712886975418,0.8,535.8723550724637,
sarima_core,electricity,USA|Oklahoma,US,True,False,rolling,2024-12-01,9,2025-09-01,7394.28,8006.331316817986,651.1271182541799,7171.878339050797,8840.784294585173,0.8,535.8723550724637,
sarima_core,electricity,USA|Oklahoma,US,True,False,rolling,2024-12-01,10,2025-10-01,7219.92,7463.160564103392,651.6741546087945,6628.006531039538,8298.314597167247,0.8,535.8723550724637,
sarima_core,electricity,USA|Oklahoma,US,True,False,rolling,2024-12-01,11,2025-11-01,6581.66,7148.519403666353,652.2078229229267,6312.681447139041,7984.357360193666,0.8,535.8723550724637,
sarima_core,electricity,USA|Oklahoma,US,True,False,rolling,2024-12-01,12,2025-12-01,7662.01,7641.06676307949,652.7350437419702,6804.553145886144,8477.580380272835,0.8,535.8723550724637,
sarima_core,electricity,USA|Oregon,US,True,False,holdout,last12,1,2025-01-01,6008.77,5679.638878261796,311.3876516115615,5280.579545847742,6078.69821067585,0.8,308.29626811594204,
sarima_core,electricity,USA|Oregon,US,True,False,holdout,last12,2,2025-02-01,5194.21,5336.949257599217,343.4611600613492,4896.786070218831,5777.112444979603,0.8,308.29626811594204,
sarima_core,electricity,USA|Oregon,US,True,False,holdout,last12,3,2025-03-01,5601.12,5524.756054894835,350.57735936221775,5075.473091159693,5974.039018629977,0.8,308.29626811594204,
sarima_core,electricity,USA|Oregon,US,True,False,holdout,last12,4,2025-04-01,4962.7,4755.469463542223,352.50377908931983,4303.717693589917,5207.221233494529,0.8,308.29626811594204,
sarima_core,electricity,USA|Oregon,US,True,False,holdout,last12,5,2025-05-01,4782.65,4840.025341787886,353.1766729549544,4387.411223648631,5292.639459927141,0.8,308.29626811594204,
sarima_core,electricity,USA|Oregon,US,True,False,holdout,last12,6,2025-06-01,5061.19,5108.490079859721,353.49757725643576,4655.464706310512,5561.51545340893,0.8,308.29626811594204,
sarima_core,electricity,USA|Oregon,US,True,False,holdout,last12,7,2025-07-01,5450.7,5467.09358545019,353.7025582060935,5013.805518244041,5920.38165265634,0.8,308.29626811594204,
sarima_core,electricity,USA|Oregon,US,True,False,holdout,last12,8,2025-08-01,5595.75,5446.70056553205,353.8639476583194,4993.205669420739,5900.195461643361,0.8,308.29626811594204,
sarima_core,electricity,USA|Oregon,US,True,False,holdout,last12,9,2025-09-01,4894.0,4797.502191183744,354.00745703556896,4343.823380405348,5251.18100196214,0.8,308.29626811594204,
sarima_core,electricity,USA|Oregon,US,True,False,holdout,last12,10,2025-10-01,4821.6,4513.645585003725,354.1432640658782,4059.7927305130233,4967.498439494426,0.8,308.29626811594204,
sarima_core,electricity,USA|Oregon,US,True,False,holdout,last12,11,2025-11-01,5468.79,5206.392533984355,354.27566030132544,4752.370006890845,5660.415061077866,0.8,308.29626811594204,
sarima_core,electricity,USA|Oregon,US,True,False,holdout,last12,12,2025-12-01,6815.04,5503.697430315564,354.40651511014005,5049.5072060369575,5957.88765459417,0.8,308.29626811594204,
sarima_core,electricity,USA|Oregon,US,True,False,rolling,2022-12-01,1,2023-01-01,5403.47,5786.475115300027,299.00847199744305,5403.280339900605,6169.669890699449,0.8,297.98781746031744,
sarima_core,electricity,USA|Oregon,US,True,False,rolling,2022-12-01,2,2023-02-01,5223.87,5531.366321826373,333.3999463560607,5104.097098621278,5958.635545031468,0.8,297.98781746031744,
sarima_core,electricity,USA|Oregon,US,True,False,rolling,2022-12-01,3,2023-03-01,5173.39,5469.026400415369,341.8410405814891,5030.939479690766,5907.113321139971,0.8,297.98781746031744,
sarima_core,electricity,USA|Oregon,US,True,False,rolling,2022-12-01,4,2023-04-01,4351.6,4618.37113268099,344.32744075294084,4177.097761924093,5059.644503437887,0.8,297.98781746031744,
sarima_core,electricity,USA|Oregon,US,True,False,rolling,2022-12-01,5,2023-05-01,5304.48,4414.4064370344695,345.2383634521263,3971.9656718663414,4856.847202202598,0.8,297.98781746031744,
sarima_core,electricity,USA|Oregon,US,True,False,rolling,2022-12-01,6,2023-06-01,4834.77,4847.636212636381,345.6739096056078,4404.637272613391,5290.635152659371,0.8,297.98781746031744,
sarima_core,electricity,USA|Oregon,US,True,False,rolling,2022-12-01,7,2023-07-01,5174.55,5495.820843322567,345.94457192931145,5052.475035574902,5939.166651070233,0.8,297.98781746031744,
sarima_core,electricity,USA|Oregon,US,True,False,rolling,2022-12-01,8,2023-08-01,5287.57,5530.016924840941,346.1505870285313,5086.407098120344,5973.626751561538,0.8,297.98781746031744,
sarima_core,electricity,USA|Oregon,US,True,False,rolling,2022-12-01,9,2023-09-01,4602.63,4835.315474211904,346.32895108125246,4391.477064760305,5279.153883663503,0.8,297.98781746031744,
sarima_core,electricity,USA|Oregon,US,True,False,rolling,2022-12-01,10,2023-10-01,4361.64,4370.348510562455,346.4948441500573,3926.2975005888165,4814.399520536093,0.8,297.98781746031744,
sarima_core,electricity,USA|Oregon,US,True,False,rolling,2022-12-01,11,2023-11-01,4812.03,4939.655607765588,346.6549361049606,4495.399431696512,5383.911783834664,0.8,297.98781746031744,
sarima_core,electricity,USA|Oregon,US,True,False,rolling,2022-12-01,12,2023-12-01,5021.75,5760.63908266326,346.81227263380987,5316.18127171932,6205.0968936071995,0.8,297.98781746031744,
sarima_core,electricity,USA|Oregon,US,True,False,rolling,2023-12-01,1,2024-01-01,5375.68,5287.27901261918,305.35914559090304,4895.945521533797,5678.612503704564,0.8,301.5358333333333,
sarima_core,electricity,USA|Oregon,US,True,False,rolling,2023-12-01,2,2024-02-01,5157.67,5151.693637251832,338.3720773239069,4718.0523718208005,5585.334902682864,0.8,301.5358333333333,
sarima_core,electricity,USA|Oregon,US,True,False,rolling,2023-12-01,3,2024-03-01,5680.99,5210.964527220564,346.24086103834566,4767.239009701362,5654.690044739767,0.8,301.5358333333333,
sarima_core,electricity,USA|Oregon,US,True,False,rolling,2023-12-01,4,2024-04-01,5013.36,4371.308534220402,348.6091114585696,3924.54798166756,4818.069086773244,0.8,301.5358333333333,
sarima_core,electricity,USA|Oregon,US,True,False,rolling,2023-12-01,5,2024-05-01,4342.76,4862.229530436872,349.55326342712164,4414.25899845062,5310.200062423123,0.8,301.5358333333333,
sarima_core,electricity,USA|Oregon,US,True,False,rolling,2023-12-01,6,2024-06-01,5284.94,4679.568244032518,350.06491828647626,4230.941999960241,5128.194488104795,0.8,301.5358333333333,
sarima_core,electricity,USA|Oregon,US,True,False,rolling,2023-12-01,7,2024-07-01,5665.36,5235.225984818159,350.42383998881644,4786.139764076341,5684.312205559978,0.8,301.5358333333333,
sarima_core,electricity,USA|Oregon,US,True,False,rolling,2023-12-01,8,2024-08-01,5527.39,5385.8400797229415,350.7223277850078,4936.371331478618,5835.308827967265,0.8,301.5358333333333,
sarima_core,electricity,USA|Oregon,US,True,False,rolling,2023-12-01,9,2024-09-01,4911.27,4741.603427403543,350.99515021873054,4291.785043142167,5191.421811664919,0.8,301.5358333333333,
sarima_core,electricity,USA|Oregon,US,True,False,rolling,2023-12-01,10,2024-10-01,4589.37,4262.82639047533,351.2566158209023,3812.6729245621545,4712.979856388506,0.8,301.5358333333333,
sarima_core,electricity,USA|Oregon,US,True,False,rolling,2023-12-01,11,2024-11-01,5499.91,4846.413562203337,351.51291213429295,4395.931639348492,5296.895485058182,0.8,301.5358333333333,
sarima_core,electricity,USA|Oregon,US,True,False,rolling,2023-12-01,12,2024-12-01,5875.94,5182.318756048609,351.7667826281145,4731.5114850649625,5633.126027032256,0.8,301.5358333333333,
sarima_core,electricity,USA|Oregon,US,True,False,rolling,2024-12-01,1,2025-01-01,6008.77,5679.638878261796,311.3876516115615,5280.579545847742,6078.69821067585,0.8,308.29626811594204,
sarima_core,electricity,USA|Oregon,US,True,False,rolling,2024-12-01,2,2025-02-01,5194.21,5336.949257599217,343.4611600613492,4896.786070218831,5777.112444979603,0.8,308.29626811594204,
sarima_core,electricity,USA|Oregon,US,True,False,rolling,2024-12-01,3,2025-03-01,5601.12,5524.756054894835,350.57735936221775,5075.473091159693,5974.039018629977,0.8,308.29626811594204,
sarima_core,electricity,USA|Oregon,US,True,False,rolling,2024-12-01,4,2025-04-01,4962.7,4755.469463542223,352.50377908931983,4303.717693589917,5207.221233494529,0.8,308.29626811594204,
sarima_core,electricity,USA|Oregon,US,True,False,rolling,2024-12-01,5,2025-05-01,4782.65,4840.025341787886,353.1766729549544,4387.411223648631,5292.639459927141,0.8,308.29626811594204,
sarima_core,electricity,USA|Oregon,US,True,False,rolling,2024-12-01,6,2025-06-01,5061.19,5108.490079859721,353.49757725643576,4655.464706310512,5561.51545340893,0.8,308.29626811594204,
sarima_core,electricity,USA|Oregon,US,True,False,rolling,2024-12-01,7,2025-07-01,5450.7,5467.09358545019,353.7025582060935,5013.805518244041,5920.38165265634,0.8,308.29626811594204,
sarima_core,electricity,USA|Oregon,US,True,False,rolling,2024-12-01,8,2025-08-01,5595.75,5446.70056553205,353.8639476583194,4993.205669420739,5900.195461643361,0.8,308.29626811594204,
sarima_core,electricity,USA|Oregon,US,True,False,rolling,2024-12-01,9,2025-09-01,4894.0,4797.502191183744,354.00745703556896,4343.823380405348,5251.18100196214,0.8,308.29626811594204,
sarima_core,electricity,USA|Oregon,US,True,False,rolling,2024-12-01,10,2025-10-01,4821.6,4513.645585003725,354.1432640658782,4059.7927305130233,4967.498439494426,0.8,308.29626811594204,
sarima_core,electricity,USA|Oregon,US,True,False,rolling,2024-12-01,11,2025-11-01,5468.79,5206.392533984355,354.27566030132544,4752.370006890845,5660.415061077866,0.8,308.29626811594204,
sarima_core,electricity,USA|Oregon,US,True,False,rolling,2024-12-01,12,2025-12-01,6815.04,5503.697430315564,354.40651511014005,5049.5072060369575,5957.88765459417,0.8,308.29626811594204,
sarima_core,electricity,USA|Pennsylvania,US,True,False,holdout,last12,1,2025-01-01,24413.5,22421.176149906863,945.6596930246856,21209.26448983865,23633.087809975077,0.8,871.1751811594203,
sarima_core,electricity,USA|Pennsylvania,US,True,False,holdout,last12,2,2025-02-01,21163.66,20437.994554558863,1044.14572097033,19099.86797119264,21776.121137925085,0.8,871.1751811594203,
sarima_core,electricity,USA|Pennsylvania,US,True,False,holdout,last12,3,2025-03-01,19816.41,20810.864021691872,1071.9196186360864,19437.143756290825,22184.58428709292,0.8,871.1751811594203,
sarima_core,electricity,USA|Pennsylvania,US,True,False,holdout,last12,4,2025-04-01,17453.77,16592.276207365456,1084.1967578986898,15202.82215492201,17981.7302598089,0.8,871.1751811594203,
sarima_core,electricity,USA|Pennsylvania,US,True,False,holdout,last12,5,2025-05-01,19351.63,18934.5777440379,1092.0769162083202,17535.024862376005,20334.130625699792,0.8,871.1751811594203,
sarima_core,electricity,USA|Pennsylvania,US,True,False,holdout,last12,6,2025-06-01,22062.19,21688.47444593671,1098.4675692067485,20280.73161291983,23096.21727895359,0.8,871.1751811594203,
sarima_core,electricity,USA|Pennsylvania,US,True,False,holdout,last12,7,2025-07-01,25058.69,24533.698778748345,1104.293727415362,23118.489423558105,25948.908133938585,0.8,871.1751811594203,
sarima_core,electricity,USA|Pennsylvania,US,True,False,holdout,last12,8,2025-08-01,22874.48,23704.522397420733,1109.886654272959,22282.145418060165,25126.8993767813,0.8,871.1751811594203,
sarima_core,electricity,USA|Pennsylvania,US,True,False,holdout,last12,9,2025-09-01,19867.09,19944.41413826672,1115.372247666229,18515.007088105063,21373.821188428374,0.8,871.1751811594203,
sarima_core,electricity,USA|Pennsylvania,US,True,False,holdout,last12,10,2025-10-01,16775.65,17492.561663364508,1120.7997351761871,16056.199008087491,18928.924318641522,0.8,871.1751811594203,
sarima_core,electricity,USA|Pennsylvania,US,True,False,holdout,last12,11,2025-11-01,17370.27,18499.8136746049,1126.1887055073967,17056.544775963248,19943.08257324655,0.8,871.1751811594203,
sarima_core,electricity,USA|Pennsylvania,US,True,False,holdout,last12,12,2025-12-01,22612.12,21715.22813267529,1131.5471172612283,20265.092153061683,23165.364112288895,0.8,871.1751811594203,
sarima_core,electricity,USA|Pennsylvania,US,True,False,rolling,2022-12-01,1,2023-01-01,21209.42,23322.09926085015,947.9436254696069,22107.26062358155,24536.93789811875,0.8,868.363015873016,
sarima_core,electricity,USA|Pennsylvania,US,True,False,rolling,2022-12-01,2,2023-02-01,19889.58,21152.80464725057,1038.8826150372997,19821.42300553245,22484.18628896869,0.8,868.363015873016,
sarima_core,electricity,USA|Pennsylvania,US,True,False,rolling,2022-12-01,3,2023-03-01,20749.09,20665.94456065849,1064.0377013512448,19302.325378693324,22029.563742623654,0.8,868.363015873016,
sarima_core,electricity,USA|Pennsylvania,US,True,False,rolling,2022-12-01,4,2023-04-01,16400.5,16574.27755781477,1075.5911327711335,15195.852057726033,17952.703057903505,0.8,868.363015873016,
sarima_core,electricity,USA|Pennsylvania,US,True,False,rolling,2022-12-01,5,2023-05-01,17277.44,18556.71464911031,1083.4281111600467,17168.245657098123,19945.183641122494,0.8,868.363015873016,
sarima_core,electricity,USA|Pennsylvania,US,True,False,rolling,2022-12-01,6,2023-06-01,19841.94,20311.65642235312,1090.0478713069097,18914.703866361193,21708.608978345048,0.8,868.363015873016,
sarima_core,electricity,USA|Pennsylvania,US,True,False,rolling,2022-12-01,7,2023-07-01,23730.28,22998.171491348618,1096.220822040127,21593.307980680504,24403.03500201673,0.8,868.363015873016,
sarima_core,electricity,USA|Pennsylvania,US,True,False,rolling,2022-12-01,8,2023-08-01,23326.16,23157.696725648926,1102.2115499284123,21745.15578827683,24570.237663021024,0.8,868.363015873016,
sarima_core,electricity,USA|Pennsylvania,US,True,False,rolling,2022-12-01,9,2023-09-01,20128.34,20063.524222219014,1108.115557978356,18643.41699408752,21483.631450350505,0.8,868.363015873016,
sarima_core,electricity,USA|Pennsylvania,US,True,False,rolling,2022-12-01,10,2023-10-01,17029.08,18026.449435234157,1113.9681754571932,16598.84177601013,19454.057094458185,0.8,868.363015873016,
sarima_core,electricity,USA|Pennsylvania,US,True,False,rolling,2022-12-01,11,2023-11-01,17338.17,18159.531484822284,1119.7827534427006,16724.472144077947,19594.59082556662,0.8,868.363015873016,
sarima_core,electricity,USA|Pennsylvania,US,True,False,rolling,2022-12-01,12,2023-12-01,20053.72,21600.929558212378,1125.5645300419226,20158.46057261568,23043.398543809075,0.8,868.363015873016,
sarima_core,electricity,USA|Pennsylvania,US,True,False,rolling,2023-12-01,1,2024-01-01,21798.73,21519.334350252262,945.4101147271086,20307.742537642036,22730.926162862488,0.8,868.1964772727273,
sarima_core,electricity,USA|Pennsylvania,US,True,False,rolling,2023-12-01,2,2024-02-01,19848.62,19920.788017394407,1036.2158571173372,18592.823963463543,21248.75207132527,0.8,868.1964772727273,
sarima_core,electricity,USA|Pennsylvania,US,True,False,rolling,2023-12-01,3,2024-03-01,20091.41,20611.574183696583,1062.6730234024476,19249.703906893163,21973.444460500003,0.8,868.1964772727273,
sarima_core,electricity,USA|Pennsylvania,US,True,False,rolling,2023-12-01,4,2024-04-01,16029.43,16133.612699595253,1075.783933881967,14754.94011494109,17512.285284249418,0.8,868.1964772727273,
sarima_core,electricity,USA|Pennsylvania,US,True,False,rolling,2023-12-01,5,2024-05-01,19344.01,17493.100797908064,1085.2161801716088,16102.340303254809,18883.86129256132,0.8,868.1964772727273,
sarima_core,electricity,USA|Pennsylvania,US,True,False,rolling,2023-12-01,6,2024-06-01,22231.38,19398.037561641442,1093.438754161308,17996.73941441888,20799.335708864004,0.8,868.1964772727273,
sarima_core,electricity,USA|Pennsylvania,US,True,False,rolling,2023-12-01,7,2024-07-01,24409.76,23014.070831988873,1101.212320329094,21602.81045887412,24425.331205103626,0.8,868.1964772727273,
sarima_core,electricity,USA|Pennsylvania,US,True,False,rolling,2023-12-01,8,2024-08-01,23308.81,22871.510184857,1108.7944283457625,21450.53294934336,24292.487420370642,0.8,868.1964772727273,
sarima_core,electricity,USA|Pennsylvania,US,True,False,rolling,2023-12-01,9,2024-09-01,19187.49,19749.799468546265,1116.2761233383196,18319.234055101984,21180.364881990547,0.8,868.1964772727273,
sarima_core,electricity,USA|Pennsylvania,US,True,False,rolling,2023-12-01,10,2024-10-01,17152.66,17172.229491616887,1123.6904662816567,15732.162215366088,18612.296767867687,0.8,868.1964772727273,
sarima_core,electricity,USA|Pennsylvania,US,True,False,rolling,2023-12-01,11,2024-11-01,18609.43,17269.09295289717,1131.049908880508,15819.594171462275,18718.59173433206,0.8,868.1964772727273,
sarima_core,electricity,USA|Pennsylvania,US,True,False,rolling,2023-12-01,12,2024-12-01,22146.65,20414.471689834667,1138.359510890562,18955.605276500282,21873.33810316905,0.8,868.1964772727273,
sarima_core,electricity,USA|Pennsylvania,US,True,False,rolling,2024-12-01,1,2025-01-01,24413.5,22421.176149906863,945.6596930246856,21209.26448983865,23633.087809975077,0.8,871.1751811594203,
sarima_core,electricity,USA|Pennsylvania,US,True,False,rolling,2024-12-01,2,2025-02-01,21163.66,20437.994554558863,1044.14572097033,19099.86797119264,21776.121137925085,0.8,871.1751811594203,
sarima_core,electricity,USA|Pennsylvania,US,True,False,rolling,2024-12-01,3,2025-03-01,19816.41,20810.864021691872,1071.9196186360864,19437.143756290825,22184.58428709292,0.8,871.1751811594203,
sarima_core,electricity,USA|Pennsylvania,US,True,False,rolling,2024-12-01,4,2025-04-01,17453.77,16592.276207365456,1084.1967578986898,15202.82215492201,17981.7302598089,0.8,871.1751811594203,
sarima_core,electricity,USA|Pennsylvania,US,True,False,rolling,2024-12-01,5,2025-05-01,19351.63,18934.5777440379,1092.0769162083202,17535.024862376005,20334.130625699792,0.8,871.1751811594203,
sarima_core,electricity,USA|Pennsylvania,US,True,False,rolling,2024-12-01,6,2025-06-01,22062.19,21688.47444593671,1098.4675692067485,20280.73161291983,23096.21727895359,0.8,871.1751811594203,
sarima_core,electricity,USA|Pennsylvania,US,True,False,rolling,2024-12-01,7,2025-07-01,25058.69,24533.698778748345,1104.293727415362,23118.489423558105,25948.908133938585,0.8,871.1751811594203,
sarima_core,electricity,USA|Pennsylvania,US,True,False,rolling,2024-12-01,8,2025-08-01,22874.48,23704.522397420733,1109.886654272959,22282.145418060165,25126.8993767813,0.8,871.1751811594203,
sarima_core,electricity,USA|Pennsylvania,US,True,False,rolling,2024-12-01,9,2025-09-01,19867.09,19944.41413826672,1115.372247666229,18515.007088105063,21373.821188428374,0.8,871.1751811594203,
sarima_core,electricity,USA|Pennsylvania,US,True,False,rolling,2024-12-01,10,2025-10-01,16775.65,17492.561663364508,1120.7997351761871,16056.199008087491,18928.924318641522,0.8,871.1751811594203,
sarima_core,electricity,USA|Pennsylvania,US,True,False,rolling,2024-12-01,11,2025-11-01,17370.27,18499.8136746049,1126.1887055073967,17056.544775963248,19943.08257324655,0.8,871.1751811594203,
sarima_core,electricity,USA|Pennsylvania,US,True,False,rolling,2024-12-01,12,2025-12-01,22612.12,21715.22813267529,1131.5471172612283,20265.092153061683,23165.364112288895,0.8,871.1751811594203,
sarima_core,electricity,USA|Puerto Rico,US,False,False,holdout,last12,1,2025-01-01,1193.82,1124.294036492408,151.1842584312512,930.5436134141385,1318.0444595706774,0.8,286.3519791666667,
sarima_core,electricity,USA|Puerto Rico,US,False,False,holdout,last12,2,2025-02-01,1124.08,1021.065105695321,191.00385038171493,776.2838222135877,1265.8463891770543,0.8,286.3519791666667,
sarima_core,electricity,USA|Puerto Rico,US,False,False,holdout,last12,3,2025-03-01,1221.33,1183.133711139026,212.60703361945383,910.6668343582214,1455.6005879198306,0.8,286.3519791666667,
sarima_core,electricity,USA|Puerto Rico,US,False,False,holdout,last12,4,2025-04-01,1133.79,1187.6013798909894,226.30876967778377,897.5750218139533,1477.6277379680255,0.8,286.3519791666667,
sarima_core,electricity,USA|Puerto Rico,US,False,False,holdout,last12,5,2025-05-01,1342.87,1392.9173873136922,235.9678216825523,1090.512456018268,1695.3223186091163,0.8,286.3519791666667,
sarima_core,electricity,USA|Puerto Rico,US,False,False,holdout,last12,6,2025-06-01,1400.6,1446.712474035463,243.3662386873097,1134.8260898450403,1758.5988582258856,0.8,286.3519791666667,
sarima_core,electricity,USA|Puerto Rico,US,False,False,holdout,last12,7,2025-07-01,1496.3,1484.1905051599358,249.42090916454868,1164.544748540551,1803.8362617793207,0.8,286.3519791666667,
sarima_core,electricity,USA|Puerto Rico,US,False,False,holdout,last12,8,2025-08-01,1536.01,1452.919251204109,254.6384119027822,1126.5869957823077,1779.2515066259105,0.8,286.3519791666667,
sarima_core,electricity,USA|Puerto Rico,US,False,False,holdout,last12,9,2025-09-01,1482.31,1402.8391009891693,259.31368468331686,1070.5152424161256,1735.162959562213,0.8,286.3519791666667,
sarima_core,electricity,USA|Puerto Rico,US,False,False,holdout,last12,10,2025-10-01,1517.54,1380.7856065065348,263.62545901733324,1042.9359867854575,1718.635226227612,0.8,286.3519791666667,
sarima_core,electricity,USA|Puerto Rico,US,False,False,holdout,last12,11,2025-11-01,1403.43,1181.3209323413232,267.6854440724777,838.2682324167379,1524.3736322659086,0.8,286.3519791666667,
sarima_core,electricity,USA|Puerto Rico,US,False,False,holdout,last12,12,2025-12-01,1328.12,1159.8383065126923,271.56515855378217,811.813552420725,1507.8630606046595,0.8,286.3519791666667,
sarima_core,electricity,USA|Puerto Rico,US,False,False,rolling,2022-12-01,1,2023-01-01,1316.7,1344.770851867197,169.0574810052368,1128.1149724179093,1561.4267313164848,0.8,344.7584722222222,
sarima_core,electricity,USA|Puerto Rico,US,False,False,rolling,2022-12-01,2,2023-02-01,1195.04,1238.1991167231713,215.6065902416128,961.8881534572993,1514.5100799890433,0.8,344.7584722222222,
sarima_core,electricity,USA|Puerto Rico,US,False,False,rolling,2022-12-01,3,2023-03-01,1354.41,1409.0161099089557,241.71928740191967,1099.2403787167004,1718.791841101211,0.8,344.7584722222222,
sarima_core,electricity,USA|Puerto Rico,US,False,False,rolling,2022-12-01,4,2023-04-01,1330.62,1340.596403982209,258.70754734258895,1009.0493416671104,1672.1434662973077,0.8,344.7584722222222,
sarima_core,electricity,USA|Puerto Rico,US,False,False,rolling,2022-12-01,5,2023-05-01,1602.07,1561.8547433158715,270.8880428407542,1214.6977479259901,1909.0117387057528,0.8,344.7584722222222,
sarima_core,electricity,USA|Puerto Rico,US,False,False,rolling,2022-12-01,6,2023-06-01,1633.82,1593.8115764220968,280.3042672819179,1234.5872038581228,1953.0359489860707,0.8,344.7584722222222,
sarima_core,electricity,USA|Puerto Rico,US,False,False,rolling,2022-12-01,7,2023-07-01,1593.89,1604.6756921532487,288.0347137237889,1235.5443538493364,1973.807030457161,0.8,344.7584722222222,
sarima_core,electricity,USA|Puerto Rico,US,False,False,rolling,2022-12-01,8,2023-08-01,1652.26,1674.966180153835,294.68992874605135,1297.3058406191062,2052.626519688564,0.8,344.7584722222222,
sarima_core,electricity,USA|Puerto Rico,US,False,False,rolling,2022-12-01,9,2023-09-01,1559.44,1355.0297614019014,300.63359905218385,969.7523018812675,1740.3072209225352,0.8,344.7584722222222,
sarima_core,electricity,USA|Puerto Rico,US,False,False,rolling,2022-12-01,10,2023-10-01,1425.52,1533.6194085768807,306.0909505597107,1141.3480716880485,1925.8907454657128,0.8,344.7584722222222,
sarima_core,electricity,USA|Puerto Rico,US,False,False,rolling,2022-12-01,11,2023-11-01,1223.44,1442.513655740244,311.20574911052506,1043.6874407611706,1841.3398707193176,0.8,344.7584722222222,
sarima_core,electricity,USA|Puerto Rico,US,False,False,rolling,2022-12-01,12,2023-12-01,1242.33,1393.4872457902193,316.0719798334094,988.4247052099322,1798.5497863705064,0.8,344.7584722222222,
sarima_core,electricity,USA|Puerto Rico,US,False,False,rolling,2023-12-01,1,2024-01-01,1124.7,1186.22460293427,160.48041452131145,980.560676465237,1391.8885294033032,0.8,310.4647619047619,
sarima_core,electricity,USA|Puerto Rico,US,False,False,rolling,2023-12-01,2,2024-02-01,1038.74,1084.8347246660408,203.41820596970538,824.1438043452908,1345.5256449867907,0.8,310.4647619047619,
sarima_core,electricity,USA|Puerto Rico,US,False,False,rolling,2023-12-01,3,2024-03-01,1207.55,1262.2183226999412,227.02162729040433,971.2784008334407,1553.1582445664417,0.8,310.4647619047619,
sarima_core,electricity,USA|Puerto Rico,US,False,False,rolling,2023-12-01,4,2024-04-01,1229.98,1218.108255243448,242.16262326736225,907.7643662787725,1528.4521442081234,0.8,310.4647619047619,
sarima_core,electricity,USA|Puerto Rico,US,False,False,rolling,2023-12-01,5,2024-05-01,1404.25,1491.6514935715288,252.9324262325095,1167.505546756262,1815.7974403867956,0.8,310.4647619047619,
sarima_core,electricity,USA|Puerto Rico,US,False,False,rolling,2023-12-01,6,2024-06-01,1470.89,1541.470457019443,261.2350823636572,1206.6842282411255,1876.2566857977606,0.8,310.4647619047619,
sarima_core,electricity,USA|Puerto Rico,US,False,False,rolling,2023-12-01,7,2024-07-01,1548.73,1498.6383394912161,268.0582776455782,1155.1078341173363,1842.168844865096,0.8,310.4647619047619,
sarima_core,electricity,USA|Puerto Rico,US,False,False,rolling,2023-12-01,8,2024-08-01,1472.8,1562.936127969569,273.9520416365488,1211.8524601261104,1914.0197958130277,0.8,310.4647619047619,
sarima_core,electricity,USA|Puerto Rico,US,False,False,rolling,2023-12-01,9,2024-09-01,1444.9,1355.737943648677,279.2389890859519,997.8787800244837,1713.5971072728703,0.8,310.4647619047619,
sarima_core,electricity,USA|Puerto Rico,US,False,False,rolling,2023-12-01,10,2024-10-01,1479.89,1362.7617817321272,284.11597853461865,998.6525046448506,1726.871058819404,0.8,310.4647619047619,
sarima_core,electricity,USA|Puerto Rico,US,False,False,rolling,2023-12-01,11,2024-11-01,1281.99,1200.381417687062,288.70685933219573,830.3886901264218,1570.374145247702,0.8,310.4647619047619,
sarima_core,electricity,USA|Puerto Rico,US,False,False,rolling,2023-12-01,12,2024-12-01,1240.21,1197.988953942166,293.0914334429797,822.3771685656044,1573.6007393187278,0.8,310.4647619047619,
sarima_core,electricity,USA|Puerto Rico,US,False,False,rolling,2024-12-01,1,2025-01-01,1193.82,1124.294036492408,151.1842584312512,930.5436134141385,1318.0444595706774,0.8,286.3519791666667,
sarima_core,electricity,USA|Puerto Rico,US,False,False,rolling,2024-12-01,2,2025-02-01,1124.08,1021.065105695321,191.00385038171493,776.2838222135877,1265.8463891770543,0.8,286.3519791666667,
sarima_core,electricity,USA|Puerto Rico,US,False,False,rolling,2024-12-01,3,2025-03-01,1221.33,1183.133711139026,212.60703361945383,910.6668343582214,1455.6005879198306,0.8,286.3519791666667,
sarima_core,electricity,USA|Puerto Rico,US,False,False,rolling,2024-12-01,4,2025-04-01,1133.79,1187.6013798909894,226.30876967778377,897.5750218139533,1477.6277379680255,0.8,286.3519791666667,
sarima_core,electricity,USA|Puerto Rico,US,False,False,rolling,2024-12-01,5,2025-05-01,1342.87,1392.9173873136922,235.9678216825523,1090.512456018268,1695.3223186091163,0.8,286.3519791666667,
sarima_core,electricity,USA|Puerto Rico,US,False,False,rolling,2024-12-01,6,2025-06-01,1400.6,1446.712474035463,243.3662386873097,1134.8260898450403,1758.5988582258856,0.8,286.3519791666667,
sarima_core,electricity,USA|Puerto Rico,US,False,False,rolling,2024-12-01,7,2025-07-01,1496.3,1484.1905051599358,249.42090916454868,1164.544748540551,1803.8362617793207,0.8,286.3519791666667,
sarima_core,electricity,USA|Puerto Rico,US,False,False,rolling,2024-12-01,8,2025-08-01,1536.01,1452.919251204109,254.6384119027822,1126.5869957823077,1779.2515066259105,0.8,286.3519791666667,
sarima_core,electricity,USA|Puerto Rico,US,False,False,rolling,2024-12-01,9,2025-09-01,1482.31,1402.8391009891693,259.31368468331686,1070.5152424161256,1735.162959562213,0.8,286.3519791666667,
sarima_core,electricity,USA|Puerto Rico,US,False,False,rolling,2024-12-01,10,2025-10-01,1517.54,1380.7856065065348,263.62545901733324,1042.9359867854575,1718.635226227612,0.8,286.3519791666667,
sarima_core,electricity,USA|Puerto Rico,US,False,False,rolling,2024-12-01,11,2025-11-01,1403.43,1181.3209323413232,267.6854440724777,838.2682324167379,1524.3736322659086,0.8,286.3519791666667,
sarima_core,electricity,USA|Puerto Rico,US,False,False,rolling,2024-12-01,12,2025-12-01,1328.12,1159.8383065126923,271.56515855378217,811.813552420725,1507.8630606046595,0.8,286.3519791666667,
sarima_core,electricity,USA|Rhode Island,US,False,False,holdout,last12,1,2025-01-01,699.87,736.7572855897996,128.622488500827,571.9209340873224,901.5936370922768,0.8,116.0623188405797,
sarima_core,electricity,USA|Rhode Island,US,False,False,holdout,last12,2,2025-02-01,618.3,642.2755664379615,135.47881481239665,468.65247921700757,815.8986536589155,0.8,116.0623188405797,
sarima_core,electricity,USA|Rhode Island,US,False,False,holdout,last12,3,2025-03-01,648.75,699.9421952874673,138.12703340015113,522.9252793894723,876.9591111854622,0.8,116.0623188405797,
sarima_core,electricity,USA|Rhode Island,US,False,False,holdout,last12,4,2025-04-01,719.64,692.19523365688,140.20985715564612,512.5090717142768,871.8813955994831,0.8,116.0623188405797,
sarima_core,electricity,USA|Rhode Island,US,False,False,holdout,last12,5,2025-05-01,824.85,877.7557342045712,142.1757739477302,695.5501485193424,1059.9613198898,0.8,116.0623188405797,
sarima_core,electricity,USA|Rhode Island,US,False,False,holdout,last12,6,2025-06-01,917.62,1019.3168635408325,144.09958124383013,834.6458196034807,1203.9879074781843,0.8,116.0623188405797,
sarima_core,electricity,USA|Rhode Island,US,False,False,holdout,last12,7,2025-07-01,1145.84,1179.661565384564,145.9953049179417,992.5610538048145,1366.7620769643136,0.8,116.0623188405797,
sarima_core,electricity,USA|Rhode Island,US,False,False,holdout,last12,8,2025-08-01,1076.75,1112.9216757556233,147.86623597431364,923.4234695515543,1302.4198819596922,0.8,116.0623188405797,
sarima_core,electricity,USA|Rhode Island,US,False,False,holdout,last12,9,2025-09-01,891.49,1001.4684786100067,149.71370035801633,809.6026515327158,1193.3343056872977,0.8,116.0623188405797,
sarima_core,electricity,USA|Rhode Island,US,False,False,holdout,last12,10,2025-10-01,909.15,994.1466212540046,151.53862749154942,799.9420559517293,1188.3511865562798,0.8,116.0623188405797,
sarima_core,electricity,USA|Rhode Island,US,False,False,holdout,last12,11,2025-11-01,850.63,865.5432250724764,153.34183479937425,669.0277566218568,1062.0586935230958,0.8,116.0623188405797,
sarima_core,electricity,USA|Rhode Island,US,False,False,holdout,last12,12,2025-12-01,791.98,716.7770180772964,155.12408200952933,517.9775079243151,915.5765282302776,0.8,116.0623188405797,
sarima_core,electricity,USA|Rhode Island,US,False,False,rolling,2022-12-01,1,2023-01-01,630.24,412.7133496800264,130.695242725122,245.22065675641477,580.206042603638,0.8,117.88968253968252,
sarima_core,electricity,USA|Rhode Island,US,False,False,rolling,2022-12-01,2,2023-02-01,551.87,362.36005672686554,137.4512358345497,186.20921025705832,538.5109031966728,0.8,117.88968253968252,
sarima_core,electricity,USA|Rhode Island,US,False,False,rolling,2022-12-01,3,2023-03-01,659.68,551.1712723491875,140.42900821605323,371.20425702202886,731.1382876763461,0.8,117.88968253968252,
sarima_core,electricity,USA|Rhode Island,US,False,False,rolling,2022-12-01,4,2023-04-01,633.58,466.7812567151877,142.92715216718608,283.612741096499,649.9497723338764,0.8,117.88968253968252,
sarima_core,electricity,USA|Rhode Island,US,False,False,rolling,2022-12-01,5,2023-05-01,761.31,582.5030627340952,145.320874737986,396.2668682073185,768.7392572608719,0.8,117.88968253968252,
sarima_core,electricity,USA|Rhode Island,US,False,False,rolling,2022-12-01,6,2023-06-01,862.48,745.940754447995,147.66639506161465,556.6986546784553,935.1828542175347,0.8,117.88968253968252,
sarima_core,electricity,USA|Rhode Island,US,False,False,rolling,2022-12-01,7,2023-07-01,958.13,923.1547623328938,149.97378905433527,730.9556181796548,1115.353906486133,0.8,117.88968253968252,
sarima_core,electricity,USA|Rhode Island,US,False,False,rolling,2022-12-01,8,2023-08-01,894.19,927.7395813798361,152.24599364000946,732.6284898825886,1122.8506728770835,0.8,117.88968253968252,
sarima_core,electricity,USA|Rhode Island,US,False,False,rolling,2022-12-01,9,2023-09-01,931.68,739.5879089162609,154.48474717894337,541.6077393163242,937.5680785161975,0.8,117.88968253968252,
sarima_core,electricity,USA|Rhode Island,US,False,False,rolling,2022-12-01,10,2023-10-01,851.72,838.7082046009656,156.6915121378271,637.8999519131826,1039.5164572887486,0.8,117.88968253968252,
sarima_core,electricity,USA|Rhode Island,US,False,False,rolling,2022-12-01,11,2023-11-01,765.17,743.697208278102,158.86762596658338,540.100153506273,947.294263049931,0.8,117.88968253968252,
sarima_core,electricity,USA|Rhode Island,US,False,False,rolling,2022-12-01,12,2023-12-01,546.07,468.156638257184,161.01433210629793,261.8084688712397,674.5048076431283,0.8,117.88968253968252,
sarima_core,electricity,USA|Rhode Island,US,False,False,rolling,2023-12-01,1,2024-01-01,620.92,539.8756974875058,129.3894395909497,374.0564586147857,705.6949363602259,0.8,117.0471590909091,
sarima_core,electricity,USA|Rhode Island,US,False,False,rolling,2023-12-01,2,2024-02-01,543.0,495.74847807471707,136.05681937361464,321.38464820344234,670.1123079459918,0.8,117.0471590909091,
sarima_core,electricity,USA|Rhode Island,US,False,False,rolling,2023-12-01,3,2024-03-01,562.17,643.7082224221786,138.5322927344096,466.1719457899131,821.2444990544441,0.8,117.0471590909091,
sarima_core,electricity,USA|Rhode Island,US,False,False,rolling,2023-12-01,4,2024-04-01,571.57,560.4962345270415,140.45176714965783,380.5000524528918,740.492416601191,0.8,117.0471590909091,
sarima_core,electricity,USA|Rhode Island,US,False,False,rolling,2023-12-01,5,2024-05-01,808.15,690.5558294649643,142.259055650495,508.243513983176,872.8681449467526,0.8,117.0471590909091,
sarima_core,electricity,USA|Rhode Island,US,False,False,rolling,2023-12-01,6,2024-06-01,985.25,775.6698966435747,144.02826592893402,591.0902469596753,960.2495463274741,0.8,117.0471590909091,
sarima_core,electricity,USA|Rhode Island,US,False,False,rolling,2023-12-01,7,2024-07-01,1202.47,959.1756877046489,145.77322446293317,772.3597836796924,1145.9915917296053,0.8,117.0471590909091,
sarima_core,electricity,USA|Rhode Island,US,False,False,rolling,2023-12-01,8,2024-08-01,1133.27,895.0488087629218,147.49703747834351,706.02374946936,1084.0738680564834,0.8,117.0471590909091,
sarima_core,electricity,USA|Rhode Island,US,False,False,rolling,2023-12-01,9,2024-09-01,890.89,791.7067827849094,149.20084435979825,600.4982071150337,982.9153584547851,0.8,117.0471590909091,
sarima_core,electricity,USA|Rhode Island,US,False,False,rolling,2023-12-01,10,2024-10-01,947.42,768.7283168640226,150.88539646702898,575.360900803884,962.0957329241613,0.8,117.0471590909091,
sarima_core,electricity,USA|Rhode Island,US,False,False,rolling,2023-12-01,11,2024-11-01,781.85,782.1175948984918,152.55134500669547,586.6151798792267,977.6200099177569,0.8,117.0471590909091,
sarima_core,electricity,USA|Rhode Island,US,False,False,rolling,2023-12-01,12,2024-12-01,694.91,463.30829346353073,154.19929536941697,265.6939450769802,660.9226418500813,0.8,117.0471590909091,
sarima_core,electricity,USA|Rhode Island,US,False,False,rolling,2024-12-01,1,2025-01-01,699.87,736.7572855897996,128.622488500827,571.9209340873224,901.5936370922768,0.8,116.0623188405797,
sarima_core,electricity,USA|Rhode Island,US,False,False,rolling,2024-12-01,2,2025-02-01,618.3,642.2755664379615,135.47881481239665,468.65247921700757,815.8986536589155,0.8,116.0623188405797,
sarima_core,electricity,USA|Rhode Island,US,False,False,rolling,2024-12-01,3,2025-03-01,648.75,699.9421952874673,138.12703340015113,522.9252793894723,876.9591111854622,0.8,116.0623188405797,
sarima_core,electricity,USA|Rhode Island,US,False,False,rolling,2024-12-01,4,2025-04-01,719.64,692.19523365688,140.20985715564612,512.5090717142768,871.8813955994831,0.8,116.0623188405797,
sarima_core,electricity,USA|Rhode Island,US,False,False,rolling,2024-12-01,5,2025-05-01,824.85,877.7557342045712,142.1757739477302,695.5501485193424,1059.9613198898,0.8,116.0623188405797,
sarima_core,electricity,USA|Rhode Island,US,False,False,rolling,2024-12-01,6,2025-06-01,917.62,1019.3168635408325,144.09958124383013,834.6458196034807,1203.9879074781843,0.8,116.0623188405797,
sarima_core,electricity,USA|Rhode Island,US,False,False,rolling,2024-12-01,7,2025-07-01,1145.84,1179.661565384564,145.9953049179417,992.5610538048145,1366.7620769643136,0.8,116.0623188405797,
sarima_core,electricity,USA|Rhode Island,US,False,False,rolling,2024-12-01,8,2025-08-01,1076.75,1112.9216757556233,147.86623597431364,923.4234695515543,1302.4198819596922,0.8,116.0623188405797,
sarima_core,electricity,USA|Rhode Island,US,False,False,rolling,2024-12-01,9,2025-09-01,891.49,1001.4684786100067,149.71370035801633,809.6026515327158,1193.3343056872977,0.8,116.0623188405797,
sarima_core,electricity,USA|Rhode Island,US,False,False,rolling,2024-12-01,10,2025-10-01,909.15,994.1466212540046,151.53862749154942,799.9420559517293,1188.3511865562798,0.8,116.0623188405797,
sarima_core,electricity,USA|Rhode Island,US,False,False,rolling,2024-12-01,11,2025-11-01,850.63,865.5432250724764,153.34183479937425,669.0277566218568,1062.0586935230958,0.8,116.0623188405797,
sarima_core,electricity,USA|Rhode Island,US,False,False,rolling,2024-12-01,12,2025-12-01,791.98,716.7770180772964,155.12408200952933,517.9775079243151,915.5765282302776,0.8,116.0623188405797,
sarima_core,electricity,USA|South Carolina,US,True,False,holdout,last12,1,2025-01-01,9582.06,9036.314736926142,490.60496657697365,8407.579173945465,9665.05029990682,0.8,471.6781884057971,
sarima_core,electricity,USA|South Carolina,US,True,False,holdout,last12,2,2025-02-01,8165.53,7988.546201941007,532.5641780694773,7306.037745783095,8671.05465809892,0.8,471.6781884057971,
sarima_core,electricity,USA|South Carolina,US,True,False,holdout,last12,3,2025-03-01,8665.02,8211.698665965392,540.930126700797,7518.468815241747,8904.928516689037,0.8,471.6781884057971,
sarima_core,electricity,USA|South Carolina,US,True,False,holdout,last12,4,2025-04-01,8502.12,7706.996050733334,543.2511243311243,7010.791721862917,8403.200379603752,0.8,471.6781884057971,
sarima_core,electricity,USA|South Carolina,US,True,False,holdout,last12,5,2025-05-01,8446.48,8207.52577443622,544.2205385954923,7510.079091197642,8904.9724576748,0.8,471.6781884057971,
sarima_core,electricity,USA|South Carolina,US,True,False,holdout,last12,6,2025-06-01,9464.23,8838.002473642167,544.8152280057151,8139.793665258905,9536.21128202543,0.8,471.6781884057971,
sarima_core,electricity,USA|South Carolina,US,True,False,holdout,last12,7,2025-07-01,10295.9,10058.789451116345,545.2864220230065,9359.976783302547,10757.602118930143,0.8,471.6781884057971,
sarima_core,electricity,USA|South Carolina,US,True,False,holdout,last12,8,2025-08-01,9280.89,9925.218279391982,545.7124456581271,9225.859640321636,10624.576918462328,0.8,471.6781884057971,
sarima_core,electricity,USA|South Carolina,US,True,False,holdout,last12,9,2025-09-01,7915.84,8583.322025440115,546.1210105847052,7883.439789348487,9283.204261531742,0.8,471.6781884057971,
sarima_core,electricity,USA|South Carolina,US,True,False,holdout,last12,10,2025-10-01,8113.79,7912.2769194460325,546.5225780809678,7211.880053900897,8612.673784991168,0.8,471.6781884057971,
sarima_core,electricity,USA|South Carolina,US,True,False,holdout,last12,11,2025-11-01,7605.26,7494.650684883181,546.9212131495634,6793.742947941806,8195.558421824557,0.8,471.6781884057971,
sarima_core,electricity,USA|South Carolina,US,True,False,holdout,last12,12,2025-12-01,9009.43,8806.215229778973,547.318514670078,8104.7983304519885,9507.632129105956,0.8,471.6781884057971,
sarima_core,electricity,USA|South Carolina,US,True,False,rolling,2022-12-01,1,2023-01-01,8488.34,8919.921556696558,493.96606379026537,8286.878574320239,9552.964539072877,0.8,467.7655158730158,
sarima_core,electricity,USA|South Carolina,US,True,False,rolling,2022-12-01,2,2023-02-01,7656.62,7662.657366641958,535.55729041762,6976.313082668433,8349.001650615483,0.8,467.7655158730158,
sarima_core,electricity,USA|South Carolina,US,True,False,rolling,2022-12-01,3,2023-03-01,8519.54,8005.452453109412,543.9032775083613,7308.412356313733,8702.492549905091,0.8,467.7655158730158,
sarima_core,electricity,USA|South Carolina,US,True,False,rolling,2022-12-01,4,2023-04-01,7605.69,7661.637282923701,546.3083966247336,6961.514901959113,8361.759663888288,0.8,467.7655158730158,
sarima_core,electricity,USA|South Carolina,US,True,False,rolling,2022-12-01,5,2023-05-01,7685.56,8327.86533495218,547.374673766819,7626.376464846848,9029.35420505751,0.8,467.7655158730158,
sarima_core,electricity,USA|South Carolina,US,True,False,rolling,2022-12-01,6,2023-06-01,8732.53,9081.24107459194,548.0646846240127,8378.86791999233,9783.614229191551,0.8,467.7655158730158,
sarima_core,electricity,USA|South Carolina,US,True,False,rolling,2022-12-01,7,2023-07-01,10074.23,9620.467930557255,548.6298261897125,8917.370517899368,10323.565343215143,0.8,467.7655158730158,
sarima_core,electricity,USA|South Carolina,US,True,False,rolling,2022-12-01,8,2023-08-01,10037.51,9323.071389241546,549.1493716863965,8619.308152239011,10026.834626244081,0.8,467.7655158730158,
sarima_core,electricity,USA|South Carolina,US,True,False,rolling,2022-12-01,9,2023-09-01,8631.46,8110.384284557811,549.6513826629795,7405.977694602316,8814.790874513306,0.8,467.7655158730158,
sarima_core,electricity,USA|South Carolina,US,True,False,rolling,2022-12-01,10,2023-10-01,8509.51,7326.053236715557,550.1463677360526,6621.012297864744,8031.094175566371,0.8,467.7655158730158,
sarima_core,electricity,USA|South Carolina,US,True,False,rolling,2022-12-01,11,2023-11-01,7724.95,7118.678013768518,550.6383589033616,6413.006562867005,7824.349464670031,0.8,467.7655158730158,
sarima_core,electricity,USA|South Carolina,US,True,False,rolling,2022-12-01,12,2023-12-01,8713.17,7976.351743469413,551.128918862059,7270.051614684839,8682.651872253988,0.8,467.7655158730158,
sarima_core,electricity,USA|South Carolina,US,True,False,rolling,2023-12-01,1,2024-01-01,9175.77,9102.421589676325,493.54727201809675,8469.915310551267,9734.927868801384,0.8,473.01814393939384,
sarima_core,electricity,USA|South Carolina,US,True,False,rolling,2023-12-01,2,2024-02-01,8055.26,7694.226639262551,537.891939045531,7004.890382684929,8383.562895840172,0.8,473.01814393939384,
sarima_core,electricity,USA|South Carolina,US,True,False,rolling,2023-12-01,3,2024-03-01,7783.64,8538.871879874445,547.1917057706892,7837.617492690998,9240.126267057893,0.8,473.01814393939384,
sarima_core,electricity,USA|South Carolina,US,True,False,rolling,2023-12-01,4,2024-04-01,7640.14,7891.664396609295,549.8955983253636,7186.94483168934,8596.383961529249,0.8,473.01814393939384,
sarima_core,electricity,USA|South Carolina,US,True,False,rolling,2023-12-01,5,2024-05-01,8501.21,8047.759247373604,551.0607383439395,7341.546495438765,8753.971999308444,0.8,473.01814393939384,
sarima_core,electricity,USA|South Carolina,US,True,False,rolling,2023-12-01,6,2024-06-01,8784.15,9081.816774325953,551.7845563702448,8374.676412266334,9788.957136385572,0.8,473.01814393939384,
sarima_core,electricity,USA|South Carolina,US,True,False,rolling,2023-12-01,7,2024-07-01,9904.33,9972.624287326786,552.3591027330817,9264.747614476393,10680.500960177178,0.8,473.01814393939384,
sarima_core,electricity,USA|South Carolina,US,True,False,rolling,2023-12-01,8,2024-08-01,9689.74,9878.096348857393,552.8778041339788,9169.55493341463,10586.637764300154,0.8,473.01814393939384,
sarima_core,electricity,USA|South Carolina,US,True,False,rolling,2023-12-01,9,2024-09-01,8401.96,8462.154182573313,553.3744316779145,7752.976313324129,9171.332051822497,0.8,473.01814393939384,
sarima_core,electricity,USA|South Carolina,US,True,False,rolling,2023-12-01,10,2024-10-01,7269.24,8071.302180100236,553.8619984154362,7361.4994689352725,8781.104891265199,0.8,473.01814393939384,
sarima_core,electricity,USA|South Carolina,US,True,False,rolling,2023-12-01,11,2024-11-01,7160.2,7508.26729154772,554.3456672091662,6797.8447338829465,8218.689849212493,0.8,473.01814393939384,
sarima_core,electricity,USA|South Carolina,US,True,False,rolling,2023-12-01,12,2024-12-01,8743.68,8541.163326433776,554.827512371187,7830.123259347265,9252.203393520287,0.8,473.01814393939384,
sarima_core,electricity,USA|South Carolina,US,True,False,rolling,2024-12-01,1,2025-01-01,9582.06,9036.314736926142,490.60496657697365,8407.579173945465,9665.05029990682,0.8,471.6781884057971,
sarima_core,electricity,USA|South Carolina,US,True,False,rolling,2024-12-01,2,2025-02-01,8165.53,7988.546201941007,532.5641780694773,7306.037745783095,8671.05465809892,0.8,471.6781884057971,
sarima_core,electricity,USA|South Carolina,US,True,False,rolling,2024-12-01,3,2025-03-01,8665.02,8211.698665965392,540.930126700797,7518.468815241747,8904.928516689037,0.8,471.6781884057971,
sarima_core,electricity,USA|South Carolina,US,True,False,rolling,2024-12-01,4,2025-04-01,8502.12,7706.996050733334,543.2511243311243,7010.791721862917,8403.200379603752,0.8,471.6781884057971,
sarima_core,electricity,USA|South Carolina,US,True,False,rolling,2024-12-01,5,2025-05-01,8446.48,8207.52577443622,544.2205385954923,7510.079091197642,8904.9724576748,0.8,471.6781884057971,
sarima_core,electricity,USA|South Carolina,US,True,False,rolling,2024-12-01,6,2025-06-01,9464.23,8838.002473642167,544.8152280057151,8139.793665258905,9536.21128202543,0.8,471.6781884057971,
sarima_core,electricity,USA|South Carolina,US,True,False,rolling,2024-12-01,7,2025-07-01,10295.9,10058.789451116345,545.2864220230065,9359.976783302547,10757.602118930143,0.8,471.6781884057971,
sarima_core,electricity,USA|South Carolina,US,True,False,rolling,2024-12-01,8,2025-08-01,9280.89,9925.218279391982,545.7124456581271,9225.859640321636,10624.576918462328,0.8,471.6781884057971,
sarima_core,electricity,USA|South Carolina,US,True,False,rolling,2024-12-01,9,2025-09-01,7915.84,8583.322025440115,546.1210105847052,7883.439789348487,9283.204261531742,0.8,471.6781884057971,
sarima_core,electricity,USA|South Carolina,US,True,False,rolling,2024-12-01,10,2025-10-01,8113.79,7912.2769194460325,546.5225780809678,7211.880053900897,8612.673784991168,0.8,471.6781884057971,
sarima_core,electricity,USA|South Carolina,US,True,False,rolling,2024-12-01,11,2025-11-01,7605.26,7494.650684883181,546.9212131495634,6793.742947941806,8195.558421824557,0.8,471.6781884057971,
sarima_core,electricity,USA|South Carolina,US,True,False,rolling,2024-12-01,12,2025-12-01,9009.43,8806.215229778973,547.318514670078,8104.7983304519885,9507.632129105956,0.8,471.6781884057971,
sarima_core,electricity,USA|South Dakota,US,False,False,holdout,last12,1,2025-01-01,2167.09,1670.455612252053,143.16421360814067,1486.9832901725788,1853.9279343315272,0.8,151.75184782608696,
sarima_core,electricity,USA|South Dakota,US,False,False,holdout,last12,2,2025-02-01,1738.11,1724.4486542635154,161.80600222142888,1517.0859188021302,1931.8113897249007,0.8,151.75184782608696,
sarima_core,electricity,USA|South Dakota,US,False,False,holdout,last12,3,2025-03-01,1943.44,1827.2614647840367,169.23425039518364,1610.379046246322,2044.1438833217512,0.8,151.75184782608696,
sarima_core,electricity,USA|South Dakota,US,False,False,holdout,last12,4,2025-04-01,1908.17,1774.7623747833786,173.84149920689865,1551.9755293181572,1997.5492202486,0.8,151.75184782608696,
sarima_core,electricity,USA|South Dakota,US,False,False,holdout,last12,5,2025-05-01,1665.96,1756.5185122883545,177.5324062937191,1529.0015790677387,1984.0354455089703,0.8,151.75184782608696,
sarima_core,electricity,USA|South Dakota,US,False,False,holdout,last12,6,2025-06-01,1727.86,1645.9325660215927,180.86995499609785,1414.1383920363621,1877.7267400068233,0.8,151.75184782608696,
sarima_core,electricity,USA|South Dakota,US,False,False,holdout,last12,7,2025-07-01,1798.34,1708.3301525226475,184.04575038213522,1472.4660329885915,1944.1942720567035,0.8,151.75184782608696,
sarima_core,electricity,USA|South Dakota,US,False,False,holdout,last12,8,2025-08-01,1695.56,1741.591909662518,187.13013701444214,1501.774989611084,1981.408829713952,0.8,151.75184782608696,
sarima_core,electricity,USA|South Dakota,US,False,False,holdout,last12,9,2025-09-01,1533.46,1513.4529975121345,190.150492708759,1269.7653358921473,1757.1406591321218,0.8,151.75184782608696,
sarima_core,electricity,USA|South Dakota,US,False,False,holdout,last12,10,2025-10-01,1890.78,1661.4643660836616,193.11837123391086,1413.9732150934199,1908.9555170739034,0.8,151.75184782608696,
sarima_core,electricity,USA|South Dakota,US,False,False,holdout,last12,11,2025-11-01,1783.65,1775.1046788680144,196.03935677541585,1523.8701342841237,2026.3392234519051,0.8,151.75184782608696,
sarima_core,electricity,USA|South Dakota,US,False,False,holdout,last12,12,2025-12-01,2120.1,1890.718262397191,198.916715659007,1635.7962340314004,2145.6402907629817,0.8,151.75184782608696,
sarima_core,electricity,USA|South Dakota,US,False,False,rolling,2022-12-01,1,2023-01-01,1196.91,1561.0139148495243,139.48055740043586,1382.2623881499621,1739.7654415490865,0.8,144.64654761904762,
sarima_core,electricity,USA|South Dakota,US,False,False,rolling,2022-12-01,2,2023-02-01,1429.15,1553.3712720960445,158.2439663759033,1350.5734692490187,1756.1690749430704,0.8,144.64654761904762,
sarima_core,electricity,USA|South Dakota,US,False,False,rolling,2022-12-01,3,2023-03-01,1485.29,1681.588107404523,165.2099865081212,1469.862990551438,1893.313224257608,0.8,144.64654761904762,
sarima_core,electricity,USA|South Dakota,US,False,False,rolling,2022-12-01,4,2023-04-01,1423.26,1628.3703854696682,169.08197362328235,1411.6831174673798,1845.0576534719567,0.8,144.64654761904762,
sarima_core,electricity,USA|South Dakota,US,False,False,rolling,2022-12-01,5,2023-05-01,1658.57,1481.2384648199043,171.9249919253008,1260.9077222617923,1701.5692073780162,0.8,144.64654761904762,
sarima_core,electricity,USA|South Dakota,US,False,False,rolling,2022-12-01,6,2023-06-01,1273.7,1677.3955382720978,174.369869975242,1453.931558421518,1900.8595181226776,0.8,144.64654761904762,
sarima_core,electricity,USA|South Dakota,US,False,False,rolling,2022-12-01,7,2023-07-01,1395.62,1729.0390139293306,176.6415549161486,1502.6637526863078,1955.4142751723534,0.8,144.64654761904762,
sarima_core,electricity,USA|South Dakota,US,False,False,rolling,2022-12-01,8,2023-08-01,1485.98,1747.222556572503,178.8276121420021,1518.0457502693175,1976.3993628756884,0.8,144.64654761904762,
sarima_core,electricity,USA|South Dakota,US,False,False,rolling,2022-12-01,9,2023-09-01,1208.48,1499.2899826127546,180.96384225144814,1267.375487268445,1731.204477957064,0.8,144.64654761904762,
sarima_core,electricity,USA|South Dakota,US,False,False,rolling,2022-12-01,10,2023-10-01,1353.23,1426.6016932638602,183.06542953621323,1191.9939054446313,1661.209481083089,0.8,144.64654761904762,
sarima_core,electricity,USA|South Dakota,US,False,False,rolling,2022-12-01,11,2023-11-01,1479.24,1539.953158909582,185.13912139664254,1302.687828040163,1777.2184897790012,0.8,144.64654761904762,
sarima_core,electricity,USA|South Dakota,US,False,False,rolling,2022-12-01,12,2023-12-01,1542.12,1622.927951349244,187.18815940729178,1383.036672609417,1862.819230089071,0.8,144.64654761904762,
sarima_core,electricity,USA|South Dakota,US,False,False,rolling,2023-12-01,1,2024-01-01,1588.88,1444.5174392085673,143.40908544429658,1260.7313012441098,1628.303577173025,0.8,147.3556818181818,
sarima_core,electricity,USA|South Dakota,US,False,False,rolling,2023-12-01,2,2024-02-01,1556.28,1520.8871157908927,162.2249913035207,1312.9874242154065,1728.786807366379,0.8,147.3556818181818,
sarima_core,electricity,USA|South Dakota,US,False,False,rolling,2023-12-01,3,2024-03-01,1755.31,1626.8656237098437,169.51794434679474,1409.6196367443065,1844.111610675381,0.8,147.3556818181818,
sarima_core,electricity,USA|South Dakota,US,False,False,rolling,2023-12-01,4,2024-04-01,1730.16,1499.1281378358397,173.8748357210385,1276.2985699087326,1721.9577057629467,0.8,147.3556818181818,
sarima_core,electricity,USA|South Dakota,US,False,False,rolling,2023-12-01,5,2024-05-01,1432.3,1483.8950407431628,177.27160414993264,1256.7123389182138,1711.0777425681117,0.8,147.3556818181818,
sarima_core,electricity,USA|South Dakota,US,False,False,rolling,2023-12-01,6,2024-06-01,1633.44,1416.2349085867843,180.29919657290392,1185.1721909523455,1647.297626221223,0.8,147.3556818181818,
sarima_core,electricity,USA|South Dakota,US,False,False,rolling,2023-12-01,7,2024-07-01,1629.63,1533.6464598893576,183.16221774305296,1298.914632992127,1768.3782867865882,0.8,147.3556818181818,
sarima_core,electricity,USA|South Dakota,US,False,False,rolling,2023-12-01,8,2024-08-01,1598.85,1531.2608663654953,185.9372737614751,1292.972662083382,1769.5490706476087,0.8,147.3556818181818,
sarima_core,electricity,USA|South Dakota,US,False,False,rolling,2023-12-01,9,2024-09-01,1426.51,1327.0425982378692,188.6545500984851,1085.2720642120435,1568.813132263695,0.8,147.3556818181818,
sarima_core,electricity,USA|South Dakota,US,False,False,rolling,2023-12-01,10,2024-10-01,1578.25,1332.921874062618,191.32665707793868,1087.7268971539706,1578.1168509712652,0.8,147.3556818181818,
sarima_core,electricity,USA|South Dakota,US,False,False,rolling,2023-12-01,11,2024-11-01,1677.96,1450.1210550560886,193.9593969618525,1201.55208622754,1698.6900238846372,0.8,147.3556818181818,
sarima_core,electricity,USA|South Dakota,US,False,False,rolling,2023-12-01,12,2024-12-01,1853.05,1439.690658916769,196.55588112724536,1187.7941617411493,1691.5871560923888,0.8,147.3556818181818,
sarima_core,electricity,USA|South Dakota,US,False,False,rolling,2024-12-01,1,2025-01-01,2167.09,1670.455612252053,143.16421360814067,1486.9832901725788,1853.9279343315272,0.8,151.75184782608696,
sarima_core,electricity,USA|South Dakota,US,False,False,rolling,2024-12-01,2,2025-02-01,1738.11,1724.4486542635154,161.80600222142888,1517.0859188021302,1931.8113897249007,0.8,151.75184782608696,
sarima_core,electricity,USA|South Dakota,US,False,False,rolling,2024-12-01,3,2025-03-01,1943.44,1827.2614647840367,169.23425039518364,1610.379046246322,2044.1438833217512,0.8,151.75184782608696,
sarima_core,electricity,USA|South Dakota,US,False,False,rolling,2024-12-01,4,2025-04-01,1908.17,1774.7623747833786,173.84149920689865,1551.9755293181572,1997.5492202486,0.8,151.75184782608696,
sarima_core,electricity,USA|South Dakota,US,False,False,rolling,2024-12-01,5,2025-05-01,1665.96,1756.5185122883545,177.5324062937191,1529.0015790677387,1984.0354455089703,0.8,151.75184782608696,
sarima_core,electricity,USA|South Dakota,US,False,False,rolling,2024-12-01,6,2025-06-01,1727.86,1645.9325660215927,180.86995499609785,1414.1383920363621,1877.7267400068233,0.8,151.75184782608696,
sarima_core,electricity,USA|South Dakota,US,False,False,rolling,2024-12-01,7,2025-07-01,1798.34,1708.3301525226475,184.04575038213522,1472.4660329885915,1944.1942720567035,0.8,151.75184782608696,
sarima_core,electricity,USA|South Dakota,US,False,False,rolling,2024-12-01,8,2025-08-01,1695.56,1741.591909662518,187.13013701444214,1501.774989611084,1981.408829713952,0.8,151.75184782608696,
sarima_core,electricity,USA|South Dakota,US,False,False,rolling,2024-12-01,9,2025-09-01,1533.46,1513.4529975121345,190.150492708759,1269.7653358921473,1757.1406591321218,0.8,151.75184782608696,
sarima_core,electricity,USA|South Dakota,US,False,False,rolling,2024-12-01,10,2025-10-01,1890.78,1661.4643660836616,193.11837123391086,1413.9732150934199,1908.9555170739034,0.8,151.75184782608696,
sarima_core,electricity,USA|South Dakota,US,False,False,rolling,2024-12-01,11,2025-11-01,1783.65,1775.1046788680144,196.03935677541585,1523.8701342841237,2026.3392234519051,0.8,151.75184782608696,
sarima_core,electricity,USA|South Dakota,US,False,False,rolling,2024-12-01,12,2025-12-01,2120.1,1890.718262397191,198.916715659007,1635.7962340314004,2145.6402907629817,0.8,151.75184782608696,
sarima_core,electricity,USA|Tennessee,US,True,False,holdout,last12,1,2025-01-01,7018.39,7314.407559319922,618.7270376448367,6521.476955581409,8107.338163058435,0.8,580.4349275362318,
sarima_core,electricity,USA|Tennessee,US,True,False,holdout,last12,2,2025-02-01,5105.17,6442.90016480443,685.0628923604695,5564.956742603358,7320.843587005501,0.8,580.4349275362318,
sarima_core,electricity,USA|Tennessee,US,True,False,holdout,last12,3,2025-03-01,5249.45,6080.344445495319,699.4140847984178,5184.0092301579625,6976.679660832675,0.8,580.4349275362318,
sarima_core,electricity,USA|Tennessee,US,True,False,holdout,last12,4,2025-04-01,4574.9,5132.703677822217,702.7783989488693,4232.056920418367,6033.350435226068,0.8,580.4349275362318,
sarima_core,electricity,USA|Tennessee,US,True,False,holdout,last12,5,2025-05-01,5866.96,6161.0256053236435,703.6244393028538,5259.294603579629,7062.756607067658,0.8,580.4349275362318,
sarima_core,electricity,USA|Tennessee,US,True,False,holdout,last12,6,2025-06-01,6767.27,6926.760043414124,703.859591741904,6024.727681693704,7828.792405134544,0.8,580.4349275362318,
sarima_core,electricity,USA|Tennessee,US,True,False,holdout,last12,7,2025-07-01,8395.33,7576.552939965037,703.9341008827325,6674.42509093854,8478.680788991533,0.8,580.4349275362318,
sarima_core,electricity,USA|Tennessee,US,True,False,holdout,last12,8,2025-08-01,7477.8,7163.9370317796465,703.9611496988455,6261.7745183005145,8066.099545258779,0.8,580.4349275362318,
sarima_core,electricity,USA|Tennessee,US,True,False,holdout,last12,9,2025-09-01,6838.69,6416.816445170811,703.9721071222357,5514.639889188578,7318.993001153043,0.8,580.4349275362318,
sarima_core,electricity,USA|Tennessee,US,True,False,holdout,last12,10,2025-10-01,5207.32,5299.69605506867,703.9768747423244,4397.513389135449,6201.878721001891,0.8,580.4349275362318,
sarima_core,electricity,USA|Tennessee,US,True,False,holdout,last12,11,2025-11-01,5038.31,4893.230034846891,703.9790343361228,3991.0446012828565,5795.415468410925,0.8,580.4349275362318,
sarima_core,electricity,USA|Tennessee,US,True,False,holdout,last12,12,2025-12-01,7334.73,6480.062697152037,703.9800331570597,5577.8759835474675,7382.249410756606,0.8,580.4349275362318,
sarima_core,electricity,USA|Tennessee,US,True,False,rolling,2022-12-01,1,2023-01-01,7053.2,7447.400788145485,629.0164982969544,6641.283709999641,8253.51786629133,0.8,577.5184523809523,
sarima_core,electricity,USA|Tennessee,US,True,False,rolling,2022-12-01,2,2023-02-01,6205.47,6646.884713402606,695.8513845007946,5755.115282209235,7538.654144595977,0.8,577.5184523809523,
sarima_core,electricity,USA|Tennessee,US,True,False,rolling,2022-12-01,3,2023-03-01,5873.11,6252.847157748029,710.2087601762522,5342.678009280663,7163.016306215394,0.8,577.5184523809523,
sarima_core,electricity,USA|Tennessee,US,True,False,rolling,2022-12-01,4,2023-04-01,5685.52,5055.399825122951,713.561352711061,4140.934156443968,5969.8654938019345,0.8,577.5184523809523,
sarima_core,electricity,USA|Tennessee,US,True,False,rolling,2022-12-01,5,2023-05-01,6564.72,6455.936182980704,714.40592158152,5540.388155743574,7371.484210217834,0.8,577.5184523809523,
sarima_core,electricity,USA|Tennessee,US,True,False,rolling,2022-12-01,6,2023-06-01,6619.69,7156.6627454587915,714.6427669939824,6240.811188612528,8072.514302305055,0.8,577.5184523809523,
sarima_core,electricity,USA|Tennessee,US,True,False,rolling,2022-12-01,7,2023-07-01,8078.39,8211.255584337458,714.7188651664165,7295.306503759176,9127.204664915738,0.8,577.5184523809523,
sarima_core,electricity,USA|Tennessee,US,True,False,rolling,2022-12-01,8,2023-08-01,7753.73,7447.741175095206,714.7468638124501,6531.756212808267,8363.726137382146,0.8,577.5184523809523,
sarima_core,electricity,USA|Tennessee,US,True,False,rolling,2022-12-01,9,2023-09-01,6924.26,6383.220413790719,714.7583038419602,5467.220790516052,7299.220037065386,0.8,577.5184523809523,
sarima_core,electricity,USA|Tennessee,US,True,False,rolling,2022-12-01,10,2023-10-01,6229.94,5191.874249134313,714.7632974212065,4275.868226330344,6107.880271938281,0.8,577.5184523809523,
sarima_core,electricity,USA|Tennessee,US,True,False,rolling,2022-12-01,11,2023-11-01,5355.26,5051.043161049691,714.7655578211819,4135.034241426595,5967.052080672786,0.8,577.5184523809523,
sarima_core,electricity,USA|Tennessee,US,True,False,rolling,2022-12-01,12,2023-12-01,7096.2,6244.885992499477,714.7666001778922,5328.875737042507,7160.896247956446,0.8,577.5184523809523,
sarima_core,electricity,USA|Tennessee,US,True,False,rolling,2023-12-01,1,2024-01-01,8044.74,7645.70751680368,622.6491878972777,6847.75047526885,8443.66455833851,0.8,571.5232196969697,
sarima_core,electricity,USA|Tennessee,US,True,False,rolling,2023-12-01,2,2024-02-01,6935.73,6405.723088559672,689.035893914024,5522.688059997731,7288.7581171216125,0.8,571.5232196969697,
sarima_core,electricity,USA|Tennessee,US,True,False,rolling,2023-12-01,3,2024-03-01,6448.74,6011.910484997047,703.3323371546111,5110.553827218413,6913.267142775681,0.8,571.5232196969697,
sarima_core,electricity,USA|Tennessee,US,True,False,rolling,2023-12-01,4,2024-04-01,4954.24,5347.38927562205,706.6735377826383,4441.750696947769,6253.0278542963315,0.8,571.5232196969697,
sarima_core,electricity,USA|Tennessee,US,True,False,rolling,2023-12-01,5,2024-05-01,6056.89,6553.486957613106,707.5135785490749,5646.771823379477,7460.202091846735,0.8,571.5232196969697,
sarima_core,electricity,USA|Tennessee,US,True,False,rolling,2023-12-01,6,2024-06-01,7276.88,6673.401979822323,707.7478826088271,5766.386572854104,7580.417386790541,0.8,571.5232196969697,
sarima_core,electricity,USA|Tennessee,US,True,False,rolling,2023-12-01,7,2024-07-01,7392.02,8145.279242266071,707.8225917244553,7238.168091713759,9052.390392818383,0.8,571.5232196969697,
sarima_core,electricity,USA|Tennessee,US,True,False,rolling,2023-12-01,8,2024-08-01,6919.39,7464.04469783202,707.8498849911007,6556.898569551109,8371.19082611293,0.8,571.5232196969697,
sarima_core,electricity,USA|Tennessee,US,True,False,rolling,2023-12-01,9,2024-09-01,6225.02,6692.452408050199,707.8609860069926,5785.292053244993,7599.612762855404,0.8,571.5232196969697,
sarima_core,electricity,USA|Tennessee,US,True,False,rolling,2023-12-01,10,2024-10-01,4830.61,5909.5541106323235,707.8658224176841,5002.387557717424,6816.720663547223,0.8,571.5232196969697,
sarima_core,electricity,USA|Tennessee,US,True,False,rolling,2023-12-01,11,2024-11-01,4730.36,5203.575684262738,707.868011635708,4296.406325752053,6110.745042773423,0.8,571.5232196969697,
sarima_core,electricity,USA|Tennessee,US,True,False,rolling,2023-12-01,12,2024-12-01,6216.2,6777.537992132018,707.8690222579396,5870.36733845683,7684.708645807206,0.8,571.5232196969697,
sarima_core,electricity,USA|Tennessee,US,True,False,rolling,2024-12-01,1,2025-01-01,7018.39,7314.407559319922,618.7270376448367,6521.476955581409,8107.338163058435,0.8,580.4349275362318,
sarima_core,electricity,USA|Tennessee,US,True,False,rolling,2024-12-01,2,2025-02-01,5105.17,6442.90016480443,685.0628923604695,5564.956742603358,7320.843587005501,0.8,580.4349275362318,
sarima_core,electricity,USA|Tennessee,US,True,False,rolling,2024-12-01,3,2025-03-01,5249.45,6080.344445495319,699.4140847984178,5184.0092301579625,6976.679660832675,0.8,580.4349275362318,
sarima_core,electricity,USA|Tennessee,US,True,False,rolling,2024-12-01,4,2025-04-01,4574.9,5132.703677822217,702.7783989488693,4232.056920418367,6033.350435226068,0.8,580.4349275362318,
sarima_core,electricity,USA|Tennessee,US,True,False,rolling,2024-12-01,5,2025-05-01,5866.96,6161.0256053236435,703.6244393028538,5259.294603579629,7062.756607067658,0.8,580.4349275362318,
sarima_core,electricity,USA|Tennessee,US,True,False,rolling,2024-12-01,6,2025-06-01,6767.27,6926.760043414124,703.859591741904,6024.727681693704,7828.792405134544,0.8,580.4349275362318,
sarima_core,electricity,USA|Tennessee,US,True,False,rolling,2024-12-01,7,2025-07-01,8395.33,7576.552939965037,703.9341008827325,6674.42509093854,8478.680788991533,0.8,580.4349275362318,
sarima_core,electricity,USA|Tennessee,US,True,False,rolling,2024-12-01,8,2025-08-01,7477.8,7163.9370317796465,703.9611496988455,6261.7745183005145,8066.099545258779,0.8,580.4349275362318,
sarima_core,electricity,USA|Tennessee,US,True,False,rolling,2024-12-01,9,2025-09-01,6838.69,6416.816445170811,703.9721071222357,5514.639889188578,7318.993001153043,0.8,580.4349275362318,
sarima_core,electricity,USA|Tennessee,US,True,False,rolling,2024-12-01,10,2025-10-01,5207.32,5299.69605506867,703.9768747423244,4397.513389135449,6201.878721001891,0.8,580.4349275362318,
sarima_core,electricity,USA|Tennessee,US,True,False,rolling,2024-12-01,11,2025-11-01,5038.31,4893.230034846891,703.9790343361228,3991.0446012828565,5795.415468410925,0.8,580.4349275362318,
sarima_core,electricity,USA|Tennessee,US,True,False,rolling,2024-12-01,12,2025-12-01,7334.73,6480.062697152037,703.9800331570597,5577.8759835474675,7382.249410756606,0.8,580.4349275362318,
sarima_core,electricity,USA|Texas,US,True,False,holdout,last12,1,2025-01-01,50664.45,47308.23249944274,1919.9700717086182,44847.691848245784,49768.773150639696,0.8,1617.7998188405797,
sarima_core,electricity,USA|Texas,US,True,False,holdout,last12,2,2025-02-01,43505.62,40942.567948789154,2216.790549660706,38101.636549387,43783.499348191304,0.8,1617.7998188405797,
sarima_core,electricity,USA|Texas,US,True,False,holdout,last12,3,2025-03-01,43638.58,42944.36367709999,2344.368113896124,39939.93505052357,45948.792303676404,0.8,1617.7998188405797,
sarima_core,electricity,USA|Texas,US,True,False,holdout,last12,4,2025-04-01,44170.61,42545.46190275893,2423.944073643493,39439.052580388554,45651.871225129304,0.8,1617.7998188405797,
sarima_core,electricity,USA|Texas,US,True,False,holdout,last12,5,2025-05-01,49854.94,48641.004513133914,2486.3458795450665,45454.62405871757,51827.38496755026,0.8,1617.7998188405797,
sarima_core,electricity,USA|Texas,US,True,False,holdout,last12,6,2025-06-01,54264.88,54507.101009424805,2541.580534895686,51249.93449597155,57764.26752287806,0.8,1617.7998188405797,
sarima_core,electricity,USA|Texas,US,True,False,holdout,last12,7,2025-07-01,58395.03,57751.6911766967,2593.3706853132785,54428.152914895996,61075.22943849741,0.8,1617.7998188405797,
sarima_core,electricity,USA|Texas,US,True,False,holdout,last12,8,2025-08-01,58608.03,61308.61023017789,2643.2140892783996,57921.19507599361,64696.02538436217,0.8,1617.7998188405797,
sarima_core,electricity,USA|Texas,US,True,False,holdout,last12,9,2025-09-01,52444.81,52980.13297308791,2691.7479476760564,49530.51917669219,56429.74676948362,0.8,1617.7998188405797,
sarima_core,electricity,USA|Texas,US,True,False,holdout,last12,10,2025-10-01,49386.31,48582.16708778637,2739.260852890491,45071.663053329525,52092.67112224322,0.8,1617.7998188405797,
sarima_core,electricity,USA|Texas,US,True,False,holdout,last12,11,2025-11-01,43851.65,43615.39571263572,2785.896237107698,40045.12602852554,47185.6653967459,0.8,1617.7998188405797,
sarima_core,electricity,USA|Texas,US,True,False,holdout,last12,12,2025-12-01,46513.29,45632.264610297105,2831.7355445627377,42003.24948995444,49261.27973063977,0.8,1617.7998188405797,
sarima_core,electricity,USA|Texas,US,True,False,rolling,2022-12-01,1,2023-01-01,41647.83,44667.855747115434,1808.6118386751637,42350.02641379878,46985.685080432086,0.8,1577.8481746031746,
sarima_core,electricity,USA|Texas,US,True,False,rolling,2022-12-01,2,2023-02-01,38434.29,41102.314078236865,2133.452800664421,38368.184301529865,43836.443854943864,0.8,1577.8481746031746,
sarima_core,electricity,USA|Texas,US,True,False,rolling,2022-12-01,3,2023-03-01,40700.99,39581.38606719096,2280.4073359133895,36658.92647577176,42503.84565861015,0.8,1577.8481746031746,
sarima_core,electricity,USA|Texas,US,True,False,rolling,2022-12-01,4,2023-04-01,38448.71,40803.73058105266,2370.736202188547,37765.509889644665,43841.951272460654,0.8,1577.8481746031746,
sarima_core,electricity,USA|Texas,US,True,False,rolling,2022-12-01,5,2023-05-01,44224.67,47653.6884575954,2438.8642271973886,44528.15818907987,50779.218726110936,0.8,1577.8481746031746,
sarima_core,electricity,USA|Texas,US,True,False,rolling,2022-12-01,6,2023-06-01,50927.95,52857.497086137955,2497.052014778269,49657.39616735256,56057.59800492335,0.8,1577.8481746031746,
sarima_core,electricity,USA|Texas,US,True,False,rolling,2022-12-01,7,2023-07-01,56338.89,56804.90593974876,2550.281215364873,53536.58905561892,60073.2228238786,0.8,1577.8481746031746,
sarima_core,electricity,USA|Texas,US,True,False,rolling,2022-12-01,8,2023-08-01,58842.88,55353.68669860001,2600.746920820204,52020.69541063758,58686.67798656244,0.8,1577.8481746031746,
sarima_core,electricity,USA|Texas,US,True,False,rolling,2022-12-01,9,2023-09-01,50652.24,48748.79914780377,2649.4690864696704,45353.367892176546,52144.230403431,0.8,1577.8481746031746,
sarima_core,electricity,USA|Texas,US,True,False,rolling,2022-12-01,10,2023-10-01,43159.78,43413.45495498178,2696.9429432253364,39957.18350390689,46869.726406056674,0.8,1577.8481746031746,
sarima_core,electricity,USA|Texas,US,True,False,rolling,2022-12-01,11,2023-11-01,39535.38,41907.50386880601,2743.4214528027032,38391.667811018066,45423.33992659395,0.8,1577.8481746031746,
sarima_core,electricity,USA|Texas,US,True,False,rolling,2022-12-01,12,2023-12-01,42058.82,44665.67570394546,2789.0431793780995,41091.37305104197,48239.97835684895,0.8,1577.8481746031746,
sarima_core,electricity,USA|Texas,US,True,False,rolling,2023-12-01,1,2024-01-01,47455.37,42639.76044745535,1631.2245376128246,40549.26208752287,44730.258807387836,0.8,1593.7123106060603,
sarima_core,electricity,USA|Texas,US,True,False,rolling,2023-12-01,2,2024-02-01,38846.03,39460.91590810264,1967.485711656053,36939.48151414319,41982.350302062085,0.8,1593.7123106060603,
sarima_core,electricity,USA|Texas,US,True,False,rolling,2023-12-01,3,2024-03-01,40559.25,40399.4333412642,2103.3876235144917,37703.833639402066,43095.033043126336,0.8,1593.7123106060603,
sarima_core,electricity,USA|Texas,US,True,False,rolling,2023-12-01,4,2024-04-01,41254.23,39428.8137775233,2163.123486244552,36656.659487260295,42200.9680677863,0.8,1593.7123106060603,
sarima_core,electricity,USA|Texas,US,True,False,rolling,2023-12-01,5,2024-05-01,47524.99,46117.05528122803,2190.3852077192155,43309.963689129734,48924.146873326325,0.8,1593.7123106060603,
sarima_core,electricity,USA|Texas,US,True,False,rolling,2023-12-01,6,2024-06-01,52863.44,51972.00862397877,2203.1546481823316,49148.55233546384,54795.4649124937,0.8,1593.7123106060603,
sarima_core,electricity,USA|Texas,US,True,False,rolling,2023-12-01,7,2024-07-01,54763.39,57162.03390663171,2209.287530872359,54330.71801270408,59993.34980055934,0.8,1593.7123106060603,
sarima_core,electricity,USA|Texas,US,True,False,rolling,2023-12-01,8,2024-08-01,58970.14,57646.72405008243,2212.317583801196,54811.524987080156,60481.9231130847,0.8,1593.7123106060603,
sarima_core,electricity,USA|Texas,US,True,False,rolling,2023-12-01,9,2024-09-01,50555.63,49887.9984514922,2213.864943425986,47050.816367340325,52725.18053564408,0.8,1593.7123106060603,
sarima_core,electricity,USA|Texas,US,True,False,rolling,2023-12-01,10,2024-10-01,48072.26,43054.82474005106,2214.685234578146,40216.59141048892,45893.058069613195,0.8,1593.7123106060603,
sarima_core,electricity,USA|Texas,US,True,False,rolling,2023-12-01,11,2024-11-01,42274.68,40719.873123669255,2215.1377385999713,37881.05988686954,43558.68636046897,0.8,1593.7123106060603,
sarima_core,electricity,USA|Texas,US,True,False,rolling,2023-12-01,12,2024-12-01,43978.02,43381.3399418661,2215.3973819952735,40542.19395866665,46220.48592506555,0.8,1593.7123106060603,
sarima_core,electricity,USA|Texas,US,True,False,rolling,2024-12-01,1,2025-01-01,50664.45,47308.23249944274,1919.9700717086182,44847.691848245784,49768.773150639696,0.8,1617.7998188405797,
sarima_core,electricity,USA|Texas,US,True,False,rolling,2024-12-01,2,2025-02-01,43505.62,40942.567948789154,2216.790549660706,38101.636549387,43783.499348191304,0.8,1617.7998188405797,
sarima_core,electricity,USA|Texas,US,True,False,rolling,2024-12-01,3,2025-03-01,43638.58,42944.36367709999,2344.368113896124,39939.93505052357,45948.792303676404,0.8,1617.7998188405797,
sarima_core,electricity,USA|Texas,US,True,False,rolling,2024-12-01,4,2025-04-01,44170.61,42545.46190275893,2423.944073643493,39439.052580388554,45651.871225129304,0.8,1617.7998188405797,
sarima_core,electricity,USA|Texas,US,True,False,rolling,2024-12-01,5,2025-05-01,49854.94,48641.004513133914,2486.3458795450665,45454.62405871757,51827.38496755026,0.8,1617.7998188405797,
sarima_core,electricity,USA|Texas,US,True,False,rolling,2024-12-01,6,2025-06-01,54264.88,54507.101009424805,2541.580534895686,51249.93449597155,57764.26752287806,0.8,1617.7998188405797,
sarima_core,electricity,USA|Texas,US,True,False,rolling,2024-12-01,7,2025-07-01,58395.03,57751.6911766967,2593.3706853132785,54428.152914895996,61075.22943849741,0.8,1617.7998188405797,
sarima_core,electricity,USA|Texas,US,True,False,rolling,2024-12-01,8,2025-08-01,58608.03,61308.61023017789,2643.2140892783996,57921.19507599361,64696.02538436217,0.8,1617.7998188405797,
sarima_core,electricity,USA|Texas,US,True,False,rolling,2024-12-01,9,2025-09-01,52444.81,52980.13297308791,2691.7479476760564,49530.51917669219,56429.74676948362,0.8,1617.7998188405797,
sarima_core,electricity,USA|Texas,US,True,False,rolling,2024-12-01,10,2025-10-01,49386.31,48582.16708778637,2739.260852890491,45071.663053329525,52092.67112224322,0.8,1617.7998188405797,
sarima_core,electricity,USA|Texas,US,True,False,rolling,2024-12-01,11,2025-11-01,43851.65,43615.39571263572,2785.896237107698,40045.12602852554,47185.6653967459,0.8,1617.7998188405797,
sarima_core,electricity,USA|Texas,US,True,False,rolling,2024-12-01,12,2025-12-01,46513.29,45632.264610297105,2831.7355445627377,42003.24948995444,49261.27973063977,0.8,1617.7998188405797,
sarima_core,electricity,USA|US Total,US,False,True,holdout,last12,1,2025-01-01,406485.89,382330.8357009295,12287.830239015177,366583.34762097336,398078.32378088566,0.8,10432.72115942029,
sarima_core,electricity,USA|US Total,US,False,True,holdout,last12,2,2025-02-01,344871.21,330297.45906178514,14070.864580213354,312264.92053044663,348329.99759312364,0.8,10432.72115942029,
sarima_core,electricity,USA|US Total,US,False,True,holdout,last12,3,2025-03-01,341722.11,341285.1546430109,15262.775406121584,321725.1209267401,360845.18835928163,0.8,10432.72115942029,
sarima_core,electricity,USA|US Total,US,False,True,holdout,last12,4,2025-04-01,330051.74,322529.01539404376,16309.751365077907,301627.227998485,343430.80278960255,0.8,10432.72115942029,
sarima_core,electricity,USA|US Total,US,False,True,holdout,last12,5,2025-05-01,352871.08,356383.55291784793,17284.043198362357,334233.16029804613,378533.94553764974,0.8,10432.72115942029,
sarima_core,electricity,USA|US Total,US,False,True,holdout,last12,6,2025-06-01,402160.32,395202.1324101588,18204.724412354946,371871.8393391973,418532.4254811203,0.8,10432.72115942029,
sarima_core,electricity,USA|US Total,US,False,True,holdout,last12,7,2025-07-01,455507.3,445598.39594468684,19080.777381721888,421145.39581933315,470051.39607004053,0.8,10432.72115942029,
sarima_core,electricity,USA|US Total,US,False,True,holdout,last12,8,2025-08-01,428732.7,440112.5148089763,19918.294240848845,414586.1936416385,465638.83597631415,0.8,10432.72115942029,
sarima_core,electricity,USA|US Total,US,False,True,holdout,last12,9,2025-09-01,376372.98,374880.898522392,20721.98184073014,348324.6102532175,401437.18679156643,0.8,10432.72115942029,
sarima_core,electricity,USA|US Total,US,False,True,holdout,last12,10,2025-10-01,352574.93,347802.9148958386,21495.640635517397,320255.14298700716,375350.68680467,0.8,10432.72115942029,
sarima_core,electricity,USA|US Total,US,False,True,holdout,last12,11,2025-11-01,340816.65,337445.34110021504,22242.405274667348,308940.5517989876,365950.13040144247,0.8,10432.72115942029,
sarima_core,electricity,USA|US Total,US,False,True,holdout,last12,12,2025-12-01,387652.09,369601.88830603746,22964.899671841584,340171.1851790142,399032.5914330607,0.8,10432.72115942029,
sarima_core,electricity,USA|US Total,US,False,True,rolling,2022-12-01,1,2023-01-01,351805.81,385874.89424370346,11855.54849621731,370681.3975079862,401068.3909794207,0.8,10296.298492063492,
sarima_core,electricity,USA|US Total,US,False,True,rolling,2022-12-01,2,2023-02-01,313516.29,341995.6267708258,13618.584648328755,324542.70829425845,359448.5452473932,0.8,10296.298492063492,
sarima_core,electricity,USA|US Total,US,False,True,rolling,2022-12-01,3,2023-03-01,335781.1,339966.37758564664,14736.757216889284,321080.4633032915,358852.2918680018,0.8,10296.298492063492,
sarima_core,electricity,USA|US Total,US,False,True,rolling,2022-12-01,4,2023-04-01,306263.23,320577.3828971246,15697.841512840621,300459.7895306727,340694.97626357654,0.8,10296.298492063492,
sarima_core,electricity,USA|US Total,US,False,True,rolling,2022-12-01,5,2023-05-01,334950.6,356135.3091166113,16588.387566821915,334876.4350604901,377394.18317273253,0.8,10296.298492063492,
sarima_core,electricity,USA|US Total,US,False,True,rolling,2022-12-01,6,2023-06-01,364070.84,397596.72934720386,17430.55013703202,375258.5805307868,419934.8781636209,0.8,10296.298492063492,
sarima_core,electricity,USA|US Total,US,False,True,rolling,2022-12-01,7,2023-07-01,433110.97,438417.6795429493,18233.271747998555,415050.8015893016,461784.557496597,0.8,10296.298492063492,
sarima_core,electricity,USA|US Total,US,False,True,rolling,2022-12-01,8,2023-08-01,431060.74,432157.3399984113,19001.996823286227,407805.3012210553,456509.3787757673,0.8,10296.298492063492,
sarima_core,electricity,USA|US Total,US,False,True,rolling,2022-12-01,9,2023-09-01,365188.71,369761.9751151321,19740.786365320837,344463.1394435737,395060.8107866905,0.8,10296.298492063492,
sarima_core,electricity,USA|US Total,US,False,True,rolling,2022-12-01,10,2023-10-01,335475.51,334329.41132706084,20452.902432137194,308117.9621952245,360540.8604588972,0.8,10296.298492063492,
sarima_core,electricity,USA|US Total,US,False,True,rolling,2022-12-01,11,2023-11-01,327041.75,337544.80119513115,21141.044195940864,310451.46290857554,364638.13948168675,0.8,10296.298492063492,
sarima_core,electricity,USA|US Total,US,False,True,rolling,2022-12-01,12,2023-12-01,350798.97,371372.78006197466,21807.48204689862,343425.367304186,399320.1928197633,0.8,10296.298492063492,
sarima_core,electricity,USA|US Total,US,False,True,rolling,2023-12-01,1,2024-01-01,384446.84,359099.89765610115,12127.079470639923,343558.41997501877,374641.37533718353,0.8,10355.127954545454,
sarima_core,electricity,USA|US Total,US,False,True,rolling,2023-12-01,2,2024-02-01,325670.04,318863.3929943798,13897.730680751403,301052.73448294564,336674.05150581396,0.8,10355.127954545454,
sarima_core,electricity,USA|US Total,US,False,True,rolling,2023-12-01,3,2024-03-01,330806.16,335439.8241151393,15009.080875955084,316204.91302117356,354674.73520910507,0.8,10355.127954545454,
sarima_core,electricity,USA|US Total,US,False,True,rolling,2023-12-01,4,2024-04-01,317730.49,308721.8884349624,15962.08819406646,288265.64932049555,329178.1275494293,0.8,10355.127954545454,
sarima_core,electricity,USA|US Total,US,False,True,rolling,2023-12-01,5,2024-05-01,354307.92,340317.4966709631,16845.485125781168,318729.13883566,361905.85450626625,0.8,10355.127954545454,
sarima_core,electricity,USA|US Total,US,False,True,rolling,2023-12-01,6,2024-06-01,398232.76,371684.7495517244,17681.660334959884,349024.7900680287,394344.7090354201,0.8,10355.127954545454,
sarima_core,electricity,USA|US Total,US,False,True,rolling,2023-12-01,7,2024-07-01,438813.8,433541.03542919084,18479.40778932949,409858.7214464386,457223.3494119431,0.8,10355.127954545454,
sarima_core,electricity,USA|US Total,US,False,True,rolling,2023-12-01,8,2024-08-01,431519.19,428847.13619499106,19243.986462115405,404184.97521714796,453509.29717283417,0.8,10355.127954545454,
sarima_core,electricity,USA|US Total,US,False,True,rolling,2023-12-01,9,2024-09-01,366624.73,364324.68946810166,19979.301539641056,338720.184301487,389929.1946347163,0.8,10355.127954545454,
sarima_core,electricity,USA|US Total,US,False,True,rolling,2023-12-01,10,2024-10-01,340934.09,332161.271784336,20688.49316454572,305647.9009805537,358674.6425881183,0.8,10355.127954545454,
sarima_core,electricity,USA|US Total,US,False,True,rolling,2023-12-01,11,2024-11-01,329563.7,328163.3187762164,21374.16579829336,300771.2231352037,355555.4144172291,0.8,10355.127954545454,
sarima_core,electricity,USA|US Total,US,False,True,rolling,2023-12-01,12,2024-12-01,366142.18,356042.1756813177,22038.51556321017,327798.6815590067,384285.6698036287,0.8,10355.127954545454,
sarima_core,electricity,USA|US Total,US,False,True,rolling,2024-12-01,1,2025-01-01,406485.89,382330.8357009295,12287.830239015177,366583.34762097336,398078.32378088566,0.8,10432.72115942029,
sarima_core,electricity,USA|US Total,US,False,True,rolling,2024-12-01,2,2025-02-01,344871.21,330297.45906178514,14070.864580213354,312264.92053044663,348329.99759312364,0.8,10432.72115942029,
sarima_core,electricity,USA|US Total,US,False,True,rolling,2024-12-01,3,2025-03-01,341722.11,341285.1546430109,15262.775406121584,321725.1209267401,360845.18835928163,0.8,10432.72115942029,
sarima_core,electricity,USA|US Total,US,False,True,rolling,2024-12-01,4,2025-04-01,330051.74,322529.01539404376,16309.751365077907,301627.227998485,343430.80278960255,0.8,10432.72115942029,
sarima_core,electricity,USA|US Total,US,False,True,rolling,2024-12-01,5,2025-05-01,352871.08,356383.55291784793,17284.043198362357,334233.16029804613,378533.94553764974,0.8,10432.72115942029,
sarima_core,electricity,USA|US Total,US,False,True,rolling,2024-12-01,6,2025-06-01,402160.32,395202.1324101588,18204.724412354946,371871.8393391973,418532.4254811203,0.8,10432.72115942029,
sarima_core,electricity,USA|US Total,US,False,True,rolling,2024-12-01,7,2025-07-01,455507.3,445598.39594468684,19080.777381721888,421145.39581933315,470051.39607004053,0.8,10432.72115942029,
sarima_core,electricity,USA|US Total,US,False,True,rolling,2024-12-01,8,2025-08-01,428732.7,440112.5148089763,19918.294240848845,414586.1936416385,465638.83597631415,0.8,10432.72115942029,
sarima_core,electricity,USA|US Total,US,False,True,rolling,2024-12-01,9,2025-09-01,376372.98,374880.898522392,20721.98184073014,348324.6102532175,401437.18679156643,0.8,10432.72115942029,
sarima_core,electricity,USA|US Total,US,False,True,rolling,2024-12-01,10,2025-10-01,352574.93,347802.9148958386,21495.640635517397,320255.14298700716,375350.68680467,0.8,10432.72115942029,
sarima_core,electricity,USA|US Total,US,False,True,rolling,2024-12-01,11,2025-11-01,340816.65,337445.34110021504,22242.405274667348,308940.5517989876,365950.13040144247,0.8,10432.72115942029,
sarima_core,electricity,USA|US Total,US,False,True,rolling,2024-12-01,12,2025-12-01,387652.09,369601.88830603746,22964.899671841584,340171.1851790142,399032.5914330607,0.8,10432.72115942029,
sarima_core,electricity,USA|Utah,US,True,False,holdout,last12,1,2025-01-01,3715.99,3314.4846365610374,272.28798874162015,2965.533538310224,3663.435734811851,0.8,286.88612318840575,
sarima_core,electricity,USA|Utah,US,True,False,holdout,last12,2,2025-02-01,3400.02,2748.776237914822,327.3198733635182,2329.298941771945,3168.253534057699,0.8,286.88612318840575,
sarima_core,electricity,USA|Utah,US,True,False,holdout,last12,3,2025-03-01,3082.64,2675.6585048870065,353.8323363683001,2222.204120273908,3129.112889500105,0.8,286.88612318840575,
sarima_core,electricity,USA|Utah,US,True,False,holdout,last12,4,2025-04-01,2293.93,2313.6367673589934,370.457178584566,1838.8767901767073,2788.3967445412795,0.8,286.88612318840575,
sarima_core,electricity,USA|Utah,US,True,False,holdout,last12,5,2025-05-01,2613.36,2399.772744929419,382.9144917861036,1909.0480785112227,2890.497411347615,0.8,286.88612318840575,
sarima_core,electricity,USA|Utah,US,True,False,holdout,last12,6,2025-06-01,3349.4,2730.2565510424447,393.3883296410111,2226.1091213240315,3234.403980760858,0.8,286.88612318840575,
sarima_core,electricity,USA|Utah,US,True,False,holdout,last12,7,2025-07-01,3619.2,3804.573274664885,402.8236228429061,3288.334030172211,4320.812519157559,0.8,286.88612318840575,
sarima_core,electricity,USA|Utah,US,True,False,holdout,last12,8,2025-08-01,3546.26,3673.558467281292,411.66317553225383,3145.9908802008704,4201.126054361714,0.8,286.88612318840575,
sarima_core,electricity,USA|Utah,US,True,False,holdout,last12,9,2025-09-01,3521.16,3369.394941836993,420.12590866767584,2830.981925858085,3907.807957815901,0.8,286.88612318840575,
sarima_core,electricity,USA|Utah,US,True,False,holdout,last12,10,2025-10-01,3130.11,3288.4877844996854,428.3246514558791,2739.5676568650583,3837.4079121343125,0.8,286.88612318840575,
sarima_core,electricity,USA|Utah,US,True,False,holdout,last12,11,2025-11-01,3248.99,2839.028086925407,436.3200130269847,2279.8614911522345,3398.1946826985795,0.8,286.88612318840575,
sarima_core,electricity,USA|Utah,US,True,False,holdout,last12,12,2025-12-01,2812.76,2952.7053125345665,444.14624375818454,2383.5089985155114,3521.9016265536216,0.8,286.88612318840575,
sarima_core,electricity,USA|Utah,US,True,False,rolling,2022-12-01,1,2023-01-01,3553.82,3333.0774142367172,261.02287883244264,2998.5631352260416,3667.591693247393,0.8,265.5421825396826,
sarima_core,electricity,USA|Utah,US,True,False,rolling,2022-12-01,2,2023-02-01,2907.11,3103.686876582327,308.83382846031583,2707.9004002258766,3499.473352938777,0.8,265.5421825396826,
sarima_core,electricity,USA|Utah,US,True,False,rolling,2022-12-01,3,2023-03-01,2822.41,2888.295823631247,329.74675115405034,2465.708358456528,3310.883288805966,0.8,265.5421825396826,
sarima_core,electricity,USA|Utah,US,True,False,rolling,2022-12-01,4,2023-04-01,2304.74,2855.3642441837424,341.8158240259709,2417.3096397753416,3293.418848592143,0.8,265.5421825396826,
sarima_core,electricity,USA|Utah,US,True,False,rolling,2022-12-01,5,2023-05-01,2207.65,3253.4186835437145,350.3500274762136,2804.427057342979,3702.41030974445,0.8,265.5421825396826,
sarima_core,electricity,USA|Utah,US,True,False,rolling,2022-12-01,6,2023-06-01,2373.58,3673.5398982924653,357.28706036178664,3215.6581067369893,4131.421689847941,0.8,265.5421825396826,
sarima_core,electricity,USA|Utah,US,True,False,rolling,2022-12-01,7,2023-07-01,3834.3,4337.036532882403,363.4338227170096,3871.2773484075606,4802.795717357245,0.8,265.5421825396826,
sarima_core,electricity,USA|Utah,US,True,False,rolling,2022-12-01,8,2023-08-01,3727.85,4345.442754133153,369.15696660931155,3872.349065643294,4818.536442623013,0.8,265.5421825396826,
sarima_core,electricity,USA|Utah,US,True,False,rolling,2022-12-01,9,2023-09-01,3194.96,4079.9621494719822,374.632749593486,3599.850962726172,4560.0733362177925,0.8,265.5421825396826,
sarima_core,electricity,USA|Utah,US,True,False,rolling,2022-12-01,10,2023-10-01,2852.8,3276.556303520905,379.9491601700268,2789.6318624776513,3763.480744564159,0.8,265.5421825396826,
sarima_core,electricity,USA|Utah,US,True,False,rolling,2022-12-01,11,2023-11-01,2395.0,3192.3718721329697,385.15147963157517,2698.7803904393054,3685.963353826634,0.8,265.5421825396826,
sarima_core,electricity,USA|Utah,US,True,False,rolling,2022-12-01,12,2023-12-01,2349.51,3511.321883744316,390.26379166620853,3011.1787105591147,4011.4650569295172,0.8,265.5421825396826,
sarima_core,electricity,USA|Utah,US,True,False,rolling,2023-12-01,1,2024-01-01,2664.33,2530.3356317218245,269.89143289187706,2184.455843372164,2876.215420071485,0.8,278.2698106060607,
sarima_core,electricity,USA|Utah,US,True,False,rolling,2023-12-01,2,2024-02-01,2340.89,2066.1170762364445,320.0270639626088,1655.9858913985213,2476.2482610743677,0.8,278.2698106060607,
sarima_core,electricity,USA|Utah,US,True,False,rolling,2023-12-01,3,2024-03-01,2370.23,1936.8584922937098,344.22279616024065,1495.7192289784134,2377.997755609006,0.8,278.2698106060607,
sarima_core,electricity,USA|Utah,US,True,False,rolling,2023-12-01,4,2024-04-01,2178.21,1780.3359599385203,360.1472418053806,1318.788698376265,2241.8832215007756,0.8,278.2698106060607,
sarima_core,electricity,USA|Utah,US,True,False,rolling,2023-12-01,5,2024-05-01,2432.52,1852.2898172291448,372.7936961205604,1374.5354723406826,2330.044162117607,0.8,278.2698106060607,
sarima_core,electricity,USA|Utah,US,True,False,rolling,2023-12-01,6,2024-06-01,2904.47,1987.560422832013,383.93719572175377,1495.525108583996,2479.59573708003,0.8,278.2698106060607,
sarima_core,electricity,USA|Utah,US,True,False,rolling,2023-12-01,7,2024-07-01,3684.63,3184.6180327689503,394.2937942251919,2679.3102034951353,3689.9258620427654,0.8,278.2698106060607,
sarima_core,electricity,USA|Utah,US,True,False,rolling,2023-12-01,8,2024-08-01,3538.08,3178.919419554069,404.1759087286714,2660.9471509674286,3696.8916881407094,0.8,278.2698106060607,
sarima_core,electricity,USA|Utah,US,True,False,rolling,2023-12-01,9,2024-09-01,3414.01,2797.642123786266,413.7284193423482,2267.427820267787,3327.856427304745,0.8,278.2698106060607,
sarima_core,electricity,USA|Utah,US,True,False,rolling,2023-12-01,10,2024-10-01,3537.64,2228.731553397035,423.02314773121134,1686.6055761604962,2770.857530633574,0.8,278.2698106060607,
sarima_core,electricity,USA|Utah,US,True,False,rolling,2023-12-01,11,2024-11-01,3095.19,1913.9454898694648,432.09897829304407,1360.188367767792,2467.7026119711377,0.8,278.2698106060607,
sarima_core,electricity,USA|Utah,US,True,False,rolling,2023-12-01,12,2024-12-01,3333.15,2112.6926434245242,440.9794659854769,1547.5547184178145,2677.830568431234,0.8,278.2698106060607,
sarima_core,electricity,USA|Utah,US,True,False,rolling,2024-12-01,1,2025-01-01,3715.99,3314.4846365610374,272.28798874162015,2965.533538310224,3663.435734811851,0.8,286.88612318840575,
sarima_core,electricity,USA|Utah,US,True,False,rolling,2024-12-01,2,2025-02-01,3400.02,2748.776237914822,327.3198733635182,2329.298941771945,3168.253534057699,0.8,286.88612318840575,
sarima_core,electricity,USA|Utah,US,True,False,rolling,2024-12-01,3,2025-03-01,3082.64,2675.6585048870065,353.8323363683001,2222.204120273908,3129.112889500105,0.8,286.88612318840575,
sarima_core,electricity,USA|Utah,US,True,False,rolling,2024-12-01,4,2025-04-01,2293.93,2313.6367673589934,370.457178584566,1838.8767901767073,2788.3967445412795,0.8,286.88612318840575,
sarima_core,electricity,USA|Utah,US,True,False,rolling,2024-12-01,5,2025-05-01,2613.36,2399.772744929419,382.9144917861036,1909.0480785112227,2890.497411347615,0.8,286.88612318840575,
sarima_core,electricity,USA|Utah,US,True,False,rolling,2024-12-01,6,2025-06-01,3349.4,2730.2565510424447,393.3883296410111,2226.1091213240315,3234.403980760858,0.8,286.88612318840575,
sarima_core,electricity,USA|Utah,US,True,False,rolling,2024-12-01,7,2025-07-01,3619.2,3804.573274664885,402.8236228429061,3288.334030172211,4320.812519157559,0.8,286.88612318840575,
sarima_core,electricity,USA|Utah,US,True,False,rolling,2024-12-01,8,2025-08-01,3546.26,3673.558467281292,411.66317553225383,3145.9908802008704,4201.126054361714,0.8,286.88612318840575,
sarima_core,electricity,USA|Utah,US,True,False,rolling,2024-12-01,9,2025-09-01,3521.16,3369.394941836993,420.12590866767584,2830.981925858085,3907.807957815901,0.8,286.88612318840575,
sarima_core,electricity,USA|Utah,US,True,False,rolling,2024-12-01,10,2025-10-01,3130.11,3288.4877844996854,428.3246514558791,2739.5676568650583,3837.4079121343125,0.8,286.88612318840575,
sarima_core,electricity,USA|Utah,US,True,False,rolling,2024-12-01,11,2025-11-01,3248.99,2839.028086925407,436.3200130269847,2279.8614911522345,3398.1946826985795,0.8,286.88612318840575,
sarima_core,electricity,USA|Utah,US,True,False,rolling,2024-12-01,12,2025-12-01,2812.76,2952.7053125345665,444.14624375818454,2383.5089985155114,3521.9016265536216,0.8,286.88612318840575,
sarima_core,electricity,USA|Vermont,US,False,False,holdout,last12,1,2025-01-01,246.75,249.79931081673197,90.38262244351174,133.969319526223,365.62930210724096,0.8,78.75684782608695,
sarima_core,electricity,USA|Vermont,US,False,False,holdout,last12,2,2025-02-01,208.26,243.01120422650166,101.71549320688877,112.65755466707219,373.36485378593113,0.8,78.75684782608695,
sarima_core,electricity,USA|Vermont,US,False,False,holdout,last12,3,2025-03-01,252.35,263.00913159819265,111.18581311621557,120.51877873275723,405.49948446362805,0.8,78.75684782608695,
sarima_core,electricity,USA|Vermont,US,False,False,holdout,last12,4,2025-04-01,211.33,231.6766585009406,119.88411208657129,78.03898697247081,385.31433002941037,0.8,78.75684782608695,
sarima_core,electricity,USA|Vermont,US,False,False,holdout,last12,5,2025-05-01,258.52,221.34379259883855,127.99164694496253,57.31589707989005,385.371688117787,0.8,78.75684782608695,
sarima_core,electricity,USA|Vermont,US,False,False,holdout,last12,6,2025-06-01,232.59,229.41276159698432,135.6153119921636,55.61474620160763,403.21077699236105,0.8,78.75684782608695,
sarima_core,electricity,USA|Vermont,US,False,False,holdout,last12,7,2025-07-01,220.2,256.49396066211676,142.83264191433744,73.4465648059263,439.5413565183072,0.8,78.75684782608695,
sarima_core,electricity,USA|Vermont,US,False,False,holdout,last12,8,2025-08-01,211.6,263.80250559834167,149.7024192499208,71.95113584279153,455.6538753538918,0.8,78.75684782608695,
sarima_core,electricity,USA|Vermont,US,False,False,holdout,last12,9,2025-09-01,188.93,236.27935296890615,156.2704868542625,36.01066589240918,436.5480400454031,0.8,78.75684782608695,
sarima_core,electricity,USA|Vermont,US,False,False,holdout,last12,10,2025-10-01,168.72,174.33335558635488,162.57341662778344,-34.012861008915564,382.6795721816253,0.8,78.75684782608695,
sarima_core,electricity,USA|Vermont,US,False,False,holdout,last12,11,2025-11-01,174.42,235.56653009827107,168.6409396510599,19.444469873542772,451.6885903229994,0.8,78.75684782608695,
sarima_core,electricity,USA|Vermont,US,False,False,holdout,last12,12,2025-12-01,198.73,245.22794153359106,174.4976139056175,21.600251249049734,468.8556318181324,0.8,78.75684782608695,
sarima_core,electricity,USA|Vermont,US,False,False,rolling,2022-12-01,1,2023-01-01,207.56,195.24425651121265,93.74949711824314,75.09944171030915,315.38907131211613,0.8,82.3268253968254,
sarima_core,electricity,USA|Vermont,US,False,False,rolling,2022-12-01,2,2023-02-01,198.51,193.77071175090518,105.37510536111128,58.72708050594579,328.81434299586454,0.8,82.3268253968254,
sarima_core,electricity,USA|Vermont,US,False,False,rolling,2022-12-01,3,2023-03-01,221.31,269.1548905772135,115.42118491739112,121.23669034931811,417.0730908051089,0.8,82.3268253968254,
sarima_core,electricity,USA|Vermont,US,False,False,rolling,2022-12-01,4,2023-04-01,175.35,264.1079171260828,124.65172957658224,104.36029793937163,423.8555363127939,0.8,82.3268253968254,
sarima_core,electricity,USA|Vermont,US,False,False,rolling,2022-12-01,5,2023-05-01,180.76,225.82828427685206,133.24417407791978,55.06900438759672,396.5875641661074,0.8,82.3268253968254,
sarima_core,electricity,USA|Vermont,US,False,False,rolling,2022-12-01,6,2023-06-01,156.4,170.62997333427643,141.31512695478338,-10.472648849760162,351.732595518313,0.8,82.3268253968254,
sarima_core,electricity,USA|Vermont,US,False,False,rolling,2022-12-01,7,2023-07-01,218.76,186.70347646779462,148.94938826056767,-4.182845244446412,377.58979818003564,0.8,82.3268253968254,
sarima_core,electricity,USA|Vermont,US,False,False,rolling,2022-12-01,8,2023-08-01,215.23,162.03368371355174,156.2109964747123,-38.15876337389784,362.2261308010013,0.8,82.3268253968254,
sarima_core,electricity,USA|Vermont,US,False,False,rolling,2022-12-01,9,2023-09-01,170.46,150.76264303051656,163.14971828365532,-58.32213385406243,359.84741991509554,0.8,82.3268253968254,
sarima_core,electricity,USA|Vermont,US,False,False,rolling,2022-12-01,10,2023-10-01,63.35,168.79006588675765,169.805140477105,-48.823977729197054,386.40410950271234,0.8,82.3268253968254,
sarima_core,electricity,USA|Vermont,US,False,False,rolling,2022-12-01,11,2023-11-01,177.17,186.9745895288096,176.20936663203412,-38.846800142096214,412.79597919971536,0.8,82.3268253968254,
sarima_core,electricity,USA|Vermont,US,False,False,rolling,2022-12-01,12,2023-12-01,183.12,224.31189756042073,182.38885943301437,-9.428830783852902,458.05262590469437,0.8,82.3268253968254,
sarima_core,electricity,USA|Vermont,US,False,False,rolling,2023-12-01,1,2024-01-01,214.78,173.27230925382858,92.19638225096826,55.117891242551806,291.42672726510534,0.8,80.74250000000002,
sarima_core,electricity,USA|Vermont,US,False,False,rolling,2023-12-01,2,2024-02-01,208.83,181.85474663349095,103.7251592177301,48.92560645164602,314.7838868153359,0.8,80.74250000000002,
sarima_core,electricity,USA|Vermont,US,False,False,rolling,2023-12-01,3,2024-03-01,226.08,223.98032732208708,113.39214084338963,78.66245170378727,369.2982029403869,0.8,80.74250000000002,
sarima_core,electricity,USA|Vermont,US,False,False,rolling,2023-12-01,4,2024-04-01,208.81,199.19012116889448,122.27278412010699,42.4912432562744,355.88899908151456,0.8,80.74250000000002,
sarima_core,electricity,USA|Vermont,US,False,False,rolling,2023-12-01,5,2024-05-01,183.34,177.6341252967659,130.5498352979562,10.32777948908037,344.9404711044514,0.8,80.74250000000002,
sarima_core,electricity,USA|Vermont,US,False,False,rolling,2023-12-01,6,2024-06-01,222.59,136.82161864900368,138.33248506232263,-40.45859414829093,314.1018314462983,0.8,80.74250000000002,
sarima_core,electricity,USA|Vermont,US,False,False,rolling,2023-12-01,7,2024-07-01,215.75,164.91701442140047,145.70001033648305,-21.80506192518385,351.6390907679848,0.8,80.74250000000002,
sarima_core,electricity,USA|Vermont,US,False,False,rolling,2023-12-01,8,2024-08-01,233.48,150.45139799566599,152.71250632348324,-45.25755356143364,346.16034955276564,0.8,80.74250000000002,
sarima_core,electricity,USA|Vermont,US,False,False,rolling,2023-12-01,9,2024-09-01,222.54,124.47023986346605,159.41683149106524,-79.83065010806837,328.77112983500047,0.8,80.74250000000002,
sarima_core,electricity,USA|Vermont,US,False,False,rolling,2023-12-01,10,2024-10-01,204.02,76.35268772361565,165.85036248884828,-136.19310397010733,288.89847941733865,0.8,80.74250000000002,
sarima_core,electricity,USA|Vermont,US,False,False,rolling,2023-12-01,11,2024-11-01,214.69,148.86472190358012,172.0434808782749,-71.61787035771559,369.3473141648758,0.8,80.74250000000002,
sarima_core,electricity,USA|Vermont,US,False,False,rolling,2023-12-01,12,2024-12-01,227.92,177.7215988620053,178.02127931161561,-50.42185034004828,405.8650480640589,0.8,80.74250000000002,
sarima_core,electricity,USA|Vermont,US,False,False,rolling,2024-12-01,1,2025-01-01,246.75,249.79931081673197,90.38262244351174,133.969319526223,365.62930210724096,0.8,78.75684782608695,
sarima_core,electricity,USA|Vermont,US,False,False,rolling,2024-12-01,2,2025-02-01,208.26,243.01120422650166,101.71549320688877,112.65755466707219,373.36485378593113,0.8,78.75684782608695,
sarima_core,electricity,USA|Vermont,US,False,False,rolling,2024-12-01,3,2025-03-01,252.35,263.00913159819265,111.18581311621557,120.51877873275723,405.49948446362805,0.8,78.75684782608695,
sarima_core,electricity,USA|Vermont,US,False,False,rolling,2024-12-01,4,2025-04-01,211.33,231.6766585009406,119.88411208657129,78.03898697247081,385.31433002941037,0.8,78.75684782608695,
sarima_core,electricity,USA|Vermont,US,False,False,rolling,2024-12-01,5,2025-05-01,258.52,221.34379259883855,127.99164694496253,57.31589707989005,385.371688117787,0.8,78.75684782608695,
sarima_core,electricity,USA|Vermont,US,False,False,rolling,2024-12-01,6,2025-06-01,232.59,229.41276159698432,135.6153119921636,55.61474620160763,403.21077699236105,0.8,78.75684782608695,
sarima_core,electricity,USA|Vermont,US,False,False,rolling,2024-12-01,7,2025-07-01,220.2,256.49396066211676,142.83264191433744,73.4465648059263,439.5413565183072,0.8,78.75684782608695,
sarima_core,electricity,USA|Vermont,US,False,False,rolling,2024-12-01,8,2025-08-01,211.6,263.80250559834167,149.7024192499208,71.95113584279153,455.6538753538918,0.8,78.75684782608695,
sarima_core,electricity,USA|Vermont,US,False,False,rolling,2024-12-01,9,2025-09-01,188.93,236.27935296890615,156.2704868542625,36.01066589240918,436.5480400454031,0.8,78.75684782608695,
sarima_core,electricity,USA|Vermont,US,False,False,rolling,2024-12-01,10,2025-10-01,168.72,174.33335558635488,162.57341662778344,-34.012861008915564,382.6795721816253,0.8,78.75684782608695,
sarima_core,electricity,USA|Vermont,US,False,False,rolling,2024-12-01,11,2025-11-01,174.42,235.56653009827107,168.6409396510599,19.444469873542772,451.6885903229994,0.8,78.75684782608695,
sarima_core,electricity,USA|Vermont,US,False,False,rolling,2024-12-01,12,2025-12-01,198.73,245.22794153359106,174.4976139056175,21.600251249049734,468.8556318181324,0.8,78.75684782608695,
sarima_core,electricity,USA|Virginia,US,True,False,holdout,last12,1,2025-01-01,9929.47,9602.284389663042,624.9926333923239,8801.324101885268,10403.244677440816,0.8,583.1111956521739,
sarima_core,electricity,USA|Virginia,US,True,False,holdout,last12,2,2025-02-01,8896.14,8829.998424149348,685.7787111367116,7951.137643274937,9708.859205023758,0.8,583.1111956521739,
sarima_core,electricity,USA|Virginia,US,True,False,holdout,last12,3,2025-03-01,8569.92,8534.90744560511,704.905182840166,7631.535104975792,9438.279786234427,0.8,583.1111956521739,
sarima_core,electricity,USA|Virginia,US,True,False,holdout,last12,4,2025-04-01,7100.73,6841.223452778151,715.3248046281024,5924.497829534121,7757.9490760221815,0.8,583.1111956521739,
sarima_core,electricity,USA|Virginia,US,True,False,holdout,last12,5,2025-05-01,7547.2,7219.347289995217,723.3182079198664,6292.377708248598,8146.316871741836,0.8,583.1111956521739,
sarima_core,electricity,USA|Virginia,US,True,False,holdout,last12,6,2025-06-01,10445.23,9484.091129451177,730.5060984169558,8547.90989538505,10420.272363517304,0.8,583.1111956521739,
sarima_core,electricity,USA|Virginia,US,True,False,holdout,last12,7,2025-07-01,11489.17,10886.842135756135,737.3844501820457,9941.84593921709,11831.83833229518,0.8,583.1111956521739,
sarima_core,electricity,USA|Virginia,US,True,False,holdout,last12,8,2025-08-01,10656.82,10903.144410621362,744.117648022737,9949.519273848458,11856.769547394266,0.8,583.1111956521739,
sarima_core,electricity,USA|Virginia,US,True,False,holdout,last12,9,2025-09-01,8660.54,9133.401649021751,750.7624589837908,8171.26084435896,10095.542453684542,0.8,583.1111956521739,
sarima_core,electricity,USA|Virginia,US,True,False,holdout,last12,10,2025-10-01,6597.59,7828.8751660946655,757.3393317713193,6858.30575981463,8799.444572374701,0.8,583.1111956521739,
sarima_core,electricity,USA|Virginia,US,True,False,holdout,last12,11,2025-11-01,7158.03,7624.120204176221,763.8562573095999,6645.199021770064,8603.041386582378,0.8,583.1111956521739,
sarima_core,electricity,USA|Virginia,US,True,False,holdout,last12,12,2025-12-01,9489.73,8992.371037929137,770.3169059823081,8005.170201102037,9979.571874756237,0.8,583.1111956521739,
sarima_core,electricity,USA|Virginia,US,True,False,rolling,2022-12-01,1,2023-01-01,8428.44,7840.410020392782,627.1920363089362,7036.6310843639585,8644.188956421605,0.8,576.9301587301587,
sarima_core,electricity,USA|Virginia,US,True,False,rolling,2022-12-01,2,2023-02-01,7152.74,6907.041087788066,681.679577157108,6033.433558482593,7780.648617093539,0.8,576.9301587301587,
sarima_core,electricity,USA|Virginia,US,True,False,rolling,2022-12-01,3,2023-03-01,7445.03,7028.183617668967,696.3905205236618,6135.723255861449,7920.643979476485,0.8,576.9301587301587,
sarima_core,electricity,USA|Virginia,US,True,False,rolling,2022-12-01,4,2023-04-01,5930.97,5613.212099529096,703.4239799796868,4711.737996744515,6514.686202313677,0.8,576.9301587301587,
sarima_core,electricity,USA|Virginia,US,True,False,rolling,2022-12-01,5,2023-05-01,6338.34,6092.696403412006,708.4555066178274,5184.774139787236,7000.618667036775,0.8,576.9301587301587,
sarima_core,electricity,USA|Virginia,US,True,False,rolling,2022-12-01,6,2023-06-01,7994.03,8093.382507491939,712.859067807106,7179.816853131078,9006.9481618528,0.8,576.9301587301587,
sarima_core,electricity,USA|Virginia,US,True,False,rolling,2022-12-01,7,2023-07-01,9898.1,9175.120712506578,717.0403215088651,8256.196565918288,10094.044859094867,0.8,576.9301587301587,
sarima_core,electricity,USA|Virginia,US,True,False,rolling,2022-12-01,8,2023-08-01,9988.2,8915.40580719575,721.1311493455387,7991.239053788998,9839.572560602503,0.8,576.9301587301587,
sarima_core,electricity,USA|Virginia,US,True,False,rolling,2022-12-01,9,2023-09-01,7621.49,6875.179013574492,725.1762404267303,5945.828267359869,7804.529759789116,0.8,576.9301587301587,
sarima_core,electricity,USA|Virginia,US,True,False,rolling,2022-12-01,10,2023-10-01,6550.1,6099.232318947942,729.1911057213069,5164.736315829603,7033.728322066281,0.8,576.9301587301587,
sarima_core,electricity,USA|Virginia,US,True,False,rolling,2022-12-01,11,2023-11-01,7040.95,6500.613188977545,733.1813070632994,5561.003537082537,7440.222840872553,0.8,576.9301587301587,
sarima_core,electricity,USA|Virginia,US,True,False,rolling,2022-12-01,12,2023-12-01,8173.99,7850.447917567622,737.1489874622173,6905.753478645801,8795.142356489443,0.8,576.9301587301587,
sarima_core,electricity,USA|Virginia,US,True,False,rolling,2023-12-01,1,2024-01-01,9600.62,8197.835321769959,616.9405698161881,7407.194168674045,8988.476474865873,0.8,569.0838636363637,
sarima_core,electricity,USA|Virginia,US,True,False,rolling,2023-12-01,2,2024-02-01,9053.71,6998.11713796933,672.8136096632758,6135.871803185645,7860.362472753014,0.8,569.0838636363637,
sarima_core,electricity,USA|Virginia,US,True,False,rolling,2023-12-01,3,2024-03-01,8293.9,7160.319155775576,687.6519533588305,6279.057718398764,8041.580593152388,0.8,569.0838636363637,
sarima_core,electricity,USA|Virginia,US,True,False,rolling,2023-12-01,4,2024-04-01,6456.16,5559.751392712918,694.356988078646,4669.897107593895,6449.60567783194,0.8,569.0838636363637,
sarima_core,electricity,USA|Virginia,US,True,False,rolling,2023-12-01,5,2024-05-01,6807.85,6396.027282162182,698.9102256614949,5500.337788290563,7291.716776033801,0.8,569.0838636363637,
sarima_core,electricity,USA|Virginia,US,True,False,rolling,2023-12-01,6,2024-06-01,9504.48,8094.125602905545,702.7773828565455,7193.480147676402,8994.771058134687,0.8,569.0838636363637,
sarima_core,electricity,USA|Virginia,US,True,False,rolling,2023-12-01,7,2024-07-01,10549.46,9625.422073707763,706.39912914331,8720.135163854811,10530.708983560715,0.8,569.0838636363637,
sarima_core,electricity,USA|Virginia,US,True,False,rolling,2023-12-01,8,2024-08-01,10512.96,9536.935079493467,709.9231452194173,8627.131961321176,10446.738197665758,0.8,569.0838636363637,
sarima_core,electricity,USA|Virginia,US,True,False,rolling,2023-12-01,9,2024-09-01,9168.36,7340.7632661545385,713.4013729156864,6426.502619832773,8255.023912476303,0.8,569.0838636363637,
sarima_core,electricity,USA|Virginia,US,True,False,rolling,2023-12-01,10,2024-10-01,7697.74,6336.039943191281,716.8525111823027,5417.356485221023,7254.723401161539,0.8,569.0838636363637,
sarima_core,electricity,USA|Virginia,US,True,False,rolling,2023-12-01,11,2024-11-01,6997.49,6821.132636169129,720.2834321370742,5898.052276078024,7744.212996260234,0.8,569.0838636363637,
sarima_core,electricity,USA|Virginia,US,True,False,rolling,2023-12-01,12,2024-12-01,8533.28,8166.601184201081,723.6967596272889,7239.146468921175,9094.055899480987,0.8,569.0838636363637,
sarima_core,electricity,USA|Virginia,US,True,False,rolling,2024-12-01,1,2025-01-01,9929.47,9602.284389663042,624.9926333923239,8801.324101885268,10403.244677440816,0.8,583.1111956521739,
sarima_core,electricity,USA|Virginia,US,True,False,rolling,2024-12-01,2,2025-02-01,8896.14,8829.998424149348,685.7787111367116,7951.137643274937,9708.859205023758,0.8,583.1111956521739,
sarima_core,electricity,USA|Virginia,US,True,False,rolling,2024-12-01,3,2025-03-01,8569.92,8534.90744560511,704.905182840166,7631.535104975792,9438.279786234427,0.8,583.1111956521739,
sarima_core,electricity,USA|Virginia,US,True,False,rolling,2024-12-01,4,2025-04-01,7100.73,6841.223452778151,715.3248046281024,5924.497829534121,7757.9490760221815,0.8,583.1111956521739,
sarima_core,electricity,USA|Virginia,US,True,False,rolling,2024-12-01,5,2025-05-01,7547.2,7219.347289995217,723.3182079198664,6292.377708248598,8146.316871741836,0.8,583.1111956521739,
sarima_core,electricity,USA|Virginia,US,True,False,rolling,2024-12-01,6,2025-06-01,10445.23,9484.091129451177,730.5060984169558,8547.90989538505,10420.272363517304,0.8,583.1111956521739,
sarima_core,electricity,USA|Virginia,US,True,False,rolling,2024-12-01,7,2025-07-01,11489.17,10886.842135756135,737.3844501820457,9941.84593921709,11831.83833229518,0.8,583.1111956521739,
sarima_core,electricity,USA|Virginia,US,True,False,rolling,2024-12-01,8,2025-08-01,10656.82,10903.144410621362,744.117648022737,9949.519273848458,11856.769547394266,0.8,583.1111956521739,
sarima_core,electricity,USA|Virginia,US,True,False,rolling,2024-12-01,9,2025-09-01,8660.54,9133.401649021751,750.7624589837908,8171.26084435896,10095.542453684542,0.8,583.1111956521739,
sarima_core,electricity,USA|Virginia,US,True,False,rolling,2024-12-01,10,2025-10-01,6597.59,7828.8751660946655,757.3393317713193,6858.30575981463,8799.444572374701,0.8,583.1111956521739,
sarima_core,electricity,USA|Virginia,US,True,False,rolling,2024-12-01,11,2025-11-01,7158.03,7624.120204176221,763.8562573095999,6645.199021770064,8603.041386582378,0.8,583.1111956521739,
sarima_core,electricity,USA|Virginia,US,True,False,rolling,2024-12-01,12,2025-12-01,9489.73,8992.371037929137,770.3169059823081,8005.170201102037,9979.571874756237,0.8,583.1111956521739,
sarima_core,electricity,USA|Washington,US,True,False,holdout,last12,1,2025-01-01,9805.14,8986.991097644608,748.1802983201417,8028.159465022804,9945.822730266413,0.8,821.3428985507245,
sarima_core,electricity,USA|Washington,US,True,False,holdout,last12,2,2025-02-01,7949.51,7995.4515935516065,860.8723799678949,6892.199247269645,9098.70393983357,0.8,821.3428985507245,
sarima_core,electricity,USA|Washington,US,True,False,holdout,last12,3,2025-03-01,8717.34,8376.9573705121,896.2571561193366,7228.357608956813,9525.557132067388,0.8,821.3428985507245,
sarima_core,electricity,USA|Washington,US,True,False,holdout,last12,4,2025-04-01,8342.76,7003.196199665842,909.1786054630918,5838.03693447496,8168.355464856724,0.8,821.3428985507245,
sarima_core,electricity,USA|Washington,US,True,False,holdout,last12,5,2025-05-01,8050.98,8854.61218618848,914.644781444196,7682.447734611472,10026.776637765488,0.8,821.3428985507245,
sarima_core,electricity,USA|Washington,US,True,False,holdout,last12,6,2025-06-01,8695.6,8120.227555786944,917.3879169855104,6944.547634562464,9295.907477011426,0.8,821.3428985507245,
sarima_core,electricity,USA|Washington,US,True,False,holdout,last12,7,2025-07-01,9024.78,9352.908148648989,919.0374647682944,8175.11424688104,10530.702050416938,0.8,821.3428985507245,
sarima_core,electricity,USA|Washington,US,True,False,holdout,last12,8,2025-08-01,8891.26,9046.607608364058,920.2060400998488,7867.3161170505,10225.899099677617,0.8,821.3428985507245,
sarima_core,electricity,USA|Washington,US,True,False,holdout,last12,9,2025-09-01,7196.44,6753.6177618808215,921.1462986391194,5573.121280764244,7934.114242997399,0.8,821.3428985507245,
sarima_core,electricity,USA|Washington,US,True,False,holdout,last12,10,2025-10-01,8024.05,7051.372034741919,921.9718893097835,5869.817516608853,8232.926552874986,0.8,821.3428985507245,
sarima_core,electricity,USA|Washington,US,True,False,holdout,last12,11,2025-11-01,7990.22,8289.778542511807,922.7376457236566,7107.2426680477165,9472.314416975898,0.8,821.3428985507245,
sarima_core,electricity,USA|Washington,US,True,False,holdout,last12,12,2025-12-01,10654.71,8646.634908472077,923.4713700756793,7463.158728415973,9830.111088528181,0.8,821.3428985507245,
sarima_core,electricity,USA|Washington,US,True,False,rolling,2022-12-01,1,2023-01-01,9153.2,10463.913417761452,724.1214404562148,9535.91445210038,11391.912383422525,0.8,804.2140476190475,
sarima_core,electricity,USA|Washington,US,True,False,rolling,2022-12-01,2,2023-02-01,8364.27,9488.358558597529,834.7142070878722,8418.629259721747,10558.08785747331,0.8,804.2140476190475,
sarima_core,electricity,USA|Washington,US,True,False,rolling,2022-12-01,3,2023-03-01,8531.02,9305.129886897916,868.9359544479737,8191.543654117124,10418.716119678707,0.8,804.2140476190475,
sarima_core,electricity,USA|Washington,US,True,False,rolling,2022-12-01,4,2023-04-01,7090.11,7960.114974957496,880.7429054854817,6831.397525590277,9088.832424324715,0.8,804.2140476190475,
sarima_core,electricity,USA|Washington,US,True,False,rolling,2022-12-01,5,2023-05-01,10083.51,8970.23282674037,885.2037735178906,7835.798544962529,10104.66710851821,0.8,804.2140476190475,
sarima_core,electricity,USA|Washington,US,True,False,rolling,2022-12-01,6,2023-06-01,7912.94,10511.478632885626,887.090461674142,9374.626462947446,11648.330802823806,0.8,804.2140476190475,
sarima_core,electricity,USA|Washington,US,True,False,rolling,2022-12-01,7,2023-07-01,9249.04,10904.428462864853,888.0106514728903,9766.39702224949,12042.459903480216,0.8,804.2140476190475,
sarima_core,electricity,USA|Washington,US,True,False,rolling,2022-12-01,8,2023-08-01,9463.81,10226.563381419915,888.53813176591,9087.85594760924,11365.270815230591,0.8,804.2140476190475,
sarima_core,electricity,USA|Washington,US,True,False,rolling,2022-12-01,9,2023-09-01,7008.49,8095.106389183088,888.8922803459885,6955.945095705177,9234.267682661,0.8,804.2140476190475,
sarima_core,electricity,USA|Washington,US,True,False,rolling,2022-12-01,10,2023-10-01,7380.52,7886.581191600634,889.1639464294667,6747.071744028136,9026.090639173133,0.8,804.2140476190475,
sarima_core,electricity,USA|Washington,US,True,False,rolling,2022-12-01,11,2023-11-01,8448.9,9184.424520854815,889.3939554238982,8044.620304895413,10324.228736814215,0.8,804.2140476190475,
sarima_core,electricity,USA|Washington,US,True,False,rolling,2022-12-01,12,2023-12-01,8583.1,10537.122623619573,889.6020223180705,9397.051759206206,11677.193488032939,0.8,804.2140476190475,
sarima_core,electricity,USA|Washington,US,True,False,rolling,2023-12-01,1,2024-01-01,8813.88,9086.024472929807,756.1409748348901,8116.990822857733,10055.05812300188,0.8,832.5296590909089,
sarima_core,electricity,USA|Washington,US,True,False,rolling,2023-12-01,2,2024-02-01,7852.97,8431.895456009539,869.6969991460735,7317.333905204448,9546.457006814631,0.8,832.5296590909089,
sarima_core,electricity,USA|Washington,US,True,False,rolling,2023-12-01,3,2024-03-01,8647.49,8796.945359395997,905.0340243943027,7637.097588562348,9956.793130229646,0.8,832.5296590909089,
sarima_core,electricity,USA|Washington,US,True,False,rolling,2023-12-01,4,2024-04-01,7438.49,7346.508049929621,917.7102276289974,6170.415070995388,8522.601028863854,0.8,832.5296590909089,
sarima_core,electricity,USA|Washington,US,True,False,rolling,2023-12-01,5,2024-05-01,7945.94,9454.033776549732,922.9241320335638,8271.258910263226,10636.808642836237,0.8,832.5296590909089,
sarima_core,electricity,USA|Washington,US,True,False,rolling,2023-12-01,6,2024-06-01,8983.84,9262.02851922047,925.4472497989678,8076.020147411658,10448.036891029282,0.8,832.5296590909089,
sarima_core,electricity,USA|Washington,US,True,False,rolling,2023-12-01,7,2024-07-01,10104.32,10373.185676169156,926.9069173224864,9185.306665160404,11561.064687177908,0.8,832.5296590909089,
sarima_core,electricity,USA|Washington,US,True,False,rolling,2023-12-01,8,2024-08-01,9171.5,9925.290776168335,927.9062075158478,8736.131123247847,11114.450429088822,0.8,832.5296590909089,
sarima_core,electricity,USA|Washington,US,True,False,rolling,2023-12-01,9,2024-09-01,7080.1,7556.285120952895,928.689722870885,6366.121352702532,8746.448889203259,0.8,832.5296590909089,
sarima_core,electricity,USA|Washington,US,True,False,rolling,2023-12-01,10,2024-10-01,7289.72,7466.015543260563,929.3658101546673,6274.985334293224,8657.045752227903,0.8,832.5296590909089,
sarima_core,electricity,USA|Washington,US,True,False,rolling,2023-12-01,11,2024-11-01,8736.22,8581.76837848496,929.986146298789,7389.943176760957,9773.593580208963,0.8,832.5296590909089,
sarima_core,electricity,USA|Washington,US,True,False,rolling,2023-12-01,12,2024-12-01,9364.65,8925.068605961213,930.5767483134392,7732.486517300721,10117.650694621705,0.8,832.5296590909089,
sarima_core,electricity,USA|Washington,US,True,False,rolling,2024-12-01,1,2025-01-01,9805.14,8986.991097644608,748.1802983201417,8028.159465022804,9945.822730266413,0.8,821.3428985507245,
sarima_core,electricity,USA|Washington,US,True,False,rolling,2024-12-01,2,2025-02-01,7949.51,7995.4515935516065,860.8723799678949,6892.199247269645,9098.70393983357,0.8,821.3428985507245,
sarima_core,electricity,USA|Washington,US,True,False,rolling,2024-12-01,3,2025-03-01,8717.34,8376.9573705121,896.2571561193366,7228.357608956813,9525.557132067388,0.8,821.3428985507245,
sarima_core,electricity,USA|Washington,US,True,False,rolling,2024-12-01,4,2025-04-01,8342.76,7003.196199665842,909.1786054630918,5838.03693447496,8168.355464856724,0.8,821.3428985507245,
sarima_core,electricity,USA|Washington,US,True,False,rolling,2024-12-01,5,2025-05-01,8050.98,8854.61218618848,914.644781444196,7682.447734611472,10026.776637765488,0.8,821.3428985507245,
sarima_core,electricity,USA|Washington,US,True,False,rolling,2024-12-01,6,2025-06-01,8695.6,8120.227555786944,917.3879169855104,6944.547634562464,9295.907477011426,0.8,821.3428985507245,
sarima_core,electricity,USA|Washington,US,True,False,rolling,2024-12-01,7,2025-07-01,9024.78,9352.908148648989,919.0374647682944,8175.11424688104,10530.702050416938,0.8,821.3428985507245,
sarima_core,electricity,USA|Washington,US,True,False,rolling,2024-12-01,8,2025-08-01,8891.26,9046.607608364058,920.2060400998488,7867.3161170505,10225.899099677617,0.8,821.3428985507245,
sarima_core,electricity,USA|Washington,US,True,False,rolling,2024-12-01,9,2025-09-01,7196.44,6753.6177618808215,921.1462986391194,5573.121280764244,7934.114242997399,0.8,821.3428985507245,
sarima_core,electricity,USA|Washington,US,True,False,rolling,2024-12-01,10,2025-10-01,8024.05,7051.372034741919,921.9718893097835,5869.817516608853,8232.926552874986,0.8,821.3428985507245,
sarima_core,electricity,USA|Washington,US,True,False,rolling,2024-12-01,11,2025-11-01,7990.22,8289.778542511807,922.7376457236566,7107.2426680477165,9472.314416975898,0.8,821.3428985507245,
sarima_core,electricity,USA|Washington,US,True,False,rolling,2024-12-01,12,2025-12-01,10654.71,8646.634908472077,923.4713700756793,7463.158728415973,9830.111088528181,0.8,821.3428985507245,
sarima_core,electricity,"USA|Washington, D.C.",US,False,False,holdout,last12,1,2025-01-01,38.73,37.89396122849753,11.483278064394579,23.17754824748869,52.610374209506375,0.8,7.923115942028985,
sarima_core,electricity,"USA|Washington, D.C.",US,False,False,holdout,last12,2,2025-02-01,38.46,38.957493525103914,13.308006344525959,21.902597159999196,56.01238989020863,0.8,7.923115942028985,
sarima_core,electricity,"USA|Washington, D.C.",US,False,False,holdout,last12,3,2025-03-01,46.15,41.71055518409424,13.893383188069038,23.905468208713334,59.51564215947515,0.8,7.923115942028985,
sarima_core,electricity,"USA|Washington, D.C.",US,False,False,holdout,last12,4,2025-04-01,41.7,34.68512462950635,14.102128852009555,16.612519321701825,52.75772993731087,0.8,7.923115942028985,
sarima_core,electricity,"USA|Washington, D.C.",US,False,False,holdout,last12,5,2025-05-01,46.19,38.26058426055351,14.183050674481418,20.084273464473444,56.436895056633574,0.8,7.923115942028985,
sarima_core,electricity,"USA|Washington, D.C.",US,False,False,holdout,last12,6,2025-06-01,52.44,51.15965975439683,14.217748851582448,32.938881455131394,69.38043805366226,0.8,7.923115942028985,
sarima_core,electricity,"USA|Washington, D.C.",US,False,False,holdout,last12,7,2025-07-01,55.27,51.35018013713389,14.234649962600225,33.10774219258418,69.5926180816836,0.8,7.923115942028985,
sarima_core,electricity,"USA|Washington, D.C.",US,False,False,holdout,last12,8,2025-08-01,53.25,49.281803547472265,14.244190753518133,31.02713858738518,67.53646850755935,0.8,7.923115942028985,
sarima_core,electricity,"USA|Washington, D.C.",US,False,False,holdout,last12,9,2025-09-01,53.09,43.582108557257804,14.250444876083126,25.319428616606444,61.844788497909164,0.8,7.923115942028985,
sarima_core,electricity,"USA|Washington, D.C.",US,False,False,holdout,last12,10,2025-10-01,41.84,34.48738587780977,14.255121011833596,16.218713228066697,52.756058527552845,0.8,7.923115942028985,
sarima_core,electricity,"USA|Washington, D.C.",US,False,False,holdout,last12,11,2025-11-01,44.29,38.208630444807994,14.258992677223407,19.934996056223344,56.48226483339265,0.8,7.923115942028985,
sarima_core,electricity,"USA|Washington, D.C.",US,False,False,holdout,last12,12,2025-12-01,36.49,37.34299589778119,14.262435626395973,19.06494919229435,55.62104260326804,0.8,7.923115942028985,
sarima_core,electricity,"USA|Washington, D.C.",US,False,False,rolling,2022-12-01,1,2023-01-01,28.91,27.999924454402553,11.952621101990491,12.682024168785212,43.317824740019894,0.8,8.090079365079365,
sarima_core,electricity,"USA|Washington, D.C.",US,False,False,rolling,2022-12-01,2,2023-02-01,29.68,28.333686890089417,13.85850193047011,10.57330204499258,46.094071735186255,0.8,8.090079365079365,
sarima_core,electricity,"USA|Washington, D.C.",US,False,False,rolling,2022-12-01,3,2023-03-01,28.44,37.05926399617222,14.47092291098527,18.51403008472382,55.60449790762062,0.8,8.090079365079365,
sarima_core,electricity,"USA|Washington, D.C.",US,False,False,rolling,2022-12-01,4,2023-04-01,28.62,35.98382949918788,14.689102420853706,17.15898729529783,54.80867170307792,0.8,8.090079365079365,
sarima_core,electricity,"USA|Washington, D.C.",US,False,False,rolling,2022-12-01,5,2023-05-01,33.35,41.12467765081674,14.773254196950639,22.191990606526314,60.05736469510717,0.8,8.090079365079365,
sarima_core,electricity,"USA|Washington, D.C.",US,False,False,rolling,2022-12-01,6,2023-06-01,42.99,39.82219676866626,14.80895868053605,20.843752587539985,58.80064094979254,0.8,8.090079365079365,
sarima_core,electricity,"USA|Washington, D.C.",US,False,False,rolling,2022-12-01,7,2023-07-01,44.13,40.802066137172496,14.826066049079548,21.80169798110695,59.802434293238036,0.8,8.090079365079365,
sarima_core,electricity,"USA|Washington, D.C.",US,False,False,rolling,2022-12-01,8,2023-08-01,42.32,39.348422497983385,14.835523410956418,20.33593424499862,58.36091075096815,0.8,8.090079365079365,
sarima_core,electricity,"USA|Washington, D.C.",US,False,False,rolling,2022-12-01,9,2023-09-01,39.16,36.15068199049531,14.841587130075617,17.13042276878031,55.17094121221031,0.8,8.090079365079365,
sarima_core,electricity,"USA|Washington, D.C.",US,False,False,rolling,2022-12-01,10,2023-10-01,26.38,34.023363413803004,14.846031573541435,14.997408408606411,53.0493184189996,0.8,8.090079365079365,
sarima_core,electricity,"USA|Washington, D.C.",US,False,False,rolling,2022-12-01,11,2023-11-01,31.06,31.581890312959807,14.849654324845003,12.551292565158548,50.612488060761066,0.8,8.090079365079365,
sarima_core,electricity,"USA|Washington, D.C.",US,False,False,rolling,2022-12-01,12,2023-12-01,30.63,31.413174800083002,14.852840369654428,12.378493971568329,50.44785562859768,0.8,8.090079365079365,
sarima_core,electricity,"USA|Washington, D.C.",US,False,False,rolling,2023-12-01,1,2024-01-01,34.62,30.169680804558553,11.707198367082658,15.166302409082585,45.17305920003452,0.8,7.969621212121212,
sarima_core,electricity,"USA|Washington, D.C.",US,False,False,rolling,2023-12-01,2,2024-02-01,37.75,30.489114857611586,13.566478948565791,13.102972522149233,47.875257193073935,0.8,7.969621212121212,
sarima_core,electricity,"USA|Washington, D.C.",US,False,False,rolling,2023-12-01,3,2024-03-01,44.34,33.828071442915615,14.160274828649964,15.680949067717457,51.97519381811377,0.8,7.969621212121212,
sarima_core,electricity,"USA|Washington, D.C.",US,False,False,rolling,2023-12-01,4,2024-04-01,32.94,33.72638937677072,14.369764862472959,15.310794720760711,52.14198403278073,0.8,7.969621212121212,
sarima_core,electricity,"USA|Washington, D.C.",US,False,False,rolling,2023-12-01,5,2024-05-01,36.07,38.02289330725786,14.449377374258352,19.50527111213234,56.54051550238338,0.8,7.969621212121212,
sarima_core,electricity,"USA|Washington, D.C.",US,False,False,rolling,2023-12-01,6,2024-06-01,51.43,42.35482366026845,14.482454751456045,23.79481110061112,60.91483621992578,0.8,7.969621212121212,
sarima_core,electricity,"USA|Washington, D.C.",US,False,False,rolling,2023-12-01,7,2024-07-01,51.08,43.18197277550406,14.497881243943949,24.602190370247992,61.76175518076012,0.8,7.969621212121212,
sarima_core,electricity,"USA|Washington, D.C.",US,False,False,rolling,2023-12-01,8,2024-08-01,48.9,41.74163189954003,14.506151202540721,23.151251115897285,60.33201268318278,0.8,7.969621212121212,
sarima_core,electricity,"USA|Washington, D.C.",US,False,False,rolling,2023-12-01,9,2024-09-01,41.48,38.35006680771099,14.511294576160154,19.753094525554076,56.9470390898679,0.8,7.969621212121212,
sarima_core,electricity,"USA|Washington, D.C.",US,False,False,rolling,2023-12-01,10,2024-10-01,34.96,30.39969184081132,14.514966857420228,11.79801334085644,49.0013703407662,0.8,7.969621212121212,
sarima_core,electricity,"USA|Washington, D.C.",US,False,False,rolling,2023-12-01,11,2024-11-01,38.03,31.644103603463858,14.517901027749396,13.038664812930058,50.24954239399766,0.8,7.969621212121212,
sarima_core,electricity,"USA|Washington, D.C.",US,False,False,rolling,2023-12-01,12,2024-12-01,36.87,31.44038316119541,14.520446142703346,12.831682674607883,50.049083647782936,0.8,7.969621212121212,
sarima_core,electricity,"USA|Washington, D.C.",US,False,False,rolling,2024-12-01,1,2025-01-01,38.73,37.89396122849753,11.483278064394579,23.17754824748869,52.610374209506375,0.8,7.923115942028985,
sarima_core,electricity,"USA|Washington, D.C.",US,False,False,rolling,2024-12-01,2,2025-02-01,38.46,38.957493525103914,13.308006344525959,21.902597159999196,56.01238989020863,0.8,7.923115942028985,
sarima_core,electricity,"USA|Washington, D.C.",US,False,False,rolling,2024-12-01,3,2025-03-01,46.15,41.71055518409424,13.893383188069038,23.905468208713334,59.51564215947515,0.8,7.923115942028985,
sarima_core,electricity,"USA|Washington, D.C.",US,False,False,rolling,2024-12-01,4,2025-04-01,41.7,34.68512462950635,14.102128852009555,16.612519321701825,52.75772993731087,0.8,7.923115942028985,
sarima_core,electricity,"USA|Washington, D.C.",US,False,False,rolling,2024-12-01,5,2025-05-01,46.19,38.26058426055351,14.183050674481418,20.084273464473444,56.436895056633574,0.8,7.923115942028985,
sarima_core,electricity,"USA|Washington, D.C.",US,False,False,rolling,2024-12-01,6,2025-06-01,52.44,51.15965975439683,14.217748851582448,32.938881455131394,69.38043805366226,0.8,7.923115942028985,
sarima_core,electricity,"USA|Washington, D.C.",US,False,False,rolling,2024-12-01,7,2025-07-01,55.27,51.35018013713389,14.234649962600225,33.10774219258418,69.5926180816836,0.8,7.923115942028985,
sarima_core,electricity,"USA|Washington, D.C.",US,False,False,rolling,2024-12-01,8,2025-08-01,53.25,49.281803547472265,14.244190753518133,31.02713858738518,67.53646850755935,0.8,7.923115942028985,
sarima_core,electricity,"USA|Washington, D.C.",US,False,False,rolling,2024-12-01,9,2025-09-01,53.09,43.582108557257804,14.250444876083126,25.319428616606444,61.844788497909164,0.8,7.923115942028985,
sarima_core,electricity,"USA|Washington, D.C.",US,False,False,rolling,2024-12-01,10,2025-10-01,41.84,34.48738587780977,14.255121011833596,16.218713228066697,52.756058527552845,0.8,7.923115942028985,
sarima_core,electricity,"USA|Washington, D.C.",US,False,False,rolling,2024-12-01,11,2025-11-01,44.29,38.208630444807994,14.258992677223407,19.934996056223344,56.48226483339265,0.8,7.923115942028985,
sarima_core,electricity,"USA|Washington, D.C.",US,False,False,rolling,2024-12-01,12,2025-12-01,36.49,37.34299589778119,14.262435626395973,19.06494919229435,55.62104260326804,0.8,7.923115942028985,
sarima_core,electricity,USA|West Virginia,US,False,False,holdout,last12,1,2025-01-01,5982.09,4852.573168134249,733.690227757098,3912.311308127365,5792.835028141132,0.8,717.3102536231884,
sarima_core,electricity,USA|West Virginia,US,False,False,holdout,last12,2,2025-02-01,4649.35,3071.291505995795,817.9153213541753,2023.0908454314367,4119.492166560153,0.8,717.3102536231884,
sarima_core,electricity,USA|West Virginia,US,False,False,holdout,last12,3,2025-03-01,2983.63,3600.9191516012706,873.0915539147617,2482.00730381804,4719.830999384501,0.8,717.3102536231884,
sarima_core,electricity,USA|West Virginia,US,False,False,holdout,last12,4,2025-04-01,3975.78,3532.199453826539,922.2296141494108,2350.314648021769,4714.084259631309,0.8,717.3102536231884,
sarima_core,electricity,USA|West Virginia,US,False,False,holdout,last12,5,2025-05-01,3137.53,3733.299707160558,968.4899072597588,2492.129950297669,4974.469464023447,0.8,717.3102536231884,
sarima_core,electricity,USA|West Virginia,US,False,False,holdout,last12,6,2025-06-01,4935.56,4843.6273895719005,1012.5832180222607,3545.949781271283,6141.304997872518,0.8,717.3102536231884,
sarima_core,electricity,USA|West Virginia,US,False,False,holdout,last12,7,2025-07-01,5920.24,4935.075653175907,1054.8269106207408,3583.2605744913226,6286.8907318604915,0.8,717.3102536231884,
sarima_core,electricity,USA|West Virginia,US,False,False,holdout,last12,8,2025-08-01,4958.67,4992.509498444399,1095.4415932469026,3588.6446096561594,6396.374387232638,0.8,717.3102536231884,
sarima_core,electricity,USA|West Virginia,US,False,False,holdout,last12,9,2025-09-01,3064.23,3341.411021286626,1134.603177676385,1887.3585426635761,4795.463499909675,0.8,717.3102536231884,
sarima_core,electricity,USA|West Virginia,US,False,False,holdout,last12,10,2025-10-01,4203.9,2532.1002203669527,1172.4574189302793,1029.535579602472,4034.6648611314336,0.8,717.3102536231884,
sarima_core,electricity,USA|West Virginia,US,False,False,holdout,last12,11,2025-11-01,4217.15,2980.5039580296025,1209.12713097375,1430.9451903877423,4530.062725671462,0.8,717.3102536231884,
sarima_core,electricity,USA|West Virginia,US,False,False,holdout,last12,12,2025-12-01,5768.66,4050.2302502632283,1244.717010886394,2455.0612163017745,5645.399284224683,0.8,717.3102536231884,
sarima_core,electricity,USA|West Virginia,US,False,False,rolling,2022-12-01,1,2023-01-01,4646.64,6430.429814124971,726.9974870009928,5498.745046511858,7362.114581738084,0.8,728.9486904761904,
sarima_core,electricity,USA|West Virginia,US,False,False,rolling,2022-12-01,2,2023-02-01,3989.6,5157.050864456184,817.3629537794689,4109.558091421947,6204.543637490421,0.8,728.9486904761904,
sarima_core,electricity,USA|West Virginia,US,False,False,rolling,2022-12-01,3,2023-03-01,4609.98,3588.877330295637,886.2695971090295,2453.0771406259782,4724.677519965296,0.8,728.9486904761904,
sarima_core,electricity,USA|West Virginia,US,False,False,rolling,2022-12-01,4,2023-04-01,4128.22,4022.40800856859,949.2184469588124,2805.93562182471,5238.88039531247,0.8,728.9486904761904,
sarima_core,electricity,USA|West Virginia,US,False,False,rolling,2022-12-01,5,2023-05-01,3847.71,4404.855352531833,1008.1647899273052,3112.840187673552,5696.870517390114,0.8,728.9486904761904,
sarima_core,electricity,USA|West Virginia,US,False,False,rolling,2022-12-01,6,2023-06-01,4373.87,5095.527392052228,1063.8433671937107,3732.1572593308883,6458.897524773567,0.8,728.9486904761904,
sarima_core,electricity,USA|West Virginia,US,False,False,rolling,2022-12-01,7,2023-07-01,5869.25,6156.435327850049,1116.7488258404458,4725.264121774132,7587.606533925967,0.8,728.9486904761904,
sarima_core,electricity,USA|West Virginia,US,False,False,rolling,2022-12-01,8,2023-08-01,5358.92,6189.282471579598,1167.258781016927,4693.380153371673,7685.184789787522,0.8,728.9486904761904,
sarima_core,electricity,USA|West Virginia,US,False,False,rolling,2022-12-01,9,2023-09-01,4016.59,3955.5552686171045,1215.6719023762726,2397.60903893821,5513.501498295999,0.8,728.9486904761904,
sarima_core,electricity,USA|West Virginia,US,False,False,rolling,2022-12-01,10,2023-10-01,3132.09,2858.868299531662,1262.2294901336713,1241.256120374293,4476.480478689031,0.8,728.9486904761904,
sarima_core,electricity,USA|West Virginia,US,False,False,rolling,2022-12-01,11,2023-11-01,3606.49,3316.92675341856,1307.1298318171705,1641.7724710832151,4992.081035753905,0.8,728.9486904761904,
sarima_core,electricity,USA|West Virginia,US,False,False,rolling,2022-12-01,12,2023-12-01,4650.42,5279.026693873479,1350.538229256505,3548.242311841973,7009.811075904986,0.8,728.9486904761904,
sarima_core,electricity,USA|West Virginia,US,False,False,rolling,2023-12-01,1,2024-01-01,5639.26,4809.768912619718,734.2995211919252,3868.726211657556,5750.811613581881,0.8,723.1435606060605,
sarima_core,electricity,USA|West Virginia,US,False,False,rolling,2023-12-01,2,2024-02-01,3200.39,3730.1293398970056,824.0783587424589,2674.0304291191824,4786.228250674829,0.8,723.1435606060605,
sarima_core,electricity,USA|West Virginia,US,False,False,rolling,2023-12-01,3,2024-03-01,3674.21,3688.545972087966,881.7651005543754,2558.5185270299144,4818.573417146018,0.8,723.1435606060605,
sarima_core,electricity,USA|West Virginia,US,False,False,rolling,2023-12-01,4,2024-04-01,3831.87,3680.7432436046806,932.5629836743335,2485.615691907895,4875.870795301466,0.8,723.1435606060605,
sarima_core,electricity,USA|West Virginia,US,False,False,rolling,2023-12-01,5,2024-05-01,4297.83,3483.491330673504,980.2103482532405,2227.301224306546,4739.681437040462,0.8,723.1435606060605,
sarima_core,electricity,USA|West Virginia,US,False,False,rolling,2023-12-01,6,2024-06-01,5729.56,3919.9442777692802,1025.5631228831696,2605.632252073545,5234.256303465016,0.8,723.1435606060605,
sarima_core,electricity,USA|West Virginia,US,False,False,rolling,2023-12-01,7,2024-07-01,5048.53,5426.0203983829615,1068.9800956903532,4056.0672832149726,6795.973513550951,0.8,723.1435606060605,
sarima_core,electricity,USA|West Virginia,US,False,False,rolling,2023-12-01,8,2024-08-01,5418.36,5080.463824922801,1110.699045307154,3657.045724560525,6503.881925285077,0.8,723.1435606060605,
sarima_core,electricity,USA|West Virginia,US,False,False,rolling,2023-12-01,9,2024-09-01,3597.37,3453.7720673615127,1150.9063772288594,1978.8261978286037,4928.717936894422,0.8,723.1435606060605,
sarima_core,electricity,USA|West Virginia,US,False,False,rolling,2023-12-01,10,2024-10-01,2829.43,2549.3290111000797,1189.7556363807848,1024.5958126807725,4074.0622095193867,0.8,723.1435606060605,
sarima_core,electricity,USA|West Virginia,US,False,False,rolling,2023-12-01,11,2024-11-01,3263.53,3068.0615234505435,1227.3758335901455,1495.1161024014837,4641.006944499603,0.8,723.1435606060605,
sarima_core,electricity,USA|West Virginia,US,False,False,rolling,2023-12-01,12,2024-12-01,4347.45,4407.056328076179,1263.876732787273,2787.3331225172547,6026.779533635103,0.8,723.1435606060605,
sarima_core,electricity,USA|West Virginia,US,False,False,rolling,2024-12-01,1,2025-01-01,5982.09,4852.573168134249,733.690227757098,3912.311308127365,5792.835028141132,0.8,717.3102536231884,
sarima_core,electricity,USA|West Virginia,US,False,False,rolling,2024-12-01,2,2025-02-01,4649.35,3071.291505995795,817.9153213541753,2023.0908454314367,4119.492166560153,0.8,717.3102536231884,
sarima_core,electricity,USA|West Virginia,US,False,False,rolling,2024-12-01,3,2025-03-01,2983.63,3600.9191516012706,873.0915539147617,2482.00730381804,4719.830999384501,0.8,717.3102536231884,
sarima_core,electricity,USA|West Virginia,US,False,False,rolling,2024-12-01,4,2025-04-01,3975.78,3532.199453826539,922.2296141494108,2350.314648021769,4714.084259631309,0.8,717.3102536231884,
sarima_core,electricity,USA|West Virginia,US,False,False,rolling,2024-12-01,5,2025-05-01,3137.53,3733.299707160558,968.4899072597588,2492.129950297669,4974.469464023447,0.8,717.3102536231884,
sarima_core,electricity,USA|West Virginia,US,False,False,rolling,2024-12-01,6,2025-06-01,4935.56,4843.6273895719005,1012.5832180222607,3545.949781271283,6141.304997872518,0.8,717.3102536231884,
sarima_core,electricity,USA|West Virginia,US,False,False,rolling,2024-12-01,7,2025-07-01,5920.24,4935.075653175907,1054.8269106207408,3583.2605744913226,6286.8907318604915,0.8,717.3102536231884,
sarima_core,electricity,USA|West Virginia,US,False,False,rolling,2024-12-01,8,2025-08-01,4958.67,4992.509498444399,1095.4415932469026,3588.6446096561594,6396.374387232638,0.8,717.3102536231884,
sarima_core,electricity,USA|West Virginia,US,False,False,rolling,2024-12-01,9,2025-09-01,3064.23,3341.411021286626,1134.603177676385,1887.3585426635761,4795.463499909675,0.8,717.3102536231884,
sarima_core,electricity,USA|West Virginia,US,False,False,rolling,2024-12-01,10,2025-10-01,4203.9,2532.1002203669527,1172.4574189302793,1029.535579602472,4034.6648611314336,0.8,717.3102536231884,
sarima_core,electricity,USA|West Virginia,US,False,False,rolling,2024-12-01,11,2025-11-01,4217.15,2980.5039580296025,1209.12713097375,1430.9451903877423,4530.062725671462,0.8,717.3102536231884,
sarima_core,electricity,USA|West Virginia,US,False,False,rolling,2024-12-01,12,2025-12-01,5768.66,4050.2302502632283,1244.717010886394,2455.0612163017745,5645.399284224683,0.8,717.3102536231884,
sarima_core,electricity,USA|Wisconsin,US,True,False,holdout,last12,1,2025-01-01,6349.03,6437.4967345095765,353.9757557967982,5983.858550503357,6891.134918515796,0.8,372.4132971014493,
sarima_core,electricity,USA|Wisconsin,US,True,False,holdout,last12,2,2025-02-01,5335.84,5033.631894681611,405.31897610566614,4514.19472630846,5553.0690630547615,0.8,372.4132971014493,
sarima_core,electricity,USA|Wisconsin,US,True,False,holdout,last12,3,2025-03-01,4608.61,5196.91324886763,420.164908750193,4658.450252271916,5735.376245463343,0.8,372.4132971014493,
sarima_core,electricity,USA|Wisconsin,US,True,False,holdout,last12,4,2025-04-01,4208.11,4282.689614422733,424.8055056955172,3738.2794535466774,4827.099775298789,0.8,372.4132971014493,
sarima_core,electricity,USA|Wisconsin,US,True,False,holdout,last12,5,2025-05-01,4928.03,5138.474590957682,426.3232588953273,4592.119351092299,5684.829830823065,0.8,372.4132971014493,
sarima_core,electricity,USA|Wisconsin,US,True,False,holdout,last12,6,2025-06-01,6315.57,5915.796285432564,426.8452436290031,5368.772095214549,6462.820475650579,0.8,372.4132971014493,
sarima_core,electricity,USA|Wisconsin,US,True,False,holdout,last12,7,2025-07-01,7167.39,6992.377686232599,427.0369957400564,6445.107755796467,7539.647616668732,0.8,372.4132971014493,
sarima_core,electricity,USA|Wisconsin,US,True,False,holdout,last12,8,2025-08-01,6742.28,6831.417847008476,427.11336846753875,6284.050040983874,7378.785653033078,0.8,372.4132971014493,
sarima_core,electricity,USA|Wisconsin,US,True,False,holdout,last12,9,2025-09-01,5711.74,5803.375584829891,427.1465198287572,5255.965293626419,6350.785876033362,0.8,372.4132971014493,
sarima_core,electricity,USA|Wisconsin,US,True,False,holdout,last12,10,2025-10-01,4722.51,4750.3560940555035,427.16207535962565,4202.925867637095,5297.786320473912,0.8,372.4132971014493,
sarima_core,electricity,USA|Wisconsin,US,True,False,holdout,last12,11,2025-11-01,5211.78,5030.848643157227,427.1698309001718,4483.40847761369,5578.288808700765,0.8,372.4132971014493,
sarima_core,electricity,USA|Wisconsin,US,True,False,holdout,last12,12,2025-12-01,5821.32,5848.711189786334,427.17386303644054,5301.265856852249,6396.156522720419,0.8,372.4132971014493,
sarima_core,electricity,USA|Wisconsin,US,True,False,rolling,2022-12-01,1,2023-01-01,5559.55,6309.858798755542,342.95203765642844,5870.348077990236,6749.369519520848,0.8,355.0294841269842,
sarima_core,electricity,USA|Wisconsin,US,True,False,rolling,2022-12-01,2,2023-02-01,4757.66,5663.09383598509,391.8566588131317,5160.909321414045,6165.278350556135,0.8,355.0294841269842,
sarima_core,electricity,USA|Wisconsin,US,True,False,rolling,2022-12-01,3,2023-03-01,4813.87,5226.725880638001,405.7826205070578,4706.694528056391,5746.757233219611,0.8,355.0294841269842,
sarima_core,electricity,USA|Wisconsin,US,True,False,rolling,2022-12-01,4,2023-04-01,3970.72,4727.923994413642,410.0761841353386,4202.390218642443,5253.45777018484,0.8,355.0294841269842,
sarima_core,electricity,USA|Wisconsin,US,True,False,rolling,2022-12-01,5,2023-05-01,4634.27,4939.204935724117,411.46597440406805,4411.890072058249,5466.519799389985,0.8,355.0294841269842,
sarima_core,electricity,USA|Wisconsin,US,True,False,rolling,2022-12-01,6,2023-06-01,5815.37,5749.5374531885145,411.94154296723957,5221.613123885991,6277.461782491038,0.8,355.0294841269842,
sarima_core,electricity,USA|Wisconsin,US,True,False,rolling,2022-12-01,7,2023-07-01,7212.37,6571.15674911182,412.1164659196412,6043.008247025797,7099.305251197844,0.8,355.0294841269842,
sarima_core,electricity,USA|Wisconsin,US,True,False,rolling,2022-12-01,8,2023-08-01,7069.3,6454.894575047388,412.18659038015124,5926.656204849214,6983.132945245561,0.8,355.0294841269842,
sarima_core,electricity,USA|Wisconsin,US,True,False,rolling,2022-12-01,9,2023-09-01,5894.29,4896.889466657373,412.2172883901404,4368.611755376439,5425.167177938308,0.8,355.0294841269842,
sarima_core,electricity,USA|Wisconsin,US,True,False,rolling,2022-12-01,10,2023-10-01,4930.67,4229.937155921676,412.23179088612045,3701.640858944314,4758.233452899038,0.8,355.0294841269842,
sarima_core,electricity,USA|Wisconsin,US,True,False,rolling,2022-12-01,11,2023-11-01,4890.95,4077.9715199326915,412.2390434856854,3549.6659283750027,4606.27711149038,0.8,355.0294841269842,
sarima_core,electricity,USA|Wisconsin,US,True,False,rolling,2022-12-01,12,2023-12-01,5507.99,5052.04486284862,412.2428107375719,4523.734443363379,5580.355282333861,0.8,355.0294841269842,
sarima_core,electricity,USA|Wisconsin,US,True,False,rolling,2023-12-01,1,2024-01-01,6578.94,6181.742846931576,347.61446725094646,5736.256982220174,6627.228711642979,0.8,367.8148106060607,
sarima_core,electricity,USA|Wisconsin,US,True,False,rolling,2023-12-01,2,2024-02-01,4837.24,5339.603781566811,401.10669981165495,4825.564862472757,5853.642700660866,0.8,367.8148106060607,
sarima_core,electricity,USA|Wisconsin,US,True,False,rolling,2023-12-01,3,2024-03-01,5285.23,4917.994990767089,417.4814860613328,4382.970938719302,5453.019042814876,0.8,367.8148106060607,
sarima_core,electricity,USA|Wisconsin,US,True,False,rolling,2023-12-01,4,2024-04-01,4389.1,4356.121654465698,422.90655526619577,3814.145096485231,4898.098212446165,0.8,367.8148106060607,
sarima_core,electricity,USA|Wisconsin,US,True,False,rolling,2023-12-01,5,2024-05-01,5502.97,4767.301483576637,424.7840219259855,4222.918855259059,5311.684111894216,0.8,367.8148106060607,
sarima_core,electricity,USA|Wisconsin,US,True,False,rolling,2023-12-01,6,2024-06-01,5876.77,5652.308833510271,425.4638197021864,5107.055009288349,6197.562657732194,0.8,367.8148106060607,
sarima_core,electricity,USA|Wisconsin,US,True,False,rolling,2023-12-01,7,2024-07-01,6626.21,6861.766330396056,425.7245490407729,6316.1783680820845,7407.354292710028,0.8,367.8148106060607,
sarima_core,electricity,USA|Wisconsin,US,True,False,rolling,2023-12-01,8,2024-08-01,6454.97,6669.153378535303,425.8318813709604,6123.427864305546,7214.87889276506,0.8,367.8148106060607,
sarima_core,electricity,USA|Wisconsin,US,True,False,rolling,2023-12-01,9,2024-09-01,5589.25,5200.276389013268,425.87961432291365,4654.489702544208,5746.063075482329,0.8,367.8148106060607,
sarima_core,electricity,USA|Wisconsin,US,True,False,rolling,2023-12-01,10,2024-10-01,4443.21,4408.661778266393,425.9024501377067,3862.8458265231343,4954.477730009652,0.8,367.8148106060607,
sarima_core,electricity,USA|Wisconsin,US,True,False,rolling,2023-12-01,11,2024-11-01,5068.16,4359.262072075752,425.914050469057,3813.4312539096904,4905.0928902418145,0.8,367.8148106060607,
sarima_core,electricity,USA|Wisconsin,US,True,False,rolling,2023-12-01,12,2024-12-01,6101.94,5488.624429591927,425.92020722967254,4942.7857212196595,6034.463137964194,0.8,367.8148106060607,
sarima_core,electricity,USA|Wisconsin,US,True,False,rolling,2024-12-01,1,2025-01-01,6349.03,6437.4967345095765,353.9757557967982,5983.858550503357,6891.134918515796,0.8,372.4132971014493,
sarima_core,electricity,USA|Wisconsin,US,True,False,rolling,2024-12-01,2,2025-02-01,5335.84,5033.631894681611,405.31897610566614,4514.19472630846,5553.0690630547615,0.8,372.4132971014493,
sarima_core,electricity,USA|Wisconsin,US,True,False,rolling,2024-12-01,3,2025-03-01,4608.61,5196.91324886763,420.164908750193,4658.450252271916,5735.376245463343,0.8,372.4132971014493,
sarima_core,electricity,USA|Wisconsin,US,True,False,rolling,2024-12-01,4,2025-04-01,4208.11,4282.689614422733,424.8055056955172,3738.2794535466774,4827.099775298789,0.8,372.4132971014493,
sarima_core,electricity,USA|Wisconsin,US,True,False,rolling,2024-12-01,5,2025-05-01,4928.03,5138.474590957682,426.3232588953273,4592.119351092299,5684.829830823065,0.8,372.4132971014493,
sarima_core,electricity,USA|Wisconsin,US,True,False,rolling,2024-12-01,6,2025-06-01,6315.57,5915.796285432564,426.8452436290031,5368.772095214549,6462.820475650579,0.8,372.4132971014493,
sarima_core,electricity,USA|Wisconsin,US,True,False,rolling,2024-12-01,7,2025-07-01,7167.39,6992.377686232599,427.0369957400564,6445.107755796467,7539.647616668732,0.8,372.4132971014493,
sarima_core,electricity,USA|Wisconsin,US,True,False,rolling,2024-12-01,8,2025-08-01,6742.28,6831.417847008476,427.11336846753875,6284.050040983874,7378.785653033078,0.8,372.4132971014493,
sarima_core,electricity,USA|Wisconsin,US,True,False,rolling,2024-12-01,9,2025-09-01,5711.74,5803.375584829891,427.1465198287572,5255.965293626419,6350.785876033362,0.8,372.4132971014493,
sarima_core,electricity,USA|Wisconsin,US,True,False,rolling,2024-12-01,10,2025-10-01,4722.51,4750.3560940555035,427.16207535962565,4202.925867637095,5297.786320473912,0.8,372.4132971014493,
sarima_core,electricity,USA|Wisconsin,US,True,False,rolling,2024-12-01,11,2025-11-01,5211.78,5030.848643157227,427.1698309001718,4483.40847761369,5578.288808700765,0.8,372.4132971014493,
sarima_core,electricity,USA|Wisconsin,US,True,False,rolling,2024-12-01,12,2025-12-01,5821.32,5848.711189786334,427.17386303644054,5301.265856852249,6396.156522720419,0.8,372.4132971014493,
sarima_core,electricity,USA|Wyoming,US,True,False,holdout,last12,1,2025-01-01,4541.51,4127.057750187852,246.66355821060372,3810.9456810002516,4443.169819375454,0.8,244.27764492753624,
sarima_core,electricity,USA|Wyoming,US,True,False,holdout,last12,2,2025-02-01,3944.25,3401.000306808777,280.0348688750708,3042.121182194853,3759.879431422701,0.8,244.27764492753624,
sarima_core,electricity,USA|Wyoming,US,True,False,holdout,last12,3,2025-03-01,3743.11,3173.938882519738,289.5804853347444,2802.826558187831,3545.051206851645,0.8,244.27764492753624,
sarima_core,electricity,USA|Wyoming,US,True,False,holdout,last12,4,2025-04-01,3240.12,2734.301097187516,292.81362322614973,2359.045339929257,3109.556854445775,0.8,244.27764492753624,
sarima_core,electricity,USA|Wyoming,US,True,False,holdout,last12,5,2025-05-01,3039.28,2645.8786855286717,294.1249597965981,2268.942382835599,3022.8149882217444,0.8,244.27764492753624,
sarima_core,electricity,USA|Wyoming,US,True,False,holdout,last12,6,2025-06-01,3367.56,3097.964858908869,294.78206652697406,2720.186440056753,3475.7432777609847,0.8,244.27764492753624,
sarima_core,electricity,USA|Wyoming,US,True,False,holdout,last12,7,2025-07-01,4212.4,3876.35806985611,295.1897620189038,3498.057168208046,4254.658971504175,0.8,244.27764492753624,
sarima_core,electricity,USA|Wyoming,US,True,False,holdout,last12,8,2025-08-01,3972.35,3907.1400148953458,295.49203452533965,3528.4517354434374,4285.828294347254,0.8,244.27764492753624,
sarima_core,electricity,USA|Wyoming,US,True,False,holdout,last12,9,2025-09-01,3645.64,3336.358785564189,295.7460496155676,2957.344972675727,3715.372598452651,0.8,244.27764492753624,
sarima_core,electricity,USA|Wyoming,US,True,False,holdout,last12,10,2025-10-01,3776.28,3415.9640119109604,295.9767550055992,3036.6545381687242,3795.2734856531965,0.8,244.27764492753624,
sarima_core,electricity,USA|Wyoming,US,True,False,holdout,last12,11,2025-11-01,4240.71,3607.5022929910233,296.1958103288701,3227.9120885563084,3987.092497425738,0.8,244.27764492753624,
sarima_core,electricity,USA|Wyoming,US,True,False,holdout,last12,12,2025-12-01,4438.93,4117.231995859047,296.40890664357505,3737.3686975086102,4497.095294209484,0.8,244.27764492753624,
sarima_core,electricity,USA|Wyoming,US,True,False,rolling,2022-12-01,1,2023-01-01,4165.11,4121.31055102757,245.17039359112218,3807.1120492956816,4435.509052759458,0.8,240.7400793650794,
sarima_core,electricity,USA|Wyoming,US,True,False,rolling,2022-12-01,2,2023-02-01,3330.2,3740.0768667608218,274.55354261921485,3388.222344391351,4091.9313891302927,0.8,240.7400793650794,
sarima_core,electricity,USA|Wyoming,US,True,False,rolling,2022-12-01,3,2023-03-01,3343.94,3830.27551562105,283.6372239581827,3466.7797872107167,4193.7712440313835,0.8,240.7400793650794,
sarima_core,electricity,USA|Wyoming,US,True,False,rolling,2022-12-01,4,2023-04-01,2814.25,3491.4008341885183,287.7795658954534,3122.5964809834545,3860.205187393582,0.8,240.7400793650794,
sarima_core,electricity,USA|Wyoming,US,True,False,rolling,2022-12-01,5,2023-05-01,2708.19,3437.262774188127,290.4018158977099,3065.097872387422,3809.427675988832,0.8,240.7400793650794,
sarima_core,electricity,USA|Wyoming,US,True,False,rolling,2022-12-01,6,2023-06-01,3238.06,3465.545981881503,292.47399417414584,3090.725476766544,3840.366486996462,0.8,240.7400793650794,
sarima_core,electricity,USA|Wyoming,US,True,False,rolling,2022-12-01,7,2023-07-01,4136.54,4235.227290914472,294.32440949399205,3858.0353831494567,4612.419198679488,0.8,240.7400793650794,
sarima_core,electricity,USA|Wyoming,US,True,False,rolling,2022-12-01,8,2023-08-01,4137.69,4266.713000599016,296.07791952007767,3887.273879314872,4646.152121883159,0.8,240.7400793650794,
sarima_core,electricity,USA|Wyoming,US,True,False,rolling,2022-12-01,9,2023-09-01,3520.49,4123.423202648996,297.7851792051137,3741.7961400427034,4505.05026525529,0.8,240.7400793650794,
sarima_core,electricity,USA|Wyoming,US,True,False,rolling,2022-12-01,10,2023-10-01,3835.77,4081.9479108371315,299.4674347017682,3698.164951065455,4465.730870608808,0.8,240.7400793650794,
sarima_core,electricity,USA|Wyoming,US,True,False,rolling,2022-12-01,11,2023-11-01,3843.61,3929.9481697705223,301.1337728689314,3544.0297117119912,4315.866627829053,0.8,240.7400793650794,
sarima_core,electricity,USA|Wyoming,US,True,False,rolling,2022-12-01,12,2023-12-01,3947.33,4299.121311224565,302.7881520437003,3911.0826809446044,4687.159941504526,0.8,240.7400793650794,
sarima_core,electricity,USA|Wyoming,US,True,False,rolling,2023-12-01,1,2024-01-01,3888.35,4027.5428650869057,245.8819316721564,3712.4324906133234,4342.653239560488,0.8,244.71193181818185,
sarima_core,electricity,USA|Wyoming,US,True,False,rolling,2023-12-01,2,2024-02-01,3400.74,3419.0935378838903,278.348497741046,3062.375584836865,3775.8114909309156,0.8,244.71193181818185,
sarima_core,electricity,USA|Wyoming,US,True,False,rolling,2023-12-01,3,2024-03-01,3093.29,3495.5025152550256,287.5604324059818,3126.978992916457,3864.026037593594,0.8,244.71193181818185,
sarima_core,electricity,USA|Wyoming,US,True,False,rolling,2023-12-01,4,2024-04-01,2758.92,3065.297420243978,290.72753298087616,2692.715095205417,3437.8797452825393,0.8,244.71193181818185,
sarima_core,electricity,USA|Wyoming,US,True,False,rolling,2023-12-01,5,2024-05-01,2705.06,2930.832385460248,292.0682989094956,2556.5317997468355,3305.1329711736607,0.8,244.71193181818185,
sarima_core,electricity,USA|Wyoming,US,True,False,rolling,2023-12-01,6,2024-06-01,3115.47,3140.2524892249307,292.7841697482831,2765.0344781173426,3515.470500332519,0.8,244.71193181818185,
sarima_core,electricity,USA|Wyoming,US,True,False,rolling,2023-12-01,7,2024-07-01,3817.6,4072.6678198931745,293.25892796922955,3696.841381644277,4448.494258142072,0.8,244.71193181818185,
sarima_core,electricity,USA|Wyoming,US,True,False,rolling,2023-12-01,8,2024-08-01,3871.76,4189.517401679026,293.6307142852542,3813.2145000947794,4565.820303263273,0.8,244.71193181818185,
sarima_core,electricity,USA|Wyoming,US,True,False,rolling,2023-12-01,9,2024-09-01,3334.36,3714.7906003827547,293.9552010710642,3338.0718522501547,4091.5093485153548,0.8,244.71193181818185,
sarima_core,electricity,USA|Wyoming,US,True,False,rolling,2023-12-01,10,2024-10-01,3253.38,3948.250075599501,294.2569140773919,3571.1446666912966,4325.355484507706,0.8,244.71193181818185,
sarima_core,electricity,USA|Wyoming,US,True,False,rolling,2023-12-01,11,2024-11-01,3571.15,3883.404750947613,294.5473194261867,3505.9271726100183,4260.8823292852085,0.8,244.71193181818185,
sarima_core,electricity,USA|Wyoming,US,True,False,rolling,2023-12-01,12,2024-12-01,4359.16,4017.089497094935,294.83197011299615,3639.247124224026,4394.931869965844,0.8,244.71193181818185,
sarima_core,electricity,USA|Wyoming,US,True,False,rolling,2024-12-01,1,2025-01-01,4541.51,4127.057750187852,246.66355821060372,3810.9456810002516,4443.169819375454,0.8,244.27764492753624,
sarima_core,electricity,USA|Wyoming,US,True,False,rolling,2024-12-01,2,2025-02-01,3944.25,3401.000306808777,280.0348688750708,3042.121182194853,3759.879431422701,0.8,244.27764492753624,
sarima_core,electricity,USA|Wyoming,US,True,False,rolling,2024-12-01,3,2025-03-01,3743.11,3173.938882519738,289.5804853347444,2802.826558187831,3545.051206851645,0.8,244.27764492753624,
sarima_core,electricity,USA|Wyoming,US,True,False,rolling,2024-12-01,4,2025-04-01,3240.12,2734.301097187516,292.81362322614973,2359.045339929257,3109.556854445775,0.8,244.27764492753624,
sarima_core,electricity,USA|Wyoming,US,True,False,rolling,2024-12-01,5,2025-05-01,3039.28,2645.8786855286717,294.1249597965981,2268.942382835599,3022.8149882217444,0.8,244.27764492753624,
sarima_core,electricity,USA|Wyoming,US,True,False,rolling,2024-12-01,6,2025-06-01,3367.56,3097.964858908869,294.78206652697406,2720.186440056753,3475.7432777609847,0.8,244.27764492753624,
sarima_core,electricity,USA|Wyoming,US,True,False,rolling,2024-12-01,7,2025-07-01,4212.4,3876.35806985611,295.1897620189038,3498.057168208046,4254.658971504175,0.8,244.27764492753624,
sarima_core,electricity,USA|Wyoming,US,True,False,rolling,2024-12-01,8,2025-08-01,3972.35,3907.1400148953458,295.49203452533965,3528.4517354434374,4285.828294347254,0.8,244.27764492753624,
sarima_core,electricity,USA|Wyoming,US,True,False,rolling,2024-12-01,9,2025-09-01,3645.64,3336.358785564189,295.7460496155676,2957.344972675727,3715.372598452651,0.8,244.27764492753624,
sarima_core,electricity,USA|Wyoming,US,True,False,rolling,2024-12-01,10,2025-10-01,3776.28,3415.9640119109604,295.9767550055992,3036.6545381687242,3795.2734856531965,0.8,244.27764492753624,
sarima_core,electricity,USA|Wyoming,US,True,False,rolling,2024-12-01,11,2025-11-01,4240.71,3607.5022929910233,296.1958103288701,3227.9120885563084,3987.092497425738,0.8,244.27764492753624,
sarima_core,electricity,USA|Wyoming,US,True,False,rolling,2024-12-01,12,2025-12-01,4438.93,4117.231995859047,296.40890664357505,3737.3686975086102,4497.095294209484,0.8,244.27764492753624,
sarima_core,electricity,Austria,Europe,True,False,holdout,last12,1,2025-05-01,5650.0,6472.432930752735,506.5845885555585,5823.2186582085915,7121.647203296879,0.8,584.7321428571429,
sarima_core,electricity,Austria,Europe,True,False,holdout,last12,2,2025-06-01,5930.0,5805.656499963359,601.4122645027692,5034.915670852112,6576.397329074606,0.8,584.7321428571429,
sarima_core,electricity,Austria,Europe,True,False,holdout,last12,3,2025-07-01,6110.0,5715.113684910341,636.7031109578294,4899.145816275218,6531.081553545465,0.8,584.7321428571429,
sarima_core,electricity,Austria,Europe,True,False,holdout,last12,4,2025-08-01,5990.0,5605.097697419171,651.1343001655468,4770.635515662227,6439.559879176115,0.8,584.7321428571429,
sarima_core,electricity,Austria,Europe,True,False,holdout,last12,5,2025-09-01,5030.0,5263.204589947701,657.366374449902,4420.75568363505,6105.653496260351,0.8,584.7321428571429,
sarima_core,electricity,Austria,Europe,True,False,holdout,last12,6,2025-10-01,5480.0,5262.7992513248555,660.1936983047359,4416.726983699742,6108.871518949969,0.8,584.7321428571429,
sarima_core,electricity,Austria,Europe,True,False,holdout,last12,7,2025-11-01,4870.0,5844.850689397865,661.5447362364341,4997.046996996272,6692.654381799457,0.8,584.7321428571429,
sarima_core,electricity,Austria,Europe,True,False,holdout,last12,8,2025-12-01,4720.0,6119.703164224608,662.2261982418411,5271.026143123128,6968.380185326088,0.8,584.7321428571429,
sarima_core,electricity,Austria,Europe,True,False,holdout,last12,9,2026-01-01,5300.0,6581.428262645624,662.5883707638957,5732.287098781508,7430.569426509741,0.8,584.7321428571429,
sarima_core,electricity,Austria,Europe,True,False,holdout,last12,10,2026-02-01,5080.0,5519.19808108579,662.7899403973381,4669.7985953423695,6368.597566829211,0.8,584.7321428571429,
sarima_core,electricity,Austria,Europe,True,False,holdout,last12,11,2026-03-01,5450.0,5671.306875167861,662.9063943516319,4821.758147677001,6520.855602658721,0.8,584.7321428571429,
sarima_core,electricity,Austria,Europe,True,False,holdout,last12,12,2026-04-01,5680.0,6041.127228895351,662.9755925694047,5191.489820320172,6890.764637470531,0.8,584.7321428571429,
sarima_core,electricity,Austria,Europe,True,False,rolling,2022-12-01,1,2023-01-01,5010.0,5278.852822088511,499.4936655109584,4638.725933073331,5918.9797111036905,0.8,572.2619047619048,
sarima_core,electricity,Austria,Europe,True,False,rolling,2022-12-01,2,2023-02-01,4930.0,4899.97644807795,590.2497625530535,4143.540940815756,5656.411955340145,0.8,572.2619047619048,
sarima_core,electricity,Austria,Europe,True,False,rolling,2022-12-01,3,2023-03-01,5160.0,4993.299010261079,623.2741151128971,4194.5410922747205,5792.056928247438,0.8,572.2619047619048,
sarima_core,electricity,Austria,Europe,True,False,rolling,2022-12-01,4,2023-04-01,5260.0,4941.49607667019,636.5734005546759,4125.694438605295,5757.297714735085,0.8,572.2619047619048,
sarima_core,electricity,Austria,Europe,True,False,rolling,2022-12-01,5,2023-05-01,6280.0,5652.305324445557,642.2846835265022,4829.184382746849,6475.426266144264,0.8,572.2619047619048,
sarima_core,electricity,Austria,Europe,True,False,rolling,2022-12-01,6,2023-06-01,5210.0,5434.235205703866,644.8886841982593,4607.77710286759,6260.693308540142,0.8,572.2619047619048,
sarima_core,electricity,Austria,Europe,True,False,rolling,2022-12-01,7,2023-07-01,5010.0,5039.016807994139,646.1501227979408,4210.942106545602,5867.0915094426755,0.8,572.2619047619048,
sarima_core,electricity,Austria,Europe,True,False,rolling,2022-12-01,8,2023-08-01,5510.0,5000.740706440005,646.7979037380776,4171.835840313506,5829.645572566504,0.8,572.2619047619048,
sarima_core,electricity,Austria,Europe,True,False,rolling,2022-12-01,9,2023-09-01,4890.0,4505.985180674639,647.1480725024919,3676.6315552199003,5335.338806129378,0.8,572.2619047619048,
sarima_core,electricity,Austria,Europe,True,False,rolling,2022-12-01,10,2023-10-01,4370.0,4684.6562478195765,647.3453193844538,3855.04984031446,5514.262655324693,0.8,572.2619047619048,
sarima_core,electricity,Austria,Europe,True,False,rolling,2022-12-01,11,2023-11-01,5730.0,4885.9196802148945,647.459875940106,4056.166462576539,5715.67289785325,0.8,572.2619047619048,
sarima_core,electricity,Austria,Europe,True,False,rolling,2022-12-01,12,2023-12-01,6080.0,5074.821378742697,647.527847671736,4244.981051825258,5904.661705660135,0.8,572.2619047619048,
sarima_core,electricity,Austria,Europe,True,False,rolling,2023-12-01,1,2024-01-01,6680.0,6189.092103898054,494.24033429609784,5555.697629725603,6822.486578070505,0.8,569.1666666666666,
sarima_core,electricity,Austria,Europe,True,False,rolling,2023-12-01,2,2024-02-01,5410.0,5457.379811386654,581.8039563112909,4711.768040335877,6202.991582437431,0.8,569.1666666666666,
sarima_core,electricity,Austria,Europe,True,False,rolling,2023-12-01,3,2024-03-01,5640.0,5556.177823402067,612.8504711931996,4770.778342599676,6341.5773042044575,0.8,569.1666666666666,
sarima_core,electricity,Austria,Europe,True,False,rolling,2023-12-01,4,2024-04-01,5950.0,5448.989061150103,624.9998440328268,4648.019532564703,6249.958589735504,0.8,569.1666666666666,
sarima_core,electricity,Austria,Europe,True,False,rolling,2023-12-01,5,2024-05-01,6230.0,6041.279042783054,630.0602831105049,5233.824300575312,6848.733784990796,0.8,569.1666666666666,
sarima_core,electricity,Austria,Europe,True,False,rolling,2023-12-01,6,2024-06-01,6350.0,5356.383771669762,632.2972560642444,4546.062233271075,6166.705310068449,0.8,569.1666666666666,
sarima_core,electricity,Austria,Europe,True,False,rolling,2023-12-01,7,2024-07-01,6490.0,4873.118658386507,633.3494576670803,4061.448669376437,5684.788647396577,0.8,569.1666666666666,
sarima_core,electricity,Austria,Europe,True,False,rolling,2023-12-01,8,2024-08-01,5280.0,4922.903762651454,633.8757368763788,4110.559319696793,5735.248205606114,0.8,569.1666666666666,
sarima_core,electricity,Austria,Europe,True,False,rolling,2023-12-01,9,2024-09-01,5460.0,4936.969430624531,634.1538870995046,4124.2685238159675,5749.670337433095,0.8,569.1666666666666,
sarima_core,electricity,Austria,Europe,True,False,rolling,2023-12-01,10,2024-10-01,6420.0,4688.236174649352,634.307626983035,3875.3382422523628,5501.13410704634,0.8,569.1666666666666,
sarima_core,electricity,Austria,Europe,True,False,rolling,2023-12-01,11,2024-11-01,5580.0,5151.425496202329,634.3954853855337,4338.414968732071,5964.436023672586,0.8,569.1666666666666,
sarima_core,electricity,Austria,Europe,True,False,rolling,2023-12-01,12,2024-12-01,5720.0,5511.0729062812825,634.446876557747,4697.99651837382,6324.1492941887445,0.8,569.1666666666666,
sarima_core,electricity,Austria,Europe,True,False,rolling,2024-12-01,1,2025-01-01,5930.0,5908.764285926701,516.2298505875813,5247.189112725331,6570.33945912807,0.8,592.5,
sarima_core,electricity,Austria,Europe,True,False,rolling,2024-12-01,2,2025-02-01,5250.0,5360.129373940774,613.9048618616182,4573.378637126575,6146.8801107549725,0.8,592.5,
sarima_core,electricity,Austria,Europe,True,False,rolling,2024-12-01,3,2025-03-01,5260.0,5555.819998260587,650.6396703687972,4721.991710094033,6389.648286427142,0.8,592.5,
sarima_core,electricity,Austria,Europe,True,False,rolling,2024-12-01,4,2025-04-01,5740.0,5707.221284620119,665.8292462940015,4853.92677164666,6560.515797593578,0.8,592.5,
sarima_core,electricity,Austria,Europe,True,False,rolling,2024-12-01,5,2025-05-01,5650.0,6455.677192896583,672.4639809301367,5593.879925363211,7317.474460429954,0.8,592.5,
sarima_core,electricity,Austria,Europe,True,False,rolling,2024-12-01,6,2025-06-01,5930.0,5791.446132243576,675.5079331519954,4925.74788297484,6657.144381512313,0.8,592.5,
sarima_core,electricity,Austria,Europe,True,False,rolling,2024-12-01,7,2025-07-01,6110.0,5704.3385048499695,676.9779166899929,4836.756395876787,6571.920613823152,0.8,592.5,
sarima_core,electricity,Austria,Europe,True,False,rolling,2024-12-01,8,2025-08-01,5990.0,5605.19378053399,677.7264458333316,4736.652392865306,6473.735168202675,0.8,592.5,
sarima_core,electricity,Austria,Europe,True,False,rolling,2024-12-01,9,2025-09-01,5030.0,5261.628325874454,678.1275631069792,4392.572885735761,6130.683766013148,0.8,592.5,
sarima_core,electricity,Austria,Europe,True,False,rolling,2024-12-01,10,2025-10-01,5480.0,5255.738056723683,678.3524049665954,4386.3944701477985,6125.081643299568,0.8,592.5,
sarima_core,electricity,Austria,Europe,True,False,rolling,2024-12-01,11,2025-11-01,4870.0,5848.530712853224,678.4831198216617,4979.019608450189,6718.0418172562595,0.8,592.5,
sarima_core,electricity,Austria,Europe,True,False,rolling,2024-12-01,12,2025-12-01,4720.0,6124.816031913614,678.5612355420334,5255.204818186843,6994.427245640385,0.8,592.5,
sarima_core,electricity,Belgium,Europe,True,False,holdout,last12,1,2025-05-01,5440.0,5061.159420825463,571.2654628218462,4329.053272604565,5793.265569046361,0.8,849.6428571428571,
sarima_core,electricity,Belgium,Europe,True,False,holdout,last12,2,2025-06-01,5460.0,5360.002546106292,732.6227306819893,4421.108738647229,6298.896353565356,0.8,849.6428571428571,
sarima_core,electricity,Belgium,Europe,True,False,holdout,last12,3,2025-07-01,5070.0,5707.856929023324,824.4865538988533,4651.234895103776,6764.4789629428715,0.8,849.6428571428571,
sarima_core,electricity,Belgium,Europe,True,False,holdout,last12,4,2025-08-01,5050.0,5320.463544694762,884.6554381948032,4186.731982908668,6454.195106480856,0.8,849.6428571428571,
sarima_core,electricity,Belgium,Europe,True,False,holdout,last12,5,2025-09-01,5190.0,4521.3317462356545,927.7765782551742,3332.3382198971235,5710.325272574186,0.8,849.6428571428571,
sarima_core,electricity,Belgium,Europe,True,False,holdout,last12,6,2025-10-01,5370.0,4728.414214178778,960.9121656386252,3496.9557239537453,5959.8727044038105,0.8,849.6428571428571,
sarima_core,electricity,Belgium,Europe,True,False,holdout,last12,7,2025-11-01,5650.0,5382.098693625764,987.8579550100413,4116.107784846959,6648.08960240457,0.8,849.6428571428571,
sarima_core,electricity,Belgium,Europe,True,False,holdout,last12,8,2025-12-01,6070.0,5920.66724512072,1010.7997766365188,4625.275208920057,7216.0592813213825,0.8,849.6428571428571,
sarima_core,electricity,Belgium,Europe,True,False,holdout,last12,9,2026-01-01,6700.0,6085.739474416647,1031.0606392387087,4764.382098028863,7407.096850804431,0.8,849.6428571428571,
sarima_core,electricity,Belgium,Europe,True,False,holdout,last12,10,2026-02-01,5420.0,5137.506080412104,1049.4725488759655,3792.552892404028,6482.45926842018,0.8,849.6428571428571,
sarima_core,electricity,Belgium,Europe,True,False,holdout,last12,11,2026-03-01,5540.0,4821.726124225061,1066.5747589930077,3454.8555720672166,6188.596676382905,0.8,849.6428571428571,
sarima_core,electricity,Belgium,Europe,True,False,holdout,last12,12,2026-04-01,4170.0,4895.989992209828,1082.7252861399697,3508.4217067024247,6283.558277717232,0.8,849.6428571428571,
sarima_core,electricity,Belgium,Europe,True,False,rolling,2022-12-01,1,2023-01-01,8220.0,8304.684348204832,584.6024148200012,7555.486208271105,9053.882488138557,0.8,875.7142857142857,
sarima_core,electricity,Belgium,Europe,True,False,rolling,2022-12-01,2,2023-02-01,6900.0,7708.631079582061,736.9598666663826,6764.179008712218,8653.083150451903,0.8,875.7142857142857,
sarima_core,electricity,Belgium,Europe,True,False,rolling,2022-12-01,3,2023-03-01,7300.0,8186.76135851685,814.1160772414611,7143.429625193026,9230.093091840674,0.8,875.7142857142857,
sarima_core,electricity,Belgium,Europe,True,False,rolling,2022-12-01,4,2023-04-01,6090.0,7812.238061746394,857.1365339011262,6713.773394839934,8910.702728652856,0.8,875.7142857142857,
sarima_core,electricity,Belgium,Europe,True,False,rolling,2022-12-01,5,2023-05-01,5740.0,7485.0501929100055,882.2892936025571,6354.350967430409,8615.749418389601,0.8,875.7142857142857,
sarima_core,electricity,Belgium,Europe,True,False,rolling,2022-12-01,6,2023-06-01,6120.0,7209.162832606207,897.4728074551955,6059.005151178294,8359.320514034122,0.8,875.7142857142857,
sarima_core,electricity,Belgium,Europe,True,False,rolling,2022-12-01,7,2023-07-01,6590.0,7505.474207411273,906.8799652724373,6343.260768155348,8667.687646667198,0.8,875.7142857142857,
sarima_core,electricity,Belgium,Europe,True,False,rolling,2022-12-01,8,2023-08-01,5950.0,7774.473179568752,912.8474779497321,6604.612065098832,8944.334294038672,0.8,875.7142857142857,
sarima_core,electricity,Belgium,Europe,True,False,rolling,2022-12-01,9,2023-09-01,5330.0,7148.919549739829,916.7188679310412,5974.097049378529,8323.74205010113,0.8,875.7142857142857,
sarima_core,electricity,Belgium,Europe,True,False,rolling,2022-12-01,10,2023-10-01,5740.0,7867.025914536384,919.2849111416855,6688.914897481229,9045.13693159154,0.8,875.7142857142857,
sarima_core,electricity,Belgium,Europe,True,False,rolling,2022-12-01,11,2023-11-01,6430.0,7831.899085839116,921.0205607553295,6651.563744304358,9012.234427373874,0.8,875.7142857142857,
sarima_core,electricity,Belgium,Europe,True,False,rolling,2022-12-01,12,2023-12-01,6870.0,8504.38361285007,922.21666041597,7322.51540792267,9686.25181777747,0.8,875.7142857142857,
sarima_core,electricity,Belgium,Europe,True,False,rolling,2023-12-01,1,2024-01-01,7140.0,7191.816683300875,585.6320157438679,6441.299056691281,7942.3343099104695,0.8,888.5416666666666,
sarima_core,electricity,Belgium,Europe,True,False,rolling,2023-12-01,2,2024-02-01,5580.0,5949.491601730476,727.3844416860353,5017.310931734952,6881.672271726,0.8,888.5416666666666,
sarima_core,electricity,Belgium,Europe,True,False,rolling,2023-12-01,3,2024-03-01,5230.0,6062.197664232101,833.9930813630906,4993.392525157867,7131.0028033063345,0.8,888.5416666666666,
sarima_core,electricity,Belgium,Europe,True,False,rolling,2023-12-01,4,2024-04-01,5910.0,5460.042907360777,926.881256444736,4272.196782090079,6647.889032631474,0.8,888.5416666666666,
sarima_core,electricity,Belgium,Europe,True,False,rolling,2023-12-01,5,2024-05-01,5740.0,5220.560007859775,1011.0569288641054,3924.8384178192655,6516.281597900285,0.8,888.5416666666666,
sarima_core,electricity,Belgium,Europe,True,False,rolling,2023-12-01,6,2024-06-01,6000.0,5147.4445737931665,1088.7134598042567,3752.202134951543,6542.687012634789,0.8,888.5416666666666,
sarima_core,electricity,Belgium,Europe,True,False,rolling,2023-12-01,7,2024-07-01,6240.0,5446.1447987275,1161.1837924895651,3958.027891577481,6934.261705877518,0.8,888.5416666666666,
sarima_core,electricity,Belgium,Europe,True,False,rolling,2023-12-01,8,2024-08-01,6200.0,5601.86000472907,1229.3889012933482,4026.334733613424,7177.3852758447165,0.8,888.5416666666666,
sarima_core,electricity,Belgium,Europe,True,False,rolling,2023-12-01,9,2024-09-01,5200.0,5158.685605791539,1294.0039059428718,3500.352874309624,6817.018337273455,0.8,888.5416666666666,
sarima_core,electricity,Belgium,Europe,True,False,rolling,2023-12-01,10,2024-10-01,5170.0,5386.334205389453,1355.5423679146973,3649.136761626338,7123.531649152568,0.8,888.5416666666666,
sarima_core,electricity,Belgium,Europe,True,False,rolling,2023-12-01,11,2024-11-01,5790.0,5628.744404197438,1414.4059206806762,3816.110282233565,7441.37852616131,0.8,888.5416666666666,
sarima_core,electricity,Belgium,Europe,True,False,rolling,2023-12-01,12,2024-12-01,6460.0,6063.218604184611,1470.9157368405604,4178.1642388524015,7948.27296951682,0.8,888.5416666666666,
sarima_core,electricity,Belgium,Europe,True,False,rolling,2024-12-01,1,2025-01-01,6500.0,6830.541446436838,568.7681738802114,6101.635702768709,7559.4471901049665,0.8,855.7407407407408,
sarima_core,electricity,Belgium,Europe,True,False,rolling,2024-12-01,2,2025-02-01,6320.0,5391.330902267865,732.5231195056836,4452.564751667742,6330.097052867988,0.8,855.7407407407408,
sarima_core,electricity,Belgium,Europe,True,False,rolling,2024-12-01,3,2025-03-01,6050.0,5442.908610190452,827.2832419366916,4382.702476337672,6503.114744043232,0.8,855.7407407407408,
sarima_core,electricity,Belgium,Europe,True,False,rolling,2024-12-01,4,2025-04-01,5370.0,5087.538696579522,890.2614998217034,3946.6226777389347,6228.45471542011,0.8,855.7407407407408,
sarima_core,electricity,Belgium,Europe,True,False,rolling,2024-12-01,5,2025-05-01,5440.0,4815.682819170365,935.9553238131087,3616.207808657872,6015.157829682858,0.8,855.7407407407408,
sarima_core,electricity,Belgium,Europe,True,False,rolling,2024-12-01,6,2025-06-01,5460.0,5138.393938905907,971.4113851356667,3893.4801574974445,6383.307720314369,0.8,855.7407407407408,
sarima_core,electricity,Belgium,Europe,True,False,rolling,2024-12-01,7,2025-07-01,5070.0,5501.816697566093,1000.4521426134168,4219.68568794742,6783.947707184767,0.8,855.7407407407408,
sarima_core,electricity,Belgium,Europe,True,False,rolling,2024-12-01,8,2025-08-01,5050.0,5133.3800260755825,1025.2996359320628,3819.4056724945385,6447.354379656626,0.8,855.7407407407408,
sarima_core,electricity,Belgium,Europe,True,False,rolling,2024-12-01,9,2025-09-01,5190.0,4339.497146158271,1047.311128389518,2997.3139299584022,5681.68036235814,0.8,855.7407407407408,
sarima_core,electricity,Belgium,Europe,True,False,rolling,2024-12-01,10,2025-10-01,5370.0,4548.5999254258395,1067.347588062786,3180.738952963723,5916.460897887956,0.8,855.7407407407408,
sarima_core,electricity,Belgium,Europe,True,False,rolling,2024-12-01,11,2025-11-01,5650.0,5206.232097610712,1085.9716314486925,3814.5034531906167,6597.9607420308075,0.8,855.7407407407408,
sarima_core,electricity,Belgium,Europe,True,False,rolling,2024-12-01,12,2025-12-01,6070.0,5750.491321975604,1103.5597346369282,4336.222616379664,7164.760027571543,0.8,855.7407407407408,
sarima_core,electricity,Bulgaria,Europe,True,False,holdout,last12,1,2025-05-01,2370.0,2410.2920109591846,288.96748181466427,2039.9652822481207,2780.6187396702485,0.8,434.73214285714283,
sarima_core,electricity,Bulgaria,Europe,True,False,holdout,last12,2,2025-06-01,2820.0,2616.4460985836845,350.2093097822155,2167.634809363992,3065.257387803377,0.8,434.73214285714283,
sarima_core,electricity,Bulgaria,Europe,True,False,holdout,last12,3,2025-07-01,3000.0,3269.3598504788697,395.8611513563632,2762.0433722198345,3776.676328737905,0.8,434.73214285714283,
sarima_core,electricity,Bulgaria,Europe,True,False,holdout,last12,4,2025-08-01,2910.0,3142.5783073074654,435.9507523881459,2583.8849380840907,3701.27167653084,0.8,434.73214285714283,
sarima_core,electricity,Bulgaria,Europe,True,False,holdout,last12,5,2025-09-01,2730.0,2954.572157028926,472.5428239182219,2348.984161249662,3560.16015280819,0.8,434.73214285714283,
sarima_core,electricity,Bulgaria,Europe,True,False,holdout,last12,6,2025-10-01,2890.0,2638.2750736107487,506.48328128289154,1989.1906315604929,3287.3595156610045,0.8,434.73214285714283,
sarima_core,electricity,Bulgaria,Europe,True,False,holdout,last12,7,2025-11-01,2500.0,2831.908491449546,538.2858992581988,2142.0673545446184,3521.7496283544738,0.8,434.73214285714283,
sarima_core,electricity,Bulgaria,Europe,True,False,holdout,last12,8,2025-12-01,3330.0,3523.237687006266,568.3113439032531,2794.9173945102957,4251.557979502236,0.8,434.73214285714283,
sarima_core,electricity,Bulgaria,Europe,True,False,holdout,last12,9,2026-01-01,3760.0,3651.2134136165255,596.8281252212291,2886.3473953782104,4416.079431854841,0.8,434.73214285714283,
sarima_core,electricity,Bulgaria,Europe,True,False,holdout,last12,10,2026-02-01,3250.0,3354.9940549400694,624.0431328586349,2555.250601057729,4154.73750882241,0.8,434.73214285714283,
sarima_core,electricity,Bulgaria,Europe,True,False,holdout,last12,11,2026-03-01,3460.0,3140.652379708985,650.1198745491361,2307.4902366888805,3973.8145227290893,0.8,434.73214285714283,
sarima_core,electricity,Bulgaria,Europe,True,False,holdout,last12,12,2026-04-01,3220.0,3018.2743153324914,675.1902478220703,2152.9831961956706,3883.565434469312,0.8,434.73214285714283,
sarima_core,electricity,Bulgaria,Europe,True,False,rolling,2022-12-01,1,2023-01-01,4390.0,4614.767973867317,248.3009631248621,4296.557485848418,4932.978461886216,0.8,397.6190476190476,
sarima_core,electricity,Bulgaria,Europe,True,False,rolling,2022-12-01,2,2023-02-01,4059.9999999999995,4153.066728111522,306.5686325218191,3760.1832171563174,4545.950239066727,0.8,397.6190476190476,
sarima_core,electricity,Bulgaria,Europe,True,False,rolling,2022-12-01,3,2023-03-01,3650.0,4707.210589062411,349.7573773169585,4258.978474601089,5155.442703523732,0.8,397.6190476190476,
sarima_core,electricity,Bulgaria,Europe,True,False,rolling,2022-12-01,4,2023-04-01,2960.0,4160.229486412845,387.34446323280537,3663.827583151811,4656.63138967388,0.8,397.6190476190476,
sarima_core,electricity,Bulgaria,Europe,True,False,rolling,2022-12-01,5,2023-05-01,2460.0,3589.9884877115023,421.46760620172745,3049.8560171573436,4130.120958265661,0.8,397.6190476190476,
sarima_core,electricity,Bulgaria,Europe,True,False,rolling,2022-12-01,6,2023-06-01,2940.0,3663.683096636525,453.00817787623595,3083.1297570747283,4244.236436198322,0.8,397.6190476190476,
sarima_core,electricity,Bulgaria,Europe,True,False,rolling,2022-12-01,7,2023-07-01,3290.0,4074.4495346215153,482.4882493910101,3456.1159632575927,4692.783105985438,0.8,397.6190476190476,
sarima_core,electricity,Bulgaria,Europe,True,False,rolling,2022-12-01,8,2023-08-01,3150.0,4129.418541883513,510.26749552557976,3475.484434146184,4783.352649620842,0.8,397.6190476190476,
sarima_core,electricity,Bulgaria,Europe,True,False,rolling,2022-12-01,9,2023-09-01,3150.0,4147.638000878624,536.6105108889496,3459.9439605612024,4835.332041196045,0.8,397.6190476190476,
sarima_core,electricity,Bulgaria,Europe,True,False,rolling,2022-12-01,10,2023-10-01,2780.0,3962.289477901105,561.719458421501,3242.417026564165,4682.161929238045,0.8,397.6190476190476,
sarima_core,electricity,Bulgaria,Europe,True,False,rolling,2022-12-01,11,2023-11-01,3090.0,4623.497219468158,585.7530684772069,3872.8244575386398,5374.169981397676,0.8,397.6190476190476,
sarima_core,electricity,Bulgaria,Europe,True,False,rolling,2022-12-01,12,2023-12-01,3750.0,5055.091413579399,608.8387012216568,4274.833222864643,5835.349604294155,0.8,397.6190476190476,
sarima_core,electricity,Bulgaria,Europe,True,False,rolling,2023-12-01,1,2024-01-01,3690.0,3875.924477324562,266.03292655212505,3534.9895638152743,4216.85939083385,0.8,454.4791666666667,
sarima_core,electricity,Bulgaria,Europe,True,False,rolling,2023-12-01,2,2024-02-01,3170.0,3315.3287069096914,337.55887599187434,2882.7296009188294,3747.9278129005534,0.8,454.4791666666667,
sarima_core,electricity,Bulgaria,Europe,True,False,rolling,2023-12-01,3,2024-03-01,3260.0,3584.0417547694456,389.6396158474222,3084.698495081985,4083.385014456906,0.8,454.4791666666667,
sarima_core,electricity,Bulgaria,Europe,True,False,rolling,2023-12-01,4,2024-04-01,3160.0,2665.3707026136644,434.214279083871,2108.9027134719095,3221.8386917554194,0.8,454.4791666666667,
sarima_core,electricity,Bulgaria,Europe,True,False,rolling,2023-12-01,5,2024-05-01,2520.0,2178.4082561336973,474.3495634711615,1570.5048304518325,2786.311681815562,0.8,454.4791666666667,
sarima_core,electricity,Bulgaria,Europe,True,False,rolling,2023-12-01,6,2024-06-01,2410.0,2606.158985412806,511.28746986425233,1950.9177279649357,3261.4002428606764,0.8,454.4791666666667,
sarima_core,electricity,Bulgaria,Europe,True,False,rolling,2023-12-01,7,2024-07-01,3440.0,2819.017362116972,545.7188987744867,2119.6504530452535,3518.3842711886905,0.8,454.4791666666667,
sarima_core,electricity,Bulgaria,Europe,True,False,rolling,2023-12-01,8,2024-08-01,3330.0,2724.730566342921,578.1006731224517,1983.8647436604558,3465.596389025386,0.8,454.4791666666667,
sarima_core,electricity,Bulgaria,Europe,True,False,rolling,2023-12-01,9,2024-09-01,2910.0,2437.3886617330772,608.761849240212,1657.2289607954576,3217.548362670697,0.8,454.4791666666667,
sarima_core,electricity,Bulgaria,Europe,True,False,rolling,2023-12-01,10,2024-10-01,2660.0,2002.0836834856232,637.9509685122277,1184.5166210480836,2819.6507459231625,0.8,454.4791666666667,
sarima_core,electricity,Bulgaria,Europe,True,False,rolling,2023-12-01,11,2024-11-01,2710.0,2795.3404169398036,665.8617371997843,1942.0042651951726,3648.6765686844346,0.8,454.4791666666667,
sarima_core,electricity,Bulgaria,Europe,True,False,rolling,2023-12-01,12,2024-12-01,3440.0,3115.754601335259,692.6487278227297,2228.089539821564,4003.419662848954,0.8,454.4791666666667,
sarima_core,electricity,Bulgaria,Europe,True,False,rolling,2024-12-01,1,2025-01-01,3800.0,3410.0840935437177,285.46200220984736,3044.2498177081916,3775.918369379244,0.8,442.4074074074074,
sarima_core,electricity,Bulgaria,Europe,True,False,rolling,2024-12-01,2,2025-02-01,3780.0,2991.0149871426556,344.09050864324826,2550.045257101863,3431.984717183448,0.8,442.4074074074074,
sarima_core,electricity,Bulgaria,Europe,True,False,rolling,2024-12-01,3,2025-03-01,3190.0,2806.403662812439,389.2495719907314,2307.5602644401515,3305.2470611847266,0.8,442.4074074074074,
sarima_core,electricity,Bulgaria,Europe,True,False,rolling,2024-12-01,4,2025-04-01,3040.0,2382.7446613373695,429.2232602331867,1832.6729202173717,2932.816402457367,0.8,442.4074074074074,
sarima_core,electricity,Bulgaria,Europe,True,False,rolling,2024-12-01,5,2025-05-01,2370.0,1819.5316941858482,465.73246773791124,1222.671521031378,2416.3918673403186,0.8,442.4074074074074,
sarima_core,electricity,Bulgaria,Europe,True,False,rolling,2024-12-01,6,2025-06-01,2820.0,2033.1514755001722,499.5759798624834,1392.9190963989288,2673.383854601416,0.8,442.4074074074074,
sarima_core,electricity,Bulgaria,Europe,True,False,rolling,2024-12-01,7,2025-07-01,3000.0,2690.1653881185052,531.2674258295112,2009.3187868238451,3371.0119894131653,0.8,442.4074074074074,
sarima_core,electricity,Bulgaria,Europe,True,False,rolling,2024-12-01,8,2025-08-01,2910.0,2563.710116354099,561.1719348292212,1844.539344734018,3282.8808879741796,0.8,442.4074074074074,
sarima_core,electricity,Bulgaria,Europe,True,False,rolling,2024-12-01,9,2025-09-01,2730.0,2374.083844944048,589.5615295414395,1618.5303437753469,3129.637346112749,0.8,442.4074074074074,
sarima_core,electricity,Bulgaria,Europe,True,False,rolling,2024-12-01,10,2025-10-01,2890.0,2058.2627794015802,616.6454841616518,1267.9997937882072,2848.5257650149533,0.8,442.4074074074074,
sarima_core,electricity,Bulgaria,Europe,True,False,rolling,2024-12-01,11,2025-11-01,2500.0,2250.875087932124,642.5889114260289,1427.3642624924964,3074.385913371752,0.8,442.4074074074074,
sarima_core,electricity,Bulgaria,Europe,True,False,rolling,2024-12-01,12,2025-12-01,3330.0,2942.479466402058,667.5248048055665,2087.01200776363,3797.9469250404854,0.8,442.4074074074074,
sarima_core,electricity,Croatia,Europe,True,False,holdout,last12,1,2025-05-01,860.0,1136.1808878047304,122.56063645457034,979.1131122822333,1293.2486633272276,0.8,173.69230769230768,
sarima_core,electricity,Croatia,Europe,True,False,holdout,last12,2,2025-06-01,830.0,1009.9198638010529,150.0183884981676,817.6635631607481,1202.1761644413577,0.8,173.69230769230768,
sarima_core,electricity,Croatia,Europe,True,False,holdout,last12,3,2025-07-01,1050.0,1171.9918545240942,179.04346745666373,942.538418504473,1401.4452905437151,0.8,173.69230769230768,
sarima_core,electricity,Croatia,Europe,True,False,holdout,last12,4,2025-08-01,1050.0,1166.4125652963262,202.33035326826337,907.1157843081912,1425.7093462844612,0.8,173.69230769230768,
sarima_core,electricity,Croatia,Europe,True,False,holdout,last12,5,2025-09-01,830.0,1062.413233271541,223.66149110838475,775.7794991895507,1349.0469673535313,0.8,173.69230769230768,
sarima_core,electricity,Croatia,Europe,True,False,holdout,last12,6,2025-10-01,1080.0,1130.4577775422401,242.99596062204094,819.0459237860496,1441.8696312984307,0.8,173.69230769230768,
sarima_core,electricity,Croatia,Europe,True,False,holdout,last12,7,2025-11-01,1130.0,1283.3893139365766,260.9398394497989,948.9814541767302,1617.7971736964232,0.8,173.69230769230768,
sarima_core,electricity,Croatia,Europe,True,False,holdout,last12,8,2025-12-01,1250.0,1368.0889956404164,277.715574953681,1012.1821657824078,1723.9958254984251,0.8,173.69230769230768,
sarima_core,electricity,Croatia,Europe,True,False,holdout,last12,9,2026-01-01,1550.0,1356.9133991618685,293.5374205016948,980.7300583719979,1733.096739951739,0.8,173.69230769230768,
sarima_core,electricity,Croatia,Europe,True,False,holdout,last12,10,2026-02-01,1490.0,1102.1098288743683,308.54803756803125,706.6896082833437,1497.530049465393,0.8,173.69230769230768,
sarima_core,electricity,Croatia,Europe,True,False,holdout,last12,11,2026-03-01,1070.0,1319.2584508605316,322.86181748125733,905.4943832128513,1733.022518508212,0.8,173.69230769230768,
sarima_core,electricity,Croatia,Europe,True,False,holdout,last12,12,2026-04-01,820.0,1116.4075094659904,336.5673135641306,685.0791418567385,1547.7358770752423,0.8,173.69230769230768,
sarima_core,electricity,Croatia,Europe,True,False,rolling,2022-12-01,1,2023-01-01,1440.0,1286.7591948174424,101.56250937347565,1156.6016019292265,1416.9167877056584,0.8,164.86486486486487,
sarima_core,electricity,Croatia,Europe,True,False,rolling,2022-12-01,2,2023-02-01,1270.0,1023.9475451810844,135.22429340892782,850.6506402632106,1197.2444500989582,0.8,164.86486486486487,
sarima_core,electricity,Croatia,Europe,True,False,rolling,2022-12-01,3,2023-03-01,1540.0,1039.0876029225042,156.4788445781994,838.5518946787025,1239.623311166306,0.8,164.86486486486487,
sarima_core,electricity,Croatia,Europe,True,False,rolling,2022-12-01,4,2023-04-01,1230.0,861.7708651512571,171.29124706614596,642.2522993095508,1081.2894309929634,0.8,164.86486486486487,
sarima_core,electricity,Croatia,Europe,True,False,rolling,2022-12-01,5,2023-05-01,1360.0,814.3341375794581,182.12085660137853,580.9368686836378,1047.7314064752784,0.8,164.86486486486487,
sarima_core,electricity,Croatia,Europe,True,False,rolling,2022-12-01,6,2023-06-01,1180.0,813.255810077115,190.27617713811148,569.4070773799266,1057.1045427743036,0.8,164.86486486486487,
sarima_core,electricity,Croatia,Europe,True,False,rolling,2022-12-01,7,2023-07-01,1190.0,918.9902684786438,196.54610529501605,667.1062995361222,1170.8742374211654,0.8,164.86486486486487,
sarima_core,electricity,Croatia,Europe,True,False,rolling,2022-12-01,8,2023-08-01,1230.0,899.6313221748185,201.4426759659994,641.4721454230983,1157.7904989265387,0.8,164.86486486486487,
sarima_core,electricity,Croatia,Europe,True,False,rolling,2022-12-01,9,2023-09-01,1090.0,789.9758142638193,205.3147166808345,526.8544176721498,1053.0972108554888,0.8,164.86486486486487,
sarima_core,electricity,Croatia,Europe,True,False,rolling,2022-12-01,10,2023-10-01,1080.0,907.7690084405144,208.40816832529984,640.6831940509438,1174.8548228300851,0.8,164.86486486486487,
sarima_core,electricity,Croatia,Europe,True,False,rolling,2022-12-01,11,2023-11-01,1420.0,1089.076242412157,210.90097353169253,818.795769607736,1359.3567152165779,0.8,164.86486486486487,
sarima_core,electricity,Croatia,Europe,True,False,rolling,2022-12-01,12,2023-12-01,1380.0,1302.6989392644828,212.92453864265684,1029.8251634241242,1575.5727151048413,0.8,164.86486486486487,
sarima_core,electricity,Croatia,Europe,True,False,rolling,2023-12-01,1,2024-01-01,1400.0,1509.9876826880313,123.6999335986144,1351.459839126964,1668.5155262490987,0.8,181.83673469387756,
sarima_core,electricity,Croatia,Europe,True,False,rolling,2023-12-01,2,2024-02-01,1140.0,1251.2497547629669,151.7825947447782,1056.7325328453746,1445.766976680559,0.8,181.83673469387756,
sarima_core,electricity,Croatia,Europe,True,False,rolling,2023-12-01,3,2024-03-01,1300.0,1441.9242123444515,184.00929257830185,1206.1068153659744,1677.7416093229285,0.8,181.83673469387756,
sarima_core,electricity,Croatia,Europe,True,False,rolling,2023-12-01,4,2024-04-01,1040.0,1188.4000367040387,207.918023627697,921.9423680190243,1454.857705389053,0.8,181.83673469387756,
sarima_core,electricity,Croatia,Europe,True,False,rolling,2023-12-01,5,2024-05-01,930.0,1241.8503779088285,230.73755734463273,946.1483000638774,1537.5524557537797,0.8,181.83673469387756,
sarima_core,electricity,Croatia,Europe,True,False,rolling,2023-12-01,6,2024-06-01,830.0,1152.2252636999158,250.91760010402322,830.6614204639109,1473.7891069359207,0.8,181.83673469387756,
sarima_core,electricity,Croatia,Europe,True,False,rolling,2023-12-01,7,2024-07-01,1140.0,1194.8591877166446,269.83209584823265,849.0554428481614,1540.6629325851277,0.8,181.83673469387756,
sarima_core,electricity,Croatia,Europe,True,False,rolling,2023-12-01,8,2024-08-01,1090.0,1198.6026732105897,287.4031504074056,830.2807158635289,1566.9246305576505,0.8,181.83673469387756,
sarima_core,electricity,Croatia,Europe,True,False,rolling,2023-12-01,9,2024-09-01,1020.0,1074.718244387109,304.0033955275956,685.1222169178445,1464.3142718563736,0.8,181.83673469387756,
sarima_core,electricity,Croatia,Europe,True,False,rolling,2023-12-01,10,2024-10-01,1160.0,1092.6198886480095,319.72447085433316,682.8764924817199,1502.363284814299,0.8,181.83673469387756,
sarima_core,electricity,Croatia,Europe,True,False,rolling,2023-12-01,11,2024-11-01,1140.0,1364.73715796336,334.71588506681616,935.7814914433352,1793.6928244833848,0.8,181.83673469387756,
sarima_core,electricity,Croatia,Europe,True,False,rolling,2023-12-01,12,2024-12-01,1340.0,1416.603453889591,349.0606265418612,969.2642614748897,1863.9426463042923,0.8,181.83673469387756,
sarima_core,electricity,Croatia,Europe,True,False,rolling,2024-12-01,1,2025-01-01,1300.0,1380.3087682429723,124.6198388520085,1220.602018664265,1540.0155178216796,0.8,179.50819672131146,
sarima_core,electricity,Croatia,Europe,True,False,rolling,2024-12-01,2,2025-02-01,1050.0,1176.7898663701726,152.00829728719512,981.9833950059987,1371.5963377343464,0.8,179.50819672131146,
sarima_core,electricity,Croatia,Europe,True,False,rolling,2024-12-01,3,2025-03-01,1320.0,1387.3127883813734,181.24578476197124,1155.0369691713095,1619.5886075914373,0.8,179.50819672131146,
sarima_core,electricity,Croatia,Europe,True,False,rolling,2024-12-01,4,2025-04-01,1170.0,1103.8076299375925,204.67435174238443,841.5068940353135,1366.1083658398716,0.8,179.50819672131146,
sarima_core,electricity,Croatia,Europe,True,False,rolling,2024-12-01,5,2025-05-01,860.0,1111.8585322117203,226.15984143599653,822.0230333561004,1401.6940310673403,0.8,179.50819672131146,
sarima_core,electricity,Croatia,Europe,True,False,rolling,2024-12-01,6,2025-06-01,830.0,972.4999684971029,245.63773319459804,657.702546964739,1287.297390029467,0.8,179.50819672131146,
sarima_core,electricity,Croatia,Europe,True,False,rolling,2024-12-01,7,2025-07-01,1050.0,1134.449741064525,263.72014062393663,796.4787819822768,1472.420700146773,0.8,179.50819672131146,
sarima_core,electricity,Croatia,Europe,True,False,rolling,2024-12-01,8,2025-08-01,1050.0,1128.8651740452585,280.6283495663004,769.2254733223689,1488.504874768148,0.8,179.50819672131146,
sarima_core,electricity,Croatia,Europe,True,False,rolling,2024-12-01,9,2025-09-01,830.0,1024.3248916053028,296.57753378840977,644.2454888734096,1404.404294337196,0.8,179.50819672131146,
sarima_core,electricity,Croatia,Europe,True,False,rolling,2024-12-01,10,2025-10-01,1080.0,1090.3182389255096,311.71072168365674,690.8448755547821,1489.7916022962372,0.8,179.50819672131146,
sarima_core,electricity,Croatia,Europe,True,False,rolling,2024-12-01,11,2025-11-01,1130.0,1247.9363838124123,326.1427720240465,829.9676037339398,1665.9051638908848,0.8,179.50819672131146,
sarima_core,electricity,Croatia,Europe,True,False,rolling,2024-12-01,12,2025-12-01,1250.0,1329.524171926364,339.9626177549749,893.8445469158355,1765.2037969368926,0.8,179.50819672131146,
sarima_core,electricity,Cyprus,Europe,False,False,holdout,last12,1,2025-03-01,470.0,492.92971363211433,33.8739461170928,449.51850495458064,536.340922309648,0.8,30.813953488372093,
sarima_core,electricity,Cyprus,Europe,False,False,holdout,last12,2,2025-04-01,460.0,468.9049517459876,36.9355053912689,421.57019698762593,516.2397065043493,0.8,30.813953488372093,
sarima_core,electricity,Cyprus,Europe,False,False,holdout,last12,3,2025-05-01,500.0,497.4700956553484,37.77017541735859,449.0656682183383,545.8745230923585,0.8,30.813953488372093,
sarima_core,electricity,Cyprus,Europe,False,False,holdout,last12,4,2025-06-01,610.0,633.3145656700545,38.16314280703916,584.4065302595914,682.2226010805177,0.8,30.813953488372093,
sarima_core,electricity,Cyprus,Europe,False,False,holdout,last12,5,2025-07-01,750.0,776.2556224589464,38.43875352855023,726.9943776968498,825.516867221043,0.8,30.813953488372093,
sarima_core,electricity,Cyprus,Europe,False,False,holdout,last12,6,2025-08-01,740.0,756.7111780921305,38.67690469827672,707.1447303256347,806.2776258586263,0.8,30.813953488372093,
sarima_core,electricity,Cyprus,Europe,False,False,holdout,last12,7,2025-09-01,640.0,631.948285084875,38.90160732698737,582.093869312773,681.802700856977,0.8,30.813953488372093,
sarima_core,electricity,Cyprus,Europe,False,False,holdout,last12,8,2025-10-01,520.0,551.4194513492195,39.12084326088377,501.28407342280894,601.55482927563,0.8,30.813953488372093,
sarima_core,electricity,Cyprus,Europe,False,False,holdout,last12,9,2025-11-01,490.0,506.6767907139156,39.33738620893012,456.26390183342863,557.0896795944026,0.8,30.813953488372093,
sarima_core,electricity,Cyprus,Europe,False,False,holdout,last12,10,2025-12-01,540.0,550.3743141828153,39.55222319807246,499.68610062255607,601.0625277430745,0.8,30.813953488372093,
sarima_core,electricity,Cyprus,Europe,False,False,holdout,last12,11,2026-01-01,610.0,566.1547955467291,39.765715141271535,515.192981052432,617.1166100410263,0.8,30.813953488372093,
sarima_core,electricity,Cyprus,Europe,False,False,holdout,last12,12,2026-02-01,500.0,555.6340915455588,39.97800163476117,504.40022096318603,606.8679621279316,0.8,30.813953488372093,
sarima_core,electricity,Cyprus,Europe,False,False,rolling,2022-12-01,1,2023-01-01,500.0,507.25626991835867,29.335920746081126,469.6607747595261,544.8517650771912,0.8,27.833333333333332,
sarima_core,electricity,Cyprus,Europe,False,False,rolling,2022-12-01,2,2023-02-01,500.0,455.0158784427437,32.558774360455466,413.2901301888886,496.7416266965988,0.8,27.833333333333332,
sarima_core,electricity,Cyprus,Europe,False,False,rolling,2022-12-01,3,2023-03-01,440.0,492.937198305274,33.31550035242369,450.24166667172375,535.6327299388242,0.8,27.833333333333332,
sarima_core,electricity,Cyprus,Europe,False,False,rolling,2022-12-01,4,2023-04-01,420.0,414.55676191250444,33.52488006022833,371.59289938662386,457.520624438385,0.8,27.833333333333332,
sarima_core,electricity,Cyprus,Europe,False,False,rolling,2022-12-01,5,2023-05-01,450.0,460.2122770370009,33.592471043804856,417.1617931803011,503.26276089370066,0.8,27.833333333333332,
sarima_core,electricity,Cyprus,Europe,False,False,rolling,2022-12-01,6,2023-06-01,520.0,515.264629475964,33.61752793880618,472.18203391624763,558.3472250356805,0.8,27.833333333333332,
sarima_core,electricity,Cyprus,Europe,False,False,rolling,2022-12-01,7,2023-07-01,720.0,677.3676815929539,33.62779171690759,634.2719324723432,720.4634307135645,0.8,27.833333333333332,
sarima_core,electricity,Cyprus,Europe,False,False,rolling,2022-12-01,8,2023-08-01,710.0,673.8760278772704,33.63225426108563,630.7745597761821,716.9774959783588,0.8,27.833333333333332,
sarima_core,electricity,Cyprus,Europe,False,False,rolling,2022-12-01,9,2023-09-01,590.0,561.1318459122873,33.63425664074888,518.0278116584067,604.2358801661679,0.8,27.833333333333332,
sarima_core,electricity,Cyprus,Europe,False,False,rolling,2022-12-01,10,2023-10-01,500.0,481.15548392482447,33.635169218301215,438.050280155753,524.260687693896,0.8,27.833333333333332,
sarima_core,electricity,Cyprus,Europe,False,False,rolling,2022-12-01,11,2023-11-01,460.0,426.632296474236,33.63558822176751,383.52655573061634,469.73803721785566,0.8,27.833333333333332,
sarima_core,electricity,Cyprus,Europe,False,False,rolling,2022-12-01,12,2023-12-01,480.0,483.9667877019336,33.6357812757263,440.8607995497108,527.0727758541564,0.8,27.833333333333332,
sarima_core,electricity,Cyprus,Europe,False,False,rolling,2023-12-01,1,2024-01-01,510.0,545.0062716341408,29.398180977969556,507.3309867776604,582.6815564906212,0.8,29.444444444444443,
sarima_core,electricity,Cyprus,Europe,False,False,rolling,2023-12-01,2,2024-02-01,490.0,493.89385550586,31.58818188385117,453.41197155990295,534.375739451817,0.8,29.444444444444443,
sarima_core,electricity,Cyprus,Europe,False,False,rolling,2023-12-01,3,2024-03-01,460.0,516.3924397971571,31.949797758586598,475.44712646080706,557.3377531335071,0.8,29.444444444444443,
sarima_core,electricity,Cyprus,Europe,False,False,rolling,2023-12-01,4,2024-04-01,440.0,422.28518933200485,32.024281294936245,381.24442150303867,463.32595716097103,0.8,29.444444444444443,
sarima_core,electricity,Cyprus,Europe,False,False,rolling,2023-12-01,5,2024-05-01,470.0,466.0065245848164,32.04366681966674,424.94091320628297,507.07213596334987,0.8,29.444444444444443,
sarima_core,electricity,Cyprus,Europe,False,False,rolling,2023-12-01,6,2024-06-01,680.0,529.2922759770493,32.049743652643095,488.2188768237014,570.3656751303971,0.8,29.444444444444443,
sarima_core,electricity,Cyprus,Europe,False,False,rolling,2023-12-01,7,2024-07-01,760.0,688.6526882627303,32.051860609928724,647.5765761194589,729.7288004060017,0.8,29.444444444444443,
sarima_core,electricity,Cyprus,Europe,False,False,rolling,2023-12-01,8,2024-08-01,730.0,671.8844311052025,32.05263439158724,630.8073273208352,712.9615348895697,0.8,29.444444444444443,
sarima_core,electricity,Cyprus,Europe,False,False,rolling,2023-12-01,9,2024-09-01,600.0,578.9967176767992,32.05292281990834,537.9192442566655,620.074191096933,0.8,29.444444444444443,
sarima_core,electricity,Cyprus,Europe,False,False,rolling,2023-12-01,10,2024-10-01,530.0,495.7752203869689,32.05303115508438,454.69760812972066,536.8528326442172,0.8,29.444444444444443,
sarima_core,electricity,Cyprus,Europe,False,False,rolling,2023-12-01,11,2024-11-01,480.0,442.2212512604094,32.05307196501396,401.14358670313203,483.2989158176868,0.8,29.444444444444443,
sarima_core,electricity,Cyprus,Europe,False,False,rolling,2023-12-01,12,2024-12-01,550.0,468.99865868303976,32.05308735513681,427.9209744025263,510.0763429635532,0.8,29.444444444444443,
sarima_core,electricity,Cyprus,Europe,False,False,rolling,2024-12-01,1,2025-01-01,550.0,558.2529024750846,34.271725083670994,514.331919540192,602.1738854099773,0.8,30.357142857142858,
sarima_core,electricity,Cyprus,Europe,False,False,rolling,2024-12-01,2,2025-02-01,550.0,536.9206491561616,37.41943314637094,488.9657160256384,584.8755822866848,0.8,30.357142857142858,
sarima_core,electricity,Cyprus,Europe,False,False,rolling,2024-12-01,3,2025-03-01,470.0,486.91913550744846,38.2598540902318,437.8871596006039,535.951111414293,0.8,30.357142857142858,
sarima_core,electricity,Cyprus,Europe,False,False,rolling,2024-12-01,4,2025-04-01,460.0,465.3391791966313,38.63840081594057,415.8220761408229,514.8562822524397,0.8,30.357142857142858,
sarima_core,electricity,Cyprus,Europe,False,False,rolling,2024-12-01,5,2025-05-01,500.0,494.76078676019387,38.893914669103225,444.9162295258465,544.6053439945412,0.8,30.357142857142858,
sarima_core,electricity,Cyprus,Europe,False,False,rolling,2024-12-01,6,2025-06-01,610.0,631.3493404729775,39.109960598561834,581.2279092395029,681.4707717064521,0.8,30.357142857142858,
sarima_core,electricity,Cyprus,Europe,False,False,rolling,2024-12-01,7,2025-07-01,750.0,774.0144334665739,39.31180847130112,723.6343237757885,824.3945431573593,0.8,30.357142857142858,
sarima_core,electricity,Cyprus,Europe,False,False,rolling,2024-12-01,8,2025-08-01,740.0,754.4431582960459,39.50798661458621,703.8116361986079,805.074680393484,0.8,30.357142857142858,
sarima_core,electricity,Cyprus,Europe,False,False,rolling,2024-12-01,9,2025-09-01,640.0,629.6613208233376,39.70151905470956,578.7817769242758,680.5408647223994,0.8,30.357142857142858,
sarima_core,electricity,Cyprus,Europe,False,False,rolling,2024-12-01,10,2025-10-01,520.0,549.2004168726285,39.89350370894432,498.07483473937157,600.3259990058854,0.8,30.357142857142858,
sarima_core,electricity,Cyprus,Europe,False,False,rolling,2024-12-01,11,2025-11-01,490.0,504.42757526283935,40.0843472437778,453.0574172987425,555.7977332269362,0.8,30.357142857142858,
sarima_core,electricity,Cyprus,Europe,False,False,rolling,2024-12-01,12,2025-12-01,540.0,548.2843128918562,40.274205741523566,496.67084147274136,599.897784310971,0.8,30.357142857142858,
sarima_core,electricity,Czechia,Europe,False,False,holdout,last12,1,2025-05-01,5350.0,4886.005309313208,433.16583637996985,4330.880953560021,5441.129665066395,0.8,448.0357142857143,
sarima_core,electricity,Czechia,Europe,False,False,holdout,last12,2,2025-06-01,4420.0,4914.676679382589,494.72193991558294,4280.665002774512,5548.688355990666,0.8,448.0357142857143,
sarima_core,electricity,Czechia,Europe,False,False,holdout,last12,3,2025-07-01,5190.0,5192.078245702662,522.399627742412,4522.596184929457,5861.560306475866,0.8,448.0357142857143,
sarima_core,electricity,Czechia,Europe,False,False,holdout,last12,4,2025-08-01,5580.0,5422.314215535171,541.2689089040517,4728.650197948566,6115.978233121776,0.8,448.0357142857143,
sarima_core,electricity,Czechia,Europe,False,False,holdout,last12,5,2025-09-01,5060.0,5473.230489524315,557.1544013483493,4759.208394226273,6187.252584822357,0.8,448.0357142857143,
sarima_core,electricity,Czechia,Europe,False,False,holdout,last12,6,2025-10-01,5830.0,6041.36071757417,571.7994102895738,5308.5702881400875,6774.151147008252,0.8,448.0357142857143,
sarima_core,electricity,Czechia,Europe,False,False,holdout,last12,7,2025-11-01,6460.0,6242.038171919253,585.7973783129149,5491.3086246504145,6992.767719188091,0.8,448.0357142857143,
sarima_core,electricity,Czechia,Europe,False,False,holdout,last12,8,2025-12-01,6330.0,6491.856337464964,599.3684633276029,5723.734744949413,7259.977929980515,0.8,448.0357142857143,
sarima_core,electricity,Czechia,Europe,False,False,holdout,last12,9,2026-01-01,7350.0,6851.134047543413,612.6031672013712,6066.051499558915,7636.216595527911,0.8,448.0357142857143,
sarima_core,electricity,Czechia,Europe,False,False,holdout,last12,10,2026-02-01,6140.0,6045.78878175671,625.5450757537888,5244.120510605726,6847.457052907694,0.8,448.0357142857143,
sarima_core,electricity,Czechia,Europe,False,False,holdout,last12,11,2026-03-01,6390.0,6265.048253872958,638.2199830036386,5447.136435492797,7082.9600722531195,0.8,448.0357142857143,
sarima_core,electricity,Czechia,Europe,False,False,holdout,last12,12,2026-04-01,5730.0,5265.044965208009,650.6463628866081,4431.208100234776,6098.881830181242,0.8,448.0357142857143,
sarima_core,electricity,Czechia,Europe,False,False,rolling,2022-12-01,1,2023-01-01,7190.0,7841.470195560903,444.63314544786,7271.649891919178,8411.290499202629,0.8,427.9761904761905,
sarima_core,electricity,Czechia,Europe,False,False,rolling,2022-12-01,2,2023-02-01,6460.0,6763.52941584712,502.59227959532893,6119.431493101097,7407.627338593143,0.8,427.9761904761905,
sarima_core,electricity,Czechia,Europe,False,False,rolling,2022-12-01,3,2023-03-01,6350.0,7338.370997178057,522.2031169034339,6669.140775178192,8007.601219177923,0.8,427.9761904761905,
sarima_core,electricity,Czechia,Europe,False,False,rolling,2022-12-01,4,2023-04-01,5740.0,6084.254523947069,531.8891388642984,5402.611165339358,6765.89788255478,0.8,427.9761904761905,
sarima_core,electricity,Czechia,Europe,False,False,rolling,2022-12-01,5,2023-05-01,4770.0,5634.849072338525,538.3458163580418,4944.93114858049,6324.7669960965595,0.8,427.9761904761905,
sarima_core,electricity,Czechia,Europe,False,False,rolling,2022-12-01,6,2023-06-01,4900.0,5852.823680252005,543.5787438784531,5156.199490037806,6549.447870466204,0.8,427.9761904761905,
sarima_core,electricity,Czechia,Europe,False,False,rolling,2022-12-01,7,2023-07-01,5220.0,6005.573305878536,548.2969117287599,5302.902540269274,6708.2440714877985,0.8,427.9761904761905,
sarima_core,electricity,Czechia,Europe,False,False,rolling,2022-12-01,8,2023-08-01,5540.0,5942.265798019952,552.7787858600943,5233.851279601105,6650.680316438799,0.8,427.9761904761905,
sarima_core,electricity,Czechia,Europe,False,False,rolling,2022-12-01,9,2023-09-01,5420.0,6377.713384689342,557.1403458221334,5663.709302272927,7091.717467105757,0.8,427.9761904761905,
sarima_core,electricity,Czechia,Europe,False,False,rolling,2022-12-01,10,2023-10-01,6240.0,6965.908065793486,561.4314841440981,6246.404668342588,7685.411463244383,0.8,427.9761904761905,
sarima_core,electricity,Czechia,Europe,False,False,rolling,2022-12-01,11,2023-11-01,6240.0,7371.450736377357,565.674163007915,6646.510127186432,8096.391345568282,0.8,427.9761904761905,
sarima_core,electricity,Czechia,Europe,False,False,rolling,2022-12-01,12,2023-12-01,6490.0,7758.992957748635,569.8783177134325,7028.664507513062,8489.321407984207,0.8,427.9761904761905,
sarima_core,electricity,Czechia,Europe,False,False,rolling,2023-12-01,1,2024-01-01,6800.0,6447.724897271098,446.53616244742227,5875.465779214326,7019.984015327869,0.8,459.375,
sarima_core,electricity,Czechia,Europe,False,False,rolling,2023-12-01,2,2024-02-01,5710.0,5598.849813008322,505.01102207654685,4951.652147048844,6246.047478967799,0.8,459.375,
sarima_core,electricity,Czechia,Europe,False,False,rolling,2023-12-01,3,2024-03-01,5990.0,6364.316936570014,530.4008823030425,5684.580855488312,7044.053017651716,0.8,459.375,
sarima_core,electricity,Czechia,Europe,False,False,rolling,2023-12-01,4,2024-04-01,4990.0,5143.99449385941,547.6391175569574,4442.166725400828,5845.822262317992,0.8,459.375,
sarima_core,electricity,Czechia,Europe,False,False,rolling,2023-12-01,5,2024-05-01,4810.0,4603.048091979932,562.2362304773754,3882.513370605757,5323.582813354107,0.8,459.375,
sarima_core,electricity,Czechia,Europe,False,False,rolling,2023-12-01,6,2024-06-01,4870.0,4884.852463374854,575.7734590704449,4146.969085504095,5622.735841245612,0.8,459.375,
sarima_core,electricity,Czechia,Europe,False,False,rolling,2023-12-01,7,2024-07-01,5150.0,5048.341060533974,588.7672038213715,4293.805528735378,5802.87659233257,0.8,459.375,
sarima_core,electricity,Czechia,Europe,False,False,rolling,2023-12-01,8,2024-08-01,5260.0,5159.191565679637,601.4011202450671,4388.465018509295,5929.9181128499795,0.8,459.375,
sarima_core,electricity,Czechia,Europe,False,False,rolling,2023-12-01,9,2024-09-01,5600.0,5268.189220734279,613.7479267424643,4481.639604367721,6054.7388371008365,0.8,459.375,
sarima_core,electricity,Czechia,Europe,False,False,rolling,2023-12-01,10,2024-10-01,5760.0,5381.768152204313,625.8419022867658,4579.719482545297,6183.816821863329,0.8,459.375,
sarima_core,electricity,Czechia,Europe,False,False,rolling,2023-12-01,11,2024-11-01,6290.0,5859.2774037158415,637.7033647671208,5042.027658245479,6676.527149186204,0.8,459.375,
sarima_core,electricity,Czechia,Europe,False,False,rolling,2023-12-01,12,2024-12-01,6540.0,6652.193259997012,649.3470951588349,5820.021473614369,7484.365046379656,0.8,459.375,
sarima_core,electricity,Czechia,Europe,False,False,rolling,2024-12-01,1,2025-01-01,6980.0,6362.271950464253,426.0450146222732,5816.273294982607,6908.270605945899,0.8,440.0925925925926,
sarima_core,electricity,Czechia,Europe,False,False,rolling,2024-12-01,2,2025-02-01,6640.0,5544.732772588577,478.71044535310057,4931.240651903758,6158.224893273396,0.8,440.0925925925926,
sarima_core,electricity,Czechia,Europe,False,False,rolling,2024-12-01,3,2025-03-01,6760.0,5595.954236027457,500.5517797386278,4954.471319067283,6237.437152987632,0.8,440.0925925925926,
sarima_core,electricity,Czechia,Europe,False,False,rolling,2024-12-01,4,2025-04-01,5760.0,4846.41105342615,515.0320832695827,4186.370880806319,5506.451226045981,0.8,440.0925925925926,
sarima_core,electricity,Czechia,Europe,False,False,rolling,2024-12-01,5,2025-05-01,5350.0,4172.3169827455085,527.1985178236807,3496.6848968757777,4847.949068615239,0.8,440.0925925925926,
sarima_core,electricity,Czechia,Europe,False,False,rolling,2024-12-01,6,2025-06-01,4420.0,4276.940048454967,538.4710983911438,3586.861569311276,4967.018527598658,0.8,440.0925925925926,
sarima_core,electricity,Czechia,Europe,False,False,rolling,2024-12-01,7,2025-07-01,5190.0,4582.288162427294,549.3057152645341,3878.3245630674337,5286.2517617871545,0.8,440.0925925925926,
sarima_core,electricity,Czechia,Europe,False,False,rolling,2024-12-01,8,2025-08-01,5580.0,4824.224780196552,559.8608207682308,4106.734268853941,5541.715291539163,0.8,440.0925925925926,
sarima_core,electricity,Czechia,Europe,False,False,rolling,2024-12-01,9,2025-09-01,5060.0,4875.425483371588,570.1968323025322,4144.688840265706,5606.162126477469,0.8,440.0925925925926,
sarima_core,electricity,Czechia,Europe,False,False,rolling,2024-12-01,10,2025-10-01,5830.0,5449.839536109234,580.3407047498671,4706.102997387786,6193.576074830683,0.8,440.0925925925926,
sarima_core,electricity,Czechia,Europe,False,False,rolling,2024-12-01,11,2025-11-01,6460.0,5647.063648250172,590.3075359380988,4890.554101415926,6403.573195084418,0.8,440.0925925925926,
sarima_core,electricity,Czechia,Europe,False,False,rolling,2024-12-01,12,2025-12-01,6330.0,5897.064814692917,600.1079174994755,5127.9955735257545,6666.13405586008,0.8,440.0925925925926,
sarima_core,electricity,Denmark,Europe,True,False,holdout,last12,1,2025-05-01,2480.0,2233.628754952586,301.56809774384016,1847.1536871706605,2620.1038227345116,0.8,280.625,
sarima_core,electricity,Denmark,Europe,True,False,holdout,last12,2,2025-06-01,2460.0,1757.9335331676934,308.08879014116616,1363.1018618355401,2152.7652044998467,0.8,280.625,
sarima_core,electricity,Denmark,Europe,True,False,holdout,last12,3,2025-07-01,2100.0,1980.3569021896822,321.15148974823256,1568.784707725854,2391.9290966535104,0.8,280.625,
sarima_core,electricity,Denmark,Europe,True,False,holdout,last12,4,2025-08-01,2210.0,1751.1328105451448,332.84906866173526,1324.5695655116358,2177.6960555786536,0.8,280.625,
sarima_core,electricity,Denmark,Europe,True,False,holdout,last12,5,2025-09-01,2570.0,1716.071558762363,344.2435029467311,1274.9057586324227,2157.2373588923037,0.8,280.625,
sarima_core,electricity,Denmark,Europe,True,False,holdout,last12,6,2025-10-01,3000.0,2465.5047018101473,355.26209110825533,2010.2180127717143,2920.7913908485802,0.8,280.625,
sarima_core,electricity,Denmark,Europe,True,False,holdout,last12,7,2025-11-01,3110.0,2496.3608331085197,365.95025358177224,2027.376712719356,2965.3449534976835,0.8,280.625,
sarima_core,electricity,Denmark,Europe,True,False,holdout,last12,8,2025-12-01,3270.0,3113.2363779754783,376.3348535848359,2630.943857194834,3595.5288987561225,0.8,280.625,
sarima_core,electricity,Denmark,Europe,True,False,holdout,last12,9,2026-01-01,3870.0,3301.856530861389,386.44050980285476,2806.613090533687,3797.099971189091,0.8,280.625,
sarima_core,electricity,Denmark,Europe,True,False,holdout,last12,10,2026-02-01,3430.0,2784.718543441009,396.2885462134531,2276.8543366337644,3292.5827502482534,0.8,280.625,
sarima_core,electricity,Denmark,Europe,True,False,holdout,last12,11,2026-03-01,3220.0,2892.6776257316124,405.8977164996279,2372.498771700536,3412.8564797626887,0.8,280.625,
sarima_core,electricity,Denmark,Europe,True,False,holdout,last12,12,2026-04-01,2940.0,2130.4425716558912,415.28460197935595,1598.2339398426814,2662.6512034691013,0.8,280.625,
sarima_core,electricity,Denmark,Europe,True,False,rolling,2022-12-01,1,2023-01-01,3610.0,3821.030367844565,310.57468662710943,3423.012891979069,4219.047843710061,0.8,285.1190476190476,
sarima_core,electricity,Denmark,Europe,True,False,rolling,2022-12-01,2,2023-02-01,3140.0,3802.2775809488026,317.76042466261873,3395.0512112543065,4209.503950643299,0.8,285.1190476190476,
sarima_core,electricity,Denmark,Europe,True,False,rolling,2022-12-01,3,2023-03-01,3160.0,3370.6064523328473,324.8850988558909,2954.249445271968,3786.9634593937267,0.8,285.1190476190476,
sarima_core,electricity,Denmark,Europe,True,False,rolling,2022-12-01,4,2023-04-01,2780.0,3119.2996847741697,331.856661545117,2694.0082606346205,3544.591108913719,0.8,285.1190476190476,
sarima_core,electricity,Denmark,Europe,True,False,rolling,2022-12-01,5,2023-05-01,2620.0,2731.7309509044458,338.684750770743,2297.688978328117,3165.7729234807744,0.8,285.1190476190476,
sarima_core,electricity,Denmark,Europe,True,False,rolling,2022-12-01,6,2023-06-01,1880.0,2193.06860718123,345.3778756622176,1750.4490499218468,2635.6881644406135,0.8,285.1190476190476,
sarima_core,electricity,Denmark,Europe,True,False,rolling,2022-12-01,7,2023-07-01,2450.0,2518.6911017332623,351.94373639724444,2067.6570553697575,2969.725148096767,0.8,285.1190476190476,
sarima_core,electricity,Denmark,Europe,True,False,rolling,2022-12-01,8,2023-08-01,1950.0,2269.695110450011,358.3893276613575,1810.4007065111214,2728.9895143889003,0.8,285.1190476190476,
sarima_core,electricity,Denmark,Europe,True,False,rolling,2022-12-01,9,2023-09-01,1980.0,2636.2598356036438,364.72102595527275,2168.8510338036313,3103.6686374036562,0.8,285.1190476190476,
sarima_core,electricity,Denmark,Europe,True,False,rolling,2022-12-01,10,2023-10-01,2800.0,2971.761839962018,370.9446634825383,2496.377125745556,3447.1465541784796,0.8,285.1190476190476,
sarima_core,electricity,Denmark,Europe,True,False,rolling,2022-12-01,11,2023-11-01,2820.0,3409.8464897012423,377.06559105609256,2926.617491170307,3893.0754882321776,0.8,285.1190476190476,
sarima_core,electricity,Denmark,Europe,True,False,rolling,2022-12-01,12,2023-12-01,3540.0,3731.944108270823,383.08873195486615,3240.9961440915686,4222.892072450078,0.8,285.1190476190476,
sarima_core,electricity,Denmark,Europe,True,False,rolling,2023-12-01,1,2024-01-01,4000.0,3685.779602740909,304.3936166657778,3295.6834867610987,4075.8757187207193,0.8,276.1458333333333,
sarima_core,electricity,Denmark,Europe,True,False,rolling,2023-12-01,2,2024-02-01,3510.0,3362.225621202892,311.5559002119264,2962.9506695316404,3761.5005728741435,0.8,276.1458333333333,
sarima_core,electricity,Denmark,Europe,True,False,rolling,2023-12-01,3,2024-03-01,3390.0,3091.736288735489,320.6809626603694,2680.767098997743,3502.705478473235,0.8,276.1458333333333,
sarima_core,electricity,Denmark,Europe,True,False,rolling,2023-12-01,4,2024-04-01,2910.0,2720.5412315931662,329.46560689483584,2298.3140672839872,3142.768395902345,0.8,276.1458333333333,
sarima_core,electricity,Denmark,Europe,True,False,rolling,2023-12-01,5,2024-05-01,2500.0,2534.153555790081,338.02545258501175,2100.9565078358373,2967.350603744325,0.8,276.1458333333333,
sarima_core,electricity,Denmark,Europe,True,False,rolling,2023-12-01,6,2024-06-01,2330.0,1824.9387634570585,346.3736917397176,1381.0430165445605,2268.8345103695565,0.8,276.1458333333333,
sarima_core,electricity,Denmark,Europe,True,False,rolling,2023-12-01,7,2024-07-01,2250.0,2416.9281863946817,354.5254092152748,1962.5855931895062,2871.270779599857,0.8,276.1458333333333,
sarima_core,electricity,Denmark,Europe,True,False,rolling,2023-12-01,8,2024-08-01,2250.0,1820.1747228961754,362.49385798966165,1355.6201516892224,2284.7292941031283,0.8,276.1458333333333,
sarima_core,electricity,Denmark,Europe,True,False,rolling,2023-12-01,9,2024-09-01,2160.0,2131.639344050581,370.29086997543646,1657.092499926688,2606.1861881744735,0.8,276.1458333333333,
sarima_core,electricity,Denmark,Europe,True,False,rolling,2023-12-01,10,2024-10-01,2850.0,2634.9916452508464,377.9270560489989,2150.65863490959,3119.3246555921028,0.8,276.1458333333333,
sarima_core,electricity,Denmark,Europe,True,False,rolling,2023-12-01,11,2024-11-01,2890.0,2936.4562664061978,385.41197568390413,2442.530945588853,3430.3815872235427,0.8,276.1458333333333,
sarima_core,electricity,Denmark,Europe,True,False,rolling,2023-12-01,12,2024-12-01,3420.0,3405.7768381897117,392.754277261594,2902.441979290778,3909.1116970886455,0.8,276.1458333333333,
sarima_core,electricity,Denmark,Europe,True,False,rolling,2024-12-01,1,2025-01-01,3380.0,3865.5603047410586,295.94828484793464,3486.2873169739487,4244.833292508169,0.8,269.6296296296296,
sarima_core,electricity,Denmark,Europe,True,False,rolling,2024-12-01,2,2025-02-01,2840.0,3378.1959852154782,301.000036539291,2992.448917159568,3763.9430532713886,0.8,269.6296296296296,
sarima_core,electricity,Denmark,Europe,True,False,rolling,2024-12-01,3,2025-03-01,3140.0,3319.5990305104287,309.70369598043067,2922.697774071759,3716.5002869490986,0.8,269.6296296296296,
sarima_core,electricity,Denmark,Europe,True,False,rolling,2024-12-01,4,2025-04-01,2140.0,2883.100808330397,317.8643064989567,2475.7413087059103,3290.4603079548833,0.8,269.6296296296296,
sarima_core,electricity,Denmark,Europe,True,False,rolling,2024-12-01,5,2025-05-01,2480.0,2581.94234897402,325.842620269147,2164.35822884694,2999.5264691011002,0.8,269.6296296296296,
sarima_core,electricity,Denmark,Europe,True,False,rolling,2024-12-01,6,2025-06-01,2460.0,2163.7892050224664,333.62859080773205,1736.2269621623784,2591.351447882554,0.8,269.6296296296296,
sarima_core,electricity,Denmark,Europe,True,False,rolling,2024-12-01,7,2025-07-01,2100.0,2366.7706595386335,341.23707311850774,1929.4577542617526,2804.0835648155144,0.8,269.6296296296296,
sarima_core,electricity,Denmark,Europe,True,False,rolling,2024-12-01,8,2025-08-01,2210.0,2149.0926273753257,348.6795628677862,1702.2417877087073,2595.943467041944,0.8,269.6296296296296,
sarima_core,electricity,Denmark,Europe,True,False,rolling,2024-12-01,9,2025-09-01,2570.0,2111.335354920867,355.9664808642086,1655.1459540879382,2567.5247557537955,0.8,269.6296296296296,
sarima_core,electricity,Denmark,Europe,True,False,rolling,2024-12-01,10,2025-10-01,3000.0,2857.9316430044305,363.10719271688464,2392.591051717602,3323.272234291259,0.8,269.6296296296296,
sarima_core,electricity,Denmark,Europe,True,False,rolling,2024-12-01,11,2025-11-01,3110.0,2889.2245217603427,370.11016104547787,2414.909265448546,3363.539778072139,0.8,269.6296296296296,
sarima_core,electricity,Denmark,Europe,True,False,rolling,2024-12-01,12,2025-12-01,3270.0,3501.9421735833007,376.9830622392693,3018.8189399867674,3985.065407179834,0.8,269.6296296296296,
sarima_core,electricity,EU Total,Europe,False,True,holdout,last12,1,2025-05-01,201880.0,198005.2774446168,7351.748500578323,188583.63264421048,207426.92224502313,0.8,7179.9,
sarima_core,electricity,EU Total,Europe,False,True,holdout,last12,2,2025-06-01,204640.0,193620.7319062159,9379.93662282136,181599.85944253005,205641.60436990173,0.8,7179.9,
sarima_core,electricity,EU Total,Europe,False,True,holdout,last12,3,2025-07-01,214880.0,207067.03065222315,10992.887180515127,192979.07887617883,221154.98242826748,0.8,7179.9,
sarima_core,electricity,EU Total,Europe,False,True,holdout,last12,4,2025-08-01,203770.0,201060.57693973323,12395.120877629624,185175.59037389242,216945.56350557404,0.8,7179.9,
sarima_core,electricity,EU Total,Europe,False,True,holdout,last12,5,2025-09-01,201800.0,195344.9954546284,13653.95631048768,177846.74636904534,212843.24454021145,0.8,7179.9,
sarima_core,electricity,EU Total,Europe,False,True,holdout,last12,6,2025-10-01,217160.0,207928.82027281704,14806.140063343479,188953.98829496658,226903.6522506675,0.8,7179.9,
sarima_core,electricity,EU Total,Europe,False,True,holdout,last12,7,2025-11-01,226170.0,221710.76757675165,15874.918253611857,201366.2412359428,242055.29391756048,0.8,7179.9,
sarima_core,electricity,EU Total,Europe,False,True,holdout,last12,8,2025-12-01,240190.0,236393.15520611618,16876.145135935345,214765.50498680034,258020.80542543202,0.8,7179.9,
sarima_core,electricity,EU Total,Europe,False,True,holdout,last12,9,2026-01-01,263980.0,251529.71931357734,17821.209826637423,228690.91996035134,274368.5186668034,0.8,7179.9,
sarima_core,electricity,EU Total,Europe,False,True,holdout,last12,10,2026-02-01,231170.0,223276.4326983473,18718.620801693905,199287.55490510073,247265.31049159385,0.8,7179.9,
sarima_core,electricity,EU Total,Europe,False,True,holdout,last12,11,2026-03-01,231950.0,225190.22105424365,19574.933199119107,200103.93476748158,250276.50734100572,0.8,7179.9,
sarima_core,electricity,EU Total,Europe,False,True,holdout,last12,12,2026-04-01,206050.0,203896.63588404513,20395.32433628675,177758.97605108697,230034.2957170033,0.8,7179.9,
sarima_core,electricity,EU Total,Europe,False,True,rolling,2022-12-01,1,2023-01-01,240640.0,245759.82808244138,8068.2634468701835,235419.93243087863,256099.72373400413,0.8,7289.027777777777,
sarima_core,electricity,EU Total,Europe,False,True,rolling,2022-12-01,2,2023-02-01,219690.0,218171.07026046506,10646.776223394067,204526.67752337136,231815.46299755876,0.8,7289.027777777777,
sarima_core,electricity,EU Total,Europe,False,True,rolling,2022-12-01,3,2023-03-01,228120.0,227375.04433228986,12617.781334949903,211204.7069087854,243545.38175579434,0.8,7289.027777777777,
sarima_core,electricity,EU Total,Europe,False,True,rolling,2022-12-01,4,2023-04-01,200920.0,202881.8051068498,14307.10934928578,184546.5067218548,221217.10349184478,0.8,7289.027777777777,
sarima_core,electricity,EU Total,Europe,False,True,rolling,2022-12-01,5,2023-05-01,196480.0,195787.10398188268,15815.207082954541,175519.10058531025,216055.1073784551,0.8,7289.027777777777,
sarima_core,electricity,EU Total,Europe,False,True,rolling,2022-12-01,6,2023-06-01,190520.0,192591.41789572034,17191.253165809845,170559.94048740316,214622.89530403752,0.8,7289.027777777777,
sarima_core,electricity,EU Total,Europe,False,True,rolling,2022-12-01,7,2023-07-01,202950.0,203106.8399313056,18464.999121879908,179442.99139888075,226770.68846373048,0.8,7289.027777777777,
sarima_core,electricity,EU Total,Europe,False,True,rolling,2022-12-01,8,2023-08-01,197800.0,195461.89797902625,19656.372519694756,170271.24300348357,220652.55295456894,0.8,7289.027777777777,
sarima_core,electricity,EU Total,Europe,False,True,rolling,2022-12-01,9,2023-09-01,192520.0,193102.3080249175,20779.550873003904,166472.24207230567,219732.37397752932,0.8,7289.027777777777,
sarima_core,electricity,EU Total,Europe,False,True,rolling,2022-12-01,10,2023-10-01,206240.0,203819.51501145976,21845.056259770918,175823.94896234048,231815.08106057905,0.8,7289.027777777777,
sarima_core,electricity,EU Total,Europe,False,True,rolling,2022-12-01,11,2023-11-01,220610.0,215917.3000435717,22860.95428163995,186619.8082940925,245214.7917930509,0.8,7289.027777777777,
sarima_core,electricity,EU Total,Europe,False,True,rolling,2022-12-01,12,2023-12-01,235100.0,234408.93279203682,23833.589285117396,203864.9591311476,264952.90645292605,0.8,7289.027777777777,
sarima_core,electricity,EU Total,Europe,False,True,rolling,2023-12-01,1,2024-01-01,251380.0,241602.54447748975,7701.927438206425,231732.1273113454,251472.9616436341,0.8,7519.285714285715,
sarima_core,electricity,EU Total,Europe,False,True,rolling,2023-12-01,2,2024-02-01,221780.0,216333.60548457177,9943.850136671437,203590.0487743796,229077.16219476395,0.8,7519.285714285715,
sarima_core,electricity,EU Total,Europe,False,True,rolling,2023-12-01,3,2024-03-01,222750.0,223815.82460669387,11701.166681466717,208820.1761273619,238811.47308602586,0.8,7519.285714285715,
sarima_core,electricity,EU Total,Europe,False,True,rolling,2023-12-01,4,2024-04-01,205090.0,197920.53044753542,13222.100771708367,180975.7265037641,214865.33439130674,0.8,7519.285714285715,
sarima_core,electricity,EU Total,Europe,False,True,rolling,2023-12-01,5,2024-05-01,200570.0,191602.33271619654,14584.899946039763,172911.03135703792,210293.63407535516,0.8,7519.285714285715,
sarima_core,electricity,EU Total,Europe,False,True,rolling,2023-12-01,6,2024-06-01,198790.0,188172.72950068951,15830.782879120432,167884.76491815608,208460.69408322294,0.8,7519.285714285715,
sarima_core,electricity,EU Total,Europe,False,True,rolling,2023-12-01,7,2024-07-01,214010.0,198815.8020659319,16985.522719498218,177047.97883316557,220583.62529869823,0.8,7519.285714285715,
sarima_core,electricity,EU Total,Europe,False,True,rolling,2023-12-01,8,2024-08-01,206500.0,191428.88166921976,18066.606494142026,168275.5938325738,214582.16950586572,0.8,7519.285714285715,
sarima_core,electricity,EU Total,Europe,False,True,rolling,2023-12-01,9,2024-09-01,200020.0,186324.96578560336,19086.55437052799,161864.56215120107,210785.36942000565,0.8,7519.285714285715,
sarima_core,electricity,EU Total,Europe,False,True,rolling,2023-12-01,10,2024-10-01,210610.0,193145.07714941158,20054.696337993086,167443.94966093497,218846.20463788818,0.8,7519.285714285715,
sarima_core,electricity,EU Total,Europe,False,True,rolling,2023-12-01,11,2024-11-01,223360.0,204704.25295068484,20978.206135757817,177819.60003508706,231588.9058662826,0.8,7519.285714285715,
sarima_core,electricity,EU Total,Europe,False,True,rolling,2023-12-01,12,2024-12-01,238380.0,224150.69469324482,21862.740453547187,196132.46543790615,252168.92394858348,0.8,7519.285714285715,
sarima_core,electricity,EU Total,Europe,False,True,rolling,2024-12-01,1,2025-01-01,251510.0,248962.56493531613,4969.366604088134,242594.0653840819,255331.06448655034,0.8,7333.4375,
sarima_core,electricity,EU Total,Europe,False,True,rolling,2024-12-01,2,2025-02-01,225620.0,224955.61986023767,6337.995886319984,216833.15130970906,233078.08841076627,0.8,7333.4375,
sarima_core,electricity,EU Total,Europe,False,True,rolling,2024-12-01,3,2025-03-01,229190.0,230709.879768327,7425.758359875541,221193.38751687258,240226.3720197814,0.8,7333.4375,
sarima_core,electricity,EU Total,Europe,False,True,rolling,2024-12-01,4,2025-04-01,201520.0,206935.78401305428,8371.525222976377,196207.2427575528,217664.32526855575,0.8,7333.4375,
sarima_core,electricity,EU Total,Europe,False,True,rolling,2024-12-01,5,2025-05-01,201880.0,202467.068787891,9220.685467165948,190650.28489205014,214283.85268373188,0.8,7333.4375,
sarima_core,electricity,EU Total,Europe,False,True,rolling,2024-12-01,6,2025-06-01,204640.0,198008.06327030194,9997.976062252474,185195.14139544484,210820.98514515904,0.8,7333.4375,
sarima_core,electricity,EU Total,Europe,False,True,rolling,2024-12-01,7,2025-07-01,214880.0,211439.92277376814,10719.048588757565,197702.90927369724,225176.93627383903,0.8,7333.4375,
sarima_core,electricity,EU Total,Europe,False,True,rolling,2024-12-01,8,2025-08-01,203770.0,205442.47176637346,11394.581145617585,190839.72846048226,220045.21507226466,0.8,7333.4375,
sarima_core,electricity,EU Total,Europe,False,True,rolling,2024-12-01,9,2025-09-01,201800.0,199731.56447318726,12032.246518859976,184311.62010992368,215151.50883645084,0.8,7333.4375,
sarima_core,electricity,EU Total,Europe,False,True,rolling,2024-12-01,10,2025-10-01,217160.0,212327.6146163339,12637.778012583583,196131.65041930228,228523.57881336554,0.8,7333.4375,
sarima_core,electricity,EU Total,Europe,False,True,rolling,2024-12-01,11,2025-11-01,226170.0,226115.8897702897,13215.593437297848,209179.4253111197,243052.3542294597,0.8,7333.4375,
sarima_core,electricity,EU Total,Europe,False,True,rolling,2024-12-01,12,2025-12-01,240190.0,240796.20715819337,13769.18249950053,223150.28976968915,258442.1245466976,0.8,7333.4375,
sarima_core,electricity,Estonia,Europe,False,False,holdout,last12,1,2025-05-01,440.0,532.1446249023417,112.23960116828327,388.3037883090267,675.9854614956566,0.8,164.91071428571428,
sarima_core,electricity,Estonia,Europe,False,False,holdout,last12,2,2025-06-01,380.0,537.5435131289154,131.6818009388596,368.7864949819874,706.3005312758434,0.8,164.91071428571428,
sarima_core,electricity,Estonia,Europe,False,False,holdout,last12,3,2025-07-01,300.0,450.7331170156043,148.23537168710314,260.76184436091154,640.7043896702971,0.8,164.91071428571428,
sarima_core,electricity,Estonia,Europe,False,False,holdout,last12,4,2025-08-01,250.0,462.1712483371363,163.11154192757024,253.13539642146495,671.2071002528077,0.8,164.91071428571428,
sarima_core,electricity,Estonia,Europe,False,False,holdout,last12,5,2025-09-01,310.0,491.4520645649335,176.73988959221288,264.95078236385325,717.9533467660137,0.8,164.91071428571428,
sarima_core,electricity,Estonia,Europe,False,False,holdout,last12,6,2025-10-01,340.0,490.01370528806274,189.39007728204348,247.30055524864707,732.7268553274785,0.8,164.91071428571428,
sarima_core,electricity,Estonia,Europe,False,False,holdout,last12,7,2025-11-01,370.0,512.8904236876474,201.24665006053303,254.98246424196498,770.7983831333298,0.8,164.91071428571428,
sarima_core,electricity,Estonia,Europe,False,False,holdout,last12,8,2025-12-01,380.0,581.4520644871303,212.4425262231001,309.19601241766657,853.7081165565941,0.8,164.91071428571428,
sarima_core,electricity,Estonia,Europe,False,False,holdout,last12,9,2026-01-01,490.0,620.4075522884814,223.0772057730561,334.52260999270635,906.2924945842565,0.8,164.91071428571428,
sarima_core,electricity,Estonia,Europe,False,False,holdout,last12,10,2026-02-01,490.0,539.2945256863926,233.22746948628543,240.401497038238,838.1875543345473,0.8,164.91071428571428,
sarima_core,electricity,Estonia,Europe,False,False,holdout,last12,11,2026-03-01,410.0,563.215756286024,242.95403950220293,251.8576266065911,874.5738859654568,0.8,164.91071428571428,
sarima_core,electricity,Estonia,Europe,False,False,holdout,last12,12,2026-04-01,380.0,542.4965766857782,252.30592164651975,219.1535278035076,865.8396255680489,0.8,164.91071428571428,
sarima_core,electricity,Estonia,Europe,False,False,rolling,2022-12-01,1,2023-01-01,490.0,657.1597569158664,123.32824728308593,499.108248534356,815.2112652973768,0.8,180.11904761904762,
sarima_core,electricity,Estonia,Europe,False,False,rolling,2022-12-01,2,2023-02-01,430.0,580.1536419028336,143.99988907308125,395.6103586229775,764.6969251826896,0.8,180.11904761904762,
sarima_core,electricity,Estonia,Europe,False,False,rolling,2022-12-01,3,2023-03-01,440.0,582.423185885488,160.51137237932042,376.7195853250576,788.1267864459185,0.8,180.11904761904762,
sarima_core,electricity,Estonia,Europe,False,False,rolling,2022-12-01,4,2023-04-01,330.0,500.0362777101541,175.37912138538357,275.27889013487925,724.7936652854289,0.8,180.11904761904762,
sarima_core,electricity,Estonia,Europe,False,False,rolling,2022-12-01,5,2023-05-01,390.0,554.0300724316711,189.0751065069078,311.72057368223136,796.3395711811108,0.8,180.11904761904762,
sarima_core,electricity,Estonia,Europe,False,False,rolling,2022-12-01,6,2023-06-01,410.0,578.4360522926678,201.84347714403424,319.76322816376495,837.1088764215706,0.8,180.11904761904762,
sarima_core,electricity,Estonia,Europe,False,False,rolling,2022-12-01,7,2023-07-01,300.0,594.8386993307643,213.8508147903764,320.777852843169,868.8995458183595,0.8,180.11904761904762,
sarima_core,electricity,Estonia,Europe,False,False,rolling,2022-12-01,8,2023-08-01,330.0,545.8370463195879,225.2188977244136,257.2074153506364,834.4666772885394,0.8,180.11904761904762,
sarima_core,electricity,Estonia,Europe,False,False,rolling,2022-12-01,9,2023-09-01,350.0,686.8353931784153,236.04010833080218,384.33782281575867,989.3329635410719,0.8,180.11904761904762,
sarima_core,electricity,Estonia,Europe,False,False,rolling,2022-12-01,10,2023-10-01,330.0,646.4393607414022,246.3865125883271,330.68233980475725,962.1963816780471,0.8,180.11904761904762,
sarima_core,electricity,Estonia,Europe,False,False,rolling,2022-12-01,11,2023-11-01,390.0,697.0416751527928,256.3156148770089,368.5599976336352,1025.5233526719503,0.8,180.11904761904762,
sarima_core,electricity,Estonia,Europe,False,False,rolling,2022-12-01,12,2023-12-01,440.0,799.2446508245225,265.87417188230376,458.51318961088197,1139.9761120381631,0.8,180.11904761904762,
sarima_core,electricity,Estonia,Europe,False,False,rolling,2023-12-01,1,2024-01-01,530.0,331.19824669042856,117.3082195470886,180.86171427860748,481.5347791022497,0.8,182.8125,
sarima_core,electricity,Estonia,Europe,False,False,rolling,2023-12-01,2,2024-02-01,370.0,194.03453830128635,137.57837431399756,17.720757314101746,370.348319288471,0.8,182.8125,
sarima_core,electricity,Estonia,Europe,False,False,rolling,2023-12-01,3,2024-03-01,380.0,331.5758565370664,154.71440229387142,133.30137206505836,529.8503410090744,0.8,182.8125,
sarima_core,electricity,Estonia,Europe,False,False,rolling,2023-12-01,4,2024-04-01,350.0,166.12829057379122,170.12192398938868,-51.891727448269336,384.14830859585174,0.8,182.8125,
sarima_core,electricity,Estonia,Europe,False,False,rolling,2023-12-01,5,2024-05-01,430.0,287.12092217952846,184.24521397301922,51.0011797683058,523.2406645907511,0.8,182.8125,
sarima_core,electricity,Estonia,Europe,False,False,rolling,2023-12-01,6,2024-06-01,420.0,251.67308151481993,197.36039739358563,-1.254444741434213,504.60060777107407,0.8,182.8125,
sarima_core,electricity,Estonia,Europe,False,False,rolling,2023-12-01,7,2024-07-01,360.0,186.03135418102423,209.6567527928183,-82.65458558760932,454.7172939496578,0.8,182.8125,
sarima_core,electricity,Estonia,Europe,False,False,rolling,2023-12-01,8,2024-08-01,350.0,188.30743376722603,221.27083296847167,-95.26254863287659,471.87741616732865,0.8,182.8125,
sarima_core,electricity,Estonia,Europe,False,False,rolling,2023-12-01,9,2024-09-01,390.0,291.4791950089132,232.30499145188628,-6.231630470076652,589.1900204879031,0.8,182.8125,
sarima_core,electricity,Estonia,Europe,False,False,rolling,2023-12-01,10,2024-10-01,410.0,221.57613826390235,242.83829307660648,-89.63365640260116,532.7859329304058,0.8,182.8125,
sarima_core,electricity,Estonia,Europe,False,False,rolling,2023-12-01,11,2024-11-01,390.0,253.85221785000743,252.9333195038935,-70.2948737385999,577.9993094386148,0.8,182.8125,
sarima_core,electricity,Estonia,Europe,False,False,rolling,2023-12-01,12,2024-12-01,480.0,303.85221785000743,262.6406130935532,-32.73527103562935,640.4397067356442,0.8,182.8125,
sarima_core,electricity,Estonia,Europe,False,False,rolling,2024-12-01,1,2025-01-01,460.0,428.15102592314304,113.0448558750847,283.2782138996645,573.0238379466216,0.8,166.85185185185185,
sarima_core,electricity,Estonia,Europe,False,False,rolling,2024-12-01,2,2025-02-01,470.0,322.1555853534351,131.51432822894122,153.61319212008902,490.6979785867811,0.8,166.85185185185185,
sarima_core,electricity,Estonia,Europe,False,False,rolling,2024-12-01,3,2025-03-01,510.0,332.14978624831423,147.22865919220413,143.4686675675126,520.8309049291158,0.8,166.85185185185185,
sarima_core,electricity,Estonia,Europe,False,False,rolling,2024-12-01,4,2025-04-01,500.0,258.73838256048606,161.41099383681222,51.8818707128095,465.59489440816265,0.8,166.85185185185185,
sarima_core,electricity,Estonia,Europe,False,False,rolling,2024-12-01,5,2025-05-01,440.0,327.8855611375383,174.44389388139962,104.32671583413446,551.4444064409421,0.8,166.85185185185185,
sarima_core,electricity,Estonia,Europe,False,False,rolling,2024-12-01,6,2025-06-01,380.0,334.1647888642808,186.56857661928925,95.06753741640296,573.2620403121587,0.8,166.85185185185185,
sarima_core,electricity,Estonia,Europe,False,False,rolling,2024-12-01,7,2025-07-01,300.0,247.03274254377408,197.9520028118137,-6.652956562394934,500.7184416499431,0.8,166.85185185185185,
sarima_core,electricity,Estonia,Europe,False,False,rolling,2024-12-01,8,2025-08-01,250.0,258.7383795989907,208.7154930806867,-8.74128731197652,526.218046509958,0.8,166.85185185185185,
sarima_core,electricity,Estonia,Europe,False,False,rolling,2024-12-01,9,2025-09-01,310.0,287.88556107136554,218.95049368887751,7.2892131076214355,568.4819090351097,0.8,166.85185185185185,
sarima_core,electricity,Estonia,Europe,False,False,rolling,2024-12-01,10,2025-10-01,340.0,286.17992401611656,228.72796138927094,-6.946752986128502,579.3066010183616,0.8,166.85185185185185,
sarima_core,electricity,Estonia,Europe,False,False,rolling,2024-12-01,11,2025-11-01,370.0,309.5911981266145,238.10426698398422,4.448302010439988,614.734094242789,0.8,166.85185185185185,
sarima_core,electricity,Estonia,Europe,False,False,rolling,2024-12-01,12,2025-12-01,380.0,377.88556107136554,247.1250768146953,61.1820319941632,694.589090148568,0.8,166.85185185185185,
sarima_core,electricity,Finland,Europe,True,False,holdout,last12,1,2025-05-01,6210.0,6058.459182497052,438.528231910682,5496.462640356412,6620.455724637693,0.8,402.84090909090907,
sarima_core,electricity,Finland,Europe,True,False,holdout,last12,2,2025-06-01,5520.0,5818.966711278529,482.0937179222071,5201.138752336108,6436.79467022095,0.8,402.84090909090907,
sarima_core,electricity,Finland,Europe,True,False,holdout,last12,3,2025-07-01,5680.0,6030.721341124823,494.6002628509532,5396.865599949413,6664.577082300233,0.8,402.84090909090907,
sarima_core,electricity,Finland,Europe,True,False,holdout,last12,4,2025-08-01,5590.0,6098.382457494299,500.514597954417,5456.947190907889,6739.817724080709,0.8,402.84090909090907,
sarima_core,electricity,Finland,Europe,True,False,holdout,last12,5,2025-09-01,5680.0,6159.728035373779,504.5876537113346,5513.072937805541,6806.383132942016,0.8,402.84090909090907,
sarima_core,electricity,Finland,Europe,True,False,holdout,last12,6,2025-10-01,7300.0,7371.2281505770525,508.04701233968916,6720.139706542867,8022.316594611238,0.8,402.84090909090907,
sarima_core,electricity,Finland,Europe,True,False,holdout,last12,7,2025-11-01,7560.0,7763.081146167549,511.27706258315214,7107.853226187066,8418.309066148033,0.8,402.84090909090907,
sarima_core,electricity,Finland,Europe,True,False,holdout,last12,8,2025-12-01,8080.0,8513.216695880568,514.4113804649159,7853.971985911796,9172.46140584934,0.8,402.84090909090907,
sarima_core,electricity,Finland,Europe,True,False,holdout,last12,9,2026-01-01,8890.0,8984.04586694479,517.4986949763293,8320.844604230588,9647.247129658994,0.8,402.84090909090907,
sarima_core,electricity,Finland,Europe,True,False,holdout,last12,10,2026-02-01,7950.0,8008.121044938577,520.5572396727218,7341.000099480425,8675.24199039673,0.8,402.84090909090907,
sarima_core,electricity,Finland,Europe,True,False,holdout,last12,11,2026-03-01,8240.0,7113.88719733419,523.5940058153277,6442.874479471789,7784.899915196592,0.8,402.84090909090907,
sarima_core,electricity,Finland,Europe,True,False,holdout,last12,12,2026-04-01,6460.0,6309.184762370614,526.611795734901,5634.304591112299,6984.06493362893,0.8,402.84090909090907,
sarima_core,electricity,Finland,Europe,True,False,rolling,2022-12-01,1,2023-01-01,7510.0,7366.868506742606,332.6300710976844,6940.585918380157,7793.151095105055,0.8,315.5,
sarima_core,electricity,Finland,Europe,True,False,rolling,2022-12-01,2,2023-02-01,6400.0,6777.052294783911,371.62793562019823,6300.791932089738,7253.312657478084,0.8,315.5,
sarima_core,electricity,Finland,Europe,True,False,rolling,2022-12-01,3,2023-03-01,7410.0,7001.770981061936,382.9200911208333,6511.039138807551,7492.502823316321,0.8,315.5,
sarima_core,electricity,Finland,Europe,True,False,rolling,2022-12-01,4,2023-04-01,6380.0,6106.826110563116,387.59181496830956,5610.107213298206,6603.545007828026,0.8,315.5,
sarima_core,electricity,Finland,Europe,True,False,rolling,2022-12-01,5,2023-05-01,6380.0,5618.971214889833,390.28509268805016,5118.800743346743,6119.141686432924,0.8,315.5,
sarima_core,electricity,Finland,Europe,True,False,rolling,2022-12-01,6,2023-06-01,5500.0,4767.227327116908,392.2796970741706,4264.500667200143,5269.953987033673,0.8,315.5,
sarima_core,electricity,Finland,Europe,True,False,rolling,2022-12-01,7,2023-07-01,5330.0,4667.116295497869,393.9975162622214,4162.188161711335,5172.044429284403,0.8,315.5,
sarima_core,electricity,Finland,Europe,True,False,rolling,2022-12-01,8,2023-08-01,5790.0,5022.853963939256,395.597078034529,4515.875909259235,5529.832018619276,0.8,315.5,
sarima_core,electricity,Finland,Europe,True,False,rolling,2022-12-01,9,2023-09-01,5890.0,5285.849351025458,397.1428213621128,4776.890346564043,5794.808355486874,0.8,315.5,
sarima_core,electricity,Finland,Europe,True,False,rolling,2022-12-01,10,2023-10-01,6930.0,6163.823416158606,398.662040621975,5652.917453876309,6674.729378440903,0.8,315.5,
sarima_core,electricity,Finland,Europe,True,False,rolling,2022-12-01,11,2023-11-01,7410.0,6314.039049896477,400.1665409968379,5801.204992803412,6826.873106989542,0.8,315.5,
sarima_core,electricity,Finland,Europe,True,False,rolling,2022-12-01,12,2023-12-01,7860.0,7701.3554615582,401.661492737516,7186.605546721455,8216.105376394944,0.8,315.5,
sarima_core,electricity,Finland,Europe,True,False,rolling,2023-12-01,1,2024-01-01,8930.0,7802.113795207151,349.3854552428581,7354.358318062154,8249.869272352149,0.8,374.02777777777777,
sarima_core,electricity,Finland,Europe,True,False,rolling,2023-12-01,2,2024-02-01,7770.0,6928.847675981641,395.06026089074646,6422.557580152647,7435.137771810636,0.8,374.02777777777777,
sarima_core,electricity,Finland,Europe,True,False,rolling,2023-12-01,3,2024-03-01,6350.0,7696.566632323734,413.1785075400953,7167.057069136343,8226.076195511125,0.8,374.02777777777777,
sarima_core,electricity,Finland,Europe,True,False,rolling,2023-12-01,4,2024-04-01,6050.0,6822.096392262802,424.3343889177853,6278.289991830802,7365.902792694801,0.8,374.02777777777777,
sarima_core,electricity,Finland,Europe,True,False,rolling,2023-12-01,5,2024-05-01,5590.0,6696.230884367019,433.22255982171674,6141.033834598258,7251.42793413578,0.8,374.02777777777777,
sarima_core,electricity,Finland,Europe,True,False,rolling,2023-12-01,6,2024-06-01,5620.0,5842.7833128225375,441.2360286140683,5277.316589577496,6408.250036067579,0.8,374.02777777777777,
sarima_core,electricity,Finland,Europe,True,False,rolling,2023-12-01,7,2024-07-01,6060.0,5583.427539086509,448.8512059588055,5008.2015733934195,6158.653504779598,0.8,374.02777777777777,
sarima_core,electricity,Finland,Europe,True,False,rolling,2023-12-01,8,2024-08-01,5730.0,6083.639243397841,456.2439126777148,5498.939142835521,6668.3393439601605,0.8,374.02777777777777,
sarima_core,electricity,Finland,Europe,True,False,rolling,2023-12-01,9,2024-09-01,5740.0,6308.6679533238585,463.482804113907,5714.690840108679,6902.6450665390375,0.8,374.02777777777777,
sarima_core,electricity,Finland,Europe,True,False,rolling,2023-12-01,10,2024-10-01,7100.0,7083.829232910181,470.5967913311442,6480.735178239488,7686.923287580875,0.8,374.02777777777777,
sarima_core,electricity,Finland,Europe,True,False,rolling,2023-12-01,11,2024-11-01,7410.0,7278.979124972748,477.59969321742733,6666.910490426333,7891.047759519162,0.8,374.02777777777777,
sarima_core,electricity,Finland,Europe,True,False,rolling,2023-12-01,12,2024-12-01,8430.0,8258.729757273768,484.4994433525409,7637.818737139832,8879.640777407703,0.8,374.02777777777777,
sarima_core,electricity,Finland,Europe,True,False,rolling,2024-12-01,1,2025-01-01,8360.0,8881.291900917016,437.51000364756607,8320.600270801055,9441.983531032978,0.8,401.1904761904762,
sarima_core,electricity,Finland,Europe,True,False,rolling,2024-12-01,2,2025-02-01,7550.0,7681.184955405291,481.48199163976494,7064.140955237817,8298.228955572764,0.8,401.1904761904762,
sarima_core,electricity,Finland,Europe,True,False,rolling,2024-12-01,3,2025-03-01,7130.0,7413.786016010978,494.6228958419376,6779.901269490539,8047.670762531417,0.8,401.1904761904762,
sarima_core,electricity,Finland,Europe,True,False,rolling,2024-12-01,4,2025-04-01,5870.0,6751.502847093072,501.1603329845318,6109.240037767892,7393.765656418252,0.8,401.1904761904762,
sarima_core,electricity,Finland,Europe,True,False,rolling,2024-12-01,5,2025-05-01,6210.0,6510.921545834302,505.8329939516635,5862.670480531436,7159.172611137169,0.8,401.1904761904762,
sarima_core,electricity,Finland,Europe,True,False,rolling,2024-12-01,6,2025-06-01,5520.0,6099.13058544167,509.87940656574614,5445.693833718386,6752.567337164954,0.8,401.1904761904762,
sarima_core,electricity,Finland,Europe,True,False,rolling,2024-12-01,7,2025-07-01,5680.0,6243.350045467959,513.6889086511934,5585.0312203831245,6901.668870552793,0.8,401.1904761904762,
sarima_core,electricity,Finland,Europe,True,False,rolling,2024-12-01,8,2025-08-01,5590.0,6295.655643976102,517.3961665719917,5632.585776698991,6958.725511253212,0.8,401.1904761904762,
sarima_core,electricity,Finland,Europe,True,False,rolling,2024-12-01,9,2025-09-01,5680.0,6349.166226045489,521.0498903134537,5681.413923387439,7016.918528703538,0.8,401.1904761904762,
sarima_core,electricity,Finland,Europe,True,False,rolling,2024-12-01,10,2025-10-01,7300.0,7554.2170496266735,524.6681865196231,6881.827713801004,8226.606385452344,0.8,401.1904761904762,
sarima_core,electricity,Finland,Europe,True,False,rolling,2024-12-01,11,2025-11-01,7560.0,7946.512914286988,528.2580231503823,7269.52301770712,8623.502810866856,0.8,401.1904761904762,
sarima_core,electricity,Finland,Europe,True,False,rolling,2024-12-01,12,2025-12-01,8080.0,8690.547732773644,531.8222738035907,8008.990065189164,9372.105400358125,0.8,401.1904761904762,
sarima_core,electricity,France,Europe,True,False,holdout,last12,1,2025-05-01,37490.0,40034.62554179459,1693.6109970483853,37864.17571710367,42205.0753664855,0.8,2979.0178571428573,
sarima_core,electricity,France,Europe,True,False,holdout,last12,2,2025-06-01,37870.0,37418.959684686924,2094.64417935514,34734.56515737546,40103.35421199839,0.8,2979.0178571428573,
sarima_core,electricity,France,Europe,True,False,holdout,last12,3,2025-07-01,40890.0,38796.6230343885,2458.976675840856,35645.317625826996,41947.92844295001,0.8,2979.0178571428573,
sarima_core,electricity,France,Europe,True,False,holdout,last12,4,2025-08-01,38880.0,37529.59355004759,2772.805648319821,33976.100130492414,41083.086969602766,0.8,2979.0178571428573,
sarima_core,electricity,France,Europe,True,False,holdout,last12,5,2025-09-01,39440.0,38141.781639012035,3054.896779226529,34226.77388901712,42056.78938900695,0.8,2979.0178571428573,
sarima_core,electricity,France,Europe,True,False,holdout,last12,6,2025-10-01,42830.0,41149.69481890203,3313.0182302705675,36903.891119220985,45395.49851858308,0.8,2979.0178571428573,
sarima_core,electricity,France,Europe,True,False,holdout,last12,7,2025-11-01,48160.0,45591.01355052646,3552.4379033961386,41038.38119392916,50143.64590712376,0.8,2979.0178571428573,
sarima_core,electricity,France,Europe,True,False,holdout,last12,8,2025-12-01,54840.0,50967.34593517607,3776.709776436998,46127.29760857564,55807.3942617765,0.8,2979.0178571428573,
sarima_core,electricity,France,Europe,True,False,holdout,last12,9,2026-01-01,55500.0,55199.69678305928,3988.390508056358,50088.36868345643,60311.024882662125,0.8,2979.0178571428573,
sarima_core,electricity,France,Europe,True,False,holdout,last12,10,2026-02-01,47450.0,47132.077873912036,4189.38908460104,41763.159733866116,52500.996013957956,0.8,2979.0178571428573,
sarima_core,electricity,France,Europe,True,False,holdout,last12,11,2026-03-01,48220.0,46896.59198706605,4381.175979784274,41281.88905124712,52511.29492288498,0.8,2979.0178571428573,
sarima_core,electricity,France,Europe,True,False,holdout,last12,12,2026-04-01,41480.0,40223.98919563989,4564.912379088103,34373.81858964561,46074.159801634174,0.8,2979.0178571428573,
sarima_core,electricity,France,Europe,True,False,rolling,2022-12-01,1,2023-01-01,47250.0,46641.40930340497,1777.034395417132,44364.048091931545,48918.7705148784,0.8,2723.4523809523807,
sarima_core,electricity,France,Europe,True,False,rolling,2022-12-01,2,2023-02-01,41440.0,38853.798614780375,2131.3509928344492,36122.36241318835,41585.2348163724,0.8,2723.4523809523807,
sarima_core,electricity,France,Europe,True,False,rolling,2022-12-01,3,2023-03-01,40620.0,37967.92023094897,2422.2838810327926,34863.63853101795,41072.20193087999,0.8,2723.4523809523807,
sarima_core,electricity,France,Europe,True,False,rolling,2022-12-01,4,2023-04-01,36720.0,30826.075280668738,2681.364266202415,27389.768707521685,34262.381853815794,0.8,2723.4523809523807,
sarima_core,electricity,France,Europe,True,False,rolling,2022-12-01,5,2023-05-01,37570.0,31110.1814135807,2917.5092343298847,27371.242886834407,34849.11994032699,0.8,2723.4523809523807,
sarima_core,electricity,France,Europe,True,False,rolling,2022-12-01,6,2023-06-01,34730.0,29119.224730977643,3135.921115411693,25100.380116097418,33138.06934585787,0.8,2723.4523809523807,
sarima_core,electricity,France,Europe,True,False,rolling,2022-12-01,7,2023-07-01,35560.0,29644.84477910946,3340.0811592182044,25364.358540467343,33925.331017751574,0.8,2723.4523809523807,
sarima_core,electricity,France,Europe,True,False,rolling,2022-12-01,8,2023-08-01,34380.0,28069.197165626854,3532.46133023226,23542.16581764194,32596.228513611768,0.8,2723.4523809523807,
sarima_core,electricity,France,Europe,True,False,rolling,2022-12-01,9,2023-09-01,35940.0,27712.313887184246,3714.8921853314014,22951.487991243386,32473.139783125105,0.8,2723.4523809523807,
sarima_core,electricity,France,Europe,True,False,rolling,2022-12-01,10,2023-10-01,38650.0,30815.059909184172,3888.774208882588,25831.395233741227,35798.72458462712,0.8,2723.4523809523807,
sarima_core,electricity,France,Europe,True,False,rolling,2022-12-01,11,2023-11-01,43150.0,33766.81739900043,4055.2072384409403,28569.860213968648,38963.77458403221,0.8,2723.4523809523807,
sarima_core,electricity,France,Europe,True,False,rolling,2022-12-01,12,2023-12-01,48260.0,38943.632227895854,4215.073741435274,33541.79787567354,44345.46658011817,0.8,2723.4523809523807,
sarima_core,electricity,France,Europe,True,False,rolling,2023-12-01,1,2024-01-01,52700.0,52298.701704168365,1743.452938870597,50064.37686090542,54533.02654743131,0.8,2981.875,
sarima_core,electricity,France,Europe,True,False,rolling,2023-12-01,2,2024-02-01,45630.0,45950.243573893225,2132.773526202237,43216.98432243667,48683.50282534978,0.8,2981.875,
sarima_core,electricity,France,Europe,True,False,rolling,2023-12-01,3,2024-03-01,45390.0,43584.56836132003,2464.8041792318318,40425.7947066646,46743.34201597546,0.8,2981.875,
sarima_core,electricity,France,Europe,True,False,rolling,2023-12-01,4,2024-04-01,39390.0,38445.58925425544,2757.0919368029,34912.23376629529,41978.94474221559,0.8,2981.875,
sarima_core,electricity,France,Europe,True,False,rolling,2023-12-01,5,2024-05-01,40130.0,37614.993496503244,3021.2341118352583,33743.126190604016,41486.86080240247,0.8,2981.875,
sarima_core,electricity,France,Europe,True,False,rolling,2023-12-01,6,2024-06-01,37980.0,35222.74346030995,3264.070330680602,31039.66901797854,39405.817902641356,0.8,2981.875,
sarima_core,electricity,France,Europe,True,False,rolling,2023-12-01,7,2024-07-01,40000.0,35089.774360166935,3490.050814725494,30617.09427472527,39562.4544456086,0.8,2981.875,
sarima_core,electricity,France,Europe,True,False,rolling,2023-12-01,8,2024-08-01,38630.0,33517.226446733104,3702.2633962340137,28772.584995230936,38261.86789823527,0.8,2981.875,
sarima_core,electricity,France,Europe,True,False,rolling,2023-12-01,9,2024-09-01,38090.0,34059.0552962641,3902.9544989433916,29057.21784789386,39060.892744634344,0.8,2981.875,
sarima_core,electricity,France,Europe,True,False,rolling,2023-12-01,10,2024-10-01,41460.0,37259.74018805639,4093.8189244946716,32013.300136314134,42506.18023979865,0.8,2981.875,
sarima_core,electricity,France,Europe,True,False,rolling,2023-12-01,11,2024-11-01,45830.0,41305.856663148516,4276.172699070859,35825.720846115175,46785.992480181856,0.8,2981.875,
sarima_core,electricity,France,Europe,True,False,rolling,2023-12-01,12,2024-12-01,51530.0,48182.322273600774,4451.061953961908,42478.056858164884,53886.58768903666,0.8,2981.875,
sarima_core,electricity,France,Europe,True,False,rolling,2024-12-01,1,2025-01-01,55510.0,56054.935025064755,1675.3762951929791,53907.85391108388,58202.01613904563,0.8,3043.9814814814813,
sarima_core,electricity,France,Europe,True,False,rolling,2024-12-01,2,2025-02-01,46230.0,49694.49742573954,2057.7072641609375,47057.43945992159,52331.555391557486,0.8,3043.9814814814813,
sarima_core,electricity,France,Europe,True,False,rolling,2024-12-01,3,2025-03-01,46000.0,49121.92683339903,2391.7196053486377,46056.814828820774,52187.03883797729,0.8,3043.9814814814813,
sarima_core,electricity,France,Europe,True,False,rolling,2024-12-01,4,2025-04-01,38510.0,44328.692559362535,2683.9278127547236,40889.10066911802,47768.28444960705,0.8,3043.9814814814813,
sarima_core,electricity,France,Europe,True,False,rolling,2024-12-01,5,2025-05-01,37490.0,45131.907955036506,2947.33225564124,41354.74968863938,48909.06622143363,0.8,3043.9814814814813,
sarima_core,electricity,France,Europe,True,False,rolling,2024-12-01,6,2025-06-01,37870.0,42585.38683044539,3189.0529277560913,38498.451058274986,46672.3226026158,0.8,3043.9814814814813,
sarima_core,electricity,France,Europe,True,False,rolling,2024-12-01,7,2025-07-01,40890.0,43921.53172866708,3413.7003561080783,39546.698692996615,48296.36476433755,0.8,3043.9814814814813,
sarima_core,electricity,France,Europe,True,False,rolling,2024-12-01,8,2025-08-01,38880.0,42660.71867822313,3624.4505302926264,38015.79842688766,47305.6389295586,0.8,3043.9814814814813,
sarima_core,electricity,France,Europe,True,False,rolling,2024-12-01,9,2025-09-01,39440.0,43327.521807651254,3823.6021200957257,38427.37852462292,48227.665090679584,0.8,3043.9814814814813,
sarima_core,electricity,France,Europe,True,False,rolling,2024-12-01,10,2025-10-01,42830.0,46318.24082412002,4012.8823430311277,41175.52517506219,51460.956473177845,0.8,3043.9814814814813,
sarima_core,electricity,France,Europe,True,False,rolling,2024-12-01,11,2025-11-01,48160.0,50762.94768451244,4193.628050414591,45388.59709119187,56137.298277833004,0.8,3043.9814814814813,
sarima_core,electricity,France,Europe,True,False,rolling,2024-12-01,12,2025-12-01,54840.0,56123.89347196236,4366.899100212532,50527.487093509684,61720.29985041503,0.8,3043.9814814814813,
sarima_core,electricity,Germany,Europe,True,False,holdout,last12,1,2025-05-01,37650.0,33424.42211932916,2206.4948789308814,30596.685152869144,36252.15908578917,0.8,2486.4285714285716,
sarima_core,electricity,Germany,Europe,True,False,holdout,last12,2,2025-06-01,37760.0,31940.44084327488,2955.454459405024,28152.8735539286,35728.00813262116,0.8,2486.4285714285716,
sarima_core,electricity,Germany,Europe,True,False,holdout,last12,3,2025-07-01,37100.0,33053.610178918476,3437.7276376118034,28647.98494302113,37459.23541481582,0.8,2486.4285714285716,
sarima_core,electricity,Germany,Europe,True,False,holdout,last12,4,2025-08-01,35030.0,31571.52949280146,3780.0164149492484,26727.24353843896,36415.81544716396,0.8,2486.4285714285716,
sarima_core,electricity,Germany,Europe,True,False,holdout,last12,5,2025-09-01,37210.0,32456.54008686261,4034.6370907850205,27285.944606762754,37627.13556696246,0.8,2486.4285714285716,
sarima_core,electricity,Germany,Europe,True,False,holdout,last12,6,2025-10-01,41780.0,36416.262689897005,4229.628806797251,30995.775270873448,41836.75010892056,0.8,2486.4285714285716,
sarima_core,electricity,Germany,Europe,True,False,holdout,last12,7,2025-11-01,40790.0,39767.960216946674,4382.082767647861,34152.09518572154,45383.82524817181,0.8,2486.4285714285716,
sarima_core,electricity,Germany,Europe,True,False,holdout,last12,8,2025-12-01,40670.0,41640.7017016812,4503.235684128259,35869.572960670324,47411.83044269208,0.8,2486.4285714285716,
sarima_core,electricity,Germany,Europe,True,False,holdout,last12,9,2026-01-01,48150.0,44066.00450037944,4600.845739966775,38169.78343949581,49962.22556126306,0.8,2486.4285714285716,
sarima_core,electricity,Germany,Europe,True,False,holdout,last12,10,2026-02-01,43510.0,38965.10557977217,4680.453507510577,32966.86305976327,44963.34809978107,0.8,2486.4285714285716,
sarima_core,electricity,Germany,Europe,True,False,holdout,last12,11,2026-03-01,41730.0,38080.73675899435,4746.114144861845,31998.346746393283,44163.12677159542,0.8,2486.4285714285716,
sarima_core,electricity,Germany,Europe,True,False,holdout,last12,12,2026-04-01,38500.0,34928.484806658285,4800.851399129541,28775.946180156836,41081.02343315973,0.8,2486.4285714285716,
sarima_core,electricity,Germany,Europe,True,False,rolling,2022-12-01,1,2023-01-01,48540.0,48969.004416405754,2275.8359776093785,46052.40325637773,51885.60557643378,0.8,2218.4523809523807,
sarima_core,electricity,Germany,Europe,True,False,rolling,2022-12-01,2,2023-02-01,44760.0,45889.80156702672,3033.634870493995,42002.04204945445,49777.56108459899,0.8,2218.4523809523807,
sarima_core,electricity,Germany,Europe,True,False,rolling,2022-12-01,3,2023-03-01,46460.0,47412.43535815442,3513.1511160373266,42910.151045402024,51914.719670906816,0.8,2218.4523809523807,
sarima_core,electricity,Germany,Europe,True,False,rolling,2022-12-01,4,2023-04-01,39760.0,44120.893561332145,3847.518587080641,39190.100092597,49051.68703006729,0.8,2218.4523809523807,
sarima_core,electricity,Germany,Europe,True,False,rolling,2022-12-01,5,2023-05-01,36170.0,41025.214942777886,4091.825037619207,35781.3301598824,46269.099725673375,0.8,2218.4523809523807,
sarima_core,electricity,Germany,Europe,True,False,rolling,2022-12-01,6,2023-06-01,34110.0,39505.739472360045,4275.547799303815,34026.40449660147,44985.07444811862,0.8,2218.4523809523807,
sarima_core,electricity,Germany,Europe,True,False,rolling,2022-12-01,7,2023-07-01,35580.0,40763.4639606998,4416.573326517154,35103.39749975922,46423.53042164038,0.8,2218.4523809523807,
sarima_core,electricity,Germany,Europe,True,False,rolling,2022-12-01,8,2023-08-01,33570.0,40187.65334889933,4526.5809610244805,34386.60643173403,45988.70026606463,0.8,2218.4523809523807,
sarima_core,electricity,Germany,Europe,True,False,rolling,2022-12-01,9,2023-09-01,33830.0,41629.28186625792,4613.565275503245,35716.760064694536,47541.80366782131,0.8,2218.4523809523807,
sarima_core,electricity,Germany,Europe,True,False,rolling,2022-12-01,10,2023-10-01,39580.0,44358.93398910128,4683.179040891105,38357.198557521624,50360.66942068093,0.8,2218.4523809523807,
sarima_core,electricity,Germany,Europe,True,False,rolling,2022-12-01,11,2023-11-01,42880.0,46072.19660344322,4739.514442531037,39998.264449696326,52146.12875719011,0.8,2218.4523809523807,
sarima_core,electricity,Germany,Europe,True,False,rolling,2022-12-01,12,2023-12-01,44810.0,47348.34285868534,4785.587476645858,41215.36573593921,53481.31998143147,0.8,2218.4523809523807,
sarima_core,electricity,Germany,Europe,True,False,rolling,2023-12-01,1,2024-01-01,47450.0,46444.977636091964,2232.831639813696,43583.488752491205,49306.46651969272,0.8,2610.4166666666665,
sarima_core,electricity,Germany,Europe,True,False,rolling,2023-12-01,2,2024-02-01,42180.0,43796.057302079134,2916.1510694877024,40058.85933361261,47533.25527054566,0.8,2610.4166666666665,
sarima_core,electricity,Germany,Europe,True,False,rolling,2023-12-01,3,2024-03-01,40460.0,43504.28710274566,3375.9595223946517,39177.82089160559,47830.753313885725,0.8,2610.4166666666665,
sarima_core,electricity,Germany,Europe,True,False,rolling,2023-12-01,4,2024-04-01,37910.0,38944.96257023906,3742.522750973966,34148.72667964209,43741.198460836036,0.8,2610.4166666666665,
sarima_core,electricity,Germany,Europe,True,False,rolling,2023-12-01,5,2024-05-01,35400.0,35372.96032925789,4059.835485657552,30170.07180675993,40575.84885175585,0.8,2610.4166666666665,
sarima_core,electricity,Germany,Europe,True,False,rolling,2023-12-01,6,2024-06-01,34770.0,33387.811119349426,4346.715577430969,27817.270966115666,38958.35127258318,0.8,2610.4166666666665,
sarima_core,electricity,Germany,Europe,True,False,rolling,2023-12-01,7,2024-07-01,35360.0,35257.69787961248,4612.431931990735,29346.62851620185,41168.76724302312,0.8,2610.4166666666665,
sarima_core,electricity,Germany,Europe,True,False,rolling,2023-12-01,8,2024-08-01,34660.0,33359.24891858946,4862.096154796123,27128.221979582107,39590.27585759681,0.8,2610.4166666666665,
sarima_core,electricity,Germany,Europe,True,False,rolling,2023-12-01,9,2024-09-01,36470.0,33783.47074791869,5098.8268365781505,27249.06123306114,40317.88026277624,0.8,2610.4166666666665,
sarima_core,electricity,Germany,Europe,True,False,rolling,2023-12-01,10,2024-10-01,37790.0,36594.118278219394,5324.7042644173525,29770.235192093325,43418.00136434546,0.8,2610.4166666666665,
sarima_core,electricity,Germany,Europe,True,False,rolling,2023-12-01,11,2024-11-01,41220.0,39631.32724480739,5541.222509342205,32529.964862928908,46732.689626685875,0.8,2610.4166666666665,
sarima_core,electricity,Germany,Europe,True,False,rolling,2023-12-01,12,2024-12-01,43010.0,41110.383069927986,5749.517592576795,33742.079798034974,48478.686341821,0.8,2610.4166666666665,
sarima_core,electricity,Germany,Europe,True,False,rolling,2024-12-01,1,2025-01-01,45120.0,45169.862012811886,1866.8091419215416,42777.44983440936,47562.27419121441,0.8,2525.462962962963,
sarima_core,electricity,Germany,Europe,True,False,rolling,2024-12-01,2,2025-02-01,40270.0,40731.808015742696,2435.550129234424,37610.52493465997,43853.091096825425,0.8,2525.462962962963,
sarima_core,electricity,Germany,Europe,True,False,rolling,2024-12-01,3,2025-03-01,40620.0,41011.671481252226,2816.4252871066765,37402.27724532127,44621.065717183184,0.8,2525.462962962963,
sarima_core,electricity,Germany,Europe,True,False,rolling,2024-12-01,4,2025-04-01,36580.0,35992.444645578165,3118.9659697366005,31995.328924181893,39989.56036697444,0.8,2525.462962962963,
sarima_core,electricity,Germany,Europe,True,False,rolling,2024-12-01,5,2025-05-01,37650.0,32836.95114783261,3380.284066946689,28504.94280985161,37168.95948581361,0.8,2525.462962962963,
sarima_core,electricity,Germany,Europe,True,False,rolling,2024-12-01,6,2025-06-01,37760.0,31357.328874706076,3616.2778730048713,26722.882305112384,35991.77544429977,0.8,2525.462962962963,
sarima_core,electricity,Germany,Europe,True,False,rolling,2024-12-01,7,2025-07-01,37100.0,32466.81167106629,3834.769089863273,27552.35734044997,37381.26600168261,0.8,2525.462962962963,
sarima_core,electricity,Germany,Europe,True,False,rolling,2024-12-01,8,2025-08-01,35030.0,30990.515270733937,4040.052860432258,25812.979202564034,36168.05133890384,0.8,2525.462962962963,
sarima_core,electricity,Germany,Europe,True,False,rolling,2024-12-01,9,2025-09-01,37210.0,31882.50763382253,4234.732362375516,26455.479745157805,37309.535522487255,0.8,2525.462962962963,
sarima_core,electricity,Germany,Europe,True,False,rolling,2024-12-01,10,2025-10-01,41780.0,35824.99765355062,4420.531290127781,30159.858858148473,41490.13644895277,0.8,2525.462962962963,
sarima_core,electricity,Germany,Europe,True,False,rolling,2024-12-01,11,2025-11-01,40790.0,39177.943910798225,4598.679451246059,33284.49906061606,45071.38876098039,0.8,2525.462962962963,
sarima_core,electricity,Germany,Europe,True,False,rolling,2024-12-01,12,2025-12-01,40670.0,41050.78264745712,4770.107274325342,34937.64420222979,47163.921092684446,0.8,2525.462962962963,
sarima_core,electricity,Greece,Europe,True,False,holdout,last12,1,2025-05-01,3470.0,3500.6676086665525,438.63843203483856,2938.5298393842763,4062.8053779488287,0.8,463.39285714285717,
sarima_core,electricity,Greece,Europe,True,False,holdout,last12,2,2025-06-01,4330.0,4338.6507179874325,482.0629957155035,3720.862131137109,4956.439304837756,0.8,463.39285714285717,
sarima_core,electricity,Greece,Europe,True,False,holdout,last12,3,2025-07-01,5350.0,5572.518042591928,512.4692766708117,4915.762238780941,6229.273846402915,0.8,463.39285714285717,
sarima_core,electricity,Greece,Europe,True,False,holdout,last12,4,2025-08-01,5020.0,5105.181471196476,540.262543506122,4412.807162761098,5797.555779631854,0.8,463.39285714285717,
sarima_core,electricity,Greece,Europe,True,False,holdout,last12,5,2025-09-01,4230.0,4324.783098041593,566.6006907437419,3598.6550957802983,5050.9111003028875,0.8,463.39285714285717,
sarima_core,electricity,Greece,Europe,True,False,holdout,last12,6,2025-10-01,3710.0,4171.865111755244,591.7579705180071,3413.4967582143963,4930.233465296091,0.8,463.39285714285717,
sarima_core,electricity,Greece,Europe,True,False,holdout,last12,7,2025-11-01,3910.0,4231.317731666938,615.8874777662115,3442.0261703363344,5020.609292997542,0.8,463.39285714285717,
sarima_core,electricity,Greece,Europe,True,False,holdout,last12,8,2025-12-01,4590.0,4492.339734980758,639.1065145642071,3673.2917806912455,5311.387689270271,0.8,463.39285714285717,
sarima_core,electricity,Greece,Europe,True,False,holdout,last12,9,2026-01-01,5510.0,4773.157269999002,661.5110532658483,3925.396744061097,5620.917795936907,0.8,463.39285714285717,
sarima_core,electricity,Greece,Europe,True,False,holdout,last12,10,2026-02-01,4490.0,4356.148339021625,683.1812413876238,3480.6163495706123,5231.680328472638,0.8,463.39285714285717,
sarima_core,electricity,Greece,Europe,True,False,holdout,last12,11,2026-03-01,4900.0,4129.14429802329,704.1848787041454,3226.6950642871575,5031.593531759421,0.8,463.39285714285717,
sarima_core,electricity,Greece,Europe,True,False,holdout,last12,12,2026-04-01,3560.0,3800.983727781996,724.5799322280631,2872.3971812729214,4729.570274291071,0.8,463.39285714285717,
sarima_core,electricity,Greece,Europe,True,False,rolling,2022-12-01,1,2023-01-01,2810.0,3658.389190853294,414.6141107435227,3127.0398281330504,4189.7385535735375,0.8,406.1904761904762,
sarima_core,electricity,Greece,Europe,True,False,rolling,2022-12-01,2,2023-02-01,3130.0,2866.9046465239544,449.5285583092716,2290.8106188657002,3442.9986741822086,0.8,406.1904761904762,
sarima_core,electricity,Greece,Europe,True,False,rolling,2022-12-01,3,2023-03-01,3040.0,3491.146121888434,478.1274470822116,2878.401143550383,4103.891100226486,0.8,406.1904761904762,
sarima_core,electricity,Greece,Europe,True,False,rolling,2022-12-01,4,2023-04-01,2760.0,2562.6795319107414,504.9532417048746,1915.5559144770384,3209.803149344444,0.8,406.1904761904762,
sarima_core,electricity,Greece,Europe,True,False,rolling,2022-12-01,5,2023-05-01,2650.0,2527.4461356842553,530.4173948355301,1847.6888929406932,3207.2033784278174,0.8,406.1904761904762,
sarima_core,electricity,Greece,Europe,True,False,rolling,2022-12-01,6,2023-06-01,3240.0,3142.907821246025,554.7135576967504,2432.013792950939,3853.8018495411106,0.8,406.1904761904762,
sarima_core,electricity,Greece,Europe,True,False,rolling,2022-12-01,7,2023-07-01,4640.0,4443.9641563425,577.9893036706771,3703.2410593553104,5184.68725332969,0.8,406.1904761904762,
sarima_core,electricity,Greece,Europe,True,False,rolling,2022-12-01,8,2023-08-01,4340.0,4153.424271387733,600.3633388053131,3384.0276946462004,4922.820848129265,0.8,406.1904761904762,
sarima_core,electricity,Greece,Europe,True,False,rolling,2022-12-01,9,2023-09-01,3900.0,3070.23183664282,621.9329883326753,2273.1926417812483,3867.2710315043914,0.8,406.1904761904762,
sarima_core,electricity,Greece,Europe,True,False,rolling,2022-12-01,10,2023-10-01,3610.0,2956.882878065438,642.7792353289478,2133.1281427300637,3780.6376134008124,0.8,406.1904761904762,
sarima_core,electricity,Greece,Europe,True,False,rolling,2022-12-01,11,2023-11-01,3130.0,2864.097242434845,662.9703226869692,2014.466587485751,3713.7278973839393,0.8,406.1904761904762,
sarima_core,electricity,Greece,Europe,True,False,rolling,2022-12-01,12,2023-12-01,3590.0,3552.1411016725124,682.5643941469981,2677.3996337684252,4426.882569576599,0.8,406.1904761904762,
sarima_core,electricity,Greece,Europe,True,False,rolling,2023-12-01,1,2024-01-01,4030.0000000000005,3282.3765992918575,416.06821227507805,2749.163730477388,3815.589468106327,0.8,423.0208333333333,
sarima_core,electricity,Greece,Europe,True,False,rolling,2023-12-01,2,2024-02-01,3330.0,3022.2807552711333,450.77218035909283,2444.592961827985,3599.9685487142815,0.8,423.0208333333333,
sarima_core,electricity,Greece,Europe,True,False,rolling,2023-12-01,3,2024-03-01,3470.0,3703.0773105082453,481.05010515139134,3086.586795146085,4319.567825870406,0.8,423.0208333333333,
sarima_core,electricity,Greece,Europe,True,False,rolling,2023-12-01,4,2024-04-01,3500.0,2431.3584811508636,509.4912788642873,1778.4191350910155,3084.2978272107116,0.8,423.0208333333333,
sarima_core,electricity,Greece,Europe,True,False,rolling,2023-12-01,5,2024-05-01,3550.0,2590.1987269973965,536.4257516674969,1902.7414651494769,3277.655988845316,0.8,423.0208333333333,
sarima_core,electricity,Greece,Europe,True,False,rolling,2023-12-01,6,2024-06-01,4570.0,3377.348196697464,562.0709828396094,2657.0252486921704,4097.671144702757,0.8,423.0208333333333,
sarima_core,electricity,Greece,Europe,True,False,rolling,2023-12-01,7,2024-07-01,5580.0,4747.477065167456,586.5961063389989,3995.723906746345,5499.230223588567,0.8,423.0208333333333,
sarima_core,electricity,Greece,Europe,True,False,rolling,2023-12-01,8,2024-08-01,4900.0,4345.91521785916,610.136209532849,3563.9942033368893,5127.836232381431,0.8,423.0208333333333,
sarima_core,electricity,Greece,Europe,True,False,rolling,2023-12-01,9,2024-09-01,3690.0,3248.750323506792,632.8012297664319,2437.782916821073,4059.717730192511,0.8,423.0208333333333,
sarima_core,electricity,Greece,Europe,True,False,rolling,2023-12-01,10,2024-10-01,3710.0,2940.8276445699094,654.6820591742979,2101.818826701125,3779.8364624386936,0.8,423.0208333333333,
sarima_core,electricity,Greece,Europe,True,False,rolling,2023-12-01,11,2024-11-01,4450.0,2861.1008074936344,675.8548666803318,1994.9579450185179,3727.243669968751,0.8,423.0208333333333,
sarima_core,electricity,Greece,Europe,True,False,rolling,2023-12-01,12,2024-12-01,4460.0,3249.410091746102,696.3842351936747,2356.9577849130687,4141.862398579135,0.8,423.0208333333333,
sarima_core,electricity,Greece,Europe,True,False,rolling,2024-12-01,1,2025-01-01,4540.0,4248.8790010030525,431.85878020629184,3695.429705135498,4802.328296870607,0.8,457.68518518518516,
sarima_core,electricity,Greece,Europe,True,False,rolling,2024-12-01,2,2025-02-01,4480.0,4108.88213372248,469.55816903886745,3507.119127076463,4710.645140368497,0.8,457.68518518518516,
sarima_core,electricity,Greece,Europe,True,False,rolling,2024-12-01,3,2025-03-01,3790.0,4121.127510709728,500.07526880709503,3480.2552670798586,4761.9997543395975,0.8,457.68518518518516,
sarima_core,electricity,Greece,Europe,True,False,rolling,2024-12-01,4,2025-04-01,3010.0,3979.2838723235163,528.6349206403239,3301.810962175364,4656.756782471669,0.8,457.68518518518516,
sarima_core,electricity,Greece,Europe,True,False,rolling,2024-12-01,5,2025-05-01,3470.0,3940.596596303817,555.7193595526049,3228.4135810657335,4652.7796115419005,0.8,457.68518518518516,
sarima_core,electricity,Greece,Europe,True,False,rolling,2024-12-01,6,2025-06-01,4330.0,4722.25129253934,581.5433020199913,3976.973563403644,5467.529021675036,0.8,457.68518518518516,
sarima_core,electricity,Greece,Europe,True,False,rolling,2024-12-01,7,2025-07-01,5350.0,5948.424908518983,606.2682506007079,5171.46088282166,6725.388934216307,0.8,457.68518518518516,
sarima_core,electricity,Greece,Europe,True,False,rolling,2024-12-01,8,2025-08-01,5020.0,5479.05561279002,630.0236265052102,4671.6478479121815,6286.463377667858,0.8,457.68518518518516,
sarima_core,electricity,Greece,Europe,True,False,rolling,2024-12-01,9,2025-09-01,4230.0,4695.859934764378,652.9152687437181,3859.1153499378925,5532.604519590863,0.8,457.68518518518516,
sarima_core,electricity,Greece,Europe,True,False,rolling,2024-12-01,10,2025-10-01,3710.0,4544.029623318309,675.0310558480833,3678.942516904973,5409.116729731644,0.8,457.68518518518516,
sarima_core,electricity,Greece,Europe,True,False,rolling,2024-12-01,11,2025-11-01,3910.0,4607.794204079733,696.444904181167,3715.2641468107995,5500.324261348667,0.8,457.68518518518516,
sarima_core,electricity,Greece,Europe,True,False,rolling,2024-12-01,12,2025-12-01,4590.0,4867.2253013398595,717.2196893284816,3948.071285641532,5786.379317038187,0.8,457.68518518518516,
sarima_core,electricity,Hungary,Europe,True,False,holdout,last12,1,2025-05-01,3240.0,2955.191340237626,192.19217420598565,2708.8871584985245,3201.495521976727,0.8,201.16071428571428,
sarima_core,electricity,Hungary,Europe,True,False,holdout,last12,2,2025-06-01,3300.0,2973.6708176592138,208.98300552279616,2705.8483197592586,3241.493315559169,0.8,201.16071428571428,
sarima_core,electricity,Hungary,Europe,True,False,holdout,last12,3,2025-07-01,3430.0,3354.2334918968886,212.06816547379125,3082.45720243178,3626.0097813619973,0.8,201.16071428571428,
sarima_core,electricity,Hungary,Europe,True,False,holdout,last12,4,2025-08-01,3220.0,3220.3466052092317,212.72416577645805,2947.7296175292427,3492.9635928892208,0.8,201.16071428571428,
sarima_core,electricity,Hungary,Europe,True,False,holdout,last12,5,2025-09-01,3050.0,2970.4683622180664,212.88956861243344,2697.6394022746877,3243.297322161445,0.8,201.16071428571428,
sarima_core,electricity,Hungary,Europe,True,False,holdout,last12,6,2025-10-01,3400.0,3029.5330382703783,212.93978627528375,2756.639721802556,3302.4263547382006,0.8,201.16071428571428,
sarima_core,electricity,Hungary,Europe,True,False,holdout,last12,7,2025-11-01,2930.0,2958.505789329449,212.95747131932183,2685.5898085657527,3231.421770093145,0.8,201.16071428571428,
sarima_core,electricity,Hungary,Europe,True,False,holdout,last12,8,2025-12-01,2850.0,2795.8205614018875,212.96428258221715,2522.8958516535645,3068.7452711502106,0.8,201.16071428571428,
sarima_core,electricity,Hungary,Europe,True,False,holdout,last12,9,2026-01-01,3200.0,3167.702365340456,212.96702625672347,2894.7741394317736,3440.630591249138,0.8,201.16071428571428,
sarima_core,electricity,Hungary,Europe,True,False,holdout,last12,10,2026-02-01,2850.0,2897.3979437598045,212.9681541744933,2624.468272366339,3170.32761515327,0.8,201.16071428571428,
sarima_core,electricity,Hungary,Europe,True,False,holdout,last12,11,2026-03-01,3020.0,3040.2002284309706,212.96862196333416,2767.269957541984,3313.1304993199574,0.8,201.16071428571428,
sarima_core,electricity,Hungary,Europe,True,False,holdout,last12,12,2026-04-01,3050.0,3274.196224323443,212.96881670050035,3001.2657038687357,3547.12674477815,0.8,201.16071428571428,
sarima_core,electricity,Hungary,Europe,True,False,rolling,2022-12-01,1,2023-01-01,2670.0,3058.976913373111,174.66562764117583,2835.133904822732,3282.8199219234903,0.8,176.78571428571428,
sarima_core,electricity,Hungary,Europe,True,False,rolling,2022-12-01,2,2023-02-01,2650.0,2678.000152958622,186.04958767215652,2439.5680126084426,2916.4322933088015,0.8,176.78571428571428,
sarima_core,electricity,Hungary,Europe,True,False,rolling,2022-12-01,3,2023-03-01,2850.0,3131.7081344437033,187.6987016440015,2891.1625695011444,3372.2536993862623,0.8,176.78571428571428,
sarima_core,electricity,Hungary,Europe,True,False,rolling,2022-12-01,4,2023-04-01,2860.0,2903.477619537709,188.00061157654096,2662.5451414484505,3144.4100976269674,0.8,176.78571428571428,
sarima_core,electricity,Hungary,Europe,True,False,rolling,2022-12-01,5,2023-05-01,2540.0,2778.9385957433465,188.07250641879327,2537.913980706445,3019.963210780248,0.8,176.78571428571428,
sarima_core,electricity,Hungary,Europe,True,False,rolling,2022-12-01,6,2023-06-01,2620.0,2990.2289492891214,188.09357837965,2749.177329447795,3231.280569130448,0.8,176.78571428571428,
sarima_core,electricity,Hungary,Europe,True,False,rolling,2022-12-01,7,2023-07-01,3100.0,3091.104451684646,188.10048635928004,2850.0439789112097,3332.164924458082,0.8,176.78571428571428,
sarima_core,electricity,Hungary,Europe,True,False,rolling,2022-12-01,8,2023-08-01,3070.0,2778.665119184757,188.10286137391822,2537.601602707593,3019.7286356619206,0.8,176.78571428571428,
sarima_core,electricity,Hungary,Europe,True,False,rolling,2022-12-01,9,2023-09-01,2910.0,2666.8162208183917,188.1036928136376,2425.751638808354,2907.8808028284293,0.8,176.78571428571428,
sarima_core,electricity,Hungary,Europe,True,False,rolling,2022-12-01,10,2023-10-01,2870.0,2964.6791738798556,188.10398579868144,2723.614216394376,3205.7441313653353,0.8,176.78571428571428,
sarima_core,electricity,Hungary,Europe,True,False,rolling,2022-12-01,11,2023-11-01,2660.0,2652.700093999216,188.10408928433625,2411.6350038915334,2893.7651841068982,0.8,176.78571428571428,
sarima_core,electricity,Hungary,Europe,True,False,rolling,2022-12-01,12,2023-12-01,2420.0,2883.437965650372,188.10412586773052,2642.3728286591836,3124.5031026415604,0.8,176.78571428571428,
sarima_core,electricity,Hungary,Europe,True,False,rolling,2023-12-01,1,2024-01-01,2990.0,2817.8013454210977,187.87217906894938,2577.03346021301,3058.5692306291853,0.8,186.04166666666666,
sarima_core,electricity,Hungary,Europe,True,False,rolling,2023-12-01,2,2024-02-01,2580.0,2578.988789371397,201.6291134411531,2320.5906833815175,2837.386895361277,0.8,186.04166666666666,
sarima_core,electricity,Hungary,Europe,True,False,rolling,2023-12-01,3,2024-03-01,2750.0,3049.5182015981236,204.61126872631897,2787.2983098338427,3311.7380933624045,0.8,186.04166666666666,
sarima_core,electricity,Hungary,Europe,True,False,rolling,2023-12-01,4,2024-04-01,3050.0,2814.876403643865,205.78532648725758,2551.1518963180133,3078.600910969717,0.8,186.04166666666666,
sarima_core,electricity,Hungary,Europe,True,False,rolling,2023-12-01,5,2024-05-01,3020.0,2752.443464322732,206.54052012824545,2487.7511374039827,3017.135791241481,0.8,186.04166666666666,
sarima_core,electricity,Hungary,Europe,True,False,rolling,2023-12-01,6,2024-06-01,3100.0,2763.5896112322976,207.17524960043707,2498.083845764764,3029.095376699831,0.8,186.04166666666666,
sarima_core,electricity,Hungary,Europe,True,False,rolling,2023-12-01,7,2024-07-01,3390.0,3084.9999576557625,207.7709666552437,2818.73075006402,3351.269165247505,0.8,186.04166666666666,
sarima_core,electricity,Hungary,Europe,True,False,rolling,2023-12-01,8,2024-08-01,3120.0,2800.7966830143214,208.3528512204434,2533.7817603470808,3067.811605681562,0.8,186.04166666666666,
sarima_core,electricity,Hungary,Europe,True,False,rolling,2023-12-01,9,2024-09-01,2740.0,2615.4049303357524,208.92909314361222,2347.6515239297423,2883.1583367417625,0.8,186.04166666666666,
sarima_core,electricity,Hungary,Europe,True,False,rolling,2023-12-01,10,2024-10-01,2960.0,2906.04102498024,209.50241024605555,2637.55288314404,3174.5291668164396,0.8,186.04166666666666,
sarima_core,electricity,Hungary,Europe,True,False,rolling,2023-12-01,11,2024-11-01,3110.0,2511.6599937242386,210.07371566064853,2242.4396945395633,2780.880292908914,0.8,186.04166666666666,
sarima_core,electricity,Hungary,Europe,True,False,rolling,2023-12-01,12,2024-12-01,3070.0,2653.14896868548,210.64332235667936,2383.198689147762,2923.0992482231986,0.8,186.04166666666666,
sarima_core,electricity,Hungary,Europe,True,False,rolling,2024-12-01,1,2025-01-01,3130.0,3038.570782569191,193.1771670677853,2791.004281686,3286.1372834523822,0.8,196.2962962962963,
sarima_core,electricity,Hungary,Europe,True,False,rolling,2024-12-01,2,2025-02-01,3080.0,2782.925609418738,207.06228911734902,2517.5646086351508,3048.2866102023254,0.8,196.2962962962963,
sarima_core,electricity,Hungary,Europe,True,False,rolling,2024-12-01,3,2025-03-01,3180.0,2940.6039493545854,209.20586936308757,2672.4958399512016,3208.7120587579693,0.8,196.2962962962963,
sarima_core,electricity,Hungary,Europe,True,False,rolling,2024-12-01,4,2025-04-01,3310.0,3054.2122243285908,209.60304071041077,2785.5951193632554,3322.829329293926,0.8,196.2962962962963,
sarima_core,electricity,Hungary,Europe,True,False,rolling,2024-12-01,5,2025-05-01,3240.0,2844.956995016806,209.69518966666774,2576.221796412316,3113.692193621296,0.8,196.2962962962963,
sarima_core,electricity,Hungary,Europe,True,False,rolling,2024-12-01,6,2025-06-01,3300.0,2923.3414970502363,209.72177068478888,2654.5722335003593,3192.1107606001133,0.8,196.2962962962963,
sarima_core,electricity,Hungary,Europe,True,False,rolling,2024-12-01,7,2025-07-01,3430.0,3327.3614562008574,209.73062438709414,3058.5808461749302,3596.1420662267847,0.8,196.2962962962963,
sarima_core,electricity,Hungary,Europe,True,False,rolling,2024-12-01,8,2025-08-01,3220.0,3201.9254500569104,209.73379161277714,2933.140781067951,3470.7101190458698,0.8,196.2962962962963,
sarima_core,electricity,Hungary,Europe,True,False,rolling,2024-12-01,9,2025-09-01,3050.0,2954.56587602229,209.7349594032103,2685.7797104496726,3223.3520415949074,0.8,196.2962962962963,
sarima_core,electricity,Hungary,Europe,True,False,rolling,2024-12-01,10,2025-10-01,3400.0,3017.6753721131045,209.7353951449283,2748.888648115006,3286.4620961112028,0.8,196.2962962962963,
sarima_core,electricity,Hungary,Europe,True,False,rolling,2024-12-01,11,2025-11-01,2930.0,2950.474895504389,209.7355584803304,2681.6879621835506,3219.261828825228,0.8,196.2962962962963,
sarima_core,electricity,Hungary,Europe,True,False,rolling,2024-12-01,12,2025-12-01,2850.0,2789.8101419229515,209.73561981354425,2521.0231300004366,3058.5971538454664,0.8,196.2962962962963,
sarima_core,electricity,Ireland,Europe,True,False,holdout,last12,1,2025-04-01,2290.0,2216.422167606247,108.79534189215427,2076.9953268803965,2355.8490083320976,0.8,125.67251461988305,
sarima_core,electricity,Ireland,Europe,True,False,holdout,last12,2,2025-05-01,2070.0,2108.0868621751706,125.9096912676411,1946.7271002138878,2269.4466241364535,0.8,125.67251461988305,
sarima_core,electricity,Ireland,Europe,True,False,holdout,last12,3,2025-06-01,2009.9999999999998,1950.4034008785002,134.0007021680063,1778.674591231016,2122.132210525984,0.8,125.67251461988305,
sarima_core,electricity,Ireland,Europe,True,False,holdout,last12,4,2025-07-01,2290.0,2065.481394866299,139.58834449607383,1886.5917334455767,2244.3710562870215,0.8,125.67251461988305,
sarima_core,electricity,Ireland,Europe,True,False,holdout,last12,5,2025-08-01,2150.0,2091.174883723285,144.2793380168079,1906.273472212106,2276.0762952344635,0.8,125.67251461988305,
sarima_core,electricity,Ireland,Europe,True,False,holdout,last12,6,2025-09-01,2160.0,2134.5758735180675,148.5791000604685,1944.1640952283663,2324.9876518077685,0.8,125.67251461988305,
sarima_core,electricity,Ireland,Europe,True,False,holdout,last12,7,2025-10-01,2460.0,2314.786260278251,152.66820743171306,2119.1340800352514,2510.438440521251,0.8,125.67251461988305,
sarima_core,electricity,Ireland,Europe,True,False,holdout,last12,8,2025-11-01,2570.0,2529.152174056217,156.61714051867526,2328.4392324333903,2729.865115679044,0.8,125.67251461988305,
sarima_core,electricity,Ireland,Europe,True,False,holdout,last12,9,2025-12-01,2720.0,2643.4687349587757,160.45635801756825,2437.835638139776,2849.1018317777753,0.8,125.67251461988305,
sarima_core,electricity,Ireland,Europe,True,False,holdout,last12,10,2026-01-01,2880.0,2757.7667274153264,164.20110506725064,2547.334544152238,2968.198910678415,0.8,125.67251461988305,
sarima_core,electricity,Ireland,Europe,True,False,holdout,last12,11,2026-02-01,2570.0,2433.485694968953,167.86054848728688,2218.363746261895,2648.607643676011,0.8,125.67251461988305,
sarima_core,electricity,Ireland,Europe,True,False,holdout,last12,12,2026-03-01,2650.0,2453.4866105141036,171.44122444448553,2233.77584092839,2673.197380099817,0.8,125.67251461988305,
sarima_core,electricity,Ireland,Europe,True,False,rolling,2022-12-01,1,2023-01-01,2780.0,2925.954712197628,108.49084720881423,2786.918097109912,3064.9913272853437,0.8,124.375,
sarima_core,electricity,Ireland,Europe,True,False,rolling,2022-12-01,2,2023-02-01,2500.0,2705.9114730282636,123.98954020484632,2547.0124836675877,2864.8104623889394,0.8,124.375,
sarima_core,electricity,Ireland,Europe,True,False,rolling,2022-12-01,3,2023-03-01,2730.0,2708.6821764166775,131.18189751249932,2540.5658102884227,2876.7985425449324,0.8,124.375,
sarima_core,electricity,Ireland,Europe,True,False,rolling,2022-12-01,4,2023-04-01,2420.0,2468.191841498197,136.23125201000025,2293.60446720868,2642.779215787714,0.8,124.375,
sarima_core,electricity,Ireland,Europe,True,False,rolling,2022-12-01,5,2023-05-01,2270.0,2433.4179033583023,140.55271675318917,2253.2923491617057,2613.543457554899,0.8,124.375,
sarima_core,electricity,Ireland,Europe,True,False,rolling,2022-12-01,6,2023-06-01,2160.0,2375.1274504112484,144.56402846843008,2189.8611934060978,2560.393707416399,0.8,124.375,
sarima_core,electricity,Ireland,Europe,True,False,rolling,2022-12-01,7,2023-07-01,2260.0,2361.239406090655,148.4053368436895,2171.050314323451,2551.428497857859,0.8,124.375,
sarima_core,electricity,Ireland,Europe,True,False,rolling,2022-12-01,8,2023-08-01,2290.0,2501.873782514148,152.12847706380407,2306.913294569114,2696.834270459182,0.8,124.375,
sarima_core,electricity,Ireland,Europe,True,False,rolling,2022-12-01,9,2023-09-01,2230.0,2466.661313533443,155.75531491021235,2267.052845868368,2666.2697811985176,0.8,124.375,
sarima_core,electricity,Ireland,Europe,True,False,rolling,2022-12-01,10,2023-10-01,2290.0,2684.575577403947,159.29705902556208,2480.4281820230876,2888.7229727848066,0.8,124.375,
sarima_core,electricity,Ireland,Europe,True,False,rolling,2022-12-01,11,2023-11-01,2590.0,2859.0547550856877,162.76087014646674,2650.468307140082,3067.6412030312936,0.8,124.375,
sarima_core,electricity,Ireland,Europe,True,False,rolling,2022-12-01,12,2023-12-01,2750.0,3036.212051140926,166.1521799568336,2823.279464798598,3249.1446374832544,0.8,124.375,
sarima_core,electricity,Ireland,Europe,True,False,rolling,2023-12-01,1,2024-01-01,2830.0,2680.6617515991134,108.72505004307389,2541.324993502497,2819.99850969573,0.8,128.5897435897436,
sarima_core,electricity,Ireland,Europe,True,False,rolling,2023-12-01,2,2024-02-01,2500.0,2431.356758300447,125.29678025370198,2270.7824734086175,2591.9310431922763,0.8,128.5897435897436,
sarima_core,electricity,Ireland,Europe,True,False,rolling,2023-12-01,3,2024-03-01,2640.0,2558.9233131063866,133.6058902414377,2387.700475301492,2730.146150911281,0.8,128.5897435897436,
sarima_core,electricity,Ireland,Europe,True,False,rolling,2023-12-01,4,2024-04-01,2300.0,2285.086006269895,139.73874216823435,2106.0036024769606,2464.168410062829,0.8,128.5897435897436,
sarima_core,electricity,Ireland,Europe,True,False,rolling,2023-12-01,5,2024-05-01,2180.0,2201.324052730688,145.10134184436606,2015.3692009274184,2387.2789045339578,0.8,128.5897435897436,
sarima_core,electricity,Ireland,Europe,True,False,rolling,2023-12-01,6,2024-06-01,1970.0,2100.228833734358,150.1083811153907,1907.8572029145635,2292.6004645541525,0.8,128.5897435897436,
sarima_core,electricity,Ireland,Europe,True,False,rolling,2023-12-01,7,2024-07-01,2090.0,2191.4846801269864,154.89981036314086,1992.9725856535415,2389.9967746004313,0.8,128.5897435897436,
sarima_core,electricity,Ireland,Europe,True,False,rolling,2023-12-01,8,2024-08-01,2110.0,2234.676344310017,159.52957000866954,2030.2309741147499,2439.1217145052847,0.8,128.5897435897436,
sarima_core,electricity,Ireland,Europe,True,False,rolling,2023-12-01,9,2024-09-01,2230.0,2165.8960359000102,164.02277562968476,1955.692391006817,2376.0996807932033,0.8,128.5897435897436,
sarima_core,electricity,Ireland,Europe,True,False,rolling,2023-12-01,10,2024-10-01,2500.0,2287.3933920111504,168.39415924913067,2071.58759359686,2503.1991904254405,0.8,128.5897435897436,
sarima_core,electricity,Ireland,Europe,True,False,rolling,2023-12-01,11,2024-11-01,2650.0,2530.2907884915544,172.654241828456,2309.0254745783805,2751.5561024047283,0.8,128.5897435897436,
sarima_core,electricity,Ireland,Europe,True,False,rolling,2023-12-01,12,2024-12-01,2730.0,2668.3282248467685,176.81149200757693,2441.7351804581817,2894.9212692353553,0.8,128.5897435897436,
sarima_core,electricity,Ireland,Europe,True,False,rolling,2024-12-01,1,2025-01-01,2870.0,2708.770120089771,107.81536679994718,2570.5991679775334,2846.9410722020084,0.8,126.42857142857143,
sarima_core,electricity,Ireland,Europe,True,False,rolling,2024-12-01,2,2025-02-01,2550.0,2398.5985368922225,125.00251486556968,2238.4013682692394,2558.7957055152056,0.8,126.42857142857143,
sarima_core,electricity,Ireland,Europe,True,False,rolling,2024-12-01,3,2025-03-01,2480.0,2578.026714973241,133.2286438003333,2407.2873379355397,2748.766092010942,0.8,126.42857142857143,
sarima_core,electricity,Ireland,Europe,True,False,rolling,2024-12-01,4,2025-04-01,2290.0,2251.116564164803,138.95375960889794,2073.0401559997117,2429.1929723298945,0.8,126.42857142857143,
sarima_core,electricity,Ireland,Europe,True,False,rolling,2024-12-01,5,2025-05-01,2070.0,2117.4835040600246,143.776614011011,1933.2263592855118,2301.7406488345373,0.8,126.42857142857143,
sarima_core,electricity,Ireland,Europe,True,False,rolling,2024-12-01,6,2025-06-01,2009.9999999999998,1952.3652198330858,148.20165289871454,1762.4371595444406,2142.2932801217307,0.8,126.42857142857143,
sarima_core,electricity,Ireland,Europe,True,False,rolling,2024-12-01,7,2025-07-01,2290.0,2063.354806986309,152.40961747067456,1868.0340231127125,2258.6755908599057,0.8,126.42857142857143,
sarima_core,electricity,Ireland,Europe,True,False,rolling,2024-12-01,8,2025-08-01,2150.0,2087.840158478253,156.47142243549402,1887.3139620930554,2288.3663548634513,0.8,126.42857142857143,
sarima_core,electricity,Ireland,Europe,True,False,rolling,2024-12-01,9,2025-09-01,2160.0,2126.944962484893,160.4180330730851,1921.3609810584953,2332.5289439112908,0.8,126.42857142857143,
sarima_core,electricity,Ireland,Europe,True,False,rolling,2024-12-01,10,2025-10-01,2460.0,2302.569835278913,164.26519625671358,2092.055515851631,2513.0841547061955,0.8,126.42857142857143,
sarima_core,electricity,Ireland,Europe,True,False,rolling,2024-12-01,11,2025-11-01,2570.0,2519.9792299567207,168.02254269653127,2304.6496773171966,2735.308782596245,0.8,126.42857142857143,
sarima_core,electricity,Ireland,Europe,True,False,rolling,2024-12-01,12,2025-12-01,2720.0,2635.9309802860435,171.6970239335132,2415.892390464701,2855.969570107386,0.8,126.42857142857143,
sarima_core,electricity,Italy,Europe,True,False,holdout,last12,1,2025-05-01,19810.0,19895.150085436224,1036.143520858222,18567.278734151474,21223.021436720974,0.8,1155.4,
sarima_core,electricity,Italy,Europe,True,False,holdout,last12,2,2025-06-01,22180.0,21803.383876863933,1208.0699293367722,20255.17996763504,23351.587786092827,0.8,1155.4,
sarima_core,electricity,Italy,Europe,True,False,holdout,last12,3,2025-07-01,24130.0,25787.478344782878,1315.8127123539966,24101.196503302126,27473.76018626363,0.8,1155.4,
sarima_core,electricity,Italy,Europe,True,False,holdout,last12,4,2025-08-01,20740.0,22714.946562005654,1406.7302462885727,20912.149212575594,24517.743911435715,0.8,1155.4,
sarima_core,electricity,Italy,Europe,True,False,holdout,last12,5,2025-09-01,20870.0,21548.418936789778,1490.2098555149373,19638.638163464617,23458.19971011494,0.8,1155.4,
sarima_core,electricity,Italy,Europe,True,False,holdout,last12,6,2025-10-01,20390.0,20372.544850025664,1568.822314362141,18362.01815699356,22383.07154305777,0.8,1155.4,
sarima_core,electricity,Italy,Europe,True,False,holdout,last12,7,2025-11-01,20600.0,20582.51567994266,1643.580232754911,18476.182859557444,22688.848500327873,0.8,1155.4,
sarima_core,electricity,Italy,Europe,True,False,holdout,last12,8,2025-12-01,21550.0,20415.912232156854,1715.0598661538843,18217.97457568463,22613.849888629076,0.8,1155.4,
sarima_core,electricity,Italy,Europe,True,False,holdout,last12,9,2026-01-01,23770.0,20938.230242719448,1783.6720360236002,18652.36255253528,23224.097932903616,0.8,1155.4,
sarima_core,electricity,Italy,Europe,True,False,holdout,last12,10,2026-02-01,20550.0,19316.36606324994,1849.7397139682978,16945.829236963848,21686.902889536035,0.8,1155.4,
sarima_core,electricity,Italy,Europe,True,False,holdout,last12,11,2026-03-01,21030.0,20355.631835314838,1913.5273719720487,17903.347836051613,22807.915834578063,0.8,1155.4,
sarima_core,electricity,Italy,Europe,True,False,holdout,last12,12,2026-04-01,18970.0,19210.32142795623,1975.2561193066254,16678.928855907274,21741.714000005188,0.8,1155.4,
sarima_core,electricity,Italy,Europe,True,False,rolling,2022-12-01,1,2023-01-01,20610.0,22056.16251214732,1050.8955470356361,20709.38567861995,23402.939345674688,0.8,1165.2777777777778,
sarima_core,electricity,Italy,Europe,True,False,rolling,2022-12-01,2,2023-02-01,19240.0,18930.54890622692,1244.8518225295015,17335.20710419319,20525.89070826065,0.8,1165.2777777777778,
sarima_core,electricity,Italy,Europe,True,False,rolling,2022-12-01,3,2023-03-01,20880.0,20835.878693369013,1372.2447076021272,19077.276340031214,22594.481046706813,0.8,1165.2777777777778,
sarima_core,electricity,Italy,Europe,True,False,rolling,2022-12-01,4,2023-04-01,17660.0,19042.60632691893,1480.735749832413,17144.96710856334,20940.245545274516,0.8,1165.2777777777778,
sarima_core,electricity,Italy,Europe,True,False,rolling,2022-12-01,5,2023-05-01,18970.0,19046.00955046853,1580.0743651709206,17021.062774106846,21070.956326830215,0.8,1165.2777777777778,
sarima_core,electricity,Italy,Europe,True,False,rolling,2022-12-01,6,2023-06-01,21200.0,21729.395221931263,1673.1461137975652,19585.172200409128,23873.6182434534,0.8,1165.2777777777778,
sarima_core,electricity,Italy,Europe,True,False,rolling,2022-12-01,7,2023-07-01,24710.0,23922.053662258993,1761.2219572406086,21664.956905685765,26179.15041883222,0.8,1165.2777777777778,
sarima_core,electricity,Italy,Europe,True,False,rolling,2022-12-01,8,2023-08-01,21630.0,21043.45762681943,1845.079356687049,18678.89328870312,23408.02196493574,0.8,1165.2777777777778,
sarima_core,electricity,Italy,Europe,True,False,rolling,2022-12-01,9,2023-09-01,21570.0,20311.64835866644,1925.283492217709,17844.29828509766,22778.99843223522,0.8,1165.2777777777778,
sarima_core,electricity,Italy,Europe,True,False,rolling,2022-12-01,10,2023-10-01,20120.0,19359.164704394312,2002.2765508001303,16793.144056063164,21925.18535272546,0.8,1165.2777777777778,
sarima_core,electricity,Italy,Europe,True,False,rolling,2022-12-01,11,2023-11-01,19760.0,20350.11391630297,2076.4164679555524,17689.079141071943,23011.148691533996,0.8,1165.2777777777778,
sarima_core,electricity,Italy,Europe,True,False,rolling,2022-12-01,12,2023-12-01,19840.0,21829.79754035965,2147.9988595227933,19077.026239150196,24582.568841569104,0.8,1165.2777777777778,
sarima_core,electricity,Italy,Europe,True,False,rolling,2023-12-01,1,2024-01-01,20450.0,19823.85507244585,1051.3676729886843,18476.47318516422,21171.23695972748,0.8,1202.5,
sarima_core,electricity,Italy,Europe,True,False,rolling,2023-12-01,2,2024-02-01,18450.0,17927.55067184982,1237.4828517982908,16341.652585793126,19513.448757906517,0.8,1202.5,
sarima_core,electricity,Italy,Europe,True,False,rolling,2023-12-01,3,2024-03-01,19840.0,19818.01799014033,1354.2112199504377,18082.526481134784,21553.50949914588,0.8,1202.5,
sarima_core,electricity,Italy,Europe,True,False,rolling,2023-12-01,4,2024-04-01,19440.0,16719.751630488896,1451.9069275739278,14859.058034431479,18580.445226546315,0.8,1202.5,
sarima_core,electricity,Italy,Europe,True,False,rolling,2023-12-01,5,2024-05-01,20370.0,17582.317007821333,1541.1354794049473,15607.272421473595,19557.361594169073,0.8,1202.5,
sarima_core,electricity,Italy,Europe,True,False,rolling,2023-12-01,6,2024-06-01,21950.0,20038.704677534202,1624.9169760066673,17956.28978305286,22121.119572015545,0.8,1202.5,
sarima_core,electricity,Italy,Europe,True,False,rolling,2023-12-01,7,2024-07-01,26310.0,22947.65851987697,1704.4492343623053,20763.318935188665,25131.99810456528,0.8,1202.5,
sarima_core,electricity,Italy,Europe,True,False,rolling,2023-12-01,8,2024-08-01,23240.0,19914.693691419943,1780.39873174259,17633.020909461608,22196.36647337828,0.8,1202.5,
sarima_core,electricity,Italy,Europe,True,False,rolling,2023-12-01,9,2024-09-01,21160.0,19403.749275857677,1853.229967976168,17028.73950908365,21778.759042631704,0.8,1202.5,
sarima_core,electricity,Italy,Europe,True,False,rolling,2023-12-01,10,2024-10-01,20210.0,18057.098245472407,1923.3031635579785,15592.286065197797,20521.910425747017,0.8,1202.5,
sarima_core,electricity,Italy,Europe,True,False,rolling,2023-12-01,11,2024-11-01,20890.0,17654.821781144223,1990.9110384490064,15103.366622959873,20206.276939328574,0.8,1202.5,
sarima_core,electricity,Italy,Europe,True,False,rolling,2023-12-01,12,2024-12-01,20520.0,18617.951871967412,2056.297143322818,15982.701048717165,21253.20269521766,0.8,1202.5,
sarima_core,electricity,Italy,Europe,True,False,rolling,2024-12-01,1,2025-01-01,20970.0,20636.510658180283,1057.2527033245535,19281.58680105844,21991.434515302124,0.8,1171.3541666666667,
sarima_core,electricity,Italy,Europe,True,False,rolling,2024-12-01,2,2025-02-01,19660.0,18987.29770051428,1234.56899477568,17405.133872486684,20569.461528541873,0.8,1171.3541666666667,
sarima_core,electricity,Italy,Europe,True,False,rolling,2024-12-01,3,2025-03-01,20410.0,20506.228720349354,1345.4531660937637,18781.961108974952,22230.496331723756,0.8,1171.3541666666667,
sarima_core,electricity,Italy,Europe,True,False,rolling,2024-12-01,4,2025-04-01,18650.0,18841.741922467518,1438.7932763855652,16997.854146620553,20685.629698314482,0.8,1171.3541666666667,
sarima_core,electricity,Italy,Europe,True,False,rolling,2024-12-01,5,2025-05-01,19810.0,19943.660730940832,1524.3997499265183,17990.063844906705,21897.25761697496,0.8,1171.3541666666667,
sarima_core,electricity,Italy,Europe,True,False,rolling,2024-12-01,6,2025-06-01,22180.0,21816.289254518233,1604.9784262252756,19759.426639723923,23873.151869312544,0.8,1171.3541666666667,
sarima_core,electricity,Italy,Europe,True,False,rolling,2024-12-01,7,2025-07-01,24130.0,25793.994643619928,1681.5912484262717,23638.94874659314,27949.040540646714,0.8,1171.3541666666667,
sarima_core,electricity,Italy,Europe,True,False,rolling,2024-12-01,8,2025-08-01,20740.0,22719.51074457596,1754.8369290920332,20470.596730822588,24968.424758329333,0.8,1171.3541666666667,
sarima_core,electricity,Italy,Europe,True,False,rolling,2024-12-01,9,2025-09-01,20870.0,21548.165928469927,1825.139503287764,19209.1555406942,23887.176316245655,0.8,1171.3541666666667,
sarima_core,electricity,Italy,Europe,True,False,rolling,2024-12-01,10,2025-10-01,20390.0,20373.253007844505,1892.8313176178146,17947.492069439548,22799.013946249463,0.8,1171.3541666666667,
sarima_core,electricity,Italy,Europe,True,False,rolling,2024-12-01,11,2025-11-01,20600.0,20585.432556188225,1958.1841780701168,18075.918557157802,23094.94655521865,0.8,1171.3541666666667,
sarima_core,electricity,Italy,Europe,True,False,rolling,2024-12-01,12,2025-12-01,21550.0,20417.855009181127,2021.4251984132973,17827.29438152326,23008.415636838992,0.8,1171.3541666666667,
sarima_core,electricity,Latvia,Europe,True,False,holdout,last12,1,2025-05-01,400.0,144.25171105312677,132.37910893575062,-25.398943248883626,313.90236535513714,0.8,119.28571428571429,
sarima_core,electricity,Latvia,Europe,True,False,holdout,last12,2,2025-06-01,480.0,-33.624661216123,148.9170677856564,-224.46956257314233,157.22024014089632,0.8,119.28571428571429,
sarima_core,electricity,Latvia,Europe,True,False,holdout,last12,3,2025-07-01,480.0,2.098458743758343,157.0984507718439,-199.23130678752955,203.4282242750462,0.8,119.28571428571429,
sarima_core,electricity,Latvia,Europe,True,False,holdout,last12,4,2025-08-01,440.0,54.09402333509422,163.38663799471536,-155.29437837610212,263.4824250462906,0.8,119.28571428571429,
sarima_core,electricity,Latvia,Europe,True,False,holdout,last12,5,2025-09-01,330.0,62.91681238779607,169.06154585516913,-153.74427637628617,279.57790115187834,0.8,119.28571428571429,
sarima_core,electricity,Latvia,Europe,True,False,holdout,last12,6,2025-10-01,330.0,5.322395206758763,174.44988467818095,-218.24412761163904,228.88891802515656,0.8,119.28571428571429,
sarima_core,electricity,Latvia,Europe,True,False,holdout,last12,7,2025-11-01,470.0,166.82049131003362,179.6487803269449,-63.40868436614062,397.04966698620785,0.8,119.28571428571429,
sarima_core,electricity,Latvia,Europe,True,False,holdout,last12,8,2025-12-01,510.0,215.40272816914148,184.6937201141543,-21.29179798940922,452.0972543276922,0.8,119.28571428571429,
sarima_core,electricity,Latvia,Europe,True,False,holdout,last12,9,2026-01-01,750.0,451.8389594828048,189.6023566264299,208.85376251725793,694.8241564483517,0.8,119.28571428571429,
sarima_core,electricity,Latvia,Europe,True,False,holdout,last12,10,2026-02-01,720.0,504.7204120694675,194.38649597291123,255.60409383465395,753.836730304281,0.8,119.28571428571429,
sarima_core,electricity,Latvia,Europe,True,False,holdout,last12,11,2026-03-01,680.0,456.10158755643323,199.05552407781232,201.00166904421195,711.2015060686545,0.8,119.28571428571429,
sarima_core,electricity,Latvia,Europe,True,False,holdout,last12,12,2026-04-01,580.0,329.67174927940715,203.61747297674776,68.72545801382068,590.6180405449936,0.8,119.28571428571429,
sarima_core,electricity,Latvia,Europe,True,False,rolling,2022-12-01,1,2023-01-01,890.0,505.3156559796586,120.67895195355678,350.65935617529624,659.9719557840209,0.8,112.61904761904762,
sarima_core,electricity,Latvia,Europe,True,False,rolling,2022-12-01,2,2023-02-01,650.0,457.6167651742069,131.69295491344667,288.84545263368483,626.388077714729,0.8,112.61904761904762,
sarima_core,electricity,Latvia,Europe,True,False,rolling,2022-12-01,3,2023-03-01,820.0,496.45292980474073,136.2404015490114,321.85382990918015,671.0520297003013,0.8,112.61904761904762,
sarima_core,electricity,Latvia,Europe,True,False,rolling,2022-12-01,4,2023-04-01,960.0,591.627842171969,139.55497382895368,412.78094698193763,770.4747373620003,0.8,112.61904761904762,
sarima_core,electricity,Latvia,Europe,True,False,rolling,2022-12-01,5,2023-05-01,340.0,390.66047592985484,142.5383571416043,207.99022118487648,573.3307306748331,0.8,112.61904761904762,
sarima_core,electricity,Latvia,Europe,True,False,rolling,2022-12-01,6,2023-06-01,190.0,242.42507489050163,145.39687457391057,56.09148265501466,428.7586671259886,0.8,112.61904761904762,
sarima_core,electricity,Latvia,Europe,True,False,rolling,2022-12-01,7,2023-07-01,130.0,188.31657732863377,148.1839953394086,-1.5888538872390825,378.2220085445066,0.8,112.61904761904762,
sarima_core,electricity,Latvia,Europe,True,False,rolling,2022-12-01,8,2023-08-01,230.0,150.4452185567592,150.91547244189005,-42.960741416047995,343.85117852956637,0.8,112.61904761904762,
sarima_core,electricity,Latvia,Europe,True,False,rolling,2022-12-01,9,2023-09-01,270.0,184.70663061425225,153.59730620085932,-12.13623761089238,381.54949883939685,0.8,112.61904761904762,
sarima_core,electricity,Latvia,Europe,True,False,rolling,2022-12-01,10,2023-10-01,270.0,170.11633231317077,156.23283404357608,-30.10410074484389,370.33676537118544,0.8,112.61904761904762,
sarima_core,electricity,Latvia,Europe,True,False,rolling,2022-12-01,11,2023-11-01,470.0,390.93605341127744,158.82456254566208,187.3941866339479,594.477920188607,0.8,112.61904761904762,
sarima_core,electricity,Latvia,Europe,True,False,rolling,2022-12-01,12,2023-12-01,570.0,570.1162718186629,161.3746539705879,363.3063313834378,776.926212253888,0.8,112.61904761904762,
sarima_core,electricity,Latvia,Europe,True,False,rolling,2023-12-01,1,2024-01-01,800.0,707.0784404716933,128.0417362670786,542.9863529035699,871.1705280398166,0.8,115.83333333333333,
sarima_core,electricity,Latvia,Europe,True,False,rolling,2023-12-01,2,2024-02-01,750.0,559.9713503674271,142.70696977621105,377.0850098365979,742.8576908982564,0.8,115.83333333333333,
sarima_core,electricity,Latvia,Europe,True,False,rolling,2023-12-01,3,2024-03-01,920.0,661.343119830804,147.71983836094205,472.0325297173434,850.6537099442646,0.8,115.83333333333333,
sarima_core,electricity,Latvia,Europe,True,False,rolling,2023-12-01,4,2024-04-01,800.0,825.2506890017715,150.47337966453898,632.4112937198946,1018.0900842836485,0.8,115.83333333333333,
sarima_core,electricity,Latvia,Europe,True,False,rolling,2023-12-01,5,2024-05-01,480.0,367.4018975873787,152.53976927457066,171.91431746574054,562.8894777090169,0.8,115.83333333333333,
sarima_core,electricity,Latvia,Europe,True,False,rolling,2023-12-01,6,2024-06-01,220.0,222.07002666789168,154.35989653278256,24.249859609001675,419.8901937267817,0.8,115.83333333333333,
sarima_core,electricity,Latvia,Europe,True,False,rolling,2023-12-01,7,2024-07-01,290.0,166.5482569857577,156.07938102067638,-33.4755181105223,366.5720320820377,0.8,115.83333333333333,
sarima_core,electricity,Latvia,Europe,True,False,rolling,2023-12-01,8,2024-08-01,310.0,240.42879122588184,157.7505548268807,38.26332072196357,442.5942617298001,0.8,115.83333333333333,
sarima_core,electricity,Latvia,Europe,True,False,rolling,2023-12-01,9,2024-09-01,300.0,236.8386602988265,159.393089269573,32.56819720841497,441.10912338923805,0.8,115.83333333333333,
sarima_core,electricity,Latvia,Europe,True,False,rolling,2023-12-01,10,2024-10-01,210.0,241.20595237173404,161.0146713652599,34.8573482079359,447.5545565355322,0.8,115.83333333333333,
sarima_core,electricity,Latvia,Europe,True,False,rolling,2023-12-01,11,2024-11-01,350.0,471.7335697793675,162.6184971243666,263.3295802031254,680.1375593556096,0.8,115.83333333333333,
sarima_core,electricity,Latvia,Europe,True,False,rolling,2023-12-01,12,2024-12-01,370.0,584.8167181690283,164.20605818707045,374.37818722748034,795.2552491105762,0.8,115.83333333333333,
sarima_core,electricity,Latvia,Europe,True,False,rolling,2024-12-01,1,2025-01-01,610.0,749.4604501606071,126.67668673531146,587.1177439569658,911.8031563642485,0.8,114.72222222222223,
sarima_core,electricity,Latvia,Europe,True,False,rolling,2024-12-01,2,2025-02-01,720.0,671.8039257987398,141.56886210666678,490.37612893357334,853.2317226639062,0.8,114.72222222222223,
sarima_core,electricity,Latvia,Europe,True,False,rolling,2024-12-01,3,2025-03-01,550.0,861.350978707353,146.50971716743715,673.5912213039273,1049.1107361107786,0.8,114.72222222222223,
sarima_core,electricity,Latvia,Europe,True,False,rolling,2024-12-01,4,2025-04-01,420.0,853.6838537866407,149.06853458985685,662.6448399095702,1044.7228676637112,0.8,114.72222222222223,
sarima_core,electricity,Latvia,Europe,True,False,rolling,2024-12-01,5,2025-05-01,400.0,416.27105689016435,150.89349401082362,222.89326341009857,609.6488503702301,0.8,114.72222222222223,
sarima_core,electricity,Latvia,Europe,True,False,rolling,2024-12-01,6,2025-06-01,480.0,201.74113505028296,152.45290304951985,6.364878475351617,397.1173916252143,0.8,114.72222222222223,
sarima_core,electricity,Latvia,Europe,True,False,rolling,2024-12-01,7,2025-07-01,480.0,220.00496930718282,153.90452136510652,22.768389007338158,417.2415496070275,0.8,114.72222222222223,
sarima_core,electricity,Latvia,Europe,True,False,rolling,2024-12-01,8,2025-08-01,440.0,272.35847176558605,155.30676654389615,73.32484196158617,471.3921015695859,0.8,114.72222222222223,
sarima_core,electricity,Latvia,Europe,True,False,rolling,2024-12-01,9,2025-09-01,330.0,282.53387247481265,156.6823424055651,81.73737127176557,483.3303736778597,0.8,114.72222222222223,
sarima_core,electricity,Latvia,Europe,True,False,rolling,2024-12-01,10,2025-10-01,330.0,228.73527249749708,158.04034686653642,26.19841855147564,431.2721264435185,0.8,114.72222222222223,
sarima_core,electricity,Latvia,Europe,True,False,rolling,2024-12-01,11,2025-11-01,470.0,392.86083559903335,159.38455598934732,188.60130834725427,597.1203628508124,0.8,114.72222222222223,
sarima_core,electricity,Latvia,Europe,True,False,rolling,2024-12-01,12,2025-12-01,510.0,445.0159804662509,160.71663752482235,239.04932203725073,650.9826388952511,0.8,114.72222222222223,
sarima_core,electricity,Lithuania,Europe,True,False,holdout,last12,1,2025-05-01,810.0,786.3626299699915,64.06641292719881,704.258218184313,868.46704175567,0.8,83.66071428571429,
sarima_core,electricity,Lithuania,Europe,True,False,holdout,last12,2,2025-06-01,770.0,769.1753604162933,73.0763514923123,675.524247757033,862.8264730755536,0.8,83.66071428571429,
sarima_core,electricity,Lithuania,Europe,True,False,holdout,last12,3,2025-07-01,610.0,786.3043927613509,78.88222918232591,685.2127484590932,887.3960370636086,0.8,83.66071428571429,
sarima_core,electricity,Lithuania,Europe,True,False,holdout,last12,4,2025-08-01,600.0,793.7963783750479,83.93277557969436,686.2321984303869,901.3605583197088,0.8,83.66071428571429,
sarima_core,electricity,Lithuania,Europe,True,False,holdout,last12,5,2025-09-01,620.0,808.190080529551,88.63382155637301,694.6012677537803,921.7788933053216,0.8,83.66071428571429,
sarima_core,electricity,Lithuania,Europe,True,False,holdout,last12,6,2025-10-01,740.0,879.4917562391521,93.08663545193255,760.1964328444484,998.7870796338558,0.8,83.66071428571429,
sarima_core,electricity,Lithuania,Europe,True,False,holdout,last12,7,2025-11-01,550.0,816.9761708923415,97.3339515336554,692.2376929237432,941.7146488609399,0.8,83.66071428571429,
sarima_core,electricity,Lithuania,Europe,True,False,holdout,last12,8,2025-12-01,730.0,960.3470509770214,101.40316009206275,830.3936724098686,1090.3004295441742,0.8,83.66071428571429,
sarima_core,electricity,Lithuania,Europe,True,False,holdout,last12,9,2026-01-01,920.0,1049.261173948419,105.31519239879121,914.2943242541172,1184.2280236427205,0.8,83.66071428571429,
sarima_core,electricity,Lithuania,Europe,True,False,holdout,last12,10,2026-02-01,780.0,881.5466662173525,109.08701117554885,741.7460362647465,1021.3472961699584,0.8,83.66071428571429,
sarima_core,electricity,Lithuania,Europe,True,False,holdout,last12,11,2026-03-01,750.0,1009.1472428300801,112.73270054168023,864.6744739628192,1153.620011697341,0.8,83.66071428571429,
sarima_core,electricity,Lithuania,Europe,True,False,holdout,last12,12,2026-04-01,880.0,1035.7759378918843,116.26412792738846,886.7774627298619,1184.7744130539068,0.8,83.66071428571429,
sarima_core,electricity,Lithuania,Europe,True,False,rolling,2022-12-01,1,2023-01-01,360.0,305.8604749184211,60.23934256198155,228.6606511507362,383.0602986861061,0.8,58.80952380952381,
sarima_core,electricity,Lithuania,Europe,True,False,rolling,2022-12-01,2,2023-02-01,320.0,311.9047819622905,68.78658759080851,223.75122294681904,400.05834097776193,0.8,58.80952380952381,
sarima_core,electricity,Lithuania,Europe,True,False,rolling,2022-12-01,3,2023-03-01,420.0,319.20127423466016,71.88257555471232,227.08004699714058,411.32250147217974,0.8,58.80952380952381,
sarima_core,electricity,Lithuania,Europe,True,False,rolling,2022-12-01,4,2023-04-01,360.0,287.6566613140612,73.47944474464623,193.48896386621186,381.8243587619105,0.8,58.80952380952381,
sarima_core,electricity,Lithuania,Europe,True,False,rolling,2022-12-01,5,2023-05-01,330.0,253.49553559808166,74.56275933587246,157.93951463986906,349.05155655629426,0.8,58.80952380952381,
sarima_core,electricity,Lithuania,Europe,True,False,rolling,2022-12-01,6,2023-06-01,350.0,243.853643612093,75.44285899972837,147.16972955183059,340.53755767235543,0.8,58.80952380952381,
sarima_core,electricity,Lithuania,Europe,True,False,rolling,2022-12-01,7,2023-07-01,380.0,276.4826760033777,76.23395747668721,178.78492845146872,374.1804235552867,0.8,58.80952380952381,
sarima_core,electricity,Lithuania,Europe,True,False,rolling,2022-12-01,8,2023-08-01,410.0,262.2795892660375,76.98251337439808,163.62252873151948,360.9366498005555,0.8,58.80952380952381,
sarima_core,electricity,Lithuania,Europe,True,False,rolling,2022-12-01,9,2023-09-01,430.0,250.83299851432045,77.70854944420046,151.24548531790538,350.4205117107355,0.8,58.80952380952381,
sarima_core,electricity,Lithuania,Europe,True,False,rolling,2022-12-01,10,2023-10-01,590.0,279.4589998206442,78.42099104712452,178.95845597264267,379.95954366864567,0.8,58.80952380952381,
sarima_core,electricity,Lithuania,Europe,True,False,rolling,2022-12-01,11,2023-11-01,400.0,247.04461208424766,79.12391911305951,145.64322967288192,348.4459944956134,0.8,58.80952380952381,
sarima_core,electricity,Lithuania,Europe,True,False,rolling,2022-12-01,12,2023-12-01,560.0,313.9536840543294,79.81925697008458,211.66119032371077,416.24617778494803,0.8,58.80952380952381,
sarima_core,electricity,Lithuania,Europe,True,False,rolling,2023-12-01,1,2024-01-01,660.0,550.2772530846403,63.070627290207554,469.4489919409948,631.1055142282858,0.8,67.08333333333333,
sarima_core,electricity,Lithuania,Europe,True,False,rolling,2023-12-01,2,2024-02-01,520.0,532.7738052085848,72.84401340053181,439.4204457945814,626.1271646225882,0.8,67.08333333333333,
sarima_core,electricity,Lithuania,Europe,True,False,rolling,2023-12-01,3,2024-03-01,570.0,585.6808080776322,78.87891269718791,484.5934140220951,686.7682021331692,0.8,67.08333333333333,
sarima_core,electricity,Lithuania,Europe,True,False,rolling,2023-12-01,4,2024-04-01,580.0,537.7603047070327,83.97957888745194,430.1361439100424,645.384465504023,0.8,67.08333333333333,
sarima_core,electricity,Lithuania,Europe,True,False,rolling,2023-12-01,5,2024-05-01,580.0,499.3912785090727,88.67980794242743,385.74353180826034,613.039025209885,0.8,67.08333333333333,
sarima_core,electricity,Lithuania,Europe,True,False,rolling,2023-12-01,6,2024-06-01,550.0,498.65394649384353,93.1194352775577,379.31658843126036,617.9913045564267,0.8,67.08333333333333,
sarima_core,electricity,Lithuania,Europe,True,False,rolling,2023-12-01,7,2024-07-01,560.0,545.2242145876185,97.35155476700359,420.4631771677641,669.9852520074728,0.8,67.08333333333333,
sarima_core,electricity,Lithuania,Europe,True,False,rolling,2023-12-01,8,2024-08-01,550.0,558.6485100523628,101.4060310136683,428.69145225113186,688.6055678535937,0.8,67.08333333333333,
sarima_core,electricity,Lithuania,Europe,True,False,rolling,2023-12-01,9,2024-09-01,560.0,533.067903451663,105.30425307333432,398.11507306702663,668.0207338362994,0.8,67.08333333333333,
sarima_core,electricity,Lithuania,Europe,True,False,rolling,2023-12-01,10,2024-10-01,560.0,655.7748194201972,109.06317182805356,516.0047408206954,795.5448980196991,0.8,67.08333333333333,
sarima_core,electricity,Lithuania,Europe,True,False,rolling,2023-12-01,11,2024-11-01,600.0,536.2171940461762,112.6967710080276,391.79047072901716,680.6439173633353,0.8,67.08333333333333,
sarima_core,electricity,Lithuania,Europe,True,False,rolling,2023-12-01,12,2024-12-01,730.0,671.3551719421754,116.21681568449272,522.4173298591055,820.2930140252453,0.8,67.08333333333333,
sarima_core,electricity,Lithuania,Europe,True,False,rolling,2024-12-01,1,2025-01-01,810.0,766.2389711031979,63.399761368583015,684.9889076661362,847.4890345402595,0.8,79.72222222222223,
sarima_core,electricity,Lithuania,Europe,True,False,rolling,2024-12-01,2,2025-02-01,620.0,667.6479074208173,72.32892201596353,574.954664177106,760.3411506645286,0.8,79.72222222222223,
sarima_core,electricity,Lithuania,Europe,True,False,rolling,2024-12-01,3,2025-03-01,810.0,739.6942568348202,78.00425412219327,639.7277828453846,839.6607308242558,0.8,79.72222222222223,
sarima_core,electricity,Lithuania,Europe,True,False,rolling,2024-12-01,4,2025-04-01,850.0,717.4483381733205,82.91497788384622,611.1885184591815,823.7081578874595,0.8,79.72222222222223,
sarima_core,electricity,Lithuania,Europe,True,False,rolling,2024-12-01,5,2025-05-01,810.0,703.6681030170043,87.48179699290226,591.5556691240955,815.7805369099132,0.8,79.72222222222223,
sarima_core,electricity,Lithuania,Europe,True,False,rolling,2024-12-01,6,2025-06-01,770.0,696.5732317979033,91.8089494514886,578.915328897343,814.2311346984636,0.8,79.72222222222223,
sarima_core,electricity,Lithuania,Europe,True,False,rolling,2024-12-01,7,2025-07-01,610.0,715.7366126871267,95.93873465835415,592.786177089345,838.6870482849084,0.8,79.72222222222223,
sarima_core,electricity,Lithuania,Europe,True,False,rolling,2024-12-01,8,2025-08-01,600.0,724.065679023136,99.89748800487718,596.0418968765127,852.0894611697593,0.8,79.72222222222223,
sarima_core,electricity,Lithuania,Europe,True,False,rolling,2024-12-01,9,2025-09-01,620.0,738.647959124627,103.70514794525494,605.7444644203512,871.5514538289029,0.8,79.72222222222223,
sarima_core,electricity,Lithuania,Europe,True,False,rolling,2024-12-01,10,2025-10-01,740.0,811.9652164905506,107.37785545107018,674.3549577324097,949.5754752486914,0.8,79.72222222222223,
sarima_core,electricity,Lithuania,Europe,True,False,rolling,2024-12-01,11,2025-11-01,550.0,746.5716433099284,110.92902817595403,604.4103735866934,888.7329130331634,0.8,79.72222222222223,
sarima_core,electricity,Lithuania,Europe,True,False,rolling,2024-12-01,12,2025-12-01,730.0,890.318630500399,114.36998998659342,743.7475907817599,1036.889670219038,0.8,79.72222222222223,
sarima_core,electricity,Luxembourg,Europe,True,False,holdout,last12,1,2025-05-01,130.0,117.30696233562198,14.743320253874016,98.41263718294431,136.20128748829964,0.8,13.421052631578947,
sarima_core,electricity,Luxembourg,Europe,True,False,holdout,last12,2,2025-06-01,120.0,95.71656259678032,15.70700572185084,75.58722482392439,115.84590036963625,0.8,13.421052631578947,
sarima_core,electricity,Luxembourg,Europe,True,False,holdout,last12,3,2025-07-01,110.0,99.84191052855887,15.929404043149816,79.42755783886773,120.25626321825001,0.8,13.421052631578947,
sarima_core,electricity,Luxembourg,Europe,True,False,holdout,last12,4,2025-08-01,110.0,109.8762014750634,16.034521776213754,89.32713498999767,130.42526796012913,0.8,13.421052631578947,
sarima_core,electricity,Luxembourg,Europe,True,False,holdout,last12,5,2025-09-01,100.0,97.90569354708704,16.113171454876735,77.2558334432012,118.55555365097288,0.8,13.421052631578947,
sarima_core,electricity,Luxembourg,Europe,True,False,holdout,last12,6,2025-10-01,100.0,109.88937889671631,16.184525929479204,89.14807435419506,130.63068343923757,0.8,13.421052631578947,
sarima_core,electricity,Luxembourg,Europe,True,False,holdout,last12,7,2025-11-01,100.0,113.85161680404141,16.25358767399564,93.02180607471588,134.68142753336696,0.8,13.421052631578947,
sarima_core,electricity,Luxembourg,Europe,True,False,holdout,last12,8,2025-12-01,120.0,101.87120912604234,16.321778234361034,80.95400867732518,122.78840957475951,0.8,13.421052631578947,
sarima_core,electricity,Luxembourg,Europe,True,False,holdout,last12,9,2026-01-01,90.0,121.87128759679345,16.389514641229404,100.86727944980976,142.87529574377714,0.8,13.421052631578947,
sarima_core,electricity,Luxembourg,Europe,True,False,holdout,last12,10,2026-02-01,120.0,105.83265567175312,16.456921974496286,84.74226155129206,126.92304979221417,0.8,13.421052631578947,
sarima_core,electricity,Luxembourg,Europe,True,False,holdout,last12,11,2026-03-01,110.0,123.9003091406866,16.52403949389738,102.72390045816161,145.0767178232116,0.8,13.421052631578947,
sarima_core,electricity,Luxembourg,Europe,True,False,holdout,last12,12,2026-04-01,120.0,127.8616559991806,16.590881114943652,106.59958633256022,149.12372566580098,0.8,13.421052631578947,
sarima_core,electricity,Luxembourg,Europe,True,False,rolling,2022-12-01,1,2023-01-01,100.0,88.33664202641916,13.668077302580802,70.82029616131211,105.8529878915262,0.8,12.708333333333334,
sarima_core,electricity,Luxembourg,Europe,True,False,rolling,2022-12-01,2,2023-02-01,100.0,111.33320883673923,15.296966475354367,91.72935750216558,130.93706017131288,0.8,12.708333333333334,
sarima_core,electricity,Luxembourg,Europe,True,False,rolling,2022-12-01,3,2023-03-01,120.0,116.79361563420717,17.420939495138256,94.46778335095497,139.11944791745935,0.8,12.708333333333334,
sarima_core,electricity,Luxembourg,Europe,True,False,rolling,2022-12-01,4,2023-04-01,110.0,111.79096316376535,19.178157246360335,87.21316572043175,136.36876060709898,0.8,12.708333333333334,
sarima_core,electricity,Luxembourg,Europe,True,False,rolling,2022-12-01,5,2023-05-01,110.0,116.8882439507603,20.813819708286864,90.21426071864221,143.5622271828784,0.8,12.708333333333334,
sarima_core,electricity,Luxembourg,Europe,True,False,rolling,2022-12-01,6,2023-06-01,80.0,91.64578899179966,22.324652578184967,63.03559552998742,120.2559824536119,0.8,12.708333333333334,
sarima_core,electricity,Luxembourg,Europe,True,False,rolling,2022-12-01,7,2023-07-01,80.0,91.64661515222065,23.740609451429997,61.2217999427576,122.0714303616837,0.8,12.708333333333334,
sarima_core,electricity,Luxembourg,Europe,True,False,rolling,2022-12-01,8,2023-08-01,90.0,86.72597912160919,25.076520224648277,54.589125369300355,118.86283287391802,0.8,12.708333333333334,
sarima_core,electricity,Luxembourg,Europe,True,False,rolling,2022-12-01,9,2023-09-01,70.0,66.56693307180765,26.344820939949166,32.80468655222363,100.32917959139168,0.8,12.708333333333334,
sarima_core,electricity,Luxembourg,Europe,True,False,rolling,2022-12-01,10,2023-10-01,90.0,86.72600929555358,27.554796268756338,51.41311699906638,122.03890159204079,0.8,12.708333333333334,
sarima_core,electricity,Luxembourg,Europe,True,False,rolling,2022-12-01,11,2023-11-01,110.0,91.646468823789,28.713831440306453,54.84821318868049,128.4447244588975,0.8,12.708333333333334,
sarima_core,electricity,Luxembourg,Europe,True,False,rolling,2022-12-01,12,2023-12-01,90.0,91.80555296473521,29.82786298892085,53.57960845443386,130.03149747503656,0.8,12.708333333333334,
sarima_core,electricity,Luxembourg,Europe,True,False,rolling,2023-12-01,1,2024-01-01,110.0,93.44556168611562,12.776023560236704,77.07242869105957,109.81869468117168,0.8,11.833333333333334,
sarima_core,electricity,Luxembourg,Europe,True,False,rolling,2023-12-01,2,2024-02-01,110.0,111.8445445598935,13.998013840807944,93.9053680076911,129.78372111209592,0.8,11.833333333333334,
sarima_core,electricity,Luxembourg,Europe,True,False,rolling,2023-12-01,3,2024-03-01,100.0,122.12543564006542,16.207868785568703,101.35421602377839,142.89665525635246,0.8,11.833333333333334,
sarima_core,electricity,Luxembourg,Europe,True,False,rolling,2023-12-01,4,2024-04-01,120.0,111.71528247194499,17.783902241228283,88.92429471320676,134.5062702306832,0.8,11.833333333333334,
sarima_core,electricity,Luxembourg,Europe,True,False,rolling,2023-12-01,5,2024-05-01,110.0,111.85770501506629,19.345577989044816,87.06534925684073,136.65006077329184,0.8,11.833333333333334,
sarima_core,electricity,Luxembourg,Europe,True,False,rolling,2023-12-01,6,2024-06-01,100.0,92.7085315093736,20.752921855491344,66.11259201584392,119.30447100290328,0.8,11.833333333333334,
sarima_core,electricity,Luxembourg,Europe,True,False,rolling,2023-12-01,7,2024-07-01,110.0,92.7257044262602,22.082858041764485,64.42538313113775,121.02602572138264,0.8,11.833333333333334,
sarima_core,electricity,Luxembourg,Europe,True,False,rolling,2023-12-01,8,2024-08-01,120.0,91.81945963203077,23.333128771201544,61.91685192624368,121.72206733781786,0.8,11.833333333333334,
sarima_core,electricity,Luxembourg,Europe,True,False,rolling,2023-12-01,9,2024-09-01,120.0,77.27167111016807,24.52105073601462,45.846680150629965,108.69666206970618,0.8,11.833333333333334,
sarima_core,electricity,Luxembourg,Europe,True,False,rolling,2023-12-01,10,2024-10-01,120.0,91.82081127310565,25.65358593512905,58.94441805610807,124.69720449010322,0.8,11.833333333333334,
sarima_core,electricity,Luxembourg,Europe,True,False,rolling,2023-12-01,11,2024-11-01,100.0,106.37092013266775,26.738339926539663,72.10435873974714,140.63748152558836,0.8,11.833333333333334,
sarima_core,electricity,Luxembourg,Europe,True,False,rolling,2023-12-01,12,2024-12-01,100.0,91.82097425025331,27.78072103453727,56.21854771648427,127.42340078402236,0.8,11.833333333333334,
sarima_core,electricity,Luxembourg,Europe,True,False,rolling,2024-12-01,1,2025-01-01,120.0,113.10254379384176,13.609820728292389,95.66085673271729,130.54423085496623,0.8,13.055555555555555,
sarima_core,electricity,Luxembourg,Europe,True,False,rolling,2024-12-01,2,2025-02-01,80.0,112.35985741753122,14.999528537909155,93.13718813734283,131.5825266977196,0.8,13.055555555555555,
sarima_core,electricity,Luxembourg,Europe,True,False,rolling,2024-12-01,3,2025-03-01,140.0,117.74208805997826,15.30152981453386,98.132388570935,137.3517875490215,0.8,13.055555555555555,
sarima_core,electricity,Luxembourg,Europe,True,False,rolling,2024-12-01,4,2025-04-01,120.0,121.87862619127709,15.37858065898339,102.17018207190301,141.58707031065117,0.8,13.055555555555555,
sarima_core,electricity,Luxembourg,Europe,True,False,rolling,2024-12-01,5,2025-05-01,130.0,117.05024347181124,15.401682463626164,97.31219319853031,136.78829374509218,0.8,13.055555555555555,
sarima_core,electricity,Luxembourg,Europe,True,False,rolling,2024-12-01,6,2025-06-01,120.0,96.543989358999,15.40975595139984,76.79559249482232,116.29238622317568,0.8,13.055555555555555,
sarima_core,electricity,Luxembourg,Europe,True,False,rolling,2024-12-01,7,2025-07-01,110.0,101.29242423930062,15.41291644008064,81.53997704590716,121.04487143269407,0.8,13.055555555555555,
sarima_core,electricity,Luxembourg,Europe,True,False,rolling,2024-12-01,8,2025-08-01,110.0,111.28645126927111,15.414240357822944,91.53230740702236,131.04059513151986,0.8,13.055555555555555,
sarima_core,electricity,Luxembourg,Europe,True,False,rolling,2024-12-01,9,2025-09-01,100.0,100.8073359021849,15.41481477980056,81.05245588855145,120.56221591581836,0.8,13.055555555555555,
sarima_core,electricity,Luxembourg,Europe,True,False,rolling,2024-12-01,10,2025-10-01,100.0,111.28258102230906,15.415068255468677,91.5273761665363,131.03778587808182,0.8,13.055555555555555,
sarima_core,electricity,Luxembourg,Europe,True,False,rolling,2024-12-01,11,2025-11-01,100.0,112.23492901052515,15.415180984527593,92.47957968665045,131.99027833439985,0.8,13.055555555555555,
sarima_core,electricity,Luxembourg,Europe,True,False,rolling,2024-12-01,12,2025-12-01,120.0,101.75824742844428,15.415231297598128,82.00283362577528,121.51366123111328,0.8,13.055555555555555,
sarima_core,electricity,Malta,Europe,True,False,holdout,last12,1,2025-04-01,250.0,239.3728071912607,20.38895032341673,213.24331598447492,265.5022983980465,0.8,26.50793650793651,
sarima_core,electricity,Malta,Europe,True,False,holdout,last12,2,2025-05-01,270.0,253.29525636632292,24.76923111880623,221.55220944868077,285.0383032839651,0.8,26.50793650793651,
sarima_core,electricity,Malta,Europe,True,False,holdout,last12,3,2025-06-01,300.0,267.7687385485187,27.882085642479637,232.03640804275028,303.5010690542871,0.8,26.50793650793651,
sarima_core,electricity,Malta,Europe,True,False,holdout,last12,4,2025-07-01,340.0,297.81855538063184,30.576475793990017,258.63322495800736,337.0038858032563,0.8,26.50793650793651,
sarima_core,electricity,Malta,Europe,True,False,holdout,last12,5,2025-08-01,320.0,306.27619916126605,33.03289097169153,263.94284602203066,348.60955230050143,0.8,26.50793650793651,
sarima_core,electricity,Malta,Europe,True,False,holdout,last12,6,2025-09-01,300.0,265.15892750711805,35.31532563659398,219.90051664982366,310.41733836441244,0.8,26.50793650793651,
sarima_core,electricity,Malta,Europe,True,False,holdout,last12,7,2025-10-01,270.0,247.83087679159422,37.45827762451578,199.82616245929177,295.8355911238967,0.8,26.50793650793651,
sarima_core,electricity,Malta,Europe,True,False,holdout,last12,8,2025-11-01,260.0,230.50250916577468,39.48497084994691,179.9004829575423,281.10453537400707,0.8,26.50793650793651,
sarima_core,electricity,Malta,Europe,True,False,holdout,last12,9,2025-12-01,260.0,216.2786738121477,41.4125740854974,163.20632465964678,269.3510229646486,0.8,26.50793650793651,
sarima_core,electricity,Malta,Europe,True,False,holdout,last12,10,2026-01-01,270.0,237.83097471643998,43.25435543866491,182.39828778739638,293.2636616454836,0.8,26.50793650793651,
sarima_core,electricity,Malta,Europe,True,False,holdout,last12,11,2026-02-01,280.0,227.83097534438045,45.02085247025484,170.13443137897286,285.52751930978803,0.8,26.50793650793651,
sarima_core,electricity,Malta,Europe,True,False,holdout,last12,12,2026-03-01,260.0,239.38327322738945,46.720606096866895,179.5084073407571,299.25813911402184,0.8,26.50793650793651,
sarima_core,electricity,Malta,Europe,True,False,rolling,2022-12-01,1,2023-01-01,290.0,261.6339985284649,22.054913932618106,233.36948905016672,289.898508006763,0.8,26.11111111111111,
sarima_core,electricity,Malta,Europe,True,False,rolling,2022-12-01,2,2023-02-01,280.0,249.97750628280622,28.752303159059398,213.1299471563007,286.8250654093117,0.8,26.11111111111111,
sarima_core,electricity,Malta,Europe,True,False,rolling,2022-12-01,3,2023-03-01,290.0,264.94749073283674,32.67500945363414,223.0727812133473,306.8222002523262,0.8,26.11111111111111,
sarima_core,electricity,Malta,Europe,True,False,rolling,2022-12-01,4,2023-04-01,290.0,262.4138820627817,35.21967226166631,217.27805593787548,307.5497081876879,0.8,26.11111111111111,
sarima_core,electricity,Malta,Europe,True,False,rolling,2022-12-01,5,2023-05-01,290.0,251.56646697932038,36.95732087766592,204.2037545502135,298.9291794084273,0.8,26.11111111111111,
sarima_core,electricity,Malta,Europe,True,False,rolling,2022-12-01,6,2023-06-01,300.0,287.1835327602837,38.1836264114199,238.24924655455837,336.11781896600905,0.8,26.11111111111111,
sarima_core,electricity,Malta,Europe,True,False,rolling,2022-12-01,7,2023-07-01,330.0,322.9362982806588,39.070005593062845,272.8660714470328,373.0065251142847,0.8,26.11111111111111,
sarima_core,electricity,Malta,Europe,True,False,rolling,2022-12-01,8,2023-08-01,330.0,337.682020038039,39.72268756584429,286.77534760039225,388.5886924756858,0.8,26.11111111111111,
sarima_core,electricity,Malta,Europe,True,False,rolling,2022-12-01,9,2023-09-01,310.0,274.74568782001273,40.21052035536207,223.21383250723545,326.27754313279,0.8,26.11111111111111,
sarima_core,electricity,Malta,Europe,True,False,rolling,2022-12-01,10,2023-10-01,280.0,278.17358469248177,40.57962994555736,226.1686964065322,330.17847297843133,0.8,26.11111111111111,
sarima_core,electricity,Malta,Europe,True,False,rolling,2022-12-01,11,2023-11-01,250.0,276.8362378412335,40.86174524768499,224.46980424817818,329.20267143428885,0.8,26.11111111111111,
sarima_core,electricity,Malta,Europe,True,False,rolling,2022-12-01,12,2023-12-01,240.0,274.0692506454647,41.07917781585223,221.42416600427427,326.71433528665517,0.8,26.11111111111111,
sarima_core,electricity,Malta,Europe,True,False,rolling,2023-12-01,1,2024-01-01,270.0,261.24679478794917,22.514145914738656,232.39375584401628,290.0998337318821,0.8,28.958333333333332,
sarima_core,electricity,Malta,Europe,True,False,rolling,2023-12-01,2,2024-02-01,260.0,253.0244366057231,28.10163388149448,217.01074371053267,289.03812950091356,0.8,28.958333333333332,
sarima_core,electricity,Malta,Europe,True,False,rolling,2023-12-01,3,2024-03-01,280.0,268.73524929740955,32.03349702959539,227.68267102926328,309.78782756555586,0.8,28.958333333333332,
sarima_core,electricity,Malta,Europe,True,False,rolling,2023-12-01,4,2024-04-01,240.0,258.32615182562665,35.376840867175204,212.98890602827606,303.66339762297724,0.8,28.958333333333332,
sarima_core,electricity,Malta,Europe,True,False,rolling,2023-12-01,5,2024-05-01,270.0,253.09351629047532,38.39453962780828,203.88893392209343,302.2980986588572,0.8,28.958333333333332,
sarima_core,electricity,Malta,Europe,True,False,rolling,2023-12-01,6,2024-06-01,290.0,278.88487891290447,41.18332575872676,226.10632331247493,331.66343451333404,0.8,28.958333333333332,
sarima_core,electricity,Malta,Europe,True,False,rolling,2023-12-01,7,2024-07-01,320.0,314.14808169465385,43.792883371097766,258.0252434507114,370.2709199385963,0.8,28.958333333333332,
sarima_core,electricity,Malta,Europe,True,False,rolling,2023-12-01,8,2024-08-01,340.0,329.9326446113722,46.25497409074525,270.6545101511527,389.21077907159173,0.8,28.958333333333332,
sarima_core,electricity,Malta,Europe,True,False,rolling,2023-12-01,9,2024-09-01,270.0,283.6259310724993,48.59235966338541,221.35231647238146,345.8995456726172,0.8,28.958333333333332,
sarima_core,electricity,Malta,Europe,True,False,rolling,2023-12-01,10,2024-10-01,270.0,269.41005932127325,50.82233145294536,204.27862088312452,334.541497759422,0.8,28.958333333333332,
sarima_core,electricity,Malta,Europe,True,False,rolling,2023-12-01,11,2024-11-01,270.0,260.4555315800064,52.958480102169574,192.5865084962084,328.32455466380435,0.8,28.958333333333332,
sarima_core,electricity,Malta,Europe,True,False,rolling,2023-12-01,12,2024-12-01,250.0,250.45553347750615,55.01174123823232,179.95515037031507,320.9559165846972,0.8,28.958333333333332,
sarima_core,electricity,Malta,Europe,True,False,rolling,2024-12-01,1,2025-01-01,260.0,282.0040466113204,20.58961685422725,255.617390897822,308.39070232481885,0.8,27.0,
sarima_core,electricity,Malta,Europe,True,False,rolling,2024-12-01,2,2025-02-01,250.0,272.4053759206439,24.699716575572243,240.7514154747114,304.0593363665764,0.8,27.0,
sarima_core,electricity,Malta,Europe,True,False,rolling,2024-12-01,3,2025-03-01,250.0,286.67148409434196,27.57168113005592,251.33695297742227,322.0060152112616,0.8,27.0,
sarima_core,electricity,Malta,Europe,True,False,rolling,2024-12-01,4,2025-04-01,250.0,269.9446262286614,30.05945007228594,231.42189092911357,308.46736152820915,0.8,27.0,
sarima_core,electricity,Malta,Europe,True,False,rolling,2024-12-01,5,2025-05-01,270.0,282.50506391373835,32.33590335084021,241.0649363511702,323.9451914763065,0.8,27.0,
sarima_core,electricity,Malta,Europe,True,False,rolling,2024-12-01,6,2025-06-01,300.0,296.6914475588594,34.45844727046964,252.53117051315297,340.85172460456585,0.8,27.0,
sarima_core,electricity,Malta,Europe,True,False,rolling,2024-12-01,7,2025-07-01,340.0,326.69157681946143,36.45689590719693,279.97018479469665,373.4129688442262,0.8,27.0,
sarima_core,electricity,Malta,Europe,True,False,rolling,2024-12-01,8,2025-08-01,320.0,335.06307906412354,38.35120940843008,285.91402660622117,384.2121315220259,0.8,27.0,
sarima_core,electricity,Malta,Europe,True,False,rolling,2024-12-01,9,2025-09-01,300.0,294.13439335046525,40.156234022524316,242.67210877252387,345.5966779284066,0.8,27.0,
sarima_core,electricity,Malta,Europe,True,False,rolling,2024-12-01,10,2025-10-01,270.0,276.69160892708396,41.883535797234046,223.01569805559535,330.3675197985726,0.8,27.0,
sarima_core,electricity,Malta,Europe,True,False,rolling,2024-12-01,11,2025-11-01,260.0,259.24882367348033,43.54236931103438,203.44703211540306,315.0506152315576,0.8,27.0,
sarima_core,electricity,Malta,Europe,True,False,rolling,2024-12-01,12,2025-12-01,260.0,245.0630855356114,45.14028425257623,187.21348358259408,302.91268748862876,0.8,27.0,
sarima_core,electricity,Netherlands,Europe,True,False,holdout,last12,1,2025-05-01,11390.0,10150.501883485405,654.7977446943636,9311.34480865727,10989.658958313541,0.8,627.5892857142857,
sarima_core,electricity,Netherlands,Europe,True,False,holdout,last12,2,2025-06-01,10840.0,10385.141456056916,774.0537475091933,9393.151664120844,11377.131247992987,0.8,627.5892857142857,
sarima_core,electricity,Netherlands,Europe,True,False,holdout,last12,3,2025-07-01,11530.0,10427.856125985336,817.3058734142576,9380.436504382496,11475.275747588175,0.8,627.5892857142857,
sarima_core,electricity,Netherlands,Europe,True,False,holdout,last12,4,2025-08-01,11700.0,10724.087769196998,834.542011432213,9654.579147933306,11793.59639046069,0.8,627.5892857142857,
sarima_core,electricity,Netherlands,Europe,True,False,holdout,last12,5,2025-09-01,10840.0,10043.619106422642,841.8043642724396,8964.80340550702,11122.434807338264,0.8,627.5892857142857,
sarima_core,electricity,Netherlands,Europe,True,False,holdout,last12,6,2025-10-01,10960.0,9933.848558119613,845.0267638664407,8850.903185959489,11016.793930279737,0.8,627.5892857142857,
sarima_core,electricity,Netherlands,Europe,True,False,holdout,last12,7,2025-11-01,11860.0,11057.694791990853,846.5377335274859,9972.813034296125,12142.57654968558,0.8,627.5892857142857,
sarima_core,electricity,Netherlands,Europe,True,False,holdout,last12,8,2025-12-01,11890.0,11476.452735816094,847.2881353490517,10390.609299492151,12562.296172140037,0.8,627.5892857142857,
sarima_core,electricity,Netherlands,Europe,True,False,holdout,last12,9,2026-01-01,13530.0,12265.875634172957,847.6818852493383,11179.527587047869,13352.223681298045,0.8,627.5892857142857,
sarima_core,electricity,Netherlands,Europe,True,False,holdout,last12,10,2026-02-01,11690.0,11377.594309096054,847.8985979436775,10290.968533478263,12464.220084713845,0.8,627.5892857142857,
sarima_core,electricity,Netherlands,Europe,True,False,holdout,last12,11,2026-03-01,10870.0,11667.88957684744,848.0224783591966,10581.105042089199,12754.67411160568,0.8,627.5892857142857,
sarima_core,electricity,Netherlands,Europe,True,False,holdout,last12,12,2026-04-01,10550.0,10688.411471446067,848.0952997160919,9601.533612363892,11775.289330528241,0.8,627.5892857142857,
sarima_core,electricity,Netherlands,Europe,True,False,rolling,2022-12-01,1,2023-01-01,10270.0,11675.297895644513,646.9481389976563,10846.2004952859,12504.395296003126,0.8,666.547619047619,
sarima_core,electricity,Netherlands,Europe,True,False,rolling,2022-12-01,2,2023-02-01,9930.0,10674.266003037985,782.3347018130984,9671.663741149541,11676.868264926428,0.8,666.547619047619,
sarima_core,electricity,Netherlands,Europe,True,False,rolling,2022-12-01,3,2023-03-01,11000.0,11661.480165147343,839.1564927791709,10586.05784808928,12736.902482205405,0.8,666.547619047619,
sarima_core,electricity,Netherlands,Europe,True,False,rolling,2022-12-01,4,2023-04-01,9840.0,10210.639580387959,865.9380279706359,9100.895344977587,11320.38381579833,0.8,666.547619047619,
sarima_core,electricity,Netherlands,Europe,True,False,rolling,2022-12-01,5,2023-05-01,9960.0,9769.737105491515,879.6013598823848,8642.482605679084,10896.991605303945,0.8,666.547619047619,
sarima_core,electricity,Netherlands,Europe,True,False,rolling,2022-12-01,6,2023-06-01,10620.0,10034.679910886116,887.1243172092765,8897.784353333884,11171.575468438348,0.8,666.547619047619,
sarima_core,electricity,Netherlands,Europe,True,False,rolling,2022-12-01,7,2023-07-01,10110.0,10455.60540670795,891.6146781115842,9312.955220111504,11598.255593304395,0.8,666.547619047619,
sarima_core,electricity,Netherlands,Europe,True,False,rolling,2022-12-01,8,2023-08-01,10380.0,9848.843333222128,894.5311529432015,8702.455533739352,10995.231132704905,0.8,666.547619047619,
sarima_core,electricity,Netherlands,Europe,True,False,rolling,2022-12-01,9,2023-09-01,9650.0,9694.165510476974,896.5911496516117,8545.137718987518,10843.19330196643,0.8,666.547619047619,
sarima_core,electricity,Netherlands,Europe,True,False,rolling,2022-12-01,10,2023-10-01,9380.0,9974.904788197555,898.1642657185689,8823.860967349707,11125.948609045403,0.8,666.547619047619,
sarima_core,electricity,Netherlands,Europe,True,False,rolling,2022-12-01,11,2023-11-01,9650.0,10343.865132744586,899.4499157727929,9191.173685057005,11496.556580432167,0.8,666.547619047619,
sarima_core,electricity,Netherlands,Europe,True,False,rolling,2022-12-01,12,2023-12-01,10550.0,11516.1743923334,900.5604952232923,10362.05967981237,12670.28910485443,0.8,666.547619047619,
sarima_core,electricity,Netherlands,Europe,True,False,rolling,2023-12-01,1,2024-01-01,11750.0,10326.298257232942,639.0161620016784,9507.366094411389,11145.230420054495,0.8,615.2083333333334,
sarima_core,electricity,Netherlands,Europe,True,False,rolling,2023-12-01,2,2024-02-01,10140.0,9725.07291856229,767.2297828417056,8741.828389229058,10708.31744789552,0.8,615.2083333333334,
sarima_core,electricity,Netherlands,Europe,True,False,rolling,2023-12-01,3,2024-03-01,10730.0,10875.376894811021,819.7353237958877,9824.843807268191,11925.90998235385,0.8,615.2083333333334,
sarima_core,electricity,Netherlands,Europe,True,False,rolling,2023-12-01,4,2024-04-01,10090.0,9726.459238438405,844.361205991787,8644.366813014503,10808.551663862307,0.8,615.2083333333334,
sarima_core,electricity,Netherlands,Europe,True,False,rolling,2023-12-01,5,2024-05-01,9410.0,9780.894037662098,857.1890544705369,8682.362062937686,10879.42601238651,0.8,615.2083333333334,
sarima_core,electricity,Netherlands,Europe,True,False,rolling,2023-12-01,6,2024-06-01,9470.0,10662.930565221988,864.6100987884786,9554.888139533941,11770.972990910035,0.8,615.2083333333334,
sarima_core,electricity,Netherlands,Europe,True,False,rolling,2023-12-01,7,2024-07-01,10010.0,10261.083472418764,869.3872071478879,9146.91893603394,11375.248008803588,0.8,615.2083333333334,
sarima_core,electricity,Netherlands,Europe,True,False,rolling,2023-12-01,8,2024-08-01,10380.0,10403.353267758652,872.7933506862908,9284.823582789719,11521.882952727585,0.8,615.2083333333334,
sarima_core,electricity,Netherlands,Europe,True,False,rolling,2023-12-01,9,2024-09-01,9770.0,9706.252608868075,875.4506102854414,8584.317508699793,10828.187709036358,0.8,615.2083333333334,
sarima_core,electricity,Netherlands,Europe,True,False,rolling,2023-12-01,10,2024-10-01,9800.0,9501.280293710042,877.680527040479,8376.487440233306,10626.073147186778,0.8,615.2083333333334,
sarima_core,electricity,Netherlands,Europe,True,False,rolling,2023-12-01,11,2024-11-01,11570.0,9540.1293155445,879.6579710044451,8412.802265659966,10667.456365429034,0.8,615.2083333333334,
sarima_core,electricity,Netherlands,Europe,True,False,rolling,2023-12-01,12,2024-12-01,11640.0,10840.434070065507,881.4822052697479,9710.769169902354,11970.098970228659,0.8,615.2083333333334,
sarima_core,electricity,Netherlands,Europe,True,False,rolling,2024-12-01,1,2025-01-01,12130.0,11754.050203155195,658.410038580514,10910.263787442056,12597.836618868334,0.8,616.8518518518518,
sarima_core,electricity,Netherlands,Europe,True,False,rolling,2024-12-01,2,2025-02-01,11780.0,10535.1499898399,774.1597063131683,9543.024406232711,11527.275573447088,0.8,616.8518518518518,
sarima_core,electricity,Netherlands,Europe,True,False,rolling,2024-12-01,3,2025-03-01,11850.0,11239.423625419484,814.8970415807182,10195.091046024052,12283.756204814916,0.8,616.8518518518518,
sarima_core,electricity,Netherlands,Europe,True,False,rolling,2024-12-01,4,2025-04-01,10620.0,10325.606736649901,830.7281010058953,9260.985838263903,11390.227635035899,0.8,616.8518518518518,
sarima_core,electricity,Netherlands,Europe,True,False,rolling,2024-12-01,5,2025-05-01,11390.0,9951.14942416141,837.2910552000012,8878.117761553358,11024.18108676946,0.8,616.8518518518518,
sarima_core,electricity,Netherlands,Europe,True,False,rolling,2024-12-01,6,2025-06-01,10840.0,10244.967433834108,840.195008197606,9168.214205715707,11321.72066195251,0.8,616.8518518518518,
sarima_core,electricity,Netherlands,Europe,True,False,rolling,2024-12-01,7,2025-07-01,11530.0,10328.832397304806,841.5776891444104,9250.30719225438,11407.357602355232,0.8,616.8518518518518,
sarima_core,electricity,Netherlands,Europe,True,False,rolling,2024-12-01,8,2025-08-01,11700.0,10649.187904947927,842.2912467491294,9569.748239032066,11728.627570863788,0.8,616.8518518518518,
sarima_core,electricity,Netherlands,Europe,True,False,rolling,2024-12-01,9,2025-09-01,10840.0,9983.970915467891,842.6918233881653,8904.017889933155,11063.923941002628,0.8,616.8518518518518,
sarima_core,electricity,Netherlands,Europe,True,False,rolling,2024-12-01,10,2025-10-01,10960.0,9884.387698438306,842.9366690323039,8804.120890585007,10964.654506291605,0.8,616.8518518518518,
sarima_core,electricity,Netherlands,Europe,True,False,rolling,2024-12-01,11,2025-11-01,11860.0,11018.405167362582,843.0995835696234,9937.92957612893,12098.880758596233,0.8,616.8518518518518,
sarima_core,electricity,Netherlands,Europe,True,False,rolling,2024-12-01,12,2025-12-01,11890.0,11438.398259510845,843.2173959933781,10357.77168558109,12519.024833440599,0.8,616.8518518518518,
sarima_core,electricity,Poland,Europe,True,False,holdout,last12,1,2025-05-01,12260.0,12417.915239487516,470.4783087493345,11814.97302635503,13020.857452620003,0.8,701.6071428571429,
sarima_core,electricity,Poland,Europe,True,False,holdout,last12,2,2025-06-01,11980.0,12241.877085243135,603.0997922223816,11468.973602340919,13014.780568145352,0.8,701.6071428571429,
sarima_core,electricity,Poland,Europe,True,False,holdout,last12,3,2025-07-01,12420.0,12593.822791599363,698.9933901413691,11698.026718158364,13489.618865040362,0.8,701.6071428571429,
sarima_core,electricity,Poland,Europe,True,False,holdout,last12,4,2025-08-01,11690.0,12824.287549347988,780.4689006083255,11824.076407914516,13824.49869078146,0.8,701.6071428571429,
sarima_core,electricity,Poland,Europe,True,False,holdout,last12,5,2025-09-01,12320.0,12757.79158575088,853.5639898564069,11663.905318257906,13851.677853243853,0.8,701.6071428571429,
sarima_core,electricity,Poland,Europe,True,False,holdout,last12,6,2025-10-01,14120.0,13766.614734456762,920.7219598631725,12586.66206536282,14946.567403550704,0.8,701.6071428571429,
sarima_core,electricity,Poland,Europe,True,False,holdout,last12,7,2025-11-01,13640.0,14314.370610732112,983.2668802819157,13054.263400958667,15574.477820505557,0.8,701.6071428571429,
sarima_core,electricity,Poland,Europe,True,False,holdout,last12,8,2025-12-01,14280.0,15052.21420078645,1042.0556143936733,13716.766196775698,16387.6622047972,0.8,701.6071428571429,
sarima_core,electricity,Poland,Europe,True,False,holdout,last12,9,2026-01-01,16079.999999999998,15670.181335224543,1097.6981554003296,14263.42454567583,17076.938124773256,0.8,701.6071428571429,
sarima_core,electricity,Poland,Europe,True,False,holdout,last12,10,2026-02-01,13900.0,13822.910064006846,1150.6525712046398,12348.28945998162,15297.530668032072,0.8,701.6071428571429,
sarima_core,electricity,Poland,Europe,True,False,holdout,last12,11,2026-03-01,14560.0,13987.222078000912,1201.274789687356,12447.726490627821,15526.717665374003,0.8,701.6071428571429,
sarima_core,electricity,Poland,Europe,True,False,holdout,last12,12,2026-04-01,13750.0,12917.441479129355,1249.8483184272045,11315.696409955684,14519.186548303025,0.8,701.6071428571429,
sarima_core,electricity,Poland,Europe,True,False,rolling,2022-12-01,1,2023-01-01,14000.0,14711.008328042288,456.3002012417656,14126.236090782586,15295.78056530199,0.8,693.3333333333334,
sarima_core,electricity,Poland,Europe,True,False,rolling,2022-12-01,2,2023-02-01,12840.0,13201.267027144055,597.7211972873005,12435.256491001323,13967.277563286787,0.8,693.3333333333334,
sarima_core,electricity,Poland,Europe,True,False,rolling,2022-12-01,3,2023-03-01,13560.0,14038.87255761383,699.9862792666186,13141.804045559955,14935.941069667704,0.8,693.3333333333334,
sarima_core,electricity,Poland,Europe,True,False,rolling,2022-12-01,4,2023-04-01,11870.0,13179.058758277311,786.0089277608812,12171.747786373322,14186.3697301813,0.8,693.3333333333334,
sarima_core,electricity,Poland,Europe,True,False,rolling,2022-12-01,5,2023-05-01,11800.0,12802.842875916218,862.6373537337142,11697.328624741525,13908.35712709091,0.8,693.3333333333334,
sarima_core,electricity,Poland,Europe,True,False,rolling,2022-12-01,6,2023-06-01,10980.0,12682.286153814577,932.7453545436618,11486.924884444694,13877.64742318446,0.8,693.3333333333334,
sarima_core,electricity,Poland,Europe,True,False,rolling,2022-12-01,7,2023-07-01,11530.0,13273.090704569611,997.868349754882,11994.270958733836,14551.910450405387,0.8,693.3333333333334,
sarima_core,electricity,Poland,Europe,True,False,rolling,2022-12-01,8,2023-08-01,11850.0,13197.006211269372,1058.9731458184037,11839.877518376106,14554.134904162638,0.8,693.3333333333334,
sarima_core,electricity,Poland,Europe,True,False,rolling,2022-12-01,9,2023-09-01,11890.0,13357.027367000568,1116.7332743944162,11925.876090904656,14788.17864309648,0.8,693.3333333333334,
sarima_core,electricity,Poland,Europe,True,False,rolling,2022-12-01,10,2023-10-01,13310.0,13853.687307546921,1171.6475609835888,12352.16054150189,15355.214073591953,0.8,693.3333333333334,
sarima_core,electricity,Poland,Europe,True,False,rolling,2022-12-01,11,2023-11-01,13580.0,14268.195540637036,1224.1002734756328,12699.447918780766,15836.943162493306,0.8,693.3333333333334,
sarima_core,electricity,Poland,Europe,True,False,rolling,2022-12-01,12,2023-12-01,14430.0,15226.433279242823,1274.3957546913732,13593.2294046947,16859.637153790944,0.8,693.3333333333334,
sarima_core,electricity,Poland,Europe,True,False,rolling,2023-12-01,1,2024-01-01,14610.0,13939.841014559894,458.39112581405305,13352.389149641142,14527.292879478646,0.8,712.2916666666666,
sarima_core,electricity,Poland,Europe,True,False,rolling,2023-12-01,2,2024-02-01,12720.0,12600.259913243513,596.2006316750037,11836.198060341732,13364.321766145295,0.8,712.2916666666666,
sarima_core,electricity,Poland,Europe,True,False,rolling,2023-12-01,3,2024-03-01,13130.0,13641.535022564987,697.5174488140967,12747.630444042607,14535.439601087368,0.8,712.2916666666666,
sarima_core,electricity,Poland,Europe,True,False,rolling,2023-12-01,4,2024-04-01,12370.0,12206.67061586791,783.6938638304658,11202.326517768279,13211.014713967541,0.8,712.2916666666666,
sarima_core,electricity,Poland,Europe,True,False,rolling,2023-12-01,5,2024-05-01,12120.0,11938.229314601584,860.7996257621743,10835.070206585862,13041.388422617305,0.8,712.2916666666666,
sarima_core,electricity,Poland,Europe,True,False,rolling,2023-12-01,6,2024-06-01,12470.0,11255.247738267091,931.4323192512729,10061.569191331784,12448.926285202399,0.8,712.2916666666666,
sarima_core,electricity,Poland,Europe,True,False,rolling,2023-12-01,7,2024-07-01,12640.0,11625.706120284225,997.0477526096537,10347.938012004597,12903.474228563853,0.8,712.2916666666666,
sarima_core,electricity,Poland,Europe,True,False,rolling,2023-12-01,8,2024-08-01,12790.0,11860.660099157452,1058.5978101762407,10504.012418244005,13217.3077800709,0.8,712.2916666666666,
sarima_core,electricity,Poland,Europe,True,False,rolling,2023-12-01,9,2024-09-01,12630.0,11683.320288901103,1116.7592429364227,10252.135732779527,13114.504845022679,0.8,712.2916666666666,
sarima_core,electricity,Poland,Europe,True,False,rolling,2023-12-01,10,2024-10-01,13280.0,12758.41146268356,1172.0376654755535,11256.384757616126,14260.438167750994,0.8,712.2916666666666,
sarima_core,electricity,Poland,Europe,True,False,rolling,2023-12-01,11,2024-11-01,14070.0,13118.182252775743,1224.8237313782665,11548.507482311747,14687.85702323974,0.8,712.2916666666666,
sarima_core,electricity,Poland,Europe,True,False,rolling,2023-12-01,12,2024-12-01,14710.0,13987.081366473909,1275.426990127128,12352.555910538651,15621.606822409167,0.8,712.2916666666666,
sarima_core,electricity,Poland,Europe,True,False,rolling,2024-12-01,1,2025-01-01,15710.0,14575.850549687955,461.8522753923036,13983.963043108613,15167.738056267297,0.8,698.5185185185185,
sarima_core,electricity,Poland,Europe,True,False,rolling,2024-12-01,2,2025-02-01,13900.0,13058.404427745449,593.8602399586553,12297.341907511742,13819.466947979156,0.8,698.5185185185185,
sarima_core,electricity,Poland,Europe,True,False,rolling,2024-12-01,3,2025-03-01,13850.0,13625.572753692146,691.2299974575501,12739.725868299032,14511.41963908526,0.8,698.5185185185185,
sarima_core,electricity,Poland,Europe,True,False,rolling,2024-12-01,4,2025-04-01,12510.0,12397.705044976405,774.5218585528896,11405.115344599435,13390.294745353374,0.8,698.5185185185185,
sarima_core,electricity,Poland,Europe,True,False,rolling,2024-12-01,5,2025-05-01,12260.0,12238.363617427594,849.2946274577275,11149.948758000526,13326.778476854663,0.8,698.5185185185185,
sarima_core,electricity,Poland,Europe,True,False,rolling,2024-12-01,6,2025-06-01,11980.0,11999.453949413784,917.9167585705208,10823.096290428108,13175.811608399461,0.8,698.5185185185185,
sarima_core,electricity,Poland,Europe,True,False,rolling,2024-12-01,7,2025-07-01,12420.0,12360.730419875827,981.7374382525809,11102.583268929486,13618.877570822167,0.8,698.5185185185185,
sarima_core,electricity,Poland,Europe,True,False,rolling,2024-12-01,8,2025-08-01,11690.0,12596.300861761381,1041.6517721105806,11261.37040246076,13931.231321062003,0.8,698.5185185185185,
sarima_core,electricity,Poland,Europe,True,False,rolling,2024-12-01,9,2025-09-01,12320.0,12536.971399699409,1098.3017972575014,11129.44101198361,13944.501787415207,0.8,698.5185185185185,
sarima_core,electricity,Poland,Europe,True,False,rolling,2024-12-01,10,2025-10-01,14120.0,13574.55249188986,1152.1696529210496,12097.98766941591,15051.117314363812,0.8,698.5185185185185,
sarima_core,electricity,Poland,Europe,True,False,rolling,2024-12-01,11,2025-11-01,13640.0,14102.809442800713,1203.6290551807972,12560.296742798795,15645.322142802632,0.8,698.5185185185185,
sarima_core,electricity,Poland,Europe,True,False,rolling,2024-12-01,12,2025-12-01,14280.0,14848.513370503337,1252.9768068947712,13242.758982036268,16454.267758970404,0.8,698.5185185185185,
sarima_core,electricity,Portugal,Europe,True,False,holdout,last12,1,2025-05-01,4010.0,3430.556351024714,440.3237008753401,2866.2588228215295,3994.8538792278982,0.8,454.73214285714283,
sarima_core,electricity,Portugal,Europe,True,False,holdout,last12,2,2025-06-01,3230.0,3002.4097079708754,519.1719915158128,2337.0640294568775,3667.7553864848733,0.8,454.73214285714283,
sarima_core,electricity,Portugal,Europe,True,False,holdout,last12,3,2025-07-01,3510.0,3189.34394234977,547.3272230109607,2487.9158828348945,3890.772001864645,0.8,454.73214285714283,
sarima_core,electricity,Portugal,Europe,True,False,holdout,last12,4,2025-08-01,3330.0,3032.4755202428323,558.3795143306538,2316.8833794843495,3748.067661001315,0.8,454.73214285714283,
sarima_core,electricity,Portugal,Europe,True,False,holdout,last12,5,2025-09-01,3400.0,2846.7951625656724,562.9731773539609,2125.316005768086,3568.2743193632587,0.8,454.73214285714283,
sarima_core,electricity,Portugal,Europe,True,False,holdout,last12,6,2025-10-01,3190.0,3419.3161024662895,564.9882268170599,2695.2545558746187,4143.37764905796,0.8,454.73214285714283,
sarima_core,electricity,Portugal,Europe,True,False,holdout,last12,7,2025-11-01,3730.0,3735.469825754243,565.9247051387129,3010.2081339033593,4460.731517605127,0.8,454.73214285714283,
sarima_core,electricity,Portugal,Europe,True,False,holdout,last12,8,2025-12-01,4140.0,3488.6378726504363,566.386716187838,2762.784089816247,4214.491655484626,0.8,454.73214285714283,
sarima_core,electricity,Portugal,Europe,True,False,holdout,last12,9,2026-01-01,4720.0,4324.27735447933,566.627874396709,3598.1145149650183,5050.4401939936415,0.8,454.73214285714283,
sarima_core,electricity,Portugal,Europe,True,False,holdout,last12,10,2026-02-01,4410.0,3952.9919069558755,566.7599583784095,3226.6597950080322,4679.324018903719,0.8,454.73214285714283,
sarima_core,electricity,Portugal,Europe,True,False,holdout,last12,11,2026-03-01,4230.0,4644.037963864887,566.8350630297371,3917.609601433556,5370.466326296219,0.8,454.73214285714283,
sarima_core,electricity,Portugal,Europe,True,False,holdout,last12,12,2026-04-01,3060.0,3863.4650630367855,566.8789412459518,3136.9804684087703,4589.949657664801,0.8,454.73214285714283,
sarima_core,electricity,Portugal,Europe,True,False,rolling,2022-12-01,1,2023-01-01,4710.0,4397.228070298801,431.8855308572043,3843.74449209269,4950.711648504912,0.8,459.64285714285717,
sarima_core,electricity,Portugal,Europe,True,False,rolling,2022-12-01,2,2023-02-01,4110.0,3629.9467692761737,516.8377359504924,2967.592559636293,4292.300978916054,0.8,459.64285714285717,
sarima_core,electricity,Portugal,Europe,True,False,rolling,2022-12-01,3,2023-03-01,3250.0,3911.869601087542,551.8024044678178,3204.7063657705353,4619.032836404549,0.8,459.64285714285717,
sarima_core,electricity,Portugal,Europe,True,False,rolling,2022-12-01,4,2023-04-01,2530.0,3340.338353669661,568.7574468179824,2611.446357284926,4069.2303500543962,0.8,459.64285714285717,
sarima_core,electricity,Portugal,Europe,True,False,rolling,2022-12-01,5,2023-05-01,2850.0,3058.617939017611,578.16641623829,2317.6678631421196,3799.568014893103,0.8,459.64285714285717,
sarima_core,electricity,Portugal,Europe,True,False,rolling,2022-12-01,6,2023-06-01,3030.0,3171.8731980316456,584.1066130417123,2423.310453643085,3920.435942420206,0.8,459.64285714285717,
sarima_core,electricity,Portugal,Europe,True,False,rolling,2022-12-01,7,2023-07-01,3270.0,3233.0007332114933,588.329161784199,2479.0265748714105,3986.974891551576,0.8,459.64285714285717,
sarima_core,electricity,Portugal,Europe,True,False,rolling,2022-12-01,8,2023-08-01,3110.0,2843.364623859277,591.6466281082093,2085.1389613580172,3601.5902863605365,0.8,459.64285714285717,
sarima_core,electricity,Portugal,Europe,True,False,rolling,2022-12-01,9,2023-09-01,2850.0,3133.5339634573384,594.4626374651314,2371.699439756127,3895.3684871585497,0.8,459.64285714285717,
sarima_core,electricity,Portugal,Europe,True,False,rolling,2022-12-01,10,2023-10-01,3450.0,3034.602239369014,596.9897030355287,2269.529150829826,3799.6753279082022,0.8,459.64285714285717,
sarima_core,electricity,Portugal,Europe,True,False,rolling,2022-12-01,11,2023-11-01,4140.0,3587.103388623282,599.34502403105,2819.011834774924,4355.19494247164,0.8,459.64285714285717,
sarima_core,electricity,Portugal,Europe,True,False,rolling,2022-12-01,12,2023-12-01,3790.0,4216.736815684959,601.595493816575,3445.76116875975,4987.712462610168,0.8,459.64285714285717,
sarima_core,electricity,Portugal,Europe,True,False,rolling,2023-12-01,1,2024-01-01,4340.0,3869.2923303511975,436.211719275704,3310.2645186045174,4428.320142097878,0.8,463.5416666666667,
sarima_core,electricity,Portugal,Europe,True,False,rolling,2023-12-01,2,2024-02-01,4070.0000000000005,3143.0778951328075,513.964721414613,2484.405601769216,3801.750188496399,0.8,463.5416666666667,
sarima_core,electricity,Portugal,Europe,True,False,rolling,2023-12-01,3,2024-03-01,4850.0,3289.616709366764,543.4055379666952,2593.2144914599403,3986.018927273588,0.8,463.5416666666667,
sarima_core,electricity,Portugal,Europe,True,False,rolling,2023-12-01,4,2024-04-01,3860.0,2688.494109718107,556.7382028661896,1975.0053942364548,3401.9828251997596,0.8,463.5416666666667,
sarima_core,electricity,Portugal,Europe,True,False,rolling,2023-12-01,5,2024-05-01,3130.0,2801.193452798405,563.8093706941479,2078.6426711166037,3523.744234480206,0.8,463.5416666666667,
sarima_core,electricity,Portugal,Europe,True,False,rolling,2023-12-01,6,2024-06-01,2540.0,2863.5990746090956,568.186799443877,2135.438392260019,3591.759756958172,0.8,463.5416666666667,
sarima_core,electricity,Portugal,Europe,True,False,rolling,2023-12-01,7,2024-07-01,2900.0,3022.709023046051,571.3030701010887,2290.554679157564,3754.8633669345377,0.8,463.5416666666667,
sarima_core,electricity,Portugal,Europe,True,False,rolling,2023-12-01,8,2024-08-01,2880.0,2886.1247855197535,573.7860554754444,2150.7883678375365,3621.4612032019704,0.8,463.5416666666667,
sarima_core,electricity,Portugal,Europe,True,False,rolling,2023-12-01,9,2024-09-01,2840.0,2841.059434763456,575.9332466859863,2102.9712808238455,3579.1475887030665,0.8,463.5416666666667,
sarima_core,electricity,Portugal,Europe,True,False,rolling,2023-12-01,10,2024-10-01,3440.0,3137.6430387673886,577.8949649426054,2397.040841724851,3878.2452358099263,0.8,463.5416666666667,
sarima_core,electricity,Portugal,Europe,True,False,rolling,2023-12-01,11,2024-11-01,3470.0,3757.209690746113,579.7509176179052,3014.228994646968,4500.190386845258,0.8,463.5416666666667,
sarima_core,electricity,Portugal,Europe,True,False,rolling,2023-12-01,12,2024-12-01,3330.0,4011.4195257573124,581.5447982301388,3266.139879151159,4756.699172363466,0.8,463.5416666666667,
sarima_core,electricity,Portugal,Europe,True,False,rolling,2024-12-01,1,2025-01-01,4420.0,3915.237042974007,440.03446741641335,3351.310182362918,4479.163903585096,0.8,466.2962962962963,
sarima_core,electricity,Portugal,Europe,True,False,rolling,2024-12-01,2,2025-02-01,3970.0,3653.7552659669122,522.3755469650222,2984.304065951671,4323.2064659821535,0.8,466.2962962962963,
sarima_core,electricity,Portugal,Europe,True,False,rolling,2024-12-01,3,2025-03-01,4590.0,3696.0942703474493,553.5230979265746,2986.7258776345507,4405.462663060348,0.8,466.2962962962963,
sarima_core,electricity,Portugal,Europe,True,False,rolling,2024-12-01,4,2025-04-01,3990.0,2914.994569646874,566.7883066680754,2188.626127904029,3641.363011389719,0.8,466.2962962962963,
sarima_core,electricity,Portugal,Europe,True,False,rolling,2024-12-01,5,2025-05-01,4010.0,2771.4794786202183,572.9627828138146,2037.1981273063834,3505.760829934053,0.8,466.2962962962963,
sarima_core,electricity,Portugal,Europe,True,False,rolling,2024-12-01,6,2025-06-01,3230.0,2606.7397351959776,576.119491209522,1868.412899295656,3345.0665710962994,0.8,466.2962962962963,
sarima_core,electricity,Portugal,Europe,True,False,rolling,2024-12-01,7,2025-07-01,3510.0,2921.1564977602266,577.9114941322999,2180.5331177087583,3661.779877811695,0.8,466.2962962962963,
sarima_core,electricity,Portugal,Europe,True,False,rolling,2024-12-01,8,2025-08-01,3330.0,2838.9480546475324,579.0480468378075,2096.868123696997,3581.027985598068,0.8,466.2962962962963,
sarima_core,electricity,Portugal,Europe,True,False,rolling,2024-12-01,9,2025-09-01,3400.0,2691.431246492852,579.8507614270343,1948.3225954038078,3434.539897581896,0.8,466.2962962962963,
sarima_core,electricity,Portugal,Europe,True,False,rolling,2024-12-01,10,2025-10-01,3190.0,3295.3885146012667,580.4741888763828,2551.4809090885065,4039.296120114027,0.8,466.2962962962963,
sarima_core,electricity,Portugal,Europe,True,False,rolling,2024-12-01,11,2025-11-01,3730.0,3669.5186788741526,580.9970136755181,2924.941046421555,4414.096311326751,0.8,466.2962962962963,
sarima_core,electricity,Portugal,Europe,True,False,rolling,2024-12-01,12,2025-12-01,4140.0,3422.329563394572,581.4614535100252,2677.15672734496,4167.5023994441835,0.8,466.2962962962963,
sarima_core,electricity,Romania,Europe,False,False,holdout,last12,1,2025-05-01,3920.0,3520.698120238943,274.3185894017114,3169.144702533193,3872.2515379446927,0.8,357.4107142857143,
sarima_core,electricity,Romania,Europe,False,False,holdout,last12,2,2025-06-01,3940.0,3782.2189587130733,345.35425488636275,3339.6296726959663,4224.80824473018,0.8,357.4107142857143,
sarima_core,electricity,Romania,Europe,False,False,holdout,last12,3,2025-07-01,4230.0,4140.160652738985,381.04847420473186,3651.8273840735296,4628.493921404441,0.8,357.4107142857143,
sarima_core,electricity,Romania,Europe,False,False,holdout,last12,4,2025-08-01,4110.0,3874.974488732891,400.7524347950287,3361.3895785255118,4388.5593989402705,0.8,357.4107142857143,
sarima_core,electricity,Romania,Europe,False,False,holdout,last12,5,2025-09-01,3850.0,3833.9704566520804,412.1303134188907,3305.804208281714,4362.136705022446,0.8,357.4107142857143,
sarima_core,electricity,Romania,Europe,False,False,holdout,last12,6,2025-10-01,4430.0,4017.4740654064676,418.8969445958493,3480.6360302578073,4554.3121005551275,0.8,357.4107142857143,
sarima_core,electricity,Romania,Europe,False,False,holdout,last12,7,2025-11-01,4480.0,4193.615087347714,423.0177689640664,3651.4960032786303,4735.734171416797,0.8,357.4107142857143,
sarima_core,electricity,Romania,Europe,False,False,holdout,last12,8,2025-12-01,4720.0,4557.793562623744,425.5823880189625,4012.3877869898333,5103.199338257655,0.8,357.4107142857143,
sarima_core,electricity,Romania,Europe,False,False,holdout,last12,9,2026-01-01,4680.0,4629.862647306711,427.21263890562346,4082.3676210967687,5177.3576735166525,0.8,357.4107142857143,
sarima_core,electricity,Romania,Europe,False,False,holdout,last12,10,2026-02-01,4420.0,4364.242037445586,428.27093966935524,3815.3907442350664,4913.0933306561055,0.8,357.4107142857143,
sarima_core,electricity,Romania,Europe,False,False,holdout,last12,11,2026-03-01,4540.0,4464.681597970114,428.97228497640435,3914.9314945833585,5014.43170135687,0.8,357.4107142857143,
sarima_core,electricity,Romania,Europe,False,False,holdout,last12,12,2026-04-01,3750.0,3788.483872835892,429.4463791258113,3238.1261933497485,4338.841552322036,0.8,357.4107142857143,
sarima_core,electricity,Romania,Europe,False,False,rolling,2022-12-01,1,2023-01-01,5520.0,5149.746160960408,261.86690524364406,4814.150218581096,5485.34210333972,0.8,363.8095238095238,
sarima_core,electricity,Romania,Europe,False,False,rolling,2022-12-01,2,2023-02-01,5020.0,4560.888201493418,333.3975792882651,4133.622011807762,4988.154391179074,0.8,363.8095238095238,
sarima_core,electricity,Romania,Europe,False,False,rolling,2022-12-01,3,2023-03-01,4940.0,4859.932395715367,371.20943581380055,4384.208362103263,5335.656429327471,0.8,363.8095238095238,
sarima_core,electricity,Romania,Europe,False,False,rolling,2022-12-01,4,2023-04-01,5140.0,4491.205086364305,393.2174552560226,3987.276640981486,4995.133531747125,0.8,363.8095238095238,
sarima_core,electricity,Romania,Europe,False,False,rolling,2022-12-01,5,2023-05-01,4560.0,4535.324398788027,406.64165818933765,4014.192145119829,5056.456652456225,0.8,363.8095238095238,
sarima_core,electricity,Romania,Europe,False,False,rolling,2022-12-01,6,2023-06-01,4490.0,4490.0868433938795,415.0842656511327,3958.1349529157396,5022.038733872019,0.8,363.8095238095238,
sarima_core,electricity,Romania,Europe,False,False,rolling,2022-12-01,7,2023-07-01,4660.0,4563.163423150147,420.52232457503777,4024.2423797445526,5102.084466555741,0.8,363.8095238095238,
sarima_core,electricity,Romania,Europe,False,False,rolling,2022-12-01,8,2023-08-01,4380.0,4148.704861592338,424.0990491587373,3605.2000611969816,4692.209661987694,0.8,363.8095238095238,
sarima_core,electricity,Romania,Europe,False,False,rolling,2022-12-01,9,2023-09-01,4210.0,4103.567224695554,426.4975787663444,3556.9885849265634,4650.145864464544,0.8,363.8095238095238,
sarima_core,electricity,Romania,Europe,False,False,rolling,2022-12-01,10,2023-10-01,4350.0,4276.519664361449,428.1358591728181,3727.8414837727414,4825.197844950157,0.8,363.8095238095238,
sarima_core,electricity,Romania,Europe,False,False,rolling,2022-12-01,11,2023-11-01,4680.0,4464.6874380352565,429.27452274774873,3914.550001359468,5014.824874711045,0.8,363.8095238095238,
sarima_core,electricity,Romania,Europe,False,False,rolling,2022-12-01,12,2023-12-01,5320.0,4971.227771656932,430.0789203640152,4420.059457956697,5522.396085357168,0.8,363.8095238095238,
sarima_core,electricity,Romania,Europe,False,False,rolling,2023-12-01,1,2024-01-01,5480.0,5635.392833091628,262.4497299366787,5299.04997081452,5971.735695368736,0.8,340.9375,
sarima_core,electricity,Romania,Europe,False,False,rolling,2023-12-01,2,2024-02-01,5040.0,4888.419411370814,326.20529721468125,4470.370502036397,5306.46832070523,0.8,340.9375,
sarima_core,electricity,Romania,Europe,False,False,rolling,2023-12-01,3,2024-03-01,4990.0,4876.066018063325,356.45276254150696,4419.2534221855585,5332.878613941091,0.8,340.9375,
sarima_core,electricity,Romania,Europe,False,False,rolling,2023-12-01,4,2024-04-01,4150.0,4852.260787086857,372.2371204782164,4375.219722584185,5329.301851589529,0.8,340.9375,
sarima_core,electricity,Romania,Europe,False,False,rolling,2023-12-01,5,2024-05-01,3810.0,4537.380018200614,380.8754184439361,4049.2685294163334,5025.491506984896,0.8,340.9375,
sarima_core,electricity,Romania,Europe,False,False,rolling,2023-12-01,6,2024-06-01,4150.0,4344.448794034023,385.76406546124895,3850.07225201131,4838.825336056737,0.8,340.9375,
sarima_core,electricity,Romania,Europe,False,False,rolling,2023-12-01,7,2024-07-01,4510.0,4537.645896973823,388.6121217152943,4039.619423999979,5035.672369947668,0.8,340.9375,
sarima_core,electricity,Romania,Europe,False,False,rolling,2023-12-01,8,2024-08-01,4130.0,4218.445194167512,390.3180593845627,3718.232474102896,4718.657914232129,0.8,340.9375,
sarima_core,electricity,Romania,Europe,False,False,rolling,2023-12-01,9,2024-09-01,4110.0,4173.441696616112,391.3681697263656,3671.8832059989627,4675.0001872332605,0.8,340.9375,
sarima_core,electricity,Romania,Europe,False,False,rolling,2023-12-01,10,2024-10-01,4260.0,4263.251096859785,392.0319447085235,3760.8419443750827,4765.660249344488,0.8,340.9375,
sarima_core,electricity,Romania,Europe,False,False,rolling,2023-12-01,11,2024-11-01,4240.0,4574.673153256953,392.4621110305071,4071.712720448868,5077.633586065038,0.8,340.9375,
sarima_core,electricity,Romania,Europe,False,False,rolling,2023-12-01,12,2024-12-01,4310.0,5030.190851712253,392.74724496570354,4526.865005063127,5533.516698361379,0.8,340.9375,
sarima_core,electricity,Romania,Europe,False,False,rolling,2024-12-01,1,2025-01-01,4270.0,4907.855346138122,268.9423746874867,4563.191824816091,5252.518867460152,0.8,342.22222222222223,
sarima_core,electricity,Romania,Europe,False,False,rolling,2024-12-01,2,2025-02-01,4140.0,4570.735697399763,329.6464929431064,4148.276718292238,4993.194676507288,0.8,342.22222222222223,
sarima_core,electricity,Romania,Europe,False,False,rolling,2024-12-01,3,2025-03-01,4360.0,4599.2628874250995,356.53277312473404,4142.347753859139,5056.17802099106,0.8,342.22222222222223,
sarima_core,electricity,Romania,Europe,False,False,rolling,2024-12-01,4,2025-04-01,3820.0,4400.701247257175,369.6138410285019,3927.0220506401456,4874.3804438742045,0.8,342.22222222222223,
sarima_core,electricity,Romania,Europe,False,False,rolling,2024-12-01,5,2025-05-01,3920.0,3974.5060421104954,376.28961723100554,3492.271494049922,4456.740590171069,0.8,342.22222222222223,
sarima_core,electricity,Romania,Europe,False,False,rolling,2024-12-01,6,2025-06-01,3940.0,4120.341876929147,379.81994592031754,3633.5830306098983,4607.100723248395,0.8,342.22222222222223,
sarima_core,electricity,Romania,Europe,False,False,rolling,2024-12-01,7,2025-07-01,4230.0,4398.022328703739,381.74930664059707,3908.790907132916,4887.253750274562,0.8,342.22222222222223,
sarima_core,electricity,Romania,Europe,False,False,rolling,2024-12-01,8,2025-08-01,4110.0,4089.188084674394,382.8391709753564,3598.559945759129,4579.816223589659,0.8,342.22222222222223,
sarima_core,electricity,Romania,Europe,False,False,rolling,2024-12-01,9,2025-09-01,3850.0,3997.3665857929536,383.47570166119766,3505.9226999807315,4488.810471605176,0.8,342.22222222222223,
sarima_core,electricity,Romania,Europe,False,False,rolling,2024-12-01,10,2025-10-01,4430.0,4149.60058783154,383.85974313122,3657.6645330721767,4641.536642590903,0.8,342.22222222222223,
sarima_core,electricity,Romania,Europe,False,False,rolling,2024-12-01,11,2025-11-01,4480.0,4328.5185934442825,384.0985297930014,3836.2765212646823,4820.760665623883,0.8,342.22222222222223,
sarima_core,electricity,Romania,Europe,False,False,rolling,2024-12-01,12,2025-12-01,4720.0,4717.426872049376,384.2509802670795,4224.989426726052,5209.864317372699,0.8,342.22222222222223,
sarima_core,electricity,Slovakia,Europe,False,False,holdout,last12,1,2025-05-01,2150.0,2017.3001866786767,142.4308319953811,1834.7677309531762,2199.8326424041775,0.8,182.76785714285714,
sarima_core,electricity,Slovakia,Europe,False,False,holdout,last12,2,2025-06-01,2230.0,1879.3889725401332,165.91426647633295,1666.7612845912047,2092.016660489062,0.8,182.76785714285714,
sarima_core,electricity,Slovakia,Europe,False,False,holdout,last12,3,2025-07-01,2100.0,2003.3232194969298,184.48383288751427,1766.8976746422675,2239.7487643515924,0.8,182.76785714285714,
sarima_core,electricity,Slovakia,Europe,False,False,holdout,last12,4,2025-08-01,2090.0,2198.0042899097425,201.21116057975556,1940.1418120637109,2455.866767755774,0.8,182.76785714285714,
sarima_core,electricity,Slovakia,Europe,False,False,holdout,last12,5,2025-09-01,2220.0,2048.237187773356,216.6410186942589,1770.6005511045514,2325.87382444216,0.8,182.76785714285714,
sarima_core,electricity,Slovakia,Europe,False,False,holdout,last12,6,2025-10-01,2570.0,2310.5811235709934,231.04199355826316,2014.4888950198558,2606.6733521221313,0.8,182.76785714285714,
sarima_core,electricity,Slovakia,Europe,False,False,holdout,last12,7,2025-11-01,2680.0,2395.6597369759575,244.5965029414259,2082.1967057046386,2709.1227682472763,0.8,182.76785714285714,
sarima_core,electricity,Slovakia,Europe,False,False,holdout,last12,8,2025-12-01,2740.0,2597.613050799615,257.43833000751357,2267.6925559472984,2927.5335456519315,0.8,182.76785714285714,
sarima_core,electricity,Slovakia,Europe,False,False,holdout,last12,9,2026-01-01,2770.0,2686.8317251531157,269.66931251381925,2341.2365955216947,3032.4268547845368,0.8,182.76785714285714,
sarima_core,electricity,Slovakia,Europe,False,False,holdout,last12,10,2026-02-01,2600.0,2452.8083821860937,281.369121359484,2092.2193442119383,2813.397420160249,0.8,182.76785714285714,
sarima_core,electricity,Slovakia,Europe,False,False,holdout,last12,11,2026-03-01,2590.0,2432.8083821859805,292.60148119351226,2057.824495881766,2807.792268490195,0.8,182.76785714285714,
sarima_core,electricity,Slovakia,Europe,False,False,holdout,last12,12,2026-04-01,2190.0,2039.292416861981,303.418310486689,1650.4462060428673,2428.138627681095,0.8,182.76785714285714,
sarima_core,electricity,Slovakia,Europe,False,False,rolling,2022-12-01,1,2023-01-01,2380.0,2474.0882299432074,131.3329881474183,2305.778233375233,2642.3982265111817,0.8,149.88095238095238,
sarima_core,electricity,Slovakia,Europe,False,False,rolling,2022-12-01,2,2023-02-01,2420.0,2256.3947360642474,144.07037568376225,2071.761120558123,2441.028351570372,0.8,149.88095238095238,
sarima_core,electricity,Slovakia,Europe,False,False,rolling,2022-12-01,3,2023-03-01,2560.0,2261.7245996363195,154.80545698027433,2063.3334238884017,2460.115775384237,0.8,149.88095238095238,
sarima_core,electricity,Slovakia,Europe,False,False,rolling,2022-12-01,4,2023-04-01,2200.0,1957.8772998223774,164.8111048389837,1746.6633703968425,2169.0912292479125,0.8,149.88095238095238,
sarima_core,electricity,Slovakia,Europe,False,False,rolling,2022-12-01,5,2023-05-01,2310.0,1972.492338290111,174.24206016778967,1749.1921532983638,2195.7925232818584,0.8,149.88095238095238,
sarima_core,electricity,Slovakia,Europe,False,False,rolling,2022-12-01,6,2023-06-01,2130.0,1840.9491915014287,183.18809275094662,1606.1842044473235,2075.7141785555336,0.8,149.88095238095238,
sarima_core,electricity,Slovakia,Europe,False,False,rolling,2022-12-01,7,2023-07-01,2230.0,1960.9491914106081,191.71713183107542,1715.2538009707728,2206.6445818504435,0.8,149.88095238095238,
sarima_core,electricity,Slovakia,Europe,False,False,rolling,2022-12-01,8,2023-08-01,2540.0,1991.7189730843907,199.88256535287817,1735.5591585313387,2247.8787876374427,0.8,149.88095238095238,
sarima_core,electricity,Slovakia,Europe,False,False,rolling,2022-12-01,9,2023-09-01,2150.0,1796.330501345008,207.7272760759682,1530.1172854835356,2062.5437172064803,0.8,149.88095238095238,
sarima_core,electricity,Slovakia,Europe,False,False,rolling,2022-12-01,10,2023-10-01,2470.0,2009.4203707553972,215.28632682967395,1733.5198415664822,2285.3208999443123,0.8,149.88095238095238,
sarima_core,electricity,Slovakia,Europe,False,False,rolling,2022-12-01,11,2023-11-01,2680.0,2077.1074448235363,222.58882230175905,1791.8483911299882,2362.3664985170844,0.8,149.88095238095238,
sarima_core,electricity,Slovakia,Europe,False,False,rolling,2022-12-01,12,2023-12-01,2930.0,2239.4167898546502,229.6592369306206,1945.096635224435,2533.7369444848655,0.8,149.88095238095238,
sarima_core,electricity,Slovakia,Europe,False,False,rolling,2023-12-01,1,2024-01-01,3000.0,2905.431115394577,134.7293448173757,2732.768512619071,3078.093718170083,0.8,168.75,
sarima_core,electricity,Slovakia,Europe,False,False,rolling,2023-12-01,2,2024-02-01,2790.0,2795.6064573364843,151.1071656278836,2601.954832661063,2989.2580820119056,0.8,168.75,
sarima_core,electricity,Slovakia,Europe,False,False,rolling,2023-12-01,3,2024-03-01,2770.0,2874.7300864586855,167.30691107726574,2660.3176526411844,3089.1425202761866,0.8,168.75,
sarima_core,electricity,Slovakia,Europe,False,False,rolling,2023-12-01,4,2024-04-01,2290.0,2547.405609742155,182.0022393832052,2314.1603549279853,2780.6508645563244,0.8,168.75,
sarima_core,electricity,Slovakia,Europe,False,False,rolling,2023-12-01,5,2024-05-01,2029.9999999999998,2610.7413760996824,195.59986962795153,2360.0700569576616,2861.412695241703,0.8,168.75,
sarima_core,electricity,Slovakia,Europe,False,False,rolling,2023-12-01,6,2024-06-01,1940.0,2416.7423033003224,208.31163470704178,2149.780201720358,2683.704404880287,0.8,168.75,
sarima_core,electricity,Slovakia,Europe,False,False,rolling,2023-12-01,7,2024-07-01,2090.0,2526.0750362231497,220.29109986389577,2243.760632317032,2808.3894401292673,0.8,168.75,
sarima_core,electricity,Slovakia,Europe,False,False,rolling,2023-12-01,8,2024-08-01,2160.0,2710.0831219036677,231.65189408120446,2413.2092743825283,3006.956969424807,0.8,168.75,
sarima_core,electricity,Slovakia,Europe,False,False,rolling,2023-12-01,9,2024-09-01,2270.0,2380.745895497479,242.48099181674647,2069.99400081992,2691.497790175038,0.8,168.75,
sarima_core,electricity,Slovakia,Europe,False,False,rolling,2023-12-01,10,2024-10-01,2470.0,2752.0759346957266,252.84671790039573,2428.0398275276607,3076.1120418637925,0.8,168.75,
sarima_core,electricity,Slovakia,Europe,False,False,rolling,2023-12-01,11,2024-11-01,2420.0,2854.7494890997964,262.80390810182945,2517.9527292406574,3191.5462489589354,0.8,168.75,
sarima_core,electricity,Slovakia,Europe,False,False,rolling,2023-12-01,12,2024-12-01,2570.0,3076.7512859008607,272.39736686353297,2727.660013946673,3425.842557855048,0.8,168.75,
sarima_core,electricity,Slovakia,Europe,False,False,rolling,2024-12-01,1,2025-01-01,2680.0,2635.6118908722447,140.7602726107181,2455.220343141494,2816.003438602995,0.8,177.96296296296296,
sarima_core,electricity,Slovakia,Europe,False,False,rolling,2024-12-01,2,2025-02-01,2420.0,2582.8537386737084,167.96248228083206,2367.601156553951,2798.106320793466,0.8,177.96296296296296,
sarima_core,electricity,Slovakia,Europe,False,False,rolling,2024-12-01,3,2025-03-01,2400.0,2663.5107091845302,178.39738943129217,2434.885255469788,2892.1361628992727,0.8,177.96296296296296,
sarima_core,electricity,Slovakia,Europe,False,False,rolling,2024-12-01,4,2025-04-01,2100.0,2257.710567581188,182.79811471214293,2023.44535749324,2491.9757776691363,0.8,177.96296296296296,
sarima_core,electricity,Slovakia,Europe,False,False,rolling,2024-12-01,5,2025-05-01,2150.0,2207.886461218694,184.75680715455314,1971.1110857647545,2444.6618366726334,0.8,177.96296296296296,
sarima_core,electricity,Slovakia,Europe,False,False,rolling,2024-12-01,6,2025-06-01,2230.0,2071.0834221154123,185.67081864225293,1833.1366938084855,2309.030150422339,0.8,177.96296296296296,
sarima_core,electricity,Slovakia,Europe,False,False,rolling,2024-12-01,7,2025-07-01,2100.0,2195.3500056812804,186.11867275133235,1956.8293292397273,2433.8706821228334,0.8,177.96296296296296,
sarima_core,electricity,Slovakia,Europe,False,False,rolling,2024-12-01,8,2025-08-01,2090.0,2399.799294335229,186.34947506485506,2160.98283282745,2638.6157558430086,0.8,177.96296296296296,
sarima_core,electricity,Slovakia,Europe,False,False,rolling,2024-12-01,9,2025-09-01,2220.0,2233.205460680454,186.47438897882168,1994.2289155506724,2472.1820058102358,0.8,177.96296296296296,
sarima_core,electricity,Slovakia,Europe,False,False,rolling,2024-12-01,10,2025-10-01,2570.0,2500.315656759103,186.54501716477503,2261.2485979670414,2739.382715551165,0.8,177.96296296296296,
sarima_core,electricity,Slovakia,Europe,False,False,rolling,2024-12-01,11,2025-11-01,2680.0,2594.9133630164124,186.58641668951506,2355.793248598607,2834.0334774342177,0.8,177.96296296296296,
sarima_core,electricity,Slovakia,Europe,False,False,rolling,2024-12-01,12,2025-12-01,2740.0,2800.614976671739,186.61136499985918,2561.4628897077546,3039.7670636357234,0.8,177.96296296296296,
sarima_core,electricity,Slovenia,Europe,False,False,holdout,last12,1,2025-05-01,1240.0,1463.2090023907406,215.3145808910165,1187.272264165279,1739.1457406162021,0.8,180.6,
sarima_core,electricity,Slovenia,Europe,False,False,holdout,last12,2,2025-06-01,1140.0,1602.615770145916,239.72339908030193,1295.397872756882,1909.83366753495,0.8,180.6,
sarima_core,electricity,Slovenia,Europe,False,False,holdout,last12,3,2025-07-01,1090.0,1544.0091930824003,247.38489498880625,1226.972693617409,1861.0456925473916,0.8,180.6,
sarima_core,electricity,Slovenia,Europe,False,False,holdout,last12,4,2025-08-01,950.0,1440.5924164213627,251.13492683423405,1118.7500577740213,1762.434775068704,0.8,180.6,
sarima_core,electricity,Slovenia,Europe,False,False,holdout,last12,5,2025-09-01,980.0,1387.556704275942,253.70816265945797,1062.4166112282694,1712.6967973236144,0.8,180.6,
sarima_core,electricity,Slovenia,Europe,False,False,holdout,last12,6,2025-10-01,790.0,1376.5317123478767,255.86385970305258,1048.6289823791458,1704.4344423166076,0.8,180.6,
sarima_core,electricity,Slovenia,Europe,False,False,holdout,last12,7,2025-11-01,1310.0,1350.6282124158927,257.85404862309406,1020.174952720953,1681.0814721108322,0.8,180.6,
sarima_core,electricity,Slovenia,Europe,False,False,holdout,last12,8,2025-12-01,1250.0,1410.2587880333729,259.7714669716322,1077.3482578520602,1743.1693182146855,0.8,180.6,
sarima_core,electricity,Slovenia,Europe,False,False,holdout,last12,9,2026-01-01,1200.0,1426.6476985812117,261.65205726549476,1091.3270949646515,1761.968302197772,0.8,180.6,
sarima_core,electricity,Slovenia,Europe,False,False,holdout,last12,10,2026-02-01,1160.0,1334.8473892807765,263.51015058505874,997.145543261601,1672.549235299952,0.8,180.6,
sarima_core,electricity,Slovenia,Europe,False,False,holdout,last12,11,2026-03-01,1260.0,1534.9563727624668,265.3516070572223,1194.894605318508,1875.0181402064256,0.8,180.6,
sarima_core,electricity,Slovenia,Europe,False,False,holdout,last12,12,2026-04-01,1040.0,1235.1883381533846,267.17892179084765,892.7847726518055,1577.5919036549637,0.8,180.6,
sarima_core,electricity,Slovenia,Europe,False,False,rolling,2022-12-01,1,2023-01-01,1130.0,1029.1736357559992,217.0880739844039,750.9640746802243,1307.383196831774,0.8,174.30555555555554,
sarima_core,electricity,Slovenia,Europe,False,False,rolling,2022-12-01,2,2023-02-01,1020.0,856.5491337766891,232.60937205031564,558.4482288652607,1154.6500386881175,0.8,174.30555555555554,
sarima_core,electricity,Slovenia,Europe,False,False,rolling,2022-12-01,3,2023-03-01,1150.0,966.0740553547109,238.8359800555749,659.99343120611,1272.1546795033119,0.8,174.30555555555554,
sarima_core,electricity,Slovenia,Europe,False,False,rolling,2022-12-01,4,2023-04-01,1130.0,624.4176788208497,243.55719460922148,312.286574769751,936.5487828719483,0.8,174.30555555555554,
sarima_core,electricity,Slovenia,Europe,False,False,rolling,2022-12-01,5,2023-05-01,1250.0,943.5021736462828,247.9194975353703,625.7805534507984,1261.2237938417672,0.8,174.30555555555554,
sarima_core,electricity,Slovenia,Europe,False,False,rolling,2022-12-01,6,2023-06-01,1350.0,874.6564765735819,252.1492210921674,551.5142475320632,1197.7987056151005,0.8,174.30555555555554,
sarima_core,electricity,Slovenia,Europe,False,False,rolling,2022-12-01,7,2023-07-01,1410.0,774.6479262417189,256.29684230989136,446.1903067353401,1103.1055457480977,0.8,174.30555555555554,
sarima_core,electricity,Slovenia,Europe,False,False,rolling,2022-12-01,8,2023-08-01,1400.0,841.0664866646664,260.37574121465485,507.38154788118976,1174.751425448143,0.8,174.30555555555554,
sarima_core,electricity,Slovenia,Europe,False,False,rolling,2022-12-01,9,2023-09-01,1190.0,716.2365478999709,264.3911440187439,377.40566336662175,1055.06743243332,0.8,174.30555555555554,
sarima_core,electricity,Slovenia,Europe,False,False,rolling,2022-12-01,10,2023-10-01,850.0,494.3045923391136,268.34634417838436,150.40491484913497,838.2042698290923,0.8,174.30555555555554,
sarima_core,electricity,Slovenia,Europe,False,False,rolling,2022-12-01,11,2023-11-01,1060.0,651.8898096872977,272.2440616323603,302.99500629212565,1000.7846130824696,0.8,174.30555555555554,
sarima_core,electricity,Slovenia,Europe,False,False,rolling,2022-12-01,12,2023-12-01,1320.0,879.8443817218883,276.0867517890077,526.0249727405621,1233.6637907032145,0.8,174.30555555555554,
sarima_core,electricity,Slovenia,Europe,False,False,rolling,2023-12-01,1,2024-01-01,1360.0,1221.2353138281696,207.48496059992243,955.3326377443793,1487.13798991196,0.8,177.85714285714286,
sarima_core,electricity,Slovenia,Europe,False,False,rolling,2023-12-01,2,2024-02-01,1280.0,1039.702104772471,230.4942818327623,744.3117970406163,1335.092412504326,0.8,177.85714285714286,
sarima_core,electricity,Slovenia,Europe,False,False,rolling,2023-12-01,3,2024-03-01,1380.0,1177.685250251991,235.82635739311772,875.4616127381605,1479.9088877658214,0.8,177.85714285714286,
sarima_core,electricity,Slovenia,Europe,False,False,rolling,2023-12-01,4,2024-04-01,880.0,1103.9708002787966,237.24315996441706,799.9314572116498,1408.0101433459433,0.8,177.85714285714286,
sarima_core,electricity,Slovenia,Europe,False,False,rolling,2023-12-01,5,2024-05-01,1290.0,1192.892574140593,237.6741119057801,888.300943938318,1497.484204342868,0.8,177.85714285714286,
sarima_core,electricity,Slovenia,Europe,False,False,rolling,2023-12-01,6,2024-06-01,1510.0,1228.1796666503544,237.8250740136166,923.3945707224436,1532.9647625782652,0.8,177.85714285714286,
sarima_core,electricity,Slovenia,Europe,False,False,rolling,2023-12-01,7,2024-07-01,1390.0,1215.5475034818833,237.88466470697426,910.6860390076081,1520.4089679561584,0.8,177.85714285714286,
sarima_core,electricity,Slovenia,Europe,False,False,rolling,2023-12-01,8,2024-08-01,1230.0,1200.6290391861503,237.9101762663094,895.7348803330697,1505.523198039231,0.8,177.85714285714286,
sarima_core,electricity,Slovenia,Europe,False,False,rolling,2023-12-01,9,2024-09-01,1290.0,1084.5346818809282,237.9216228150683,779.6258536853655,1389.4435100764908,0.8,177.85714285714286,
sarima_core,electricity,Slovenia,Europe,False,False,rolling,2023-12-01,10,2024-10-01,1510.0,668.2524855795918,237.9268864319479,363.3369117875767,973.168059371607,0.8,177.85714285714286,
sarima_core,electricity,Slovenia,Europe,False,False,rolling,2023-12-01,11,2024-11-01,1320.0,882.6883984848989,237.92933656900848,577.7696847158979,1187.6071122539,0.8,177.85714285714286,
sarima_core,electricity,Slovenia,Europe,False,False,rolling,2023-12-01,12,2024-12-01,1240.0,1214.370819796416,237.9304838115418,909.4506357769505,1519.2910038158816,0.8,177.85714285714286,
sarima_core,electricity,Slovenia,Europe,False,False,rolling,2024-12-01,1,2025-01-01,1240.0,1369.2417873830273,219.30291254198252,1088.193796486359,1650.2897782796956,0.8,181.25,
sarima_core,electricity,Slovenia,Europe,False,False,rolling,2024-12-01,2,2025-02-01,1140.0,1315.4444040251678,242.78580095696805,1004.3018807167657,1626.58692733357,0.8,181.25,
sarima_core,electricity,Slovenia,Europe,False,False,rolling,2024-12-01,3,2025-03-01,1410.0,1440.9777433719853,250.70080495979164,1119.6917342924728,1762.2637524514978,0.8,181.25,
sarima_core,electricity,Slovenia,Europe,False,False,rolling,2024-12-01,4,2025-04-01,1250.0,1134.5041401232693,255.1452248719302,807.522377747418,1461.4859024991206,0.8,181.25,
sarima_core,electricity,Slovenia,Europe,False,False,rolling,2024-12-01,5,2025-05-01,1240.0,1432.3895485106902,258.57185907094714,1101.0163777125401,1763.7627193088404,0.8,181.25,
sarima_core,electricity,Slovenia,Europe,False,False,rolling,2024-12-01,6,2025-06-01,1140.0,1605.9039080372736,261.64448556372884,1270.5930079469654,1941.2148081275818,0.8,181.25,
sarima_core,electricity,Slovenia,Europe,False,False,rolling,2024-12-01,7,2025-07-01,1090.0,1556.8461470250531,264.5743703458007,1217.7804485054153,1895.911845544691,0.8,181.25,
sarima_core,electricity,Slovenia,Europe,False,False,rolling,2024-12-01,8,2025-08-01,950.0,1455.8534567649965,267.4342893633676,1113.1226245510652,1798.5842889789278,0.8,181.25,
sarima_core,electricity,Slovenia,Europe,False,False,rolling,2024-12-01,9,2025-09-01,980.0,1409.8249226939563,270.2504418971952,1063.4850457914858,1756.1647995964267,0.8,181.25,
sarima_core,electricity,Slovenia,Europe,False,False,rolling,2024-12-01,10,2025-10-01,790.0,1409.8609694749266,273.03271952761713,1059.9554603194092,1759.766478630444,0.8,181.25,
sarima_core,electricity,Slovenia,Europe,False,False,rolling,2024-12-01,11,2025-11-01,1310.0,1376.9901186216712,275.78519979521604,1023.5571640700816,1730.4230731732607,0.8,181.25,
sarima_core,electricity,Slovenia,Europe,False,False,rolling,2024-12-01,12,2025-12-01,1250.0,1430.5479192350329,278.5098591981697,1073.6231731600124,1787.4726653100533,0.8,181.25,
sarima_core,electricity,Spain,Europe,True,False,holdout,last12,1,2025-05-01,19940.0,19988.98883061997,1045.2380627812793,18649.462354895815,21328.51530634412,0.8,1191.875,
sarima_core,electricity,Spain,Europe,True,False,holdout,last12,2,2025-06-01,22450.0,19946.1129183337,1312.3099883598431,18264.319998271327,21627.905838396073,0.8,1191.875,
sarima_core,electricity,Spain,Europe,True,False,holdout,last12,3,2025-07-01,23990.0,22593.787413124985,1444.8546612711566,20742.13165998852,24445.443166261448,0.8,1191.875,
sarima_core,electricity,Spain,Europe,True,False,holdout,last12,4,2025-08-01,22240.0,22172.68007978819,1517.1044041409045,20228.432555566807,24116.927604009576,0.8,1191.875,
sarima_core,electricity,Spain,Europe,True,False,holdout,last12,5,2025-09-01,20300.0,19812.65561925278,1558.2994355503936,17815.614538035905,21809.696700469653,0.8,1191.875,
sarima_core,electricity,Spain,Europe,True,False,holdout,last12,6,2025-10-01,20240.0,19733.824736715687,1582.4955525746982,17705.775083846216,21761.87438958516,0.8,1191.875,
sarima_core,electricity,Spain,Europe,True,False,holdout,last12,7,2025-11-01,20870.0,19776.86804039466,1597.0551424275234,17730.159522355614,21823.576558433706,0.8,1191.875,
sarima_core,electricity,Spain,Europe,True,False,holdout,last12,8,2025-12-01,21080.0,21087.081286264536,1606.0147358325423,19028.890587270645,23145.271985258427,0.8,1191.875,
sarima_core,electricity,Spain,Europe,True,False,holdout,last12,9,2026-01-01,23290.0,22235.333684028563,1611.6513073406486,20169.91942799415,24300.747940062975,0.8,1191.875,
sarima_core,electricity,Spain,Europe,True,False,holdout,last12,10,2026-02-01,19890.0,20669.028104446625,1615.276364114125,18598.96815122898,22739.08805766427,0.8,1191.875,
sarima_core,electricity,Spain,Europe,True,False,holdout,last12,11,2026-03-01,21120.0,21724.524859313962,1617.6589664126234,19651.411478390604,23797.63824023732,0.8,1191.875,
sarima_core,electricity,Spain,Europe,True,False,holdout,last12,12,2026-04-01,18830.0,19961.30799317551,1619.2579796576827,17886.14539432462,22036.4705920264,0.8,1191.875,
sarima_core,electricity,Spain,Europe,True,False,rolling,2022-12-01,1,2023-01-01,22090.0,21963.80612488872,1137.023744025995,20506.651565670825,23420.960684106616,0.8,1270.357142857143,
sarima_core,electricity,Spain,Europe,True,False,rolling,2022-12-01,2,2023-02-01,20210.0,19367.6776772755,1447.1990198152675,17513.017507776633,21222.337846774368,0.8,1270.357142857143,
sarima_core,electricity,Spain,Europe,True,False,rolling,2022-12-01,3,2023-03-01,22430.0,20790.112217465856,1610.9278346009332,18725.625129053657,22854.599305878055,0.8,1270.357142857143,
sarima_core,electricity,Spain,Europe,True,False,rolling,2022-12-01,4,2023-04-01,19930.0,19277.595254998683,1706.0663560793416,17091.183245442233,21464.007264555134,0.8,1270.357142857143,
sarima_core,electricity,Spain,Europe,True,False,rolling,2022-12-01,5,2023-05-01,20150.0,19845.315800618362,1763.9871830409247,17584.675264591657,22105.956336645067,0.8,1270.357142857143,
sarima_core,electricity,Spain,Europe,True,False,rolling,2022-12-01,6,2023-06-01,19880.0,19980.812027249154,1800.336078295136,17673.588507603596,22288.035546894713,0.8,1270.357142857143,
sarima_core,electricity,Spain,Europe,True,False,rolling,2022-12-01,7,2023-07-01,22310.0,22615.94332592856,1823.694213965958,20278.78515094586,24953.101500911263,0.8,1270.357142857143,
sarima_core,electricity,Spain,Europe,True,False,rolling,2022-12-01,8,2023-08-01,22160.0,21777.052766651894,1839.0189474611984,19420.25515546681,24133.850377836978,0.8,1270.357142857143,
sarima_core,electricity,Spain,Europe,True,False,rolling,2022-12-01,9,2023-09-01,19390.0,20703.424481601807,1849.2690582012317,18333.49082495083,23073.358138252785,0.8,1270.357142857143,
sarima_core,electricity,Spain,Europe,True,False,rolling,2022-12-01,10,2023-10-01,19340.0,20250.614447118947,1856.2520937868392,17871.73167028098,22629.497223956914,0.8,1270.357142857143,
sarima_core,electricity,Spain,Europe,True,False,rolling,2022-12-01,11,2023-11-01,19950.0,21825.833816154136,1861.0933101537073,19440.74677090207,24210.9208614062,0.8,1270.357142857143,
sarima_core,electricity,Spain,Europe,True,False,rolling,2022-12-01,12,2023-12-01,20790.0,22432.244280479896,1864.505190418665,20042.78473473282,24821.70382622697,0.8,1270.357142857143,
sarima_core,electricity,Spain,Europe,True,False,rolling,2023-12-01,1,2024-01-01,21540.0,21937.08154339709,1083.9409853196175,20547.955276702778,23326.2078100914,0.8,1276.0416666666667,
sarima_core,electricity,Spain,Europe,True,False,rolling,2023-12-01,2,2024-02-01,20530.0,19581.801894214965,1371.6343546598048,17823.981739645933,21339.622048783996,0.8,1276.0416666666667,
sarima_core,electricity,Spain,Europe,True,False,rolling,2023-12-01,3,2024-03-01,20900.0,21596.838722211472,1519.618852986644,19649.36880213535,23544.308642287597,0.8,1276.0416666666667,
sarima_core,electricity,Spain,Europe,True,False,rolling,2023-12-01,4,2024-04-01,19820.0,20315.798605494867,1603.332208849357,18261.04570315589,22370.551507833843,0.8,1276.0416666666667,
sarima_core,electricity,Spain,Europe,True,False,rolling,2023-12-01,5,2024-05-01,20510.0,20668.297392681863,1652.9113770321694,18550.006229739804,22786.588555623923,0.8,1276.0416666666667,
sarima_core,electricity,Spain,Europe,True,False,rolling,2023-12-01,6,2024-06-01,20470.0,21427.76713508329,1683.168643671059,19270.699724711063,23584.834545455516,0.8,1276.0416666666667,
sarima_core,electricity,Spain,Europe,True,False,rolling,2023-12-01,7,2024-07-01,23210.0,24216.35420635356,1702.0788952144644,22035.05233351104,26397.65607919608,0.8,1276.0416666666667,
sarima_core,electricity,Spain,Europe,True,False,rolling,2023-12-01,8,2024-08-01,22030.0,23596.257116958586,1714.1522060666869,21399.482673692095,25793.031560225078,0.8,1276.0416666666667,
sarima_core,electricity,Spain,Europe,True,False,rolling,2023-12-01,9,2024-09-01,20270.0,21701.70397419003,1722.0187411627976,19494.848160555703,23908.559787824357,0.8,1276.0416666666667,
sarima_core,electricity,Spain,Europe,True,False,rolling,2023-12-01,10,2024-10-01,20000.0,20660.268211155068,1727.246626962079,18446.712592290183,22873.823830019952,0.8,1276.0416666666667,
sarima_core,electricity,Spain,Europe,True,False,rolling,2023-12-01,11,2024-11-01,18860.0,20734.72918822528,1730.788021123845,18516.635090128177,22952.823286322382,0.8,1276.0416666666667,
sarima_core,electricity,Spain,Europe,True,False,rolling,2023-12-01,12,2024-12-01,20990.0,21157.13307476469,1733.2309263015165,18935.908267712664,23378.357881816715,0.8,1276.0416666666667,
sarima_core,electricity,Spain,Europe,True,False,rolling,2024-12-01,1,2025-01-01,22840.0,22108.076022274017,1054.9016999820115,20756.16509716641,23459.986947381625,0.8,1202.037037037037,
sarima_core,electricity,Spain,Europe,True,False,rolling,2024-12-01,2,2025-02-01,20170.0,20567.83726314504,1326.8059656957728,18867.467000633707,22268.207525656373,0.8,1202.037037037037,
sarima_core,electricity,Spain,Europe,True,False,rolling,2024-12-01,3,2025-03-01,22500.0,22141.894388504443,1462.864221540813,20267.158455209632,24016.630321799254,0.8,1202.037037037037,
sarima_core,electricity,Spain,Europe,True,False,rolling,2024-12-01,4,2025-04-01,19410.0,20168.161473405446,1537.6643989123875,18197.565255697078,22138.757691113813,0.8,1202.037037037037,
sarima_core,electricity,Spain,Europe,True,False,rolling,2024-12-01,5,2025-05-01,19940.0,20568.72532740548,1580.687749698398,18542.992467142325,22594.45818766863,0.8,1202.037037037037,
sarima_core,electricity,Spain,Europe,True,False,rolling,2024-12-01,6,2025-06-01,22450.0,20390.090656132154,1606.1809683501156,18331.68692159512,22448.494390669188,0.8,1202.037037037037,
sarima_core,electricity,Spain,Europe,True,False,rolling,2024-12-01,7,2025-07-01,23990.0,22938.142793699913,1621.6548989995329,20859.908419113992,25016.377168285835,0.8,1202.037037037037,
sarima_core,electricity,Spain,Europe,True,False,rolling,2024-12-01,8,2025-08-01,22240.0,22422.225920012665,1631.25747930519,20331.68534360276,24512.76649642257,0.8,1202.037037037037,
sarima_core,electricity,Spain,Europe,True,False,rolling,2024-12-01,9,2025-09-01,20300.0,20019.47577637498,1637.3467484131356,17921.131487606766,22117.820065143194,0.8,1202.037037037037,
sarima_core,electricity,Spain,Europe,True,False,rolling,2024-12-01,10,2025-10-01,20240.0,19893.042519445215,1641.2918357044346,17789.642397882624,21996.442641007805,0.8,1202.037037037037,
sarima_core,electricity,Spain,Europe,True,False,rolling,2024-12-01,11,2025-11-01,20870.0,19875.15386449094,1643.9020941354618,17768.408562149594,21981.89916683229,0.8,1202.037037037037,
sarima_core,electricity,Spain,Europe,True,False,rolling,2024-12-01,12,2025-12-01,21080.0,21181.101300855906,1645.664276904537,19072.097670428073,23290.10493128374,0.8,1202.037037037037,
sarima_core,electricity,Sweden,Europe,True,False,holdout,last12,1,2025-05-01,11970.0,12704.271221737334,626.7652939116582,11901.039178095827,13507.50326537884,0.8,790.4464285714286,
sarima_core,electricity,Sweden,Europe,True,False,holdout,last12,2,2025-06-01,10940.0,11001.150931017475,738.6244321875804,10054.56563359799,11947.736228436961,0.8,790.4464285714286,
sarima_core,electricity,Sweden,Europe,True,False,holdout,last12,3,2025-07-01,11690.0,11098.783770237449,778.4661146287672,10101.13930231153,12096.428238163367,0.8,790.4464285714286,
sarima_core,electricity,Sweden,Europe,True,False,holdout,last12,4,2025-08-01,11440.0,12274.21286933939,794.0824492222471,11256.555263367129,13291.87047531165,0.8,790.4464285714286,
sarima_core,electricity,Sweden,Europe,True,False,holdout,last12,5,2025-09-01,11180.0,11752.20173090046,800.5755699111272,10726.222855944095,12778.180605856825,0.8,790.4464285714286,
sarima_core,electricity,Sweden,Europe,True,False,holdout,last12,6,2025-10-01,12640.0,14000.821730424725,803.4339169264174,12971.179736376043,15030.463724473406,0.8,790.4464285714286,
sarima_core,electricity,Sweden,Europe,True,False,holdout,last12,7,2025-11-01,14690.0,15349.891936470518,804.7736719736096,14318.532977243662,16381.250895697374,0.8,790.4464285714286,
sarima_core,electricity,Sweden,Europe,True,False,holdout,last12,8,2025-12-01,16820.0,16209.415187919663,805.445412953242,15177.19535798872,17241.635017850607,0.8,790.4464285714286,
sarima_core,electricity,Sweden,Europe,True,False,holdout,last12,9,2026-01-01,17680.0,16989.563450152502,805.8059108318909,15956.881623600799,18022.245276704205,0.8,790.4464285714286,
sarima_core,electricity,Sweden,Europe,True,False,holdout,last12,10,2026-02-01,15600.0,15613.554214421918,806.0124579602892,14580.607687074458,16646.500741769378,0.8,790.4464285714286,
sarima_core,electricity,Sweden,Europe,True,False,holdout,last12,11,2026-03-01,14780.0,15848.358952436001,806.1384595013719,14815.250947616305,16881.466957255696,0.8,790.4464285714286,
sarima_core,electricity,Sweden,Europe,True,False,holdout,last12,12,2026-04-01,12920.0,13608.198396911272,806.2202720862667,12574.985545045323,14641.41124877722,0.8,790.4464285714286,
sarima_core,electricity,Sweden,Europe,True,False,rolling,2022-12-01,1,2023-01-01,15390.0,15879.352620079186,658.5232843288352,15035.421074099995,16723.284166058376,0.8,781.9047619047619,
sarima_core,electricity,Sweden,Europe,True,False,rolling,2022-12-01,2,2023-02-01,14550.0,14813.688023880712,761.5548562041449,13837.716205664197,15789.659842097226,0.8,781.9047619047619,
sarima_core,electricity,Sweden,Europe,True,False,rolling,2022-12-01,3,2023-03-01,15090.0,15655.434500990816,794.2047215039302,14637.62019678454,16673.24880519709,0.8,781.9047619047619,
sarima_core,electricity,Sweden,Europe,True,False,rolling,2022-12-01,4,2023-04-01,12820.0,14073.605722322362,805.7134670905492,13041.0423671921,15106.169077452623,0.8,781.9047619047619,
sarima_core,electricity,Sweden,Europe,True,False,rolling,2022-12-01,5,2023-05-01,11840.0,12813.621121290953,810.0992034223764,11775.437218898573,13851.805023683333,0.8,781.9047619047619,
sarima_core,electricity,Sweden,Europe,True,False,rolling,2022-12-01,6,2023-06-01,10180.0,11597.247050597338,811.9093566179021,10556.743343543356,12637.75075765132,0.8,781.9047619047619,
sarima_core,electricity,Sweden,Europe,True,False,rolling,2022-12-01,7,2023-07-01,10290.0,12451.140434347579,812.7194595342219,11409.598538632936,13492.682330062222,0.8,781.9047619047619,
sarima_core,electricity,Sweden,Europe,True,False,rolling,2022-12-01,8,2023-08-01,11230.0,12449.696194614087,813.1095079239324,11407.654431774972,13491.737957453202,0.8,781.9047619047619,
sarima_core,electricity,Sweden,Europe,True,False,rolling,2022-12-01,9,2023-09-01,10810.0,12030.021498772594,813.3085263412736,10987.724683569162,13072.318313976026,0.8,781.9047619047619,
sarima_core,electricity,Sweden,Europe,True,False,rolling,2022-12-01,10,2023-10-01,13810.0,13449.145802360825,813.414351875878,12406.713366277847,14491.578238443803,0.8,781.9047619047619,
sarima_core,electricity,Sweden,Europe,True,False,rolling,2022-12-01,11,2023-11-01,15320.0,14299.794988192421,813.4721726320024,13257.288451828912,15342.30152455593,0.8,781.9047619047619,
sarima_core,electricity,Sweden,Europe,True,False,rolling,2022-12-01,12,2023-12-01,15700.0,15769.232989362998,813.5043105392083,14726.685266614195,16811.780712111802,0.8,781.9047619047619,
sarima_core,electricity,Sweden,Europe,True,False,rolling,2023-12-01,1,2024-01-01,16880.0,15996.91291337299,668.034465781408,15140.792297913074,16853.033528832904,0.8,825.2083333333334,
sarima_core,electricity,Sweden,Europe,True,False,rolling,2023-12-01,2,2024-02-01,15340.0,14868.712754585438,793.0323421912188,13852.40091492278,15885.024594248096,0.8,825.2083333333334,
sarima_core,electricity,Sweden,Europe,True,False,rolling,2023-12-01,3,2024-03-01,15170.0,15443.313824590323,841.0187665848043,14365.504907621178,16521.12274155947,0.8,825.2083333333334,
sarima_core,electricity,Sweden,Europe,True,False,rolling,2023-12-01,4,2024-04-01,13120.0,13245.862489937337,862.1738058159192,12140.9422993224,14350.782680552275,0.8,825.2083333333334,
sarima_core,electricity,Sweden,Europe,True,False,rolling,2023-12-01,5,2024-05-01,12620.0,12264.668273987192,872.613197053695,11146.36946518815,13382.967082786234,0.8,825.2083333333334,
sarima_core,electricity,Sweden,Europe,True,False,rolling,2023-12-01,6,2024-06-01,10940.0,10824.838236849504,878.4071072300758,9699.114233393297,11950.562240305711,0.8,825.2083333333334,
sarima_core,electricity,Sweden,Europe,True,False,rolling,2023-12-01,7,2024-07-01,11060.0,11276.87528982859,882.0400082078667,10146.495536436825,12407.255043220353,0.8,825.2083333333334,
sarima_core,electricity,Sweden,Europe,True,False,rolling,2023-12-01,8,2024-08-01,12390.0,11857.27603110542,884.5996708124761,10723.615938095454,12990.936124115387,0.8,825.2083333333334,
sarima_core,electricity,Sweden,Europe,True,False,rolling,2023-12-01,9,2024-09-01,11820.0,11279.299930314146,886.5944834271098,10143.083382074927,12415.516478553365,0.8,825.2083333333334,
sarima_core,electricity,Sweden,Europe,True,False,rolling,2023-12-01,10,2024-10-01,13640.0,13572.883702917788,888.2775077266998,12434.51027225258,14711.257133582996,0.8,825.2083333333334,
sarima_core,electricity,Sweden,Europe,True,False,rolling,2023-12-01,11,2024-11-01,14900.0,14764.380169630598,889.7820142417595,13624.078636285643,15904.681702975553,0.8,825.2083333333334,
sarima_core,electricity,Sweden,Europe,True,False,rolling,2023-12-01,12,2024-12-01,16040.0,15513.684947067039,891.1814885916137,14371.589915178089,16655.779978955987,0.8,825.2083333333334,
sarima_core,electricity,Sweden,Europe,True,False,rolling,2024-12-01,1,2025-01-01,16590.0,16856.76112901651,638.8961484780415,16037.982769714063,17675.539488318962,0.8,808.2407407407408,
sarima_core,electricity,Sweden,Europe,True,False,rolling,2024-12-01,2,2025-02-01,15310.0,15483.72667334148,754.7798966862376,14516.43731510164,16451.01603158132,0.8,808.2407407407408,
sarima_core,electricity,Sweden,Europe,True,False,rolling,2024-12-01,3,2025-03-01,15780.0,15515.965284298394,796.6807385075117,14494.977836624865,16536.952731971924,0.8,808.2407407407408,
sarima_core,electricity,Sweden,Europe,True,False,rolling,2024-12-01,4,2025-04-01,13430.0,13355.379323625546,813.3464946960044,12313.03385001767,14397.724797233423,0.8,808.2407407407408,
sarima_core,electricity,Sweden,Europe,True,False,rolling,2024-12-01,5,2025-05-01,11970.0,12664.007200767528,820.3672870980428,11612.664219665454,13715.350181869602,0.8,808.2407407407408,
sarima_core,electricity,Sweden,Europe,True,False,rolling,2024-12-01,6,2025-06-01,10940.0,10978.905307275938,823.4891221184754,9923.561533616057,12034.249080935819,0.8,808.2407407407408,
sarima_core,electricity,Sweden,Europe,True,False,rolling,2024-12-01,7,2025-07-01,11690.0,11087.74274809881,824.9600732802799,10030.51387467468,12144.97162152294,0.8,808.2407407407408,
sarima_core,electricity,Sweden,Europe,True,False,rolling,2024-12-01,8,2025-08-01,11440.0,12273.626207643758,825.6964721675421,11215.453601072792,13331.798814214724,0.8,808.2407407407408,
sarima_core,electricity,Sweden,Europe,True,False,rolling,2024-12-01,9,2025-09-01,11180.0,11754.337735848207,826.0874851496226,10695.664025977905,12813.011445718508,0.8,808.2407407407408,
sarima_core,electricity,Sweden,Europe,True,False,rolling,2024-12-01,10,2025-10-01,12640.0,13994.361547207987,826.3064455701902,12935.407228267915,15053.31586614806,0.8,808.2407407407408,
sarima_core,electricity,Sweden,Europe,True,False,rolling,2024-12-01,11,2025-11-01,14690.0,15342.615159686664,826.4348712532415,14283.496256611423,16401.734062761905,0.8,808.2407407407408,
sarima_core,electricity,Sweden,Europe,True,False,rolling,2024-12-01,12,2025-12-01,16820.0,16210.23897387795,826.5133652706608,15151.019476671798,17269.4584710841,0.8,808.2407407407408,
