model,region,resource,zone_id,n_points,MAE,RMSE,WMAPE_pct,Bias,Bias_pct,sMAPE_pct,MedAE,Pearson_r,MASE,PICP,CRPS
chronos-2,Europe,carbon,AUT,12,12.36589116414388,15.95575284264765,13.14110696590772,-4.541992899576823,-4.826729730955435,13.8985212274032,9.485787048339844,0.9867266975650432,0.38059088352081155,,
chronos-2,Europe,carbon,BEL,12,24.05911585489909,28.9382298013439,13.427157146986504,-18.66968388875325,-10.419367900745472,13.612275770784551,24.28394500732422,0.5360964832018823,0.5876012574183522,,
chronos-2,Europe,carbon,BGR,12,70.17503997802734,77.96791051973528,22.53702588869665,40.779529927571616,13.096527226693805,22.258980036831,66.15616455078124,0.7333936831593505,0.9697919019149062,,
chronos-2,Europe,carbon,BIH,12,49.9157802327474,60.50053472348068,7.671011039190326,-13.485836385091138,-2.072490889662183,7.823858149521266,46.45523315429688,0.7597348011361543,0.5049717099480086,,
chronos-2,Europe,carbon,CHE,12,6.993107897440591,7.71930121510512,12.00911513914066,-6.993107897440591,-12.00911513914066,12.744209641606927,7.26309776306152,0.47238431346569065,1.2845981966956999,,
chronos-2,Europe,carbon,CYP,12,23.723375549316415,30.732802605351612,4.556863961682537,22.28797475179037,4.281147457881487,4.562116310140938,20.08152709960939,0.740606712713445,1.2333136603637742,,
chronos-2,Europe,carbon,CZE,12,45.60835083007813,57.511908383758815,11.477143443496901,16.830356648763033,4.235286169033668,12.244290984946137,44.90088928222656,0.8692347266534892,1.19586638544102,,
chronos-2,Europe,carbon,DEU,12,41.97409912109376,49.59932915700036,12.371643335653427,14.581691080729165,4.297876191720375,12.580015907034323,54.644253540039045,0.5953004095601898,0.8647585546946539,,
chronos-2,Europe,carbon,DNK,12,21.42422917683919,27.654622699290496,13.649121090379984,-4.009964650472008,-2.554700691010374,13.912172687692712,15.648788757324219,0.8905609689805365,0.31329563979503267,,
chronos-2,Europe,carbon,ESP,12,15.900710881551108,17.769392990564484,11.48411258372635,8.647192001342775,6.245338791219579,11.281599343789948,17.42161437988281,0.5885441848723478,0.30126341392176126,,
chronos-2,Europe,carbon,EST,12,76.46747934977212,94.15689318217734,24.368221590112213,30.43774464925129,9.699727421686198,25.498750725381868,66.91138427734373,0.7206547621244456,1.3472401429992493,,
chronos-2,Europe,carbon,FIN,12,10.006545588175456,11.565710819327588,13.907154842674618,-8.97994229634603,-12.480375659422576,15.244442270658013,8.293414916992198,0.9294216578981587,0.3028986563724723,,
chronos-2,Europe,carbon,FRA,12,3.795190588633217,5.264071392679832,11.715660500501276,-2.468101380666096,-7.618968581790228,11.35141092855841,2.9172325897216798,0.8837286046386126,0.23284965094893287,,
chronos-2,Europe,carbon,GBR,12,19.367429250081376,25.07162558388709,9.547856582420005,1.793005116780596,0.8839250416517945,9.611525502102735,13.50727355957035,0.5999404218865132,0.47617236756636877,,
chronos-2,Europe,carbon,GRC,12,45.73053639729818,51.40696710139501,14.4441108423679,-1.8766258748372426,-0.5927372447659772,14.253860166390872,44.0621044921875,0.7516792196505998,0.7200630313702918,,
chronos-2,Europe,carbon,HRV,12,58.199095611572254,66.41850604484208,35.836329866579796,33.89892339070638,20.873399972726023,38.49272423182449,47.53395874023438,0.573387131248453,1.042382063628489,,
chronos-2,Europe,carbon,HUN,12,26.02361516316731,28.66221625502048,14.484051017277322,9.63727086385092,5.363848257981542,14.992231741287613,28.996783447265614,0.9439076620843196,0.977562359610606,,
chronos-2,Europe,carbon,IRL,12,31.630985310872372,37.07360581032123,11.274566886980661,17.87914489746093,6.372852854481084,10.994133844083494,28.774358520507803,0.5146867570662672,0.645549917359803,,
chronos-2,Europe,carbon,ITA,12,26.885511627197264,30.986705781359614,9.177273709393772,18.95299067179362,6.469535912817941,9.438612326395917,25.97850219726564,0.9043320014689605,0.7555536705291016,,
chronos-2,Europe,carbon,LTU,12,34.94090688069662,47.08108948703148,20.209906229797344,3.9312280273437588,2.2738319320630223,20.691762080000757,23.26168548583985,-0.3817698234359194,0.6174709180230479,,
chronos-2,Europe,carbon,LUX,12,52.57688751220703,64.4432306082981,55.18627872456698,21.65885498046875,22.733784070607303,54.74603431352438,45.19930358886719,-0.5739628223560227,0.8993673011346593,,
chronos-2,Europe,carbon,LVA,12,46.99943888346354,56.4219387204443,34.34438983793167,-6.588034464518234,-4.8141430895838315,38.38914769325896,43.852900390625,0.402712211749218,0.692732148479828,,
chronos-2,Europe,carbon,MDA,12,8.258017374674475,9.910407715305569,1.1636637493258912,3.5650181070963733,0.5023581507155629,1.1619010896939548,7.452987060546889,0.03816731850923568,0.5645904411699242,,
chronos-2,Europe,carbon,MKD,12,66.48440266927084,81.04048106806057,11.780582168626621,63.8252783203125,11.30940349164682,11.500756801126832,58.368145751953136,0.1017097881455382,0.5599476680096017,,
chronos-2,Europe,carbon,MLT,12,18.135673522949233,21.931227949562302,3.5900080381288633,11.613094584147134,2.298845027833251,3.6073989565073186,15.006561279296875,0.8985152129257935,0.5395675147776574,,
chronos-2,Europe,carbon,NLD,12,40.34262725830077,49.18404471551331,15.886103422916307,-8.481894226074212,-3.339996873156719,16.456885929305823,40.91017303466796,0.8716949574463914,0.8959847791496037,,
chronos-2,Europe,carbon,NOR,12,0.8830304336547868,1.2745200642951073,3.312502799042621,0.6004107284545906,2.2523144648019904,3.308975034978164,0.5126633071899391,-0.127446211307093,0.28067363245251925,,
chronos-2,Europe,carbon,POL,12,50.39013651529948,56.44569236283294,7.894222279740905,25.849781290690107,4.049679828302062,7.87841961399995,46.37067504882816,0.763648036783213,1.348742306300256,,
chronos-2,Europe,carbon,PRT,12,22.508584543863932,25.73762953186031,18.306855981779233,-6.020569000244141,-4.8966957207391575,19.2857773535885,17.791912536621084,0.35322847613699676,0.2757829169129204,,
chronos-2,Europe,carbon,ROU,12,19.4115678914388,27.0108374161284,7.461874053318864,-8.353869018554688,-3.2112562376720613,7.439669102479734,14.305822753906241,0.765038072933019,0.4820587342405387,,
chronos-2,Europe,carbon,SRB,12,62.88032165527343,77.0401583980059,8.510835422192859,-59.708650105794256,-8.081550490750324,8.889584078913835,58.51362548828121,0.7056361896753072,0.9061124638963173,,
chronos-2,Europe,carbon,SVK,12,5.815446370442707,7.531913242953861,6.211203557088531,0.0344932047526072,0.03684056259957691,6.394799885094991,4.164803009033193,0.8189392111164386,0.23240008732847084,,
chronos-2,Europe,carbon,SVN,12,95.84489130655925,118.69703211678556,53.6971238469915,65.67112045288086,36.79226133034083,64.49117339132998,77.00812347412108,0.8248487743349148,1.2785054358315866,,
chronos-2,Europe,carbon,SWE,12,1.1712112553914398,1.4474917666002622,4.9409509807337955,-0.2985575358072919,-1.2595150042845857,4.964813185992427,0.7154879379272465,0.5609133642643065,0.5651957800816599,,
chronos-2,Europe,carbon,TUR,12,7.106675313313796,8.527681630186542,1.4987215498914015,0.4167762247721498,0.08789363267774533,1.4767638006348214,8.29700988769531,0.9878877095806956,0.18699043362030154,,
chronos-2,India,carbon,IND|delhi,12,51.37894785563151,70.97205969890355,14.15125123409577,22.853245747884117,6.294446180594409,15.411497652567608,35.98934692382812,0.700752293941514,2.3968988087943845,,
chronos-2,India,carbon,IND|gujarat,12,89.3416994222005,105.95549331251883,22.069941846751906,89.3416994222005,22.069941846751906,20.838834002395203,69.4824572753906,0.396516082346295,1.597941100156979,,
chronos-2,India,carbon,IND|karnataka,12,52.13490509033203,64.59808896505942,14.689612885050302,49.33230194091797,13.899947012177163,15.245940297134075,31.434052734375,0.8605776143624179,0.7747696315336382,,
chronos-2,India,carbon,IND|kerala,12,1.2137335077921556,1.401416549389389,4.2396233607457265,0.4504566955566413,1.5734646174185525,4.27524412813776,0.9300201797485368,0.928045354457695,0.3165654788017205,,
chronos-2,India,carbon,IND|maharashtra,12,11.78279744466144,13.64380017231259,1.8103312562136913,10.545216471354147,1.620186977777618,1.800428640963811,11.835458984374952,0.8762688965380346,0.5043310499880481,,
chronos-2,India,carbon,IND|odisha,12,12.175066324869798,17.01979555207078,1.6571931078659823,7.62631510416666,1.0380458300439184,1.7037294374775054,6.983671875000027,0.9569449738090733,0.619521438880299,,
chronos-2,India,carbon,IND|rajasthan,12,51.385246785481776,58.59676320620797,13.364347204900398,46.82993082682293,12.179594227967316,13.069858565215084,54.98938232421875,0.8362036650979544,1.354272933720216,,
chronos-2,India,carbon,IND|tamil nadu,12,76.30611887613934,84.88227447368664,17.75551909813369,76.30611887613934,17.75551909813369,16.7878097790709,74.39416748046875,0.8217681881056144,1.9339913112009401,,
chronos-2,India,carbon,IND|telangana,12,30.309715576171886,42.252920225167486,4.590601710120732,28.208349202473965,4.272336233678202,4.795636670093898,15.96822631835937,0.9311918300851372,0.8850384145950342,,
chronos-2,India,carbon,IND|uttar pradesh,12,4.047690633138028,4.90030373841956,0.5289986701886894,3.29814595540365,0.4310395686401856,0.5285724612735448,3.055595703124993,0.9456862643181224,0.4164072943020065,,
chronos-2,India,carbon,IND|west bengal,12,5.2804864501953075,6.112617464548488,0.6771894673645659,5.2804864501953075,0.6771894673645659,0.67566039902322,5.2033740234375045,0.9070137564765934,0.9589654658997869,,
chronos-2,US,carbon,USA|alabama,12,28.18745279947917,29.77173068941546,7.860635488853332,-28.18745279947917,-7.860635488853332,8.21499833304263,24.566809082031256,0.6383716545446453,0.9335979384136041,,
chronos-2,US,carbon,USA|arizona,12,12.923378499348958,15.665040436702897,4.612129310240673,7.3345194498697905,2.6175625927058395,4.627334128902191,14.21881774902343,0.8974400661515395,0.6209279777000363,,
chronos-2,US,carbon,USA|arkansas,12,28.040534667968753,36.94094595056347,6.768212375881764,10.197952880859376,2.4615048077430774,7.163479702675844,18.35814208984374,0.7756630508791633,0.5883282553673009,,
chronos-2,US,carbon,USA|california,12,13.657592315673824,17.659377809339784,7.6651610420360745,8.163652191162095,4.581752573227313,7.733186474660338,10.715611267089841,0.9254647223672563,0.5283853045947605,,
chronos-2,US,carbon,USA|colorado,12,28.910713806152348,33.57342561203831,8.17466194639023,4.276884460449224,1.209312398246697,8.332709771847115,26.071635742187482,0.3853150493387227,1.1783266428862833,,
chronos-2,US,carbon,USA|connecticut,12,10.702709350585934,17.265664203460044,3.7533721299972003,7.189924316406244,2.521460749983924,3.6949795320283405,6.0216131591796795,0.3802778229083238,0.32178395874923804,,
chronos-2,US,carbon,USA|delaware,12,29.03513326009116,39.75147017284469,6.140961926653082,5.127841593424492,1.0845440146269543,5.994548673982514,18.793040771484385,0.8064396867073931,0.9353654564409668,,
chronos-2,US,carbon,USA|florida,12,8.53784586588541,9.977709105060354,2.156738780794644,1.3391963704427212,0.33829338132865416,2.17394488980857,8.60915405273434,0.8382520043888718,0.5878621576610636,,
chronos-2,US,carbon,USA|georgia,12,22.130454508463533,23.99174779890746,6.998491389143085,15.90934122721354,5.031138765948609,6.886148246314794,25.149931640625,0.5991219756634422,0.788492950215252,,
chronos-2,US,carbon,USA|idaho,12,24.160658543904617,28.451019366966623,15.390751708100488,10.896908340454097,6.941516529820317,15.94311322092597,21.50506408691406,0.686521343256607,0.7127159797223749,,
chronos-2,US,carbon,USA|illinois,12,21.418439992268887,24.013969762734988,9.615173504243295,-18.222493336995445,-8.180448024149872,9.980602664801037,23.24669311523438,0.878548488719161,0.882347413681777,,
chronos-2,US,carbon,USA|indiana,12,22.152016601562508,26.881115266577222,3.9177754605509456,8.943864339192706,1.5817996555724096,3.826112729065007,22.052871093750014,0.5999045431002017,1.3159387229731847,,
chronos-2,US,carbon,USA|iowa,12,39.46399210611978,48.194148485984066,14.181567063756617,-26.342823689778644,-9.466414847254644,17.55982346114802,33.035982666015656,0.9106581842737229,0.852291347186176,,
chronos-2,US,carbon,USA|kansas,12,43.570904541015636,51.743460656548855,15.256542181700572,-42.034790242513026,-14.718665063061525,16.573517916238686,38.66503967285158,0.8971102695729597,0.8508184204832218,,
chronos-2,US,carbon,USA|kentucky,12,15.38084554036459,18.41310316624968,2.291931326360915,12.253187255859396,1.8258725533501976,2.284766684065984,19.071719970703157,-0.10171518254299515,1.120197954180147,,
chronos-2,US,carbon,USA|louisiana,12,17.08320393880207,19.14680316680758,4.071185662677368,6.963580322265618,1.6595264255153546,4.029911292182206,18.275825805664056,-0.10834662879906504,0.742545633768581,,
chronos-2,US,carbon,USA|maine,12,35.13635813395183,42.261072212965765,16.259618518304837,-35.13635813395183,-16.259618518304837,17.311401885392105,31.259620361328118,0.662929333529812,1.1589242613606106,,
chronos-2,US,carbon,USA|maryland,12,22.222130279541016,26.636429452800257,8.295115401744228,-7.093986867268882,-2.64805574363093,8.078357983050816,18.70198120117189,0.6744230122295313,0.5080315950424736,,
chronos-2,US,carbon,USA|massachusetts,12,22.384659423828126,27.432927731197772,6.083407799389374,9.991148885091144,2.715262801261309,6.1471485814802405,18.933414916992206,0.6538237944334341,0.735783258340943,,
chronos-2,US,carbon,USA|michigan,12,17.201260986328126,21.762596639632932,4.232923575818686,10.8802323404948,2.6774311500227133,4.2736515991437285,17.251150512695318,0.5404846508487212,0.4984108787613042,,
chronos-2,US,carbon,USA|minnesota,12,15.813128712971997,19.108814802937296,5.234199952436571,-5.856012013753253,-1.9383601031913982,5.076999308009384,11.870534057617192,0.9282229145260958,0.4641122613898272,,
chronos-2,US,carbon,USA|mississippi,12,7.001255391438794,9.801733926898322,1.7028055723900168,-3.6814513142903516,-0.8953816797087147,1.7119812270552124,4.041727294921884,0.6634354063677179,0.1848431399368573,,
chronos-2,US,carbon,USA|missouri,12,31.279322713216164,40.570824209989176,5.317163615944951,-23.667404174804698,-4.023215640438522,5.407141489178321,22.912498779296925,0.5548579068778408,0.8448890361192932,,
chronos-2,US,carbon,USA|montana,12,39.51457880655925,56.579811478908034,11.814058168467879,27.543020375569668,8.234804841150474,11.989987208956842,20.133755493164074,0.7029310152981528,0.7159152450760654,,
chronos-2,US,carbon,USA|nebraska,12,26.15611602783203,30.39639728483543,6.685596788212934,5.20236114501954,1.3297421117591377,7.395500238567548,22.77318481445309,0.932348376470904,0.4711094478305437,,
chronos-2,US,carbon,USA|nevada,12,11.660734456380197,13.887054401336801,3.8865768080127086,5.001200154622391,1.6669231776005033,3.9226687781871155,11.121740722656256,0.894435918040035,0.5237930697130911,,
chronos-2,US,carbon,USA|new hampshire,12,16.585363413492843,22.513127498817312,10.029043425074281,-9.247238515218102,-5.591734972517597,10.661905369522902,11.177754821777341,0.8612747424081022,0.2922532863855512,,
chronos-2,US,carbon,USA|new jersey,12,17.918383738199864,19.809821016898496,7.324413331825388,8.828679250081384,3.6088576373017616,7.381806500911993,17.768131713867177,0.8499876996264227,0.6631081589675493,,
chronos-2,US,carbon,USA|new mexico,12,60.070105082194026,67.11385044401285,19.320116133472926,-51.12142873128257,-16.441987884755747,21.006228731244093,64.80669067382814,0.46376689456301673,2.0010607973038392,,
chronos-2,US,carbon,USA|new york,12,13.405333811442055,16.07926725566513,5.43173211879228,5.321597849527987,2.156268122014609,5.548962623753009,11.964697265625006,0.8172114704315102,0.5260334614280464,,
chronos-2,US,carbon,USA|north carolina,12,29.068116861979163,35.463074693483804,9.351046239360631,9.539581298828104,3.068828512457268,9.340264566380077,25.614050292968727,0.6051450906774504,0.8889332373693936,,
chronos-2,US,carbon,USA|north dakota,12,20.788898518880217,27.536049434261024,4.441945781932185,7.746518758138033,1.6551918944199668,4.517053817813349,11.653743286132794,0.8889880639078617,0.8265153946959618,,
chronos-2,US,carbon,USA|ohio,12,13.03913767496745,16.21304911446911,2.7272730015514375,-0.4977212524414038,-0.10410364304134835,2.754872308276997,10.327924804687484,0.6992744202442794,0.48621880892008856,,
chronos-2,US,carbon,USA|oklahoma,12,24.078147583007805,28.11885884040595,7.912656431748736,-21.329643554687493,-7.009432128367367,8.02104198922533,21.986350097656242,0.9346183769632906,0.7980632839337197,,
chronos-2,US,carbon,USA|oregon,12,22.407489903767893,29.983732757614884,12.113411697843231,14.099621810913073,7.622206883188658,13.034842249149857,12.40979187011716,0.7115285773670935,0.5412925107405657,,
chronos-2,US,carbon,USA|pennsylvania,12,11.48624176025391,12.78682419673502,3.28705046713059,-2.7045653279622335,-0.7739731506806573,3.28440793213034,10.061759033203145,0.8916533046622579,0.6070185092100224,,
chronos-2,US,carbon,USA|rhode island,12,7.298552856445312,9.456691789118018,1.697133954395862,-7.07533304850261,-1.6452286078423,1.7014286011083484,6.850292358398434,0.8603655161908013,0.942978727924177,,
chronos-2,US,carbon,USA|south carolina,12,16.750301513671882,22.63839130115668,6.502235893121424,6.271483357747385,2.4345032928854726,6.446464885857309,11.317202148437516,0.5494029684033129,0.5190014445755545,,
chronos-2,US,carbon,USA|south dakota,12,28.001834055582677,32.09699133140497,20.2758792377126,-3.5167833964029924,-2.5464716100066918,20.217239155031077,31.07482879638671,0.7282843902402384,0.40880557560640113,,
chronos-2,US,carbon,USA|tennessee,12,38.039008687337244,43.54910944271035,11.704520446470758,2.075482076009102,0.6386213319754259,11.903567309383996,38.101441650390655,0.2255614499027397,0.7780368045538345,,
chronos-2,US,carbon,USA|texas,12,11.820397542317707,16.657049689768343,3.4721877059660304,-1.849310709635418,-0.5432265613334333,3.4419997966684037,7.924642333984366,0.852214093559398,0.702287995229653,,
chronos-2,US,carbon,USA|utah,12,35.224338989257824,37.152987013145975,6.4909017850098945,19.351023966471388,3.565875176367218,6.384362180891566,35.59598510742188,0.6741058975113804,1.9677366102980491,,
chronos-2,US,carbon,USA|vermont,12,6.805402386983235,8.247540389285339,11.333207783146745,-1.8204391860961904,-3.031623169273958,12.847955415956012,6.160655288696287,0.851613529012151,0.6608116587416876,,
chronos-2,US,carbon,USA|virginia,12,28.987476501464844,32.34868309767683,8.9707478341649,-20.72944081624349,-6.415135387737825,9.252906037892316,27.366561889648438,0.7441812889847418,0.9646124046038178,,
chronos-2,US,carbon,USA|washington,12,21.98282290140787,27.066495333673274,17.38368049772613,4.115574162801106,3.2545331703622637,18.67460473354645,18.520658264160147,0.6561076631637887,0.6996257122845627,,
chronos-2,US,carbon,USA|washington dc,12,55.52343938191732,64.45692914125738,46.803548303420826,55.52343938191732,46.803548303420826,42.91395777162558,47.12876068115235,0.7628711957797608,1.2209165964856368,,
chronos-2,US,carbon,USA|west virginia,12,14.19613464355468,17.380936616332463,1.918228080446269,-11.681704305013028,-1.5784700404711784,1.9390542545707008,12.568402099609386,0.8101584042792347,1.586410760998252,,
chronos-2,US,carbon,USA|wisconsin,12,23.382095336914073,27.73776795469446,4.999245334882875,20.05707702636721,4.28833461290156,4.955531935665089,25.764177856445315,0.666611673354003,0.7619501034266173,,
chronos-2,US,carbon,USA|wyoming,12,16.474342753092444,22.888838347679616,3.0495006461298075,6.2851044718424545,1.163410913268702,3.0974388728847533,12.601364746093736,0.9010196606143648,0.8519088382868428,,
sarima_core,Europe,carbon,AUT,12,20.405779161486574,25.40480481306591,21.68501429652933,-18.762809515506078,-19.939047137917033,22.47199207110122,12.105811600153366,0.9473966151533336,0.6280383206444318,,
sarima_core,Europe,carbon,BEL,12,32.619829385963264,38.9976157960936,18.204807604516773,-29.011279880966086,-16.190911434412453,19.164742021206337,32.66214258769125,-0.057471627701093646,0.7966815106408457,,
sarima_core,Europe,carbon,BGR,12,44.727248946985526,59.43397080718233,14.364354730172094,-41.53797321724189,-13.340104659065192,15.218152672266871,31.85068584196503,0.9062970417362322,0.6181132755649325,,
sarima_core,Europe,carbon,BIH,12,45.803785057287115,55.698842038733616,7.0390834155616115,-3.02019593060416,-0.46414092329428924,7.051164609578289,50.18680559092229,0.7712458567310588,0.46337281626412524,,
sarima_core,Europe,carbon,CHE,12,9.001603981160631,10.144905263790594,15.458262654043844,-9.001603981160631,-15.458262654043844,16.88047404841528,8.679329168246294,0.2180339551898541,1.6535486669381847,,
sarima_core,Europe,carbon,CYP,12,16.749274342552976,22.338230656905402,3.217255675831211,9.264943283771643,1.77964076271887,3.272310109696243,10.297775348693733,0.763918247831566,0.8707491395947776,,
sarima_core,Europe,carbon,CZE,12,48.65621960712229,56.125597857200304,12.244126386629803,3.767659410387187,0.9481151305023108,12.751980307139792,48.54172434984437,0.7975535460961344,1.2757825356934565,,
sarima_core,Europe,carbon,DEU,12,40.74244823401383,45.52476936735581,12.00862076201738,-9.114351981515078,-2.6864069583864927,12.27099001097607,38.74278798429131,0.6388654950313924,0.8393838435441676,,
sarima_core,Europe,carbon,DNK,12,25.632996627956175,33.6715241966405,16.330476676495913,-14.313432477494453,-9.118917254465373,17.156427090039912,24.96101422585017,0.7144251197195823,0.3748422410968742,,
sarima_core,Europe,carbon,ESP,12,11.958518797332479,15.841364996745094,8.636907948720419,-6.511485142983677,-4.702848132157937,8.57138123642324,8.747473969813342,0.6608015087161461,0.22657252403173675,,
sarima_core,Europe,carbon,EST,12,123.53549183389295,144.38299205232343,39.367588219851164,-123.53549183389295,-39.367588219851164,48.571926169279145,96.86478055241079,0.6441774518126573,2.1765066025322373,,
sarima_core,Europe,carbon,FIN,12,20.755095504371315,22.19870432781928,28.845551585242085,-19.8121133237662,-27.534989505251655,41.74502828334013,21.652602519997778,0.928893360037168,0.6282578224182853,,
sarima_core,Europe,carbon,FRA,12,18.953763557225567,19.32126984700766,58.50980441095538,-18.953763557225567,-58.50980441095538,99.74092323149718,19.046794040168578,0.9387477371691081,1.1628868499218088,,
sarima_core,Europe,carbon,GBR,12,32.296762965957356,35.01846315361183,15.921827150811918,-20.8246371091813,-10.266238535430258,16.61809631511372,34.13770250629631,0.2453012550733763,0.7940561386671963,,
sarima_core,Europe,carbon,GRC,12,43.056424725667306,54.08366976578893,13.5994855999623,-21.557308062507875,-6.808932753658483,13.187376909818177,27.070256664300217,0.6187000256665665,0.6779570534353606,,
sarima_core,Europe,carbon,HRV,12,46.237295653363304,52.397379936622535,28.470802883800005,25.32420149687273,15.593480086127201,32.003581956265144,38.5074562176782,0.7786152680527095,0.828138773520219,,
sarima_core,Europe,carbon,HUN,12,22.781358029302382,24.66842025556,12.679497059512931,7.220354582060089,4.018657034146752,13.176285785522571,22.429508301427987,0.943894501088778,0.8557688073169452,,
sarima_core,Europe,carbon,IRL,12,33.28233707241398,38.54611680194857,11.863175673790558,-3.0915039308963492,-1.1019374675715163,12.23197985951239,33.839880978545125,0.3725968544851743,0.6792519972260513,,
sarima_core,Europe,carbon,ITA,12,19.736634410360463,29.594618192714286,6.737029914018401,-15.841938881015531,-5.407589456155083,6.546692769444973,9.46419515741323,0.8810328102593241,0.5546513966114678,,
sarima_core,Europe,carbon,LTU,12,50.76273984356374,65.0401419237622,29.361293217400515,-31.428942013398256,-18.178577137716616,32.10306718263291,38.33260498429563,-0.4657900395967607,0.8970721818868124,,
sarima_core,Europe,carbon,LUX,12,35.65045030378113,49.42495561529063,37.419782345693335,2.8703037338206396,3.0127569236960694,40.428439892239346,33.95225453078095,-0.032200610697847805,0.6098278310313204,,
sarima_core,Europe,carbon,LVA,12,46.59183009073319,52.96309096244856,34.04653361642207,-24.19800351808537,-17.68245932010842,46.52019322879602,41.93662905640441,0.6233281000725874,0.6867243381434647,,
sarima_core,Europe,carbon,MDA,12,11.419564071575024,12.339853370793426,1.6091674478609406,-1.0120449201702684,-0.14261049993709657,1.609215081667939,10.684972432344694,0.2024933193053341,0.7807414812314932,,
sarima_core,Europe,carbon,MKD,12,62.43350051468252,72.39568676600982,11.062789968152337,50.41856900293243,8.933826147439325,10.79046820968252,56.589797253881386,0.23964950949331715,0.5258299934313927,,
sarima_core,Europe,carbon,MLT,12,31.89475983019794,34.93451032938675,6.313658217308918,-31.89475983019794,-6.313658217308918,6.500585516161167,30.361386437626805,0.8121147099865649,0.9489240239262737,,
sarima_core,Europe,carbon,NLD,12,46.805373181158636,53.889128240267006,18.431000894992223,-44.56631367662656,-17.549304950121865,19.660286112097268,47.73361699558892,0.8832328258766619,1.0395183656291593,,
sarima_core,Europe,carbon,NOR,12,1.0615858131720586,1.4863876196349435,3.982315720424115,0.8091898507611894,3.035505395334106,3.9302363536491325,0.5095653176551878,0.11961131597095906,0.3374279469732837,,
sarima_core,Europe,carbon,POL,12,46.27315276367412,57.63826549329677,7.249247149587319,-36.583413532231596,-5.731232700420105,7.249047917320484,38.677782955235614,0.7679982853945175,1.238547126366938,,
sarima_core,Europe,carbon,PRT,12,46.79846116829313,52.8358921023309,38.06248620864008,-46.79846116829313,-38.06248620864008,48.37657982061823,44.91080598102191,0.538952855202195,0.5733908368550114,,
sarima_core,Europe,carbon,ROU,12,31.08394658487133,39.46344427462175,11.948776924850916,-29.942578171820134,-11.510030946460338,12.297688929716832,22.240023176244065,0.737090554088164,0.7719256903772419,,
sarima_core,Europe,carbon,SRB,12,66.52689783197306,86.65012954177833,9.004398573229588,-62.433901202628256,-8.450412528328014,9.665582025667653,44.79684041606697,0.6392459540662581,0.9586600342215688,,
sarima_core,Europe,carbon,SVK,12,14.595323830369855,16.654531604777002,15.588575926485774,-13.512428049780866,-14.43198609727917,17.302884005916287,14.70519214056143,0.7262960092745019,0.5832664109852413,,
sarima_core,Europe,carbon,SVN,12,87.493859032071,103.58254627206331,49.018455968292265,43.29820267554612,24.257828661774752,59.33400950443071,67.69561511475855,0.7037894533783768,1.1671083648746334,,
sarima_core,Europe,carbon,SWE,12,2.364395931025479,2.8994389648006247,9.974600517597382,-2.1332327274891854,-8.99939979956767,10.758323507316016,1.9780794135247213,0.5282746228182148,1.1409953554546546,,
sarima_core,Europe,carbon,TUR,12,18.74055787659397,21.073461062421906,3.9521825197247833,-2.192565620672847,-0.4623885572902516,4.025173671440338,17.904453227842993,0.9124960091709134,0.4931004849856621,,
sarima_core,India,carbon,IND|delhi,12,51.36788548263686,73.0515294063746,14.148204335978424,20.60478508655447,5.675154952641219,15.437154164140424,21.96907690052754,0.3100841129067147,2.396382733830611,,
sarima_core,India,carbon,IND|gujarat,12,81.32687702562463,110.0669539592094,20.09005266456203,81.32687702562463,20.09005266456203,19.004585577657632,63.91391007266927,-0.08778888544145043,1.454590187864339,,
sarima_core,India,carbon,IND|karnataka,12,88.37036938048986,100.44456904726009,24.899374314752993,86.88627842756864,24.48121451285358,23.45798002156121,83.95607546321281,0.6777040955437585,1.3132598669698197,,
sarima_core,India,carbon,IND|kerala,12,2.219979295759078,2.3974554406477053,7.754483189471076,2.219979295759078,7.754483189471076,7.531585553982022,2.2669096056709943,0.8202688313448732,0.5790140950876869,,
sarima_core,India,carbon,IND|maharashtra,12,12.620494008655706,15.440158354108625,1.9390365386514143,11.196391815638094,1.720234787694528,1.9164692269869252,11.44689368220719,0.8592857114012491,0.5401864051933627,,
sarima_core,India,carbon,IND|odisha,12,10.256231037807945,13.32206112626997,1.3960133715097656,2.3699487612931214,0.3225824524001091,1.4290543353846734,6.7105368501303815,0.9652736676245409,0.5218825787464045,,
sarima_core,India,carbon,IND|rajasthan,12,37.58511406025501,42.82750490771368,9.775189289914046,33.262821551512964,8.651041379345106,9.7680042521914,40.97428990169766,0.9060245655334028,0.9905664731957996,,
sarima_core,India,carbon,IND|tamil nadu,12,72.56943071214315,83.02979454230709,16.886036558112234,72.56943071214315,16.886036558112234,15.969433839998546,68.18202846781261,0.793724825860985,1.8392843263840808,,
sarima_core,India,carbon,IND|telangana,12,38.95068359383138,52.04637502831921,5.8993319903266865,25.12464211320601,3.8052889266215266,6.089596032321617,21.36659472280013,0.7962351342013189,1.1373531753751693,,
sarima_core,India,carbon,IND|uttar pradesh,12,14.356337194097373,15.838964087944628,1.8762509225094124,-14.356337194097373,-1.8762509225094124,1.8899566372349856,15.055247672237272,0.7655766280862008,1.4769121627377826,,
sarima_core,India,carbon,IND|west bengal,12,6.759363608801948,8.115831730735312,0.866846243265849,6.515427750994983,0.8355629902592426,0.8631255575131329,6.588891104264974,0.7816900735729948,1.2275377152158164,,
sarima_core,US,carbon,USA|alabama,12,26.987174603432862,30.709038167180385,7.525913885895551,-26.987174603432862,-7.525913885895551,7.926122729985892,30.255799969838364,0.5866426962706747,0.8938434683192953,,
sarima_core,US,carbon,USA|arizona,12,13.201956707844895,16.22645542394989,4.711549034012067,8.698902885966712,3.1044873420155112,4.685239217055862,10.291139454505014,0.8996647101440173,0.6343127906296736,,
sarima_core,US,carbon,USA|arkansas,12,35.18668671687983,43.15757234292474,8.493096559086123,-17.805955538887442,-4.297867001101248,8.837415462289524,30.98964368438817,0.6627647442541886,0.7382641684056478,,
sarima_core,US,carbon,USA|california,12,16.505095016084173,22.19722896368411,9.263288022384518,8.792644801137566,4.934767185047252,9.349765385306796,9.958272380505221,0.8803369217014921,0.6385495668537847,,
sarima_core,US,carbon,USA|colorado,12,30.455539998371833,38.23138886830429,8.61146997444508,-0.32595622750611614,-0.09216590040112145,9.09879677407463,24.69492599188996,0.4433802888028048,1.241289801566005,,
sarima_core,US,carbon,USA|connecticut,12,26.228868509535747,38.15195630252389,9.198297444157268,19.888177857151973,6.974657541398615,8.588690178105253,12.39814162997149,-0.20551656862919043,0.7885880916732154,,
sarima_core,US,carbon,USA|delaware,12,24.702649641147882,36.98518194242193,5.224636979443409,-2.9391926289914445,-0.621642403637419,5.060050523485728,11.143472794757486,0.7266065464188494,0.7957946998181273,,
sarima_core,US,carbon,USA|florida,12,6.686306926368786,8.733974504446074,1.689022930949799,0.9040691211227644,0.228376216281364,1.708462554450701,4.690444829772304,0.8285462714023057,0.460376877055703,,
sarima_core,US,carbon,USA|georgia,12,14.421921793545456,17.40675038018259,4.560760170941032,-7.489526414936383,-2.3684730968198733,4.590524480106714,11.549028510637214,0.7690925205726643,0.513843204549521,,
sarima_core,US,carbon,USA|idaho,12,28.523657050087014,35.17109852431556,18.1700561955772,18.363442704653064,11.697826309645327,20.453894959984044,24.584150978145985,0.6768757888525369,0.8414202014723879,,
sarima_core,US,carbon,USA|illinois,12,29.822827428821757,33.743190411196785,13.388074024939812,-29.61054516093542,-13.292776195670353,14.635287221502747,31.87734043499688,0.8768531418308954,1.2285719529525523,,
sarima_core,US,carbon,USA|indiana,12,22.005910013017978,27.20990334255637,3.8919352484600878,-21.7938291271619,-3.8544269120768333,3.989226118286419,19.416071612816438,0.8305804443260498,1.307259273106137,,
sarima_core,US,carbon,USA|iowa,12,38.88171884273902,46.454954640108596,13.972324488604515,-20.4995049194015,-7.366591372878848,18.79357294505671,49.74852753136048,0.9084528348379961,0.8397161758060784,,
sarima_core,US,carbon,USA|kansas,12,62.82801959421397,72.20179428566519,21.99950497308386,-62.82801959421397,-21.99950497308386,27.080043224188294,56.08577991889018,0.8783850154613712,1.2268562463034878,,
sarima_core,US,carbon,USA|kentucky,12,9.347174103048891,11.445693852854466,1.392841575809715,2.2767043736545625,0.33925638620762777,1.3881668610979627,7.158850952222849,0.5640417362052514,0.6807613586731863,,
sarima_core,US,carbon,USA|louisiana,12,15.276134187075153,19.02940086046279,3.640533632118956,2.997660115951779,0.7143877067417626,3.6137961579591185,12.231474340951877,0.1038131843299673,0.6639987898119672,,
sarima_core,US,carbon,USA|maine,12,29.548505212441246,38.46510938645196,13.673796832011064,-29.548505212441246,-13.673796832011064,14.356754955272457,23.84484219402792,0.634026310077027,0.9746166477210568,,
sarima_core,US,carbon,USA|maryland,12,32.56696718355693,40.79027098566133,12.156654095450731,-27.8884338895155,-10.410243058489705,12.688620785759888,27.307917535566773,0.5749900320816976,0.7445302532129722,,
sarima_core,US,carbon,USA|massachusetts,12,19.585679233622326,22.50027482667996,5.322737842476427,-18.47991872605238,-5.022228821157694,5.396074730164453,20.10455540233184,0.9238881909528586,0.6437808416238437,,
sarima_core,US,carbon,USA|michigan,12,15.764772799304362,22.575814197081318,3.879429450122269,-12.262048803615707,-3.017471539436482,3.9721533939323748,6.59925390222304,0.69139224877075,0.4567882709656428,,
sarima_core,US,carbon,USA|minnesota,12,31.81682403957059,36.04994000324608,10.531478108945564,-12.180022017498414,-4.0316291495413115,10.605491562106113,30.258591319766936,0.7506167266181483,0.933817615936677,,
sarima_core,US,carbon,USA|mississippi,12,12.832398726184186,18.454668710930527,3.1210231360502445,2.481856105467221,0.6036229461686984,3.1085984581521844,7.897265723759517,0.11728309150536267,0.3387936506887172,,
sarima_core,US,carbon,USA|missouri,12,69.56115297608848,82.06862059898737,11.824681598088489,-60.3838925545658,-10.264641578847462,12.670173681694383,66.02828996617006,0.09421312241843212,1.8789235313104127,,
sarima_core,US,carbon,USA|montana,12,42.856526249408056,58.187121692309425,12.813232718171655,21.18033145232413,6.332489814206259,13.693881737377586,30.20217787994946,0.6714358312066684,0.7764638120819539,,
sarima_core,US,carbon,USA|nebraska,12,33.5525296128882,38.64182395251962,8.576146549344447,-21.0470447377812,-5.379699896978432,8.983533945410214,36.326439904699015,0.9066630860486949,0.6043295450450672,,
sarima_core,US,carbon,USA|nevada,12,17.241119688645576,19.701078618729806,5.746545054835469,-8.32001202306901,-2.7730985464259494,5.856528108148975,13.56916850890525,0.8227366877992351,0.7744605659950748,,
sarima_core,US,carbon,USA|new hampshire,12,40.334821925592266,51.78077451752497,24.3901608031881,-5.5276755268722555,-3.3425434533211256,24.38075649236979,39.36424357344237,0.29850352174184425,0.710746214577387,,
sarima_core,US,carbon,USA|new jersey,12,10.615646711526542,15.147698845542086,4.339307910573004,2.163544115067078,0.8843817384380717,4.34732453144723,6.941445381371551,0.8764703827820224,0.39285473790380365,,
sarima_core,US,carbon,USA|new mexico,12,69.33179519142745,85.07175246416087,22.29891778960101,-57.44915565343945,-18.47715028092096,26.029293399155524,65.5952834548774,0.2432047849812838,2.309587059560326,,
sarima_core,US,carbon,USA|new york,12,14.212291125245159,16.01315997045753,5.758704652377189,6.802900879857158,2.756480049645656,5.846368577232955,11.550845863361118,0.827056521182812,0.557698957787578,,
sarima_core,US,carbon,USA|north carolina,12,21.87434867847753,30.303284377841255,7.036852332731865,-12.56816262344047,-4.04310572967725,6.957732894727599,16.54354800089999,0.7350816076924533,0.6689403265589461,,
sarima_core,US,carbon,USA|north dakota,12,19.22574498341977,28.95916722255281,4.107948131838075,5.460493347840327,1.166738842449003,4.050621955057923,12.131085170804823,0.8593440808488296,0.7643682607264476,,
sarima_core,US,carbon,USA|ohio,12,19.78814258249426,23.058311633423546,4.1388984733012,-17.661911848816704,-3.6941749172212406,4.205155325244778,20.13358948165842,0.6494804723766153,0.7378836972994276,,
sarima_core,US,carbon,USA|oklahoma,12,20.847438383132687,25.361159589643364,6.850967950881458,-2.219110378448408,-0.7292528608463956,7.1867039363534415,15.832714392652349,0.8890371423645644,0.6909823556937599,,
sarima_core,US,carbon,USA|oregon,12,24.362903873410517,34.83447530828002,13.170501740312112,17.980911168675973,9.720418512914026,14.098785104203415,10.239001845064138,0.6280396378410157,0.588528990226251,,
sarima_core,US,carbon,USA|pennsylvania,12,15.723781549123956,17.76811371953757,4.499719278498342,-13.282751366394047,-3.8011627297247386,4.567570912890936,15.208799098252172,0.8377168538780404,0.8309616525851614,,
sarima_core,US,carbon,USA|rhode island,12,21.573207541140246,23.076025497830607,5.016422261156274,-21.573207541140246,-5.016422261156274,5.17798474965531,21.024183046651615,0.8529521910174597,2.787275259152756,,
sarima_core,US,carbon,USA|south carolina,12,17.35581744850162,23.647693568843266,6.737288822890676,-7.529491658614265,-2.9228447547430263,6.875565206192573,10.728860143078677,0.5704623942319554,0.5377631155003225,,
sarima_core,US,carbon,USA|south dakota,12,21.228502864155203,23.894268794060874,15.37137030441167,-9.059026553718967,-6.559560636272595,16.271896816591383,24.704673918176773,0.8765631536845339,0.3099200686432509,,
sarima_core,US,carbon,USA|tennessee,12,48.19673096876676,66.08977042831273,14.830029555022813,-40.394456128376696,-12.429286513873851,15.558008642321589,38.91299168784178,0.2059634256300129,0.985799363519246,,
sarima_core,US,carbon,USA|texas,12,13.058789594587912,17.960007771326694,3.8359597063293553,-1.0531229726746953,-0.30935005574055285,3.9107784736782105,10.678206705822674,0.8168016406394635,0.7758648667844018,,
sarima_core,US,carbon,USA|utah,12,32.71401868145762,39.80031662612519,6.028317020202354,-22.617834516103255,-4.167860821416832,6.284340152267019,23.962891977449715,0.7350140625166852,1.8275026324584778,,
sarima_core,US,carbon,USA|vermont,12,9.003169118295554,11.909346516736182,14.993204005044083,-4.766130961494018,-7.93715778094427,18.09701925978159,5.587918748291521,0.6523778218127158,0.8742170970481187,,
sarima_core,US,carbon,USA|virginia,12,29.75860884013106,33.4573604782327,9.209389985598637,-24.095310127783062,-7.456770206658675,9.561985634336722,24.45221915071761,0.7448969586970339,0.9902732729940343,,
sarima_core,US,carbon,USA|washington,12,21.91099547429043,27.994670765939887,17.326880465738274,7.243469368050512,5.728024910813067,19.555621488473733,16.30339142032894,0.640207240570261,0.6973397313127837,,
sarima_core,US,carbon,USA|washington dc,12,35.66644943835748,45.2320960009473,30.065075357045302,35.66644943835748,30.065075357045302,26.367520068571586,28.858109714779232,0.8053562282606241,0.784277064637107,,
sarima_core,US,carbon,USA|west virginia,12,20.822891395509487,23.29070161790263,2.813657097080592,-16.021341448003113,-2.1648559853530585,2.8567393995869472,19.56344037405978,0.6648088804574253,2.3269474271950554,,
sarima_core,US,carbon,USA|wisconsin,12,16.6092457544506,23.64666258281573,3.5511656743085975,0.025384886237849475,0.0054274551648393985,3.6042167214031346,8.886365872565563,0.6899616236668745,0.5412439021434587,,
sarima_core,US,carbon,USA|wyoming,12,18.629897287086575,24.541685451125836,3.4485068488476203,-3.3951055533753682,-0.6284546056778879,3.5230017374613927,14.502308623437841,0.8751275285888281,0.9633752552748086,,
timesfm-2.5,Europe,carbon,AUT,12,13.723927497863768,16.22712028476489,14.58427838704627,-2.612893180847168,-2.776695049651173,16.25536787213185,10.794821395874024,0.9851812307897995,0.4223878103450174,,
timesfm-2.5,Europe,carbon,BEL,12,26.33275594075521,30.785644095318585,14.69605343197869,-19.25788859049479,-10.747639189371057,15.006880550553007,24.902174377441412,0.07943266097709326,0.6431308862469104,,
timesfm-2.5,Europe,carbon,BGR,12,54.08313232421875,65.9588419386631,17.369038246566994,-2.915958048502612,-0.9364728833789554,16.871849181544164,49.54486633300782,0.7552802678505359,0.7474079640658869,,
timesfm-2.5,Europe,carbon,BIH,12,30.17378926595053,40.46600475603388,4.63708008717966,1.5274285888671955,0.2347338158823016,4.609270222314831,21.623839111328152,0.7507830239128731,0.3052523648872403,,
timesfm-2.5,Europe,carbon,CHE,12,5.796082916259764,6.511622151995581,9.953489652697154,-5.796082916259764,-9.953489652697154,10.431991683347237,5.941940155029293,0.5616509612047471,1.064710822615947,,
timesfm-2.5,Europe,carbon,CYP,12,26.672811686197917,34.00743585587782,5.123401350575609,26.57619547526042,5.104842991170972,5.104936905273797,18.51483154296875,0.7423666700622984,1.386646809367999,,
timesfm-2.5,Europe,carbon,CZE,12,53.608002726236975,66.60096692480263,13.490221106671415,29.147612304687513,7.334870070235356,14.238003689340536,45.64249450683593,0.8413289874131429,1.4056199639794682,,
timesfm-2.5,Europe,carbon,DEU,12,51.023971761067706,61.95808075148837,15.039045349734545,31.690923665364583,9.340731850711196,15.131201953345544,53.060134887695284,0.44301928710685334,1.0512057911615271,,
timesfm-2.5,Europe,carbon,DNK,12,32.10777587890626,37.27880069027251,20.45548137562581,6.830381368001294,4.351554570099095,21.121970370898147,28.03092834472656,0.822421526986757,0.46952569930740146,,
timesfm-2.5,Europe,carbon,ESP,12,19.72261474609375,21.900519233571917,14.244440382372856,15.066808064778646,10.881835496680333,13.985931267134,19.790807495117193,0.5935242905932505,0.37367525855499756,,
timesfm-2.5,Europe,carbon,EST,12,85.62735839843752,107.50312889477593,27.28723977005657,51.796171061197924,16.506109324792202,27.94174062486117,70.55515869140626,0.28609450137056686,1.5086232154414898,,
timesfm-2.5,Europe,carbon,FIN,12,8.804387448628743,10.548375176354515,12.236388518298519,-3.9854014460245772,-5.538933943955494,15.42950997965567,9.223893127441414,0.9264325826100942,0.2665092668466585,,
timesfm-2.5,Europe,carbon,FRA,12,3.425669136047363,4.627473216276822,10.57495681644544,-0.1487293624877918,-0.45912390344287857,10.79148444596852,3.1265863037109334,0.8558946251519411,0.21017807774508326,,
timesfm-2.5,Europe,carbon,GBR,12,22.63903656005859,28.434629676674078,11.160710667818464,9.69300282796224,4.778507238072712,11.162472503381158,16.016892700195314,0.08975877631471682,0.556608907616347,,
timesfm-2.5,Europe,carbon,GRC,12,54.51296641031902,59.506087601823964,17.21806458459661,14.438864847819005,4.560553641618536,16.985529029672254,63.94307861328127,0.6036121953097127,0.8583492548913183,,
timesfm-2.5,Europe,carbon,HRV,12,53.188090209960954,62.72359083395896,32.75078290664303,36.92803588867188,22.73858831524877,35.59605747427208,50.903604431152374,0.6953188324705384,0.9526318347547177,,
timesfm-2.5,Europe,carbon,HUN,12,29.212686971028646,31.990544348267598,16.25900343926828,14.353189086914078,7.988602724564315,16.871882771799726,30.414989624023434,0.9431366347175137,1.097358035265731,,
timesfm-2.5,Europe,carbon,IRL,12,27.096280466715484,32.001645657630625,9.658214042588286,10.133222808837894,3.6118918590769,9.57510292967278,23.90901794433593,0.5335898372139966,0.5530021099290189,,
timesfm-2.5,Europe,carbon,ITA,12,32.913362731933596,37.78572921340001,11.234859231094472,27.804974060058587,9.491128938517903,11.53250719491729,35.549478759765634,0.9122357824607152,0.9249521588576353,,
timesfm-2.5,Europe,carbon,LTU,12,29.49366210937499,43.57390370101224,17.059206495098035,-10.943329467773433,-6.329648601870226,17.68253806011312,15.976145935058597,0.44529565318142506,0.5212079549257046,,
timesfm-2.5,Europe,carbon,LUX,12,47.72944107055664,56.03245254002614,50.09825348972935,32.181134084065754,33.77828394317908,48.70213135167059,43.103427734375,-0.7668930463013137,0.816448075027756,,
timesfm-2.5,Europe,carbon,LVA,12,45.88505645751953,54.97204762312354,33.53006555291075,12.551512247721357,9.171897365842533,35.05256626044132,45.17653045654298,0.4203448172294235,0.676307090000588,,
timesfm-2.5,Europe,carbon,MDA,12,7.97473144531249,9.291536149532257,1.1237450192317162,2.8596398925781443,0.4029610411482751,1.1227205859742149,7.393508300781264,0.05761367959120742,0.5452225323149226,,
timesfm-2.5,Europe,carbon,MKD,12,54.26609008789063,70.16790558580254,9.615580611149403,48.329204915364585,8.56360509820747,9.548401314145067,44.3897119140625,-0.04017660359211896,0.45704209373543553,,
timesfm-2.5,Europe,carbon,MLT,12,28.907623697916662,35.230588070487094,5.722346143218876,28.195865885416655,5.581451664453441,5.673312317578301,32.8985595703125,0.8278454645144558,0.8600515804982423,,
timesfm-2.5,Europe,carbon,NLD,12,41.41419850667317,50.390411366463674,16.308066315111557,0.4510230509440068,0.17760367433535193,16.991661508020115,41.67395172119143,0.774602297577291,0.9197837132688101,,
timesfm-2.5,Europe,carbon,NOR,12,0.9219440841674805,1.314197438721869,3.4584791678419977,0.8216425069173177,3.082218913691522,3.447197430855293,0.47312118530273395,0.07107432361768347,0.29304244243359795,,
timesfm-2.5,Europe,carbon,POL,12,63.27828450520834,72.85523760329838,9.913306014027782,45.93272298177084,7.1959147207662095,9.801853418496458,67.86186401367189,0.41497003890321565,1.6937064529754864,,
timesfm-2.5,Europe,carbon,PRT,12,17.460608927408853,21.232087852150375,14.201197430488008,15.225414123535154,12.383251513631496,14.864955924175845,13.376356201171873,0.8739162061382054,0.21393338402477646,,
timesfm-2.5,Europe,carbon,ROU,12,27.406306050618497,31.80850128732431,10.535079142505477,9.437881571451818,3.62795442440135,10.313663016201566,26.50947937011719,0.6069650398670531,0.6805967080483332,,
timesfm-2.5,Europe,carbon,SRB,12,40.07702962239582,54.25167589103457,5.424415689164236,-27.668585611979154,-3.744935972169271,5.488493250523796,31.791152343750014,0.7205267515820117,0.5775144767210217,,
timesfm-2.5,Europe,carbon,SVK,12,5.960122578938801,8.029980382717612,6.365725381140468,0.0645631917317715,0.06895689524015682,6.556595748433199,4.461162414550792,0.7968957386557616,0.23818171806617885,,
timesfm-2.5,Europe,carbon,SVN,12,104.41002344767253,128.6624129740376,58.49574122844532,73.6004544576009,41.23467265004019,67.03605508503524,96.72441680908204,0.8000707487920745,1.3927584528860253,,
timesfm-2.5,Europe,carbon,SWE,12,1.3417294502258315,1.5511248643988789,5.6603105651995005,0.10000092188517229,0.42187064954194686,5.65191304401538,1.04534103393555,0.6650518265313841,0.6474833808060311,,
timesfm-2.5,Europe,carbon,TUR,12,12.351934916178374,14.72623153749716,2.604890504432022,7.899025166829428,1.6658196299588084,2.6613084941058176,10.60114501953123,0.9725646114578745,0.325003403729295,,
timesfm-2.5,India,carbon,IND|delhi,12,63.05570627848308,91.47780147361172,17.367368903650284,60.599949849446624,16.69098241370717,18.146090211260145,36.642081909179694,0.5261315811001113,2.941635700506444,,
timesfm-2.5,India,carbon,IND|gujarat,12,101.65332712809244,114.89574468565948,25.111264199753574,101.65332712809244,25.111264199753574,23.307834845299766,84.47574157714843,0.5446374760041567,1.8181434921901385,,
timesfm-2.5,India,carbon,IND|karnataka,12,36.34020426432292,50.32661941443367,10.239273129616782,29.35292419433594,8.270526103613857,11.298378599691954,21.058787231445308,0.8922613808145506,0.5400467617413535,,
timesfm-2.5,India,carbon,IND|kerala,12,1.4839206250508623,1.6772422703392051,5.18339858549524,-0.9761121304829906,-3.409601666704281,5.2164221269455755,1.2370549392700205,0.5495049531896553,0.3870355726006847,,
timesfm-2.5,India,carbon,IND|maharashtra,12,11.627896728515614,14.003190621696618,1.7865320175892734,11.410796712239565,1.7531763610030608,1.78329086830067,10.918389892578091,0.8883671207972431,0.4977009401873301,,
timesfm-2.5,India,carbon,IND|odisha,12,12.575135904947919,18.15318704925818,1.7116480515255512,6.844780273437493,0.9316682465069818,1.7603918056190537,5.770557861328143,0.9559098570599148,0.6398787556528535,,
timesfm-2.5,India,carbon,IND|rajasthan,12,52.67537231445315,60.426680700807324,13.69988486572079,49.512405598958345,12.877256036868712,13.383566457158993,62.05598266601564,0.9742194885020338,1.3882745624811204,,
timesfm-2.5,India,carbon,IND|tamil nadu,12,68.97225657145184,77.73426252905097,16.04901725880767,68.97225657145184,16.04901725880767,15.495228288958682,57.35394897460938,0.8346197230763756,1.748113347759598,,
timesfm-2.5,India,carbon,IND|telangana,12,38.3994120279948,52.3749388417409,5.8158383598269054,36.26179565429688,5.492082587324895,6.014932642316059,24.917633056640625,0.8968791327086317,1.121256141689281,,
timesfm-2.5,India,carbon,IND|uttar pradesh,12,4.518938395182289,5.825008834606455,0.5905867365813883,-2.645910237630204,-0.34579791886414346,0.5906004652015057,2.8601367187499704,0.8685902961440252,0.4648870382656887,,
timesfm-2.5,India,carbon,IND|west bengal,12,4.997379964192703,5.905293388023044,0.64088282549136,4.997379964192703,0.64088282549136,0.6391233827639352,4.8218298339843955,0.9051729313751675,0.907551766459521,,
timesfm-2.5,US,carbon,USA|alabama,12,10.158829650878914,12.73725195968745,2.832993014551134,-8.883937683105472,-2.477463867677702,2.8631556674663887,7.7873583984375045,0.4934420419091047,0.3364710705229382,,
timesfm-2.5,US,carbon,USA|arizona,12,16.060782826741534,21.069113107863707,5.731814418679785,13.522913360595703,4.826092888433983,5.893188593919268,12.311769409179675,0.8627086824395066,0.7716704576431376,,
timesfm-2.5,US,carbon,USA|arkansas,12,34.79050415039063,48.73450566025416,8.39746900485536,19.972010904947933,4.820693078029178,8.80773153984404,23.92852416992187,0.4950750772391673,0.72995172355003,,
timesfm-2.5,US,carbon,USA|california,12,27.962073415120432,32.29292815036252,15.6933807103144,27.962073415120432,15.6933807103144,14.548924555239665,23.102511596679662,0.9072791735657469,1.0817974601272555,,
timesfm-2.5,US,carbon,USA|colorado,12,29.012094523111983,35.69533594331524,8.203327896825924,13.150651041666672,3.71841827778367,8.231684083438239,21.79239990234376,0.34887848215803435,1.1824586612331647,,
timesfm-2.5,US,carbon,USA|connecticut,12,9.333036804199216,13.369755638746485,3.2730366752603337,8.353455301920567,2.9295036698057686,3.267113445555974,6.150263061523418,0.4557539863021213,0.2806038575496909,,
timesfm-2.5,US,carbon,USA|delaware,12,31.050951538085954,41.590672886018815,6.5673096614930815,9.030994059244813,1.910064960985767,6.423477580881877,19.102964477539103,0.8263945588886962,1.0003049477396104,,
timesfm-2.5,US,carbon,USA|florida,12,9.287037150065103,10.843494656899866,2.3459914239326465,2.817467854817726,0.711718421904015,2.3675125335189033,6.536964721679681,0.7953279773910998,0.6394467390340448,,
timesfm-2.5,US,carbon,USA|georgia,12,14.388513692220059,18.27463467882288,4.550195258712772,0.3742638142903587,0.11835645221733736,4.454648163236566,10.660611572265651,0.6598343398285295,0.5126528967605383,,
timesfm-2.5,US,carbon,USA|idaho,12,23.900543187459306,26.848248384228164,15.225053788102203,4.205739873250313,2.679128055240196,15.79895798520076,27.260241699218767,0.6355261886410467,0.7050428291427718,,
timesfm-2.5,US,carbon,USA|illinois,12,12.938607737223302,16.073320807885725,5.808404269482381,4.040568186442054,1.8138932705831716,5.791085384646602,10.691523742675784,0.8904177296661506,0.533014873058113,,
timesfm-2.5,US,carbon,USA|indiana,12,17.246401570638028,21.320742978684642,3.0501750730670287,6.965628458658851,1.2319315542912717,3.034027058531011,16.156948242187468,0.6731776049796659,1.0245210658223913,,
timesfm-2.5,US,carbon,USA|iowa,12,38.41575932820639,46.926844102694346,13.804879794044197,-31.838317260742187,-11.44124573652439,18.269899363355684,35.2739114379883,0.9501737658432305,0.8296529956466223,,
timesfm-2.5,US,carbon,USA|kansas,12,42.09439442952475,48.69953374129179,14.739535729000863,-19.922938232421888,-6.976103680386764,15.491039421654515,36.16084289550784,0.9131249303704202,0.8219862900943838,,
timesfm-2.5,US,carbon,USA|kentucky,12,14.16115376790365,16.60782500191624,2.1101825548469124,9.513639526367209,1.417646929810438,2.10625720147604,15.869479980468782,-0.1131555279028289,1.0313669322018384,,
timesfm-2.5,US,carbon,USA|louisiana,12,20.371997273763004,22.678540027070014,4.85495481515994,14.830711873372394,3.5343827634716303,4.779578482045449,20.77228881835933,-0.15405576429890117,0.8854976900684894,,
timesfm-2.5,US,carbon,USA|maine,12,22.5093626912435,30.02280369833313,10.416379781151186,-21.193680318196638,-9.807537698103065,10.795084519512884,16.234931640625007,0.7436258717560409,0.7424402503866857,,
timesfm-2.5,US,carbon,USA|maryland,12,26.474861348470046,33.131291852790966,9.882582244283054,-20.612644551595057,-7.694323772731791,9.953803415226288,19.287422485351513,0.6663536169753891,0.6052554759691282,,
timesfm-2.5,US,carbon,USA|massachusetts,12,19.62195973714192,24.66394236315339,5.332597679693425,3.4460210164387917,0.9365141872986491,5.387384544267626,20.795786743164058,0.6798403885634217,0.6449733809691368,,
timesfm-2.5,US,carbon,USA|michigan,12,18.34423929850261,24.208851333979496,4.514190155524571,13.318551228841168,3.277457945502931,4.5531493044325595,15.43035644531247,0.4258423864823459,0.5315289638498789,,
timesfm-2.5,US,carbon,USA|minnesota,12,19.041757965087886,23.286306399379875,6.302887331424214,-1.3547989400227773,-0.4484431054817845,6.003182029808904,17.57637084960936,0.8781305186220983,0.5588719038734572,,
timesfm-2.5,US,carbon,USA|mississippi,12,17.117276611328137,20.526697249632385,4.163166799136135,16.299889729817718,3.964366604197324,4.119167996331847,18.236399536132836,0.05391574248796454,0.45192054554596117,,
timesfm-2.5,US,carbon,USA|missouri,12,28.413262532552086,35.47506114545465,4.829962820280128,-10.173227945963552,-1.7293442695975152,4.859514936583282,21.056208496093745,0.4855714972174121,0.7674735867598983,,
timesfm-2.5,US,carbon,USA|montana,12,46.68409545898438,61.72713995675167,13.957598333382645,33.945645141601574,10.149059875654801,13.923260045579317,38.82352905273436,0.6916556226960345,0.8458107526664397,,
timesfm-2.5,US,carbon,USA|nebraska,12,33.67626576741536,46.74134238234558,8.607773952908966,11.145369567871107,2.8487963162083183,9.545075170235009,15.440384521484333,0.9069612459587025,0.6065582119990575,,
timesfm-2.5,US,carbon,USA|nevada,12,11.755079142252603,14.062101768359124,3.9180223288281066,7.537221069335942,2.512190695579861,3.9981096209422757,11.121998901367192,0.9303337574840086,0.5280309753792464,,
timesfm-2.5,US,carbon,USA|new hampshire,12,24.838882649739585,28.537866874861635,15.019883888821001,-18.218937276204425,-11.016853146136677,15.902611494886134,23.3516390991211,0.8600814073911862,0.4376898415518446,,
timesfm-2.5,US,carbon,USA|new jersey,12,19.042643686930333,21.39688075507565,7.7839717762270295,7.260210520426431,2.96772206157767,7.790965241041375,15.959458312988303,0.7793939707432139,0.7047138057544458,,
timesfm-2.5,US,carbon,USA|new mexico,12,44.26924372355145,53.51156263398416,14.238146058005741,-29.531606597900403,-9.498136690434968,15.658100223314818,44.21291137695313,0.5267629491191979,1.4747010683646422,,
timesfm-2.5,US,carbon,USA|new york,12,15.203584493001303,19.285940172400554,6.160368654223303,12.891461486816404,5.223515236625185,6.272334771257968,14.64136413574218,0.8373854117079592,0.596597913148641,,
timesfm-2.5,US,carbon,USA|north carolina,12,24.76949737548828,30.60662585604335,7.968205040033761,-5.388394673665381,-1.7334156178268099,7.890338912267635,18.76197631835933,0.6744469455892775,0.7574769839598865,,
timesfm-2.5,US,carbon,USA|north dakota,12,28.463783569335956,33.46663735866734,6.081831764622652,20.16890238444012,4.309471749616846,6.228808816267643,24.026756591796897,0.9029599773338597,1.1316499183438862,,
timesfm-2.5,US,carbon,USA|ohio,12,14.524028930664064,17.189043607964496,3.037853649815917,-3.6103438313801965,-0.7551414444027308,3.063816984114003,12.270378417968743,0.6361973604516701,0.5415891927382397,,
timesfm-2.5,US,carbon,USA|oklahoma,12,21.291954752604173,26.3300264159597,6.997046684629163,-13.116956380208338,-4.310546270597193,7.7664601376816575,25.632241210937508,0.9026175810137527,0.705715723049356,,
timesfm-2.5,US,carbon,USA|oregon,12,23.163942565917978,30.141289977405464,12.522347395947136,15.872791646321604,8.5807763757443,12.691638146249694,14.203046264648478,0.702519204558188,0.5595659613818512,,
timesfm-2.5,US,carbon,USA|pennsylvania,12,11.475489400227866,13.418188358355309,3.2839734336862256,-6.400116882324231,-1.8315396477663202,3.2569958170938893,11.6472094726563,0.9074143291759708,0.6064502744740897,,
timesfm-2.5,US,carbon,USA|rhode island,12,5.961689351399731,6.5837250167851575,1.3862728163824651,2.289288431803385,0.5323286965837557,1.372784430065454,5.535855102539074,0.903704500634877,0.7702549192197052,,
timesfm-2.5,US,carbon,USA|south carolina,12,18.351145019531245,24.572439734895816,7.123661250424576,12.672230021158853,4.9191848171936154,7.01631172104661,14.582874145507787,0.6025257953484829,0.568602945265095,,
timesfm-2.5,US,carbon,USA|south dakota,12,42.175834554036456,48.84368351316037,30.539147059794082,28.27072143554688,20.47057820042616,30.451031127147992,44.70230194091797,0.6943674356901918,0.615735251031022,,
timesfm-2.5,US,carbon,USA|tennessee,12,45.08828694661457,51.95852516569668,13.873568073257085,12.692321166992189,3.9053996867612057,14.001503890187752,49.61181274414062,-0.3597445849185928,0.9222203182815388,,
timesfm-2.5,US,carbon,USA|texas,12,14.242065124511717,16.423737547445963,4.183541480382471,4.083736267089837,1.1995788475162124,4.097749997002533,15.517442626953112,0.8727761596877491,0.8461670877325099,,
timesfm-2.5,US,carbon,USA|utah,12,38.87064534505209,41.54477951476178,7.1628183379574395,24.60053059895836,4.533218580075158,7.03884584476997,35.868708496093745,0.6280791063224105,2.171430156139944,,
timesfm-2.5,US,carbon,USA|vermont,12,10.03544770558675,11.215970333931526,16.71228350315593,-5.194435284932453,-8.650423744648677,18.138623969645153,8.192487792968748,0.7886010631822714,0.9744524228616461,,
timesfm-2.5,US,carbon,USA|virginia,12,27.163501892089844,31.169625345906596,8.406282821979529,-17.68786061604818,-5.473858247178105,8.696757452331656,23.314078369140645,0.6884344339590792,0.9039162438394749,,
timesfm-2.5,US,carbon,USA|washington,12,23.055848871866857,28.510292430736456,18.23221304151635,7.83862968444824,6.19866859618439,19.01912985440395,19.6030142211914,0.6173461609527937,0.7337758558875541,,
timesfm-2.5,US,carbon,USA|washington dc,12,78.26859090169269,88.22236000201876,65.97660043554671,78.26859090169269,65.97660043554671,53.92153043211741,66.91535705566405,0.11228564069033073,1.7210645212036841,,
timesfm-2.5,US,carbon,USA|west virginia,12,11.633388264973945,13.570119637265242,1.5719414193312675,-5.691658121744799,-0.7690754355015841,1.583743866286524,14.32603149414058,0.8253161309553213,1.3000251683865598,,
timesfm-2.5,US,carbon,USA|wisconsin,12,23.81880676269533,28.680175257343983,5.092617101893861,20.788817342122424,4.444785491540727,5.085538451242001,19.816003417968744,0.8337776520606806,0.7761811768717886,,
timesfm-2.5,US,carbon,USA|wyoming,12,45.03543762207031,55.9779065656194,8.336332331161584,45.03543762207031,8.336332331161584,8.065435207672817,35.67015991210934,0.778207382303287,2.328838723423773,,
xlstm,Europe,carbon,AUT,12,18.84191271222507,19.814363090271552,20.023109301786278,8.934448904711756,9.494548122717747,23.832292325884737,19.796243954785165,0.97078411583566,0.5799064629616785,,
xlstm,Europe,carbon,BEL,12,20.12745818555355,27.945534298746345,11.232937471881213,14.15437236189842,7.89941671865189,11.34918558979921,12.56673637509347,0.19734745520480101,0.4915774881252875,,
xlstm,Europe,carbon,BGR,12,82.09862411037086,97.93927231891908,26.366337911330607,-10.744450173949254,-3.4506279128009765,25.99510917270121,78.95360002458094,0.024002969180867063,1.1345712214132415,,
xlstm,Europe,carbon,BIH,12,97.66272163748742,112.42383950812857,15.008716928901004,97.66272163748742,15.008716928901004,14.232310659553729,104.88753663897512,0.12484231591299609,0.9880024175421761,,
xlstm,Europe,carbon,CHE,12,3.871612130999569,4.8426689252676995,6.648636991899429,-3.393303969303773,-5.827248580618403,6.710860075306672,2.900836538672454,0.17518667999482715,0.7111953704600328,,
xlstm,Europe,carbon,CYP,12,25.271763320267183,31.893605983913233,4.854283374762596,9.925911229426646,1.906601658529054,4.879438407286965,22.74705995492633,0.36121481104506303,1.3138101219859406,,
xlstm,Europe,carbon,CZE,12,64.72520548200856,79.18244786782354,16.287816906480142,19.21590351942925,4.835598680394308,16.905484430947425,68.19325360380111,0.5867367749751634,1.697116780544733,,
xlstm,Europe,carbon,DEU,12,58.68623058403531,71.2694870586159,17.297455542881025,41.748832525958605,12.305247200207877,17.16121785681582,54.478596838861705,-0.2364188869892373,1.2090651378584045,,
xlstm,Europe,carbon,DNK,12,44.83193229943515,55.445942524138445,28.56188979401996,33.47884306271872,21.32897193906383,28.076671797747938,59.11975287288429,-0.10912671241211708,0.6555964649679565,,
xlstm,Europe,carbon,ESP,12,17.5899643834432,21.03818275173223,12.704157243534059,8.575837961832681,6.1938041253079845,12.641094211813089,13.374564552307135,0.025263774707664634,0.33326891862845753,,
xlstm,Europe,carbon,EST,12,95.49886570145686,117.16589915540416,30.43303559638524,62.716878674129646,19.986258341022832,30.490643230301767,77.04251374185085,-0.1370067885337994,1.6825440903497004,,
xlstm,Europe,carbon,FIN,12,13.18965527800222,15.15126448549372,18.331059070917924,-0.944628270827236,-1.3128498256867183,18.381942089029966,15.515277832932771,0.8891685374094055,0.399251552548157,,
xlstm,Europe,carbon,FRA,12,7.57852947246904,8.97809414521372,23.394735078236437,-7.025463311020284,-21.687433368210176,24.581320496651593,6.297176813744009,0.8390719234622874,0.464972153877029,,
xlstm,Europe,carbon,GBR,12,23.065718746706835,28.78352288105034,11.371058684160058,7.7371399848411455,3.814295742583397,11.368129581126773,20.059216231405742,-0.16162088928220103,0.5670994205487144,,
xlstm,Europe,carbon,GRC,12,59.86032783309617,64.92319814859519,18.90704282954365,19.666159289280575,6.2116084130343685,18.56634027194036,67.35612629652024,-0.21649797378929594,0.9425476391496096,,
xlstm,Europe,carbon,HRV,12,74.39136510431767,87.55249913343255,45.80678567406146,53.73477946102622,33.08740903682285,45.261474449829734,51.593034628033635,-0.5143156696358939,1.33239569891461,,
xlstm,Europe,carbon,HUN,12,31.106123098240545,35.154115533492494,17.31283955283442,3.345086558653667,1.8617860765679832,17.290385152286227,29.03889835342764,0.823198124686631,1.1684838906353183,,
xlstm,Europe,carbon,IRL,12,42.801848621020724,51.52087358348204,15.256315932663874,39.07601792896788,13.928278663692794,14.863445205344524,48.0432465901971,0.3822134037292587,0.8735336433117479,,
xlstm,Europe,carbon,ITA,12,41.95559421020249,50.615405367392334,14.3213927652313,-8.160254841670382,-2.785473948156432,14.49000105442276,43.0095897319913,-0.06442471172742935,1.1790626730227716,,
xlstm,Europe,carbon,LTU,12,32.07294012017548,45.285050918717715,18.55106722203452,-5.821938965991141,-3.367423775806085,19.206699725621093,18.58241903811694,-0.6562045257339619,0.56678860246309,,
xlstm,Europe,carbon,LUX,12,42.99513486213982,51.67071098089596,45.12898363851425,31.394237550472223,32.95233373035589,45.502363667800715,41.511666440069675,-0.5643571235446927,0.7354641979121636,,
xlstm,Europe,carbon,LVA,12,38.901890415648616,48.76941232729491,28.427183847456927,2.195413129230333,1.6042771181280862,30.131650425998785,33.24302215218541,0.5144313366598523,0.5733811034293175,,
xlstm,Europe,carbon,MDA,12,7.119818853537244,8.289675015383375,1.0032765403275636,3.202337799867005,0.45125170385684227,1.0030341815573034,8.0897318720817,-0.10770858202242138,0.4867732150693123,,
xlstm,Europe,carbon,MKD,12,80.47165661275385,96.78648667910953,14.259028056368784,80.47165661275385,14.259028056368784,13.670386589853893,72.88141766786578,-0.2988768013004747,0.6777516929095867,,
xlstm,Europe,carbon,MLT,12,21.394470568050938,24.336957178982445,4.235096160813772,0.17036015604926527,0.03372327632716957,4.233213574024265,24.373295668512554,0.041328191707084246,0.6365223381298347,,
xlstm,Europe,carbon,NLD,12,51.82286259651184,63.3673094805535,20.406785844875188,2.819333510398875,1.1101960078882747,20.898768960679536,44.95366560935976,-0.4967869226335593,1.1509536996969405,,
xlstm,Europe,carbon,NOR,12,0.6644515660901877,1.0299242558995025,2.492550186964973,0.33528522014618467,1.2577519277733644,2.511595170535917,0.30258232913911165,-0.35015423340091034,0.2111977430623941,,
xlstm,Europe,carbon,POL,12,52.020125159882014,59.854449446943924,8.14957964853631,9.697085416739128,1.5191653176436664,8.11961827410873,48.79602940693496,0.39086646075092657,1.3923705795253143,,
xlstm,Europe,carbon,PRT,12,31.91430538522701,36.80353285487825,25.95678956654539,-27.742634234602253,-22.563853737595192,27.642658158409635,28.047845894694333,0.8392253953501952,0.39102504261144144,,
xlstm,Europe,carbon,ROU,12,35.60099501778682,43.19349501315419,13.685146016088629,20.23641419539849,7.7789478346803,13.660819988627173,31.384672012329077,-0.03156418028136886,0.8841001763462395,,
xlstm,Europe,carbon,SRB,12,55.921720957358666,67.94316648747386,7.56899060095629,-12.97358837803202,-1.7559718623265743,7.666111097884641,54.812203208804135,-0.15846517049139006,0.8058382499979634,,
xlstm,Europe,carbon,SVK,12,13.147995897556347,15.493793704054855,14.04275333060471,-8.529167154108487,-9.109600534854286,14.40971262780814,16.856554171964532,-0.06999010833120121,0.5254274908830189,,
xlstm,Europe,carbon,SVN,12,131.75790720894932,163.53308719164767,73.81739980892627,104.87237954482434,58.75477634520249,73.14495421962414,111.97168878793718,-0.3203959682187967,1.7575605573137858,,
xlstm,Europe,carbon,SWE,12,2.555808008735378,3.004388802401789,10.782104448874863,1.3083811286836855,5.519625081456927,10.312842156055831,2.6031552293896674,0.5025170419539828,1.2333657951001824,,
xlstm,Europe,carbon,TUR,12,16.666198559626935,18.415469569786453,3.5147224032154147,1.457203202570497,0.30730851572348133,3.5694348782632743,16.697206314951217,0.9344728944814302,0.43852006150165873,,
xlstm,India,carbon,IND|delhi,12,57.52697374885279,86.23272929094391,15.844595738797699,44.663121656626465,12.301518069966253,16.846377116537703,28.893591779172397,-0.07216700661811323,2.6837126995985714,,
xlstm,India,carbon,IND|gujarat,12,85.94211895396312,106.34803609974877,21.23014874092803,85.94211895396312,21.23014874092803,20.274609822627486,67.75512875437732,-0.20722111354715847,1.5371371375211667,,
xlstm,India,carbon,IND|karnataka,12,53.053545819520956,72.4613261996103,14.948450542256051,37.27346306582292,10.502229597876338,15.701302851871537,30.69044856727126,0.94789466559455,0.7884214246659416,,
xlstm,India,carbon,IND|kerala,12,1.4523572669426592,1.5901334140645464,5.073146417684086,-0.1605060819784813,-0.5606546497472712,5.095384606106274,1.6227563095092776,-0.44261499544460725,0.37880323040368197,,
xlstm,India,carbon,IND|maharashtra,12,13.066068457563716,17.65331814989789,2.007495438638177,2.8808990449706946,0.44262677107036325,2.017849805281272,8.422167049646362,0.49934215122102543,0.5592580247065572,,
xlstm,India,carbon,IND|odisha,12,32.57623642603556,37.28025581494554,4.434071490449659,3.0776529900233434,0.41891068084381544,4.476162973387619,29.108408880233753,-0.16034323189355848,1.6576235665129475,,
xlstm,India,carbon,IND|rajasthan,12,59.91237429764123,68.4178145665501,15.582094512969281,52.66317359719426,13.696712206191048,15.038532578315811,68.38474922597408,0.747589664609138,1.5790078277708035,,
xlstm,India,carbon,IND|tamil nadu,12,66.23097414573033,87.14564423095203,15.411153701072768,58.27449084361397,13.55977541967935,15.382913434576468,38.580002532005295,-0.17677778122187604,1.6786350874185259,,
xlstm,India,carbon,IND|telangana,12,55.71214581171669,65.14433794745769,8.43796343766495,18.40865359107657,2.788109193695358,8.569703796499962,41.80673136323685,0.23839365121208828,1.6267849521376678,,
xlstm,India,carbon,IND|uttar pradesh,12,9.585189827283225,10.946784306429727,1.2527026227318079,-3.488128050168399,-0.4558686093448849,1.253642547092453,9.619858398437486,0.42841674955168485,0.986079056702953,,
xlstm,India,carbon,IND|west bengal,12,7.404325931568934,8.694294080343477,0.9495586403043139,5.867280134061967,0.7524420991019046,0.9489042540187456,8.403461806774146,0.48113961560779267,1.3446664305668758,,
xlstm,US,carbon,USA|alabama,12,8.496566729644934,10.632901726933081,2.36943772264841,-5.2952799964944335,-1.476694831560956,2.371014666844257,7.291756682395885,0.21018204098105614,0.2814151828056169,,
xlstm,US,carbon,USA|arizona,12,23.045853388880676,31.845686205641655,8.224664773203115,19.01655164142448,6.786676967600822,8.44273263643352,15.58606070987878,0.65359980686658,1.1072812840581967,,
xlstm,US,carbon,USA|arkansas,12,36.3904130841295,51.43742309828346,8.78364293391331,11.494652565866716,2.774492379477722,9.18880087804228,24.43084872931246,0.10073210389638695,0.7635199719047371,,
xlstm,US,carbon,USA|california,12,13.373509720762577,15.547572333794585,7.505723068716633,-3.4869268482923537,-1.9569961685916313,7.572345217236551,13.583567655682572,0.9373798135879678,0.5173947094025182,,
xlstm,US,carbon,USA|colorado,12,30.00612478320797,34.8752447333209,8.484395372200325,17.127259091064342,4.8428258837350135,8.419784130938439,25.065278310477737,0.10645497150860965,1.222972788527283,,
xlstm,US,carbon,USA|connecticut,12,9.470867171709742,11.721494544222049,3.3213729089312,-0.8544699023415726,-0.29965716271597237,3.3153524377368786,9.926828195750716,0.019451459035310214,0.2847478177228196,,
xlstm,US,carbon,USA|delaware,12,38.72267166128384,49.3044780137633,8.189886722410233,11.10212174857036,2.348110695835796,8.005726944508211,25.77018933728337,-0.4171803712785796,1.2474490517615324,,
xlstm,US,carbon,USA|florida,12,15.68101839506375,20.108941487844852,3.961170185810202,14.766595221149387,3.7301784400914584,3.955349308206225,14.103677601367195,0.5859245884063523,1.0796959154390906,,
xlstm,US,carbon,USA|georgia,12,16.724491610204172,19.527124211113602,5.288920319148742,2.970869874879734,0.9395020436502517,5.260787706376484,15.010129759237174,0.6599236009701851,0.5958821914632098,,
xlstm,US,carbon,USA|idaho,12,17.564735107471552,21.832107441113138,11.189035943138723,2.3556786520779234,1.5006074926443151,11.964148684952436,17.279906845092768,0.7907169503753207,0.5181426395285015,,
xlstm,US,carbon,USA|illinois,12,26.28731354651352,30.761793360939603,11.8009099076033,-4.508277180517726,-2.023857354295895,12.064965359245912,23.847503863573095,0.378727126926843,1.0829240191526717,,
xlstm,US,carbon,USA|indiana,12,24.898613552711907,28.367843439924005,4.403534853421668,-5.82163813093059,-1.0296069843121538,4.412218594593821,23.027875654697425,-0.07440938166707894,1.4791000887949597,,
xlstm,US,carbon,USA|iowa,12,54.84357604267697,72.31291855027962,19.708291284217257,-18.221247720892226,-6.547889170570856,20.563712164639455,35.259308866560474,0.8533800059340971,1.184439353834964,,
xlstm,US,carbon,USA|kansas,12,58.684709043403494,68.13058313994382,20.54870672007032,-13.467343448897225,-4.7156490223914,21.522855729531486,58.764390102028855,0.26403347271554806,1.1459489303882635,,
xlstm,US,carbon,USA|kentucky,12,14.503411145210293,16.77461772915434,2.161183028303889,9.203495348294647,1.3714317100068514,2.1565977968859453,15.962973020076788,-0.45934525740618587,1.0562937811748545,,
xlstm,US,carbon,USA|louisiana,12,14.341565352876984,16.84693970217413,3.4178117555785357,7.357621744076454,1.7534324511487274,3.3918860741916945,14.519221244454371,-0.22789375695612077,0.6233764329182576,,
xlstm,US,carbon,USA|maine,12,28.810160111921533,38.43521394903061,13.33212198843331,-21.85680722357084,-10.114404746460872,13.836021104732035,21.163814337551585,0.28821880817482043,0.9502633539907599,,
xlstm,US,carbon,USA|maryland,12,28.07261036029706,35.25839682808763,10.478992771510041,3.475154981203351,1.2972118894725284,10.43089512238278,17.028052818402628,-0.039198294759623185,0.6417824411495688,,
xlstm,US,carbon,USA|massachusetts,12,25.617653407255805,31.29345860025198,6.962028306486613,2.7806350334485566,0.7556843519240565,7.025984128566688,23.691184082031242,0.5458352990886045,0.8420516988065104,,
xlstm,US,carbon,USA|michigan,12,18.922655350267874,24.058126718122583,4.656528030875407,8.693522346839288,2.139320816543109,4.691542532210337,15.177021055817619,-0.03974579022172889,0.5482887149448193,,
xlstm,US,carbon,USA|minnesota,12,35.92991296768188,43.89225663689725,11.892924680503967,-1.3309478441874063,-0.4405483107859918,11.75577614956475,31.750458240509033,0.5184131960406616,1.0545359784045187,,
xlstm,US,carbon,USA|mississippi,12,27.77856604337695,30.857175208994395,6.756145063570617,27.77856604337695,6.756145063570617,6.573533069166208,31.196882413625787,-0.20562782670678906,0.733393810584298,,
xlstm,US,carbon,USA|missouri,12,54.2539244166017,61.55017121256883,9.222609951471053,-50.423057217697355,-8.571401871478814,9.481005497828175,48.63713619649417,0.4226891036630947,1.465458390077732,,
xlstm,US,carbon,USA|montana,12,62.48017358114325,80.07164132598022,18.680305531715995,46.14846615880733,13.797456028943428,19.032552921506294,54.95681993722914,0.32045091088593775,1.1320001410293201,,
xlstm,US,carbon,USA|nebraska,12,41.633512604932,50.68852259864968,10.641674698849654,-10.818759050766623,-2.765313500111815,11.62274371241843,33.415326278805736,0.8461719331275173,0.7498797265497986,,
xlstm,US,carbon,USA|nevada,12,18.502766535592574,24.353822335813273,6.1670577929986825,6.560705101403087,2.1867134001471276,6.317957074246154,17.237699052095394,0.7753628649345022,0.8311329717794833,,
xlstm,US,carbon,USA|new hampshire,12,27.482331604311856,34.63120961254861,16.61835741613633,2.4516643546024723,1.4825028347592148,17.355778803686743,23.29104108691213,0.37143606473466406,0.4842704696095749,,
xlstm,US,carbon,USA|new jersey,12,24.49019668792687,27.59125439015639,10.010742360521533,11.510184947301987,4.704964092272764,10.047794403647202,22.394068596065097,0.8594711718962439,0.9063121694320766,,
xlstm,US,carbon,USA|new mexico,12,41.00693317120274,48.390718290445754,13.18890170178912,-6.717401692320898,-2.16049198903927,13.692311343098638,32.170846334695796,0.035307501814868913,1.3660266828944776,,
xlstm,US,carbon,USA|new york,12,19.632935857226474,24.12673136129551,7.955105764756334,-11.1330983358125,-4.511040803824674,7.998448294735201,16.290492354035408,0.6480102119676274,0.7704083577655186,,
xlstm,US,carbon,USA|north carolina,12,31.930757515380773,40.093404237776504,10.271941295746108,3.675664224773662,1.1824400696276107,10.233856562339193,33.38902784630656,0.2330034282723613,0.9764757649963539,,
xlstm,US,carbon,USA|north dakota,12,41.90632226482034,53.517467152845256,8.954087262076653,6.437278751681295,1.3754477262075075,8.992911197127164,38.9636870086193,0.4449799888240709,1.6660921431459184,,
xlstm,US,carbon,USA|ohio,12,18.02093856592973,21.047814320608364,3.7692691371632385,-8.59754216114682,-1.7982665111981382,3.7990311371372663,19.030389800965764,0.19412559590586165,0.6719861008884022,,
xlstm,US,carbon,USA|oklahoma,12,36.81276118208965,42.410918953566764,12.097555699984824,-7.102044022530326,-2.3339018967179754,12.315234448536144,35.76742434874177,0.5674926741350511,1.2201483929926247,,
xlstm,US,carbon,USA|oregon,12,14.808057686487828,19.05332963361707,8.005184872209911,7.520220255851734,4.065405112701804,8.060700025043763,12.217736361026752,0.8700833394451088,0.357714797986467,,
xlstm,US,carbon,USA|pennsylvania,12,19.151000354041653,21.40425993443598,5.4804962296370086,-1.4782930191854529,-0.42304731701572834,5.472789738501169,16.80440572232007,0.27943906620323905,1.0120814037727512,,
xlstm,US,carbon,USA|rhode island,12,13.825397244952574,16.72697826879687,3.2148223845086608,-13.802909228118708,-3.2095932414598334,3.234169969246529,14.484511345326865,0.6899420259881919,1.7862521192237242,,
xlstm,US,carbon,USA|south carolina,12,19.802061261534693,25.819032677804426,7.6868869128980135,4.74960044304532,1.8437293474118925,7.683809312746,17.70717449337242,0.17657623604149275,0.6135590091868871,,
xlstm,US,carbon,USA|south dakota,12,44.34453773512194,49.31346262848961,32.10948576385356,21.3798076716438,15.480928771140476,31.792772428208504,43.113719974681736,0.47252910985708896,0.6473966754399825,,
xlstm,US,carbon,USA|tennessee,12,53.91880934660632,59.08196379118636,16.59070065768555,-14.12408084486919,-4.345949033403941,17.003876683895616,56.219126190543165,-0.6334180530329993,1.1028367872095985,,
xlstm,US,carbon,USA|texas,12,22.856442664501582,27.014293674717102,6.713975476516741,10.278671888597321,3.019312847768094,6.813138277488131,19.631613507121813,0.5426039857252309,1.35797507989625,,
xlstm,US,carbon,USA|utah,12,35.71495409665009,47.19112012333579,6.581309002510739,-11.358074327732078,-2.0929887414107182,6.5696217556668035,26.249423543363832,0.019825055180850565,1.9951438331468718,,
xlstm,US,carbon,USA|vermont,12,10.785681806057696,13.651596756269992,17.96166722261128,3.676983164201188,6.123372556886711,19.22757942779525,8.904676011204714,0.21082533642908935,1.0473009352912763,,
xlstm,US,carbon,USA|virginia,12,24.856926142747188,33.552958970741706,7.692467343536371,-1.727372778778258,-0.5345696653945508,8.002120257536225,16.982753717750285,0.5601186893776913,0.8271606290531434,,
xlstm,US,carbon,USA|washington,12,19.93722925218443,26.626371202053704,15.766056292419877,4.403034788543972,3.4818526413875417,15.997352168078738,16.08372297391294,0.6546043020187245,0.6345226124551469,,
xlstm,US,carbon,USA|washington dc,12,51.905298941545176,60.88730794941572,43.753632578555475,44.23489356067031,37.28785537262261,40.98893270045332,35.3332065117359,-0.3538923713840668,1.1413565447085696,,
xlstm,US,carbon,USA|west virginia,12,23.996287140771745,25.65275401250291,3.2424566951243126,-13.781074417854379,-1.862143787080105,3.2663005986727187,26.503840237706868,0.23067649675704727,2.681572773149758,,
xlstm,US,carbon,USA|wisconsin,12,28.710885696113113,33.23306494170794,6.138575662637434,22.16000212222338,4.73795379046388,6.085908423933595,21.63394312664869,0.27070434901584045,0.9355988849761642,,
xlstm,US,carbon,USA|wyoming,12,49.35392676671344,57.9747986145392,9.13571083349496,35.07227987746392,6.4920914752423275,9.09814503622325,38.44093759715554,0.8289097517124686,2.552153190380379,,
chronos-2,Europe,electricity,AUT,12,344.579345703125,418.89934884936355,6.3332089882639,99.47013346354167,1.828215042981314,6.3668259862317385,348.446533203125,0.42538401074419296,0.5892943459879371,,
chronos-2,Europe,electricity,BEL,12,445.3534749348958,616.8031672356365,8.205499307874636,424.8293863932292,7.8273493577748345,8.132577311958086,347.461181640625,0.6575185654189147,0.5241655022352704,,
chronos-2,Europe,electricity,BGR,12,246.0558878580729,316.6448983818298,8.14754595556533,190.51678466796875,6.308502803575124,8.092320142953689,239.6827392578125,0.7681517215701366,0.5659942378333163,,
chronos-2,Europe,electricity,BIH,12,103.13547261555989,124.72012067812769,10.885010302433763,72.76710510253906,7.679905551719163,11.483373227820383,100.7771606445313,0.9182721686601941,0.6633839444618929,,
chronos-2,Europe,electricity,CHE,12,423.0185546875,474.9875226575484,7.722839884755819,216.86930338541666,3.9592752786018557,7.675687374917679,468.260498046875,0.829747068578028,0.681538498947272,,
chronos-2,Europe,electricity,CYP,12,20.888282775878896,24.445087868766464,3.6699764759962923,-12.191480000813792,-2.1419877014606956,3.617272137091655,20.87103271484375,0.9822252447941774,0.6778838938587114,,
chronos-2,Europe,electricity,CZE,12,310.1775309244792,390.99900128451145,5.330274052833667,229.17777506510416,3.938326365145711,5.353561066442234,290.780029296875,0.9054853263113258,0.6923053699390526,,
chronos-2,Europe,electricity,DEU,12,2328.4404296875,2577.4949103864164,5.822556713397099,-1950.1070963541667,-4.876486862601067,6.038114867960893,2526.3046875,0.8934187989606952,0.9364598108481758,,
chronos-2,Europe,electricity,DNK,12,306.6312662760417,353.90074671120453,10.616200794323428,-306.6312662760417,-10.616200794323428,12.251685328113746,285.41162109375,0.957127656184996,1.0926726637899036,,
chronos-2,Europe,electricity,ESP,12,698.8751627604166,925.8116758892231,3.2986555825696193,-391.69677734375,-1.848789068645768,3.281463375495048,546.4228515625,0.8353513575868872,0.5863661564848802,,
chronos-2,Europe,electricity,EST,12,157.83387756347656,168.0041148064552,41.718205523385876,157.83387756347656,41.718205523385876,35.788242482575285,182.88885498046875,0.5698364365087812,0.9570868590746819,,
chronos-2,Europe,electricity,FIN,12,383.9036458333333,496.777815940677,5.539735149110149,-334.9357096354167,-4.833127123166186,5.3410696053771325,277.550537109375,0.966165728181107,0.9529907146215327,,
chronos-2,Europe,electricity,FRA,12,3131.8893229166665,3533.391804431452,7.050496552856204,-2965.6666666666665,-6.6762967826657915,7.378082344668154,3478.3359375,0.9482503765385067,1.0513160622408708,,
chronos-2,Europe,electricity,GBR,12,1307.6070963541667,1444.579427055019,6.394427301947919,-1307.6070963541667,-6.394427301947919,6.526356312478107,1138.685546875,0.9743344175371452,1.0627094898168976,,
chronos-2,Europe,electricity,GRC,12,479.2906901041667,608.2692432026639,10.837550935085735,-477.37109375,-10.79414570378745,11.140357731627798,376.936767578125,0.8186459427705949,1.0343074622671804,,
chronos-2,Europe,electricity,HRV,12,168.97159830729166,196.3456340436925,15.585389544100693,76.42270914713542,7.048981627714259,15.369361138540608,171.082763671875,0.691961935686586,0.972821425152698,,
chronos-2,Europe,electricity,HUN,12,137.80745442708334,157.49714951468155,4.4051397259589775,33.6378173828125,1.075263208827251,4.419819828896829,138.2696533203125,0.6126447269772279,0.6850614689673028,,
chronos-2,Europe,electricity,IRL,12,71.12984212239586,90.40194405550045,2.961686694895039,-39.17435709635415,-1.6311321483561754,2.9990139073193642,53.790649414062614,0.9590464362469334,0.5659936250781614,,
chronos-2,Europe,electricity,ITA,12,676.7210286458334,923.4780132348948,3.1896980807376565,-360.8961588541667,-1.7010699187909972,3.170624720350735,484.03515625,0.8228667413544267,0.585702811706624,,
chronos-2,Europe,electricity,LTU,12,91.63950602213542,112.58040016211733,12.553356989333619,46.677083333333336,6.39412100456621,12.689600288401945,80.5599365234375,0.535878401422782,1.0953708297202953,,
chronos-2,Europe,electricity,LUX,12,7.130950291951495,9.561742984531326,6.433940113038942,2.1522935231526668,1.9419189682580453,6.521174677077621,7.717494964599624,0.5539556025877624,0.5313257080277586,,
chronos-2,Europe,electricity,LVA,12,100.91580581665039,132.24442355964604,19.627061098862313,-98.95908991495769,-19.246500469683827,23.89909435949146,61.1495361328125,0.7994274190584838,0.8460007673252127,,
chronos-2,Europe,electricity,MDA,12,20.746312459309877,27.10136740269979,4.5182531671818245,-15.309839884440086,-3.334266399515082,4.534343363569182,17.517303466796847,0.10853148790062259,0.31463601834024457,,
chronos-2,Europe,electricity,MKD,12,51.18929799397787,64.84052271275384,9.307145089814158,43.08685048421224,7.8339728153113155,9.42001963825388,40.58636474609375,0.8053846128958029,0.7668032493025025,,
chronos-2,Europe,electricity,MLT,12,13.60979334513347,17.66489498037411,4.831879294130227,-13.60979334513347,-4.831879294130227,4.80318833331268,9.578956604003906,0.9157098054716146,0.5134233417625201,,
chronos-2,Europe,electricity,NLD,12,838.7151692708334,958.1575147424006,7.311719601343988,-775.3450520833334,-6.759273973846714,7.509601001701688,746.09326171875,0.6805856472912901,1.3364077245459287,,
chronos-2,Europe,electricity,NOR,12,862.5956217447916,1113.8714918755877,6.899385096938945,575.0738118489584,4.599670560679531,6.816999386534849,630.53564453125,0.8973477717443185,0.9128858512275978,,
chronos-2,Europe,electricity,POL,12,593.7587076822915,717.1051876342192,4.42553074048913,-123.34529622395819,-0.919343822787266,4.421147333535377,441.78271484375,0.840353421276954,0.8462837269078219,,
chronos-2,Europe,electricity,PRT,12,261.19492594401044,315.83545875639635,6.971394820569674,-117.05759684244792,-3.1243130829834853,6.879267404001349,201.1881103515625,0.906801831714223,0.5743929256966261,,
chronos-2,Europe,electricity,ROU,12,203.10233561197916,243.20335212296206,4.772328230553652,-201.34151204427084,-4.730953876113667,4.856901307027094,203.1025390625,0.9054115908500163,0.5682603444552004,,
chronos-2,Europe,electricity,SRB,12,130.34454345703125,163.2504016026258,4.751319931605027,91.44407145182292,3.33331973700448,4.953745106978683,113.811279296875,0.9303436728365592,0.5288298674144191,,
chronos-2,Europe,electricity,SVK,12,141.67728678385416,168.09105920106546,5.8766935409825445,-92.317138671875,-3.8292625788541303,5.928206937909611,115.9254150390625,0.84408149353546,0.7751761660865494,,
chronos-2,Europe,electricity,SVN,12,131.0235392252604,179.03132059631415,11.724701496667599,86.85630289713542,7.772376098177666,11.9769833400333,90.35992431640625,-0.03224824068255503,0.7254902504167244,,
chronos-2,Europe,electricity,SWE,12,574.068359375,661.7085953219064,4.24319082999692,114.49104817708333,0.8462535128580229,4.2015798325064715,697.58447265625,0.9560873889950962,0.7262584011069695,,
chronos-2,Europe,electricity,TUR,12,777.6923828125,1057.1972017356297,2.621655924305419,-653.4781901041666,-2.2029211116807597,2.5204014638192276,568.60546875,0.9735838336889036,0.5387671227686819,,
chronos-2,India,electricity,IND|delhi,12,116.31642440795899,134.1560149015128,41.58328719267562,47.65811325073242,17.037843283554906,43.782500462303226,107.82613220214844,0.3715362254170876,0.8821977256981666,,
chronos-2,India,electricity,IND|gujarat,12,2199.5893131510416,2476.906576480732,17.44351393680601,-1776.110400390625,-14.085177781727351,18.199199480950046,1833.8224804687497,0.9252152547718985,1.03808000832468,,
chronos-2,India,electricity,IND|karnataka,12,680.2277392578127,942.3832124784523,7.808046129236292,-518.7960139973958,-5.9550397244536635,7.7112759021782145,469.7021484375,0.41064900641067803,0.9214689298056231,,
chronos-2,India,electricity,IND|kerala,12,301.4363623046875,385.5034063439427,30.32223418984696,-217.4529972330729,-21.874138398474308,30.369534176273955,182.019970703125,0.8113807400846108,1.3852040314396799,,
chronos-2,India,electricity,IND|maharashtra,12,570.7712727864583,674.1637174652633,4.0365564803278975,367.3580240885417,2.5979958758187807,4.012114542444947,584.4800976562501,0.7948468419462998,0.3703432179973112,,
chronos-2,India,electricity,IND|odisha,12,300.1741455078124,395.4466659662455,4.695072598578099,173.56625488281256,2.714778003147198,4.73697805945949,241.93745117187473,0.5342066022246517,0.5315069680041646,,
chronos-2,India,electricity,IND|rajasthan,12,652.3393977864586,841.1908219044838,5.820589775693377,-443.00465169270836,-3.952771141796443,5.801940313255446,395.1325781250007,0.24842397138004083,0.6000323411956997,,
chronos-2,India,electricity,IND|tamil nadu,12,680.9221419270833,889.0538750857098,6.230401065118567,160.86479166666672,1.4719042128716722,6.169952651023442,494.3142773437503,0.9107953265075711,0.720962958263711,,
chronos-2,India,electricity,IND|telangana,12,390.8025683593749,455.5289784486487,6.67889397398487,-75.58075520833336,-1.2916902072300664,6.75572742152678,367.9098632812497,0.5890375092663179,0.6879624821411494,,
chronos-2,India,electricity,IND|uttar pradesh,12,708.8380403645833,860.3942299890498,4.909439442457953,304.22385416666657,2.1070660770607175,4.837492844383179,603.6156640625004,0.6356703390599601,0.616241398874336,,
chronos-2,India,electricity,IND|west bengal,12,391.6880240885416,516.7961617730929,4.977886984258132,380.74623372395837,4.838829896753134,5.001556524000433,367.10396484374996,0.7211574666233854,0.5969936262181678,,
chronos-2,US,electricity,USA|alabama,12,504.4503841145835,661.2061251450334,4.252725700015934,16.312317708333314,0.13751959544409156,4.175971061430406,441.6667382812502,0.8458534297562629,0.7775291184127928,,
chronos-2,US,electricity,USA|arizona,12,285.5407877604166,330.87922493325976,2.796213209057261,31.957324218749818,0.31294825796155945,2.858555690669759,214.6146874999995,0.9935625458461773,0.525889946978603,,
chronos-2,US,electricity,USA|arkansas,12,581.8394230143228,650.7516639575334,10.392244442576787,-581.8394230143228,-10.392244442576787,10.886583586101887,566.5014746093748,0.9593129879411217,1.2327352452068794,,
chronos-2,US,electricity,USA|california,12,757.7864908854166,882.0482185813187,3.7681194039045907,-296.77922526041584,-1.475744910776775,3.8701047043440595,659.8195703125002,0.9571604231734185,0.7965979554912295,,
chronos-2,US,electricity,USA|colorado,12,209.52168619791664,258.4866715355539,4.268737306744601,109.6448274739583,2.233873610045027,4.373547752248429,188.71055664062487,0.8572042993863053,1.057212014694808,,
chronos-2,US,electricity,USA|connecticut,12,145.80310628255208,203.58269985765563,3.841100203665795,102.13294840494795,2.690634643674801,4.205118262727752,116.50800292968734,0.9728253304086981,0.5232536262685435,,
chronos-2,US,electricity,USA|delaware,12,121.67486002604169,134.66040936980835,26.159463808534582,-20.020190022786462,-4.304237015181099,29.17794085964756,113.5350451660156,0.6451708663945596,0.8235536514024605,,
chronos-2,US,electricity,USA|florida,12,577.204205729167,749.1199403558483,2.5452251392029304,-179.41714843750046,-0.7911533423952568,2.568662909978829,490.3973437500008,0.983389292858261,0.6757050048885311,,
chronos-2,US,electricity,USA|georgia,12,815.8131184895834,1018.2151771454693,6.638644938212962,-811.0095052083334,-6.599555737179097,6.9076933574591255,831.3956445312506,0.9082972172314657,1.0914916883159458,,
chronos-2,US,electricity,USA|idaho,12,157.01626302083335,213.84576453106087,9.270378482796966,-112.83521321614587,-6.661890383685779,9.394645421584839,116.01108886718748,0.4681380421250072,1.0400239746570215,,
chronos-2,US,electricity,USA|illinois,12,854.2950911458335,976.4751735891972,5.216731299672038,-818.5024023437503,-4.998164153602162,5.310860343778079,939.6218945312503,0.9116628314223462,1.1821767340790499,,
chronos-2,US,electricity,USA|indiana,12,1027.3389876302083,1185.9098588891848,11.242029357112749,-1027.3389876302083,-11.242029357112749,11.70820443755629,1130.8907812500001,0.8611460634123077,1.424217034213526,,
chronos-2,US,electricity,USA|iowa,12,477.7500439453126,537.856850625461,7.67232488063099,-128.1960758463541,-2.0587375234816867,7.735474376380985,552.572080078125,0.6641857671486607,1.3620460647813035,,
chronos-2,US,electricity,USA|kansas,12,464.85895507812484,479.7778167466518,8.833662126989164,-293.9099283854166,-5.585137114736263,9.16947842238174,455.69821289062475,0.8257204848647572,1.3560604732554706,,
chronos-2,US,electricity,USA|kentucky,12,558.6093294270833,657.1323683084639,9.061034920094123,-557.634599609375,-9.045224119144969,9.018037653133954,458.816142578125,0.9733051059074217,0.9818347463359233,,
chronos-2,US,electricity,USA|louisiana,12,472.88975911458346,576.2821224678158,5.546166334618912,-392.4105338541667,-4.602286368575109,5.714101227787227,392.2582226562504,0.9054525702873265,0.9139134745898693,,
chronos-2,US,electricity,USA|maine,12,187.5095694986979,206.52659962416317,14.003998304571885,-187.5095694986979,-14.003998304571885,14.799729518041826,177.1545190429688,0.6584726395588668,1.2164123655848464,,
chronos-2,US,electricity,USA|maryland,12,303.4325358072917,351.7482687353854,9.233397818403704,-174.45340983072916,-5.308586073205909,9.181032803981495,331.83257812500005,0.8006441916105268,0.7506630007723109,,
chronos-2,US,electricity,USA|massachusetts,12,182.6171146647135,222.8416408325612,8.0521376876766,-141.44453328450518,-6.2367147748833816,8.267240683828337,140.52828613281235,0.8901916074064478,0.49274947344677833,,
chronos-2,US,electricity,USA|michigan,12,539.1485384114582,656.0282635887621,5.094721266804089,-446.67326497395817,-4.220869797923724,5.156483768121945,459.2775976562498,0.8674656432232276,0.7638831177004896,,
chronos-2,US,electricity,USA|minnesota,12,226.6022037760415,255.80210179864446,4.443623376370027,-201.20113932291656,-3.9455136408612606,4.458202434460558,232.42599609374975,0.9693953408006282,0.7775368200188578,,
chronos-2,US,electricity,USA|mississippi,12,413.79476888020827,511.574733918453,6.461617494582718,-254.95897135416666,-3.9813150711429754,6.572407969680015,385.421611328125,0.8831645080700048,0.7389225289045189,,
chronos-2,US,electricity,USA|missouri,12,390.2432714843751,466.6199073359638,6.393168567693261,-304.4147298177085,-4.987080686390087,6.853619376198088,397.3350781250001,0.9060139619170322,0.7547600542836731,,
chronos-2,US,electricity,USA|montana,12,174.94513346354165,220.9074712179727,7.547377709639333,-154.0641674804688,-6.64654363614266,7.44696933045441,147.14386474609364,0.8831719592090227,0.7179176303003548,,
chronos-2,US,electricity,USA|nebraska,12,195.97151367187496,228.54374970440477,5.8564414507620075,-135.5947412109375,-4.052133129219424,5.938257287819717,212.54536621093757,0.8982536541570468,0.8876753752348505,,
chronos-2,US,electricity,USA|nevada,12,175.8067602539062,243.88778457629408,4.466282458314659,-89.38352620442708,-2.270743596961718,4.633042381732234,122.49893554687492,0.9311688315809235,0.6410462937627207,,
chronos-2,US,electricity,USA|new hampshire,12,198.46844401041668,226.41470929321537,11.995669026685292,-198.46844401041668,-11.995669026685292,12.452871411618196,176.98629882812497,0.7907947230850769,0.7707966819329154,,
chronos-2,US,electricity,USA|new jersey,12,372.96759277343745,449.9472364181139,6.8632784130544415,-78.72656412760414,-1.4487111979167457,6.961740670137464,275.31082031250025,0.8542483332755202,0.833376758852513,,
chronos-2,US,electricity,USA|new mexico,12,297.6023396809896,343.22317131830926,8.848651332557154,-145.05692464192714,-4.312997508370809,9.157873597290859,308.91767089843756,0.2209682212071529,0.9911550225621476,,
chronos-2,US,electricity,USA|new york,12,424.76627929687476,540.6889080117495,3.700033748039534,-303.83477539062505,-2.6466293996647674,3.613193570759663,311.2922265624993,0.9390458220999456,0.7171825917477975,,
chronos-2,US,electricity,USA|north carolina,12,622.1343098958336,712.0383001042496,5.4759274546006536,-213.41639322916672,-1.878457221144282,5.320362392117441,627.8941992187501,0.940186361653685,0.818859447368455,,
chronos-2,US,electricity,USA|north dakota,12,229.90122151692708,268.41835680683005,6.4547038584669,123.70997314453128,3.4732796794994414,6.457363405615562,209.38768554687476,0.9120642707637687,1.1552555970342233,,
chronos-2,US,electricity,USA|ohio,12,851.8632975260417,1004.9613233546992,6.948520877873133,-310.55044596354173,-2.533113310172299,7.221005003292986,865.2323046874999,0.93383556541598,0.9339663134594275,,
chronos-2,US,electricity,USA|oklahoma,12,399.5206298828125,496.31781845028104,5.250937331090702,327.0300048828124,4.298186207629949,5.282031229300716,384.72396484374985,0.9317596832069364,0.7455518578277603,,
chronos-2,US,electricity,USA|oregon,12,239.6692171223959,394.47613735912324,4.448167958109639,-114.61653483072912,-2.1272385491343324,4.250428655629035,144.85376953125024,0.7413419041459838,0.7773990213603971,,
chronos-2,US,electricity,USA|pennsylvania,12,960.0076627604163,1117.5900804241983,4.629899909406201,-508.1055533854166,-2.4504782064172153,4.664660165580018,1110.1593749999993,0.9404577531274966,1.1019685632948952,,
chronos-2,US,electricity,USA|rhode island,12,95.42890808105467,108.91302531210995,11.343849866047371,-94.4543613688151,-11.228003296979368,12.376956408817819,85.03270751953124,0.9374835266633342,0.8222212776235622,,
chronos-2,US,electricity,USA|south carolina,12,631.3638264973957,714.889628894882,7.212389096042421,-631.3638264973957,-7.212389096042421,7.4966179986507635,726.1581054687504,0.8974392468277133,1.3385478532117683,,
chronos-2,US,electricity,USA|south dakota,12,145.11196207682292,204.98296674844858,7.925097098202097,-140.32069742838542,-7.663428542291122,7.8913032692002245,108.37860595703125,0.5508340025646586,0.9562451077572803,,
chronos-2,US,electricity,USA|tennessee,12,425.82510416666656,575.1006218530781,6.824637939950572,-56.00054361979164,-0.8975126898481343,6.949636805089017,354.27787109375004,0.8837748821021633,0.733631082426696,,
chronos-2,US,electricity,USA|texas,12,1433.8342578125,1834.3471883367488,2.890318010998521,-1290.6029296874997,-2.601592807814637,3.0272222658823633,1030.4761718750015,0.977930945323735,0.8862865733537285,,
chronos-2,US,electricity,USA|utah,12,270.74032958984367,329.6691237744451,8.47524184930728,-94.83642008463539,-2.9687545906346524,8.605588069084181,251.61414550781228,0.727561244246264,0.9437205487002287,,
chronos-2,US,electricity,USA|vermont,12,20.2993142191569,22.314064066022485,9.469435959799519,-0.22326329549153456,-0.10415019226785938,9.463897687736244,20.34027923583986,0.6054747192331748,0.25774665669685526,,
chronos-2,US,electricity,USA|virginia,12,406.58206542968736,540.6873908225705,4.579461875561815,-286.192071940104,-3.2234714562548783,4.4654387239336115,296.9511914062505,0.9729209766721548,0.6972633495313879,,
chronos-2,US,electricity,USA|washington,12,452.1117366536457,604.3153363130857,5.249849399115069,-116.99279459635416,-1.3585016769493545,5.114829645744897,375.9852734374999,0.7445640988126868,0.5504543077579481,,
chronos-2,US,electricity,USA|washington dc,12,4.568146222432453,5.423495231570449,10.005065645042789,-4.368034553527832,-9.566784931982843,10.166412683203745,4.601010055541991,0.875547488819792,0.5765593051844983,,
chronos-2,US,electricity,USA|west virginia,12,690.4194124348959,768.0088348892082,15.400608380572054,-424.6673958333334,-9.472700415768303,16.69400846939304,653.1942822265623,0.7921056629723108,0.9625115616952847,,
chronos-2,US,electricity,USA|wisconsin,12,256.9845930989582,300.5341408719234,4.594328937005351,-119.09513671874986,-2.1291635669102646,4.650978629956923,216.62015625000004,0.9645912478336146,0.6900521412610918,,
chronos-2,US,electricity,USA|wyoming,12,253.25181966145837,293.4924185346281,6.583364280636688,-253.25181966145837,-6.583364280636688,6.7158489218805935,280.2657421874999,0.9485360954437952,1.0367376013330414,,
sarima_core,Europe,electricity,AUT,12,571.2153907083174,708.3636384716317,10.498674664573148,384.3265796446053,7.063744762957978,10.133485006324761,389.8943088352439,-0.013986986267987965,0.976883856456429,,
sarima_core,Europe,electricity,BEL,12,454.63874339845256,507.15302089433885,8.376577492371306,-182.25366574380018,-3.357967125634273,8.731742278270573,496.5505523789452,0.6052779504336009,0.535093939266779,,
sarima_core,Europe,electricity,BGR,12,206.84010652649098,222.96143258661786,6.8490101498838065,25.9836533352302,0.8603858720274902,6.900675152103615,214.0630292226208,0.8256533646010301,0.47578747034230817,,
sarima_core,Europe,electricity,BIH,12,92.55834795755963,117.24933736903132,9.768691077315001,47.8505691229227,5.0501919918651925,10.063498442655456,65.121909785762,0.8101011505915058,0.595350177817469,,
sarima_core,Europe,electricity,CHE,12,1132.530595776149,1241.804387361759,20.676049215447723,1071.703139438586,19.56555252284046,19.17648145540711,1372.0094046691056,0.6117486726172631,1.82465566510987,,
sarima_core,Europe,electricity,CYP,12,22.22062525864916,26.737876349615295,3.9040630029837473,13.149487973141254,2.310305353992607,3.9156292151631167,19.820445862122398,0.9705731582490592,0.7211221782052181,,
sarima_core,Europe,electricity,CZE,12,275.48572704166486,324.4921614517796,4.734109586853757,-61.618648766881584,-1.0588912862703408,4.911583019830868,214.66127282745856,0.9069859043689337,0.6148744804437318,,
sarima_core,Europe,electricity,DEU,12,3792.4670356538904,4049.8650156240024,9.483538473753164,-3630.6834187070235,-9.078978291340393,10.126923516206922,4065.19266035104,0.8917994834960402,1.5252668342187434,,
sarima_core,Europe,electricity,DNK,12,503.0066046498735,554.9906062051218,17.415116144831167,-503.0066046498735,-17.415116144831167,19.85300342163853,551.3193836642315,0.8974595250387034,1.792451152427166,,
sarima_core,Europe,electricity,ESP,12,806.6390485151693,1051.9431011827933,3.8072956978374894,-378.15053621173655,-1.7848514925034764,3.8215837628281504,691.7764818802916,0.7404080569624013,0.67678158239343,,
sarima_core,Europe,electricity,EST,12,148.65126436320395,154.59451207268003,39.29108309159576,148.65126436320395,39.29108309159576,34.0436087102351,151.97443665081414,0.8054598347751504,0.9014045267286869,,
sarima_core,Europe,electricity,FIN,12,327.16335896484264,434.07304992845735,4.72097199083467,89.08521599848541,1.2855009523590968,4.849249676198183,251.02392872303926,0.9306758612240466,0.8121403551172399,,
sarima_core,Europe,electricity,FRA,12,1588.1047907814748,1882.16513005971,3.575135069764131,-1164.0005338157105,-2.620393285018014,3.64771988157268,1336.9072314431796,0.9708990652875243,0.5330967677731909,,
sarima_core,Europe,electricity,GBR,12,1657.7665466599785,1828.3086505016445,8.106768230131522,-1657.7665466599785,-8.106768230131522,8.568592029693946,1773.3004764795223,0.9531208561661321,1.3472886817060996,,
sarima_core,Europe,electricity,GRC,12,267.0981556386237,365.8342606134562,6.0395286747003665,-22.770237357263756,-0.5148725236238272,5.982991900024642,178.1848517851513,0.8297294026875418,0.5763967905881667,,
sarima_core,Europe,electricity,HRV,12,197.95810200893857,217.72393380451356,18.25901017761155,101.12864001497803,9.327776173556774,17.85550692985156,186.50323231959214,0.5804764966443378,1.1397056360124898,,
sarima_core,Europe,electricity,HUN,12,128.6689011690319,181.34408662551812,4.113017618615831,-75.22776932688207,-2.4047235799749194,4.1096649617295,64.97297335061194,0.5692273815381129,0.639632353791903,,
sarima_core,Europe,electricity,IRL,12,99.82357828259535,117.5225850456368,4.1564293525022356,-93.47576792006691,-3.892120801668296,4.199881599185796,75.05454871748839,0.9656773713374209,0.7943151180234437,,
sarima_core,Europe,electricity,ITA,12,910.144214724785,1244.8914205851734,4.289929131818775,-137.42498856299213,-0.6477473045900882,4.168371600533086,676.3935507374645,0.7057557539238111,0.7877308418943958,,
sarima_core,Europe,electricity,LTU,12,155.44157168965964,174.84583434654456,21.29336598488488,151.36457008737378,20.73487261470874,19.758481715031316,166.04016532661768,0.6592221481367828,1.8579995762264545,,
sarima_core,Europe,electricity,LUX,12,13.251921096375938,15.674352123288186,11.956620538083552,-0.35621302347288025,-0.3213952091484634,12.022587358315599,13.272327234209712,-0.07285265185268493,0.9873980424750702,,
sarima_core,Europe,electricity,LVA,12,317.5321110518584,330.4069672835155,61.756650447687214,-317.5321110518584,-61.756650447687214,111.14276464799515,296.3791561740269,0.8847796069881683,2.661945841153304,,
sarima_core,Europe,electricity,MDA,12,37.658856910219406,46.399591083352405,8.201565933260124,14.64088516730782,3.1885775319000698,7.806383383994447,34.10014970400542,0.33803636921453,0.5711295834725217,,
sarima_core,Europe,electricity,MKD,12,70.0094680977307,89.35149017135686,12.728994199587401,69.66434320552646,12.666244219186632,12.300746773821759,45.041859053613024,0.7475850808669849,1.0487248257554802,,
sarima_core,Europe,electricity,MLT,12,29.221019398929602,31.710915984228727,10.37432641382116,-29.221019398929602,-10.37432641382116,11.036799790428603,30.833258058892653,0.8909348235328832,1.1023498336123143,,
sarima_core,Europe,electricity,NLD,12,776.9690564958869,854.5805605284535,6.773431658518447,-620.9188817803023,-5.413023306475574,6.9517931906927535,800.0973924282935,0.6781439001951106,1.2380215439968607,,
sarima_core,Europe,electricity,NOR,12,969.8800615644327,1275.9724777672664,7.757488994716518,758.93929364638,6.0703002891132165,7.678905104289517,677.4489767626246,0.8719248563223845,1.0264250864142157,,
sarima_core,Europe,electricity,POL,12,488.15911434408525,575.4052907827638,3.638453026167095,113.88739614715571,0.8488501576185519,3.633046709590154,423.8051252631667,0.8932256882512032,0.695772725967645,,
sarima_core,Europe,electricity,PRT,12,411.2334280735583,460.45754111212136,10.975981176340524,-169.18526888652409,-4.515621055690144,11.32495898657867,404.88030469277874,0.664205616268044,0.9043421155358047,,
sarima_core,Europe,electricity,ROU,12,164.89934980496528,211.97157073579703,3.874666531544123,-158.4853709989833,-3.723956240430389,4.014787377557432,123.81019427397109,0.909764085703776,0.46137215034114704,,
sarima_core,Europe,electricity,SRB,12,111.27557700922607,148.6793654254276,4.056217873969358,85.52367935155951,3.1175095753909905,4.111030922887544,97.35954711369118,0.9434098073344185,0.4514638440208342,,
sarima_core,Europe,electricity,SVK,12,173.67999214057593,190.49869198417235,7.204147617306987,-155.67927715561885,-6.457488164076827,7.555070306568691,148.9496004759626,0.9063097557685198,0.9502764591961165,,
sarima_core,Europe,electricity,SVN,12,308.0867998242786,346.8593142579237,27.56928857487952,308.0867998242786,27.56928857487952,24.79576887642052,250.80203567183923,0.19954133056009374,1.7059069757711995,,
sarima_core,Europe,electricity,SWE,12,657.0749646124565,745.4169649375757,4.856729027009226,341.7020326640586,2.525669474572654,4.855411574383474,674.0451666908948,0.9552438890271976,0.8312707109069821,,
sarima_core,Europe,electricity,TUR,12,795.789928625714,912.8049921229747,2.6826640288531527,-307.9995623190016,-1.038288268064168,2.7234245308668794,729.3653678341452,0.9551730611865303,0.5513046799088172,,
sarima_core,India,electricity,IND|delhi,12,124.68974481867633,147.51898045520576,44.576761151038866,71.18809827446961,25.44984640230336,45.280701055066544,123.89143997415074,0.510321636189475,0.9457048723498601,,
sarima_core,India,electricity,IND|gujarat,12,1801.799054003471,2290.8394888178427,14.288897805567405,674.3453422299121,5.347794838372154,14.571803094532434,1155.3797983948853,0.3020232305189619,0.8503458194656569,,
sarima_core,India,electricity,IND|karnataka,12,560.5730509608335,748.1968633042248,6.434580638367642,-64.02535755022753,-0.7349199633323861,6.3184653370339054,340.516904449355,0.4783380862605457,0.759378983736173,,
sarima_core,India,electricity,IND|kerala,12,332.8205114228737,435.72399282744834,33.47924388879237,-321.62896492873534,-32.353458362629425,34.62898971299997,282.6280222820312,0.6670503998212718,1.5294250190784346,,
sarima_core,India,electricity,IND|maharashtra,12,914.8267788229474,1035.2384153257044,6.469754415648082,914.8267788229474,6.469754415648082,6.308146341382524,998.3888991682361,0.8246259486434473,0.5935825948727441,,
sarima_core,India,electricity,IND|odisha,12,385.85911063990415,494.8399409182869,6.035285064982316,319.2942643265057,4.994133484702509,5.933539841074776,211.55111746879948,0.5501911227952383,0.6832260840654624,,
sarima_core,India,electricity,IND|rajasthan,12,700.6117540289728,834.0660465025534,6.251306645082557,417.0226091678587,3.7209427230547076,6.097240383172902,678.8430809645779,0.4100033695810585,0.6444340361255377,,
sarima_core,India,electricity,IND|tamil nadu,12,903.7075122354419,1019.0018212421666,8.268875250337045,556.9958315100158,5.096481973820471,8.203984608586852,838.9454940654696,0.8784639006070544,0.9568489571839675,,
sarima_core,India,electricity,IND|telangana,12,365.20025786729576,459.84044023862583,6.241345372440386,104.73705781658009,1.7899772441126556,6.2482026686750745,413.98865077747587,0.5990661560339615,0.6428925913555746,,
sarima_core,India,electricity,IND|uttar pradesh,12,938.031677669007,1150.7518576418317,6.496843361079476,817.1636526472554,5.659706786032549,6.257670888942182,798.2724830968709,0.7133209383652747,0.8154951065237318,,
sarima_core,India,electricity,IND|west bengal,12,315.63647786290494,450.0275024781371,4.011362661820014,86.94580612991285,1.1049773545593202,4.111950780688154,173.56294080507087,0.4396344710083211,0.4810792107432687,,
sarima_core,US,electricity,USA|alabama,12,454.69229711176376,674.0818367355125,3.8332444149497413,7.114537175889079,0.059978495496099626,3.677103039456987,240.65485764286768,0.8447902487520472,0.7008350316610984,,
sarima_core,US,electricity,USA|arizona,12,461.19411771344375,497.64225685968574,4.516332304062559,88.11428239715649,0.8628760965395298,4.591325997010559,478.11404596081684,0.9742738238686172,0.8493965153401056,,
sarima_core,US,electricity,USA|arkansas,12,540.8759810819023,612.472396116147,9.660595666415164,-540.8759810819023,-9.660595666415164,10.354849793818193,459.0196977552241,0.9578043835452672,1.1459465598107075,,
sarima_core,US,electricity,USA|california,12,1268.2357505815983,1615.3721932624287,6.306345914016336,1113.5996721778972,5.537412692607398,6.155638224727413,911.1545134724256,0.9231607157647679,1.3331908369252619,,
sarima_core,US,electricity,USA|colorado,12,265.8718967088211,295.130937467329,5.416801023755684,100.06465495785271,2.038689805606191,5.514275436400159,304.4703278048619,0.8094846122895345,1.341545921431486,,
sarima_core,US,electricity,USA|connecticut,12,196.35549412583563,253.68421471123935,5.172874211719733,-31.532151638278947,-0.8306966646176861,5.574088590840264,139.13081669675353,0.8827484491684598,0.704674454191586,,
sarima_core,US,electricity,USA|delaware,12,91.67052490106234,105.39060051312558,19.70868738164532,-55.272522401856456,-11.883305631650774,22.860645424725412,80.41367852625103,0.8488424770783892,0.6204699597936009,,
sarima_core,US,electricity,USA|florida,12,577.6855374368275,705.7297579961232,2.5473476073874535,138.5328179411084,0.610870827565965,2.594148074417864,571.6598790943171,0.9801287847893234,0.6762684766038262,,
sarima_core,US,electricity,USA|georgia,12,589.1502042484249,704.5089600083962,4.794185007127803,-47.115464130132295,-0.38340010765964516,4.682350459782594,441.46346344927133,0.8939564814515646,0.788235119701631,,
sarima_core,US,electricity,USA|idaho,12,246.99215419946628,280.235071559056,14.582634356841096,-246.99215419946628,-14.582634356841096,15.578333746712783,238.51853423151,0.7555559956635937,1.6359946223248578,,
sarima_core,US,electricity,USA|illinois,12,750.8594207906491,887.7810317797332,4.585104002925301,-697.8824645086283,-4.261601563473033,4.6248637346560475,722.9974785932227,0.9040025822110707,1.0390420675743406,,
sarima_core,US,electricity,USA|indiana,12,1076.5393315077904,1227.648267196616,11.780421958689857,-1076.5393315077904,-11.780421958689857,12.514430856800004,1228.3814209071966,0.8573876833334066,1.4924242848711229,,
sarima_core,US,electricity,USA|iowa,12,535.2744634858193,637.7599434227118,8.596126020741414,-360.793810026731,-5.794091200047284,8.637049323936242,438.2061658339653,0.5936644641314464,1.5260458597723108,,
sarima_core,US,electricity,USA|kansas,12,512.8298180381547,565.1216796352452,9.745247008166265,-258.48884105929807,-4.912034199988879,10.288305523300512,575.9399524818655,0.5985719966634164,1.495998384351792,,
sarima_core,US,electricity,USA|kentucky,12,828.9126928759252,927.537110468715,13.445544963527894,-828.9126928759252,-13.445544963527894,14.280059246384718,799.4470642782776,0.9184858716545103,1.45693106196268,,
sarima_core,US,electricity,USA|louisiana,12,508.2095537698597,595.0709096571225,5.9604054935077,-360.72640645429124,-4.230687201242778,6.250241369101235,432.78246168358237,0.9067954811353014,0.9821730121100778,,
sarima_core,US,electricity,USA|maine,12,181.74608798876775,201.70368943829004,13.573557418225263,-181.74608798876775,-13.573557418225263,14.36920397613781,172.1013708797036,0.6133642705218271,1.1790234995326137,,
sarima_core,US,electricity,USA|maryland,12,373.67081568721187,399.9902247383926,11.370736118287164,-205.72428600262901,-6.26015324465969,11.681459603813037,348.2605739916362,0.7302772783313906,0.9244257708176159,,
sarima_core,US,electricity,USA|massachusetts,12,245.25270068274435,290.9749079608733,10.813929010967884,-226.79775762713203,-10.000195080416768,11.050498217546224,271.85589488471703,0.8821851513007778,0.6617569188118035,,
sarima_core,US,electricity,USA|michigan,12,475.48759428901013,553.9916242362917,4.4931527884009395,-233.58484314245484,-2.2072760717618047,4.5692174902472935,393.9145367104211,0.8515381044733531,0.6736862294453646,,
sarima_core,US,electricity,USA|minnesota,12,306.2927745684567,366.11145368651813,6.006339348891769,-165.72318572409108,-3.2497981476733684,6.214078567480915,257.99211488704987,0.7975721387095903,1.0509779073820755,,
sarima_core,US,electricity,USA|mississippi,12,284.23525960384603,444.050765458089,4.438479323949997,-55.869535364536354,-0.8724314425304058,4.666038864965288,123.848156654778,0.8856019409040201,0.5075652294944996,,
sarima_core,US,electricity,USA|missouri,12,893.3738654633636,1118.2446000194948,14.635716060277252,-893.3738654633636,-14.635716060277252,16.68550730855354,807.2810912009604,0.7034246514366882,1.727852743310504,,
sarima_core,US,electricity,USA|montana,12,180.75811432013992,215.0487335985101,7.798157832956069,-145.10076617004043,-6.259849968742206,8.115993206970503,211.54777372650221,0.837860690470417,0.7417722032108957,,
sarima_core,US,electricity,USA|nebraska,12,204.8919959239913,250.7377799593488,6.123022450435014,-72.62861845671519,-2.1704442838241405,6.368635074191621,181.510374447598,0.7976989987447027,0.9280817194124107,,
sarima_core,US,electricity,USA|nevada,12,206.18015688736207,248.5683036549031,5.237903346996744,-51.74585619754706,-1.314577491171545,4.993727310623012,186.5065894380475,0.9215192500591226,0.7517971733804423,,
sarima_core,US,electricity,USA|new hampshire,12,291.5520001007014,343.5694367316939,17.621749969947718,-291.40323575678184,-17.612758475901753,19.854826474225366,287.25306920722403,0.516502378993065,1.1323075333665173,,
sarima_core,US,electricity,USA|new jersey,12,471.4583004345969,511.53621930117237,8.67568560572953,-282.79414644567265,-5.203923875010116,9.116181760896245,479.3795416233588,0.8652093676209858,1.0534491413278655,,
sarima_core,US,electricity,USA|new mexico,12,381.9551603814014,452.45029591946536,11.356725362135535,26.2888744946567,0.7816507241775267,11.574395707225618,439.0316585842522,-0.16582161586456073,1.2720893794429382,,
sarima_core,US,electricity,USA|new york,12,421.31668563659406,522.4619647021082,3.6699851929113123,-374.25239189509085,-3.2600197986256254,3.6719015644273933,377.70912563651746,0.9589247101197778,0.7113582392924847,,
sarima_core,US,electricity,USA|north carolina,12,718.476245544015,876.2572345511155,6.3239138814118965,-11.505803280210785,-0.10127225434631577,6.2198884522782185,559.9539123100922,0.8788428138874886,0.9456656738189558,,
sarima_core,US,electricity,USA|north dakota,12,147.03508169125237,193.3272104071117,4.128155139239419,-4.239833552843152,-0.11903751451263671,4.034439639667086,123.45961992493335,0.9309588904413378,0.7388525383354562,,
sarima_core,US,electricity,USA|ohio,12,636.3729961588946,793.8991355086923,5.190798879076699,-182.84658627330342,-1.4914521213176692,5.449443397377826,488.47665435818453,0.9440408788231056,0.6977069477388579,,
sarima_core,US,electricity,USA|oklahoma,12,505.16025737484165,658.874674681976,6.639368921727506,492.58136762832186,6.474043387040977,6.545910546308968,414.22631723752556,0.9089444916513938,0.9426876617035617,,
sarima_core,US,electricity,USA|oregon,12,250.31463016489366,418.14181837908546,4.645742706193783,-206.34658604872448,-3.8297128156366806,4.491498782129471,145.8943460335836,0.7731522320925508,0.8119288361633913,,
sarima_core,US,electricity,USA|pennsylvania,12,795.034156843275,917.6719807826795,3.8342699892200156,-170.32150761848698,-0.821422123262322,3.8698539810261776,777.8539214309349,0.9420478030541847,0.9125996401609932,,
sarima_core,US,electricity,USA|rhode island,12,54.09891328359424,61.98151405464923,6.430860024974377,36.990955239290294,4.397198407423608,6.3003772723630735,44.03974043863343,0.961066956342244,0.46611952806063756,,
sarima_core,US,electricity,USA|south carolina,12,408.3845096636087,467.90261661099936,4.665183307746237,-189.74945885825915,-2.167604272866753,4.695090442383288,346.1377797991936,0.8457148208351499,0.8658117328763671,,
sarima_core,US,electricity,USA|south dakota,12,129.63827437188726,184.60227428947312,7.080022193460957,-106.87320404674183,-5.836738109970555,7.015192862744607,90.28417988285344,0.5251408621512147,0.8542780613812188,,
sarima_core,US,electricity,USA|tennessee,12,510.2198668611586,625.6670726448071,8.177220711098148,84.50972501356243,1.3544252557655936,8.219635303962924,367.8682615247708,0.8596833113943615,0.8790302627494961,,
sarima_core,US,electricity,USA|texas,12,1291.287923670831,1631.9988130220547,2.60297361625652,-711.6005548890631,-1.4344418744536362,2.658759193572598,842.5841509582569,0.979941192427918,0.7981753419877693,,
sarima_core,US,electricity,USA|utah,12,290.4074918535243,349.6001503374339,9.090901721358035,-185.29055746362067,-5.800326420804,9.388932639844526,199.48026486773324,0.7736823875855365,1.0122744475263652,,
sarima_core,US,electricity,USA|vermont,12,29.855283116177144,35.76951006042651,13.927204066013282,23.12970881548095,10.78978797176844,13.360820731220018,35.522582444309265,0.44097147606422,0.3790817426073781,,
sarima_core,US,electricity,USA|virginia,12,457.75717704889024,565.6126378299386,5.15586327779801,-54.99693872989011,-0.6194478448526054,5.338011032480789,396.9714570905021,0.9328667373215765,0.7850255328006813,,
sarima_core,US,electricity,USA|washington,12,677.4709292133856,863.8452658483058,7.866684410746629,-405.3695826692289,-4.70708695984572,8.009856344656093,509.0973411661171,0.6057527302360953,0.8248332461494416,,
sarima_core,US,electricity,USA|washington dc,12,4.47337465011291,5.382546447499873,9.79749877739641,-4.248293079632059,-9.304529468075325,10.356164208225787,4.203820634216747,0.8523914838565151,0.5645979035070575,,
sarima_core,US,electricity,USA|west virginia,12,864.9339815940565,1042.1536831636076,19.293358914404884,-610.920751845248,-13.627298249845342,21.50041776300568,801.2267492126814,0.6081780278759132,1.2058017813424657,,
sarima_core,US,electricity,USA|wisconsin,12,187.97753291115222,247.6823682563062,3.360631890597504,11.656617828485878,0.2083951257591646,3.4711515347112885,133.32394929864586,0.960356034107286,0.5047551587824889,,
sarima_core,US,electricity,USA|wyoming,12,393.4536039818251,420.4408561460686,10.227955739880995,-393.4536039818251,-10.227955739880995,11.03516781126468,376.85865128018395,0.949840966574123,1.610681993018809,,
timesfm-2.5,Europe,electricity,AUT,12,347.4875895182292,423.902955827546,6.3866611643724145,24.3367919921875,0.44729897979208144,6.418802084824349,324.7607421875,0.2201630954872767,0.5942679802418943,,
timesfm-2.5,Europe,electricity,BEL,12,582.5101725260416,717.3515481630928,10.732568816693536,582.5101725260416,10.732568816693536,10.518585607291692,475.89111328125,0.6892710189250605,0.6855941500937018,,
timesfm-2.5,Europe,electricity,BGR,12,365.88010660807294,445.33369716901353,12.115235318148109,361.43035888671875,11.967892678368171,11.485592948801543,324.1217041015625,0.7861199602631727,0.8416219334587013,,
timesfm-2.5,Europe,electricity,BIH,12,98.9059346516927,119.47709686565857,10.438621071418755,66.4893290201823,7.017343432209213,11.056451394279788,91.65469360351562,0.9433441398475585,0.6361788761515913,,
timesfm-2.5,Europe,electricity,CHE,12,442.9627685546875,505.7335556733257,8.086951502595847,250.1461181640625,4.566793576705843,8.09579016671612,414.800537109375,0.8204333417228276,0.7136712492276182,,
timesfm-2.5,Europe,electricity,CYP,12,25.529937744140625,29.86140282724009,4.485494186379026,23.392262776692707,4.1099143970763174,4.425539107476827,23.102935791015625,0.982202114535168,0.8285187343381487,,
timesfm-2.5,Europe,electricity,CZE,12,407.2998046875,505.26706147384164,6.999280619003294,371.9690755208333,6.392136483245024,6.879918639654036,333.77685546875,0.8890283164313145,0.9090788785372657,,
timesfm-2.5,Europe,electricity,DEU,12,1984.5559895833333,2370.711593637041,4.962630631616237,-1373.0989583333333,-3.4336057972826537,5.164615321704996,2243.44140625,0.8832108237209813,0.7981552385569279,,
timesfm-2.5,Europe,electricity,DNK,12,258.58875528971356,294.7237202631824,8.952870927514606,-258.58875528971356,-8.952870927514606,9.992847549069493,236.58251953125,0.9665235328413458,0.9214744063775985,,
timesfm-2.5,Europe,electricity,ESP,12,690.43994140625,965.0810962642071,3.2588417624587,-413.3448893229167,-1.9509670672887822,3.2158197575376906,335.8857421875,0.8322679182736675,0.5792888863398007,,
timesfm-2.5,Europe,electricity,EST,12,111.76223754882812,126.91565469145415,29.540679528324613,111.76223754882812,29.540679528324613,27.192461042956932,114.05368041992188,0.5959499718900979,0.6777136223859638,,
timesfm-2.5,Europe,electricity,FIN,12,340.8127848307292,456.63188001251217,4.917933403040825,-246.3748779296875,-3.5551930437184347,4.762256804256204,304.162109375,0.9587467790818737,0.8460232740508933,,
timesfm-2.5,Europe,electricity,FRA,12,3191.1380208333335,3546.0685069119704,7.183876981521434,-2994.0872395833335,-6.74027706125129,7.47661463615958,3272.1328125,0.9496712098828693,1.0712047305060193,,
timesfm-2.5,Europe,electricity,GBR,12,1341.8024088541667,1478.9646766436647,6.561648358225682,-1341.8024088541667,-6.561648358225682,6.6729614007818645,1294.1259765625,0.9761185120796138,1.0905004701521417,,
timesfm-2.5,Europe,electricity,GRC,12,366.91310628255206,487.59030928334766,8.296508904071274,-319.93890380859375,-7.234344913704777,8.513218637432491,246.98828125,0.8267088992713434,0.7917970694344091,,
timesfm-2.5,Europe,electricity,HRV,12,199.72748819986978,214.8475251730307,18.42221259337769,120.18563842773438,11.085531599791027,18.15266028274709,180.27117919921875,0.7792211730250728,1.1498925361374257,,
timesfm-2.5,Europe,electricity,HUN,12,147.14208984375,163.5966565416512,4.703529776571657,-22.430094401041668,-0.716998222729089,4.7084881678524555,157.147216796875,0.5559379190271446,0.731465337882823,,
timesfm-2.5,Europe,electricity,IRL,12,91.74505615234376,108.85410191767502,3.8200578550594213,-31.658467610677064,-1.3181874091884969,3.853768491428452,79.4532470703125,0.9492328056835342,0.7300327874383798,,
timesfm-2.5,Europe,electricity,ITA,12,646.9166666666666,926.3628474141761,3.049216387132252,-344.0091145833333,-1.6214734966023805,3.0435345606886184,400.1796875,0.8176718092759863,0.5599071028792336,,
timesfm-2.5,Europe,electricity,LTU,12,96.56340026855469,114.45213454862096,13.227863050486944,-15.358495076497396,-2.1039034351366297,13.426847121697765,87.1168212890625,-0.13565417852586362,1.1542263425910484,,
timesfm-2.5,Europe,electricity,LUX,12,7.7908624013265,9.251206035441848,7.029349535031429,0.22207323710123697,0.2003668304672815,7.117586064807997,8.186992645263679,0.6953557208389525,0.5804956299027588,,
timesfm-2.5,Europe,electricity,LVA,12,141.0454584757487,161.52398039669526,27.431855781344964,-141.0454584757487,-27.431855781344964,34.71854774240348,101.53556823730469,0.8332786011315229,1.182417017161965,,
timesfm-2.5,Europe,electricity,MDA,12,25.456324259440105,36.09591351000806,5.544027061947028,-18.837682088216138,-4.102580491081554,5.692290482778831,15.789031982421875,0.08076502742488774,0.3860674769204186,,
timesfm-2.5,Europe,electricity,MKD,12,41.98449198404948,53.04545495371784,7.633543997099905,23.00950622558594,4.183546586470172,7.745760559638841,31.78424072265625,0.8114322108285669,0.6289174912590407,,
timesfm-2.5,Europe,electricity,MLT,12,15.076134999593107,18.37122220374573,5.352473964352582,-15.002976735432954,-5.326500616130043,5.301201458229697,12.451828002929716,0.9545705915762845,0.5687404221403388,,
timesfm-2.5,Europe,electricity,NLD,12,950.1934407552084,1079.3064334655892,8.283560689475118,-910.3124186197916,-7.935887412595351,8.53061949376675,923.7763671875,0.6478603803380503,1.5140370659351732,,
timesfm-2.5,Europe,electricity,NOR,12,825.3040364583334,1135.8902501503226,6.6011120692528165,471.5118815104167,3.771340783926548,6.420154974058359,499.119140625,0.8709396359542447,0.8734201274055876,,
timesfm-2.5,Europe,electricity,POL,12,549.7748209635415,640.7583755134165,4.097700528920806,-58.291422526041515,-0.43447023000776286,4.081398933334798,444.89306640625,0.8800347493123725,0.7835935345878932,,
timesfm-2.5,Europe,electricity,PRT,12,322.03965250651044,390.8784699549472,8.59536439074316,-56.824361165364586,-1.5166644439154249,8.491601365532333,280.7911376953125,0.8275472298838873,0.7081963691484227,,
timesfm-2.5,Europe,electricity,ROU,12,246.5296834309896,281.1500687763022,5.79274760362615,-231.9092814127604,-5.44920966703177,5.885914664534445,254.0604248046875,0.8742594840172807,0.6897657892648223,,
timesfm-2.5,Europe,electricity,SRB,12,132.04044596354166,175.39049747949508,4.8131389780148846,96.671630859375,3.5238747579359053,4.918938875863624,92.24609375,0.9145701598463645,0.5357104308341017,,
timesfm-2.5,Europe,electricity,SVK,12,159.84414672851562,191.6633185213765,6.630244592956059,-120.0853983561198,-4.981074249130444,6.675342603514231,154.8739013671875,0.8226721258121701,0.8745747158570469,,
timesfm-2.5,Europe,electricity,SVN,12,150.9295857747396,204.3709525775404,13.506003201318977,140.7899169921875,12.598650290128635,13.497567028022598,101.5955810546875,-0.016234791651581423,0.8357119921081927,,
timesfm-2.5,Europe,electricity,SWE,12,545.1083984375,680.1876643809626,4.029135066984909,-88.95621744791667,-0.6575143882814906,3.8558653150607505,470.779296875,0.9585782329047589,0.6896209265220828,,
timesfm-2.5,Europe,electricity,TUR,12,952.9329427083334,1173.3946478712362,3.2124042229682277,-462.337890625,-1.5585736684271145,3.1193701770819806,870.712890625,0.9551024908660446,0.6601696905886291,,
timesfm-2.5,India,electricity,IND|delhi,12,116.8100166829427,132.69063113276198,41.759747133145815,39.216095377604155,14.019809884653652,44.43442668203388,109.533935546875,0.4611481095164878,0.8859413585052202,,
timesfm-2.5,India,electricity,IND|gujarat,12,1805.2612695312498,2078.286420327173,14.316354387780253,-1100.7657552083333,-8.729458120810959,14.782869032547621,1727.63814453125,0.7863289014067424,0.8519797866350781,,
timesfm-2.5,India,electricity,IND|karnataka,12,701.1341617838542,999.9994337553643,8.048022099135348,-642.7732275390625,-7.3781216519324,7.97348057026339,462.3234667968745,0.529828921592376,0.9497897666067728,,
timesfm-2.5,India,electricity,IND|kerala,12,319.32088663736977,430.2667442173235,32.121283020729074,-280.9682865397135,-28.26329948795541,32.260790004237045,218.50813232421876,0.8722657010019899,1.467389588008239,,
timesfm-2.5,India,electricity,IND|maharashtra,12,537.7450716145833,748.5209984330149,3.802991595903834,-339.42998046875,-2.4004857157401265,3.736711939182316,374.75099609374956,0.8263628266379138,0.34891426702627176,,
timesfm-2.5,India,electricity,IND|odisha,12,374.5397460937499,488.0130867858219,5.858237044327312,293.0611686197917,4.583817370967578,5.874149176768298,293.65314453124984,0.3452136065128669,0.6631833148273513,,
timesfm-2.5,India,electricity,IND|rajasthan,12,761.2511295572918,1014.5162213500407,6.792369978681956,-697.803154296875,-6.226246520030881,6.817476600135828,634.1801562500004,0.06844200048806741,0.700211115649429,,
timesfm-2.5,India,electricity,IND|tamil nadu,12,674.3111490885417,868.1557220431228,6.169910835345497,149.41597981770838,1.3671481987167813,6.081828206837098,418.1785351562503,0.9201473164620172,0.7139632138576237,,
timesfm-2.5,India,electricity,IND|telangana,12,461.0691861979167,568.5726352359,7.879764511822716,-331.02793945312504,-5.657333623255519,7.929850942188374,473.02164062500015,0.6327890702815614,0.8116586927950503,,
timesfm-2.5,India,electricity,IND|uttar pradesh,12,508.02352864583344,669.8341549220474,3.518590435620107,-210.19509114583343,-1.455819259575335,3.505617433574453,490.2625585937494,0.8053184902586914,0.4416596064635061,,
timesfm-2.5,India,electricity,IND|west bengal,12,351.3595735677083,500.97645057506026,4.465360543323153,275.60088867187505,3.5025581386158975,4.51439374977399,248.16916015624975,0.7646658946189072,0.5355267790450463,,
timesfm-2.5,US,electricity,USA|alabama,12,521.9956315104168,654.4548630631313,4.400639403450541,64.46026692708331,0.5434267520121991,4.29944868168462,406.4597656249998,0.8579095643973905,0.8045722948472028,,
timesfm-2.5,US,electricity,USA|arizona,12,339.40861979166675,432.6916684207311,3.3237243385546074,-218.16637369791684,-2.1364362712975784,3.163443751683211,353.1248632812503,0.9932495822290559,0.6251001213041553,,
timesfm-2.5,US,electricity,USA|arkansas,12,611.6317610677082,683.1676153551768,10.92436593060295,-611.6317610677082,-10.92436593060295,11.362993328775788,626.4324414062498,0.9592520205729891,1.2958558652660368,,
timesfm-2.5,US,electricity,USA|california,12,883.12646484375,1050.5909775554558,4.391376737781644,134.14232421875082,0.6670273234653981,4.389050773067665,703.1059765624996,0.9502958892280027,0.9283574526549626,,
timesfm-2.5,US,electricity,USA|colorado,12,188.80688802083333,233.47938042969213,3.8466996962956657,6.693818359374973,0.13637801734873597,3.927647917716763,212.0977832031249,0.8627533896588621,0.9526885454912261,,
timesfm-2.5,US,electricity,USA|connecticut,12,170.4827620442707,236.21419661866992,4.491271747947106,16.999545898437532,0.4478434025004608,4.832674541965195,138.74481445312495,0.9338265859713112,0.6118232027448711,,
timesfm-2.5,US,electricity,USA|delaware,12,123.39899637858075,136.65166068385454,26.530144181666476,-42.536333821614576,-9.14509114632323,29.45567553935039,121.99287109374998,0.6455368124021071,0.8352234309143943,,
timesfm-2.5,US,electricity,USA|florida,12,508.0856966145836,617.8126877875228,2.240441900902671,1.6910872395828846,0.007456975732417379,2.335429537093131,456.5332812500001,0.9861529829355195,0.5947913142473514,,
timesfm-2.5,US,electricity,USA|georgia,12,980.521875,1139.5100285593194,7.978955516586176,-980.521875,-7.978955516586176,8.308812552323037,954.932578125,0.9169768945125061,1.3118586260979963,,
timesfm-2.5,US,electricity,USA|idaho,12,245.23779093424483,310.72278823307556,14.479055204261465,-239.36372680664067,-14.1322452837637,15.265672741515779,198.38934326171875,0.35317752393309887,1.6243742982833556,,
timesfm-2.5,US,electricity,USA|illinois,12,896.6858789062502,1024.093295556644,5.475589569629917,-896.5592057291669,-5.4748160430878965,5.577263808951613,1044.3469921875003,0.9251749805925398,1.2408372643209271,,
timesfm-2.5,US,electricity,USA|indiana,12,1240.0379622395833,1364.6538685522728,13.56956500559636,-1240.0379622395833,-13.56956500559636,14.342584939043649,1393.5006347656254,0.8775851134372916,1.7190851414749844,,
timesfm-2.5,US,electricity,USA|iowa,12,503.2980582682292,563.152805384926,8.08260776479723,-201.1136376953124,-3.2297415476545264,8.15496184116933,508.0750878906251,0.6095185522241344,1.434882420973221,,
timesfm-2.5,US,electricity,USA|kansas,12,573.1775585937498,588.0624056485833,10.892028293912897,-436.9556640624999,-8.303419044930742,11.34883159360543,579.113828125,0.8005645959400274,1.6720414286424312,,
timesfm-2.5,US,electricity,USA|kentucky,12,639.4634977213541,728.0636348963819,10.372546210284964,-639.4634977213541,-10.372546210284964,10.572196447474008,630.41990234375,0.9624321825842096,1.1239473599917424,,
timesfm-2.5,US,electricity,USA|louisiana,12,390.6474967447918,491.80950745437565,4.581609039717307,-281.80612304687503,-3.3050908851535192,4.7713567321261525,367.5787109375001,0.9138021660469918,0.754970908565098,,
timesfm-2.5,US,electricity,USA|maine,12,177.6060050455729,196.61234103066244,13.264358721474531,-177.6060050455729,-13.264358721474531,13.971949138621376,184.74552246093754,0.6687887479300246,1.1521659471414856,,
timesfm-2.5,US,electricity,USA|maryland,12,301.36936442057294,341.09917735719705,9.170615881949729,-132.79656982421875,-4.0409758790176875,9.121859664428476,305.4708007812501,0.7841005256298514,0.7455589125764245,,
timesfm-2.5,US,electricity,USA|massachusetts,12,226.37752075195306,269.0517107242449,9.981665573001251,-203.8758687337239,-8.989500076445099,10.650273856597519,214.04376953125006,0.8932904125542862,0.6108266706300445,,
timesfm-2.5,US,electricity,USA|michigan,12,658.1405631510415,788.4601863591155,6.2191446044004906,-570.3991764322915,-5.390026324284241,6.383573406159876,609.8536328124992,0.8188004185087892,0.9324748737078076,,
timesfm-2.5,US,electricity,USA|minnesota,12,249.38223144531239,275.28597757891964,4.890335110760629,-221.0636474609374,-4.335013407433174,4.930306436028776,281.39214843750005,0.9660127481639893,0.8557015950243656,,
timesfm-2.5,US,electricity,USA|mississippi,12,453.1138671874999,531.4656851464073,7.075605376017643,-288.4205598958333,-4.5038349340752095,7.20713585786485,398.23923828125,0.8841616746136329,0.8091355179040977,,
timesfm-2.5,US,electricity,USA|missouri,12,419.81810546875016,524.9498242203931,6.877678904807999,-353.57985026041683,-5.792529301674569,7.399019851884978,377.6158398437501,0.8778952469304371,0.8119600239809629,,
timesfm-2.5,US,electricity,USA|montana,12,158.73085205078127,193.78430184978606,6.847870934630985,-98.53312093098958,-4.250856630605999,6.834951048242259,126.19861328125,0.8588774771803004,0.6513795205603778,,
timesfm-2.5,US,electricity,USA|nebraska,12,189.3375333658854,225.79779975678323,5.658190610527201,-108.64399658203126,-3.2467331248192948,5.780908113336642,193.54996093749992,0.8616676852382138,0.8576260030221124,,
timesfm-2.5,US,electricity,USA|nevada,12,203.62894694010413,269.70981931728494,5.173091139443065,-168.4617529296875,-4.279686235729288,5.277513795369978,117.38004882812493,0.9412266104758726,0.7424946660198701,,
timesfm-2.5,US,electricity,USA|new hampshire,12,158.52701904296876,197.87919396965052,9.581561752591165,-145.39225179036458,-8.787680783299571,9.87477747446203,134.54181640625006,0.5986603836508757,0.6156752066269192,,
timesfm-2.5,US,electricity,USA|new jersey,12,386.55928710937496,508.61454109990217,7.11339017648945,-203.40759440104162,-3.7430677054884,7.314617651705298,262.4599121093747,0.8365202773076509,0.8637466955238696,,
timesfm-2.5,US,electricity,USA|new mexico,12,311.77881266276046,350.66057252418796,9.270162355204265,-162.6228833007813,-4.835288575238529,9.58423564661543,279.98724609374995,0.13946620803168427,1.0383693099671476,,
timesfm-2.5,US,electricity,USA|new york,12,440.7085514322915,554.6320800670151,3.8389029280957168,-321.39157877604174,-2.799562361154242,3.751499534985689,357.9509179687493,0.934841337132121,0.7440997944677333,,
timesfm-2.5,US,electricity,USA|north carolina,12,568.7388216145833,701.2002546715413,5.005948841332948,-147.70529296875006,-1.30007854588961,4.796760675121197,530.7145312500006,0.9363809673297246,0.7485797676747342,,
timesfm-2.5,US,electricity,USA|north dakota,12,230.12649251302082,273.3339840851329,6.461028564173519,106.0053629557292,2.9762052623028405,6.445816165113381,261.45560546875004,0.8866090876177423,1.1563875857090535,,
timesfm-2.5,US,electricity,USA|ohio,12,861.2365885416667,991.1377203049644,7.024977403827004,-416.0923567708334,-3.3940028130595516,7.2824846771720475,954.9110156249999,0.9374316384628392,0.9442430070090496,,
timesfm-2.5,US,electricity,USA|oklahoma,12,432.3527180989583,527.793453331391,5.6824525640397265,341.0610514322916,4.48259757618066,5.6552094182812285,435.94730468750004,0.9215365893314286,0.806820344446567,,
timesfm-2.5,US,electricity,USA|oregon,12,235.92038411458324,378.43541991831546,4.3785910676525726,-151.22114908854164,-2.8066060299293865,4.212425618208004,98.70796874999996,0.7866113317434622,0.7652391822850735,,
timesfm-2.5,US,electricity,USA|pennsylvania,12,833.6697721354163,946.7738982499552,4.020600826649571,-401.80151692708324,-1.9377978728532728,4.053653431572115,977.7321484374988,0.961046334327422,0.9569484877035993,,
timesfm-2.5,US,electricity,USA|rhode island,12,64.30368428548176,71.4192482972028,7.643924205321922,-56.23193908691405,-6.684417620464342,8.09044946262665,60.329449462890636,0.9591660877904661,0.5540444558393468,,
timesfm-2.5,US,electricity,USA|south carolina,12,450.1979296875,485.43856260345336,5.142839204381296,-341.8739583333333,-3.90539955857665,5.26228772469591,496.7301757812497,0.8940647473779294,0.9544599278781637,,
timesfm-2.5,US,electricity,USA|south dakota,12,169.91657674153646,220.9917618654549,9.27976818725589,-153.94410034179688,-8.407452600346081,9.337326899867946,105.14315673828128,0.5353730072901745,1.1197002156854587,,
timesfm-2.5,US,electricity,USA|tennessee,12,485.02492838541656,613.6552892571468,7.773425041623079,174.89594075520836,2.803032186552746,8.035246657762686,311.1594824218746,0.8892145828276106,0.8356232634796781,,
timesfm-2.5,US,electricity,USA|texas,12,2117.8104947916668,2626.496261322844,4.269074883394574,-2102.1826822916664,-4.237572394389903,4.621378057312301,1791.880859375,0.9753768316079231,1.3090683223771324,,
timesfm-2.5,US,electricity,USA|utah,12,272.1571386718749,314.3284884664476,8.519593570540318,-17.900161132812475,-0.5603457562897454,8.73952845445367,223.45314453125002,0.7021995782996684,0.9486591252555706,,
timesfm-2.5,US,electricity,USA|vermont,12,18.849080810546866,21.610704257055602,8.792915943343274,2.6762308756510484,1.2484361105509478,8.861198109690676,17.62839599609373,0.741616047772037,0.23933259558800435,,
timesfm-2.5,US,electricity,USA|virginia,12,513.7913346354165,623.1564255576474,5.786993645355003,-455.66623372395816,-5.132312324485873,5.614776610765464,508.4280957031251,0.9809718085327035,0.8811206824125072,,
timesfm-2.5,US,electricity,USA|washington,12,501.94523437499987,657.0161947441084,5.828508028958767,200.21517252604167,2.324866660085817,5.657358490353018,365.6419140625003,0.7195474527528132,0.611127502606636,,
timesfm-2.5,US,electricity,USA|washington dc,12,5.733323287963867,6.694165202431161,12.5570139542921,-5.733323287963867,-12.5570139542921,13.03525956002206,5.919766082763672,0.8431503818414394,0.7236197639808428,,
timesfm-2.5,US,electricity,USA|west virginia,12,654.4555322265625,729.8749465083102,14.598392184215358,-236.2183805338542,-5.269125846367878,15.81688859394999,722.13359375,0.7515441120995274,0.9123744278307161,,
timesfm-2.5,US,electricity,USA|wisconsin,12,288.639443359375,341.38153935659096,5.160249223487278,-171.23958658854153,-3.0613935969368384,5.214812689758568,267.677998046875,0.9553315916034547,0.7750513894264804,,
timesfm-2.5,US,electricity,USA|wyoming,12,283.7694995117188,319.1286108094153,7.37668139765753,-283.7694995117188,-7.37668139765753,7.632946353664163,329.1357373046874,0.9478249350358225,1.161667902913906,,
xlstm,Europe,electricity,AUT,12,423.4986438353856,511.65636161446747,7.783709183679932,-306.9523312648137,-5.641641867326949,7.834202419295856,386.9894951581955,0.523408463516521,0.7242609270050876,,
xlstm,Europe,electricity,BEL,12,984.5434788862864,1116.376518350147,18.139907487540974,956.7367390791575,17.627576952172408,17.093114346012342,1040.4971253871918,0.17211798235511744,1.1587733252970163,,
xlstm,Europe,electricity,BGR,12,284.98573876917396,357.6893934257854,9.436613866528939,204.19967673718978,6.761578699906947,9.545389035289048,229.48281660676048,0.7793453700992198,0.6555432890151465,,
xlstm,Europe,electricity,BIH,12,154.67724437514937,184.37794512195674,16.324775131941884,120.39394140243535,12.706484580731962,16.557685791650464,158.02711635828007,0.8597984672515279,0.9949089085436745,,
xlstm,Europe,electricity,CHE,12,715.3025277455648,827.9291449866155,13.05892337280812,311.24674797058105,5.682277461808874,12.952775579570819,793.2156753540039,-0.09743004532798642,1.1524464013476694,,
xlstm,Europe,electricity,CYP,12,54.701646665732056,66.6188974534138,9.610831039367271,-54.701646665732056,-9.610831039367271,9.659222746327895,33.83249029517174,0.938999414468654,1.7752232502841345,,
xlstm,Europe,electricity,CZE,12,374.5731976628304,449.1963394662721,6.4368872575597385,231.88223590453472,3.984801418952337,6.426126374959871,332.6006269454956,0.8570815011793668,0.8360342395025312,,
xlstm,Europe,electricity,DEU,12,3553.939165572325,4555.251572752877,8.88706968135115,-3402.1741138895345,-8.507562175267653,8.964035068018205,2677.5877451896667,0.6816674062130151,1.4293349128989528,,
xlstm,Europe,electricity,DNK,12,183.65440813203654,256.7967208140486,6.358490760485973,-158.331755772233,-5.481768809194449,6.188804751594309,107.70559594035149,0.9350078253377923,0.6544477795350967,,
xlstm,Europe,electricity,ESP,12,1207.894568443299,1547.480997877752,5.701201550235835,-515.400125185648,-2.432662642474739,5.673579366041555,757.5822544097937,0.34498050715379774,1.0134406447348077,,
xlstm,Europe,electricity,EST,12,160.52599430084229,172.6767402198236,42.42977822929752,160.52599430084229,42.42977822929752,36.3654476841208,168.14930081367493,0.4391248778237122,0.973411551797203,,
xlstm,Europe,electricity,FIN,12,432.37583212554455,615.7406679202961,6.239189496761104,-117.51004837453365,-1.6956716937162144,6.057668841391588,246.69406801462173,0.8616018323131441,1.0733165931466269,,
xlstm,Europe,electricity,FRA,12,2813.987773830692,3162.3751459855966,6.334837873739481,-2618.357961898049,-5.894436833838586,6.584637429327032,3334.903836399317,0.9561874009474306,0.9446025196134796,,
xlstm,Europe,electricity,GBR,12,1077.048393810789,1343.378342699671,5.266954939373841,-331.0845437894225,-1.6190613005717718,5.144604397304564,868.8913671672344,0.9437529670879842,0.8753313990770507,,
xlstm,Europe,electricity,GRC,12,596.6732501983641,713.7628376900459,13.491763712795121,280.10977109273284,6.33374270418842,13.47067347152309,550.9658622741699,0.1470050368756825,1.2876185746091864,,
xlstm,Europe,electricity,HRV,12,192.5510178009669,237.97070316247158,17.760278352126075,35.193110108375514,3.2460977809416307,17.521509177253566,195.34146666526794,-0.4329399895168778,1.1085753903510052,,
xlstm,Europe,electricity,HUN,12,352.6243467132255,438.1356790842087,11.271955675436084,352.6243467132255,11.271955675436084,10.788906858390458,302.3868474364285,-0.44748092000400946,1.7529483724758659,,
xlstm,Europe,electricity,IRL,12,110.27602195739745,139.760399111289,4.591645605443335,6.832113265991192,0.28447383480879357,4.6492078948946975,86.63883209228493,0.9235766599846514,0.8774871919364803,,
xlstm,Europe,electricity,ITA,12,947.7496207505477,1359.0082744889348,4.467180741194301,-274.3115065743532,-1.2929565493115354,4.435056164074584,454.2757859826106,0.39998252464561357,0.8202783631214712,,
xlstm,Europe,electricity,LTU,12,161.92876617113737,189.28687037336485,22.182022763169503,161.92876617113737,22.182022763169503,20.849113336288184,170.3705084323882,0.45531664352726964,1.9355412818748536,,
xlstm,Europe,electricity,LUX,12,12.820793588956198,15.76949876175295,11.567633313343938,-11.312946279843649,-10.20716957579878,11.814308562106318,10.577452182769768,0.30026378074792215,0.9552748164320305,,
xlstm,Europe,electricity,LVA,12,86.66755677511297,103.57493065685121,16.85592676339312,-69.562123430272,-13.529100180928102,20.22829903401139,65.04098989069459,0.8545258788100114,0.7265543681745997,,
xlstm,Europe,electricity,MDA,12,22.84325932463012,26.57595372092945,4.974938509901296,-15.253370056549764,-3.3219680703919634,4.998750135356922,21.042297184467373,0.17117533057192783,0.34643805610813455,,
xlstm,Europe,electricity,MKD,12,70.76561781267326,82.84623238859001,12.866475965940591,11.476379856467247,2.0866145193576813,12.903794310376062,70.28792843222618,-0.6524166555298643,1.060051764805227,,
xlstm,Europe,electricity,MLT,12,18.256584008534748,23.683876376298695,6.48162745865139,-7.400279839833577,-2.6273182863314473,6.353854398822828,12.883429527282715,0.5681822035699668,0.6887214326572989,,
xlstm,Europe,electricity,NLD,12,1499.0201172232628,1640.0508170730388,13.068101276192628,-1499.0201172232628,-13.068101276192628,13.85375542431389,1396.863586306572,0.48999683827927193,2.3885368207284885,,
xlstm,Europe,electricity,NOR,12,1216.0680296023684,1413.5273946577395,9.72659891703554,-454.1589687267936,-3.6325452407661953,9.604910261882944,1133.6660647392273,0.7651762850434578,1.2869660712034892,,
xlstm,Europe,electricity,POL,12,583.4126632412272,732.9543702098046,4.3484173657731215,-168.09137125809957,-1.2528549410541583,4.298857974810375,457.53209084272385,0.8857109303225363,0.8315375195090029,,
xlstm,Europe,electricity,PRT,12,427.21028125534485,531.2738816178381,11.402409642046571,-190.7292952264355,-5.090639552306998,11.851647144792114,389.58629876375244,0.5065805469885751,0.9394767622344126,,
xlstm,Europe,electricity,ROU,12,321.40588467319805,408.74225419688725,7.552125741293082,254.93028367559114,5.990137858051877,7.5385643793230335,239.22899216413498,0.40294949920560336,0.8992620305620331,,
xlstm,Europe,electricity,SRB,12,177.64079913496968,229.62513199424984,6.475363273449684,116.94183170795436,4.262764217786915,6.617624513304399,114.0530942380426,0.8382481201657077,0.7207187793396649,,
xlstm,Europe,electricity,SVK,12,105.85869076351325,130.9205390292076,4.390958483104593,-60.94495368500543,-2.527962130038248,4.343430687951067,95.76285019516945,0.9243284760093388,0.5791975264051531,,
xlstm,Europe,electricity,SVN,12,134.17559723059335,182.32084698136376,12.006764852849518,107.2883877158165,9.600750578596555,12.17957799125668,86.92074596881866,-0.10534582110641925,0.7429435062602069,,
xlstm,Europe,electricity,SWE,12,724.4415337840716,860.2668113626737,5.354664863202254,-437.91536728541024,-3.2368243963196326,5.531802947709934,584.8781909048566,0.942510275989154,0.9164966879455103,,
xlstm,Europe,electricity,TUR,12,2752.402606358133,3911.320056036031,9.278543494198274,-2672.9542502264217,-9.010717476955096,9.268965046872417,1524.1106829047203,-0.0018015074473132224,1.90680025380436,,
xlstm,India,electricity,IND|delhi,12,161.63794423595073,199.91011593477432,57.78579500366167,146.91273197506868,52.521510672931605,53.8632733199909,153.8985379496217,-0.6802538604722765,1.225937158206916,,
xlstm,India,electricity,IND|gujarat,12,2043.8927064956224,2339.869884262191,16.208785293659204,-1306.6992916268102,-10.362583218798184,16.83834203772927,1804.3535081404434,0.0028707585798882465,0.9646001392570112,,
xlstm,India,electricity,IND|karnataka,12,903.7718891916675,1196.0137118720395,10.37401475102299,-858.0552298734589,-9.849252580605441,10.479882243850712,630.7085573244094,0.40817132918934823,1.22429249420276,,
xlstm,India,electricity,IND|kerala,12,330.1300079540908,402.4270980028977,33.20859944614689,-194.97520472988478,-19.613041286163988,33.97648400927695,244.90360295623543,-0.6966797057065938,1.5170612278521018,,
xlstm,India,electricity,IND|maharashtra,12,675.9133051662648,814.912852779788,4.780132361583466,-32.21764088143876,-0.22784665816477312,4.71999289313874,643.2834292984026,0.2725518514940501,0.4385643084320483,,
xlstm,India,electricity,IND|odisha,12,429.9857848412293,516.8181776903432,6.725477548277427,180.94923524533692,2.8302563989873426,6.711319960953474,449.28263587802667,-0.22024727643878528,0.7613595114903221,,
xlstm,India,electricity,IND|rajasthan,12,750.5978802093858,1009.2066024456024,6.697314867120792,-711.867899100581,-6.351741178302289,6.715333384981727,622.4709374028444,0.6239573259281341,0.6904120843947533,,
xlstm,India,electricity,IND|tamil nadu,12,1497.1517788898943,1652.4944737729497,13.698858450161294,534.9115335468441,4.8944118323462416,13.507525228224079,1479.1753001236902,0.697019152897507,1.585190007808297,,
xlstm,India,electricity,IND|telangana,12,462.59958617885894,535.1067015835278,7.905919353264553,5.634172722299961,0.09628913750831657,7.938920306842827,395.3020771193501,0.6150636554238224,0.8143527840186003,,
xlstm,India,electricity,IND|uttar pradesh,12,867.256798434854,989.732723970849,6.006653834190322,-199.64707038541655,-1.3827632634067026,6.036578026979018,969.1699176561842,0.8021954867523446,0.7539656624182997,,
xlstm,India,electricity,IND|west bengal,12,360.5520017638303,535.4095284666212,4.582185326969995,269.75418575520285,3.428253527395138,4.628102734768743,203.8118782094116,0.5516892015173517,0.5495374730286655,,
xlstm,US,electricity,USA|alabama,12,667.7633608209095,833.860478191399,5.629521743900676,196.4444526324684,1.6561081102198123,5.475175478980323,471.85071133196107,0.7533869318556581,1.0292498005700998,,
xlstm,US,electricity,USA|arizona,12,747.519200596189,888.0670060792106,7.320225874297133,-529.1146180422362,-5.181456896856288,7.162055725984623,655.2137476618582,0.9333759759220999,1.3767309246791724,,
xlstm,US,electricity,USA|arkansas,12,584.0724615675207,670.3692564788153,10.432128784504508,-540.3950945243232,-9.652006542925353,10.806339540299998,539.1751517219836,0.9264918307451822,1.237466353515374,,
xlstm,US,electricity,USA|california,12,791.5245904405905,1038.920395296246,3.935883264983949,646.3995477833323,3.214243996130866,3.827169916788109,726.0323777836584,0.9653570437294582,0.8320640154580796,,
xlstm,US,electricity,USA|colorado,12,373.46151456912406,437.21155074098806,7.6088023574259225,343.5270210003859,6.9989252044963965,7.552917713730404,467.5819256305699,0.8027428573210922,1.8844254615994214,,
xlstm,US,electricity,USA|connecticut,12,387.2122977546849,514.7855825852577,10.200888538582563,60.659386650622196,1.5980371636693282,10.523377125123362,237.58973165750444,0.35992490878215716,1.3896153799581967,,
xlstm,US,electricity,USA|delaware,12,116.38390000077584,142.25230070991876,25.021934845988646,-34.293869228586516,-7.37300401042435,26.628114106369537,91.87529803216458,0.6006723056696449,0.7877419032130687,,
xlstm,US,electricity,USA|florida,12,966.1232379101699,1078.0147743913956,4.260192715662399,398.8445245481501,1.7587347778088007,4.345023502672065,826.043929858206,0.963242768236253,1.1309936773075508,,
xlstm,US,electricity,USA|georgia,12,856.5109554331507,1125.6563152463184,6.96982187457045,-841.6896445601192,-6.849214080732691,7.135190117786687,607.8120203977824,0.858616745380582,1.1459420884744822,,
xlstm,US,electricity,USA|idaho,12,163.43264954164633,215.15029269437184,9.649207595116119,-141.19629269575088,-8.33635349915134,9.562738147177342,135.11812660008684,0.729782768063317,1.082524004169418,,
xlstm,US,electricity,USA|illinois,12,575.7443562311178,793.9080702500829,3.5157683040551175,-478.487897204681,-2.921874204513963,3.4516062997946606,490.1127175982283,0.8898027079396,0.7967171879693732,,
xlstm,US,electricity,USA|indiana,12,1299.8208144440998,1601.0501540144248,14.223760541468522,-1150.030528104181,-12.584626023340187,14.554463426574301,1151.8254780472812,0.284972039694219,1.8019630984966934,,
xlstm,US,electricity,USA|iowa,12,583.8970806539058,692.3194477955664,9.376970565263964,-286.8047816145415,-4.605880187249273,9.450987498122577,531.7539905452722,0.2027433783774466,1.6646669760076052,,
xlstm,US,electricity,USA|kansas,12,595.2869836268817,655.8376343553996,11.312171196251649,-330.7313411299381,-6.284850254970058,11.743490657179379,567.0204766297329,0.41916758568695506,1.736537803395062,,
xlstm,US,electricity,USA|kentucky,12,824.3439340878649,1033.6614046483623,13.371436493190386,-645.0842143084727,-10.46371817356755,13.285342936658772,617.1712787166239,0.6812353651149271,1.448900823494687,,
xlstm,US,electricity,USA|louisiana,12,404.8441424349948,519.7211756506281,4.748110759989152,-308.68225580891016,-3.620300719700665,4.887724156079525,362.4342693662643,0.9075788689955376,0.7824075479512999,,
xlstm,US,electricity,USA|maine,12,205.2450642341623,234.14289553324667,15.328559172959519,-205.2450642341623,-15.328559172959519,16.248217698743584,207.3470804877578,-0.02886405292782985,1.3314660941153982,,
xlstm,US,electricity,USA|maryland,12,371.16161222815526,468.34440475537406,11.29438150561142,-158.93642052829273,-4.83640686278563,11.28565769373051,323.2559953540565,0.6270924865544747,0.9182182420398849,,
xlstm,US,electricity,USA|massachusetts,12,312.01186284253976,431.4222683076636,13.75754120532084,-304.98360815348707,-13.447644323179123,13.630814770058155,279.74077130287867,0.7745340689290484,0.8418908677156823,,
xlstm,US,electricity,USA|michigan,12,786.0329322603342,998.8775910820771,7.4276723594471195,-492.35980577816554,-4.652587913543049,7.501898319247627,767.5772193115945,0.430249276650486,1.113676925990385,,
xlstm,US,electricity,USA|minnesota,12,462.7077896426867,505.59257651559034,9.07360615308428,-277.88138093111417,-5.449197667044216,9.276135525805419,516.4487810865048,0.6230860290285063,1.587682455693609,,
xlstm,US,electricity,USA|mississippi,12,561.0541835587718,762.987299890458,8.761148763921897,-84.98437952314748,-1.327074663072891,8.792649398082352,449.60419419556865,0.6285561070363378,1.0018869433502324,,
xlstm,US,electricity,USA|missouri,12,651.2112305439508,769.4683922527012,10.668481622261949,-415.95060046682744,-6.814319423119464,11.200580405737659,584.1414883744715,0.6149622236665885,1.2594918596441946,,
xlstm,US,electricity,USA|montana,12,212.10938921913498,242.427576758748,9.150695675289144,-90.00008883242789,-3.8827296928552983,9.183478480900087,184.96812815248973,0.6618476991387082,0.8704275852542726,,
xlstm,US,electricity,USA|nebraska,12,292.42403260511657,336.7776401123015,8.738842669833222,-208.8357012423625,-6.240876718452614,8.902657051936115,329.82561753660434,0.8106280529276054,1.3245680864876053,,
xlstm,US,electricity,USA|nevada,12,180.91206796675934,224.12244849975872,4.595980236996681,72.95704309612529,1.8534370425809097,4.429108661030231,132.71001705825347,0.9615374285381478,0.659661838370426,,
xlstm,US,electricity,USA|new hampshire,12,178.5436972159644,225.83786334085988,10.791393610618574,-157.3927231998742,-9.513003561489546,10.917168851671272,149.66146571591491,0.4687311345337006,0.6934144623357726,,
xlstm,US,electricity,USA|new jersey,12,451.9515229751418,516.4838308805637,8.316725612315135,-136.0446402126303,-2.5034674874561977,8.32242932152885,344.31815517187124,0.8236136160087449,1.0098622579369188,,
xlstm,US,electricity,USA|new mexico,12,253.32221178278323,318.1000904982826,7.532064194323396,-53.727366004635996,-1.5974831693236082,7.719242045117042,191.5211849242446,-0.17514728592634604,0.8436814804755929,,
xlstm,US,electricity,USA|new york,12,350.8603712631514,453.32997453403766,3.056257706408034,-97.673558562324,-0.8508101527502153,2.95735873016628,323.8574024923146,0.9447487019218616,0.5923986028755197,,
xlstm,US,electricity,USA|north carolina,12,853.8179136053724,1085.6407779660178,7.515169763140593,-435.53522571404864,-3.8335119314229353,7.397794639166548,663.7029812476039,0.8614143054024926,1.1238037410366346,,
xlstm,US,electricity,USA|north dakota,12,338.0423974974951,415.58008622465746,9.490874180900471,19.889161661466193,0.5584078573870717,9.414440746115515,327.36648330926914,0.5566735790703804,1.6986659277714864,,
xlstm,US,electricity,USA|ohio,12,1202.866476896356,1426.3843078316097,9.811601054161532,-469.43404408867326,-3.8291029389429068,10.124656244553382,1001.9686857345705,0.7675986550341889,1.3187993569783718,,
xlstm,US,electricity,USA|oklahoma,12,499.17649088924105,699.5738099942391,6.560723714272297,288.455657869428,3.7911999255587583,6.5389444777734465,234.90897819489192,0.8096008216935793,0.9315212590538274,,
xlstm,US,electricity,USA|oregon,12,254.51734423389044,406.46269424489265,4.723743453570785,-40.05107180267586,-0.7433323996282359,4.466977235517603,147.99573222160325,0.7079011705148046,0.8255608989018747,,
xlstm,US,electricity,USA|pennsylvania,12,1038.4181233485554,1297.3704145643064,5.008055833005452,-334.2964609909068,-1.6122362502880128,5.01643018823346,840.6892777776757,0.8834666020411012,1.191973951744765,,
xlstm,US,electricity,USA|rhode island,12,74.4333327397207,81.8990581808722,8.84805839873766,-63.69945431018863,-7.572098023275818,9.842812656969091,74.01201480329036,0.9548743013354734,0.6413221231772946,,
xlstm,US,electricity,USA|south carolina,12,475.5935826928671,558.8598297259193,5.43294662443879,-415.1703418625153,-4.742701309419666,5.600822819522391,382.01890036374425,0.875619437408945,1.0083009865270716,,
xlstm,US,electricity,USA|south dakota,12,250.85882723530145,298.7279600934523,13.700321705583237,-242.17573770840977,-13.226106302330901,14.231576096466657,199.19374135851888,0.3979663290986176,1.6530858162781297,,
xlstm,US,electricity,USA|tennessee,12,871.5765805476655,936.831310259157,13.968632992689598,204.73736358610282,3.2812963951235,14.066564161059706,859.9089543274035,0.6525518815713925,1.501592235751974,,
xlstm,US,electricity,USA|texas,12,1612.054377368937,1725.086094191821,3.2495734958424602,265.34593877251547,0.5348834021789728,3.2426310196732167,1812.4122941097557,0.9474482478812694,0.9964486079150631,,
xlstm,US,electricity,USA|utah,12,272.66632405641184,320.62151050429173,8.535533084563294,-93.15360112063611,-2.916075709250039,8.694088460346194,242.0753312164543,0.6727200381432481,0.9504339945970289,,
xlstm,US,electricity,USA|vermont,12,41.41784736166398,48.69046851113216,19.321029713107126,-27.68133485515912,-12.913077991832894,20.346524903315068,35.993369101881996,-0.8015700254015465,0.52589518886185,,
xlstm,US,electricity,USA|virginia,12,599.9318455751735,714.296026616587,6.757221354177176,-215.4720218928651,-2.4269292558828823,6.692341366818226,517.4525595688833,0.9118205697085531,1.0288463847863298,,
xlstm,US,electricity,USA|washington,12,646.696003870169,758.1112466373324,7.509330884565848,223.44006637175872,2.5945504243315907,7.356948903255174,660.0683828377723,0.5780500741731022,0.7873642117211662,,
xlstm,US,electricity,USA|washington dc,12,7.3530000316103274,9.314329831489705,16.104398682117893,-6.943681945105393,-15.207918113025135,16.544575258139226,6.5376460766792235,0.43556812914460286,0.9280439773202841,,
xlstm,US,electricity,USA|west virginia,12,962.1984464769315,1103.648443095125,21.46295598254687,-413.7632430897409,-9.229470600526334,22.047413772465397,837.8401486378916,0.16552803596351623,1.341397870191865,,
xlstm,US,electricity,USA|wisconsin,12,774.2112337945404,947.4390008221958,13.841223054983567,-355.89454034253936,-6.362624955451366,13.890663367465075,605.7088648551703,0.2052634032320661,2.078903303991417,,
xlstm,US,electricity,USA|wyoming,12,453.78826729829115,510.2374418704395,11.796375141142706,-453.78826729829115,-11.796375141142706,12.154011508673925,479.2052051091198,0.9019958122958134,1.8576741536578398,,
chronos-2,basins,water,Albany River,12,39.997181768549,54.153483491971414,60.6839525718192,24.872428647632507,37.73659077114633,84.00194602360399,30.060752121182794,0.9001061971348617,0.9407456286872353,,
chronos-2,basins,water,Bravo,12,20.518368071499197,28.088446330002924,19.989163634122715,7.866858940547722,7.663958951374824,19.247977641068957,14.428895993072274,0.4239216011508559,0.6376879733432625,,
chronos-2,basins,water,Brazos River,12,37.83977098835899,51.23391002242725,32.80001905511288,12.813691107523226,11.107078650724125,32.953941011635365,30.07142938940386,0.20238476838328848,0.5447776778261494,,
chronos-2,basins,water,Colorado River (Pacific Ocean),12,47.693939377945156,58.994149776003525,90.80577139209778,-44.459174747839086,-84.64701618462826,92.42561883256984,41.15365335523573,0.793761642940288,1.5736174172523854,,
chronos-2,basins,water,Columbia River,12,39.38852842139328,50.694305686774776,51.427925465115095,34.04728741815113,44.454094372284494,75.84043228502563,29.41302553913603,0.9076040098499417,0.7001980796942219,,
chronos-2,basins,water,Danube,12,41.030609617988574,51.294959390940164,42.6781893345328,-27.502031674655353,-28.606372798825575,44.28488252731002,34.496302519174684,0.5852848155077289,0.7366704131200711,,
chronos-2,basins,water,Dniepr,12,73.65610627803156,78.6560031636449,109.55309400506128,-73.65610627803156,-109.55309400506128,104.12838600896983,75.92030571009234,0.9827690665566647,1.6157892025544804,,
chronos-2,basins,water,Elbe River,12,27.97418692588487,31.64872791859892,32.06517592103941,13.207287867409585,15.138742370968911,39.168108676353384,29.680913186412035,0.720738610307412,0.6665610296248428,,
chronos-2,basins,water,Ganges,12,20.912380321245283,26.238840367736177,14.192289870396266,-9.309731687799575,-6.318095247848726,41.18940627856429,13.481339146317822,0.9784066038334832,0.25389926275993124,,
chronos-2,basins,water,Godavari,12,36.738644492911234,44.958717086177906,29.6152344643036,-13.034416529652377,-10.507118783479672,74.8250604447719,41.55379224838007,0.9392641054612559,0.40492488721585707,,
chronos-2,basins,water,Grisalva,12,82.8015669621264,105.12960468197338,90.96455173953632,50.70067005039795,55.69899089153838,115.13466053334052,53.297336195325606,0.47769901386172,1.0262951509888276,,
chronos-2,basins,water,Indus,12,19.20119405592143,25.483117891104758,12.004297453660106,-8.351271784881387,-5.221089393196294,12.4031291368705,14.368529826262915,0.10294289624550823,0.4262811168148946,,
chronos-2,basins,water,Krishna,12,42.34649976839459,59.28826392095468,39.2991590814884,34.73086492957571,32.23156089334623,66.50117220447069,22.929250548953515,0.8668447912942964,0.5723335192764428,,
chronos-2,basins,water,Loire,12,16.50627078597411,20.199950761070486,23.082331961336095,1.736959123396426,2.428959733507824,50.0663831426381,14.350971087187002,0.9279986369607527,0.38393551836574735,,
chronos-2,basins,water,Mahanadi River (Mahahadi),12,24.944435654307693,38.43754064868461,21.106120474833194,4.333776641503639,3.6669184732907687,37.68213981325151,10.589314539371728,0.9614569485028885,0.2628479651555245,,
chronos-2,basins,water,Mississippi River,12,10.950963934766827,12.875174362634388,20.28958874704259,3.458080835901453,6.407019366735198,37.30008541860837,8.572028204800311,0.9819044419030927,0.2577120712657214,,
chronos-2,basins,water,Nelson River,12,23.898169311913296,29.186844161467196,36.37379495664204,6.201954760409392,9.439577895744703,37.22285486329733,19.210894609969824,0.6756657763578476,0.52090494360172,,
chronos-2,basins,water,Neva,12,17.147429417902703,21.26598437659065,36.28231230000644,12.796270915026328,27.07567917613043,63.30529901592622,12.830445908531281,0.9416176571603924,0.3085248526048128,,
chronos-2,basins,water,Oder River,12,37.17908312070969,41.455330355748096,42.17171954046096,26.144901123172485,29.65579957955849,62.940274696602984,30.662946468102582,0.7095016180828148,0.8935532933900818,,
chronos-2,basins,water,Rhine,12,17.755037876424613,24.81471507943507,19.58482980277208,-3.8799180946387204,-4.279773214851453,28.689246744474513,13.382528774721266,0.8726141463360787,0.4150556775455316,,
chronos-2,basins,water,Senegal,12,24.016846567551443,28.40765784140583,35.99396663665046,-11.471743533150494,-17.192663193106572,85.22841717274639,20.300253133240872,0.9000620684032906,0.6245312002538941,,
chronos-2,basins,water,St.Lawrence,12,19.191645381226365,24.86858600831045,39.45445398302411,-10.375085047063367,-21.32924548302412,68.91825391803424,16.56119790543003,0.9074762458416523,0.39986579739145695,,
chronos-2,basins,water,Tigris & Euphrates,12,29.436019041759284,34.84975946569226,25.330157568684214,-13.601375497972493,-11.704197637110001,32.9094667355539,27.764022194064598,0.8912576558061933,0.585446107843356,,
chronos-2,basins,water,Wisla,12,23.17440764754024,27.854542351636827,34.689972917369076,4.835009796858852,7.2375683322395705,62.87694427618192,21.908507920900533,0.8608326849203538,0.5665242434335186,,
sarima_core,basins,water,Albany River,12,48.35476599253408,60.984895459653806,73.36412708006665,48.35476599253408,73.36412708006665,106.51763470985446,35.13810469053127,0.9144187283069185,1.1373184990108582,,
sarima_core,basins,water,Bravo,12,28.423891091654824,34.100957349649,27.690789451173796,-2.82656157563555,-2.7536596312347204,26.641817893292874,24.12834233175677,-0.5569276011139549,0.8833828032329771,,
sarima_core,basins,water,Brazos River,12,40.55056846734082,46.391777325513345,35.149774527800844,-25.631806085649846,-22.21799197159288,34.90705538796618,37.34742737389441,0.648693907314662,0.583804921307909,,
sarima_core,basins,water,Colorado River (Pacific Ocean),12,58.93513352749707,69.04030865718099,112.20818267185098,-57.638278279996,-109.73906515568117,99.07411572848912,48.59165578226079,0.7049798430160018,1.9445102211424852,,
sarima_core,basins,water,Columbia River,12,16.167816639990196,22.120231807187803,21.109630199930475,13.89030032321596,18.13597405996073,62.18541816465465,14.06344449781232,0.976002691682587,0.2874104369438886,,
sarima_core,basins,water,Danube,12,17.307660216267056,20.14619178060456,18.002647450886627,-0.37959027603408185,-0.39483268274492406,25.333031509818245,15.46084516479982,0.9318488401998207,0.31074462018398624,,
sarima_core,basins,water,Dniepr,12,45.18410967324428,51.07290282747029,67.20500532410466,-45.07597385519485,-67.04416851044843,90.98768924167553,45.58047720950783,0.9258865944373883,0.991200868825192,,
sarima_core,basins,water,Elbe River,12,19.04766582027379,23.574624070164344,21.83322636080258,7.642005492691093,8.759584368328813,30.571128523368763,17.997956570301024,0.8653001479818679,0.4538624044641473,,
sarima_core,basins,water,Ganges,12,54.09232289379471,58.26161425621159,36.71002126390614,-54.09232289379471,-36.71002126390614,68.2305779399338,56.76774131073023,0.980157002345652,0.6567402033021558,,
sarima_core,basins,water,Godavari,12,19.007840885126495,24.16185694347697,15.322330811138492,10.748267385379277,8.664240695229067,37.32431779266135,19.083844545562172,0.9889007357791371,0.20950004914067802,,
sarima_core,basins,water,Grisalva,12,54.151871049671605,66.93414573818774,59.490428220321824,53.598360197552665,58.88234955232997,95.29879575696953,46.82758413575164,0.9113731058358716,0.6711926442246043,,
sarima_core,basins,water,Indus,12,30.439375173153618,38.40948285594713,19.03023909960466,-27.896159664168092,-17.44025905098321,18.04545242395255,23.63002166289114,0.23035927186104183,0.6757772879212128,,
sarima_core,basins,water,Krishna,12,47.07942430054311,57.18536537221344,43.69149268938685,47.07942430054311,43.69149268938685,67.79907149764767,35.87045110863411,0.9471177269791846,0.6363012939158973,,
sarima_core,basins,water,Loire,12,26.2174677238453,32.83307216582999,36.66244792867661,12.237342194829493,17.11267181594646,73.20164686012572,17.925362994949467,0.8434720249326683,0.6098177590388882,,
sarima_core,basins,water,Mahanadi River (Mahahadi),12,22.160990231644746,27.45688862551473,18.75097661669977,9.202240154845718,7.786249087298177,49.60321162898846,26.189279307105462,0.9826171193769544,0.23351785820872453,,
sarima_core,basins,water,Mississippi River,12,28.357149622655896,30.568554132759186,52.539201782540864,-23.346208339062418,-43.255093234168214,85.42842349542225,30.666948726804407,0.9305990020782137,0.6673366662495748,,
sarima_core,basins,water,Nelson River,12,26.323978047522473,36.00796227836553,40.065955155251615,23.34439755420313,35.53093623784939,61.769264465267725,14.964079278715982,0.7265792335887699,0.5737799461225674,,
sarima_core,basins,water,Neva,12,18.81568419987997,23.56641240074765,39.8121790526571,-15.634781730342576,-33.08169520094206,50.80434248383189,14.509767711043322,0.9414963568484876,0.3385409003850966,,
sarima_core,basins,water,Oder River,12,18.354157995707265,21.112051477355873,20.818867449830236,-3.512833153800552,-3.9845580396249978,33.452857601391344,17.189933246698118,0.8907285696000266,0.44111949375455906,,
sarima_core,basins,water,Rhine,12,19.91504824750309,26.043519049527323,21.967445699410952,10.710209884002458,11.813978612159119,44.36028562042817,11.069923400886548,0.8835194856451344,0.46554977247865303,,
sarima_core,basins,water,Senegal,12,13.64083431670016,17.733441715844794,20.44347220649456,-5.4720468545819605,-8.200938094184263,50.11730360773353,10.096360913031873,0.9742023563139239,0.3547146210186993,,
sarima_core,basins,water,St.Lawrence,12,38.339345453788084,44.843980418742575,78.8185645836004,-36.40895096463233,-74.85003249432042,104.81424469510081,43.28822344595888,0.8068713213214573,0.798815976265494,,
sarima_core,basins,water,Tigris & Euphrates,12,42.392090059761124,48.825878308916536,36.47906054674926,-38.74649663287048,-33.341970038569585,41.67045982447839,48.10430561525038,0.8785941390119766,0.8431263783877778,,
sarima_core,basins,water,Wisla,12,14.605481472685247,18.358352518359666,21.86307259449477,-10.187265412605674,-15.249406441801822,55.16178618559924,12.89016909215205,0.9613502585607178,0.35704728539948394,,
timesfm-2.5,basins,water,Albany River,12,45.6481121409029,59.99299493064003,69.25757640079173,19.08879299159359,28.961625727990974,95.27177984301538,29.791057207844162,0.7525086063790608,1.0736571942212867,,
timesfm-2.5,basins,water,Bravo,12,22.498900399786958,32.86416726015048,21.918614585331888,17.046016197627797,16.606369760838007,21.292678110051924,11.327971720410666,-0.6642886836599253,0.6992407070775276,,
timesfm-2.5,basins,water,Brazos River,12,45.10820106241497,60.325234214463094,39.10039135396041,21.98327728916385,19.05539846423036,41.26901520521859,33.3593202140371,-0.013517239460583435,0.6494209764973841,,
timesfm-2.5,basins,water,Colorado River (Pacific Ocean),12,40.65830612497796,51.2000463690852,77.41044038987378,-28.64794377046279,-54.54358911852154,88.27432315067291,29.147178365604265,0.6252324731471837,1.341483205386697,,
timesfm-2.5,basins,water,Columbia River,12,38.73218480236456,48.46609200196432,50.57096553105013,19.355228060190104,25.271297657800414,78.19937945365952,31.638433732665455,0.8636662278536853,0.688530455640162,,
timesfm-2.5,basins,water,Danube,12,29.329454253220877,36.649802650658884,30.507175334501934,5.2579313609281435,5.469063029258243,35.756137002994365,31.28830798459544,0.7080492132351315,0.5265859167696577,,
timesfm-2.5,basins,water,Dniepr,12,62.98512105447424,67.9742676000576,93.6815049896144,-58.201867386429996,-86.56708820565797,99.35078652801009,62.04708791787613,0.9076852220561406,1.3817004952345704,,
timesfm-2.5,basins,water,Elbe River,12,31.08981988525571,35.806316112795606,35.63644393366475,21.502335627419352,24.646870932590137,43.87602023074868,27.343657987520864,0.7239929515226707,0.7407994523119261,,
timesfm-2.5,basins,water,Ganges,12,53.235109997349376,70.52006639662329,36.12826951111143,27.712538991674297,18.80725103373026,67.90790485209675,43.54932519034958,0.8758143648099672,0.6463326973610618,,
timesfm-2.5,basins,water,Godavari,12,54.97004394826661,66.36968830982514,44.31167133439297,-10.856844994541909,-8.751765735886059,89.24570991609193,55.692927670260744,0.8451391674826727,0.6058671775518939,,
timesfm-2.5,basins,water,Grisalva,12,68.94137118629963,88.57108046607188,75.7379498523162,51.9013000595723,57.017984898494014,108.7105538753929,36.909130914162354,0.6745533314500174,0.8545030915101317,,
timesfm-2.5,basins,water,Indus,12,23.931231578480052,28.388031589563127,14.961445703003312,12.953400456329554,8.098270954467186,15.807584178649407,20.614798791971147,-0.11479031010286049,0.5312915485526456,,
timesfm-2.5,basins,water,Krishna,12,53.20974043916437,68.05611400665562,49.380658747246045,20.456235356548415,18.98416284420669,95.34012425149673,45.941848560361535,0.7253377462961083,0.7191554950679114,,
timesfm-2.5,basins,water,Loire,12,24.09786323643263,28.335654406679556,33.69839777830768,8.644764923834353,12.088819836229474,81.66145507220466,26.633556157140283,0.8727881386835264,0.5605158023366722,,
timesfm-2.5,basins,water,Mahanadi River (Mahahadi),12,55.55357116841977,75.96384915643084,47.00528735695823,14.292512758191094,12.09325800523283,73.8714514828025,47.743493935973554,0.8472023602097615,0.5853867909102238,,
timesfm-2.5,basins,water,Mississippi River,12,19.000455343594947,23.71168971730994,35.20342384693442,17.021377372506016,31.536652741585065,52.40188913695702,19.85755066573781,0.9599184760371147,0.44714298492427274,,
timesfm-2.5,basins,water,Nelson River,12,31.443185154602844,45.62034131168899,47.85755572612474,12.095102864759165,18.409141965653827,47.83712427566605,19.158047421221994,0.0402444044256051,0.685362563794872,,
timesfm-2.5,basins,water,Neva,12,20.51516956386789,26.579236149331127,43.40812671470856,15.06954413469122,31.885706783709338,58.053648360111076,17.056885655219205,0.908481323657102,0.36911886391827675,,
timesfm-2.5,basins,water,Oder River,12,33.75083608790326,39.55095382945066,38.283106367469664,25.582567896968566,29.017952782025592,49.550501593144176,33.58993950644084,0.7593208504090077,0.811159614751659,,
timesfm-2.5,basins,water,Rhine,12,26.949148738029034,33.78812343390392,29.72646383732594,12.568722063140333,13.864024631104815,65.50849756030482,28.12607046742552,0.8106773071156218,0.6299844171884348,,
timesfm-2.5,basins,water,Senegal,12,33.05232189908039,41.34897095014168,49.53540292449065,-27.01094934258475,-40.481218328421534,105.73121393417728,26.72360909834744,0.8461300598826701,0.8594886180727785,,
timesfm-2.5,basins,water,St.Lawrence,12,22.11488530559896,29.468790538083155,45.4640916553792,-13.019964865026017,-26.766626541060756,63.00132725647789,13.523931430568233,0.9124176493093147,0.4607726993327168,,
timesfm-2.5,basins,water,Tigris & Euphrates,12,32.085472909457685,37.078267174621956,27.61005431166952,17.837279719516115,15.349259872779145,33.27052460264967,36.78431412571917,0.8983287662782286,0.6381404770294229,,
timesfm-2.5,basins,water,Wisla,12,27.109731370069806,31.47665445665877,40.58079331855938,11.907669130405807,17.824693771045048,71.64439634011667,25.632412515862207,0.8522689348654479,0.6627276212492479,,
xlstm,basins,water,Albany River,12,36.71895928325006,50.32114286516494,55.71021469776276,32.618397822904264,49.48881943503145,82.10334554679234,21.167930325383416,0.9653001961057744,0.8636408593873591,,
xlstm,basins,water,Bravo,12,22.72229557778714,29.40418478366426,22.136248012735035,4.002648770873869,3.899413490006272,21.464032452489313,19.484664847058866,-0.7284876659626556,0.7061835798156121,,
xlstm,basins,water,Brazos River,12,34.90853010859782,49.26410168126457,30.259180297371184,13.114295970022871,11.367646961802993,29.783718030334764,16.286087679232757,0.28002654851077313,0.5025767194716015,,
xlstm,basins,water,Colorado River (Pacific Ocean),12,55.269874682512665,67.84889351935337,105.22979797326124,-47.11771365381532,-89.70867976875883,95.41767403405296,44.906945375430915,0.06437234438932221,1.8235783955807456,,
xlstm,basins,water,Columbia River,12,51.20444221777952,62.01509274992375,66.85546130808227,51.20444221777952,66.85546130808227,95.19931032415987,46.854469582468305,0.9108314397260705,0.9102460424296992,,
xlstm,basins,water,Danube,12,61.24642108668021,73.98321239558669,63.70576453862592,-47.97852099969928,-49.905093350558026,56.95064679219068,52.654358367297604,0.3201334792178949,1.0996284662626554,,
xlstm,basins,water,Dniepr,12,57.69715371924848,69.26743970951296,85.81639764352508,-47.496856172949315,-70.64489031796607,92.45123338176859,49.98411925460738,0.8254758260487814,1.2656987004686837,,
xlstm,basins,water,Elbe River,12,38.69833305066882,45.2567571215905,44.35763800421587,18.33183025355116,21.0127058774616,53.302280692443546,37.75709527543267,0.2708425407704119,0.9220929563157608,,
xlstm,basins,water,Ganges,12,54.65480511586375,64.67881120552389,37.0917525933827,20.915151044798247,14.194170235577577,66.8327134432201,47.01508755063165,0.9628399571870426,0.6635693551875492,,
xlstm,basins,water,Godavari,12,55.75518015389944,63.76794009119986,44.9445741847068,-29.828861876675152,-24.0452186103794,84.91945120546522,55.05382455827531,0.8951971725031915,0.6145207681756933,,
xlstm,basins,water,Grisalva,12,60.406004627334084,83.6030457873242,66.36112497502779,49.64633912145098,54.54071884602675,78.72745630159908,32.89859438785378,0.728404234454823,0.7487103434648527,,
xlstm,basins,water,Indus,12,17.416128709011684,21.147944636420032,10.888301472570728,2.900687515159195,1.813466165212307,11.434849582095385,16.413579024824628,0.6808882607567844,0.3866513079888341,,
xlstm,basins,water,Krishna,12,50.35294145889421,63.43765404475745,46.72944086138753,12.85866546007285,11.93332960822894,89.53302650534073,33.608408737789176,0.7530007692965824,0.6805444688157797,,
xlstm,basins,water,Loire,12,45.3916042419117,48.93161046903591,63.475517332461195,43.415772110935734,60.71251812213594,115.05779124046731,48.362622108448065,0.9057202707705306,1.0558077793610336,,
xlstm,basins,water,Mahanadi River (Mahahadi),12,53.23740427570964,70.93952085075084,45.04551972962697,4.9215729410675335,4.164267849527881,67.28432154953717,31.4486057235236,0.8601857137811125,0.560980556063042,,
xlstm,basins,water,Mississippi River,12,28.14721694331044,33.55145274461155,52.150245362461604,20.765219177195643,38.473120709485066,84.52852948859078,24.165394514201225,0.8794562874958529,0.662396262286713,,
xlstm,basins,water,Nelson River,12,39.57437077062081,54.86845613904363,60.233486053306585,28.867252165628287,43.93690150612544,90.97901082766197,24.67298810886301,0.17306936265929274,0.8625968418454301,,
xlstm,basins,water,Neva,12,21.120025756660052,26.694174414858946,44.68794427503431,20.52835876621533,43.43603379902396,69.54434568256463,16.791590341575652,0.9567325389807159,0.380001729400929,,
xlstm,basins,water,Oder River,12,43.92203095348103,49.8836012578925,49.82015196565961,26.844024826002684,30.448805921972056,61.35042099695846,42.39136237146813,0.39840138897149197,1.0556117073528017,,
xlstm,basins,water,Rhine,12,29.269855783726342,35.205189905513876,32.286337425228886,16.749078597704365,18.47519875611487,41.87204433787121,32.4480734347501,0.811977530318765,0.6842350835030118,,
xlstm,basins,water,Senegal,12,60.06720852679242,67.51593349621129,90.02252204880192,-52.71971598880282,-79.01085985861462,147.68447257869408,67.22545532758195,0.5755717635926455,1.5619804928021912,,
xlstm,basins,water,St.Lawrence,12,56.636877124850685,66.93989291277512,116.43488704988883,53.781434245145896,110.56462749368252,96.71596252219982,53.59910925189271,0.5535445470575016,1.1800525480449038,,
xlstm,basins,water,Tigris & Euphrates,12,71.3214178624733,84.61638876249974,61.373202331317856,70.33853054364148,60.52741232748099,95.5707811737688,82.94116132734942,0.6174807994864956,1.4184950225171165,,
xlstm,basins,water,Wisla,12,37.0134590481033,40.87259287849797,55.405769652677094,8.77420715294915,13.134187209289857,81.92235981515283,38.36416490046018,0.8309520490650973,0.9048352908519726,,
