model,resource,zone_id,region,account_zone,aggregate_zone,window,origin,h,timestamp,actual,mean,sigma,lo,hi,interval_level,mase_scale,seed
chronos_2,electricity,IND|Andaman and Nicobar,India,False,False,holdout,last12,1,2024-12-01,35.8,33.55833053588867,4.029203020804457,25.52984619140625,35.85710906982422,0.8,6.47728813559322,
chronos_2,electricity,IND|Andaman and Nicobar,India,False,False,holdout,last12,2,2025-01-01,33.82,33.68315887451172,4.375440958605791,24.695091247558594,35.90979766845703,0.8,6.47728813559322,
chronos_2,electricity,IND|Andaman and Nicobar,India,False,False,holdout,last12,3,2025-02-01,31.46,33.90871810913086,4.766627408514082,24.08136749267578,36.29872512817383,0.8,6.47728813559322,
chronos_2,electricity,IND|Andaman and Nicobar,India,False,False,holdout,last12,4,2025-03-01,38.64,34.01038360595703,5.099594067799549,23.619903564453125,36.69068908691406,0.8,6.47728813559322,
chronos_2,electricity,IND|Andaman and Nicobar,India,False,False,holdout,last12,5,2025-04-01,35.7,33.95469665527344,5.814256211074759,22.247875213623047,37.150413513183594,0.8,6.47728813559322,
chronos_2,electricity,IND|Andaman and Nicobar,India,False,False,holdout,last12,6,2025-05-01,35.68,34.076141357421875,6.383760303861055,21.081283569335938,37.443519592285156,0.8,6.47728813559322,
chronos_2,electricity,IND|Andaman and Nicobar,India,False,False,holdout,last12,7,2025-06-01,32.92,34.00596237182617,7.323309373939527,19.12210464477539,37.89250183105469,0.8,6.47728813559322,
chronos_2,electricity,IND|Andaman and Nicobar,India,False,False,holdout,last12,8,2025-07-01,34.41,34.38262176513672,7.753997858021746,18.36957359313965,38.24386978149414,0.8,6.47728813559322,
chronos_2,electricity,IND|Andaman and Nicobar,India,False,False,holdout,last12,9,2025-08-01,31.63,34.25649642944336,8.088732632018084,17.740324020385742,38.47257995605469,0.8,6.47728813559322,
chronos_2,electricity,IND|Andaman and Nicobar,India,False,False,holdout,last12,10,2025-09-01,30.51,34.47036361694336,8.650123191684582,16.671920776367188,38.84307861328125,0.8,6.47728813559322,
chronos_2,electricity,IND|Andaman and Nicobar,India,False,False,holdout,last12,11,2025-10-01,32.24,34.56401062011719,8.553400768426846,16.92623519897461,38.849483489990234,0.8,6.47728813559322,
chronos_2,electricity,IND|Andaman and Nicobar,India,False,False,holdout,last12,12,2025-11-01,31.81,34.69029235839844,8.63874132531135,16.8183536529541,38.9603385925293,0.8,6.47728813559322,
chronos_2,electricity,IND|Andaman and Nicobar,India,False,False,rolling,2022-12-01,1,2023-01-01,29.08,16.8486270904541,9.292207798027382,9.525245666503906,33.342132568359375,0.8,5.410555555555556,
chronos_2,electricity,IND|Andaman and Nicobar,India,False,False,rolling,2022-12-01,2,2023-02-01,27.7,14.32458209991455,8.756639824440276,9.335000038146973,31.779170989990234,0.8,5.410555555555556,
chronos_2,electricity,IND|Andaman and Nicobar,India,False,False,rolling,2022-12-01,3,2023-03-01,31.37,13.257655143737793,7.6157251111365145,9.133957862854004,28.653846740722656,0.8,5.410555555555556,
chronos_2,electricity,IND|Andaman and Nicobar,India,False,False,rolling,2022-12-01,4,2023-04-01,33.17,12.668926239013672,7.164292533754513,8.860407829284668,27.223228454589844,0.8,5.410555555555556,
chronos_2,electricity,IND|Andaman and Nicobar,India,False,False,rolling,2022-12-01,5,2023-05-01,33.62,12.096967697143555,6.52309198476715,8.861475944519043,25.580833435058594,0.8,5.410555555555556,
chronos_2,electricity,IND|Andaman and Nicobar,India,False,False,rolling,2022-12-01,6,2023-06-01,29.6,11.831040382385254,6.227253874019951,8.750202178955078,24.71129608154297,0.8,5.410555555555556,
chronos_2,electricity,IND|Andaman and Nicobar,India,False,False,rolling,2022-12-01,7,2023-07-01,29.13,11.806947708129883,6.399463856338408,8.697463035583496,25.09994888305664,0.8,5.410555555555556,
chronos_2,electricity,IND|Andaman and Nicobar,India,False,False,rolling,2022-12-01,8,2023-08-01,31.33,11.970423698425293,6.36248190653669,8.897140502929688,25.204837799072266,0.8,5.410555555555556,
chronos_2,electricity,IND|Andaman and Nicobar,India,False,False,rolling,2022-12-01,9,2023-09-01,27.83,12.239729881286621,6.912543434907596,8.870630264282227,26.588191986083984,0.8,5.410555555555556,
chronos_2,electricity,IND|Andaman and Nicobar,India,False,False,rolling,2022-12-01,10,2023-10-01,30.74,12.673323631286621,7.582826717511528,9.006945610046387,28.44251251220703,0.8,5.410555555555556,
chronos_2,electricity,IND|Andaman and Nicobar,India,False,False,rolling,2022-12-01,11,2023-11-01,31.38,13.17204761505127,7.933271741389428,9.131057739257812,29.46485137939453,0.8,5.410555555555556,
chronos_2,electricity,IND|Andaman and Nicobar,India,False,False,rolling,2022-12-01,12,2023-12-01,33.3,13.668801307678223,7.94253053062877,9.34426498413086,29.70178985595703,0.8,5.410555555555556,
chronos_2,electricity,IND|Andaman and Nicobar,India,False,False,rolling,2023-12-01,1,2024-01-01,32.7,32.374847412109375,3.846988976989528,24.247390747070312,34.10762023925781,0.8,7.252083333333332,
chronos_2,electricity,IND|Andaman and Nicobar,India,False,False,rolling,2023-12-01,2,2024-02-01,31.3,32.061363220214844,4.529454465769529,22.61522674560547,34.22468566894531,0.8,7.252083333333332,
chronos_2,electricity,IND|Andaman and Nicobar,India,False,False,rolling,2023-12-01,3,2024-03-01,31.18,32.031150817871094,5.26158492753086,20.739788055419922,34.225772857666016,0.8,7.252083333333332,
chronos_2,electricity,IND|Andaman and Nicobar,India,False,False,rolling,2023-12-01,4,2024-04-01,38.23,32.010345458984375,6.23423703414067,18.267841339111328,34.24683380126953,0.8,7.252083333333332,
chronos_2,electricity,IND|Andaman and Nicobar,India,False,False,rolling,2023-12-01,5,2024-05-01,36.66,31.62403678894043,6.898375448383899,16.516193389892578,34.19744110107422,0.8,7.252083333333332,
chronos_2,electricity,IND|Andaman and Nicobar,India,False,False,rolling,2023-12-01,6,2024-06-01,31.58,31.55225372314453,7.361092779778118,15.616333961486816,34.48357391357422,0.8,7.252083333333332,
chronos_2,electricity,IND|Andaman and Nicobar,India,False,False,rolling,2023-12-01,7,2024-07-01,33.44,31.68244171142578,8.152423829800712,13.73247241973877,34.62797546386719,0.8,7.252083333333332,
chronos_2,electricity,IND|Andaman and Nicobar,India,False,False,rolling,2023-12-01,8,2024-08-01,33.5,31.51598358154297,8.398062291463988,13.167832374572754,34.69293212890625,0.8,7.252083333333332,
chronos_2,electricity,IND|Andaman and Nicobar,India,False,False,rolling,2023-12-01,9,2024-09-01,32.99,31.644817352294922,8.517641094893062,12.908737182617188,34.74032974243164,0.8,7.252083333333332,
chronos_2,electricity,IND|Andaman and Nicobar,India,False,False,rolling,2023-12-01,10,2024-10-01,33.33,31.550262451171875,9.063828547007736,11.723939895629883,34.955467224121094,0.8,7.252083333333332,
chronos_2,electricity,IND|Andaman and Nicobar,India,False,False,rolling,2023-12-01,11,2024-11-01,33.72,31.444194793701172,9.002985978481515,11.838301658630371,34.913883209228516,0.8,7.252083333333332,
chronos_2,electricity,IND|Andaman and Nicobar,India,False,False,rolling,2023-12-01,12,2024-12-01,35.8,30.987163543701172,9.372227639346761,10.60032844543457,34.622314453125,0.8,7.252083333333332,
chronos_2,electricity,IND|Andhra Pradesh,India,False,False,holdout,last12,1,2024-12-01,6424.13,6997.2578125,525.952236516477,6264.59326171875,7612.6630859375,0.8,820.2649152542374,
chronos_2,electricity,IND|Andhra Pradesh,India,False,False,holdout,last12,2,2025-01-01,7637.87,7326.93359375,638.7440959083763,6424.5517578125,8061.71875,0.8,820.2649152542374,
chronos_2,electricity,IND|Andhra Pradesh,India,False,False,holdout,last12,3,2025-02-01,7909.41,7618.5166015625,709.9451347020037,6593.87744140625,8413.5400390625,0.8,820.2649152542374,
chronos_2,electricity,IND|Andhra Pradesh,India,False,False,holdout,last12,4,2025-03-01,8772.46,7869.05908203125,733.8103255211129,6817.43408203125,8698.265625,0.8,820.2649152542374,
chronos_2,electricity,IND|Andhra Pradesh,India,False,False,holdout,last12,5,2025-04-01,8299.84,7954.65771484375,768.1061786717408,6841.23046875,8809.9658203125,0.8,820.2649152542374,
chronos_2,electricity,IND|Andhra Pradesh,India,False,False,holdout,last12,6,2025-05-01,8142.62,7994.3369140625,788.6699361775115,6873.1845703125,8894.626953125,0.8,820.2649152542374,
chronos_2,electricity,IND|Andhra Pradesh,India,False,False,holdout,last12,7,2025-06-01,7805.96,8015.63623046875,794.3429530637151,6847.51318359375,8883.49609375,0.8,820.2649152542374,
chronos_2,electricity,IND|Andhra Pradesh,India,False,False,holdout,last12,8,2025-07-01,9157.58,8043.24072265625,836.7878028335793,6818.0859375,8962.859375,0.8,820.2649152542374,
chronos_2,electricity,IND|Andhra Pradesh,India,False,False,holdout,last12,9,2025-08-01,9092.94,8008.53662109375,827.4662544518734,6813.04638671875,8933.927734375,0.8,820.2649152542374,
chronos_2,electricity,IND|Andhra Pradesh,India,False,False,holdout,last12,10,2025-09-01,8586.32,7891.64404296875,849.6508194954331,6669.65283203125,8847.3955078125,0.8,820.2649152542374,
chronos_2,electricity,IND|Andhra Pradesh,India,False,False,holdout,last12,11,2025-10-01,7268.74,7731.6201171875,861.1431602952287,6497.74658203125,8704.9453125,0.8,820.2649152542374,
chronos_2,electricity,IND|Andhra Pradesh,India,False,False,holdout,last12,12,2025-11-01,6927.76,7471.34716796875,906.3101208910764,6199.91162109375,8522.8779296875,0.8,820.2649152542374,
chronos_2,electricity,IND|Andhra Pradesh,India,False,False,rolling,2022-12-01,1,2023-01-01,6699.17,6669.58935546875,705.8700648805598,5704.78466796875,7514.00244140625,0.8,961.7855555555556,
chronos_2,electricity,IND|Andhra Pradesh,India,False,False,rolling,2022-12-01,2,2023-02-01,6809.24,6660.20556640625,872.4053723331942,5474.27783203125,7710.3427734375,0.8,961.7855555555556,
chronos_2,electricity,IND|Andhra Pradesh,India,False,False,rolling,2022-12-01,3,2023-03-01,7452.64,6646.5703125,945.3340913760234,5351.22705078125,7774.2158203125,0.8,961.7855555555556,
chronos_2,electricity,IND|Andhra Pradesh,India,False,False,rolling,2022-12-01,4,2023-04-01,7424.91,6532.36669921875,996.4417268964612,5210.9638671875,7764.94677734375,0.8,961.7855555555556,
chronos_2,electricity,IND|Andhra Pradesh,India,False,False,rolling,2022-12-01,5,2023-05-01,7723.63,6422.7001953125,1030.7191011647237,5058.58544921875,7700.4248046875,0.8,961.7855555555556,
chronos_2,electricity,IND|Andhra Pradesh,India,False,False,rolling,2022-12-01,6,2023-06-01,8330.55,6422.3681640625,1051.5886174972636,5049.98095703125,7745.31103515625,0.8,961.7855555555556,
chronos_2,electricity,IND|Andhra Pradesh,India,False,False,rolling,2022-12-01,7,2023-07-01,8074.32,6451.78271484375,1062.3298012540993,5044.92626953125,7767.787109375,0.8,961.7855555555556,
chronos_2,electricity,IND|Andhra Pradesh,India,False,False,rolling,2022-12-01,8,2023-08-01,7871.3,6469.56201171875,1088.8719534649586,5045.39111328125,7836.2822265625,0.8,961.7855555555556,
chronos_2,electricity,IND|Andhra Pradesh,India,False,False,rolling,2022-12-01,9,2023-09-01,7625.55,6417.61376953125,1074.7432286130402,5000.26513671875,7754.94287109375,0.8,961.7855555555556,
chronos_2,electricity,IND|Andhra Pradesh,India,False,False,rolling,2022-12-01,10,2023-10-01,7668.36,6335.86279296875,1105.3341611013598,4897.05029296875,7730.1357421875,0.8,961.7855555555556,
chronos_2,electricity,IND|Andhra Pradesh,India,False,False,rolling,2022-12-01,11,2023-11-01,6395.86,6276.6728515625,1113.0962442145724,4867.171875,7720.15234375,0.8,961.7855555555556,
chronos_2,electricity,IND|Andhra Pradesh,India,False,False,rolling,2022-12-01,12,2023-12-01,6080.13,6289.4267578125,1121.3801176246825,4845.7841796875,7719.9970703125,0.8,961.7855555555556,
chronos_2,electricity,IND|Andhra Pradesh,India,False,False,rolling,2023-12-01,1,2024-01-01,7474.92,6493.59765625,600.4939524354768,5662.7861328125,7201.9140625,0.8,896.1722916666668,
chronos_2,electricity,IND|Andhra Pradesh,India,False,False,rolling,2023-12-01,2,2024-02-01,7376.38,6715.48486328125,795.5621782919532,5646.56884765625,7685.6767578125,0.8,896.1722916666668,
chronos_2,electricity,IND|Andhra Pradesh,India,False,False,rolling,2023-12-01,3,2024-03-01,8035.41,6904.12060546875,885.0197813508526,5700.42138671875,7968.818359375,0.8,896.1722916666668,
chronos_2,electricity,IND|Andhra Pradesh,India,False,False,rolling,2023-12-01,4,2024-04-01,8280.23,6977.0732421875,945.8657878779003,5701.62255859375,8125.97412109375,0.8,896.1722916666668,
chronos_2,electricity,IND|Andhra Pradesh,India,False,False,rolling,2023-12-01,5,2024-05-01,8348.22,6985.20654296875,964.2113174840454,5675.70458984375,8147.07763671875,0.8,896.1722916666668,
chronos_2,electricity,IND|Andhra Pradesh,India,False,False,rolling,2023-12-01,6,2024-06-01,7960.97,7018.26806640625,998.7856873977489,5652.20361328125,8212.1943359375,0.8,896.1722916666668,
chronos_2,electricity,IND|Andhra Pradesh,India,False,False,rolling,2023-12-01,7,2024-07-01,7038.44,7042.9970703125,1026.5868801607062,5645.541015625,8276.7890625,0.8,896.1722916666668,
chronos_2,electricity,IND|Andhra Pradesh,India,False,False,rolling,2023-12-01,8,2024-08-01,7818.74,7082.61572265625,1029.8018246844165,5668.509765625,8307.998046875,0.8,896.1722916666668,
chronos_2,electricity,IND|Andhra Pradesh,India,False,False,rolling,2023-12-01,9,2024-09-01,7672.3,7049.52978515625,1047.7478675243717,5599.17138671875,8284.6572265625,0.8,896.1722916666668,
chronos_2,electricity,IND|Andhra Pradesh,India,False,False,rolling,2023-12-01,10,2024-10-01,7506.5,7006.607421875,1070.0861692490546,5562.4443359375,8305.185546875,0.8,896.1722916666668,
chronos_2,electricity,IND|Andhra Pradesh,India,False,False,rolling,2023-12-01,11,2024-11-01,6703.02,6969.294921875,1085.9178088377262,5524.8564453125,8308.17578125,0.8,896.1722916666668,
chronos_2,electricity,IND|Andhra Pradesh,India,False,False,rolling,2023-12-01,12,2024-12-01,6424.13,6994.2998046875,1103.2157572672959,5501.91259765625,8329.568359375,0.8,896.1722916666668,
chronos_2,electricity,IND|Arunachal Pradesh,India,False,False,holdout,last12,1,2024-12-01,222.34,209.2942657470703,53.072695587758616,145.44613647460938,281.4769287109375,0.8,86.53,
chronos_2,electricity,IND|Arunachal Pradesh,India,False,False,holdout,last12,2,2025-01-01,142.54,155.05722045898438,54.64165628710659,89.24388122558594,229.29608154296875,0.8,86.53,
chronos_2,electricity,IND|Arunachal Pradesh,India,False,False,holdout,last12,3,2025-02-01,108.76,136.350830078125,56.1778741214384,68.72125244140625,212.7109375,0.8,86.53,
chronos_2,electricity,IND|Arunachal Pradesh,India,False,False,holdout,last12,4,2025-03-01,184.22,153.83677673339844,59.45525631211044,84.74012756347656,237.1300811767578,0.8,86.53,
chronos_2,electricity,IND|Arunachal Pradesh,India,False,False,holdout,last12,5,2025-04-01,199.03,183.8486328125,65.4125527056324,108.5821533203125,276.24127197265625,0.8,86.53,
chronos_2,electricity,IND|Arunachal Pradesh,India,False,False,holdout,last12,6,2025-05-01,378.7,315.7252502441406,81.34420091055974,216.9282684326172,425.4218444824219,0.8,86.53,
chronos_2,electricity,IND|Arunachal Pradesh,India,False,False,holdout,last12,7,2025-06-01,510.44,468.26763916015625,97.81479667365308,348.17413330078125,598.883544921875,0.8,86.53,
chronos_2,electricity,IND|Arunachal Pradesh,India,False,False,holdout,last12,8,2025-07-01,601.08,584.0367431640625,104.48867364467777,459.85443115234375,727.669677734375,0.8,86.53,
chronos_2,electricity,IND|Arunachal Pradesh,India,False,False,holdout,last12,9,2025-08-01,675.71,566.838134765625,108.9540384171143,431.42205810546875,710.6824951171875,0.8,86.53,
chronos_2,electricity,IND|Arunachal Pradesh,India,False,False,holdout,last12,10,2025-09-01,576.59,490.01318359375,94.87302289614848,376.4291687011719,619.5985107421875,0.8,86.53,
chronos_2,electricity,IND|Arunachal Pradesh,India,False,False,holdout,last12,11,2025-10-01,430.12,406.8454895019531,87.6986682567277,300.6113586425781,525.39208984375,0.8,86.53,
chronos_2,electricity,IND|Arunachal Pradesh,India,False,False,holdout,last12,12,2025-11-01,285.89,260.9144592285156,85.91243781162886,158.83998107910156,379.04241943359375,0.8,86.53,
chronos_2,electricity,IND|Arunachal Pradesh,India,False,False,rolling,2022-12-01,1,2023-01-01,178.59,207.84866333007812,42.102293916065264,154.84327697753906,262.75579833984375,0.8,91.8836111111111,
chronos_2,electricity,IND|Arunachal Pradesh,India,False,False,rolling,2022-12-01,2,2023-02-01,154.42,194.1173095703125,46.71646608012797,136.5272979736328,256.26641845703125,0.8,91.8836111111111,
chronos_2,electricity,IND|Arunachal Pradesh,India,False,False,rolling,2022-12-01,3,2023-03-01,203.9,214.31704711914062,51.660644650816266,150.72964477539062,283.1412048339844,0.8,91.8836111111111,
chronos_2,electricity,IND|Arunachal Pradesh,India,False,False,rolling,2022-12-01,4,2023-04-01,220.16,241.2169189453125,56.5137385242778,171.50123596191406,316.3517761230469,0.8,91.8836111111111,
chronos_2,electricity,IND|Arunachal Pradesh,India,False,False,rolling,2022-12-01,5,2023-05-01,263.77,459.03375244140625,81.39590487104435,355.500732421875,564.1268310546875,0.8,91.8836111111111,
chronos_2,electricity,IND|Arunachal Pradesh,India,False,False,rolling,2022-12-01,6,2023-06-01,462.67,611.072265625,82.76061557842152,502.2262268066406,714.3502197265625,0.8,91.8836111111111,
chronos_2,electricity,IND|Arunachal Pradesh,India,False,False,rolling,2022-12-01,7,2023-07-01,696.96,665.5826416015625,86.26573332515324,556.262939453125,777.3709106445312,0.8,91.8836111111111,
chronos_2,electricity,IND|Arunachal Pradesh,India,False,False,rolling,2022-12-01,8,2023-08-01,744.64,650.865234375,87.93595282287572,538.4652099609375,763.8541259765625,0.8,91.8836111111111,
chronos_2,electricity,IND|Arunachal Pradesh,India,False,False,rolling,2022-12-01,9,2023-09-01,492.36,624.5816650390625,91.84742738420253,501.440673828125,736.8551025390625,0.8,91.8836111111111,
chronos_2,electricity,IND|Arunachal Pradesh,India,False,False,rolling,2022-12-01,10,2023-10-01,448.46,541.7957763671875,89.54866394313346,424.975830078125,654.498291015625,0.8,91.8836111111111,
chronos_2,electricity,IND|Arunachal Pradesh,India,False,False,rolling,2022-12-01,11,2023-11-01,243.09,363.1717834472656,83.8301880537912,256.3111267089844,471.1765441894531,0.8,91.8836111111111,
chronos_2,electricity,IND|Arunachal Pradesh,India,False,False,rolling,2022-12-01,12,2023-12-01,183.0,259.77667236328125,71.6564801395058,168.31642150878906,351.9793701171875,0.8,91.8836111111111,
chronos_2,electricity,IND|Arunachal Pradesh,India,False,False,rolling,2023-12-01,1,2024-01-01,148.77,153.964111328125,39.67243994996787,101.42103576660156,203.1055908203125,0.8,90.08770833333335,
chronos_2,electricity,IND|Arunachal Pradesh,India,False,False,rolling,2023-12-01,2,2024-02-01,150.0,132.68275451660156,44.001517011710774,75.02803039550781,187.80845642089844,0.8,90.08770833333335,
chronos_2,electricity,IND|Arunachal Pradesh,India,False,False,rolling,2023-12-01,3,2024-03-01,226.88,147.68553161621094,48.30052421687248,87.09274291992188,210.8919677734375,0.8,90.08770833333335,
chronos_2,electricity,IND|Arunachal Pradesh,India,False,False,rolling,2023-12-01,4,2024-04-01,237.47,188.5077667236328,56.25200992108317,120.42915344238281,264.6088562011719,0.8,90.08770833333335,
chronos_2,electricity,IND|Arunachal Pradesh,India,False,False,rolling,2023-12-01,5,2024-05-01,329.09,332.7470397949219,84.42458416555002,224.7122802734375,441.1011962890625,0.8,90.08770833333335,
chronos_2,electricity,IND|Arunachal Pradesh,India,False,False,rolling,2023-12-01,6,2024-06-01,523.65,500.6060791015625,114.39350937702979,355.8130187988281,649.015380859375,0.8,90.08770833333335,
chronos_2,electricity,IND|Arunachal Pradesh,India,False,False,rolling,2023-12-01,7,2024-07-01,603.55,615.4791259765625,128.29630846033675,443.4500732421875,772.2867431640625,0.8,90.08770833333335,
chronos_2,electricity,IND|Arunachal Pradesh,India,False,False,rolling,2023-12-01,8,2024-08-01,516.87,618.2755126953125,135.53673224811195,448.0964660644531,795.4910888671875,0.8,90.08770833333335,
chronos_2,electricity,IND|Arunachal Pradesh,India,False,False,rolling,2023-12-01,9,2024-09-01,440.15,548.785400390625,127.10548022593993,392.7300109863281,718.5144653320312,0.8,90.08770833333335,
chronos_2,electricity,IND|Arunachal Pradesh,India,False,False,rolling,2023-12-01,10,2024-10-01,569.17,433.380615234375,107.24164610925101,302.68524169921875,577.556640625,0.8,90.08770833333335,
chronos_2,electricity,IND|Arunachal Pradesh,India,False,False,rolling,2023-12-01,11,2024-11-01,329.22,271.3146057128906,88.47019731497575,163.6165771484375,390.37481689453125,0.8,90.08770833333335,
chronos_2,electricity,IND|Arunachal Pradesh,India,False,False,rolling,2023-12-01,12,2024-12-01,222.34,177.9982452392578,75.9498258056438,81.12222290039062,275.7894592285156,0.8,90.08770833333335,
chronos_2,electricity,IND|Assam,India,False,False,holdout,last12,1,2024-12-01,712.46,772.57373046875,72.48505917510836,666.7042236328125,852.4909057617188,0.8,128.93830508474576,
chronos_2,electricity,IND|Assam,India,False,False,holdout,last12,2,2025-01-01,788.7,777.951904296875,92.51873946250839,645.6302490234375,882.7653198242188,0.8,128.93830508474576,
chronos_2,electricity,IND|Assam,India,False,False,holdout,last12,3,2025-02-01,741.45,784.9567260742188,102.735537306238,640.0037841796875,903.3255615234375,0.8,128.93830508474576,
chronos_2,electricity,IND|Assam,India,False,False,holdout,last12,4,2025-03-01,680.59,792.5487060546875,109.24879564123796,636.1005249023438,916.116455078125,0.8,128.93830508474576,
chronos_2,electricity,IND|Assam,India,False,False,holdout,last12,5,2025-04-01,703.01,799.7514038085938,112.37122668815717,637.1832275390625,925.2022705078125,0.8,128.93830508474576,
chronos_2,electricity,IND|Assam,India,False,False,holdout,last12,6,2025-05-01,717.06,808.9576416015625,116.65825595797115,639.943359375,938.9505004882812,0.8,128.93830508474576,
chronos_2,electricity,IND|Assam,India,False,False,holdout,last12,7,2025-06-01,804.5,815.2542114257812,119.78678313103154,641.478271484375,948.504150390625,0.8,128.93830508474576,
chronos_2,electricity,IND|Assam,India,False,False,holdout,last12,8,2025-07-01,851.97,820.9068603515625,123.66413367376333,642.597412109375,959.5613403320312,0.8,128.93830508474576,
chronos_2,electricity,IND|Assam,India,False,False,holdout,last12,9,2025-08-01,850.47,825.723876953125,124.97806317412453,642.5055541992188,962.8372192382812,0.8,128.93830508474576,
chronos_2,electricity,IND|Assam,India,False,False,holdout,last12,10,2025-09-01,865.28,827.9972534179688,128.7412304166727,641.757568359375,971.734619140625,0.8,128.93830508474576,
chronos_2,electricity,IND|Assam,India,False,False,holdout,last12,11,2025-10-01,850.24,829.1217651367188,129.55308677812428,639.7804565429688,971.83837890625,0.8,128.93830508474576,
chronos_2,electricity,IND|Assam,India,False,False,holdout,last12,12,2025-11-01,722.01,827.7982788085938,132.15346558522583,633.8298950195312,972.5528564453125,0.8,128.93830508474576,
chronos_2,electricity,IND|Assam,India,False,False,rolling,2022-12-01,1,2023-01-01,777.59,714.8509521484375,72.72504651593226,615.1124877929688,801.5142822265625,0.8,161.5547222222222,
chronos_2,electricity,IND|Assam,India,False,False,rolling,2022-12-01,2,2023-02-01,739.91,711.1340942382812,102.5170292848647,573.725830078125,836.487548828125,0.8,161.5547222222222,
chronos_2,electricity,IND|Assam,India,False,False,rolling,2022-12-01,3,2023-03-01,658.7,705.9591064453125,119.29806908104852,550.1542358398438,855.927490234375,0.8,161.5547222222222,
chronos_2,electricity,IND|Assam,India,False,False,rolling,2022-12-01,4,2023-04-01,789.88,704.9268188476562,131.32751193207272,538.773681640625,875.379638671875,0.8,161.5547222222222,
chronos_2,electricity,IND|Assam,India,False,False,rolling,2022-12-01,5,2023-05-01,773.6,709.3077392578125,134.5513863280602,534.4532470703125,879.3223266601562,0.8,161.5547222222222,
chronos_2,electricity,IND|Assam,India,False,False,rolling,2022-12-01,6,2023-06-01,783.94,713.5369873046875,143.3057330357153,529.6036987304688,896.9110717773438,0.8,161.5547222222222,
chronos_2,electricity,IND|Assam,India,False,False,rolling,2022-12-01,7,2023-07-01,780.7,713.52734375,148.7389054590513,521.8787231445312,903.1118774414062,0.8,161.5547222222222,
chronos_2,electricity,IND|Assam,India,False,False,rolling,2022-12-01,8,2023-08-01,849.96,712.239990234375,153.12490152668866,519.4334106445312,911.9083251953125,0.8,161.5547222222222,
chronos_2,electricity,IND|Assam,India,False,False,rolling,2022-12-01,9,2023-09-01,845.29,703.796630859375,153.5170300781222,509.0181884765625,902.4981689453125,0.8,161.5547222222222,
chronos_2,electricity,IND|Assam,India,False,False,rolling,2022-12-01,10,2023-10-01,937.38,693.9909057617188,161.82270428308496,491.5406799316406,906.3089599609375,0.8,161.5547222222222,
chronos_2,electricity,IND|Assam,India,False,False,rolling,2022-12-01,11,2023-11-01,773.39,688.3828125,165.20992390276575,483.5333251953125,906.9833984375,0.8,161.5547222222222,
chronos_2,electricity,IND|Assam,India,False,False,rolling,2022-12-01,12,2023-12-01,751.93,690.5040283203125,170.25481357299557,478.3004455566406,914.6810913085938,0.8,161.5547222222222,
chronos_2,electricity,IND|Assam,India,False,False,rolling,2023-12-01,1,2024-01-01,748.0,769.3975219726562,77.58296847367163,658.234130859375,857.0872802734375,0.8,142.86041666666665,
chronos_2,electricity,IND|Assam,India,False,False,rolling,2023-12-01,2,2024-02-01,600.84,765.4518432617188,101.33059454762825,623.0956420898438,882.81640625,0.8,142.86041666666665,
chronos_2,electricity,IND|Assam,India,False,False,rolling,2023-12-01,3,2024-03-01,794.41,762.9060668945312,115.31858461245906,600.6954345703125,896.2688598632812,0.8,142.86041666666665,
chronos_2,electricity,IND|Assam,India,False,False,rolling,2023-12-01,4,2024-04-01,819.47,759.1707763671875,128.12816491860647,583.4041748046875,911.8098754882812,0.8,142.86041666666665,
chronos_2,electricity,IND|Assam,India,False,False,rolling,2023-12-01,5,2024-05-01,852.47,754.146240234375,132.59141033468924,571.7987060546875,911.6441650390625,0.8,142.86041666666665,
chronos_2,electricity,IND|Assam,India,False,False,rolling,2023-12-01,6,2024-06-01,876.59,748.2391357421875,140.99158640133683,556.921875,918.2978515625,0.8,142.86041666666665,
chronos_2,electricity,IND|Assam,India,False,False,rolling,2023-12-01,7,2024-07-01,913.11,743.492919921875,147.13290960274597,544.4876708984375,921.6044921875,0.8,142.86041666666665,
chronos_2,electricity,IND|Assam,India,False,False,rolling,2023-12-01,8,2024-08-01,841.99,743.6785888671875,151.61446721024504,539.4055786132812,928.0090942382812,0.8,142.86041666666665,
chronos_2,electricity,IND|Assam,India,False,False,rolling,2023-12-01,9,2024-09-01,854.13,739.9696655273438,153.17059865975486,532.5677490234375,925.1597900390625,0.8,142.86041666666665,
chronos_2,electricity,IND|Assam,India,False,False,rolling,2023-12-01,10,2024-10-01,881.79,736.6294555664062,156.9961083172938,527.3348388671875,929.7320556640625,0.8,142.86041666666665,
chronos_2,electricity,IND|Assam,India,False,False,rolling,2023-12-01,11,2024-11-01,733.62,734.7513427734375,159.26722487379283,527.068603515625,935.2869262695312,0.8,142.86041666666665,
chronos_2,electricity,IND|Assam,India,False,False,rolling,2023-12-01,12,2024-12-01,712.46,733.8226928710938,164.3932096907954,517.1495971679688,938.50634765625,0.8,142.86041666666665,
chronos_2,electricity,IND|Bihar,India,False,False,holdout,last12,1,2024-12-01,4685.25,5057.625,393.62076881052695,4408.31787109375,5417.20849609375,0.8,585.3803389830508,
chronos_2,electricity,IND|Bihar,India,False,False,holdout,last12,2,2025-01-01,4662.62,5075.55810546875,459.31776771442696,4326.77001953125,5504.048828125,0.8,585.3803389830508,
chronos_2,electricity,IND|Bihar,India,False,False,holdout,last12,3,2025-02-01,5048.01,5117.34814453125,514.0731727145998,4289.13623046875,5606.7587890625,0.8,585.3803389830508,
chronos_2,electricity,IND|Bihar,India,False,False,holdout,last12,4,2025-03-01,5726.4,5149.5185546875,574.3627172273219,4250.251953125,5722.40283203125,0.8,585.3803389830508,
chronos_2,electricity,IND|Bihar,India,False,False,holdout,last12,5,2025-04-01,5213.38,5184.4521484375,602.3957532875862,4223.80419921875,5767.806640625,0.8,585.3803389830508,
chronos_2,electricity,IND|Bihar,India,False,False,holdout,last12,6,2025-05-01,4863.17,5198.48974609375,647.5789067184966,4169.0,5828.8115234375,0.8,585.3803389830508,
chronos_2,electricity,IND|Bihar,India,False,False,holdout,last12,7,2025-06-01,4684.21,5205.056640625,690.3670445916866,4084.56201171875,5854.0439453125,0.8,585.3803389830508,
chronos_2,electricity,IND|Bihar,India,False,False,holdout,last12,8,2025-07-01,4781.53,5202.29443359375,739.4547668160295,4010.3671875,5905.666015625,0.8,585.3803389830508,
chronos_2,electricity,IND|Bihar,India,False,False,holdout,last12,9,2025-08-01,4740.31,5167.67041015625,760.6036571793835,3937.935791015625,5887.44140625,0.8,585.3803389830508,
chronos_2,electricity,IND|Bihar,India,False,False,holdout,last12,10,2025-09-01,4872.88,5142.7314453125,814.47874346398,3827.331787109375,5914.9248046875,0.8,585.3803389830508,
chronos_2,electricity,IND|Bihar,India,False,False,holdout,last12,11,2025-10-01,4609.9,5121.8603515625,833.7189748333157,3789.02978515625,5925.9375,0.8,585.3803389830508,
chronos_2,electricity,IND|Bihar,India,False,False,holdout,last12,12,2025-11-01,4860.24,5103.2109375,878.5409327903604,3703.5478515625,5955.3388671875,0.8,585.3803389830508,
chronos_2,electricity,IND|Bihar,India,False,False,rolling,2022-12-01,1,2023-01-01,4738.94,4539.8447265625,395.84823615133536,3940.452880859375,4955.052734375,0.8,710.4119444444444,
chronos_2,electricity,IND|Bihar,India,False,False,rolling,2022-12-01,2,2023-02-01,4701.89,4530.45166015625,464.9465876861068,3829.78369140625,5021.48974609375,0.8,710.4119444444444,
chronos_2,electricity,IND|Bihar,India,False,False,rolling,2022-12-01,3,2023-03-01,4772.6,4536.060546875,531.641350985772,3734.198974609375,5096.8505859375,0.8,710.4119444444444,
chronos_2,electricity,IND|Bihar,India,False,False,rolling,2022-12-01,4,2023-04-01,5106.57,4513.77490234375,594.9694333719939,3648.527099609375,5173.4951171875,0.8,710.4119444444444,
chronos_2,electricity,IND|Bihar,India,False,False,rolling,2022-12-01,5,2023-05-01,4782.3,4511.0810546875,618.205580174909,3593.429931640625,5177.95458984375,0.8,710.4119444444444,
chronos_2,electricity,IND|Bihar,India,False,False,rolling,2022-12-01,6,2023-06-01,4745.85,4501.40966796875,664.6823506233741,3530.27490234375,5233.92431640625,0.8,710.4119444444444,
chronos_2,electricity,IND|Bihar,India,False,False,rolling,2022-12-01,7,2023-07-01,4852.38,4498.1455078125,693.714484606997,3466.209228515625,5244.27099609375,0.8,710.4119444444444,
chronos_2,electricity,IND|Bihar,India,False,False,rolling,2022-12-01,8,2023-08-01,5335.02,4490.5546875,746.631145559833,3396.418701171875,5310.111328125,0.8,710.4119444444444,
chronos_2,electricity,IND|Bihar,India,False,False,rolling,2022-12-01,9,2023-09-01,4972.18,4497.58447265625,743.2817052531327,3383.816162109375,5288.923828125,0.8,710.4119444444444,
chronos_2,electricity,IND|Bihar,India,False,False,rolling,2022-12-01,10,2023-10-01,4849.6,4498.90234375,787.4928123204361,3328.3427734375,5346.76806640625,0.8,710.4119444444444,
chronos_2,electricity,IND|Bihar,India,False,False,rolling,2022-12-01,11,2023-11-01,4658.79,4492.08544921875,811.9493273752407,3302.28857421875,5383.3984375,0.8,710.4119444444444,
chronos_2,electricity,IND|Bihar,India,False,False,rolling,2022-12-01,12,2023-12-01,4183.25,4497.556640625,837.2775884682356,3267.4345703125,5413.46337890625,0.8,710.4119444444444,
chronos_2,electricity,IND|Bihar,India,False,False,rolling,2023-12-01,1,2024-01-01,4626.83,4428.80615234375,356.0107185824524,3896.35595703125,4808.84814453125,0.8,625.5177083333333,
chronos_2,electricity,IND|Bihar,India,False,False,rolling,2023-12-01,2,2024-02-01,5223.83,4447.427734375,459.8415583027146,3763.096435546875,4941.7177734375,0.8,625.5177083333333,
chronos_2,electricity,IND|Bihar,India,False,False,rolling,2023-12-01,3,2024-03-01,5367.25,4461.3623046875,526.4789799158642,3687.01708984375,5036.43701171875,0.8,625.5177083333333,
chronos_2,electricity,IND|Bihar,India,False,False,rolling,2023-12-01,4,2024-04-01,5475.15,4458.43115234375,608.1445907426707,3575.6142578125,5134.3515625,0.8,625.5177083333333,
chronos_2,electricity,IND|Bihar,India,False,False,rolling,2023-12-01,5,2024-05-01,5383.26,4441.89794921875,657.1786861073653,3482.570556640625,5166.9873046875,0.8,625.5177083333333,
chronos_2,electricity,IND|Bihar,India,False,False,rolling,2023-12-01,6,2024-06-01,5395.28,4433.8486328125,698.8130368563642,3395.05322265625,5186.18310546875,0.8,625.5177083333333,
chronos_2,electricity,IND|Bihar,India,False,False,rolling,2023-12-01,7,2024-07-01,4860.69,4399.92578125,752.7931860649252,3296.952880859375,5226.439453125,0.8,625.5177083333333,
chronos_2,electricity,IND|Bihar,India,False,False,rolling,2023-12-01,8,2024-08-01,4735.77,4363.61328125,811.7151027786597,3193.979736328125,5274.4892578125,0.8,625.5177083333333,
chronos_2,electricity,IND|Bihar,India,False,False,rolling,2023-12-01,9,2024-09-01,4818.41,4326.31787109375,845.0330991954523,3109.677978515625,5275.5849609375,0.8,625.5177083333333,
chronos_2,electricity,IND|Bihar,India,False,False,rolling,2023-12-01,10,2024-10-01,5492.64,4298.140625,885.6208212875855,3028.89599609375,5298.83349609375,0.8,625.5177083333333,
chronos_2,electricity,IND|Bihar,India,False,False,rolling,2023-12-01,11,2024-11-01,4919.34,4274.787109375,910.5492146065068,2995.369140625,5329.20068359375,0.8,625.5177083333333,
chronos_2,electricity,IND|Bihar,India,False,False,rolling,2023-12-01,12,2024-12-01,4685.25,4258.9951171875,960.9653208178033,2915.4228515625,5378.47607421875,0.8,625.5177083333333,
chronos_2,electricity,IND|Chandigarh,India,False,False,holdout,last12,1,2024-12-01,0.66,0.9814038872718811,0.4735724283226018,0.506736159324646,1.7205511331558228,0.8,0.5545762711864405,
chronos_2,electricity,IND|Chandigarh,India,False,False,holdout,last12,2,2025-01-01,0.4,0.5270395278930664,0.3508611001143124,0.24775397777557373,1.1470471620559692,0.8,0.5545762711864405,
chronos_2,electricity,IND|Chandigarh,India,False,False,holdout,last12,3,2025-02-01,0.4,0.9900980591773987,0.5164672790996987,0.46419376134872437,1.7879526615142822,0.8,0.5545762711864405,
chronos_2,electricity,IND|Chandigarh,India,False,False,holdout,last12,4,2025-03-01,0.4,0.6244773268699646,0.4476889377236946,0.2445966601371765,1.3920695781707764,0.8,0.5545762711864405,
chronos_2,electricity,IND|Chandigarh,India,False,False,holdout,last12,5,2025-04-01,0.4,1.0930876731872559,0.6452057362329123,0.4206639528274536,2.074392795562744,0.8,0.5545762711864405,
chronos_2,electricity,IND|Chandigarh,India,False,False,holdout,last12,6,2025-05-01,0.66,0.6236239671707153,0.46213602926580344,0.24611610174179077,1.430618405342102,0.8,0.5545762711864405,
chronos_2,electricity,IND|Chandigarh,India,False,False,holdout,last12,7,2025-06-01,0.66,1.0036414861679077,0.6273716185516887,0.4099771976470947,2.0179953575134277,0.8,0.5545762711864405,
chronos_2,electricity,IND|Chandigarh,India,False,False,holdout,last12,8,2025-07-01,0.63,0.6332876682281494,0.48850770947073635,0.2405720353126526,1.4926676750183105,0.8,0.5545762711864405,
chronos_2,electricity,IND|Chandigarh,India,False,False,holdout,last12,9,2025-08-01,0.83,1.0469566583633423,0.6480570165451505,0.39961671829223633,2.0606536865234375,0.8,0.5545762711864405,
chronos_2,electricity,IND|Chandigarh,India,False,False,holdout,last12,10,2025-09-01,0.83,0.5908514857292175,0.4627112618716555,0.21756523847579956,1.403541922569275,0.8,0.5545762711864405,
chronos_2,electricity,IND|Chandigarh,India,False,False,holdout,last12,11,2025-10-01,0.83,1.001435399055481,0.6115703490865536,0.3794904947280884,1.9470083713531494,0.8,0.5545762711864405,
chronos_2,electricity,IND|Chandigarh,India,False,False,holdout,last12,12,2025-11-01,0.42,0.5617107152938843,0.46583490328834626,0.21659845113754272,1.410581350326538,0.8,0.5545762711864405,
chronos_2,electricity,IND|Chandigarh,India,False,False,rolling,2022-12-01,1,2023-01-01,0.72,0.25724995136260986,0.22972333632660774,0.15308547019958496,0.7418900728225708,0.8,0.5552777777777779,
chronos_2,electricity,IND|Chandigarh,India,False,False,rolling,2022-12-01,2,2023-02-01,1.43,1.530794620513916,0.9468239626151198,0.3368794322013855,2.7636868953704834,0.8,0.5552777777777779,
chronos_2,electricity,IND|Chandigarh,India,False,False,rolling,2022-12-01,3,2023-03-01,1.43,0.31366121768951416,0.4401571020651976,0.15900009870529175,1.2871681451797485,0.8,0.5552777777777779,
chronos_2,electricity,IND|Chandigarh,India,False,False,rolling,2022-12-01,4,2023-04-01,2.2,1.7642736434936523,0.8466986068832756,0.44724100828170776,2.6174168586730957,0.8,0.5552777777777779,
chronos_2,electricity,IND|Chandigarh,India,False,False,rolling,2022-12-01,5,2023-05-01,0.75,0.2609928846359253,0.24024965582203722,0.16743850708007812,0.7832231521606445,0.8,0.5552777777777779,
chronos_2,electricity,IND|Chandigarh,India,False,False,rolling,2022-12-01,6,2023-06-01,1.98,1.6728184223175049,0.8993047402715076,0.4021189212799072,2.707129716873169,0.8,0.5552777777777779,
chronos_2,electricity,IND|Chandigarh,India,False,False,rolling,2022-12-01,7,2023-07-01,0.59,0.32955533266067505,0.5425481105739802,0.15150582790374756,1.5421125888824463,0.8,0.5552777777777779,
chronos_2,electricity,IND|Chandigarh,India,False,False,rolling,2022-12-01,8,2023-08-01,1.24,1.9337432384490967,0.7863252519844913,0.5249110460281372,2.540343761444092,0.8,0.5552777777777779,
chronos_2,electricity,IND|Chandigarh,India,False,False,rolling,2022-12-01,9,2023-09-01,0.78,0.2469918131828308,0.19361602565565902,0.16223126649856567,0.6584891080856323,0.8,0.5552777777777779,
chronos_2,electricity,IND|Chandigarh,India,False,False,rolling,2022-12-01,10,2023-10-01,1.19,1.6807634830474854,0.8272220903493309,0.4499444365501404,2.570199966430664,0.8,0.5552777777777779,
chronos_2,electricity,IND|Chandigarh,India,False,False,rolling,2022-12-01,11,2023-11-01,0.63,0.25854259729385376,0.2521648727699455,0.15792274475097656,0.8042473196983337,0.8,0.5552777777777779,
chronos_2,electricity,IND|Chandigarh,India,False,False,rolling,2022-12-01,12,2023-12-01,0.63,1.6701985597610474,0.8858885606250178,0.3981782793998718,2.66880202293396,0.8,0.5552777777777779,
chronos_2,electricity,IND|Chandigarh,India,False,False,rolling,2023-12-01,1,2024-01-01,0.45,0.5743649005889893,0.4314135711072211,0.22464776039123535,1.3304052352905273,0.8,0.57375,
chronos_2,electricity,IND|Chandigarh,India,False,False,rolling,2023-12-01,2,2024-02-01,0.63,1.2773898839950562,0.7490487791817583,0.419141948223114,2.339031219482422,0.8,0.57375,
chronos_2,electricity,IND|Chandigarh,India,False,False,rolling,2023-12-01,3,2024-03-01,0.63,0.7987570762634277,0.6777373772128917,0.21437376737594604,1.9514845609664917,0.8,0.57375,
chronos_2,electricity,IND|Chandigarh,India,False,False,rolling,2023-12-01,4,2024-04-01,1.02,1.6915228366851807,0.7984635762100737,0.58231121301651,2.6288557052612305,0.8,0.57375,
chronos_2,electricity,IND|Chandigarh,India,False,False,rolling,2023-12-01,5,2024-05-01,1.07,0.5236731767654419,0.5138105723326241,0.13663578033447266,1.4535852670669556,0.8,0.57375,
chronos_2,electricity,IND|Chandigarh,India,False,False,rolling,2023-12-01,6,2024-06-01,0.85,1.413558840751648,0.8117816435358938,0.4227953553199768,2.5034754276275635,0.8,0.57375,
chronos_2,electricity,IND|Chandigarh,India,False,False,rolling,2023-12-01,7,2024-07-01,0.68,0.5075476169586182,0.521253086013474,0.13166457414627075,1.4676899909973145,0.8,0.57375,
chronos_2,electricity,IND|Chandigarh,India,False,False,rolling,2023-12-01,8,2024-08-01,1.27,1.3196005821228027,0.7933749210497746,0.369653582572937,2.4031553268432617,0.8,0.57375,
chronos_2,electricity,IND|Chandigarh,India,False,False,rolling,2023-12-01,9,2024-09-01,0.6,0.5235201120376587,0.5543497507088637,0.14004391431808472,1.5608994960784912,0.8,0.57375,
chronos_2,electricity,IND|Chandigarh,India,False,False,rolling,2023-12-01,10,2024-10-01,1.0,1.2667971849441528,0.7600986822040618,0.4062093496322632,2.3544206619262695,0.8,0.57375,
chronos_2,electricity,IND|Chandigarh,India,False,False,rolling,2023-12-01,11,2024-11-01,0.44,0.5479615926742554,0.5335280326339213,0.14640146493911743,1.5138888359069824,0.8,0.57375,
chronos_2,electricity,IND|Chandigarh,India,False,False,rolling,2023-12-01,12,2024-12-01,0.66,1.0595496892929077,0.7526445643402268,0.3284059762954712,2.257511615753174,0.8,0.57375,
chronos_2,electricity,IND|Chhattisgarh,India,False,False,holdout,last12,1,2024-12-01,14624.13,13874.2490234375,980.8072588876687,12467.611328125,14981.521484375,0.8,1286.9083050847457,
chronos_2,electricity,IND|Chhattisgarh,India,False,False,holdout,last12,2,2025-01-01,15520.41,14181.33203125,1179.1424368439975,12508.494140625,15530.7578125,0.8,1286.9083050847457,
chronos_2,electricity,IND|Chhattisgarh,India,False,False,holdout,last12,3,2025-02-01,14491.25,14310.9677734375,1327.6238762255543,12450.5126953125,15853.349609375,0.8,1286.9083050847457,
chronos_2,electricity,IND|Chhattisgarh,India,False,False,holdout,last12,4,2025-03-01,15220.62,14655.404296875,1446.0860854484704,12654.638671875,16361.1064453125,0.8,1286.9083050847457,
chronos_2,electricity,IND|Chhattisgarh,India,False,False,holdout,last12,5,2025-04-01,14477.44,14683.416015625,1497.9846933357278,12582.4052734375,16421.89453125,0.8,1286.9083050847457,
chronos_2,electricity,IND|Chhattisgarh,India,False,False,holdout,last12,6,2025-05-01,14345.66,14673.2021484375,1555.436110121842,12538.0888671875,16524.83203125,0.8,1286.9083050847457,
chronos_2,electricity,IND|Chhattisgarh,India,False,False,holdout,last12,7,2025-06-01,14409.83,14541.5029296875,1598.089942715984,12325.2626953125,16421.33203125,0.8,1286.9083050847457,
chronos_2,electricity,IND|Chhattisgarh,India,False,False,holdout,last12,8,2025-07-01,13782.32,14418.5439453125,1653.2339757576576,12112.7265625,16350.1357421875,0.8,1286.9083050847457,
chronos_2,electricity,IND|Chhattisgarh,India,False,False,holdout,last12,9,2025-08-01,13627.89,14249.890625,1696.442555830648,11918.5546875,16266.7119140625,0.8,1286.9083050847457,
chronos_2,electricity,IND|Chhattisgarh,India,False,False,holdout,last12,10,2025-09-01,12871.84,14192.8505859375,1758.4230133317828,11731.083984375,16238.103515625,0.8,1286.9083050847457,
chronos_2,electricity,IND|Chhattisgarh,India,False,False,holdout,last12,11,2025-10-01,13668.27,14326.6650390625,1773.7665818212754,11855.3564453125,16401.703125,0.8,1286.9083050847457,
chronos_2,electricity,IND|Chhattisgarh,India,False,False,holdout,last12,12,2025-11-01,13111.59,14385.4365234375,1850.8463817583715,11775.345703125,16519.255859375,0.8,1286.9083050847457,
chronos_2,electricity,IND|Chhattisgarh,India,False,False,rolling,2022-12-01,1,2023-01-01,13759.69,12639.572265625,1191.6554977645585,11004.900390625,14059.236328125,0.8,1291.506111111111,
chronos_2,electricity,IND|Chhattisgarh,India,False,False,rolling,2022-12-01,2,2023-02-01,12853.62,12243.544921875,1420.2884226426038,10340.6982421875,13981.0439453125,0.8,1291.506111111111,
chronos_2,electricity,IND|Chhattisgarh,India,False,False,rolling,2022-12-01,3,2023-03-01,14464.59,11950.2998046875,1527.8107524972697,9951.580078125,13867.5166015625,0.8,1291.506111111111,
chronos_2,electricity,IND|Chhattisgarh,India,False,False,rolling,2022-12-01,4,2023-04-01,14166.74,12159.185546875,1623.3408592085625,10050.9111328125,14211.701171875,0.8,1291.506111111111,
chronos_2,electricity,IND|Chhattisgarh,India,False,False,rolling,2022-12-01,5,2023-05-01,14409.54,12189.47265625,1676.8678947912854,10033.1865234375,14331.171875,0.8,1291.506111111111,
chronos_2,electricity,IND|Chhattisgarh,India,False,False,rolling,2022-12-01,6,2023-06-01,13475.52,12141.443359375,1779.6321981927522,9914.5517578125,14475.9326171875,0.8,1291.506111111111,
chronos_2,electricity,IND|Chhattisgarh,India,False,False,rolling,2022-12-01,7,2023-07-01,13113.37,12170.7705078125,1819.457047249498,9894.3662109375,14557.822265625,0.8,1291.506111111111,
chronos_2,electricity,IND|Chhattisgarh,India,False,False,rolling,2022-12-01,8,2023-08-01,12852.01,12048.23828125,1903.551964343569,9721.20703125,14600.20703125,0.8,1291.506111111111,
chronos_2,electricity,IND|Chhattisgarh,India,False,False,rolling,2022-12-01,9,2023-09-01,13205.63,11723.431640625,1919.5923962525762,9338.2021484375,14258.3154296875,0.8,1291.506111111111,
chronos_2,electricity,IND|Chhattisgarh,India,False,False,rolling,2022-12-01,10,2023-10-01,14520.12,11490.5625,1968.5256197800284,9066.20703125,14111.7412109375,0.8,1291.506111111111,
chronos_2,electricity,IND|Chhattisgarh,India,False,False,rolling,2022-12-01,11,2023-11-01,12814.53,11752.8759765625,2004.4759996661637,9318.1767578125,14455.85546875,0.8,1291.506111111111,
chronos_2,electricity,IND|Chhattisgarh,India,False,False,rolling,2022-12-01,12,2023-12-01,13615.44,12036.533203125,2025.674135298502,9519.666015625,14711.677734375,0.8,1291.506111111111,
chronos_2,electricity,IND|Chhattisgarh,India,False,False,rolling,2023-12-01,1,2024-01-01,14810.0,13670.9365234375,966.1060696903041,12252.1015625,14728.3310546875,0.8,1423.7347916666668,
chronos_2,electricity,IND|Chhattisgarh,India,False,False,rolling,2023-12-01,2,2024-02-01,13650.29,13672.580078125,1124.7261288604284,12058.328125,14941.1171875,0.8,1423.7347916666668,
chronos_2,electricity,IND|Chhattisgarh,India,False,False,rolling,2023-12-01,3,2024-03-01,14554.64,13697.9091796875,1208.1771426308362,11975.390625,15072.0732421875,0.8,1423.7347916666668,
chronos_2,electricity,IND|Chhattisgarh,India,False,False,rolling,2023-12-01,4,2024-04-01,14798.6,13693.4208984375,1286.1667893945048,11914.064453125,15210.642578125,0.8,1423.7347916666668,
chronos_2,electricity,IND|Chhattisgarh,India,False,False,rolling,2023-12-01,5,2024-05-01,15618.87,13672.5986328125,1319.8985603731307,11821.0419921875,15204.078125,0.8,1423.7347916666668,
chronos_2,electricity,IND|Chhattisgarh,India,False,False,rolling,2023-12-01,6,2024-06-01,14628.62,13685.212890625,1355.825698778353,11799.89453125,15275.015625,0.8,1423.7347916666668,
chronos_2,electricity,IND|Chhattisgarh,India,False,False,rolling,2023-12-01,7,2024-07-01,13660.63,13704.6904296875,1425.9265773074374,11728.3984375,15383.1953125,0.8,1423.7347916666668,
chronos_2,electricity,IND|Chhattisgarh,India,False,False,rolling,2023-12-01,8,2024-08-01,12461.34,13715.033203125,1462.8851040541722,11684.25,15433.775390625,0.8,1423.7347916666668,
chronos_2,electricity,IND|Chhattisgarh,India,False,False,rolling,2023-12-01,9,2024-09-01,12410.95,13741.009765625,1470.5746051655162,11697.8359375,15467.0703125,0.8,1423.7347916666668,
chronos_2,electricity,IND|Chhattisgarh,India,False,False,rolling,2023-12-01,10,2024-10-01,13711.26,13797.822265625,1504.947231404735,11705.7158203125,15563.05078125,0.8,1423.7347916666668,
chronos_2,electricity,IND|Chhattisgarh,India,False,False,rolling,2023-12-01,11,2024-11-01,12930.06,13853.861328125,1523.1262605656486,11749.857421875,15653.787109375,0.8,1423.7347916666668,
chronos_2,electricity,IND|Chhattisgarh,India,False,False,rolling,2023-12-01,12,2024-12-01,14624.13,13928.4326171875,1556.084966547995,11728.47265625,15716.87890625,0.8,1423.7347916666668,
chronos_2,electricity,IND|Dadra and Nagar Haveli and Daman and Diu,India,False,False,holdout,last12,1,2024-12-01,2.56,2.4677233695983887,0.4217044744544038,2.0404343605041504,3.1213064193725586,0.8,2.822881355932203,
chronos_2,electricity,IND|Dadra and Nagar Haveli and Daman and Diu,India,False,False,holdout,last12,2,2025-01-01,2.56,2.528705596923828,0.5745648653506055,1.9529625177383423,3.425631523132324,0.8,2.822881355932203,
chronos_2,electricity,IND|Dadra and Nagar Haveli and Daman and Diu,India,False,False,holdout,last12,3,2025-02-01,2.68,2.621373176574707,0.7151321708232969,1.9095051288604736,3.742462635040283,0.8,2.822881355932203,
chronos_2,electricity,IND|Dadra and Nagar Haveli and Daman and Diu,India,False,False,holdout,last12,4,2025-03-01,2.68,2.6904854774475098,0.9241452264394207,1.8937883377075195,4.262467861175537,0.8,2.822881355932203,
chronos_2,electricity,IND|Dadra and Nagar Haveli and Daman and Diu,India,False,False,holdout,last12,5,2025-04-01,2.68,2.7444443702697754,1.1830367347959991,1.795466423034668,4.827711582183838,0.8,2.822881355932203,
chronos_2,electricity,IND|Dadra and Nagar Haveli and Daman and Diu,India,False,False,holdout,last12,6,2025-05-01,2.74,2.7385826110839844,1.431233325808166,1.7240116596221924,5.3924102783203125,0.8,2.822881355932203,
chronos_2,electricity,IND|Dadra and Nagar Haveli and Daman and Diu,India,False,False,holdout,last12,7,2025-06-01,2.74,2.7909789085388184,1.6492129964050644,1.6839849948883057,5.911087989807129,0.8,2.822881355932203,
chronos_2,electricity,IND|Dadra and Nagar Haveli and Daman and Diu,India,False,False,holdout,last12,8,2025-07-01,2.74,2.850914716720581,1.7795036467280745,1.6273040771484375,6.188355445861816,0.8,2.822881355932203,
chronos_2,electricity,IND|Dadra and Nagar Haveli and Daman and Diu,India,False,False,holdout,last12,9,2025-08-01,2.74,2.923870801925659,1.9200588131556393,1.6315085887908936,6.552817344665527,0.8,2.822881355932203,
chronos_2,electricity,IND|Dadra and Nagar Haveli and Daman and Diu,India,False,False,holdout,last12,10,2025-09-01,2.74,3.035396099090576,2.1869191162855257,1.6195509433746338,7.224850177764893,0.8,2.822881355932203,
chronos_2,electricity,IND|Dadra and Nagar Haveli and Daman and Diu,India,False,False,holdout,last12,11,2025-10-01,2.74,3.2617242336273193,2.329326207996064,1.6289141178131104,7.599217414855957,0.8,2.822881355932203,
chronos_2,electricity,IND|Dadra and Nagar Haveli and Daman and Diu,India,False,False,holdout,last12,12,2025-11-01,2.74,3.4671225547790527,2.5748456046956454,1.5121567249298096,8.111751556396484,0.8,2.822881355932203,
chronos_2,electricity,IND|Dadra and Nagar Haveli and Daman and Diu,India,False,False,rolling,2022-12-01,1,2023-01-01,1.29,1.5714130401611328,0.7258175071589115,0.8611161708831787,2.721461296081543,0.8,3.3208333333333333,
chronos_2,electricity,IND|Dadra and Nagar Haveli and Daman and Diu,India,False,False,rolling,2022-12-01,2,2023-02-01,1.44,1.6142823696136475,0.9151148930991685,0.7375187873840332,3.083052635192871,0.8,3.3208333333333333,
chronos_2,electricity,IND|Dadra and Nagar Haveli and Daman and Diu,India,False,False,rolling,2022-12-01,3,2023-03-01,1.51,1.6694905757904053,1.104528460398531,0.65199875831604,3.4830191135406494,0.8,3.3208333333333333,
chronos_2,electricity,IND|Dadra and Nagar Haveli and Daman and Diu,India,False,False,rolling,2022-12-01,4,2023-04-01,2.44,1.7159230709075928,1.305806944349616,0.6087372303009033,3.955655097961426,0.8,3.3208333333333333,
chronos_2,electricity,IND|Dadra and Nagar Haveli and Daman and Diu,India,False,False,rolling,2022-12-01,5,2023-05-01,2.66,1.6830625534057617,1.488587104859114,0.5817029476165771,4.3971052169799805,0.8,3.3208333333333333,
chronos_2,electricity,IND|Dadra and Nagar Haveli and Daman and Diu,India,False,False,rolling,2022-12-01,6,2023-06-01,2.19,1.7037785053253174,1.6564375421357749,0.5400199890136719,4.785640239715576,0.8,3.3208333333333333,
chronos_2,electricity,IND|Dadra and Nagar Haveli and Daman and Diu,India,False,False,rolling,2022-12-01,7,2023-07-01,1.81,1.7795755863189697,1.6768186733352939,0.5502238273620605,4.848083019256592,0.8,3.3208333333333333,
chronos_2,electricity,IND|Dadra and Nagar Haveli and Daman and Diu,India,False,False,rolling,2022-12-01,8,2023-08-01,2.2,1.7794923782348633,1.8341250709012253,0.5513300895690918,5.252381801605225,0.8,3.3208333333333333,
chronos_2,electricity,IND|Dadra and Nagar Haveli and Daman and Diu,India,False,False,rolling,2022-12-01,9,2023-09-01,2.28,1.8706696033477783,1.9833617475332166,0.5446264743804932,5.62818717956543,0.8,3.3208333333333333,
chronos_2,electricity,IND|Dadra and Nagar Haveli and Daman and Diu,India,False,False,rolling,2022-12-01,10,2023-10-01,2.57,1.9612927436828613,2.1146437066984918,0.4984414577484131,5.918491363525391,0.8,3.3208333333333333,
chronos_2,electricity,IND|Dadra and Nagar Haveli and Daman and Diu,India,False,False,rolling,2022-12-01,11,2023-11-01,2.34,2.029879570007324,2.2628132635933653,0.5374603271484375,6.337284088134766,0.8,3.3208333333333333,
chronos_2,electricity,IND|Dadra and Nagar Haveli and Daman and Diu,India,False,False,rolling,2022-12-01,12,2023-12-01,2.32,2.1174440383911133,2.4257834326510697,0.5420150756835938,6.759548187255859,0.8,3.3208333333333333,
chronos_2,electricity,IND|Dadra and Nagar Haveli and Daman and Diu,India,False,False,rolling,2023-12-01,1,2024-01-01,2.43,2.4883224964141846,0.48349314434448665,2.039813995361328,3.2790567874908447,0.8,3.365625,
chronos_2,electricity,IND|Dadra and Nagar Haveli and Daman and Diu,India,False,False,rolling,2023-12-01,2,2024-02-01,2.63,2.530642032623291,0.666366696434883,1.8952031135559082,3.6031696796417236,0.8,3.365625,
chronos_2,electricity,IND|Dadra and Nagar Haveli and Daman and Diu,India,False,False,rolling,2023-12-01,3,2024-03-01,2.98,2.576822519302368,0.8245780807444003,1.8360745906829834,3.9495532512664795,0.8,3.365625,
chronos_2,electricity,IND|Dadra and Nagar Haveli and Daman and Diu,India,False,False,rolling,2023-12-01,4,2024-04-01,2.68,2.645829677581787,0.9736817394872636,1.7921769618988037,4.287823677062988,0.8,3.365625,
chronos_2,electricity,IND|Dadra and Nagar Haveli and Daman and Diu,India,False,False,rolling,2023-12-01,5,2024-05-01,2.74,2.681652307510376,1.1024118946298445,1.7340211868286133,4.559616565704346,0.8,3.365625,
chronos_2,electricity,IND|Dadra and Nagar Haveli and Daman and Diu,India,False,False,rolling,2023-12-01,6,2024-06-01,2.29,2.675408363342285,1.1900721718773408,1.7033491134643555,4.753626823425293,0.8,3.365625,
chronos_2,electricity,IND|Dadra and Nagar Haveli and Daman and Diu,India,False,False,rolling,2023-12-01,7,2024-07-01,1.36,2.7207136154174805,1.3087041297865287,1.676391363143921,5.030735015869141,0.8,3.365625,
chronos_2,electricity,IND|Dadra and Nagar Haveli and Daman and Diu,India,False,False,rolling,2023-12-01,8,2024-08-01,2.11,2.7709617614746094,1.3575354619829867,1.6600911617279053,5.139594554901123,0.8,3.365625,
chronos_2,electricity,IND|Dadra and Nagar Haveli and Daman and Diu,India,False,False,rolling,2023-12-01,9,2024-09-01,2.27,2.8187789916992188,1.4424135258991382,1.6925432682037354,5.3895978927612305,0.8,3.365625,
chronos_2,electricity,IND|Dadra and Nagar Haveli and Daman and Diu,India,False,False,rolling,2023-12-01,10,2024-10-01,2.35,2.875983715057373,1.523704106647454,1.7155876159667969,5.620998382568359,0.8,3.365625,
chronos_2,electricity,IND|Dadra and Nagar Haveli and Daman and Diu,India,False,False,rolling,2023-12-01,11,2024-11-01,2.35,3.000204563140869,1.691736676110767,1.7376596927642822,6.073755264282227,0.8,3.365625,
chronos_2,electricity,IND|Dadra and Nagar Haveli and Daman and Diu,India,False,False,rolling,2023-12-01,12,2024-12-01,2.56,3.1338093280792236,1.8673579626585928,1.7349424362182617,6.521173477172852,0.8,3.365625,
chronos_2,electricity,IND|Delhi,India,True,False,holdout,last12,1,2024-12-01,89.41,234.06109619140625,91.31144454363255,138.53472900390625,372.57537841796875,0.8,131.8484745762712,
chronos_2,electricity,IND|Delhi,India,True,False,holdout,last12,2,2025-01-01,154.31,268.9270935058594,127.73926302768909,121.47052001953125,448.8794250488281,0.8,131.8484745762712,
chronos_2,electricity,IND|Delhi,India,True,False,holdout,last12,3,2025-02-01,294.42,286.07666015625,144.5598323918197,121.10009765625,491.6218566894531,0.8,131.8484745762712,
chronos_2,electricity,IND|Delhi,India,True,False,holdout,last12,4,2025-03-01,250.68,305.291259765625,158.05177400490388,121.82534790039062,526.9283447265625,0.8,131.8484745762712,
chronos_2,electricity,IND|Delhi,India,True,False,holdout,last12,5,2025-04-01,424.61,323.57476806640625,164.18277427396063,130.29364013671875,551.1110229492188,0.8,131.8484745762712,
chronos_2,electricity,IND|Delhi,India,True,False,holdout,last12,6,2025-05-01,416.19,339.9743347167969,172.0011751150011,138.75341796875,579.6101684570312,0.8,131.8484745762712,
chronos_2,electricity,IND|Delhi,India,True,False,holdout,last12,7,2025-06-01,504.4,354.0152893066406,176.79957649738927,143.89694213867188,597.052490234375,0.8,131.8484745762712,
chronos_2,electricity,IND|Delhi,India,True,False,holdout,last12,8,2025-07-01,435.31,359.339111328125,177.42489378021972,149.26812744140625,604.0264282226562,0.8,131.8484745762712,
chronos_2,electricity,IND|Delhi,India,True,False,holdout,last12,9,2025-08-01,308.94,365.8949279785156,187.00439640577116,147.85299682617188,627.16455078125,0.8,131.8484745762712,
chronos_2,electricity,IND|Delhi,India,True,False,holdout,last12,10,2025-09-01,220.06,370.1245422363281,187.9248400141127,143.26705932617188,624.9378051757812,0.8,131.8484745762712,
chronos_2,electricity,IND|Delhi,India,True,False,holdout,last12,11,2025-10-01,105.78,364.940673828125,187.5985424811062,142.164306640625,622.9987182617188,0.8,131.8484745762712,
chronos_2,electricity,IND|Delhi,India,True,False,holdout,last12,12,2025-11-01,152.52,356.3078918457031,184.98076828280878,137.95291137695312,612.0776977539062,0.8,131.8484745762712,
chronos_2,electricity,IND|Delhi,India,True,False,rolling,2022-12-01,1,2023-01-01,352.88,309.58697509765625,85.09967655645319,214.31443786621094,432.4336853027344,0.8,98.68888888888888,
chronos_2,electricity,IND|Delhi,India,True,False,rolling,2022-12-01,2,2023-02-01,312.21,326.19281005859375,108.65801910437548,197.34774780273438,475.8494567871094,0.8,98.68888888888888,
chronos_2,electricity,IND|Delhi,India,True,False,rolling,2022-12-01,3,2023-03-01,156.59,335.04193115234375,118.58295300259923,189.82644653320312,493.76678466796875,0.8,98.68888888888888,
chronos_2,electricity,IND|Delhi,India,True,False,rolling,2022-12-01,4,2023-04-01,199.45,342.44683837890625,125.85296443385268,186.18881225585938,508.762939453125,0.8,98.68888888888888,
chronos_2,electricity,IND|Delhi,India,True,False,rolling,2022-12-01,5,2023-05-01,281.47,341.7427673339844,131.66166775268312,174.61538696289062,512.0778198242188,0.8,98.68888888888888,
chronos_2,electricity,IND|Delhi,India,True,False,rolling,2022-12-01,6,2023-06-01,362.77,343.3480224609375,136.25871837496646,171.67489624023438,520.9200439453125,0.8,98.68888888888888,
chronos_2,electricity,IND|Delhi,India,True,False,rolling,2022-12-01,7,2023-07-01,300.61,342.8221435546875,137.15097930640135,167.78277587890625,519.3148803710938,0.8,98.68888888888888,
chronos_2,electricity,IND|Delhi,India,True,False,rolling,2022-12-01,8,2023-08-01,584.53,341.36578369140625,139.03973063848989,163.494384765625,519.8675537109375,0.8,98.68888888888888,
chronos_2,electricity,IND|Delhi,India,True,False,rolling,2022-12-01,9,2023-09-01,532.58,342.5867004394531,142.91649776289955,159.22781372070312,525.5375366210938,0.8,98.68888888888888,
chronos_2,electricity,IND|Delhi,India,True,False,rolling,2022-12-01,10,2023-10-01,543.52,342.7755126953125,145.30479805666735,154.53292846679688,526.964111328125,0.8,98.68888888888888,
chronos_2,electricity,IND|Delhi,India,True,False,rolling,2022-12-01,11,2023-11-01,297.38,343.0511779785156,147.53837343011335,152.36956787109375,530.525634765625,0.8,98.68888888888888,
chronos_2,electricity,IND|Delhi,India,True,False,rolling,2022-12-01,12,2023-12-01,325.73,344.6409912109375,150.33235186818317,146.95831298828125,532.275634765625,0.8,98.68888888888888,
chronos_2,electricity,IND|Delhi,India,True,False,rolling,2023-12-01,1,2024-01-01,439.33,368.5309143066406,103.93324749553638,235.62542724609375,502.0170593261719,0.8,114.425,
chronos_2,electricity,IND|Delhi,India,True,False,rolling,2023-12-01,2,2024-02-01,342.0,371.07965087890625,119.95966545831686,213.7926025390625,521.2615966796875,0.8,114.425,
chronos_2,electricity,IND|Delhi,India,True,False,rolling,2023-12-01,3,2024-03-01,274.56,370.6873779296875,127.2778743868741,203.8583984375,530.084716796875,0.8,114.425,
chronos_2,electricity,IND|Delhi,India,True,False,rolling,2023-12-01,4,2024-04-01,355.23,369.45916748046875,131.45344694417307,199.33993530273438,536.2686767578125,0.8,114.425,
chronos_2,electricity,IND|Delhi,India,True,False,rolling,2023-12-01,5,2024-05-01,827.09,369.8919982910156,135.12663084040864,191.70448303222656,538.0479736328125,0.8,114.425,
chronos_2,electricity,IND|Delhi,India,True,False,rolling,2023-12-01,6,2024-06-01,819.84,370.22650146484375,138.25348515072912,191.62924194335938,545.9871826171875,0.8,114.425,
chronos_2,electricity,IND|Delhi,India,True,False,rolling,2023-12-01,7,2024-07-01,536.27,370.4417724609375,140.5738767424534,187.89479064941406,548.2001342773438,0.8,114.425,
chronos_2,electricity,IND|Delhi,India,True,False,rolling,2023-12-01,8,2024-08-01,437.94,369.39013671875,142.77324475182976,184.2626495361328,550.2052001953125,0.8,114.425,
chronos_2,electricity,IND|Delhi,India,True,False,rolling,2023-12-01,9,2024-09-01,315.89,368.12200927734375,145.20336661409547,180.97369384765625,553.1448974609375,0.8,114.425,
chronos_2,electricity,IND|Delhi,India,True,False,rolling,2023-12-01,10,2024-10-01,369.72,368.9202880859375,147.09621378093513,176.478515625,553.5012817382812,0.8,114.425,
chronos_2,electricity,IND|Delhi,India,True,False,rolling,2023-12-01,11,2024-11-01,176.14,367.2613220214844,150.39652788361485,173.01593017578125,558.4977416992188,0.8,114.425,
chronos_2,electricity,IND|Delhi,India,True,False,rolling,2023-12-01,12,2024-12-01,89.41,364.6803894042969,155.36543029401443,164.49075317382812,562.7083740234375,0.8,114.425,
chronos_2,electricity,IND|Goa,India,False,False,holdout,last12,1,2024-12-01,5.44,5.378247261047363,0.5411632827247528,4.458413600921631,5.845470905303955,0.8,1.3450847457627122,
chronos_2,electricity,IND|Goa,India,False,False,holdout,last12,2,2025-01-01,5.44,5.351252555847168,0.6256919653880615,4.276453971862793,5.880167007446289,0.8,1.3450847457627122,
chronos_2,electricity,IND|Goa,India,False,False,holdout,last12,3,2025-02-01,5.44,5.350028038024902,0.7506074837367569,4.045419692993164,5.969304084777832,0.8,1.3450847457627122,
chronos_2,electricity,IND|Goa,India,False,False,holdout,last12,4,2025-03-01,5.44,5.32792854309082,0.9348391205693007,3.7221598625183105,6.11824893951416,0.8,1.3450847457627122,
chronos_2,electricity,IND|Goa,India,False,False,holdout,last12,5,2025-04-01,5.44,5.3120222091674805,1.0695051292495983,3.459935188293457,6.2011871337890625,0.8,1.3450847457627122,
chronos_2,electricity,IND|Goa,India,False,False,holdout,last12,6,2025-05-01,5.44,5.323832035064697,1.2537129530894031,3.1113104820251465,6.324706077575684,0.8,1.3450847457627122,
chronos_2,electricity,IND|Goa,India,False,False,holdout,last12,7,2025-06-01,5.44,5.3122100830078125,1.4449298894912324,2.717844247817993,6.421348571777344,0.8,1.3450847457627122,
chronos_2,electricity,IND|Goa,India,False,False,holdout,last12,8,2025-07-01,5.44,5.334014415740967,1.595952261520142,2.4965202808380127,6.58711051940918,0.8,1.3450847457627122,
chronos_2,electricity,IND|Goa,India,False,False,holdout,last12,9,2025-08-01,5.44,5.334810256958008,1.695519779293174,2.3399932384490967,6.685785293579102,0.8,1.3450847457627122,
chronos_2,electricity,IND|Goa,India,False,False,holdout,last12,10,2025-09-01,5.44,5.295495986938477,1.8463111838964157,2.0088276863098145,6.741113662719727,0.8,1.3450847457627122,
chronos_2,electricity,IND|Goa,India,False,False,holdout,last12,11,2025-10-01,5.44,5.338111877441406,1.9408546252990277,1.83280348777771,6.8074140548706055,0.8,1.3450847457627122,
chronos_2,electricity,IND|Goa,India,False,False,holdout,last12,12,2025-11-01,5.44,5.325807094573975,2.048110204985655,1.691847562789917,6.9413652420043945,0.8,1.3450847457627122,
chronos_2,electricity,IND|Goa,India,False,False,rolling,2022-12-01,1,2023-01-01,1.93,2.0489792823791504,0.4486328763841143,1.228088140487671,2.3779804706573486,0.8,0.5655555555555555,
chronos_2,electricity,IND|Goa,India,False,False,rolling,2022-12-01,2,2023-02-01,1.93,2.014848232269287,0.6139709731621809,0.8817128539085388,2.455383777618408,0.8,0.5655555555555555,
chronos_2,electricity,IND|Goa,India,False,False,rolling,2022-12-01,3,2023-03-01,1.93,2.00952410697937,0.7568583013112482,0.5969109535217285,2.5368168354034424,0.8,0.5655555555555555,
chronos_2,electricity,IND|Goa,India,False,False,rolling,2022-12-01,4,2023-04-01,1.93,1.900085687637329,0.8399071599580061,0.4394456744194031,2.592214345932007,0.8,0.5655555555555555,
chronos_2,electricity,IND|Goa,India,False,False,rolling,2022-12-01,5,2023-05-01,6.99,1.827077865600586,0.9231219653979142,0.2420862913131714,2.6081430912017822,0.8,0.5655555555555555,
chronos_2,electricity,IND|Goa,India,False,False,rolling,2022-12-01,6,2023-06-01,6.99,1.7953808307647705,0.9996878530458513,0.08168983459472656,2.6439929008483887,0.8,0.5655555555555555,
chronos_2,electricity,IND|Goa,India,False,False,rolling,2022-12-01,7,2023-07-01,6.99,1.7608942985534668,1.031001891987918,0.051906466484069824,2.6944706439971924,0.8,0.5655555555555555,
chronos_2,electricity,IND|Goa,India,False,False,rolling,2022-12-01,8,2023-08-01,6.99,1.7150661945343018,1.0846104733038855,-0.020067453384399414,2.7599010467529297,0.8,0.5655555555555555,
chronos_2,electricity,IND|Goa,India,False,False,rolling,2022-12-01,9,2023-09-01,5.44,1.6730000972747803,1.0596036333824974,0.03936776518821716,2.7552411556243896,0.8,0.5655555555555555,
chronos_2,electricity,IND|Goa,India,False,False,rolling,2022-12-01,10,2023-10-01,5.44,1.6982455253601074,1.0787454541176174,0.0531080961227417,2.8180439472198486,0.8,0.5655555555555555,
chronos_2,electricity,IND|Goa,India,False,False,rolling,2022-12-01,11,2023-11-01,5.44,1.7476716041564941,1.0462166153501624,0.086083322763443,2.7676444053649902,0.8,0.5655555555555555,
chronos_2,electricity,IND|Goa,India,False,False,rolling,2022-12-01,12,2023-12-01,5.44,1.7820067405700684,1.0637071422425979,0.09167572855949402,2.8180668354034424,0.8,0.5655555555555555,
chronos_2,electricity,IND|Goa,India,False,False,rolling,2023-12-01,1,2024-01-01,5.44,5.4671783447265625,0.8484461410291345,4.430539131164551,6.605194091796875,0.8,1.2316666666666667,
chronos_2,electricity,IND|Goa,India,False,False,rolling,2023-12-01,2,2024-02-01,5.44,5.446784496307373,1.3263863931292896,3.67182993888855,7.071495056152344,0.8,1.2316666666666667,
chronos_2,electricity,IND|Goa,India,False,False,rolling,2023-12-01,3,2024-03-01,5.44,5.428317070007324,1.793718887159238,2.9584245681762695,7.555911064147949,0.8,1.2316666666666667,
chronos_2,electricity,IND|Goa,India,False,False,rolling,2023-12-01,4,2024-04-01,5.44,5.306882381439209,2.147388711163218,2.355276584625244,7.859255313873291,0.8,1.2316666666666667,
chronos_2,electricity,IND|Goa,India,False,False,rolling,2023-12-01,5,2024-05-01,5.44,5.200652599334717,2.390354955057313,1.8558648824691772,7.982591152191162,0.8,1.2316666666666667,
chronos_2,electricity,IND|Goa,India,False,False,rolling,2023-12-01,6,2024-06-01,5.44,4.994915008544922,2.7422226192123635,1.4037889242172241,8.432388305664062,0.8,1.2316666666666667,
chronos_2,electricity,IND|Goa,India,False,False,rolling,2023-12-01,7,2024-07-01,5.44,4.901473522186279,2.8792968563126493,1.0598578453063965,8.43979263305664,0.8,1.2316666666666667,
chronos_2,electricity,IND|Goa,India,False,False,rolling,2023-12-01,8,2024-08-01,5.44,4.796605110168457,3.081038275074726,0.841069757938385,8.738088607788086,0.8,1.2316666666666667,
chronos_2,electricity,IND|Goa,India,False,False,rolling,2023-12-01,9,2024-09-01,5.44,4.705141067504883,3.210480889844793,0.6281781196594238,8.856971740722656,0.8,1.2316666666666667,
chronos_2,electricity,IND|Goa,India,False,False,rolling,2023-12-01,10,2024-10-01,5.44,4.538581371307373,3.357068045466308,0.5012985467910767,9.105810165405273,0.8,1.2316666666666667,
chronos_2,electricity,IND|Goa,India,False,False,rolling,2023-12-01,11,2024-11-01,5.44,4.501525402069092,3.333635967591604,0.44943225383758545,8.993885040283203,0.8,1.2316666666666667,
chronos_2,electricity,IND|Goa,India,False,False,rolling,2023-12-01,12,2024-12-01,5.44,4.362717628479004,3.3510105921834423,0.44847267866134644,9.037458419799805,0.8,1.2316666666666667,
chronos_2,electricity,IND|Gujarat,India,True,False,holdout,last12,1,2024-12-01,12587.71,10831.7470703125,1459.9749658375215,9007.064453125,12749.130859375,0.8,2118.901525423729,
chronos_2,electricity,IND|Gujarat,India,True,False,holdout,last12,2,2025-01-01,12483.88,10954.2294921875,1933.3574490793844,8582.0498046875,13537.4443359375,0.8,2118.901525423729,
chronos_2,electricity,IND|Gujarat,India,True,False,holdout,last12,3,2025-02-01,11945.49,10960.4951171875,2183.2113700627974,8329.748046875,13925.5439453125,0.8,2118.901525423729,
chronos_2,electricity,IND|Gujarat,India,True,False,holdout,last12,4,2025-03-01,13932.58,11007.58984375,2389.8479477918922,8162.4375,14287.8642578125,0.8,2118.901525423729,
chronos_2,electricity,IND|Gujarat,India,True,False,holdout,last12,5,2025-04-01,14756.3,11090.203125,2448.1631094506365,8120.1982421875,14395.0927734375,0.8,2118.901525423729,
chronos_2,electricity,IND|Gujarat,India,True,False,holdout,last12,6,2025-05-01,15395.69,11090.9306640625,2609.0532135925864,7991.7509765625,14679.0234375,0.8,2118.901525423729,
chronos_2,electricity,IND|Gujarat,India,True,False,holdout,last12,7,2025-06-01,14750.75,10964.4677734375,2718.1765385750828,7723.0693359375,14690.0361328125,0.8,2118.901525423729,
chronos_2,electricity,IND|Gujarat,India,True,False,holdout,last12,8,2025-07-01,13036.02,10856.646484375,2828.0752146011614,7544.41796875,14793.06640625,0.8,2118.901525423729,
chronos_2,electricity,IND|Gujarat,India,True,False,holdout,last12,9,2025-08-01,12709.35,10797.6689453125,2883.412799647818,7365.7998046875,14756.2841796875,0.8,2118.901525423729,
chronos_2,electricity,IND|Gujarat,India,True,False,holdout,last12,10,2025-09-01,11478.69,10668.2841796875,3013.339345591068,7137.93212890625,14861.431640625,0.8,2118.901525423729,
chronos_2,electricity,IND|Gujarat,India,True,False,holdout,last12,11,2025-10-01,9418.44,10494.390625,3051.687979601936,6906.69140625,14728.482421875,0.8,2118.901525423729,
chronos_2,electricity,IND|Gujarat,India,True,False,holdout,last12,12,2025-11-01,8822.5,10287.4228515625,3114.987867404755,6634.2919921875,14618.3271484375,0.8,2118.901525423729,
chronos_2,electricity,IND|Gujarat,India,True,False,rolling,2022-12-01,1,2023-01-01,7950.02,7961.87646484375,1254.3128157713074,6292.97607421875,9507.9091796875,0.8,1657.79,
chronos_2,electricity,IND|Gujarat,India,True,False,rolling,2022-12-01,2,2023-02-01,6633.61,7891.4345703125,1463.5859680564672,5912.70556640625,9664.02734375,0.8,1657.79,
chronos_2,electricity,IND|Gujarat,India,True,False,rolling,2022-12-01,3,2023-03-01,6887.2,7821.7451171875,1583.311789926087,5656.734375,9714.92578125,0.8,1657.79,
chronos_2,electricity,IND|Gujarat,India,True,False,rolling,2022-12-01,4,2023-04-01,9136.42,7735.75341796875,1660.9086175615325,5538.736328125,9795.81640625,0.8,1657.79,
chronos_2,electricity,IND|Gujarat,India,True,False,rolling,2022-12-01,5,2023-05-01,12310.12,7717.81494140625,1740.973233260509,5374.150390625,9836.4443359375,0.8,1657.79,
chronos_2,electricity,IND|Gujarat,India,True,False,rolling,2022-12-01,6,2023-06-01,9791.89,7717.18359375,1795.5449924606783,5320.1787109375,9922.345703125,0.8,1657.79,
chronos_2,electricity,IND|Gujarat,India,True,False,rolling,2022-12-01,7,2023-07-01,9802.89,7697.3486328125,1848.3698305135129,5222.263671875,9959.826171875,0.8,1657.79,
chronos_2,electricity,IND|Gujarat,India,True,False,rolling,2022-12-01,8,2023-08-01,14119.81,7665.2294921875,1893.5937517879925,5135.52001953125,9988.99609375,0.8,1657.79,
chronos_2,electricity,IND|Gujarat,India,True,False,rolling,2022-12-01,9,2023-09-01,12375.18,7665.90185546875,1932.5960048235613,5092.72998046875,10046.1728515625,0.8,1657.79,
chronos_2,electricity,IND|Gujarat,India,True,False,rolling,2022-12-01,10,2023-10-01,12811.12,7660.171875,1975.7765808170905,4996.9892578125,10061.1083984375,0.8,1657.79,
chronos_2,electricity,IND|Gujarat,India,True,False,rolling,2022-12-01,11,2023-11-01,9613.66,7616.078125,1997.5793759610583,4968.001953125,10088.00390625,0.8,1657.79,
chronos_2,electricity,IND|Gujarat,India,True,False,rolling,2022-12-01,12,2023-12-01,10836.09,7558.63134765625,2060.306037402663,4848.95556640625,10129.732421875,0.8,1657.79,
chronos_2,electricity,IND|Gujarat,India,True,False,rolling,2023-12-01,1,2024-01-01,11592.54,10781.4296875,1651.7846217675897,8609.595703125,12843.2900390625,0.8,1886.6966666666665,
chronos_2,electricity,IND|Gujarat,India,True,False,rolling,2023-12-01,2,2024-02-01,11107.38,10697.5234375,2012.7785424625813,8100.734375,13259.693359375,0.8,1886.6966666666665,
chronos_2,electricity,IND|Gujarat,India,True,False,rolling,2023-12-01,3,2024-03-01,11901.77,10660.46484375,2201.3482978525485,7881.32470703125,13523.607421875,0.8,1886.6966666666665,
chronos_2,electricity,IND|Gujarat,India,True,False,rolling,2023-12-01,4,2024-04-01,14269.61,10650.1376953125,2357.1212756107952,7729.8935546875,13771.4384765625,0.8,1886.6966666666665,
chronos_2,electricity,IND|Gujarat,India,True,False,rolling,2023-12-01,5,2024-05-01,16290.2,10620.669921875,2410.8835835617797,7610.24072265625,13789.583984375,0.8,1886.6966666666665,
chronos_2,electricity,IND|Gujarat,India,True,False,rolling,2023-12-01,6,2024-06-01,15709.42,10597.7666015625,2534.1415390183934,7457.92431640625,13953.1904296875,0.8,1886.6966666666665,
chronos_2,electricity,IND|Gujarat,India,True,False,rolling,2023-12-01,7,2024-07-01,13153.7,10541.6083984375,2642.4769396971406,7288.34033203125,14061.28125,0.8,1886.6966666666665,
chronos_2,electricity,IND|Gujarat,India,True,False,rolling,2023-12-01,8,2024-08-01,13558.33,10577.640625,2707.0114835474924,7275.4169921875,14213.7666015625,0.8,1886.6966666666665,
chronos_2,electricity,IND|Gujarat,India,True,False,rolling,2023-12-01,9,2024-09-01,10911.61,10560.70703125,2741.2717124609826,7179.166015625,14205.328125,0.8,1886.6966666666665,
chronos_2,electricity,IND|Gujarat,India,True,False,rolling,2023-12-01,10,2024-10-01,12406.08,10537.0947265625,2843.386016412645,7117.6220703125,14405.513671875,0.8,1886.6966666666665,
chronos_2,electricity,IND|Gujarat,India,True,False,rolling,2023-12-01,11,2024-11-01,10124.85,10523.5234375,2874.295471491842,7087.96826171875,14455.083984375,0.8,1886.6966666666665,
chronos_2,electricity,IND|Gujarat,India,True,False,rolling,2023-12-01,12,2024-12-01,12587.71,10530.4560546875,2937.6793715330436,6944.1982421875,14473.7734375,0.8,1886.6966666666665,
chronos_2,electricity,IND|Haryana,India,False,False,holdout,last12,1,2024-12-01,2479.1,2615.565185546875,408.62919324021044,1996.3853759765625,3043.744140625,0.8,607.8181355932203,
chronos_2,electricity,IND|Haryana,India,False,False,holdout,last12,2,2025-01-01,2554.07,2695.69677734375,456.90760709332477,2007.177001953125,3178.2783203125,0.8,607.8181355932203,
chronos_2,electricity,IND|Haryana,India,False,False,holdout,last12,3,2025-02-01,2312.45,2717.592041015625,485.986700298629,1976.44873046875,3222.082763671875,0.8,607.8181355932203,
chronos_2,electricity,IND|Haryana,India,False,False,holdout,last12,4,2025-03-01,2426.94,2690.764404296875,520.3092240011247,1916.322998046875,3249.92919921875,0.8,607.8181355932203,
chronos_2,electricity,IND|Haryana,India,False,False,holdout,last12,5,2025-04-01,2587.17,2732.226318359375,518.8448201996456,1934.495361328125,3264.34814453125,0.8,607.8181355932203,
chronos_2,electricity,IND|Haryana,India,False,False,holdout,last12,6,2025-05-01,2448.01,2774.904541015625,530.5285222090919,1959.48095703125,3319.2802734375,0.8,607.8181355932203,
chronos_2,electricity,IND|Haryana,India,False,False,holdout,last12,7,2025-06-01,2434.95,2791.19970703125,544.0768291759894,1950.2498779296875,3344.77490234375,0.8,607.8181355932203,
chronos_2,electricity,IND|Haryana,India,False,False,holdout,last12,8,2025-07-01,2980.12,2776.284423828125,564.0347365204938,1914.3232421875,3360.00244140625,0.8,607.8181355932203,
chronos_2,electricity,IND|Haryana,India,False,False,holdout,last12,9,2025-08-01,2558.36,2808.110107421875,552.733947434291,1942.204833984375,3358.9189453125,0.8,607.8181355932203,
chronos_2,electricity,IND|Haryana,India,False,False,holdout,last12,10,2025-09-01,2480.8,2833.6591796875,572.5196392153068,1940.3289794921875,3407.755859375,0.8,607.8181355932203,
chronos_2,electricity,IND|Haryana,India,False,False,holdout,last12,11,2025-10-01,1858.39,2827.977294921875,577.6402422959504,1924.753173828125,3405.3046875,0.8,607.8181355932203,
chronos_2,electricity,IND|Haryana,India,False,False,holdout,last12,12,2025-11-01,1393.43,2795.10595703125,612.3540134691483,1854.1229248046875,3423.6494140625,0.8,607.8181355932203,
chronos_2,electricity,IND|Haryana,India,False,False,rolling,2022-12-01,1,2023-01-01,3027.74,2715.588623046875,489.46692156145207,2019.1845703125,3273.73876953125,0.8,754.1925000000001,
chronos_2,electricity,IND|Haryana,India,False,False,rolling,2022-12-01,2,2023-02-01,2617.87,2640.7314453125,585.432806039869,1830.5390625,3331.063720703125,0.8,754.1925000000001,
chronos_2,electricity,IND|Haryana,India,False,False,rolling,2022-12-01,3,2023-03-01,2111.93,2573.525146484375,632.6469219955053,1703.781494140625,3325.32080078125,0.8,754.1925000000001,
chronos_2,electricity,IND|Haryana,India,False,False,rolling,2022-12-01,4,2023-04-01,2418.7,2518.53466796875,682.4674652583989,1595.3450927734375,3344.57958984375,0.8,754.1925000000001,
chronos_2,electricity,IND|Haryana,India,False,False,rolling,2022-12-01,5,2023-05-01,2198.91,2457.448974609375,698.167847631093,1502.8309326171875,3292.30712890625,0.8,754.1925000000001,
chronos_2,electricity,IND|Haryana,India,False,False,rolling,2022-12-01,6,2023-06-01,2675.15,2405.43798828125,713.861848121733,1443.0850830078125,3272.78662109375,0.8,754.1925000000001,
chronos_2,electricity,IND|Haryana,India,False,False,rolling,2022-12-01,7,2023-07-01,2501.6,2333.900634765625,746.8759907511758,1359.7926025390625,3274.11279296875,0.8,754.1925000000001,
chronos_2,electricity,IND|Haryana,India,False,False,rolling,2022-12-01,8,2023-08-01,2973.4,2280.64013671875,769.1188976269461,1282.28857421875,3253.61962890625,0.8,754.1925000000001,
chronos_2,electricity,IND|Haryana,India,False,False,rolling,2022-12-01,9,2023-09-01,2715.57,2211.35986328125,783.6334882132077,1201.963623046875,3210.4970703125,0.8,754.1925000000001,
chronos_2,electricity,IND|Haryana,India,False,False,rolling,2022-12-01,10,2023-10-01,2859.47,2134.005859375,793.1700202933616,1115.56884765625,3148.54541015625,0.8,754.1925000000001,
chronos_2,electricity,IND|Haryana,India,False,False,rolling,2022-12-01,11,2023-11-01,2032.75,2056.825927734375,824.5447812506789,1017.604248046875,3130.99755859375,0.8,754.1925000000001,
chronos_2,electricity,IND|Haryana,India,False,False,rolling,2022-12-01,12,2023-12-01,2404.89,1992.5023193359375,837.2142459075499,922.504638671875,3068.37109375,0.8,754.1925000000001,
chronos_2,electricity,IND|Haryana,India,False,False,rolling,2023-12-01,1,2024-01-01,2871.45,2395.87158203125,352.9217447903315,1860.4927978515625,2765.067626953125,0.8,678.9366666666666,
chronos_2,electricity,IND|Haryana,India,False,False,rolling,2023-12-01,2,2024-02-01,2119.35,2416.190185546875,414.11194431442914,1806.617431640625,2868.029052734375,0.8,678.9366666666666,
chronos_2,electricity,IND|Haryana,India,False,False,rolling,2023-12-01,3,2024-03-01,2077.69,2373.77880859375,483.8592475273245,1672.836669921875,2913.017822265625,0.8,678.9366666666666,
chronos_2,electricity,IND|Haryana,India,False,False,rolling,2023-12-01,4,2024-04-01,2829.09,2310.463623046875,542.9976243450567,1524.6751708984375,2916.43408203125,0.8,678.9366666666666,
chronos_2,electricity,IND|Haryana,India,False,False,rolling,2023-12-01,5,2024-05-01,2966.21,2246.562744140625,563.6706834874996,1444.27197265625,2889.01806640625,0.8,678.9366666666666,
chronos_2,electricity,IND|Haryana,India,False,False,rolling,2023-12-01,6,2024-06-01,3139.36,2209.294189453125,595.7537381008464,1354.117431640625,2881.095703125,0.8,678.9366666666666,
chronos_2,electricity,IND|Haryana,India,False,False,rolling,2023-12-01,7,2024-07-01,3222.77,2194.109130859375,638.4423376643873,1281.38818359375,2917.78173828125,0.8,678.9366666666666,
chronos_2,electricity,IND|Haryana,India,False,False,rolling,2023-12-01,8,2024-08-01,2958.76,2224.51416015625,659.5695105783634,1286.86669921875,2977.411376953125,0.8,678.9366666666666,
chronos_2,electricity,IND|Haryana,India,False,False,rolling,2023-12-01,9,2024-09-01,2803.67,2267.823974609375,664.4635568460878,1333.315673828125,3036.404296875,0.8,678.9366666666666,
chronos_2,electricity,IND|Haryana,India,False,False,rolling,2023-12-01,10,2024-10-01,2849.2,2273.494384765625,682.6501109127072,1302.34716796875,3052.0498046875,0.8,678.9366666666666,
chronos_2,electricity,IND|Haryana,India,False,False,rolling,2023-12-01,11,2024-11-01,2139.93,2246.57373046875,726.0135706904722,1233.94287109375,3094.79052734375,0.8,678.9366666666666,
chronos_2,electricity,IND|Haryana,India,False,False,rolling,2023-12-01,12,2024-12-01,2479.1,2220.600341796875,739.9469337499596,1184.6923828125,3081.252685546875,0.8,678.9366666666666,
chronos_2,electricity,IND|Himachal Pradesh,India,False,False,holdout,last12,1,2024-12-01,1530.68,1534.0625,142.01740250254855,1362.3056640625,1726.3109130859375,0.8,386.4237288135593,
chronos_2,electricity,IND|Himachal Pradesh,India,False,False,holdout,last12,2,2025-01-01,1225.48,1413.12158203125,135.334571846254,1254.765625,1601.64208984375,0.8,386.4237288135593,
chronos_2,electricity,IND|Himachal Pradesh,India,False,False,holdout,last12,3,2025-02-01,1089.87,1406.6082763671875,134.77591903659646,1239.702880859375,1585.1474609375,0.8,386.4237288135593,
chronos_2,electricity,IND|Himachal Pradesh,India,False,False,holdout,last12,4,2025-03-01,1701.02,1496.367431640625,168.61918244722654,1326.224853515625,1758.4132080078125,0.8,386.4237288135593,
chronos_2,electricity,IND|Himachal Pradesh,India,False,False,holdout,last12,5,2025-04-01,2814.55,1952.855224609375,351.2573118498446,1622.1009521484375,2522.40966796875,0.8,386.4237288135593,
chronos_2,electricity,IND|Himachal Pradesh,India,False,False,holdout,last12,6,2025-05-01,5214.65,3614.95703125,412.4410342399172,3117.2861328125,4174.4150390625,0.8,386.4237288135593,
chronos_2,electricity,IND|Himachal Pradesh,India,False,False,holdout,last12,7,2025-06-01,6283.72,5334.57763671875,433.80166973470665,4761.37158203125,5873.25,0.8,386.4237288135593,
chronos_2,electricity,IND|Himachal Pradesh,India,False,False,holdout,last12,8,2025-07-01,6516.35,6489.228515625,430.6389232910803,5980.0146484375,7083.78662109375,0.8,386.4237288135593,
chronos_2,electricity,IND|Himachal Pradesh,India,False,False,holdout,last12,9,2025-08-01,6798.91,6510.79931640625,418.0753788259125,6005.8798828125,7077.4501953125,0.8,386.4237288135593,
chronos_2,electricity,IND|Himachal Pradesh,India,False,False,holdout,last12,10,2025-09-01,5905.91,5265.95947265625,388.0378602888479,4776.0166015625,5770.59765625,0.8,386.4237288135593,
chronos_2,electricity,IND|Himachal Pradesh,India,False,False,holdout,last12,11,2025-10-01,3720.07,3088.305419921875,358.1007373291711,2645.2841796875,3563.13330078125,0.8,386.4237288135593,
chronos_2,electricity,IND|Himachal Pradesh,India,False,False,holdout,last12,12,2025-11-01,2116.33,1775.5230712890625,253.149115292654,1515.6988525390625,2164.546142578125,0.8,386.4237288135593,
chronos_2,electricity,IND|Himachal Pradesh,India,False,False,rolling,2022-12-01,1,2023-01-01,1415.74,1565.5845947265625,183.38895306367954,1341.291259765625,1811.3360595703125,0.8,345.4119444444444,
chronos_2,electricity,IND|Himachal Pradesh,India,False,False,rolling,2022-12-01,2,2023-02-01,1486.46,1552.52978515625,205.74449539510547,1312.15087890625,1839.4952392578125,0.8,345.4119444444444,
chronos_2,electricity,IND|Himachal Pradesh,India,False,False,rolling,2022-12-01,3,2023-03-01,1584.25,1827.6182861328125,285.0917685008115,1508.1336669921875,2238.853271484375,0.8,345.4119444444444,
chronos_2,electricity,IND|Himachal Pradesh,India,False,False,rolling,2022-12-01,4,2023-04-01,2019.3,2524.281494140625,332.18981992983777,2088.515380859375,2939.9521484375,0.8,345.4119444444444,
chronos_2,electricity,IND|Himachal Pradesh,India,False,False,rolling,2022-12-01,5,2023-05-01,3295.0,3920.09521484375,348.84615108304735,3461.555419921875,4355.68408203125,0.8,345.4119444444444,
chronos_2,electricity,IND|Himachal Pradesh,India,False,False,rolling,2022-12-01,6,2023-06-01,5221.64,5343.82373046875,361.9548225779969,4881.1162109375,5808.84375,0.8,345.4119444444444,
chronos_2,electricity,IND|Himachal Pradesh,India,False,False,rolling,2022-12-01,7,2023-07-01,6101.99,6509.5,354.74577240815535,6042.041015625,6951.291015625,0.8,345.4119444444444,
chronos_2,electricity,IND|Himachal Pradesh,India,False,False,rolling,2022-12-01,8,2023-08-01,6874.84,6597.3369140625,381.4961454275248,6110.38623046875,7088.2001953125,0.8,345.4119444444444,
chronos_2,electricity,IND|Himachal Pradesh,India,False,False,rolling,2022-12-01,9,2023-09-01,5082.79,5469.59619140625,354.4762093303496,4983.94287109375,5892.501953125,0.8,345.4119444444444,
chronos_2,electricity,IND|Himachal Pradesh,India,False,False,rolling,2022-12-01,10,2023-10-01,2712.51,3334.004150390625,328.040739326961,2947.8212890625,3788.62353515625,0.8,345.4119444444444,
chronos_2,electricity,IND|Himachal Pradesh,India,False,False,rolling,2022-12-01,11,2023-11-01,1792.81,2033.59033203125,309.0594504406694,1691.0535888671875,2483.204833984375,0.8,345.4119444444444,
chronos_2,electricity,IND|Himachal Pradesh,India,False,False,rolling,2022-12-01,12,2023-12-01,1527.78,1661.056640625,261.0005447546235,1371.0953369140625,2040.066650390625,0.8,345.4119444444444,
chronos_2,electricity,IND|Himachal Pradesh,India,False,False,rolling,2023-12-01,1,2024-01-01,1313.59,1438.966552734375,113.07094766680069,1288.748779296875,1578.561279296875,0.8,368.28208333333345,
chronos_2,electricity,IND|Himachal Pradesh,India,False,False,rolling,2023-12-01,2,2024-02-01,1272.71,1421.73095703125,114.80186648301496,1275.463134765625,1569.712158203125,0.8,368.28208333333345,
chronos_2,electricity,IND|Himachal Pradesh,India,False,False,rolling,2023-12-01,3,2024-03-01,1737.41,1474.642333984375,128.3875122225272,1314.23974609375,1643.3101806640625,0.8,368.28208333333345,
chronos_2,electricity,IND|Himachal Pradesh,India,False,False,rolling,2023-12-01,4,2024-04-01,2172.64,1699.3575439453125,253.02862154939453,1484.3018798828125,2132.84033203125,0.8,368.28208333333345,
chronos_2,electricity,IND|Himachal Pradesh,India,False,False,rolling,2023-12-01,5,2024-05-01,5145.62,3167.8291015625,390.30742900081896,2666.931884765625,3667.330078125,0.8,368.28208333333345,
chronos_2,electricity,IND|Himachal Pradesh,India,False,False,rolling,2023-12-01,6,2024-06-01,5982.79,4832.2744140625,369.07986050945516,4364.15185546875,5310.1416015625,0.8,368.28208333333345,
chronos_2,electricity,IND|Himachal Pradesh,India,False,False,rolling,2023-12-01,7,2024-07-01,6703.35,6128.3505859375,345.9776379777044,5661.7490234375,6548.525390625,0.8,368.28208333333345,
chronos_2,electricity,IND|Himachal Pradesh,India,False,False,rolling,2023-12-01,8,2024-08-01,6491.89,6355.0849609375,383.58083006387005,5879.9267578125,6863.083984375,0.8,368.28208333333345,
chronos_2,electricity,IND|Himachal Pradesh,India,False,False,rolling,2023-12-01,9,2024-09-01,5530.53,5160.6923828125,394.68549534187423,4609.35693359375,5620.9765625,0.8,368.28208333333345,
chronos_2,electricity,IND|Himachal Pradesh,India,False,False,rolling,2023-12-01,10,2024-10-01,3144.83,2958.54150390625,367.15796149147394,2518.34130859375,3459.405029296875,0.8,368.28208333333345,
chronos_2,electricity,IND|Himachal Pradesh,India,False,False,rolling,2023-12-01,11,2024-11-01,1815.73,1717.0006103515625,261.4525153568102,1492.0294189453125,2162.1591796875,0.8,368.28208333333345,
chronos_2,electricity,IND|Himachal Pradesh,India,False,False,rolling,2023-12-01,12,2024-12-01,1530.68,1519.9208984375,154.17636422108032,1356.847412109375,1752.017333984375,0.8,368.28208333333345,
chronos_2,electricity,IND|India Total,India,False,True,holdout,last12,1,2024-12-01,140885.2,142509.046875,5848.172306523681,135071.875,150061.34375,0.8,10006.094406779663,
chronos_2,electricity,IND|India Total,India,False,True,holdout,last12,2,2025-01-01,147449.91,147376.28125,6785.494373614703,138361.265625,155753.1875,0.8,10006.094406779663,
chronos_2,electricity,IND|India Total,India,False,True,holdout,last12,3,2025-02-01,141707.79,145437.109375,7364.425184865137,135639.359375,154515.140625,0.8,10006.094406779663,
chronos_2,electricity,IND|India Total,India,False,True,holdout,last12,4,2025-03-01,159917.95,156215.234375,8233.007333588095,144914.28125,166016.328125,0.8,10006.094406779663,
chronos_2,electricity,IND|India Total,India,False,True,holdout,last12,5,2025-04-01,157483.89,157551.203125,8551.042234374003,145599.03125,167516.234375,0.8,10006.094406779663,
chronos_2,electricity,IND|India Total,India,False,True,holdout,last12,6,2025-05-01,159102.33,163221.78125,8728.128602649444,151699.46875,174070.5625,0.8,10006.094406779663,
chronos_2,electricity,IND|India Total,India,False,True,holdout,last12,7,2025-06-01,159746.1,164107.6875,9301.48755460683,151540.640625,175381.3125,0.8,10006.094406779663,
chronos_2,electricity,IND|India Total,India,False,True,holdout,last12,8,2025-07-01,165159.77,165509.15625,9672.162504621916,151707.546875,176498.296875,0.8,10006.094406779663,
chronos_2,electricity,IND|India Total,India,False,True,holdout,last12,9,2025-08-01,160004.27,164451.609375,9656.373537916234,150671.578125,175421.859375,0.8,10006.094406779663,
chronos_2,electricity,IND|India Total,India,False,True,holdout,last12,10,2025-09-01,154424.24,160132.140625,9505.677299706005,146683.984375,171048.015625,0.8,10006.094406779663,
chronos_2,electricity,IND|India Total,India,False,True,holdout,last12,11,2025-10-01,140376.64,155979.140625,9702.685808210857,142415.3125,167284.296875,0.8,10006.094406779663,
chronos_2,electricity,IND|India Total,India,False,True,holdout,last12,12,2025-11-01,132124.1,145910.609375,9700.046185591722,132792.84375,157655.0625,0.8,10006.094406779663,
chronos_2,electricity,IND|India Total,India,False,True,rolling,2022-12-01,1,2023-01-01,136301.93,132638.765625,7915.140076271072,121153.1640625,141440.484375,0.8,10285.30722222222,
chronos_2,electricity,IND|India Total,India,False,True,rolling,2022-12-01,2,2023-02-01,127091.33,131564.15625,10125.7752507879,117264.671875,143218.078125,0.8,10285.30722222222,
chronos_2,electricity,IND|India Total,India,False,True,rolling,2022-12-01,3,2023-03-01,137336.08,130132.359375,11698.356334673956,114323.25,144307.34375,0.8,10285.30722222222,
chronos_2,electricity,IND|India Total,India,False,True,rolling,2022-12-01,4,2023-04-01,140488.41,130493.6328125,12497.284146107671,113697.984375,145729.8125,0.8,10285.30722222222,
chronos_2,electricity,IND|India Total,India,False,True,rolling,2022-12-01,5,2023-05-01,147183.28,131983.046875,12680.484928902726,114427.453125,146928.84375,0.8,10285.30722222222,
chronos_2,electricity,IND|India Total,India,False,True,rolling,2022-12-01,6,2023-06-01,149366.61,133420.515625,13224.457504796505,115276.9921875,149172.640625,0.8,10285.30722222222,
chronos_2,electricity,IND|India Total,India,False,True,rolling,2022-12-01,7,2023-07-01,147802.37,134174.65625,13458.417681906183,115410.046875,149905.359375,0.8,10285.30722222222,
chronos_2,electricity,IND|India Total,India,False,True,rolling,2022-12-01,8,2023-08-01,159958.84,133318.4375,14196.341559045006,114290.421875,150677.109375,0.8,10285.30722222222,
chronos_2,electricity,IND|India Total,India,False,True,rolling,2022-12-01,9,2023-09-01,149568.61,131768.125,14188.255047718716,112390.0390625,148756.0,0.8,10285.30722222222,
chronos_2,electricity,IND|India Total,India,False,True,rolling,2022-12-01,10,2023-10-01,148394.68,129716.515625,14547.862480724472,110539.375,147827.046875,0.8,10285.30722222222,
chronos_2,electricity,IND|India Total,India,False,True,rolling,2022-12-01,11,2023-11-01,128788.9,129152.6171875,14792.57927241028,110177.25,148092.15625,0.8,10285.30722222222,
chronos_2,electricity,IND|India Total,India,False,True,rolling,2022-12-01,12,2023-12-01,132698.38,130426.9140625,15068.758171110772,110480.34375,149103.125,0.8,10285.30722222222,
chronos_2,electricity,IND|India Total,India,False,True,rolling,2023-12-01,1,2024-01-01,144056.17,137370.53125,7793.915559890429,126383.953125,146360.5625,0.8,10147.517083333332,
chronos_2,electricity,IND|India Total,India,False,True,rolling,2023-12-01,2,2024-02-01,136692.74,139080.234375,9806.828979143884,125496.6328125,150632.546875,0.8,10147.517083333332,
chronos_2,electricity,IND|India Total,India,False,True,rolling,2023-12-01,3,2024-03-01,149063.7,143472.5,11156.977660453254,127570.6875,156167.171875,0.8,10147.517083333332,
chronos_2,electricity,IND|India Total,India,False,True,rolling,2023-12-01,4,2024-04-01,154857.23,144700.953125,12261.443314083435,127675.328125,159102.671875,0.8,10147.517083333332,
chronos_2,electricity,IND|India Total,India,False,True,rolling,2023-12-01,5,2024-05-01,167414.52,145788.140625,12900.116161517537,127500.546875,160564.875,0.8,10147.517083333332,
chronos_2,electricity,IND|India Total,India,False,True,rolling,2023-12-01,6,2024-06-01,162308.64,147346.734375,13351.750714750702,128637.5546875,162859.46875,0.8,10147.517083333332,
chronos_2,electricity,IND|India Total,India,False,True,rolling,2023-12-01,7,2024-07-01,159731.25,148665.625,13595.190368009931,128925.421875,163771.296875,0.8,10147.517083333332,
chronos_2,electricity,IND|India Total,India,False,True,rolling,2023-12-01,8,2024-08-01,153948.26,148943.71875,14197.545543957891,128583.1015625,164972.875,0.8,10147.517083333332,
chronos_2,electricity,IND|India Total,India,False,True,rolling,2023-12-01,9,2024-09-01,150033.97,147488.265625,14045.694089843908,127456.625,163457.1875,0.8,10147.517083333332,
chronos_2,electricity,IND|India Total,India,False,True,rolling,2023-12-01,10,2024-10-01,151013.57,144844.328125,14167.552603343234,125161.1484375,161474.046875,0.8,10147.517083333332,
chronos_2,electricity,IND|India Total,India,False,True,rolling,2023-12-01,11,2024-11-01,134418.58,141202.6875,14608.457974567904,121637.3125,159080.296875,0.8,10147.517083333332,
chronos_2,electricity,IND|India Total,India,False,True,rolling,2023-12-01,12,2024-12-01,140885.2,141480.828125,14594.887997777614,121568.09375,158976.296875,0.8,10147.517083333332,
chronos_2,electricity,IND|Jammu and Kashmir,India,False,False,holdout,last12,1,2024-12-01,404.76,349.8084716796875,100.56564978187254,220.3878173828125,478.14794921875,0.8,143.49050847457625,
chronos_2,electricity,IND|Jammu and Kashmir,India,False,False,holdout,last12,2,2025-01-01,344.78,319.202392578125,93.28554164169775,205.5435791015625,444.64404296875,0.8,143.49050847457625,
chronos_2,electricity,IND|Jammu and Kashmir,India,False,False,holdout,last12,3,2025-02-01,327.43,490.913818359375,87.23023097006197,380.2415771484375,603.8216552734375,0.8,143.49050847457625,
chronos_2,electricity,IND|Jammu and Kashmir,India,False,False,holdout,last12,4,2025-03-01,991.89,981.4498291015625,79.61188308102206,887.41748046875,1091.470947265625,0.8,143.49050847457625,
chronos_2,electricity,IND|Jammu and Kashmir,India,False,False,holdout,last12,5,2025-04-01,1702.4,1439.1400146484375,82.08614827857774,1335.455322265625,1545.8505859375,0.8,143.49050847457625,
chronos_2,electricity,IND|Jammu and Kashmir,India,False,False,holdout,last12,6,2025-05-01,2078.56,1954.1986083984375,79.59492823019187,1851.549560546875,2055.5595703125,0.8,143.49050847457625,
chronos_2,electricity,IND|Jammu and Kashmir,India,False,False,holdout,last12,7,2025-06-01,2212.21,2172.890380859375,84.16549880454942,2065.798828125,2281.523681640625,0.8,143.49050847457625,
chronos_2,electricity,IND|Jammu and Kashmir,India,False,False,holdout,last12,8,2025-07-01,2239.09,2258.300537109375,90.00834995496761,2142.43310546875,2373.1337890625,0.8,143.49050847457625,
chronos_2,electricity,IND|Jammu and Kashmir,India,False,False,holdout,last12,9,2025-08-01,1900.58,2106.9697265625,79.57244876504623,2007.8349609375,2211.787353515625,0.8,143.49050847457625,
chronos_2,electricity,IND|Jammu and Kashmir,India,False,False,holdout,last12,10,2025-09-01,1881.65,1691.3397216796875,90.22738186218116,1572.9410400390625,1804.203125,0.8,143.49050847457625,
chronos_2,electricity,IND|Jammu and Kashmir,India,False,False,holdout,last12,11,2025-10-01,1222.23,951.9459838867188,90.18713790445221,852.5224609375,1083.681396484375,0.8,143.49050847457625,
chronos_2,electricity,IND|Jammu and Kashmir,India,False,False,holdout,last12,12,2025-11-01,635.0,506.48321533203125,97.06694963668399,381.5133056640625,630.305908203125,0.8,143.49050847457625,
chronos_2,electricity,IND|Jammu and Kashmir,India,False,False,rolling,2022-12-01,1,2023-01-01,472.21,557.1676025390625,152.220436436475,361.6546630859375,751.8113403320312,0.8,163.30416666666667,
chronos_2,electricity,IND|Jammu and Kashmir,India,False,False,rolling,2022-12-01,2,2023-02-01,806.6,594.3912963867188,161.55289116885544,397.55224609375,811.6289672851562,0.8,163.30416666666667,
chronos_2,electricity,IND|Jammu and Kashmir,India,False,False,rolling,2022-12-01,3,2023-03-01,1131.58,1128.41162109375,159.80118360998,915.6585693359375,1325.2454833984375,0.8,163.30416666666667,
chronos_2,electricity,IND|Jammu and Kashmir,India,False,False,rolling,2022-12-01,4,2023-04-01,1538.38,1523.487548828125,150.08038659201154,1331.016357421875,1715.6878662109375,0.8,163.30416666666667,
chronos_2,electricity,IND|Jammu and Kashmir,India,False,False,rolling,2022-12-01,5,2023-05-01,2093.91,2084.865478515625,147.32469944626607,1892.342529296875,2269.950927734375,0.8,163.30416666666667,
chronos_2,electricity,IND|Jammu and Kashmir,India,False,False,rolling,2022-12-01,6,2023-06-01,2307.65,2253.276123046875,145.79647682424638,2062.896484375,2436.587890625,0.8,163.30416666666667,
chronos_2,electricity,IND|Jammu and Kashmir,India,False,False,rolling,2022-12-01,7,2023-07-01,2279.93,2343.61962890625,151.30242175339285,2145.26171875,2533.0654296875,0.8,163.30416666666667,
chronos_2,electricity,IND|Jammu and Kashmir,India,False,False,rolling,2022-12-01,8,2023-08-01,2269.49,2251.01318359375,155.56437594185263,2046.65283203125,2445.38037109375,0.8,163.30416666666667,
chronos_2,electricity,IND|Jammu and Kashmir,India,False,False,rolling,2022-12-01,9,2023-09-01,1711.47,1899.972900390625,168.2725128989318,1679.45947265625,2110.75927734375,0.8,163.30416666666667,
chronos_2,electricity,IND|Jammu and Kashmir,India,False,False,rolling,2022-12-01,10,2023-10-01,1009.05,1070.2364501953125,177.42206003408376,836.3394165039062,1291.0904541015625,0.8,163.30416666666667,
chronos_2,electricity,IND|Jammu and Kashmir,India,False,False,rolling,2022-12-01,11,2023-11-01,609.83,685.6610107421875,181.00927307328328,457.328125,921.2735595703125,0.8,163.30416666666667,
chronos_2,electricity,IND|Jammu and Kashmir,India,False,False,rolling,2022-12-01,12,2023-12-01,454.28,538.6969604492188,174.41905114575079,311.3719482421875,758.4259643554688,0.8,163.30416666666667,
chronos_2,electricity,IND|Jammu and Kashmir,India,False,False,rolling,2023-12-01,1,2024-01-01,353.58,483.239990234375,136.90603886308776,306.303955078125,657.208251953125,0.8,155.73895833333333,
chronos_2,electricity,IND|Jammu and Kashmir,India,False,False,rolling,2023-12-01,2,2024-02-01,526.43,581.7960205078125,136.0003593102444,405.8309326171875,754.4138793945312,0.8,155.73895833333333,
chronos_2,electricity,IND|Jammu and Kashmir,India,False,False,rolling,2023-12-01,3,2024-03-01,1128.93,1109.0186767578125,137.0261039724779,927.8492431640625,1279.061279296875,0.8,155.73895833333333,
chronos_2,electricity,IND|Jammu and Kashmir,India,False,False,rolling,2023-12-01,4,2024-04-01,1500.23,1516.966552734375,132.23026248680918,1348.024658203125,1686.9444580078125,0.8,155.73895833333333,
chronos_2,electricity,IND|Jammu and Kashmir,India,False,False,rolling,2023-12-01,5,2024-05-01,2080.42,2053.978759765625,128.58530294021756,1884.988037109375,2214.5654296875,0.8,155.73895833333333,
chronos_2,electricity,IND|Jammu and Kashmir,India,False,False,rolling,2023-12-01,6,2024-06-01,2229.58,2223.165283203125,124.50223195321333,2056.650146484375,2375.76220703125,0.8,155.73895833333333,
chronos_2,electricity,IND|Jammu and Kashmir,India,False,False,rolling,2023-12-01,7,2024-07-01,2265.35,2293.17333984375,128.50290998534052,2119.184326171875,2448.550537109375,0.8,155.73895833333333,
chronos_2,electricity,IND|Jammu and Kashmir,India,False,False,rolling,2023-12-01,8,2024-08-01,2151.02,2192.843017578125,137.289523298157,2004.04638671875,2355.93359375,0.8,155.73895833333333,
chronos_2,electricity,IND|Jammu and Kashmir,India,False,False,rolling,2023-12-01,9,2024-09-01,1859.6,1744.824462890625,146.04898979925102,1547.862548828125,1922.201171875,0.8,155.73895833333333,
chronos_2,electricity,IND|Jammu and Kashmir,India,False,False,rolling,2023-12-01,10,2024-10-01,918.63,948.9352416992188,151.84050013732386,752.4619140625,1141.644775390625,0.8,155.73895833333333,
chronos_2,electricity,IND|Jammu and Kashmir,India,False,False,rolling,2023-12-01,11,2024-11-01,522.12,539.8463745117188,146.76037914433664,357.3126220703125,733.474609375,0.8,155.73895833333333,
chronos_2,electricity,IND|Jammu and Kashmir,India,False,False,rolling,2023-12-01,12,2024-12-01,404.76,401.874267578125,146.81576816544762,208.095703125,584.399658203125,0.8,155.73895833333333,
chronos_2,electricity,IND|Jharkhand,India,False,False,holdout,last12,1,2024-12-01,2985.93,3201.38525390625,234.08276639629864,2876.347900390625,3476.326171875,0.8,336.1340677966102,
chronos_2,electricity,IND|Jharkhand,India,False,False,holdout,last12,2,2025-01-01,3230.48,3232.06591796875,283.8142014403628,2835.517333984375,3562.96240234375,0.8,336.1340677966102,
chronos_2,electricity,IND|Jharkhand,India,False,False,holdout,last12,3,2025-02-01,3058.6,3256.979736328125,314.1329990476607,2820.74462890625,3625.89990234375,0.8,336.1340677966102,
chronos_2,electricity,IND|Jharkhand,India,False,False,holdout,last12,4,2025-03-01,3095.87,3282.880615234375,333.28455083203625,2832.99462890625,3687.2373046875,0.8,336.1340677966102,
chronos_2,electricity,IND|Jharkhand,India,False,False,holdout,last12,5,2025-04-01,2953.21,3296.605712890625,347.5491049945381,2818.9912109375,3709.79541015625,0.8,336.1340677966102,
chronos_2,electricity,IND|Jharkhand,India,False,False,holdout,last12,6,2025-05-01,2921.0,3308.69287109375,358.9920100214074,2824.457275390625,3744.5908203125,0.8,336.1340677966102,
chronos_2,electricity,IND|Jharkhand,India,False,False,holdout,last12,7,2025-06-01,2966.39,3321.531982421875,376.7641227623967,2807.12548828125,3772.810791015625,0.8,336.1340677966102,
chronos_2,electricity,IND|Jharkhand,India,False,False,holdout,last12,8,2025-07-01,3215.53,3326.14697265625,390.9550471513495,2794.396728515625,3796.454833984375,0.8,336.1340677966102,
chronos_2,electricity,IND|Jharkhand,India,False,False,holdout,last12,9,2025-08-01,3306.39,3341.1689453125,397.54238770676056,2788.632080078125,3807.57421875,0.8,336.1340677966102,
chronos_2,electricity,IND|Jharkhand,India,False,False,holdout,last12,10,2025-09-01,3328.64,3348.060546875,412.75746128743333,2778.3642578125,3836.30419921875,0.8,336.1340677966102,
chronos_2,electricity,IND|Jharkhand,India,False,False,holdout,last12,11,2025-10-01,3395.89,3356.263671875,423.51331384779627,2777.17333984375,3862.681640625,0.8,336.1340677966102,
chronos_2,electricity,IND|Jharkhand,India,False,False,holdout,last12,12,2025-11-01,3465.51,3353.131591796875,439.23874748885186,2741.959716796875,3867.77392578125,0.8,336.1340677966102,
chronos_2,electricity,IND|Jharkhand,India,False,False,rolling,2022-12-01,1,2023-01-01,2568.24,2688.09521484375,155.5325617835533,2449.3505859375,2847.99658203125,0.8,292.75972222222225,
chronos_2,electricity,IND|Jharkhand,India,False,False,rolling,2022-12-01,2,2023-02-01,2202.16,2653.225830078125,191.24986009675916,2360.162353515625,2850.35546875,0.8,292.75972222222225,
chronos_2,electricity,IND|Jharkhand,India,False,False,rolling,2022-12-01,3,2023-03-01,2784.79,2632.55810546875,213.21515510317795,2312.543212890625,2859.03564453125,0.8,292.75972222222225,
chronos_2,electricity,IND|Jharkhand,India,False,False,rolling,2022-12-01,4,2023-04-01,2903.12,2624.650390625,230.20705895006586,2285.1455078125,2875.18994140625,0.8,292.75972222222225,
chronos_2,electricity,IND|Jharkhand,India,False,False,rolling,2022-12-01,5,2023-05-01,2935.54,2614.7978515625,234.92993742598222,2265.96923828125,2868.118896484375,0.8,292.75972222222225,
chronos_2,electricity,IND|Jharkhand,India,False,False,rolling,2022-12-01,6,2023-06-01,2845.92,2616.88232421875,242.38359465723903,2258.927490234375,2880.181640625,0.8,292.75972222222225,
chronos_2,electricity,IND|Jharkhand,India,False,False,rolling,2022-12-01,7,2023-07-01,2848.43,2614.1982421875,251.55597845242772,2245.853271484375,2890.6171875,0.8,292.75972222222225,
chronos_2,electricity,IND|Jharkhand,India,False,False,rolling,2022-12-01,8,2023-08-01,2962.9,2611.77880859375,262.87791347618275,2227.545166015625,2901.328369140625,0.8,292.75972222222225,
chronos_2,electricity,IND|Jharkhand,India,False,False,rolling,2022-12-01,9,2023-09-01,3167.64,2609.66796875,264.83181715640524,2214.828857421875,2893.6201171875,0.8,292.75972222222225,
chronos_2,electricity,IND|Jharkhand,India,False,False,rolling,2022-12-01,10,2023-10-01,3064.95,2608.36962890625,277.5009008053924,2195.90966796875,2907.173095703125,0.8,292.75972222222225,
chronos_2,electricity,IND|Jharkhand,India,False,False,rolling,2022-12-01,11,2023-11-01,2793.62,2604.625,281.38841949602374,2193.47314453125,2914.70068359375,0.8,292.75972222222225,
chronos_2,electricity,IND|Jharkhand,India,False,False,rolling,2022-12-01,12,2023-12-01,2928.02,2610.90673828125,285.8831695015003,2188.169921875,2920.91796875,0.8,292.75972222222225,
chronos_2,electricity,IND|Jharkhand,India,False,False,rolling,2023-12-01,1,2024-01-01,3263.77,2908.683837890625,195.11870940108312,2618.991455078125,3119.100830078125,0.8,296.52124999999995,
chronos_2,electricity,IND|Jharkhand,India,False,False,rolling,2023-12-01,2,2024-02-01,3013.36,2890.451171875,233.59869587989974,2533.853271484375,3132.5908203125,0.8,296.52124999999995,
chronos_2,electricity,IND|Jharkhand,India,False,False,rolling,2023-12-01,3,2024-03-01,3254.72,2890.85009765625,253.40434294883084,2508.963623046875,3158.465087890625,0.8,296.52124999999995,
chronos_2,electricity,IND|Jharkhand,India,False,False,rolling,2023-12-01,4,2024-04-01,3480.66,2901.985595703125,258.52261235618596,2514.29736328125,3176.91748046875,0.8,296.52124999999995,
chronos_2,electricity,IND|Jharkhand,India,False,False,rolling,2023-12-01,5,2024-05-01,3652.67,2914.59375,263.2196775479732,2513.031005859375,3187.690185546875,0.8,296.52124999999995,
chronos_2,electricity,IND|Jharkhand,India,False,False,rolling,2023-12-01,6,2024-06-01,3363.29,2915.4990234375,269.2719877825239,2512.247314453125,3202.419189453125,0.8,296.52124999999995,
chronos_2,electricity,IND|Jharkhand,India,False,False,rolling,2023-12-01,7,2024-07-01,3506.67,2911.50732421875,287.9076548922012,2469.45068359375,3207.3876953125,0.8,296.52124999999995,
chronos_2,electricity,IND|Jharkhand,India,False,False,rolling,2023-12-01,8,2024-08-01,3227.38,2900.50244140625,312.4265599879821,2443.173095703125,3243.95458984375,0.8,296.52124999999995,
chronos_2,electricity,IND|Jharkhand,India,False,False,rolling,2023-12-01,9,2024-09-01,2962.64,2918.33251953125,294.0600749482267,2478.9267578125,3232.633056640625,0.8,296.52124999999995,
chronos_2,electricity,IND|Jharkhand,India,False,False,rolling,2023-12-01,10,2024-10-01,3363.61,2932.6337890625,292.65748967589815,2498.3798828125,3248.4912109375,0.8,296.52124999999995,
chronos_2,electricity,IND|Jharkhand,India,False,False,rolling,2023-12-01,11,2024-11-01,3177.43,2950.384765625,287.6461882319267,2522.977294921875,3260.244140625,0.8,296.52124999999995,
chronos_2,electricity,IND|Jharkhand,India,False,False,rolling,2023-12-01,12,2024-12-01,2985.93,2949.16015625,297.3523640723534,2498.09619140625,3260.240966796875,0.8,296.52124999999995,
chronos_2,electricity,IND|Karnataka,India,True,False,holdout,last12,1,2024-12-01,8145.37,7802.46728515625,543.1111170684509,7035.501953125,8427.5517578125,0.8,738.1993220338982,
chronos_2,electricity,IND|Karnataka,India,True,False,holdout,last12,2,2025-01-01,9225.42,8065.78125,658.0265239008455,7137.61328125,8824.203125,0.8,738.1993220338982,
chronos_2,electricity,IND|Karnataka,India,True,False,holdout,last12,3,2025-02-01,8745.45,8101.03857421875,739.8169148096046,7067.64208984375,8963.869140625,0.8,738.1993220338982,
chronos_2,electricity,IND|Karnataka,India,True,False,holdout,last12,4,2025-03-01,9617.26,8420.8271484375,793.4483465524953,7320.84521484375,9354.53515625,0.8,738.1993220338982,
chronos_2,electricity,IND|Karnataka,India,True,False,holdout,last12,5,2025-04-01,8712.33,8366.4462890625,820.8548151478104,7219.642578125,9323.578125,0.8,738.1993220338982,
chronos_2,electricity,IND|Karnataka,India,True,False,holdout,last12,6,2025-05-01,8192.56,8299.685546875,842.7953446417806,7154.33544921875,9314.5068359375,0.8,738.1993220338982,
chronos_2,electricity,IND|Karnataka,India,True,False,holdout,last12,7,2025-06-01,7637.08,8230.599609375,862.3288568296902,7051.01611328125,9261.25390625,0.8,738.1993220338982,
chronos_2,electricity,IND|Karnataka,India,True,False,holdout,last12,8,2025-07-01,10897.87,8400.591796875,917.0128228516459,7140.6982421875,9491.0966796875,0.8,738.1993220338982,
chronos_2,electricity,IND|Karnataka,India,True,False,holdout,last12,9,2025-08-01,8199.13,8467.07421875,930.1574043396458,7178.73876953125,9562.828125,0.8,738.1993220338982,
chronos_2,electricity,IND|Karnataka,India,True,False,holdout,last12,10,2025-09-01,8928.18,8260.173828125,936.8275188578178,6973.830078125,9375.015625,0.8,738.1993220338982,
chronos_2,electricity,IND|Karnataka,India,True,False,holdout,last12,11,2025-10-01,8001.72,7993.9580078125,948.7332532115628,6704.8486328125,9136.5498046875,0.8,738.1993220338982,
chronos_2,electricity,IND|Karnataka,India,True,False,holdout,last12,12,2025-11-01,8240.21,7908.384765625,989.3382159104391,6556.66064453125,9092.4365234375,0.8,738.1993220338982,
chronos_2,electricity,IND|Karnataka,India,True,False,rolling,2022-12-01,1,2023-01-01,8038.99,7089.65380859375,835.0538359542945,5999.2822265625,8139.611328125,0.8,802.7808333333332,
chronos_2,electricity,IND|Karnataka,India,True,False,rolling,2022-12-01,2,2023-02-01,7818.8,7219.18896484375,1015.3892489590488,5938.91748046875,8541.46484375,0.8,802.7808333333332,
chronos_2,electricity,IND|Karnataka,India,True,False,rolling,2022-12-01,3,2023-03-01,8160.45,7821.6416015625,1197.4277672044982,6258.6787109375,9327.8095703125,0.8,802.7808333333332,
chronos_2,electricity,IND|Karnataka,India,True,False,rolling,2022-12-01,4,2023-04-01,7779.79,7291.76806640625,1195.7427598382849,5808.79248046875,8873.6044921875,0.8,802.7808333333332,
chronos_2,electricity,IND|Karnataka,India,True,False,rolling,2022-12-01,5,2023-05-01,7603.25,6694.185546875,1155.8426617244836,5307.119140625,8269.6630859375,0.8,802.7808333333332,
chronos_2,electricity,IND|Karnataka,India,True,False,rolling,2022-12-01,6,2023-06-01,7946.66,6447.65478515625,1150.0477223154564,5088.27197265625,8035.962890625,0.8,802.7808333333332,
chronos_2,electricity,IND|Karnataka,India,True,False,rolling,2022-12-01,7,2023-07-01,7321.81,6707.873046875,1252.4171110453392,5240.0205078125,8450.0947265625,0.8,802.7808333333332,
chronos_2,electricity,IND|Karnataka,India,True,False,rolling,2022-12-01,8,2023-08-01,8122.64,6842.12744140625,1303.4889318246976,5303.4375,8644.4140625,0.8,802.7808333333332,
chronos_2,electricity,IND|Karnataka,India,True,False,rolling,2022-12-01,9,2023-09-01,7595.06,6662.98046875,1283.5816509027563,5179.2666015625,8469.21875,0.8,802.7808333333332,
chronos_2,electricity,IND|Karnataka,India,True,False,rolling,2022-12-01,10,2023-10-01,7700.76,6386.154296875,1243.651643670075,4915.51025390625,8103.11767578125,0.8,802.7808333333332,
chronos_2,electricity,IND|Karnataka,India,True,False,rolling,2022-12-01,11,2023-11-01,6777.8,6412.57958984375,1284.365765127667,4904.5654296875,8196.52734375,0.8,802.7808333333332,
chronos_2,electricity,IND|Karnataka,India,True,False,rolling,2022-12-01,12,2023-12-01,7198.72,6882.41259765625,1374.9018110017314,5254.01513671875,8778.0302734375,0.8,802.7808333333332,
chronos_2,electricity,IND|Karnataka,India,True,False,rolling,2023-12-01,1,2024-01-01,7829.86,7718.0419921875,583.6625481596499,6900.7919921875,8396.779296875,0.8,808.1014583333334,
chronos_2,electricity,IND|Karnataka,India,True,False,rolling,2023-12-01,2,2024-02-01,7618.21,7976.412109375,716.1944260124916,6940.85107421875,8776.53125,0.8,808.1014583333334,
chronos_2,electricity,IND|Karnataka,India,True,False,rolling,2023-12-01,3,2024-03-01,7925.02,8308.88671875,751.435369218946,7184.81884765625,9110.8251953125,0.8,808.1014583333334,
chronos_2,electricity,IND|Karnataka,India,True,False,rolling,2023-12-01,4,2024-04-01,7885.67,8269.7421875,834.633774762378,7007.52099609375,9146.7734375,0.8,808.1014583333334,
chronos_2,electricity,IND|Karnataka,India,True,False,rolling,2023-12-01,5,2024-05-01,7589.62,8082.9111328125,933.5413258598323,6701.138671875,9093.9013671875,0.8,808.1014583333334,
chronos_2,electricity,IND|Karnataka,India,True,False,rolling,2023-12-01,6,2024-06-01,7855.71,7759.49658203125,990.0202200224848,6345.90771484375,8883.431640625,0.8,808.1014583333334,
chronos_2,electricity,IND|Karnataka,India,True,False,rolling,2023-12-01,7,2024-07-01,9488.83,7424.54736328125,1023.7961879156343,6085.30029296875,8709.3955078125,0.8,808.1014583333334,
chronos_2,electricity,IND|Karnataka,India,True,False,rolling,2023-12-01,8,2024-08-01,8478.77,7105.419921875,1029.5236889292246,5769.6171875,8408.392578125,0.8,808.1014583333334,
chronos_2,electricity,IND|Karnataka,India,True,False,rolling,2023-12-01,9,2024-09-01,8028.12,6605.04296875,1009.3788495917189,5387.3583984375,7974.50048828125,0.8,808.1014583333334,
chronos_2,electricity,IND|Karnataka,India,True,False,rolling,2023-12-01,10,2024-10-01,7449.92,6201.4609375,974.7155143371423,5077.28076171875,7575.5771484375,0.8,808.1014583333334,
chronos_2,electricity,IND|Karnataka,India,True,False,rolling,2023-12-01,11,2024-11-01,7480.03,6265.7265625,950.8823281802743,5136.36328125,7573.57275390625,0.8,808.1014583333334,
chronos_2,electricity,IND|Karnataka,India,True,False,rolling,2023-12-01,12,2024-12-01,8145.37,6633.8173828125,988.0182140969293,5434.69189453125,7967.08447265625,0.8,808.1014583333334,
chronos_2,electricity,IND|Kerala,India,False,False,holdout,last12,1,2024-12-01,565.37,710.151123046875,145.83007695700115,555.0556640625,928.8331909179688,0.8,217.61152542372878,
chronos_2,electricity,IND|Kerala,India,False,False,holdout,last12,2,2025-01-01,617.85,725.7437133789062,176.37302626495148,534.345458984375,986.40771484375,0.8,217.61152542372878,
chronos_2,electricity,IND|Kerala,India,False,False,holdout,last12,3,2025-02-01,639.53,745.4373168945312,197.7361383109858,532.5140380859375,1039.3321533203125,0.8,217.61152542372878,
chronos_2,electricity,IND|Kerala,India,False,False,holdout,last12,4,2025-03-01,702.28,770.081787109375,216.80398742588372,542.0379028320312,1097.7288818359375,0.8,217.61152542372878,
chronos_2,electricity,IND|Kerala,India,False,False,holdout,last12,5,2025-04-01,714.39,791.9061889648438,227.35300033131546,551.5728149414062,1134.302001953125,0.8,217.61152542372878,
chronos_2,electricity,IND|Kerala,India,False,False,holdout,last12,6,2025-05-01,1021.22,801.961181640625,243.95951470371497,545.3477172851562,1170.64111328125,0.8,217.61152542372878,
chronos_2,electricity,IND|Kerala,India,False,False,holdout,last12,7,2025-06-01,1450.32,800.0750732421875,254.29783024939184,539.2467651367188,1191.038330078125,0.8,217.61152542372878,
chronos_2,electricity,IND|Kerala,India,False,False,holdout,last12,8,2025-07-01,1539.31,805.2378540039062,262.2765163445587,535.2838745117188,1207.525634765625,0.8,217.61152542372878,
chronos_2,electricity,IND|Kerala,India,False,False,holdout,last12,9,2025-08-01,1430.45,808.329345703125,265.5263945286171,531.64892578125,1212.220458984375,0.8,217.61152542372878,
chronos_2,electricity,IND|Kerala,India,False,False,holdout,last12,10,2025-09-01,1220.3,802.389892578125,270.6550702137992,529.5772094726562,1223.2940673828125,0.8,217.61152542372878,
chronos_2,electricity,IND|Kerala,India,False,False,holdout,last12,11,2025-10-01,1178.3,789.86279296875,268.7095248940281,514.5623779296875,1203.2926025390625,0.8,217.61152542372878,
chronos_2,electricity,IND|Kerala,India,False,False,holdout,last12,12,2025-11-01,850.0,768.7077026367188,268.5571931794766,498.27618408203125,1186.615966796875,0.8,217.61152542372878,
chronos_2,electricity,IND|Kerala,India,False,False,rolling,2022-12-01,1,2023-01-01,663.5,738.7852172851562,158.482491511071,564.12841796875,970.3353881835938,0.8,202.11527777777778,
chronos_2,electricity,IND|Kerala,India,False,False,rolling,2022-12-01,2,2023-02-01,609.37,776.0711059570312,221.29442727967444,538.7235107421875,1105.9239501953125,0.8,202.11527777777778,
chronos_2,electricity,IND|Kerala,India,False,False,rolling,2022-12-01,3,2023-03-01,584.39,793.2198486328125,255.21839292269706,522.8279418945312,1176.97900390625,0.8,202.11527777777778,
chronos_2,electricity,IND|Kerala,India,False,False,rolling,2022-12-01,4,2023-04-01,716.52,794.0809936523438,269.6394936994653,517.6445922851562,1208.7584228515625,0.8,202.11527777777778,
chronos_2,electricity,IND|Kerala,India,False,False,rolling,2022-12-01,5,2023-05-01,839.07,799.3722534179688,278.5097858687667,511.76336669921875,1225.6126708984375,0.8,202.11527777777778,
chronos_2,electricity,IND|Kerala,India,False,False,rolling,2022-12-01,6,2023-06-01,595.32,797.6890869140625,291.3034829087572,505.6865234375,1252.327392578125,0.8,202.11527777777778,
chronos_2,electricity,IND|Kerala,India,False,False,rolling,2022-12-01,7,2023-07-01,639.44,801.7852783203125,303.4649211785338,496.8736572265625,1274.685546875,0.8,202.11527777777778,
chronos_2,electricity,IND|Kerala,India,False,False,rolling,2022-12-01,8,2023-08-01,686.18,800.2129516601562,309.2657423967676,488.25201416015625,1280.9320068359375,0.8,202.11527777777778,
chronos_2,electricity,IND|Kerala,India,False,False,rolling,2022-12-01,9,2023-09-01,484.78,797.6014404296875,313.6134114525915,482.6878356933594,1286.5113525390625,0.8,202.11527777777778,
chronos_2,electricity,IND|Kerala,India,False,False,rolling,2022-12-01,10,2023-10-01,633.13,790.50439453125,319.2608650910896,470.00933837890625,1288.307861328125,0.8,202.11527777777778,
chronos_2,electricity,IND|Kerala,India,False,False,rolling,2022-12-01,11,2023-11-01,494.36,778.7612915039062,319.4539765557068,465.9223327636719,1284.7158203125,0.8,202.11527777777778,
chronos_2,electricity,IND|Kerala,India,False,False,rolling,2022-12-01,12,2023-12-01,516.68,773.449951171875,319.45566727819124,452.7915344238281,1271.58935546875,0.8,202.11527777777778,
chronos_2,electricity,IND|Kerala,India,False,False,rolling,2023-12-01,1,2024-01-01,547.81,553.4581298828125,104.6755341987009,448.387451171875,716.681640625,0.8,218.25770833333334,
chronos_2,electricity,IND|Kerala,India,False,False,rolling,2023-12-01,2,2024-02-01,565.07,562.6871337890625,131.0143948905473,433.82989501953125,769.63330078125,0.8,218.25770833333334,
chronos_2,electricity,IND|Kerala,India,False,False,rolling,2023-12-01,3,2024-03-01,641.56,570.5792236328125,148.60748155212463,425.5535888671875,806.4498901367188,0.8,218.25770833333334,
chronos_2,electricity,IND|Kerala,India,False,False,rolling,2023-12-01,4,2024-04-01,769.5,582.708740234375,161.26149157670798,423.24249267578125,836.5723266601562,0.8,218.25770833333334,
chronos_2,electricity,IND|Kerala,India,False,False,rolling,2023-12-01,5,2024-05-01,688.7,587.4290771484375,169.64913010267847,421.0419616699219,855.8701782226562,0.8,218.25770833333334,
chronos_2,electricity,IND|Kerala,India,False,False,rolling,2023-12-01,6,2024-06-01,921.06,590.076904296875,175.3012272747607,418.0816650390625,867.3967895507812,0.8,218.25770833333334,
chronos_2,electricity,IND|Kerala,India,False,False,rolling,2023-12-01,7,2024-07-01,1040.33,594.1900634765625,179.1451443756869,417.33831787109375,876.5057983398438,0.8,218.25770833333334,
chronos_2,electricity,IND|Kerala,India,False,False,rolling,2023-12-01,8,2024-08-01,1129.29,597.802001953125,184.84453415134882,414.4598083496094,888.2354125976562,0.8,218.25770833333334,
chronos_2,electricity,IND|Kerala,India,False,False,rolling,2023-12-01,9,2024-09-01,975.3,599.4232177734375,189.878898478788,415.632080078125,902.311279296875,0.8,218.25770833333334,
chronos_2,electricity,IND|Kerala,India,False,False,rolling,2023-12-01,10,2024-10-01,750.43,601.8564453125,191.7342759015528,412.1397399902344,903.574462890625,0.8,218.25770833333334,
chronos_2,electricity,IND|Kerala,India,False,False,rolling,2023-12-01,11,2024-11-01,659.0,596.888427734375,190.1479019512644,413.9761657714844,901.3448486328125,0.8,218.25770833333334,
chronos_2,electricity,IND|Kerala,India,False,False,rolling,2023-12-01,12,2024-12-01,565.37,599.1727294921875,192.17437572685907,411.95819091796875,904.5209350585938,0.8,218.25770833333334,
chronos_2,electricity,IND|Ladakh,India,False,False,holdout,last12,1,2024-12-01,15.61,15.26976203918457,0.8815406197662063,14.067037582397461,16.32651710510254,0.8,3.2399999999999993,
chronos_2,electricity,IND|Ladakh,India,False,False,holdout,last12,2,2025-01-01,12.68,14.73548698425293,0.6371463869735441,13.868488311767578,15.50156021118164,0.8,3.2399999999999993,
chronos_2,electricity,IND|Ladakh,India,False,False,holdout,last12,3,2025-02-01,11.84,14.386758804321289,0.6173629990995758,13.378559112548828,14.96092414855957,0.8,3.2399999999999993,
chronos_2,electricity,IND|Ladakh,India,False,False,holdout,last12,4,2025-03-01,15.02,14.410282135009766,0.7538404695790911,13.484415054321289,15.416585922241211,0.8,3.2399999999999993,
chronos_2,electricity,IND|Ladakh,India,False,False,holdout,last12,5,2025-04-01,26.49,15.163640975952148,1.1525912654621382,14.060073852539062,17.014284133911133,0.8,3.2399999999999993,
chronos_2,electricity,IND|Ladakh,India,False,False,holdout,last12,6,2025-05-01,58.37,33.15683364868164,4.900968407051293,26.740982055664062,39.302669525146484,0.8,3.2399999999999993,
chronos_2,electricity,IND|Ladakh,India,False,False,holdout,last12,7,2025-06-01,44.04,53.932254791259766,4.65958949446421,47.04899215698242,58.992000579833984,0.8,3.2399999999999993,
chronos_2,electricity,IND|Ladakh,India,False,False,holdout,last12,8,2025-07-01,64.41,66.63456726074219,3.7870606041376784,62.013710021972656,71.7203369140625,0.8,3.2399999999999993,
chronos_2,electricity,IND|Ladakh,India,False,False,holdout,last12,9,2025-08-01,63.89,66.44059753417969,3.6752675331002322,61.79365539550781,71.2137451171875,0.8,3.2399999999999993,
chronos_2,electricity,IND|Ladakh,India,False,False,holdout,last12,10,2025-09-01,61.52,57.496910095214844,3.896511072014423,51.776588439941406,61.76374816894531,0.8,3.2399999999999993,
chronos_2,electricity,IND|Ladakh,India,False,False,holdout,last12,11,2025-10-01,43.32,35.3808479309082,4.110325701350061,30.35065269470215,40.885841369628906,0.8,3.2399999999999993,
chronos_2,electricity,IND|Ladakh,India,False,False,holdout,last12,12,2025-11-01,28.3,20.697288513183594,3.5310746529732726,16.948511123657227,25.999019622802734,0.8,3.2399999999999993,
chronos_2,electricity,IND|Lakshadweep,India,False,False,holdout,last12,1,2024-12-01,5.44,5.373433589935303,0.41248456736726824,4.676252365112305,5.733492851257324,0.8,1.1493220338983052,
chronos_2,electricity,IND|Lakshadweep,India,False,False,holdout,last12,2,2025-01-01,5.52,5.368869781494141,0.4631349889621807,4.616178512573242,5.80324125289917,0.8,1.1493220338983052,
chronos_2,electricity,IND|Lakshadweep,India,False,False,holdout,last12,3,2025-02-01,5.19,5.374405384063721,0.5317467324085144,4.518856525421143,5.881778240203857,0.8,1.1493220338983052,
chronos_2,electricity,IND|Lakshadweep,India,False,False,holdout,last12,4,2025-03-01,6.55,5.387135982513428,0.6574771016024985,4.3257365226745605,6.010918140411377,0.8,1.1493220338983052,
chronos_2,electricity,IND|Lakshadweep,India,False,False,holdout,last12,5,2025-04-01,6.25,5.382659435272217,0.7405098446203814,4.130436897277832,6.028439998626709,0.8,1.1493220338983052,
chronos_2,electricity,IND|Lakshadweep,India,False,False,holdout,last12,6,2025-05-01,6.01,5.345935821533203,0.8226347172900889,3.939692974090576,6.048190593719482,0.8,1.1493220338983052,
chronos_2,electricity,IND|Lakshadweep,India,False,False,holdout,last12,7,2025-06-01,5.34,5.345361232757568,0.949596106585277,3.6330175399780273,6.066930294036865,0.8,1.1493220338983052,
chronos_2,electricity,IND|Lakshadweep,India,False,False,holdout,last12,8,2025-07-01,5.24,5.329744815826416,1.031655772583461,3.473621129989624,6.117861270904541,0.8,1.1493220338983052,
chronos_2,electricity,IND|Lakshadweep,India,False,False,holdout,last12,9,2025-08-01,5.04,5.319124221801758,1.1023403626321244,3.3208258152008057,6.146237850189209,0.8,1.1493220338983052,
chronos_2,electricity,IND|Lakshadweep,India,False,False,holdout,last12,10,2025-09-01,5.46,5.294638633728027,1.1050439744835299,3.2691268920898438,6.101468563079834,0.8,1.1493220338983052,
chronos_2,electricity,IND|Lakshadweep,India,False,False,holdout,last12,11,2025-10-01,5.4,5.275160312652588,1.2008154593632536,3.0473220348358154,6.125135898590088,0.8,1.1493220338983052,
chronos_2,electricity,IND|Lakshadweep,India,False,False,holdout,last12,12,2025-11-01,5.25,5.258334159851074,1.2378933122724478,2.9689106941223145,6.141758918762207,0.8,1.1493220338983052,
chronos_2,electricity,IND|Lakshadweep,India,False,False,rolling,2022-12-01,1,2023-01-01,4.81,0.010643301531672478,0.0011362143331759501,0.009872110560536385,0.01278434507548809,0.8,0.020833333333333332,
chronos_2,electricity,IND|Lakshadweep,India,False,False,rolling,2022-12-01,2,2023-02-01,4.67,0.010577045381069183,0.0014082891119712277,0.009776290506124496,0.01338588073849678,0.8,0.020833333333333332,
chronos_2,electricity,IND|Lakshadweep,India,False,False,rolling,2022-12-01,3,2023-03-01,5.57,0.010527076199650764,0.001354709878308421,0.009719474241137505,0.013191735371947289,0.8,0.020833333333333332,
chronos_2,electricity,IND|Lakshadweep,India,False,False,rolling,2022-12-01,4,2023-04-01,5.79,0.010492166504263878,0.0015243411158306606,0.009783795103430748,0.01369083859026432,0.8,0.020833333333333332,
chronos_2,electricity,IND|Lakshadweep,India,False,False,rolling,2022-12-01,5,2023-05-01,5.89,0.01040736585855484,0.0019103124621919158,0.00990268588066101,0.01479901373386383,0.8,0.020833333333333332,
chronos_2,electricity,IND|Lakshadweep,India,False,False,rolling,2022-12-01,6,2023-06-01,5.21,0.010534649714827538,0.0021410146369336826,0.009857553988695145,0.015345195308327675,0.8,0.020833333333333332,
chronos_2,electricity,IND|Lakshadweep,India,False,False,rolling,2022-12-01,7,2023-07-01,5.09,0.01053655706346035,0.0021244462646968346,0.009834544733166695,0.015279719606041908,0.8,0.020833333333333332,
chronos_2,electricity,IND|Lakshadweep,India,False,False,rolling,2022-12-01,8,2023-08-01,5.37,0.010459324344992638,0.0021983771481904643,0.009841226041316986,0.015475893393158913,0.8,0.020833333333333332,
chronos_2,electricity,IND|Lakshadweep,India,False,False,rolling,2022-12-01,9,2023-09-01,4.86,0.01044953428208828,0.0024255656565536545,0.009820843115448952,0.016037818044424057,0.8,0.020833333333333332,
chronos_2,electricity,IND|Lakshadweep,India,False,False,rolling,2022-12-01,10,2023-10-01,5.15,0.010598937049508095,0.0026377460494979503,0.009776772931218147,0.016537588089704514,0.8,0.020833333333333332,
chronos_2,electricity,IND|Lakshadweep,India,False,False,rolling,2022-12-01,11,2023-11-01,5.11,0.010530170053243637,0.003053945827437956,0.00979599729180336,0.017623575404286385,0.8,0.020833333333333332,
chronos_2,electricity,IND|Lakshadweep,India,False,False,rolling,2022-12-01,12,2023-12-01,5.42,0.010581376031041145,0.002810006541406475,0.009877150878310204,0.017079487442970276,0.8,0.020833333333333332,
chronos_2,electricity,IND|Lakshadweep,India,False,False,rolling,2023-12-01,1,2024-01-01,5.41,5.256527900695801,0.8748621915369444,3.3455262184143066,5.587888240814209,0.8,1.324375,
chronos_2,electricity,IND|Lakshadweep,India,False,False,rolling,2023-12-01,2,2024-02-01,5.31,5.233603477478027,0.8667680064737452,3.3959569931030273,5.617572784423828,0.8,1.324375,
chronos_2,electricity,IND|Lakshadweep,India,False,False,rolling,2023-12-01,3,2024-03-01,6.3,5.217456817626953,0.8980921380318752,3.2465291023254395,5.548431873321533,0.8,1.324375,
chronos_2,electricity,IND|Lakshadweep,India,False,False,rolling,2023-12-01,4,2024-04-01,6.82,5.228304386138916,1.0646824401029282,2.8557910919189453,5.584681987762451,0.8,1.324375,
chronos_2,electricity,IND|Lakshadweep,India,False,False,rolling,2023-12-01,5,2024-05-01,6.05,5.241268157958984,1.2617766277556555,2.3801302909851074,5.614193916320801,0.8,1.324375,
chronos_2,electricity,IND|Lakshadweep,India,False,False,rolling,2023-12-01,6,2024-06-01,5.3,5.231992244720459,1.4423590164704465,1.9412295818328857,5.638144493103027,0.8,1.324375,
chronos_2,electricity,IND|Lakshadweep,India,False,False,rolling,2023-12-01,7,2024-07-01,5.33,5.216910362243652,1.621638062420539,1.4857290983200073,5.642154693603516,0.8,1.324375,
chronos_2,electricity,IND|Lakshadweep,India,False,False,rolling,2023-12-01,8,2024-08-01,5.18,5.218287944793701,1.6974297952557005,1.2811230421066284,5.631810665130615,0.8,1.324375,
chronos_2,electricity,IND|Lakshadweep,India,False,False,rolling,2023-12-01,9,2024-09-01,5.28,5.250864505767822,1.824364580973063,1.0207189321517944,5.69675350189209,0.8,1.324375,
chronos_2,electricity,IND|Lakshadweep,India,False,False,rolling,2023-12-01,10,2024-10-01,5.15,5.209228038787842,1.9203835907499687,0.783833384513855,5.705974578857422,0.8,1.324375,
chronos_2,electricity,IND|Lakshadweep,India,False,False,rolling,2023-12-01,11,2024-11-01,5.25,5.22183084487915,1.9206529287205774,0.7709264755249023,5.693758010864258,0.8,1.324375,
chronos_2,electricity,IND|Lakshadweep,India,False,False,rolling,2023-12-01,12,2024-12-01,5.44,5.206302642822266,1.9924950767180403,0.575462281703949,5.682432651519775,0.8,1.324375,
chronos_2,electricity,IND|Madhya Pradesh,India,False,False,holdout,last12,1,2024-12-01,13649.15,13943.896484375,737.8072887263728,12887.3955078125,14778.4716796875,0.8,1232.147288135593,
chronos_2,electricity,IND|Madhya Pradesh,India,False,False,holdout,last12,2,2025-01-01,14327.55,13966.419921875,866.7441666913893,12729.669921875,14951.224609375,0.8,1232.147288135593,
chronos_2,electricity,IND|Madhya Pradesh,India,False,False,holdout,last12,3,2025-02-01,13849.33,13973.5576171875,941.177485867441,12641.47265625,15053.8076171875,0.8,1232.147288135593,
chronos_2,electricity,IND|Madhya Pradesh,India,False,False,holdout,last12,4,2025-03-01,14967.38,13994.33203125,981.3696265241936,12639.330078125,15154.681640625,0.8,1232.147288135593,
chronos_2,electricity,IND|Madhya Pradesh,India,False,False,holdout,last12,5,2025-04-01,14376.98,14028.74609375,995.0241870646926,12618.0419921875,15168.3916015625,0.8,1232.147288135593,
chronos_2,electricity,IND|Madhya Pradesh,India,False,False,holdout,last12,6,2025-05-01,13257.44,14087.861328125,1013.4996403592216,12661.734375,15259.4384765625,0.8,1232.147288135593,
chronos_2,electricity,IND|Madhya Pradesh,India,False,False,holdout,last12,7,2025-06-01,13019.33,14103.25390625,1056.632018855447,12619.10546875,15327.3623046875,0.8,1232.147288135593,
chronos_2,electricity,IND|Madhya Pradesh,India,False,False,holdout,last12,8,2025-07-01,13307.54,14135.755859375,1073.0020225839626,12621.8779296875,15372.0927734375,0.8,1232.147288135593,
chronos_2,electricity,IND|Madhya Pradesh,India,False,False,holdout,last12,9,2025-08-01,13867.3,14194.7236328125,1066.3755334684886,12681.7919921875,15415.0224609375,0.8,1232.147288135593,
chronos_2,electricity,IND|Madhya Pradesh,India,False,False,holdout,last12,10,2025-09-01,13661.29,14214.9990234375,1073.7968050296204,12699.4951171875,15451.7470703125,0.8,1232.147288135593,
chronos_2,electricity,IND|Madhya Pradesh,India,False,False,holdout,last12,11,2025-10-01,12318.52,14232.5673828125,1080.825638470413,12713.361328125,15483.62890625,0.8,1232.147288135593,
chronos_2,electricity,IND|Madhya Pradesh,India,False,False,holdout,last12,12,2025-11-01,12716.64,14270.86328125,1097.604844666156,12698.259765625,15511.5341796875,0.8,1232.147288135593,
chronos_2,electricity,IND|Madhya Pradesh,India,False,False,rolling,2022-12-01,1,2023-01-01,13012.39,13054.806640625,860.4072435676218,11804.1220703125,14009.4345703125,0.8,1233.0672222222224,
chronos_2,electricity,IND|Madhya Pradesh,India,False,False,rolling,2022-12-01,2,2023-02-01,11731.69,12917.3818359375,1082.088298597407,11392.9345703125,14166.4384765625,0.8,1233.0672222222224,
chronos_2,electricity,IND|Madhya Pradesh,India,False,False,rolling,2022-12-01,3,2023-03-01,12498.42,12840.5634765625,1197.9493669974538,11166.7529296875,14237.220703125,0.8,1233.0672222222224,
chronos_2,electricity,IND|Madhya Pradesh,India,False,False,rolling,2022-12-01,4,2023-04-01,13066.8,12779.3193359375,1272.7556928917697,11050.4326171875,14312.63671875,0.8,1233.0672222222224,
chronos_2,electricity,IND|Madhya Pradesh,India,False,False,rolling,2022-12-01,5,2023-05-01,13275.13,12743.3828125,1293.1434247552136,10973.2177734375,14287.677734375,0.8,1233.0672222222224,
chronos_2,electricity,IND|Madhya Pradesh,India,False,False,rolling,2022-12-01,6,2023-06-01,13387.48,12714.4326171875,1349.963130469947,10885.7529296875,14345.84765625,0.8,1233.0672222222224,
chronos_2,electricity,IND|Madhya Pradesh,India,False,False,rolling,2022-12-01,7,2023-07-01,13368.3,12724.5751953125,1389.4645038333258,10870.3388671875,14431.6796875,0.8,1233.0672222222224,
chronos_2,electricity,IND|Madhya Pradesh,India,False,False,rolling,2022-12-01,8,2023-08-01,14257.17,12730.365234375,1425.2605755265124,10836.2841796875,14489.3740234375,0.8,1233.0672222222224,
chronos_2,electricity,IND|Madhya Pradesh,India,False,False,rolling,2022-12-01,9,2023-09-01,13300.12,12728.2138671875,1440.0520635923433,10783.140625,14474.142578125,0.8,1233.0672222222224,
chronos_2,electricity,IND|Madhya Pradesh,India,False,False,rolling,2022-12-01,10,2023-10-01,14207.31,12726.9853515625,1473.7320174987692,10790.099609375,14567.4267578125,0.8,1233.0672222222224,
chronos_2,electricity,IND|Madhya Pradesh,India,False,False,rolling,2022-12-01,11,2023-11-01,13801.07,12758.8017578125,1470.4652559028586,10825.8466796875,14594.80078125,0.8,1233.0672222222224,
chronos_2,electricity,IND|Madhya Pradesh,India,False,False,rolling,2022-12-01,12,2023-12-01,14107.14,12783.8828125,1491.5647104932866,10809.2548828125,14632.2890625,0.8,1233.0672222222224,
chronos_2,electricity,IND|Madhya Pradesh,India,False,False,rolling,2023-12-01,1,2024-01-01,14686.28,13944.77734375,779.3116205350166,12820.9990234375,14818.455078125,0.8,1243.3614583333333,
chronos_2,electricity,IND|Madhya Pradesh,India,False,False,rolling,2023-12-01,2,2024-02-01,12848.99,13866.974609375,898.9496200874147,12542.6435546875,14846.744140625,0.8,1243.3614583333333,
chronos_2,electricity,IND|Madhya Pradesh,India,False,False,rolling,2023-12-01,3,2024-03-01,14474.03,13832.5166015625,955.8641967652203,12437.1328125,14887.111328125,0.8,1243.3614583333333,
chronos_2,electricity,IND|Madhya Pradesh,India,False,False,rolling,2023-12-01,4,2024-04-01,14595.83,13825.9521484375,1009.78443248405,12376.6787109375,14964.8603515625,0.8,1243.3614583333333,
chronos_2,electricity,IND|Madhya Pradesh,India,False,False,rolling,2023-12-01,5,2024-05-01,15264.25,13802.8076171875,1044.7262845017021,12305.0458984375,14982.787109375,0.8,1243.3614583333333,
chronos_2,electricity,IND|Madhya Pradesh,India,False,False,rolling,2023-12-01,6,2024-06-01,14410.6,13818.681640625,1074.676171225487,12295.2861328125,15049.7919921875,0.8,1243.3614583333333,
chronos_2,electricity,IND|Madhya Pradesh,India,False,False,rolling,2023-12-01,7,2024-07-01,12434.19,13842.0537109375,1097.8090648918858,12290.15234375,15103.9501953125,0.8,1243.3614583333333,
chronos_2,electricity,IND|Madhya Pradesh,India,False,False,rolling,2023-12-01,8,2024-08-01,12695.95,13871.6875,1120.7708860184473,12282.4306640625,15155.08203125,0.8,1243.3614583333333,
chronos_2,electricity,IND|Madhya Pradesh,India,False,False,rolling,2023-12-01,9,2024-09-01,12810.14,13906.83984375,1116.7085799611116,12302.970703125,15165.2099609375,0.8,1243.3614583333333,
chronos_2,electricity,IND|Madhya Pradesh,India,False,False,rolling,2023-12-01,10,2024-10-01,13556.47,13906.7060546875,1154.611625251847,12264.357421875,15223.74609375,0.8,1243.3614583333333,
chronos_2,electricity,IND|Madhya Pradesh,India,False,False,rolling,2023-12-01,11,2024-11-01,13729.95,13931.734375,1162.904642851169,12276.7158203125,15257.3603515625,0.8,1243.3614583333333,
chronos_2,electricity,IND|Madhya Pradesh,India,False,False,rolling,2023-12-01,12,2024-12-01,13649.15,13963.4814453125,1184.880034566509,12236.2998046875,15273.26953125,0.8,1243.3614583333333,
chronos_2,electricity,IND|Maharashtra,India,True,False,holdout,last12,1,2024-12-01,13876.65,13828.1025390625,837.9853106124394,12691.11328125,14838.9560546875,0.8,1541.1954237288135,
chronos_2,electricity,IND|Maharashtra,India,True,False,holdout,last12,2,2025-01-01,14233.32,14432.2587890625,1009.5668769823862,13024.1318359375,15611.755859375,0.8,1541.1954237288135,
chronos_2,electricity,IND|Maharashtra,India,True,False,holdout,last12,3,2025-02-01,13573.43,14842.1953125,1167.9038472948291,13183.2666015625,16176.724609375,0.8,1541.1954237288135,
chronos_2,electricity,IND|Maharashtra,India,True,False,holdout,last12,4,2025-03-01,15928.98,15272.365234375,1293.5514841987895,13470.423828125,16785.9296875,0.8,1541.1954237288135,
chronos_2,electricity,IND|Maharashtra,India,True,False,holdout,last12,5,2025-04-01,15581.37,15066.052734375,1348.9157397973136,13194.8984375,16652.30859375,0.8,1541.1954237288135,
chronos_2,electricity,IND|Maharashtra,India,True,False,holdout,last12,6,2025-05-01,14882.24,15017.4267578125,1403.3514791829575,13097.4208984375,16694.35546875,0.8,1541.1954237288135,
chronos_2,electricity,IND|Maharashtra,India,True,False,holdout,last12,7,2025-06-01,13979.36,14633.001953125,1407.4987499983863,12736.3505859375,16343.9150390625,0.8,1541.1954237288135,
chronos_2,electricity,IND|Maharashtra,India,True,False,holdout,last12,8,2025-07-01,13977.26,14305.9560546875,1405.2588046493827,12460.2138671875,16062.037109375,0.8,1541.1954237288135,
chronos_2,electricity,IND|Maharashtra,India,True,False,holdout,last12,9,2025-08-01,13748.55,14149.328125,1389.700347713413,12325.701171875,15887.646484375,0.8,1541.1954237288135,
chronos_2,electricity,IND|Maharashtra,India,True,False,holdout,last12,10,2025-09-01,13191.61,14032.2392578125,1425.0666425136458,12183.728515625,15836.3212890625,0.8,1541.1954237288135,
chronos_2,electricity,IND|Maharashtra,India,True,False,holdout,last12,11,2025-10-01,13462.57,14189.1845703125,1433.3257504113074,12294.03125,15967.79296875,0.8,1541.1954237288135,
chronos_2,electricity,IND|Maharashtra,India,True,False,holdout,last12,12,2025-11-01,13245.31,14320.833984375,1444.3265910409693,12369.8046875,16071.7626953125,0.8,1541.1954237288135,
chronos_2,electricity,IND|Maharashtra,India,True,False,rolling,2022-12-01,1,2023-01-01,13970.4,13951.21875,1383.8956926033484,12109.546875,15656.6142578125,0.8,1861.666111111111,
chronos_2,electricity,IND|Maharashtra,India,True,False,rolling,2022-12-01,2,2023-02-01,13981.77,13917.2177734375,1775.188503243708,11608.3896484375,16158.380859375,0.8,1861.666111111111,
chronos_2,electricity,IND|Maharashtra,India,True,False,rolling,2022-12-01,3,2023-03-01,14814.99,13857.140625,2038.5659180555847,11227.62890625,16452.68359375,0.8,1861.666111111111,
chronos_2,electricity,IND|Maharashtra,India,True,False,rolling,2022-12-01,4,2023-04-01,14100.62,13660.3408203125,2226.196679515867,10866.1923828125,16572.1640625,0.8,1861.666111111111,
chronos_2,electricity,IND|Maharashtra,India,True,False,rolling,2022-12-01,5,2023-05-01,14736.3,13401.0908203125,2290.306209071812,10564.419921875,16434.7109375,0.8,1861.666111111111,
chronos_2,electricity,IND|Maharashtra,India,True,False,rolling,2022-12-01,6,2023-06-01,14491.43,13134.9462890625,2324.927633459168,10268.9169921875,16227.9462890625,0.8,1861.666111111111,
chronos_2,electricity,IND|Maharashtra,India,True,False,rolling,2022-12-01,7,2023-07-01,13419.03,12930.7880859375,2328.61693279824,10100.033203125,16068.5185546875,0.8,1861.666111111111,
chronos_2,electricity,IND|Maharashtra,India,True,False,rolling,2022-12-01,8,2023-08-01,14274.25,12807.0244140625,2310.2702601684437,9996.294921875,15917.755859375,0.8,1861.666111111111,
chronos_2,electricity,IND|Maharashtra,India,True,False,rolling,2022-12-01,9,2023-09-01,13316.72,12734.751953125,2313.5225434647687,9952.912109375,15882.708984375,0.8,1861.666111111111,
chronos_2,electricity,IND|Maharashtra,India,True,False,rolling,2022-12-01,10,2023-10-01,13996.35,12748.4033203125,2349.7563932164694,9894.595703125,15917.263671875,0.8,1861.666111111111,
chronos_2,electricity,IND|Maharashtra,India,True,False,rolling,2022-12-01,11,2023-11-01,13070.78,12770.421875,2405.9059060635554,9907.482421875,16074.0673828125,0.8,1861.666111111111,
chronos_2,electricity,IND|Maharashtra,India,True,False,rolling,2022-12-01,12,2023-12-01,13141.78,12911.7060546875,2485.3403347226863,9918.447265625,16288.630859375,0.8,1861.666111111111,
chronos_2,electricity,IND|Maharashtra,India,True,False,rolling,2023-12-01,1,2024-01-01,14770.05,13560.095703125,906.9953635701346,12237.08984375,14561.8125,0.8,1743.6368750000001,
chronos_2,electricity,IND|Maharashtra,India,True,False,rolling,2023-12-01,2,2024-02-01,14418.59,13734.439453125,1239.8133702484279,11962.623046875,15140.392578125,0.8,1743.6368750000001,
chronos_2,electricity,IND|Maharashtra,India,True,False,rolling,2023-12-01,3,2024-03-01,15302.0,14117.0341796875,1486.3791931944363,11999.908203125,15809.6513671875,0.8,1743.6368750000001,
chronos_2,electricity,IND|Maharashtra,India,True,False,rolling,2023-12-01,4,2024-04-01,15616.8,14043.5234375,1662.5031355553376,11667.68359375,15928.8505859375,0.8,1743.6368750000001,
chronos_2,electricity,IND|Maharashtra,India,True,False,rolling,2023-12-01,5,2024-05-01,16239.62,13907.4052734375,1727.368584752791,11479.3017578125,15906.7255859375,0.8,1743.6368750000001,
chronos_2,electricity,IND|Maharashtra,India,True,False,rolling,2023-12-01,6,2024-06-01,14130.5,13565.365234375,1798.1194627316797,11108.693359375,15717.458984375,0.8,1743.6368750000001,
chronos_2,electricity,IND|Maharashtra,India,True,False,rolling,2023-12-01,7,2024-07-01,13749.03,13194.5185546875,1875.281560371682,10669.6591796875,15476.19921875,0.8,1743.6368750000001,
chronos_2,electricity,IND|Maharashtra,India,True,False,rolling,2023-12-01,8,2024-08-01,13384.01,13003.677734375,1891.8664525466745,10400.501953125,15249.55078125,0.8,1743.6368750000001,
chronos_2,electricity,IND|Maharashtra,India,True,False,rolling,2023-12-01,9,2024-09-01,13048.59,12839.2353515625,1883.4938042996332,10356.91796875,15184.5068359375,0.8,1743.6368750000001,
chronos_2,electricity,IND|Maharashtra,India,True,False,rolling,2023-12-01,10,2024-10-01,13371.51,12936.83203125,1886.1924831407614,10389.1953125,15223.701171875,0.8,1743.6368750000001,
chronos_2,electricity,IND|Maharashtra,India,True,False,rolling,2023-12-01,11,2024-11-01,13089.62,13080.2626953125,1899.5902443675627,10562.775390625,15431.62109375,0.8,1743.6368750000001,
chronos_2,electricity,IND|Maharashtra,India,True,False,rolling,2023-12-01,12,2024-12-01,13876.65,13331.4677734375,1921.9161633360213,10721.1357421875,15647.205078125,0.8,1743.6368750000001,
chronos_2,electricity,IND|Manipur,India,False,False,holdout,last12,1,2024-12-01,79.72,69.04928588867188,19.106549693034953,32.850467681884766,81.82252502441406,0.8,25.13983050847458,
chronos_2,electricity,IND|Manipur,India,False,False,holdout,last12,2,2025-01-01,68.79,44.1968879699707,24.67672347269073,13.034292221069336,76.28327941894531,0.8,25.13983050847458,
chronos_2,electricity,IND|Manipur,India,False,False,holdout,last12,3,2025-02-01,39.25,25.46420669555664,22.429507719341423,8.161958694458008,65.6511001586914,0.8,25.13983050847458,
chronos_2,electricity,IND|Manipur,India,False,False,holdout,last12,4,2025-03-01,19.71,19.818052291870117,21.560416085685564,6.144184112548828,61.40575408935547,0.8,25.13983050847458,
chronos_2,electricity,IND|Manipur,India,False,False,holdout,last12,5,2025-04-01,9.31,20.090410232543945,22.60146506069004,5.350990295410156,63.28087615966797,0.8,25.13983050847458,
chronos_2,electricity,IND|Manipur,India,False,False,holdout,last12,6,2025-05-01,21.5,20.503421783447266,23.679263436739014,7.114513397216797,67.8069076538086,0.8,25.13983050847458,
chronos_2,electricity,IND|Manipur,India,False,False,holdout,last12,7,2025-06-01,75.18,25.001346588134766,24.49451240549989,8.348798751831055,71.1307601928711,0.8,25.13983050847458,
chronos_2,electricity,IND|Manipur,India,False,False,holdout,last12,8,2025-07-01,77.47,32.640419006347656,25.77514464460772,11.831703186035156,77.89605712890625,0.8,25.13983050847458,
chronos_2,electricity,IND|Manipur,India,False,False,holdout,last12,9,2025-08-01,72.49,44.17749786376953,25.584029006444535,14.68417739868164,80.25868225097656,0.8,25.13983050847458,
chronos_2,electricity,IND|Manipur,India,False,False,holdout,last12,10,2025-09-01,73.91,50.23554229736328,24.960586252636276,16.581579208374023,80.55813598632812,0.8,25.13983050847458,
chronos_2,electricity,IND|Manipur,India,False,False,holdout,last12,11,2025-10-01,77.63,48.90460205078125,25.171799312515176,15.49300765991211,80.01092529296875,0.8,25.13983050847458,
chronos_2,electricity,IND|Manipur,India,False,False,holdout,last12,12,2025-11-01,75.16,41.07939147949219,25.092656831147025,14.593387603759766,78.90845489501953,0.8,25.13983050847458,
chronos_2,electricity,IND|Manipur,India,False,False,rolling,2022-12-01,1,2023-01-01,14.69,22.93149185180664,14.130772769294012,12.741825103759766,48.960453033447266,0.8,24.038333333333338,
chronos_2,electricity,IND|Manipur,India,False,False,rolling,2022-12-01,2,2023-02-01,9.48,25.27786636352539,19.127259555157675,11.304397583007812,60.32953643798828,0.8,24.038333333333338,
chronos_2,electricity,IND|Manipur,India,False,False,rolling,2022-12-01,3,2023-03-01,9.87,28.006023406982422,21.692287230382124,10.679132461547852,66.27870178222656,0.8,24.038333333333338,
chronos_2,electricity,IND|Manipur,India,False,False,rolling,2022-12-01,4,2023-04-01,8.34,32.168704986572266,24.043506973675147,11.858081817626953,73.48406982421875,0.8,24.038333333333338,
chronos_2,electricity,IND|Manipur,India,False,False,rolling,2022-12-01,5,2023-05-01,6.95,36.87430191040039,25.882536032768563,13.454183578491211,79.79379272460938,0.8,24.038333333333338,
chronos_2,electricity,IND|Manipur,India,False,False,rolling,2022-12-01,6,2023-06-01,3.93,41.98824691772461,26.37048136957972,14.739082336425781,82.329345703125,0.8,24.038333333333338,
chronos_2,electricity,IND|Manipur,India,False,False,rolling,2022-12-01,7,2023-07-01,13.78,44.34714889526367,26.22081968683904,14.748741149902344,81.95540618896484,0.8,24.038333333333338,
chronos_2,electricity,IND|Manipur,India,False,False,rolling,2022-12-01,8,2023-08-01,34.92,43.92618942260742,27.04856973263188,13.637088775634766,82.96536254882812,0.8,24.038333333333338,
chronos_2,electricity,IND|Manipur,India,False,False,rolling,2022-12-01,9,2023-09-01,70.36,39.30404281616211,26.911763345190156,13.558736801147461,82.53636169433594,0.8,24.038333333333338,
chronos_2,electricity,IND|Manipur,India,False,False,rolling,2022-12-01,10,2023-10-01,51.07,34.84735107421875,26.731819721401692,11.641517639160156,80.15792846679688,0.8,24.038333333333338,
chronos_2,electricity,IND|Manipur,India,False,False,rolling,2022-12-01,11,2023-11-01,32.62,31.558507919311523,25.440740275885634,10.562503814697266,75.76974487304688,0.8,24.038333333333338,
chronos_2,electricity,IND|Manipur,India,False,False,rolling,2022-12-01,12,2023-12-01,33.77,30.928102493286133,25.023091637796103,10.82806396484375,74.96482849121094,0.8,24.038333333333338,
chronos_2,electricity,IND|Manipur,India,False,False,rolling,2023-12-01,1,2024-01-01,25.76,31.672130584716797,13.710227131806572,17.80854606628418,52.94927215576172,0.8,24.590208333333333,
chronos_2,electricity,IND|Manipur,India,False,False,rolling,2023-12-01,2,2024-02-01,11.61,28.84712791442871,17.8746559526597,13.213703155517578,59.028289794921875,0.8,24.590208333333333,
chronos_2,electricity,IND|Manipur,India,False,False,rolling,2023-12-01,3,2024-03-01,14.02,28.253768920898438,21.299093047523524,10.111650466918945,64.70342254638672,0.8,24.590208333333333,
chronos_2,electricity,IND|Manipur,India,False,False,rolling,2023-12-01,4,2024-04-01,18.11,30.022066116333008,23.949652527730414,8.798225402832031,70.18365478515625,0.8,24.590208333333333,
chronos_2,electricity,IND|Manipur,India,False,False,rolling,2023-12-01,5,2024-05-01,26.62,38.24265670776367,27.003141239890027,10.835771560668945,80.047607421875,0.8,24.590208333333333,
chronos_2,electricity,IND|Manipur,India,False,False,rolling,2023-12-01,6,2024-06-01,76.37,50.36185073852539,27.05956612618515,13.234895706176758,82.59135437011719,0.8,24.590208333333333,
chronos_2,electricity,IND|Manipur,India,False,False,rolling,2023-12-01,7,2024-07-01,78.87,59.78846740722656,26.114391980728104,15.15506362915039,82.08894348144531,0.8,24.590208333333333,
chronos_2,electricity,IND|Manipur,India,False,False,rolling,2023-12-01,8,2024-08-01,78.36,62.283329010009766,25.672752496610027,16.312986373901367,82.11489868164062,0.8,24.590208333333333,
chronos_2,electricity,IND|Manipur,India,False,False,rolling,2023-12-01,9,2024-09-01,74.18,57.25804138183594,27.246208642493514,14.344242095947266,84.17908477783203,0.8,24.590208333333333,
chronos_2,electricity,IND|Manipur,India,False,False,rolling,2023-12-01,10,2024-10-01,78.74,50.423919677734375,26.811875282210178,13.717378616333008,82.43898010253906,0.8,24.590208333333333,
chronos_2,electricity,IND|Manipur,India,False,False,rolling,2023-12-01,11,2024-11-01,76.29,41.45293426513672,27.10199567015393,10.940322875976562,80.40553283691406,0.8,24.590208333333333,
chronos_2,electricity,IND|Manipur,India,False,False,rolling,2023-12-01,12,2024-12-01,79.72,32.70924377441406,27.25363606376002,8.372407913208008,78.22628784179688,0.8,24.590208333333333,
chronos_2,electricity,IND|Meghalaya,India,False,False,holdout,last12,1,2024-12-01,30.51,36.645606994628906,3.2533146965731206,33.44365310668945,41.78223419189453,0.8,21.117796610169496,
chronos_2,electricity,IND|Meghalaya,India,False,False,holdout,last12,2,2025-01-01,42.39,36.378089904785156,2.8083823220528497,33.96916580200195,41.16733932495117,0.8,21.117796610169496,
chronos_2,electricity,IND|Meghalaya,India,False,False,holdout,last12,3,2025-02-01,32.34,36.391178131103516,2.728320063840154,33.82884216308594,40.821807861328125,0.8,21.117796610169496,
chronos_2,electricity,IND|Meghalaya,India,False,False,holdout,last12,4,2025-03-01,34.63,35.74241638183594,3.476545132068974,33.162376403808594,42.0731201171875,0.8,21.117796610169496,
chronos_2,electricity,IND|Meghalaya,India,False,False,holdout,last12,5,2025-04-01,66.69,35.7216682434082,6.745048053073454,32.5724983215332,49.86075210571289,0.8,21.117796610169496,
chronos_2,electricity,IND|Meghalaya,India,False,False,holdout,last12,6,2025-05-01,122.37,43.599369049072266,17.1454425825089,33.5873908996582,77.53292846679688,0.8,21.117796610169496,
chronos_2,electricity,IND|Meghalaya,India,False,False,holdout,last12,7,2025-06-01,161.57,82.65711975097656,27.20557772363255,49.37131118774414,119.10201263427734,0.8,21.117796610169496,
chronos_2,electricity,IND|Meghalaya,India,False,False,holdout,last12,8,2025-07-01,139.35,118.5645751953125,30.429733410596736,76.12860870361328,154.12315368652344,0.8,21.117796610169496,
chronos_2,electricity,IND|Meghalaya,India,False,False,holdout,last12,9,2025-08-01,144.92,121.77794647216797,29.464610674628595,79.67510223388672,155.19593811035156,0.8,21.117796610169496,
chronos_2,electricity,IND|Meghalaya,India,False,False,holdout,last12,10,2025-09-01,116.9,105.15592956542969,28.59029878647073,66.8971939086914,140.1770782470703,0.8,21.117796610169496,
chronos_2,electricity,IND|Meghalaya,India,False,False,holdout,last12,11,2025-10-01,102.28,82.87744140625,28.635540496050787,47.362770080566406,120.75861358642578,0.8,21.117796610169496,
chronos_2,electricity,IND|Meghalaya,India,False,False,holdout,last12,12,2025-11-01,44.42,45.584320068359375,21.265664814810094,33.64467239379883,88.15076446533203,0.8,21.117796610169496,
chronos_2,electricity,IND|Meghalaya,India,False,False,rolling,2022-12-01,1,2023-01-01,33.96,36.55179977416992,6.797256551341721,30.759300231933594,48.18136978149414,0.8,20.31138888888889,
chronos_2,electricity,IND|Meghalaya,India,False,False,rolling,2022-12-01,2,2023-02-01,26.22,34.42035675048828,7.739258359672312,27.869983673095703,47.70650100708008,0.8,20.31138888888889,
chronos_2,electricity,IND|Meghalaya,India,False,False,rolling,2022-12-01,3,2023-03-01,43.55,35.10799789428711,9.545220845879525,26.909595489501953,51.37498092651367,0.8,20.31138888888889,
chronos_2,electricity,IND|Meghalaya,India,False,False,rolling,2022-12-01,4,2023-04-01,45.15,41.797481536865234,18.234098194934823,29.580150604248047,76.31602478027344,0.8,20.31138888888889,
chronos_2,electricity,IND|Meghalaya,India,False,False,rolling,2022-12-01,5,2023-05-01,48.18,69.58268737792969,25.86835167481236,41.69750213623047,108.0007553100586,0.8,20.31138888888889,
chronos_2,electricity,IND|Meghalaya,India,False,False,rolling,2022-12-01,6,2023-06-01,83.62,109.72644805908203,33.78721060234649,65.92523956298828,152.5253448486328,0.8,20.31138888888889,
chronos_2,electricity,IND|Meghalaya,India,False,False,rolling,2022-12-01,7,2023-07-01,133.42,129.99752807617188,34.73055040320661,81.71495819091797,170.73294067382812,0.8,20.31138888888889,
chronos_2,electricity,IND|Meghalaya,India,False,False,rolling,2022-12-01,8,2023-08-01,138.7,127.31201171875,36.91000777402906,80.57040405273438,175.174560546875,0.8,20.31138888888889,
chronos_2,electricity,IND|Meghalaya,India,False,False,rolling,2022-12-01,9,2023-09-01,130.27,107.68704223632812,32.31474907944933,68.46537780761719,151.29141235351562,0.8,20.31138888888889,
chronos_2,electricity,IND|Meghalaya,India,False,False,rolling,2022-12-01,10,2023-10-01,89.91,87.88214874267578,28.39163145298518,54.882083892822266,127.65276336669922,0.8,20.31138888888889,
chronos_2,electricity,IND|Meghalaya,India,False,False,rolling,2022-12-01,11,2023-11-01,51.24,55.6072883605957,24.937872378343364,35.7866325378418,99.70497131347656,0.8,20.31138888888889,
chronos_2,electricity,IND|Meghalaya,India,False,False,rolling,2022-12-01,12,2023-12-01,47.23,42.51594924926758,22.245639416687155,29.712745666503906,86.7306137084961,0.8,20.31138888888889,
chronos_2,electricity,IND|Meghalaya,India,False,False,rolling,2023-12-01,1,2024-01-01,45.05,37.388221740722656,3.2614989245151143,34.24635314941406,42.60591125488281,0.8,20.083125,
chronos_2,electricity,IND|Meghalaya,India,False,False,rolling,2023-12-01,2,2024-02-01,35.04,35.87075424194336,3.6988379309757287,32.78615951538086,42.26666259765625,0.8,20.083125,
chronos_2,electricity,IND|Meghalaya,India,False,False,rolling,2023-12-01,3,2024-03-01,27.32,37.20927810668945,5.0497832402376925,32.633304595947266,45.576419830322266,0.8,20.083125,
chronos_2,electricity,IND|Meghalaya,India,False,False,rolling,2023-12-01,4,2024-04-01,41.18,50.34928512573242,18.86149613800583,36.10964584350586,84.45360565185547,0.8,20.083125,
chronos_2,electricity,IND|Meghalaya,India,False,False,rolling,2023-12-01,5,2024-05-01,86.99,93.13236236572266,28.295002793386356,54.3604736328125,126.88348388671875,0.8,20.083125,
chronos_2,electricity,IND|Meghalaya,India,False,False,rolling,2023-12-01,6,2024-06-01,158.57,130.13526916503906,31.486217669832236,82.04379272460938,162.7462158203125,0.8,20.083125,
chronos_2,electricity,IND|Meghalaya,India,False,False,rolling,2023-12-01,7,2024-07-01,190.48,149.39613342285156,33.05391628056504,97.31251525878906,182.03311157226562,0.8,20.083125,
chronos_2,electricity,IND|Meghalaya,India,False,False,rolling,2023-12-01,8,2024-08-01,170.33,143.6655731201172,33.85014238890755,91.55704498291016,178.31845092773438,0.8,20.083125,
chronos_2,electricity,IND|Meghalaya,India,False,False,rolling,2023-12-01,9,2024-09-01,105.53,125.15129089355469,30.367527920314217,80.37329864501953,158.20840454101562,0.8,20.083125,
chronos_2,electricity,IND|Meghalaya,India,False,False,rolling,2023-12-01,10,2024-10-01,91.3,97.76082611083984,27.323490733803926,60.572025299072266,130.60494995117188,0.8,20.083125,
chronos_2,electricity,IND|Meghalaya,India,False,False,rolling,2023-12-01,11,2024-11-01,37.97,60.96046447753906,23.908411400930515,37.764793395996094,99.04451751708984,0.8,20.083125,
chronos_2,electricity,IND|Meghalaya,India,False,False,rolling,2023-12-01,12,2024-12-01,30.51,41.053558349609375,15.517800715803785,33.73897933959961,73.51270294189453,0.8,20.083125,
chronos_2,electricity,IND|Mizoram,India,False,False,holdout,last12,1,2024-12-01,17.25,17.12727165222168,6.19044196386951,10.753047943115234,26.619789123535156,0.8,7.905762711864408,
chronos_2,electricity,IND|Mizoram,India,False,False,holdout,last12,2,2025-01-01,16.01,17.361948013305664,7.789672325690886,8.93002986907959,28.895763397216797,0.8,7.905762711864408,
chronos_2,electricity,IND|Mizoram,India,False,False,holdout,last12,3,2025-02-01,12.51,16.068838119506836,8.335277103639479,7.231410026550293,28.595584869384766,0.8,7.905762711864408,
chronos_2,electricity,IND|Mizoram,India,False,False,holdout,last12,4,2025-03-01,10.01,14.267377853393555,8.251091104824805,5.840848922729492,26.989246368408203,0.8,7.905762711864408,
chronos_2,electricity,IND|Mizoram,India,False,False,holdout,last12,5,2025-04-01,9.06,12.28649616241455,7.9227731882156105,4.22169303894043,24.52857780456543,0.8,7.905762711864408,
chronos_2,electricity,IND|Mizoram,India,False,False,holdout,last12,6,2025-05-01,9.82,10.864356994628906,7.461964244942617,3.514078140258789,22.639862060546875,0.8,7.905762711864408,
chronos_2,electricity,IND|Mizoram,India,False,False,holdout,last12,7,2025-06-01,35.74,11.88753604888916,7.586079423488474,3.9460554122924805,23.38995933532715,0.8,7.905762711864408,
chronos_2,electricity,IND|Mizoram,India,False,False,holdout,last12,8,2025-07-01,42.42,14.524455070495605,8.082192616809118,6.001645088195801,26.717138290405273,0.8,7.905762711864408,
chronos_2,electricity,IND|Mizoram,India,False,False,holdout,last12,9,2025-08-01,46.72,18.49073600769043,8.96041839357045,8.82896614074707,31.795442581176758,0.8,7.905762711864408,
chronos_2,electricity,IND|Mizoram,India,False,False,holdout,last12,10,2025-09-01,46.41,22.154312133789062,10.09811984116649,11.428474426269531,37.310997009277344,0.8,7.905762711864408,
chronos_2,electricity,IND|Mizoram,India,False,False,holdout,last12,11,2025-10-01,46.29,25.008813858032227,11.25643738722634,12.63089370727539,41.482303619384766,0.8,7.905762711864408,
chronos_2,electricity,IND|Mizoram,India,False,False,holdout,last12,12,2025-11-01,38.63,22.121143341064453,11.10194948059788,10.342638969421387,38.79808044433594,0.8,7.905762711864408,
chronos_2,electricity,IND|Mizoram,India,False,False,rolling,2022-12-01,1,2023-01-01,24.4,16.24717903137207,5.049804076606339,10.838676452636719,23.781845092773438,0.8,5.9880555555555555,
chronos_2,electricity,IND|Mizoram,India,False,False,rolling,2022-12-01,2,2023-02-01,21.44,11.844775199890137,6.147644062669297,5.66600227355957,21.42304801940918,0.8,5.9880555555555555,
chronos_2,electricity,IND|Mizoram,India,False,False,rolling,2022-12-01,3,2023-03-01,16.58,8.65591049194336,6.832648611800097,2.2576904296875,19.77047348022461,0.8,5.9880555555555555,
chronos_2,electricity,IND|Mizoram,India,False,False,rolling,2022-12-01,4,2023-04-01,18.69,6.15449333190918,6.91568749410517,0.40416526794433594,18.129785537719727,0.8,5.9880555555555555,
chronos_2,electricity,IND|Mizoram,India,False,False,rolling,2022-12-01,5,2023-05-01,10.3,5.68824577331543,7.325398219896353,-0.6919307708740234,18.083820343017578,0.8,5.9880555555555555,
chronos_2,electricity,IND|Mizoram,India,False,False,rolling,2022-12-01,6,2023-06-01,12.39,6.781213760375977,8.508431419951243,0.02114105224609375,21.82912826538086,0.8,5.9880555555555555,
chronos_2,electricity,IND|Mizoram,India,False,False,rolling,2022-12-01,7,2023-07-01,14.85,11.096853256225586,10.19982104029674,2.1787290573120117,28.321922302246094,0.8,5.9880555555555555,
chronos_2,electricity,IND|Mizoram,India,False,False,rolling,2022-12-01,8,2023-08-01,17.3,16.896034240722656,10.959218122900278,6.871567726135254,34.96117401123047,0.8,5.9880555555555555,
chronos_2,electricity,IND|Mizoram,India,False,False,rolling,2022-12-01,9,2023-09-01,20.42,21.76610565185547,12.216958262347662,9.944046020507812,41.25736999511719,0.8,5.9880555555555555,
chronos_2,electricity,IND|Mizoram,India,False,False,rolling,2022-12-01,10,2023-10-01,29.4,24.912588119506836,13.580353301875999,11.475151062011719,46.282997131347656,0.8,5.9880555555555555,
chronos_2,electricity,IND|Mizoram,India,False,False,rolling,2022-12-01,11,2023-11-01,15.9,23.81685447692871,13.0520806618613,10.986700057983398,44.440528869628906,0.8,5.9880555555555555,
chronos_2,electricity,IND|Mizoram,India,False,False,rolling,2022-12-01,12,2023-12-01,16.8,21.23943519592285,11.890600452703298,9.64488410949707,40.12171936035156,0.8,5.9880555555555555,
chronos_2,electricity,IND|Mizoram,India,False,False,rolling,2023-12-01,1,2024-01-01,24.6,15.333826065063477,4.7396755656696445,10.437740325927734,22.586017608642578,0.8,6.853124999999999,
chronos_2,electricity,IND|Mizoram,India,False,False,rolling,2023-12-01,2,2024-02-01,20.0,13.28759479522705,5.961433528932339,7.1542558670043945,22.434024810791016,0.8,6.853124999999999,
chronos_2,electricity,IND|Mizoram,India,False,False,rolling,2023-12-01,3,2024-03-01,17.1,11.368188858032227,6.8770066361027276,4.248740196228027,21.87521743774414,0.8,6.853124999999999,
chronos_2,electricity,IND|Mizoram,India,False,False,rolling,2023-12-01,4,2024-04-01,12.38,9.117857933044434,7.393214646593005,1.3536605834960938,20.303232192993164,0.8,6.853124999999999,
chronos_2,electricity,IND|Mizoram,India,False,False,rolling,2023-12-01,5,2024-05-01,15.55,8.482233047485352,7.586943760709299,0.5839595794677734,20.030078887939453,0.8,6.853124999999999,
chronos_2,electricity,IND|Mizoram,India,False,False,rolling,2023-12-01,6,2024-06-01,27.18,10.652534484863281,8.480809092529997,1.793344497680664,23.530532836914062,0.8,6.853124999999999,
chronos_2,electricity,IND|Mizoram,India,False,False,rolling,2023-12-01,7,2024-07-01,48.84,15.500885963439941,10.12982907346657,5.07982063293457,31.043617248535156,0.8,6.853124999999999,
chronos_2,electricity,IND|Mizoram,India,False,False,rolling,2023-12-01,8,2024-08-01,46.45,20.769245147705078,11.661620667773017,9.338930130004883,39.22886657714844,0.8,6.853124999999999,
chronos_2,electricity,IND|Mizoram,India,False,False,rolling,2023-12-01,9,2024-09-01,44.85,25.35724639892578,12.368309179260768,12.582706451416016,44.283958435058594,0.8,6.853124999999999,
chronos_2,electricity,IND|Mizoram,India,False,False,rolling,2023-12-01,10,2024-10-01,48.82,27.935253143310547,13.172713562297087,13.600860595703125,47.36388397216797,0.8,6.853124999999999,
chronos_2,electricity,IND|Mizoram,India,False,False,rolling,2023-12-01,11,2024-11-01,17.89,24.157075881958008,12.2357578759591,11.605279922485352,42.96678924560547,0.8,6.853124999999999,
chronos_2,electricity,IND|Mizoram,India,False,False,rolling,2023-12-01,12,2024-12-01,17.25,20.826845169067383,11.160188991355316,9.356782913208008,37.96149826049805,0.8,6.853124999999999,
chronos_2,electricity,IND|Nagaland,India,False,False,holdout,last12,1,2024-12-01,20.19,14.26707649230957,5.373445716766408,8.96397590637207,22.736671447753906,0.8,8.523559322033899,
chronos_2,electricity,IND|Nagaland,India,False,False,holdout,last12,2,2025-01-01,7.54,7.870244026184082,3.946948478947725,5.594646453857422,15.711082458496094,0.8,8.523559322033899,
chronos_2,electricity,IND|Nagaland,India,False,False,holdout,last12,3,2025-02-01,5.83,6.672307014465332,3.061396858217039,4.910388946533203,12.757064819335938,0.8,8.523559322033899,
chronos_2,electricity,IND|Nagaland,India,False,False,holdout,last12,4,2025-03-01,4.15,6.27053165435791,3.020278145082939,4.633823394775391,12.375107765197754,0.8,8.523559322033899,
chronos_2,electricity,IND|Nagaland,India,False,False,holdout,last12,5,2025-04-01,3.44,5.618928909301758,2.415587750978651,4.352325439453125,10.543725967407227,0.8,8.523559322033899,
chronos_2,electricity,IND|Nagaland,India,False,False,holdout,last12,6,2025-05-01,7.66,5.917533874511719,3.116863643632425,3.9413280487060547,11.930171012878418,0.8,8.523559322033899,
chronos_2,electricity,IND|Nagaland,India,False,False,holdout,last12,7,2025-06-01,26.92,13.390151977539062,8.523276588455957,6.553735733032227,28.39977264404297,0.8,8.523559322033899,
chronos_2,electricity,IND|Nagaland,India,False,False,holdout,last12,8,2025-07-01,47.02,35.14423370361328,15.14062821212241,17.001304626464844,55.80829620361328,0.8,8.523559322033899,
chronos_2,electricity,IND|Nagaland,India,False,False,holdout,last12,9,2025-08-01,64.12,45.66334533691406,17.150868968229304,24.08346176147461,68.04290771484375,0.8,8.523559322033899,
chronos_2,electricity,IND|Nagaland,India,False,False,holdout,last12,10,2025-09-01,68.81,39.63745880126953,17.127272524893,19.18257713317871,63.08154296875,0.8,8.523559322033899,
chronos_2,electricity,IND|Nagaland,India,False,False,holdout,last12,11,2025-10-01,46.73,28.867271423339844,15.027285808244882,11.56942367553711,50.085906982421875,0.8,8.523559322033899,
chronos_2,electricity,IND|Nagaland,India,False,False,holdout,last12,12,2025-11-01,17.67,17.250091552734375,11.6578727259627,6.786322593688965,36.66665267944336,0.8,8.523559322033899,
chronos_2,electricity,IND|Nagaland,India,False,False,rolling,2022-12-01,1,2023-01-01,8.47,15.059133529663086,5.646289778477998,9.193342208862305,23.66536521911621,0.8,9.041666666666666,
chronos_2,electricity,IND|Nagaland,India,False,False,rolling,2022-12-01,2,2023-02-01,7.48,12.35636043548584,7.480072165530588,6.290966987609863,25.463163375854492,0.8,9.041666666666666,
chronos_2,electricity,IND|Nagaland,India,False,False,rolling,2022-12-01,3,2023-03-01,6.84,11.34544563293457,9.266597668492583,4.151588439941406,27.902833938598633,0.8,9.041666666666666,
chronos_2,electricity,IND|Nagaland,India,False,False,rolling,2022-12-01,4,2023-04-01,4.65,7.259594917297363,8.342159430619068,3.1746139526367188,24.556428909301758,0.8,9.041666666666666,
chronos_2,electricity,IND|Nagaland,India,False,False,rolling,2022-12-01,5,2023-05-01,5.55,6.952628135681152,8.278692595877406,2.2176437377929688,23.436786651611328,0.8,9.041666666666666,
chronos_2,electricity,IND|Nagaland,India,False,False,rolling,2022-12-01,6,2023-06-01,14.07,10.905497550964355,10.737340190976399,3.526479721069336,31.04738998413086,0.8,9.041666666666666,
chronos_2,electricity,IND|Nagaland,India,False,False,rolling,2022-12-01,7,2023-07-01,41.4,26.539813995361328,14.736970451423078,8.504640579223633,46.277015686035156,0.8,9.041666666666666,
chronos_2,electricity,IND|Nagaland,India,False,False,rolling,2022-12-01,8,2023-08-01,65.89,34.13883972167969,15.360341022097096,13.902559280395508,53.27269744873047,0.8,9.041666666666666,
chronos_2,electricity,IND|Nagaland,India,False,False,rolling,2022-12-01,9,2023-09-01,46.95,28.538833618164062,15.615414637977189,9.99979019165039,50.02370834350586,0.8,9.041666666666666,
chronos_2,electricity,IND|Nagaland,India,False,False,rolling,2022-12-01,10,2023-10-01,26.67,23.25040054321289,15.046354062180656,7.126338958740234,45.69169616699219,0.8,9.041666666666666,
chronos_2,electricity,IND|Nagaland,India,False,False,rolling,2022-12-01,11,2023-11-01,11.92,16.713502883911133,13.142233303669146,5.723273277282715,39.408172607421875,0.8,9.041666666666666,
chronos_2,electricity,IND|Nagaland,India,False,False,rolling,2022-12-01,12,2023-12-01,11.36,11.79122543334961,10.524942434708732,4.663780212402344,31.64029312133789,0.8,9.041666666666666,
chronos_2,electricity,IND|Nagaland,India,False,False,rolling,2023-12-01,1,2024-01-01,7.53,7.606304168701172,3.286009191447779,5.974349021911621,14.396729469299316,0.8,9.028541666666667,
chronos_2,electricity,IND|Nagaland,India,False,False,rolling,2023-12-01,2,2024-02-01,5.86,7.096930503845215,3.8531982148462287,5.392157554626465,15.268301963806152,0.8,9.028541666666667,
chronos_2,electricity,IND|Nagaland,India,False,False,rolling,2023-12-01,3,2024-03-01,4.76,6.818872451782227,3.5315914693313117,5.032618522644043,14.084451675415039,0.8,9.028541666666667,
chronos_2,electricity,IND|Nagaland,India,False,False,rolling,2023-12-01,4,2024-04-01,7.86,7.067673683166504,5.2565388055382565,4.442716598510742,17.915767669677734,0.8,9.028541666666667,
chronos_2,electricity,IND|Nagaland,India,False,False,rolling,2023-12-01,5,2024-05-01,5.97,16.593231201171875,9.44369415133669,7.052516937255859,31.257678985595703,0.8,9.028541666666667,
chronos_2,electricity,IND|Nagaland,India,False,False,rolling,2023-12-01,6,2024-06-01,23.54,33.10456085205078,14.751750134197758,14.86669921875,52.67695617675781,0.8,9.028541666666667,
chronos_2,electricity,IND|Nagaland,India,False,False,rolling,2023-12-01,7,2024-07-01,63.94,43.89680862426758,16.07131289565378,21.50790786743164,62.700340270996094,0.8,9.028541666666667,
chronos_2,electricity,IND|Nagaland,India,False,False,rolling,2023-12-01,8,2024-08-01,69.52,43.02440643310547,16.474411051023747,21.5626163482666,63.788230895996094,0.8,9.028541666666667,
chronos_2,electricity,IND|Nagaland,India,False,False,rolling,2023-12-01,9,2024-09-01,60.72,40.04688262939453,14.562190526278863,22.20998191833496,59.53437805175781,0.8,9.028541666666667,
chronos_2,electricity,IND|Nagaland,India,False,False,rolling,2023-12-01,10,2024-10-01,23.65,34.66839599609375,13.094525833106568,18.224260330200195,51.78688049316406,0.8,9.028541666666667,
chronos_2,electricity,IND|Nagaland,India,False,False,rolling,2023-12-01,11,2024-11-01,20.74,23.390745162963867,10.53559949311547,11.738039016723633,38.74186706542969,0.8,9.028541666666667,
chronos_2,electricity,IND|Nagaland,India,False,False,rolling,2023-12-01,12,2024-12-01,20.19,15.39596176147461,9.29188520639137,7.042563438415527,30.858623504638672,0.8,9.028541666666667,
chronos_2,electricity,IND|Odisha,India,True,False,holdout,last12,1,2024-12-01,6635.86,6514.21875,391.84260501671844,5969.28271484375,6973.61572265625,0.8,564.7605084745763,
chronos_2,electricity,IND|Odisha,India,True,False,holdout,last12,2,2025-01-01,6284.04,6400.5537109375,432.33536089380846,5811.818359375,6919.9384765625,0.8,564.7605084745763,
chronos_2,electricity,IND|Odisha,India,True,False,holdout,last12,3,2025-02-01,5776.28,6331.71484375,464.79018394979687,5710.22998046875,6901.53515625,0.8,564.7605084745763,
chronos_2,electricity,IND|Odisha,India,True,False,holdout,last12,4,2025-03-01,6961.29,6646.86279296875,474.195935073828,5990.2060546875,7205.619140625,0.8,564.7605084745763,
chronos_2,electricity,IND|Odisha,India,True,False,holdout,last12,5,2025-04-01,6907.28,6643.2705078125,473.47049606302636,5984.01904296875,7197.57275390625,0.8,564.7605084745763,
chronos_2,electricity,IND|Odisha,India,True,False,holdout,last12,6,2025-05-01,6709.94,6650.37109375,488.49725649711894,5989.7265625,7241.79541015625,0.8,564.7605084745763,
chronos_2,electricity,IND|Odisha,India,True,False,holdout,last12,7,2025-06-01,6099.69,6418.474609375,497.53247745413086,5747.48681640625,7022.7138671875,0.8,564.7605084745763,
chronos_2,electricity,IND|Odisha,India,True,False,holdout,last12,8,2025-07-01,6031.1,6415.5537109375,514.7959446702146,5723.91064453125,7043.3857421875,0.8,564.7605084745763,
chronos_2,electricity,IND|Odisha,India,True,False,holdout,last12,9,2025-08-01,6307.43,6527.29541015625,536.6612251071296,5805.580078125,7181.09814453125,0.8,564.7605084745763,
chronos_2,electricity,IND|Odisha,India,True,False,holdout,last12,10,2025-09-01,5672.77,6693.68603515625,544.5924757207601,5935.39794921875,7331.24462890625,0.8,564.7605084745763,
chronos_2,electricity,IND|Odisha,India,True,False,holdout,last12,11,2025-10-01,6679.8,6823.53125,558.2436071903047,6033.98193359375,7464.81787109375,0.8,564.7605084745763,
chronos_2,electricity,IND|Odisha,India,True,False,holdout,last12,12,2025-11-01,6655.16,6737.9033203125,571.4356241598409,5930.087890625,7394.736328125,0.8,564.7605084745763,
chronos_2,electricity,IND|Odisha,India,True,False,rolling,2022-12-01,1,2023-01-01,6116.21,5934.4462890625,433.8357699403089,5296.806640625,6408.7724609375,0.8,686.2930555555556,
chronos_2,electricity,IND|Odisha,India,True,False,rolling,2022-12-01,2,2023-02-01,5885.49,5974.18017578125,488.0440476193098,5271.40234375,6522.3095703125,0.8,686.2930555555556,
chronos_2,electricity,IND|Odisha,India,True,False,rolling,2022-12-01,3,2023-03-01,6557.37,5968.2294921875,549.835144202184,5197.978515625,6607.2626953125,0.8,686.2930555555556,
chronos_2,electricity,IND|Odisha,India,True,False,rolling,2022-12-01,4,2023-04-01,6148.14,6081.146484375,575.8610307304614,5278.87353515625,6754.86474609375,0.8,686.2930555555556,
chronos_2,electricity,IND|Odisha,India,True,False,rolling,2022-12-01,5,2023-05-01,6502.5,6093.7900390625,593.6177126521558,5257.44580078125,6778.94921875,0.8,686.2930555555556,
chronos_2,electricity,IND|Odisha,India,True,False,rolling,2022-12-01,6,2023-06-01,5748.39,6084.9814453125,627.8185043357696,5214.26171875,6823.42529296875,0.8,686.2930555555556,
chronos_2,electricity,IND|Odisha,India,True,False,rolling,2022-12-01,7,2023-07-01,5549.81,6107.3447265625,659.4292044251451,5190.47021484375,6880.6552734375,0.8,686.2930555555556,
chronos_2,electricity,IND|Odisha,India,True,False,rolling,2022-12-01,8,2023-08-01,5140.17,6064.35400390625,698.3996433024147,5095.95947265625,6886.02978515625,0.8,686.2930555555556,
chronos_2,electricity,IND|Odisha,India,True,False,rolling,2022-12-01,9,2023-09-01,6047.91,6086.47021484375,699.3064420659167,5109.96142578125,6902.35595703125,0.8,686.2930555555556,
chronos_2,electricity,IND|Odisha,India,True,False,rolling,2022-12-01,10,2023-10-01,6814.34,6107.623046875,727.5543665726581,5097.5703125,6962.3671875,0.8,686.2930555555556,
chronos_2,electricity,IND|Odisha,India,True,False,rolling,2022-12-01,11,2023-11-01,6424.76,6191.48876953125,747.2014191099473,5145.1787109375,7060.3330078125,0.8,686.2930555555556,
chronos_2,electricity,IND|Odisha,India,True,False,rolling,2022-12-01,12,2023-12-01,6123.91,6225.81103515625,785.4763280952955,5102.6669921875,7115.923828125,0.8,686.2930555555556,
chronos_2,electricity,IND|Odisha,India,True,False,rolling,2023-12-01,1,2024-01-01,6294.02,6213.6240234375,421.1788785436042,5598.28857421875,6677.8134765625,0.8,620.4433333333334,
chronos_2,electricity,IND|Odisha,India,True,False,rolling,2023-12-01,2,2024-02-01,6037.88,6217.443359375,483.6422635374865,5527.46728515625,6767.09228515625,0.8,620.4433333333334,
chronos_2,electricity,IND|Odisha,India,True,False,rolling,2023-12-01,3,2024-03-01,6348.93,6302.17041015625,528.4156429893436,5544.02197265625,6898.40576171875,0.8,620.4433333333334,
chronos_2,electricity,IND|Odisha,India,True,False,rolling,2023-12-01,4,2024-04-01,6149.99,6354.3349609375,555.2231671912868,5569.498046875,6992.59228515625,0.8,620.4433333333334,
chronos_2,electricity,IND|Odisha,India,True,False,rolling,2023-12-01,5,2024-05-01,6230.87,6396.15283203125,576.7655434466606,5568.1806640625,7046.490234375,0.8,620.4433333333334,
chronos_2,electricity,IND|Odisha,India,True,False,rolling,2023-12-01,6,2024-06-01,5583.94,6379.77392578125,606.4203395644234,5521.31005859375,7075.6279296875,0.8,620.4433333333334,
chronos_2,electricity,IND|Odisha,India,True,False,rolling,2023-12-01,7,2024-07-01,5924.32,6386.17431640625,636.6628403429855,5478.52734375,7110.35986328125,0.8,620.4433333333334,
chronos_2,electricity,IND|Odisha,India,True,False,rolling,2023-12-01,8,2024-08-01,6252.31,6357.57421875,667.8974856510263,5412.97509765625,7124.865234375,0.8,620.4433333333334,
chronos_2,electricity,IND|Odisha,India,True,False,rolling,2023-12-01,9,2024-09-01,6388.58,6404.7265625,669.8349107402734,5454.34033203125,7171.1962890625,0.8,620.4433333333334,
chronos_2,electricity,IND|Odisha,India,True,False,rolling,2023-12-01,10,2024-10-01,7212.5,6458.00634765625,692.297611539025,5473.32177734375,7247.751953125,0.8,620.4433333333334,
chronos_2,electricity,IND|Odisha,India,True,False,rolling,2023-12-01,11,2024-11-01,6762.3,6493.34619140625,707.1978773556879,5489.724609375,7302.345703125,0.8,620.4433333333334,
chronos_2,electricity,IND|Odisha,India,True,False,rolling,2023-12-01,12,2024-12-01,6635.86,6487.6884765625,744.4253956684026,5411.9384765625,7319.9775390625,0.8,620.4433333333334,
chronos_2,electricity,IND|Puducherry,India,False,False,holdout,last12,1,2024-12-01,18.69,17.843812942504883,2.4419074332814703,14.024744987487793,20.283605575561523,0.8,2.60271186440678,
chronos_2,electricity,IND|Puducherry,India,False,False,holdout,last12,2,2025-01-01,17.81,16.90010643005371,2.9670393628006977,12.324533462524414,19.92936134338379,0.8,2.60271186440678,
chronos_2,electricity,IND|Puducherry,India,False,False,holdout,last12,3,2025-02-01,16.05,17.451759338378906,3.117511431450529,12.48731803894043,20.477821350097656,0.8,2.60271186440678,
chronos_2,electricity,IND|Puducherry,India,False,False,holdout,last12,4,2025-03-01,16.15,19.342735290527344,2.6236158230787066,14.92725944519043,21.651857376098633,0.8,2.60271186440678,
chronos_2,electricity,IND|Puducherry,India,False,False,holdout,last12,5,2025-04-01,9.27,19.624345779418945,2.492225031095054,15.399996757507324,21.787826538085938,0.8,2.60271186440678,
chronos_2,electricity,IND|Puducherry,India,False,False,holdout,last12,6,2025-05-01,1.02,19.67129898071289,2.6199955040263516,15.172470092773438,21.887788772583008,0.8,2.60271186440678,
chronos_2,electricity,IND|Puducherry,India,False,False,holdout,last12,7,2025-06-01,17.32,19.425579071044922,2.9478974374186366,14.329225540161133,21.884990692138672,0.8,2.60271186440678,
chronos_2,electricity,IND|Puducherry,India,False,False,holdout,last12,8,2025-07-01,18.53,19.994140625,2.663189296230851,15.410186767578125,22.236215591430664,0.8,2.60271186440678,
chronos_2,electricity,IND|Puducherry,India,False,False,holdout,last12,9,2025-08-01,18.93,20.362398147583008,2.5164700064054855,15.973226547241211,22.423198699951172,0.8,2.60271186440678,
chronos_2,electricity,IND|Puducherry,India,False,False,holdout,last12,10,2025-09-01,18.54,20.2380428314209,2.7758649363116876,15.325206756591797,22.440034866333008,0.8,2.60271186440678,
chronos_2,electricity,IND|Puducherry,India,False,False,holdout,last12,11,2025-10-01,19.31,19.954973220825195,3.0340431711201297,14.545879364013672,22.322444915771484,0.8,2.60271186440678,
chronos_2,electricity,IND|Puducherry,India,False,False,holdout,last12,12,2025-11-01,18.67,19.154634475708008,3.466446190679558,13.175531387329102,22.06039047241211,0.8,2.60271186440678,
chronos_2,electricity,IND|Puducherry,India,False,False,rolling,2022-12-01,1,2023-01-01,17.32,21.76044273376465,2.3216142400702267,16.78401756286621,22.734554290771484,0.8,2.4161111111111113,
chronos_2,electricity,IND|Puducherry,India,False,False,rolling,2022-12-01,2,2023-02-01,20.45,21.594560623168945,3.023129378885425,15.088493347167969,22.837085723876953,0.8,2.4161111111111113,
chronos_2,electricity,IND|Puducherry,India,False,False,rolling,2022-12-01,3,2023-03-01,21.54,22.025741577148438,2.109774600819881,17.444406509399414,22.85197639465332,0.8,2.4161111111111113,
chronos_2,electricity,IND|Puducherry,India,False,False,rolling,2022-12-01,4,2023-04-01,21.5,22.072917938232422,1.9092052045393026,17.955320358276367,22.84881019592285,0.8,2.4161111111111113,
chronos_2,electricity,IND|Puducherry,India,False,False,rolling,2022-12-01,5,2023-05-01,21.29,22.042203903198242,1.8753178275596234,18.06509017944336,22.871723175048828,0.8,2.4161111111111113,
chronos_2,electricity,IND|Puducherry,India,False,False,rolling,2022-12-01,6,2023-06-01,22.3,22.0279483795166,1.8185015151963555,18.229482650756836,22.89048957824707,0.8,2.4161111111111113,
chronos_2,electricity,IND|Puducherry,India,False,False,rolling,2022-12-01,7,2023-07-01,22.1,22.029193878173828,1.8303559206442515,18.14691734313965,22.838308334350586,0.8,2.4161111111111113,
chronos_2,electricity,IND|Puducherry,India,False,False,rolling,2022-12-01,8,2023-08-01,22.09,22.0932559967041,1.760588316855046,18.374460220336914,22.88702964782715,0.8,2.4161111111111113,
chronos_2,electricity,IND|Puducherry,India,False,False,rolling,2022-12-01,9,2023-09-01,21.83,21.976654052734375,1.6947007425702556,18.536731719970703,22.88042449951172,0.8,2.4161111111111113,
chronos_2,electricity,IND|Puducherry,India,False,False,rolling,2022-12-01,10,2023-10-01,20.96,21.958158493041992,1.779354443445444,18.257509231567383,22.818178176879883,0.8,2.4161111111111113,
chronos_2,electricity,IND|Puducherry,India,False,False,rolling,2022-12-01,11,2023-11-01,12.72,21.8499813079834,1.8960805247599841,17.973812103271484,22.833662033081055,0.8,2.4161111111111113,
chronos_2,electricity,IND|Puducherry,India,False,False,rolling,2022-12-01,12,2023-12-01,21.99,21.80995750427246,1.940237999014391,17.818782806396484,22.791812896728516,0.8,2.4161111111111113,
chronos_2,electricity,IND|Puducherry,India,False,False,rolling,2023-12-01,1,2024-01-01,16.9,21.943073272705078,1.1483518085985684,19.57787322998047,22.521217346191406,0.8,2.4314583333333335,
chronos_2,electricity,IND|Puducherry,India,False,False,rolling,2023-12-01,2,2024-02-01,15.3,21.538249969482422,1.6122229539065955,18.398427963256836,22.53072166442871,0.8,2.4314583333333335,
chronos_2,electricity,IND|Puducherry,India,False,False,rolling,2023-12-01,3,2024-03-01,17.36,21.384353637695312,1.714116517368815,18.03589630126953,22.429353713989258,0.8,2.4314583333333335,
chronos_2,electricity,IND|Puducherry,India,False,False,rolling,2023-12-01,4,2024-04-01,17.91,21.092458724975586,1.8727705814925708,17.513004302978516,22.313108444213867,0.8,2.4314583333333335,
chronos_2,electricity,IND|Puducherry,India,False,False,rolling,2023-12-01,5,2024-05-01,18.98,21.039058685302734,1.8974386095021318,17.361648559570312,22.224979400634766,0.8,2.4314583333333335,
chronos_2,electricity,IND|Puducherry,India,False,False,rolling,2023-12-01,6,2024-06-01,18.7,20.67607307434082,2.3761623648751025,16.182415008544922,22.272764205932617,0.8,2.4314583333333335,
chronos_2,electricity,IND|Puducherry,India,False,False,rolling,2023-12-01,7,2024-07-01,18.45,20.601266860961914,2.7170702851610224,15.314433097839355,22.278564453125,0.8,2.4314583333333335,
chronos_2,electricity,IND|Puducherry,India,False,False,rolling,2023-12-01,8,2024-08-01,19.23,20.938447952270508,2.3558372314163214,16.257160186767578,22.295413970947266,0.8,2.4314583333333335,
chronos_2,electricity,IND|Puducherry,India,False,False,rolling,2023-12-01,9,2024-09-01,18.26,21.17312240600586,2.184241549894929,16.811939239501953,22.410375595092773,0.8,2.4314583333333335,
chronos_2,electricity,IND|Puducherry,India,False,False,rolling,2023-12-01,10,2024-10-01,18.84,21.64723014831543,1.8612517904110906,17.702470779418945,22.473051071166992,0.8,2.4314583333333335,
chronos_2,electricity,IND|Puducherry,India,False,False,rolling,2023-12-01,11,2024-11-01,18.12,21.474853515625,2.1385124181197463,17.008800506591797,22.490028381347656,0.8,2.4314583333333335,
chronos_2,electricity,IND|Puducherry,India,False,False,rolling,2023-12-01,12,2024-12-01,18.69,21.323345184326172,2.066873261932458,17.08401107788086,22.381620407104492,0.8,2.4314583333333335,
chronos_2,electricity,IND|Punjab,India,False,False,holdout,last12,1,2024-12-01,3071.5,2860.990966796875,465.70050703622434,2253.563720703125,3447.2021484375,0.8,593.6205084745762,
chronos_2,electricity,IND|Punjab,India,False,False,holdout,last12,2,2025-01-01,2985.97,2976.216796875,545.1174093326993,2248.300537109375,3645.49267578125,0.8,593.6205084745762,
chronos_2,electricity,IND|Punjab,India,False,False,holdout,last12,3,2025-02-01,2806.07,2939.53076171875,597.4577006092801,2136.222412109375,3667.568115234375,0.8,593.6205084745762,
chronos_2,electricity,IND|Punjab,India,False,False,holdout,last12,4,2025-03-01,3288.78,3108.47705078125,633.6270647766436,2254.1787109375,3878.230224609375,0.8,593.6205084745762,
chronos_2,electricity,IND|Punjab,India,False,False,holdout,last12,5,2025-04-01,3285.51,3173.0712890625,651.6255914525956,2296.1328125,3966.31640625,0.8,593.6205084745762,
chronos_2,electricity,IND|Punjab,India,False,False,holdout,last12,6,2025-05-01,3309.77,3279.337890625,662.5022235121309,2366.58740234375,4064.64892578125,0.8,593.6205084745762,
chronos_2,electricity,IND|Punjab,India,False,False,holdout,last12,7,2025-06-01,3952.8,3758.404296875,682.5818152495317,2768.895263671875,4518.4228515625,0.8,593.6205084745762,
chronos_2,electricity,IND|Punjab,India,False,False,holdout,last12,8,2025-07-01,4163.04,3880.662109375,719.9334468804024,2828.365234375,4673.62890625,0.8,593.6205084745762,
chronos_2,electricity,IND|Punjab,India,False,False,holdout,last12,9,2025-08-01,3565.35,3823.2724609375,723.2768863129324,2801.879150390625,4655.71240234375,0.8,593.6205084745762,
chronos_2,electricity,IND|Punjab,India,False,False,holdout,last12,10,2025-09-01,3374.66,3584.213134765625,761.594182425356,2510.27587890625,4462.3203125,0.8,593.6205084745762,
chronos_2,electricity,IND|Punjab,India,False,False,holdout,last12,11,2025-10-01,2928.58,3185.65185546875,770.631308421787,2150.69140625,4125.89892578125,0.8,593.6205084745762,
chronos_2,electricity,IND|Punjab,India,False,False,holdout,last12,12,2025-11-01,2743.77,2738.199951171875,823.2768822652822,1632.704833984375,3742.848388671875,0.8,593.6205084745762,
chronos_2,electricity,IND|Punjab,India,False,False,rolling,2022-12-01,1,2023-01-01,3732.05,3537.893798828125,497.0567891111761,2790.2099609375,4064.2177734375,0.8,709.9925000000001,
chronos_2,electricity,IND|Punjab,India,False,False,rolling,2022-12-01,2,2023-02-01,3044.97,3479.45361328125,633.7732765520612,2543.15478515625,4167.5810546875,0.8,709.9925000000001,
chronos_2,electricity,IND|Punjab,India,False,False,rolling,2022-12-01,3,2023-03-01,3510.52,3400.7060546875,729.6134284288161,2346.417236328125,4216.49169921875,0.8,709.9925000000001,
chronos_2,electricity,IND|Punjab,India,False,False,rolling,2022-12-01,4,2023-04-01,3494.57,3332.97314453125,806.4972950616554,2210.587890625,4277.7236328125,0.8,709.9925000000001,
chronos_2,electricity,IND|Punjab,India,False,False,rolling,2022-12-01,5,2023-05-01,3382.18,3334.332763671875,842.1270568135526,2177.9814453125,4336.43994140625,0.8,709.9925000000001,
chronos_2,electricity,IND|Punjab,India,False,False,rolling,2022-12-01,6,2023-06-01,3688.0,3490.748046875,852.9320593909289,2314.78173828125,4500.9345703125,0.8,709.9925000000001,
chronos_2,electricity,IND|Punjab,India,False,False,rolling,2022-12-01,7,2023-07-01,3683.1,3555.736328125,910.6638979795379,2288.06103515625,4622.1865234375,0.8,709.9925000000001,
chronos_2,electricity,IND|Punjab,India,False,False,rolling,2022-12-01,8,2023-08-01,4472.36,3565.18212890625,959.7071375334442,2254.082763671875,4713.9111328125,0.8,709.9925000000001,
chronos_2,electricity,IND|Punjab,India,False,False,rolling,2022-12-01,9,2023-09-01,3695.16,3388.44921875,969.2423360860047,2078.212890625,4562.48095703125,0.8,709.9925000000001,
chronos_2,electricity,IND|Punjab,India,False,False,rolling,2022-12-01,10,2023-10-01,3599.41,3185.376953125,1002.8110833163392,1873.7298583984375,4444.0380859375,0.8,709.9925000000001,
chronos_2,electricity,IND|Punjab,India,False,False,rolling,2022-12-01,11,2023-11-01,2704.24,3075.568603515625,1065.513217375423,1691.283447265625,4422.3037109375,0.8,709.9925000000001,
chronos_2,electricity,IND|Punjab,India,False,False,rolling,2022-12-01,12,2023-12-01,3195.85,3115.89453125,1075.465905316684,1713.226318359375,4469.75634765625,0.8,709.9925000000001,
chronos_2,electricity,IND|Punjab,India,False,False,rolling,2023-12-01,1,2024-01-01,3356.83,3301.655029296875,409.8418937084381,2690.9853515625,3741.452392578125,0.8,648.023125,
chronos_2,electricity,IND|Punjab,India,False,False,rolling,2023-12-01,2,2024-02-01,2898.95,3325.69775390625,542.3899643963423,2545.422119140625,3935.62353515625,0.8,648.023125,
chronos_2,electricity,IND|Punjab,India,False,False,rolling,2023-12-01,3,2024-03-01,3091.03,3368.6787109375,636.1852469606116,2467.69287109375,4098.30126953125,0.8,648.023125,
chronos_2,electricity,IND|Punjab,India,False,False,rolling,2023-12-01,4,2024-04-01,3484.35,3308.75439453125,699.5999133884325,2325.019287109375,4118.166015625,0.8,648.023125,
chronos_2,electricity,IND|Punjab,India,False,False,rolling,2023-12-01,5,2024-05-01,4018.37,3282.3017578125,732.0041576478433,2281.35986328125,4157.56201171875,0.8,648.023125,
chronos_2,electricity,IND|Punjab,India,False,False,rolling,2023-12-01,6,2024-06-01,3976.34,3714.28125,779.7190132147958,2628.104248046875,4626.6044921875,0.8,648.023125,
chronos_2,electricity,IND|Punjab,India,False,False,rolling,2023-12-01,7,2024-07-01,4225.44,3769.381103515625,803.9042506563175,2608.411865234375,4668.9013671875,0.8,648.023125,
chronos_2,electricity,IND|Punjab,India,False,False,rolling,2023-12-01,8,2024-08-01,3463.26,3938.9853515625,861.9269887642264,2677.646240234375,4886.85400390625,0.8,648.023125,
chronos_2,electricity,IND|Punjab,India,False,False,rolling,2023-12-01,9,2024-09-01,3705.62,3588.135009765625,867.6932573299958,2373.2744140625,4597.26171875,0.8,648.023125,
chronos_2,electricity,IND|Punjab,India,False,False,rolling,2023-12-01,10,2024-10-01,3407.12,3229.944091796875,891.4072356452123,2021.7655029296875,4306.5341796875,0.8,648.023125,
chronos_2,electricity,IND|Punjab,India,False,False,rolling,2023-12-01,11,2024-11-01,2415.41,2974.9599609375,921.6272569586287,1712.2767333984375,4074.50244140625,0.8,648.023125,
chronos_2,electricity,IND|Punjab,India,False,False,rolling,2023-12-01,12,2024-12-01,3071.5,3230.0849609375,932.3626779712215,1977.95263671875,4367.6943359375,0.8,648.023125,
chronos_2,electricity,IND|Rajasthan,India,False,False,holdout,last12,1,2024-12-01,10757.79,10365.26171875,728.489740927447,9334.8115234375,11202.005859375,0.8,1087.1737288135591,
chronos_2,electricity,IND|Rajasthan,India,False,False,holdout,last12,2,2025-01-01,11043.02,10454.4267578125,888.5370556303775,9183.154296875,11460.56640625,0.8,1087.1737288135591,
chronos_2,electricity,IND|Rajasthan,India,False,False,holdout,last12,3,2025-02-01,10526.0,10539.685546875,1019.8418975933628,9107.9287109375,11721.888671875,0.8,1087.1737288135591,
chronos_2,electricity,IND|Rajasthan,India,False,False,holdout,last12,4,2025-03-01,12412.28,10687.1728515625,1131.0489546924944,9128.064453125,12027.0595703125,0.8,1087.1737288135591,
chronos_2,electricity,IND|Rajasthan,India,False,False,holdout,last12,5,2025-04-01,12533.83,10869.48046875,1214.2363110072956,9151.8720703125,12264.0849609375,0.8,1087.1737288135591,
chronos_2,electricity,IND|Rajasthan,India,False,False,holdout,last12,6,2025-05-01,12132.14,10980.69140625,1294.572204319555,9205.505859375,12523.6279296875,0.8,1087.1737288135591,
chronos_2,electricity,IND|Rajasthan,India,False,False,holdout,last12,7,2025-06-01,11319.68,10997.541015625,1382.9267895547828,9064.6923828125,12609.2763671875,0.8,1087.1737288135591,
chronos_2,electricity,IND|Rajasthan,India,False,False,holdout,last12,8,2025-07-01,10650.32,10941.150390625,1469.7901099327219,8883.2431640625,12650.466796875,0.8,1087.1737288135591,
chronos_2,electricity,IND|Rajasthan,India,False,False,holdout,last12,9,2025-08-01,11210.52,10862.609375,1496.363504790055,8752.068359375,12587.40234375,0.8,1087.1737288135591,
chronos_2,electricity,IND|Rajasthan,India,False,False,holdout,last12,10,2025-09-01,11179.15,10799.1630859375,1556.3440519089954,8624.4150390625,12613.4853515625,0.8,1087.1737288135591,
chronos_2,electricity,IND|Rajasthan,India,False,False,holdout,last12,11,2025-10-01,10251.8,10805.5546875,1622.4313933898736,8551.34375,12709.802734375,0.8,1087.1737288135591,
chronos_2,electricity,IND|Rajasthan,India,False,False,holdout,last12,12,2025-11-01,10472.81,10870.546875,1699.619018558092,8457.9833984375,12814.2822265625,0.8,1087.1737288135591,
chronos_2,electricity,IND|Rajasthan,India,False,False,rolling,2022-12-01,1,2023-01-01,9382.43,8862.126953125,767.5643854609425,7826.2880859375,9793.634765625,0.8,1115.2891666666667,
chronos_2,electricity,IND|Rajasthan,India,False,False,rolling,2022-12-01,2,2023-02-01,8675.39,8573.66015625,945.2283616882621,7260.9736328125,9683.69140625,0.8,1115.2891666666667,
chronos_2,electricity,IND|Rajasthan,India,False,False,rolling,2022-12-01,3,2023-03-01,8996.78,8339.3544921875,1110.903162835279,6846.6689453125,9694.0283203125,0.8,1115.2891666666667,
chronos_2,electricity,IND|Rajasthan,India,False,False,rolling,2022-12-01,4,2023-04-01,9411.38,8550.0859375,1218.7196307762574,6936.1494140625,10059.853515625,0.8,1115.2891666666667,
chronos_2,electricity,IND|Rajasthan,India,False,False,rolling,2022-12-01,5,2023-05-01,10025.98,8653.927734375,1265.957369220691,6958.958984375,10203.73828125,0.8,1115.2891666666667,
chronos_2,electricity,IND|Rajasthan,India,False,False,rolling,2022-12-01,6,2023-06-01,10163.74,8715.892578125,1348.6055993798805,6957.78515625,10414.400390625,0.8,1115.2891666666667,
chronos_2,electricity,IND|Rajasthan,India,False,False,rolling,2022-12-01,7,2023-07-01,9062.68,8789.900390625,1388.5666587550936,6921.89501953125,10480.9345703125,0.8,1115.2891666666667,
chronos_2,electricity,IND|Rajasthan,India,False,False,rolling,2022-12-01,8,2023-08-01,10611.74,8670.5166015625,1530.9392082313518,6696.685546875,10620.640625,0.8,1115.2891666666667,
chronos_2,electricity,IND|Rajasthan,India,False,False,rolling,2022-12-01,9,2023-09-01,9659.17,8385.630859375,1542.6569151944295,6391.47021484375,10345.458984375,0.8,1115.2891666666667,
chronos_2,electricity,IND|Rajasthan,India,False,False,rolling,2022-12-01,10,2023-10-01,9977.12,8221.66015625,1655.7070979315617,6173.037109375,10416.78515625,0.8,1115.2891666666667,
chronos_2,electricity,IND|Rajasthan,India,False,False,rolling,2022-12-01,11,2023-11-01,8222.81,8457.923828125,1699.124279820946,6291.90478515625,10646.935546875,0.8,1115.2891666666667,
chronos_2,electricity,IND|Rajasthan,India,False,False,rolling,2022-12-01,12,2023-12-01,9131.65,8625.0078125,1734.2019611491817,6363.4990234375,10808.4375,0.8,1115.2891666666667,
chronos_2,electricity,IND|Rajasthan,India,False,False,rolling,2023-12-01,1,2024-01-01,9564.12,9334.447265625,796.3434349577351,8193.4658203125,10234.576171875,0.8,1042.775625,
chronos_2,electricity,IND|Rajasthan,India,False,False,rolling,2023-12-01,2,2024-02-01,9927.24,9362.70703125,937.593154200363,8011.46435546875,10414.6123046875,0.8,1042.775625,
chronos_2,electricity,IND|Rajasthan,India,False,False,rolling,2023-12-01,3,2024-03-01,11089.59,9441.130859375,1046.2400288241365,7974.4677734375,10656.0888671875,0.8,1042.775625,
chronos_2,electricity,IND|Rajasthan,India,False,False,rolling,2023-12-01,4,2024-04-01,10682.92,9514.0517578125,1165.3724309146996,7907.0791015625,10894.048828125,0.8,1042.775625,
chronos_2,electricity,IND|Rajasthan,India,False,False,rolling,2023-12-01,5,2024-05-01,11759.91,9503.0625,1218.3026176474116,7808.99658203125,10931.6318359375,0.8,1042.775625,
chronos_2,electricity,IND|Rajasthan,India,False,False,rolling,2023-12-01,6,2024-06-01,11743.89,9509.42578125,1276.488808137481,7763.3427734375,11035.115234375,0.8,1042.775625,
chronos_2,electricity,IND|Rajasthan,India,False,False,rolling,2023-12-01,7,2024-07-01,11086.57,9291.4140625,1395.3558382369606,7371.21533203125,10947.65625,0.8,1042.775625,
chronos_2,electricity,IND|Rajasthan,India,False,False,rolling,2023-12-01,8,2024-08-01,9778.94,9024.9140625,1486.2618427662185,7017.0478515625,10826.490234375,0.8,1042.775625,
chronos_2,electricity,IND|Rajasthan,India,False,False,rolling,2023-12-01,9,2024-09-01,10269.65,9320.11328125,1486.5437886002485,7276.4423828125,11086.607421875,0.8,1042.775625,
chronos_2,electricity,IND|Rajasthan,India,False,False,rolling,2023-12-01,10,2024-10-01,10516.26,9560.5087890625,1518.408430444193,7441.33447265625,11333.171875,0.8,1042.775625,
chronos_2,electricity,IND|Rajasthan,India,False,False,rolling,2023-12-01,11,2024-11-01,10194.55,9586.6708984375,1578.2801998123018,7385.70703125,11431.001953125,0.8,1042.775625,
chronos_2,electricity,IND|Rajasthan,India,False,False,rolling,2023-12-01,12,2024-12-01,10757.79,9422.3486328125,1652.7508577609683,7086.0693359375,11322.240234375,0.8,1042.775625,
chronos_2,electricity,IND|Sikkim,India,False,False,holdout,last12,1,2024-12-01,89.45,84.98516845703125,30.835229980829133,51.4376220703125,130.47149658203125,0.8,222.24983050847456,
chronos_2,electricity,IND|Sikkim,India,False,False,holdout,last12,2,2025-01-01,62.45,84.26416015625,26.89501313726632,52.825927734375,121.7606201171875,0.8,222.24983050847456,
chronos_2,electricity,IND|Sikkim,India,False,False,holdout,last12,3,2025-02-01,45.75,83.31591796875,26.32731139036796,52.44964599609375,119.92926025390625,0.8,222.24983050847456,
chronos_2,electricity,IND|Sikkim,India,False,False,holdout,last12,4,2025-03-01,49.1,78.0494384765625,37.33924887464636,48.7772216796875,144.4815673828125,0.8,222.24983050847456,
chronos_2,electricity,IND|Sikkim,India,False,False,holdout,last12,5,2025-04-01,97.23,82.219970703125,56.34287434812711,57.95635986328125,202.36895751953125,0.8,222.24983050847456,
chronos_2,electricity,IND|Sikkim,India,False,False,holdout,last12,6,2025-05-01,217.02,100.49755859375,112.69440471911486,62.8521728515625,351.6995544433594,0.8,222.24983050847456,
chronos_2,electricity,IND|Sikkim,India,False,False,holdout,last12,7,2025-06-01,286.31,275.12750244140625,242.80960909734017,126.15020751953125,748.4962768554688,0.8,222.24983050847456,
chronos_2,electricity,IND|Sikkim,India,False,False,holdout,last12,8,2025-07-01,407.74,435.0866394042969,305.0954682303531,213.98193359375,995.9730834960938,0.8,222.24983050847456,
chronos_2,electricity,IND|Sikkim,India,False,False,holdout,last12,9,2025-08-01,446.17,505.7305603027344,340.9264735838878,221.5582275390625,1095.387939453125,0.8,222.24983050847456,
chronos_2,electricity,IND|Sikkim,India,False,False,holdout,last12,10,2025-09-01,406.37,455.81005859375,350.74199868697207,199.1383056640625,1098.126220703125,0.8,222.24983050847456,
chronos_2,electricity,IND|Sikkim,India,False,False,holdout,last12,11,2025-10-01,284.22,204.3629150390625,234.5477150795281,101.2296142578125,702.3995971679688,0.8,222.24983050847456,
chronos_2,electricity,IND|Sikkim,India,False,False,holdout,last12,12,2025-11-01,167.93,94.96063232421875,106.09559820769994,63.9984130859375,335.932373046875,0.8,222.24983050847456,
chronos_2,electricity,IND|Sikkim,India,False,False,rolling,2022-12-01,1,2023-01-01,280.69,309.14495849609375,31.80891944093514,270.87017822265625,352.39971923828125,0.8,78.36916666666667,
chronos_2,electricity,IND|Sikkim,India,False,False,rolling,2022-12-01,2,2023-02-01,227.17,290.43328857421875,31.6867349751912,254.613037109375,335.82940673828125,0.8,78.36916666666667,
chronos_2,electricity,IND|Sikkim,India,False,False,rolling,2022-12-01,3,2023-03-01,333.16,335.83038330078125,50.57253376059925,287.95245361328125,417.5750732421875,0.8,78.36916666666667,
chronos_2,electricity,IND|Sikkim,India,False,False,rolling,2022-12-01,4,2023-04-01,546.28,651.4248046875,102.18686214053811,517.1744384765625,779.0899047851562,0.8,78.36916666666667,
chronos_2,electricity,IND|Sikkim,India,False,False,rolling,2022-12-01,5,2023-05-01,917.3,1110.95556640625,96.58678445109429,980.3370361328125,1227.89892578125,0.8,78.36916666666667,
chronos_2,electricity,IND|Sikkim,India,False,False,rolling,2022-12-01,6,2023-06-01,1415.31,1527.814697265625,89.94576941004945,1414.7119140625,1645.252197265625,0.8,78.36916666666667,
chronos_2,electricity,IND|Sikkim,India,False,False,rolling,2022-12-01,7,2023-07-01,1784.0,1709.9749755859375,82.95017890712053,1597.705322265625,1810.315185546875,0.8,78.36916666666667,
chronos_2,electricity,IND|Sikkim,India,False,False,rolling,2022-12-01,8,2023-08-01,1795.38,1726.8896484375,89.5488068210899,1610.3359375,1839.8587646484375,0.8,78.36916666666667,
chronos_2,electricity,IND|Sikkim,India,False,False,rolling,2022-12-01,9,2023-09-01,1506.95,1631.953369140625,87.63876667349268,1522.731201171875,1747.3583984375,0.8,78.36916666666667,
chronos_2,electricity,IND|Sikkim,India,False,False,rolling,2022-12-01,10,2023-10-01,353.33,1236.2396240234375,100.87550444339273,1110.0318603515625,1368.586181640625,0.8,78.36916666666667,
chronos_2,electricity,IND|Sikkim,India,False,False,rolling,2022-12-01,11,2023-11-01,111.3,679.3660888671875,103.57670746175133,548.9713134765625,814.4490966796875,0.8,78.36916666666667,
chronos_2,electricity,IND|Sikkim,India,False,False,rolling,2022-12-01,12,2023-12-01,71.78,367.271728515625,62.15200630082684,317.3662109375,476.668212890625,0.8,78.36916666666667,
chronos_2,electricity,IND|Sikkim,India,False,False,rolling,2023-12-01,1,2024-01-01,48.19,117.6903076171875,73.88719200057491,17.06689453125,206.4473876953125,0.8,118.81124999999999,
chronos_2,electricity,IND|Sikkim,India,False,False,rolling,2023-12-01,2,2024-02-01,30.7,103.25164794921875,75.93153742722023,2.29962158203125,196.91998291015625,0.8,118.81124999999999,
chronos_2,electricity,IND|Sikkim,India,False,False,rolling,2023-12-01,3,2024-03-01,41.7,128.4420166015625,82.94624976331859,24.3233642578125,236.92315673828125,0.8,118.81124999999999,
chronos_2,electricity,IND|Sikkim,India,False,False,rolling,2023-12-01,4,2024-04-01,75.24,220.3570556640625,177.5881794714312,78.14178466796875,533.318603515625,0.8,118.81124999999999,
chronos_2,electricity,IND|Sikkim,India,False,False,rolling,2023-12-01,5,2024-05-01,87.6,743.2212524414062,305.6473581500727,359.96282958984375,1143.3685302734375,0.8,118.81124999999999,
chronos_2,electricity,IND|Sikkim,India,False,False,rolling,2023-12-01,6,2024-06-01,230.69,1302.0574951171875,354.5147387526013,818.5133056640625,1727.171142578125,0.8,118.81124999999999,
chronos_2,electricity,IND|Sikkim,India,False,False,rolling,2023-12-01,7,2024-07-01,350.62,1496.84375,338.505692368024,998.180908203125,1865.805908203125,0.8,118.81124999999999,
chronos_2,electricity,IND|Sikkim,India,False,False,rolling,2023-12-01,8,2024-08-01,341.83,1459.4957275390625,366.7615704143401,967.4241943359375,1907.471923828125,0.8,118.81124999999999,
chronos_2,electricity,IND|Sikkim,India,False,False,rolling,2023-12-01,9,2024-09-01,287.27,1192.4505615234375,311.76193936063595,794.5421142578125,1593.6201171875,0.8,118.81124999999999,
chronos_2,electricity,IND|Sikkim,India,False,False,rolling,2023-12-01,10,2024-10-01,274.83,539.0245361328125,272.17386289069424,220.52850341796875,918.13818359375,0.8,118.81124999999999,
chronos_2,electricity,IND|Sikkim,India,False,False,rolling,2023-12-01,11,2024-11-01,130.2,143.2230224609375,109.4503726247738,34.6881103515625,315.220703125,0.8,118.81124999999999,
chronos_2,electricity,IND|Sikkim,India,False,False,rolling,2023-12-01,12,2024-12-01,89.45,117.883544921875,87.4848871144131,20.5140380859375,244.746826171875,0.8,118.81124999999999,
chronos_2,electricity,IND|Tamil Nadu,India,True,False,holdout,last12,1,2024-12-01,9211.41,9796.51953125,660.0748222842856,8931.7763671875,10623.6162109375,0.8,944.462033898305,
chronos_2,electricity,IND|Tamil Nadu,India,True,False,holdout,last12,2,2025-01-01,9973.75,9984.228515625,730.84817972832,9006.0478515625,10879.287109375,0.8,944.462033898305,
chronos_2,electricity,IND|Tamil Nadu,India,True,False,holdout,last12,3,2025-02-01,10178.31,10104.7333984375,780.8005993450023,9064.5859375,11065.8583984375,0.8,944.462033898305,
chronos_2,electricity,IND|Tamil Nadu,India,True,False,holdout,last12,4,2025-03-01,10491.04,10744.912109375,835.1738534376992,9595.6083984375,11736.2451171875,0.8,944.462033898305,
chronos_2,electricity,IND|Tamil Nadu,India,True,False,holdout,last12,5,2025-04-01,9753.51,10834.5302734375,930.1976006713893,9586.1474609375,11970.33984375,0.8,944.462033898305,
chronos_2,electricity,IND|Tamil Nadu,India,True,False,holdout,last12,6,2025-05-01,10921.98,11325.498046875,947.2690399140256,10001.015625,12428.9638671875,0.8,944.462033898305,
chronos_2,electricity,IND|Tamil Nadu,India,True,False,holdout,last12,7,2025-06-01,13519.46,12261.2177734375,976.0560905763784,10918.634765625,13420.3671875,0.8,944.462033898305,
chronos_2,electricity,IND|Tamil Nadu,India,True,False,holdout,last12,8,2025-07-01,14223.45,12566.76953125,1007.996362485262,11178.6337890625,13762.232421875,0.8,944.462033898305,
chronos_2,electricity,IND|Tamil Nadu,India,True,False,holdout,last12,9,2025-08-01,12188.58,12309.27734375,1087.9020978966837,10755.2236328125,13543.62890625,0.8,944.462033898305,
chronos_2,electricity,IND|Tamil Nadu,India,True,False,holdout,last12,10,2025-09-01,12145.92,12014.076171875,1076.1403845230243,10529.9189453125,13288.177734375,0.8,944.462033898305,
chronos_2,electricity,IND|Tamil Nadu,India,True,False,holdout,last12,11,2025-10-01,9833.56,11054.591796875,1036.2119013218783,9620.8291015625,12276.7470703125,0.8,944.462033898305,
chronos_2,electricity,IND|Tamil Nadu,India,True,False,holdout,last12,12,2025-11-01,8707.34,10082.3330078125,995.8132543920929,8784.14453125,11336.5166015625,0.8,944.462033898305,
chronos_2,electricity,IND|Tamil Nadu,India,True,False,rolling,2022-12-01,1,2023-01-01,9036.2,8634.947265625,899.3504403811979,7520.5595703125,9825.6875,0.8,1004.4519444444442,
chronos_2,electricity,IND|Tamil Nadu,India,True,False,rolling,2022-12-01,2,2023-02-01,8872.0,8727.4052734375,989.7963778907379,7516.8427734375,10053.79296875,0.8,1004.4519444444442,
chronos_2,electricity,IND|Tamil Nadu,India,True,False,rolling,2022-12-01,3,2023-03-01,10470.4,9073.2080078125,1109.5854470690724,7707.38916015625,10551.37109375,0.8,1004.4519444444442,
chronos_2,electricity,IND|Tamil Nadu,India,True,False,rolling,2022-12-01,4,2023-04-01,10093.32,9362.341796875,1163.2488834742044,7936.42724609375,10917.9541015625,0.8,1004.4519444444442,
chronos_2,electricity,IND|Tamil Nadu,India,True,False,rolling,2022-12-01,5,2023-05-01,9523.82,9994.931640625,1244.0033139468449,8406.0283203125,11594.537109375,0.8,1004.4519444444442,
chronos_2,electricity,IND|Tamil Nadu,India,True,False,rolling,2022-12-01,6,2023-06-01,11598.3,10739.865234375,1289.9296232551546,8999.126953125,12305.349609375,0.8,1004.4519444444442,
chronos_2,electricity,IND|Tamil Nadu,India,True,False,rolling,2022-12-01,7,2023-07-01,11529.68,10929.4677734375,1352.7284856907445,9037.2021484375,12504.384765625,0.8,1004.4519444444442,
chronos_2,electricity,IND|Tamil Nadu,India,True,False,rolling,2022-12-01,8,2023-08-01,10910.69,10870.2998046875,1408.3682099892735,8892.7470703125,12502.5400390625,0.8,1004.4519444444442,
chronos_2,electricity,IND|Tamil Nadu,India,True,False,rolling,2022-12-01,9,2023-09-01,11405.53,10183.0859375,1392.4443664927164,8399.283203125,11968.26171875,0.8,1004.4519444444442,
chronos_2,electricity,IND|Tamil Nadu,India,True,False,rolling,2022-12-01,10,2023-10-01,10236.36,9288.6083984375,1377.506380895555,7616.27587890625,11146.966796875,0.8,1004.4519444444442,
chronos_2,electricity,IND|Tamil Nadu,India,True,False,rolling,2022-12-01,11,2023-11-01,8880.6,8730.494140625,1353.0910146922033,7106.29248046875,10574.404296875,0.8,1004.4519444444442,
chronos_2,electricity,IND|Tamil Nadu,India,True,False,rolling,2022-12-01,12,2023-12-01,8932.97,8827.90625,1358.3353977091042,7211.291015625,10692.8447265625,0.8,1004.4519444444442,
chronos_2,electricity,IND|Tamil Nadu,India,True,False,rolling,2023-12-01,1,2024-01-01,9975.4,9170.484375,587.6776092393915,8352.5771484375,9858.85546875,0.8,958.506875,
chronos_2,electricity,IND|Tamil Nadu,India,True,False,rolling,2023-12-01,2,2024-02-01,9907.37,9182.376953125,737.4483792998102,8195.8017578125,10085.9580078125,0.8,958.506875,
chronos_2,electricity,IND|Tamil Nadu,India,True,False,rolling,2023-12-01,3,2024-03-01,10317.57,9669.2548828125,861.7198157273968,8484.193359375,10692.8701171875,0.8,958.506875,
chronos_2,electricity,IND|Tamil Nadu,India,True,False,rolling,2023-12-01,4,2024-04-01,10515.29,9762.1044921875,966.7061571073275,8460.5302734375,10938.2978515625,0.8,958.506875,
chronos_2,electricity,IND|Tamil Nadu,India,True,False,rolling,2023-12-01,5,2024-05-01,11042.85,10354.99609375,1074.917349215948,8852.431640625,11607.5556640625,0.8,958.506875,
chronos_2,electricity,IND|Tamil Nadu,India,True,False,rolling,2023-12-01,6,2024-06-01,10850.59,11242.9189453125,1108.3153572883436,9645.2236328125,12485.9501953125,0.8,958.506875,
chronos_2,electricity,IND|Tamil Nadu,India,True,False,rolling,2023-12-01,7,2024-07-01,13208.22,11084.0458984375,1137.2818626639778,9405.3017578125,12320.2724609375,0.8,958.506875,
chronos_2,electricity,IND|Tamil Nadu,India,True,False,rolling,2023-12-01,8,2024-08-01,11830.49,10770.361328125,1203.631718576811,9070.6240234375,12155.65625,0.8,958.506875,
chronos_2,electricity,IND|Tamil Nadu,India,True,False,rolling,2023-12-01,9,2024-09-01,13033.53,10403.72265625,1163.9886102806495,8812.50390625,11795.9267578125,0.8,958.506875,
chronos_2,electricity,IND|Tamil Nadu,India,True,False,rolling,2023-12-01,10,2024-10-01,10543.53,9564.1552734375,1142.3715564800461,8059.99755859375,10988.013671875,0.8,958.506875,
chronos_2,electricity,IND|Tamil Nadu,India,True,False,rolling,2023-12-01,11,2024-11-01,9245.91,8861.0810546875,1068.9084738801532,7510.8818359375,10250.6044921875,0.8,958.506875,
chronos_2,electricity,IND|Tamil Nadu,India,True,False,rolling,2023-12-01,12,2024-12-01,9211.41,8941.513671875,1107.594490372148,7519.17578125,10358.0546875,0.8,958.506875,
chronos_2,electricity,IND|Telangana,India,True,False,holdout,last12,1,2024-12-01,5112.6,5339.2802734375,362.9629694385963,4882.7685546875,5813.080078125,0.8,568.0579661016949,
chronos_2,electricity,IND|Telangana,India,True,False,holdout,last12,2,2025-01-01,6178.86,5732.94140625,423.7022937581732,5166.71875,6252.71142578125,0.8,568.0579661016949,
chronos_2,electricity,IND|Telangana,India,True,False,holdout,last12,3,2025-02-01,5657.22,5713.08740234375,448.2110068930618,5113.3349609375,6262.14599609375,0.8,568.0579661016949,
chronos_2,electricity,IND|Telangana,India,True,False,holdout,last12,4,2025-03-01,6656.99,6367.0888671875,499.37255502906083,5677.24267578125,6957.18603515625,0.8,568.0579661016949,
chronos_2,electricity,IND|Telangana,India,True,False,holdout,last12,5,2025-04-01,6211.13,6038.88720703125,507.4249661497477,5363.47509765625,6664.0576171875,0.8,568.0579661016949,
chronos_2,electricity,IND|Telangana,India,True,False,holdout,last12,6,2025-05-01,5714.55,5804.90771484375,518.0114607057507,5124.685546875,6452.40234375,0.8,568.0579661016949,
chronos_2,electricity,IND|Telangana,India,True,False,holdout,last12,7,2025-06-01,5427.52,5152.2568359375,478.5152309488034,4567.37744140625,5793.861328125,0.8,568.0579661016949,
chronos_2,electricity,IND|Telangana,India,True,False,holdout,last12,8,2025-07-01,5673.5,5143.63671875,503.857208325616,4542.849609375,5834.28759765625,0.8,568.0579661016949,
chronos_2,electricity,IND|Telangana,India,True,False,holdout,last12,9,2025-08-01,6582.44,5953.1728515625,565.5235248265376,5209.76953125,6659.2646484375,0.8,568.0579661016949,
chronos_2,electricity,IND|Telangana,India,True,False,holdout,last12,10,2025-09-01,6456.92,6001.076171875,577.4473570547643,5216.337890625,6696.39501953125,0.8,568.0579661016949,
chronos_2,electricity,IND|Telangana,India,True,False,holdout,last12,11,2025-10-01,5679.38,6408.98779296875,615.6152028247577,5543.3671875,7121.25244140625,0.8,568.0579661016949,
chronos_2,electricity,IND|Telangana,India,True,False,holdout,last12,12,2025-11-01,4864.57,5653.3876953125,554.597742749989,4951.033203125,6372.5244140625,0.8,568.0579661016949,
chronos_2,electricity,IND|Telangana,India,True,False,rolling,2022-12-01,1,2023-01-01,5621.32,4927.52734375,471.4210546559349,4303.74267578125,5512.04345703125,0.8,653.9513888888889,
chronos_2,electricity,IND|Telangana,India,True,False,rolling,2022-12-01,2,2023-02-01,5088.9,5009.61669921875,545.1735127435924,4307.8564453125,5705.1923828125,0.8,653.9513888888889,
chronos_2,electricity,IND|Telangana,India,True,False,rolling,2022-12-01,3,2023-03-01,5846.68,5325.4189453125,596.5541404127905,4561.1201171875,6090.14990234375,0.8,653.9513888888889,
chronos_2,electricity,IND|Telangana,India,True,False,rolling,2022-12-01,4,2023-04-01,5529.18,5543.8037109375,634.5312917369298,4723.02392578125,6349.39306640625,0.8,653.9513888888889,
chronos_2,electricity,IND|Telangana,India,True,False,rolling,2022-12-01,5,2023-05-01,5445.84,5543.31396484375,649.0694095600177,4703.203125,6366.8349609375,0.8,653.9513888888889,
chronos_2,electricity,IND|Telangana,India,True,False,rolling,2022-12-01,6,2023-06-01,4799.14,5402.0859375,668.0893231205318,4557.10888671875,6269.49072265625,0.8,653.9513888888889,
chronos_2,electricity,IND|Telangana,India,True,False,rolling,2022-12-01,7,2023-07-01,5000.61,5263.3388671875,676.3958664997297,4405.02685546875,6138.69921875,0.8,653.9513888888889,
chronos_2,electricity,IND|Telangana,India,True,False,rolling,2022-12-01,8,2023-08-01,5551.82,5108.17236328125,686.200342374183,4232.98583984375,5991.7880859375,0.8,653.9513888888889,
chronos_2,electricity,IND|Telangana,India,True,False,rolling,2022-12-01,9,2023-09-01,4939.75,5189.64599609375,696.1606504731205,4323.76318359375,6108.0947265625,0.8,653.9513888888889,
chronos_2,electricity,IND|Telangana,India,True,False,rolling,2022-12-01,10,2023-10-01,5933.02,5444.66796875,716.7996570359467,4522.68359375,6359.9150390625,0.8,653.9513888888889,
chronos_2,electricity,IND|Telangana,India,True,False,rolling,2022-12-01,11,2023-11-01,4911.33,5482.90625,750.6268704894705,4564.07763671875,6488.01171875,0.8,653.9513888888889,
chronos_2,electricity,IND|Telangana,India,True,False,rolling,2022-12-01,12,2023-12-01,5359.06,5462.08349609375,751.5450994894874,4532.65771484375,6458.9453125,0.8,653.9513888888889,
chronos_2,electricity,IND|Telangana,India,True,False,rolling,2023-12-01,1,2024-01-01,6164.82,5165.93017578125,444.05116281746695,4580.51318359375,5718.662109375,0.8,565.9145833333333,
chronos_2,electricity,IND|Telangana,India,True,False,rolling,2023-12-01,2,2024-02-01,5630.12,5112.55615234375,502.00227144321684,4457.9365234375,5744.6201171875,0.8,565.9145833333333,
chronos_2,electricity,IND|Telangana,India,True,False,rolling,2023-12-01,3,2024-03-01,6401.44,5438.4873046875,574.0361934708844,4709.37255859375,6180.6865234375,0.8,565.9145833333333,
chronos_2,electricity,IND|Telangana,India,True,False,rolling,2023-12-01,4,2024-04-01,5938.65,5190.82958984375,580.4192185485946,4456.57373046875,5944.248046875,0.8,565.9145833333333,
chronos_2,electricity,IND|Telangana,India,True,False,rolling,2023-12-01,5,2024-05-01,6110.55,5102.201171875,601.8069056031356,4338.5068359375,5881.0,0.8,565.9145833333333,
chronos_2,electricity,IND|Telangana,India,True,False,rolling,2023-12-01,6,2024-06-01,5433.35,4843.576171875,619.0303669914178,4049.37646484375,5636.01513671875,0.8,565.9145833333333,
chronos_2,electricity,IND|Telangana,India,True,False,rolling,2023-12-01,7,2024-07-01,4819.69,4951.52880859375,630.4480302459838,4140.6494140625,5756.552734375,0.8,565.9145833333333,
chronos_2,electricity,IND|Telangana,India,True,False,rolling,2023-12-01,8,2024-08-01,5918.27,5237.56396484375,658.906271104596,4420.234375,6109.0791015625,0.8,565.9145833333333,
chronos_2,electricity,IND|Telangana,India,True,False,rolling,2023-12-01,9,2024-09-01,6213.23,5273.716796875,666.0099725945602,4443.0283203125,6150.08056640625,0.8,565.9145833333333,
chronos_2,electricity,IND|Telangana,India,True,False,rolling,2023-12-01,10,2024-10-01,6710.08,5442.9677734375,688.5925003727746,4585.95703125,6350.890625,0.8,565.9145833333333,
chronos_2,electricity,IND|Telangana,India,True,False,rolling,2023-12-01,11,2024-11-01,5317.07,5086.90185546875,659.5903707600028,4254.18701171875,5944.78515625,0.8,565.9145833333333,
chronos_2,electricity,IND|Telangana,India,True,False,rolling,2023-12-01,12,2024-12-01,5112.6,5102.91455078125,679.6546269300798,4241.72802734375,5983.7529296875,0.8,565.9145833333333,
chronos_2,electricity,IND|Tripura,India,False,False,holdout,last12,1,2024-12-01,445.31,414.4774475097656,29.775920905329965,374.8407897949219,451.1595458984375,0.8,93.11457627118642,
chronos_2,electricity,IND|Tripura,India,False,False,holdout,last12,2,2025-01-01,431.09,408.64697265625,36.89695825400808,359.7254333496094,454.296142578125,0.8,93.11457627118642,
chronos_2,electricity,IND|Tripura,India,False,False,holdout,last12,3,2025-02-01,408.23,405.55816650390625,44.0431778425077,344.9851379394531,457.8723449707031,0.8,93.11457627118642,
chronos_2,electricity,IND|Tripura,India,False,False,holdout,last12,4,2025-03-01,448.97,401.19573974609375,52.215011121780776,330.286865234375,464.11932373046875,0.8,93.11457627118642,
chronos_2,electricity,IND|Tripura,India,False,False,holdout,last12,5,2025-04-01,428.27,399.5557556152344,59.8671734605101,320.55194091796875,473.9976806640625,0.8,93.11457627118642,
chronos_2,electricity,IND|Tripura,India,False,False,holdout,last12,6,2025-05-01,442.91,396.1372985839844,66.58814062467621,308.33465576171875,479.0069274902344,0.8,93.11457627118642,
chronos_2,electricity,IND|Tripura,India,False,False,holdout,last12,7,2025-06-01,414.46,390.78271484375,71.94409941905593,296.429931640625,480.830078125,0.8,93.11457627118642,
chronos_2,electricity,IND|Tripura,India,False,False,holdout,last12,8,2025-07-01,395.45,383.20654296875,78.75132914941916,281.22991943359375,483.07769775390625,0.8,93.11457627118642,
chronos_2,electricity,IND|Tripura,India,False,False,holdout,last12,9,2025-08-01,424.13,373.0538330078125,78.49829228857428,271.072998046875,472.272216796875,0.8,93.11457627118642,
chronos_2,electricity,IND|Tripura,India,False,False,holdout,last12,10,2025-09-01,425.15,369.0150146484375,84.04317146084905,258.9622497558594,474.3735656738281,0.8,93.11457627118642,
chronos_2,electricity,IND|Tripura,India,False,False,holdout,last12,11,2025-10-01,435.08,367.8619384765625,90.56035893965095,250.6492919921875,482.76483154296875,0.8,93.11457627118642,
chronos_2,electricity,IND|Tripura,India,False,False,holdout,last12,12,2025-11-01,405.57,372.1954650878906,97.567617809022,241.87118530273438,491.9470520019531,0.8,93.11457627118642,
chronos_2,electricity,IND|Tripura,India,False,False,rolling,2022-12-01,1,2023-01-01,637.52,612.8446655273438,34.74091798492036,534.8248291015625,623.869384765625,0.8,93.72027777777777,
chronos_2,electricity,IND|Tripura,India,False,False,rolling,2022-12-01,2,2023-02-01,604.1,608.4883422851562,52.428351723729705,491.96136474609375,626.3406372070312,0.8,93.72027777777777,
chronos_2,electricity,IND|Tripura,India,False,False,rolling,2022-12-01,3,2023-03-01,632.79,602.0578002929688,66.69581107134572,456.03790283203125,626.9861450195312,0.8,93.72027777777777,
chronos_2,electricity,IND|Tripura,India,False,False,rolling,2022-12-01,4,2023-04-01,607.57,598.6709594726562,76.25011955057927,432.3693542480469,627.8062744140625,0.8,93.72027777777777,
chronos_2,electricity,IND|Tripura,India,False,False,rolling,2022-12-01,5,2023-05-01,588.97,595.5830688476562,81.24781186920035,419.85028076171875,628.0968017578125,0.8,93.72027777777777,
chronos_2,electricity,IND|Tripura,India,False,False,rolling,2022-12-01,6,2023-06-01,455.49,594.7745361328125,85.98754994397594,407.001220703125,627.3961791992188,0.8,93.72027777777777,
chronos_2,electricity,IND|Tripura,India,False,False,rolling,2022-12-01,7,2023-07-01,536.39,592.4022216796875,84.82424952918545,409.9530334472656,627.3663330078125,0.8,93.72027777777777,
chronos_2,electricity,IND|Tripura,India,False,False,rolling,2022-12-01,8,2023-08-01,590.27,590.9508056640625,89.31110552756896,398.9228515625,627.83642578125,0.8,93.72027777777777,
chronos_2,electricity,IND|Tripura,India,False,False,rolling,2022-12-01,9,2023-09-01,559.33,590.8583984375,86.52381854045879,404.85711669921875,626.6265869140625,0.8,93.72027777777777,
chronos_2,electricity,IND|Tripura,India,False,False,rolling,2022-12-01,10,2023-10-01,559.79,590.7477416992188,85.40900137888495,407.5737609863281,626.48583984375,0.8,93.72027777777777,
chronos_2,electricity,IND|Tripura,India,False,False,rolling,2022-12-01,11,2023-11-01,529.94,592.19677734375,82.71269193053423,415.23809814453125,627.2392578125,0.8,93.72027777777777,
chronos_2,electricity,IND|Tripura,India,False,False,rolling,2022-12-01,12,2023-12-01,521.55,591.498046875,80.04382695631523,420.78216552734375,625.9427490234375,0.8,93.72027777777777,
chronos_2,electricity,IND|Tripura,India,False,False,rolling,2023-12-01,1,2024-01-01,497.57,531.1011962890625,54.825034190941636,440.48345947265625,581.0056762695312,0.8,82.765,
chronos_2,electricity,IND|Tripura,India,False,False,rolling,2023-12-01,2,2024-02-01,445.74,538.7445068359375,68.80377290809335,424.1506652832031,600.5018310546875,0.8,82.765,
chronos_2,electricity,IND|Tripura,India,False,False,rolling,2023-12-01,3,2024-03-01,465.79,544.7379760742188,78.16491039022793,410.8111572265625,611.1558837890625,0.8,82.765,
chronos_2,electricity,IND|Tripura,India,False,False,rolling,2023-12-01,4,2024-04-01,430.84,547.5380859375,81.72292870032939,407.12884521484375,616.5931396484375,0.8,82.765,
chronos_2,electricity,IND|Tripura,India,False,False,rolling,2023-12-01,5,2024-05-01,438.41,545.8828125,87.94539467449674,390.6570129394531,616.0701293945312,0.8,82.765,
chronos_2,electricity,IND|Tripura,India,False,False,rolling,2023-12-01,6,2024-06-01,416.08,537.2685546875,94.82284892044737,374.9814758300781,618.022216796875,0.8,82.765,
chronos_2,electricity,IND|Tripura,India,False,False,rolling,2023-12-01,7,2024-07-01,409.13,542.704345703125,95.26034122304874,376.3462219238281,620.50830078125,0.8,82.765,
chronos_2,electricity,IND|Tripura,India,False,False,rolling,2023-12-01,8,2024-08-01,423.91,559.7055053710938,85.831467683068,409.1905212402344,629.1854248046875,0.8,82.765,
chronos_2,electricity,IND|Tripura,India,False,False,rolling,2023-12-01,9,2024-09-01,413.55,566.2775268554688,83.71300431652246,416.3426513671875,630.90771484375,0.8,82.765,
chronos_2,electricity,IND|Tripura,India,False,False,rolling,2023-12-01,10,2024-10-01,433.27,568.6400756835938,85.83367038489635,413.5758056640625,633.5763549804688,0.8,82.765,
chronos_2,electricity,IND|Tripura,India,False,False,rolling,2023-12-01,11,2024-11-01,406.83,567.8158569335938,82.39577671666692,421.1148986816406,632.3037719726562,0.8,82.765,
chronos_2,electricity,IND|Tripura,India,False,False,rolling,2023-12-01,12,2024-12-01,445.31,565.3466796875,85.50026467355727,411.58404541015625,630.7300415039062,0.8,82.765,
chronos_2,electricity,IND|Uttar Pradesh,India,True,False,holdout,last12,1,2024-12-01,13467.27,13564.1748046875,771.9589303929732,12618.7548828125,14597.365234375,0.8,1150.260338983051,
chronos_2,electricity,IND|Uttar Pradesh,India,True,False,holdout,last12,2,2025-01-01,14315.4,14650.5107421875,920.2502468405017,13408.939453125,15767.6357421875,0.8,1150.260338983051,
chronos_2,electricity,IND|Uttar Pradesh,India,True,False,holdout,last12,3,2025-02-01,13471.49,13623.6025390625,934.2042795776867,12426.3662109375,14820.828125,0.8,1150.260338983051,
chronos_2,electricity,IND|Uttar Pradesh,India,True,False,holdout,last12,4,2025-03-01,15709.37,14269.34765625,992.254640757173,12983.1396484375,15526.390625,0.8,1150.260338983051,
chronos_2,electricity,IND|Uttar Pradesh,India,True,False,holdout,last12,5,2025-04-01,15502.94,14896.5166015625,1068.2561883830458,13456.359375,16194.41015625,0.8,1150.260338983051,
chronos_2,electricity,IND|Uttar Pradesh,India,True,False,holdout,last12,6,2025-05-01,15593.63,15212.390625,1101.7905972778508,13750.4970703125,16574.5,0.8,1150.260338983051,
chronos_2,electricity,IND|Uttar Pradesh,India,True,False,holdout,last12,7,2025-06-01,15190.04,15519.1689453125,1167.4580680707545,13954.0908203125,16946.40625,0.8,1150.260338983051,
chronos_2,electricity,IND|Uttar Pradesh,India,True,False,holdout,last12,8,2025-07-01,15381.4,16073.6669921875,1211.026319586075,14345.7177734375,17449.703125,0.8,1150.260338983051,
chronos_2,electricity,IND|Uttar Pradesh,India,True,False,holdout,last12,9,2025-08-01,14525.06,15675.5703125,1213.7440488213945,14011.587890625,17122.5390625,0.8,1150.260338983051,
chronos_2,electricity,IND|Uttar Pradesh,India,True,False,holdout,last12,10,2025-09-01,14221.7,15285.6640625,1247.292555007901,13572.837890625,16769.77734375,0.8,1150.260338983051,
chronos_2,electricity,IND|Uttar Pradesh,India,True,False,holdout,last12,11,2025-10-01,13189.6,14847.1708984375,1274.2991558291424,13182.51171875,16448.671875,0.8,1150.260338983051,
chronos_2,electricity,IND|Uttar Pradesh,India,True,False,holdout,last12,12,2025-11-01,12691.32,13292.1279296875,1190.6770695188975,11850.4609375,14902.2890625,0.8,1150.260338983051,
chronos_2,electricity,IND|Uttar Pradesh,India,True,False,rolling,2022-12-01,1,2023-01-01,14537.45,13614.9794921875,1112.574263413733,12030.7734375,14882.416015625,0.8,1242.6711111111113,
chronos_2,electricity,IND|Uttar Pradesh,India,True,False,rolling,2022-12-01,2,2023-02-01,12499.67,13242.982421875,1357.6545366207101,11365.1640625,14844.97265625,0.8,1242.6711111111113,
chronos_2,electricity,IND|Uttar Pradesh,India,True,False,rolling,2022-12-01,3,2023-03-01,13305.8,12962.7392578125,1508.3984008164164,10973.1455078125,14839.326171875,0.8,1242.6711111111113,
chronos_2,electricity,IND|Uttar Pradesh,India,True,False,rolling,2022-12-01,4,2023-04-01,13565.32,13161.37109375,1589.903226316249,11055.107421875,15130.193359375,0.8,1242.6711111111113,
chronos_2,electricity,IND|Uttar Pradesh,India,True,False,rolling,2022-12-01,5,2023-05-01,13805.01,13424.5185546875,1639.1199197092665,11211.716796875,15412.9501953125,0.8,1242.6711111111113,
chronos_2,electricity,IND|Uttar Pradesh,India,True,False,rolling,2022-12-01,6,2023-06-01,14352.02,13598.1357421875,1712.4071671707743,11336.517578125,15725.59375,0.8,1242.6711111111113,
chronos_2,electricity,IND|Uttar Pradesh,India,True,False,rolling,2022-12-01,7,2023-07-01,14526.32,13663.7333984375,1770.8758750066997,11262.869140625,15801.806640625,0.8,1242.6711111111113,
chronos_2,electricity,IND|Uttar Pradesh,India,True,False,rolling,2022-12-01,8,2023-08-01,15423.31,13512.9130859375,1856.9028830796442,11080.130859375,15839.564453125,0.8,1242.6711111111113,
chronos_2,electricity,IND|Uttar Pradesh,India,True,False,rolling,2022-12-01,9,2023-09-01,14582.18,13258.9658203125,1829.1956087600497,10820.201171875,15508.6181640625,0.8,1242.6711111111113,
chronos_2,electricity,IND|Uttar Pradesh,India,True,False,rolling,2022-12-01,10,2023-10-01,13713.99,12893.6220703125,1864.1709894714786,10522.08984375,15300.15234375,0.8,1242.6711111111113,
chronos_2,electricity,IND|Uttar Pradesh,India,True,False,rolling,2022-12-01,11,2023-11-01,12000.88,12916.8486328125,1900.633443953474,10547.9404296875,15419.4599609375,0.8,1242.6711111111113,
chronos_2,electricity,IND|Uttar Pradesh,India,True,False,rolling,2022-12-01,12,2023-12-01,12578.32,13297.47265625,1944.0496733231487,10773.6533203125,15756.453125,0.8,1242.6711111111113,
chronos_2,electricity,IND|Uttar Pradesh,India,True,False,rolling,2023-12-01,1,2024-01-01,13892.41,14004.8701171875,771.9113044074952,12975.05078125,14953.5390625,0.8,1165.7966666666669,
chronos_2,electricity,IND|Uttar Pradesh,India,True,False,rolling,2023-12-01,2,2024-02-01,12513.74,13470.51171875,915.6110948470558,12287.3466796875,14634.15234375,0.8,1165.7966666666669,
chronos_2,electricity,IND|Uttar Pradesh,India,True,False,rolling,2023-12-01,3,2024-03-01,14098.12,14557.333984375,1048.091727139523,13123.390625,15809.7578125,0.8,1165.7966666666669,
chronos_2,electricity,IND|Uttar Pradesh,India,True,False,rolling,2023-12-01,4,2024-04-01,15076.72,14683.212890625,1123.844095609375,13166.9140625,16047.4423828125,0.8,1165.7966666666669,
chronos_2,electricity,IND|Uttar Pradesh,India,True,False,rolling,2023-12-01,5,2024-05-01,16391.72,13857.66796875,1109.696891875091,12412.71875,15256.986328125,0.8,1165.7966666666669,
chronos_2,electricity,IND|Uttar Pradesh,India,True,False,rolling,2023-12-01,6,2024-06-01,15739.29,14202.2958984375,1126.5351542928267,12696.271484375,15583.697265625,0.8,1165.7966666666669,
chronos_2,electricity,IND|Uttar Pradesh,India,True,False,rolling,2023-12-01,7,2024-07-01,15535.3,14695.51953125,1223.5927216103714,13073.1181640625,16209.3125,0.8,1165.7966666666669,
chronos_2,electricity,IND|Uttar Pradesh,India,True,False,rolling,2023-12-01,8,2024-08-01,14414.75,15051.9443359375,1247.500585312469,13323.30859375,16520.78125,0.8,1165.7966666666669,
chronos_2,electricity,IND|Uttar Pradesh,India,True,False,rolling,2023-12-01,9,2024-09-01,13495.03,14968.693359375,1265.7969649016009,13224.2373046875,16468.60546875,0.8,1165.7966666666669,
chronos_2,electricity,IND|Uttar Pradesh,India,True,False,rolling,2023-12-01,10,2024-10-01,15112.9,14263.318359375,1257.7672237500014,12577.90625,15801.693359375,0.8,1165.7966666666669,
chronos_2,electricity,IND|Uttar Pradesh,India,True,False,rolling,2023-12-01,11,2024-11-01,12467.59,12754.716796875,1197.4361493779425,11269.42578125,14338.578125,0.8,1165.7966666666669,
chronos_2,electricity,IND|Uttar Pradesh,India,True,False,rolling,2023-12-01,12,2024-12-01,13467.27,13614.3203125,1310.8519091796043,11881.2626953125,15241.111328125,0.8,1165.7966666666669,
chronos_2,electricity,IND|Uttarakhand,India,False,False,holdout,last12,1,2024-12-01,925.11,865.9901123046875,70.96336131309917,805.396240234375,987.2826538085938,0.8,193.0822033898305,
chronos_2,electricity,IND|Uttarakhand,India,False,False,holdout,last12,2,2025-01-01,762.51,860.449951171875,59.30490107595624,807.6132202148438,959.6177978515625,0.8,193.0822033898305,
chronos_2,electricity,IND|Uttarakhand,India,False,False,holdout,last12,3,2025-02-01,877.65,858.937255859375,55.1733706487281,806.2064208984375,947.6214599609375,0.8,193.0822033898305,
chronos_2,electricity,IND|Uttarakhand,India,False,False,holdout,last12,4,2025-03-01,855.18,857.9331665039062,61.13400086123351,808.40380859375,965.0965576171875,0.8,193.0822033898305,
chronos_2,electricity,IND|Uttarakhand,India,False,False,holdout,last12,5,2025-04-01,976.61,873.2003173828125,112.17703173237042,806.7910766601562,1094.3123779296875,0.8,193.0822033898305,
chronos_2,electricity,IND|Uttarakhand,India,False,False,holdout,last12,6,2025-05-01,1434.19,1229.70068359375,215.79567387433517,990.310546875,1543.4171142578125,0.8,193.0822033898305,
chronos_2,electricity,IND|Uttarakhand,India,False,False,holdout,last12,7,2025-06-01,1717.08,1623.930908203125,230.984553162995,1326.38330078125,1918.4205322265625,0.8,193.0822033898305,
chronos_2,electricity,IND|Uttarakhand,India,False,False,holdout,last12,8,2025-07-01,2366.33,1971.921142578125,255.0426768492758,1650.941650390625,2304.642333984375,0.8,193.0822033898305,
chronos_2,electricity,IND|Uttarakhand,India,False,False,holdout,last12,9,2025-08-01,2570.62,2175.393310546875,250.92993487331876,1873.2352294921875,2516.39453125,0.8,193.0822033898305,
chronos_2,electricity,IND|Uttarakhand,India,False,False,holdout,last12,10,2025-09-01,2480.22,2052.12109375,261.67802439804876,1734.741455078125,2405.44921875,0.8,193.0822033898305,
chronos_2,electricity,IND|Uttarakhand,India,False,False,holdout,last12,11,2025-10-01,1475.36,1339.4248046875,231.0677557596252,1078.3355712890625,1670.5860595703125,0.8,193.0822033898305,
chronos_2,electricity,IND|Uttarakhand,India,False,False,holdout,last12,12,2025-11-01,985.65,880.39013671875,100.62644435233527,809.4807739257812,1067.396728515625,0.8,193.0822033898305,
chronos_2,electricity,IND|Uttarakhand,India,False,False,rolling,2022-12-01,1,2023-01-01,929.92,886.5460205078125,118.83981184877872,746.4956665039062,1051.0943603515625,0.8,187.7491666666667,
chronos_2,electricity,IND|Uttarakhand,India,False,False,rolling,2022-12-01,2,2023-02-01,811.21,864.9799194335938,137.6422175336147,700.5133666992188,1053.3045654296875,0.8,187.7491666666667,
chronos_2,electricity,IND|Uttarakhand,India,False,False,rolling,2022-12-01,3,2023-03-01,750.54,877.0697021484375,162.3576036324853,694.025390625,1110.1646728515625,0.8,187.7491666666667,
chronos_2,electricity,IND|Uttarakhand,India,False,False,rolling,2022-12-01,4,2023-04-01,856.26,933.647705078125,183.2989875771115,724.764404296875,1194.57861328125,0.8,187.7491666666667,
chronos_2,electricity,IND|Uttarakhand,India,False,False,rolling,2022-12-01,5,2023-05-01,1163.59,1267.1177978515625,229.2879488693177,980.6203002929688,1568.3089599609375,0.8,187.7491666666667,
chronos_2,electricity,IND|Uttarakhand,India,False,False,rolling,2022-12-01,6,2023-06-01,1617.09,1678.2108154296875,235.42329500954932,1360.0328369140625,1963.447021484375,0.8,187.7491666666667,
chronos_2,electricity,IND|Uttarakhand,India,False,False,rolling,2022-12-01,7,2023-07-01,1985.56,1922.760009765625,237.11663692322142,1590.664794921875,2198.419189453125,0.8,187.7491666666667,
chronos_2,electricity,IND|Uttarakhand,India,False,False,rolling,2022-12-01,8,2023-08-01,2550.16,2124.945068359375,223.53946860912427,1848.7669677734375,2421.7216796875,0.8,187.7491666666667,
chronos_2,electricity,IND|Uttarakhand,India,False,False,rolling,2022-12-01,9,2023-09-01,1818.22,2128.841796875,231.00993781325482,1838.92822265625,2431.030517578125,0.8,187.7491666666667,
chronos_2,electricity,IND|Uttarakhand,India,False,False,rolling,2022-12-01,10,2023-10-01,1166.13,1531.32666015625,228.30040024743758,1238.3203125,1823.477783203125,0.8,187.7491666666667,
chronos_2,electricity,IND|Uttarakhand,India,False,False,rolling,2022-12-01,11,2023-11-01,879.59,978.91943359375,202.13649361324482,753.33056640625,1271.42724609375,0.8,187.7491666666667,
chronos_2,electricity,IND|Uttarakhand,India,False,False,rolling,2022-12-01,12,2023-12-01,902.79,951.6904907226562,192.83316217098422,731.0259399414062,1225.2772216796875,0.8,187.7491666666667,
chronos_2,electricity,IND|Uttarakhand,India,False,False,rolling,2023-12-01,1,2024-01-01,859.21,867.1196899414062,102.24041756120819,768.61572265625,1030.66845703125,0.8,189.45479166666667,
chronos_2,electricity,IND|Uttarakhand,India,False,False,rolling,2023-12-01,2,2024-02-01,756.5,848.849365234375,98.9204815525115,742.8609008789062,996.404296875,0.8,189.45479166666667,
chronos_2,electricity,IND|Uttarakhand,India,False,False,rolling,2023-12-01,3,2024-03-01,907.63,853.0985717773438,119.4813576861608,735.9757080078125,1042.21875,0.8,189.45479166666667,
chronos_2,electricity,IND|Uttarakhand,India,False,False,rolling,2023-12-01,4,2024-04-01,1059.47,891.956787109375,153.64888261891818,757.2194213867188,1151.037353515625,0.8,189.45479166666667,
chronos_2,electricity,IND|Uttarakhand,India,False,False,rolling,2023-12-01,5,2024-05-01,1569.63,1181.2877197265625,232.87420938880763,910.0966796875,1506.977294921875,0.8,189.45479166666667,
chronos_2,electricity,IND|Uttarakhand,India,False,False,rolling,2023-12-01,6,2024-06-01,1527.84,1588.785888671875,273.56242231029955,1236.1341552734375,1937.3028564453125,0.8,189.45479166666667,
chronos_2,electricity,IND|Uttarakhand,India,False,False,rolling,2023-12-01,7,2024-07-01,2293.83,1882.797607421875,328.25591352935083,1429.8740234375,2271.227783203125,0.8,189.45479166666667,
chronos_2,electricity,IND|Uttarakhand,India,False,False,rolling,2023-12-01,8,2024-08-01,2335.65,2119.2177734375,392.4328814807334,1616.315185546875,2622.1611328125,0.8,189.45479166666667,
chronos_2,electricity,IND|Uttarakhand,India,False,False,rolling,2023-12-01,9,2024-09-01,2455.11,1997.824951171875,367.7496667350532,1498.536865234375,2441.1171875,0.8,189.45479166666667,
chronos_2,electricity,IND|Uttarakhand,India,False,False,rolling,2023-12-01,10,2024-10-01,1319.4,1352.37353515625,280.7593278538442,1011.969970703125,1731.5850830078125,0.8,189.45479166666667,
chronos_2,electricity,IND|Uttarakhand,India,False,False,rolling,2023-12-01,11,2024-11-01,883.66,898.5247802734375,166.51013711930926,748.8432006835938,1175.6258544921875,0.8,189.45479166666667,
chronos_2,electricity,IND|Uttarakhand,India,False,False,rolling,2023-12-01,12,2024-12-01,925.11,875.43798828125,152.13711477488116,745.15576171875,1135.098876953125,0.8,189.45479166666667,
chronos_2,electricity,IND|West Bengal,India,True,False,holdout,last12,1,2024-12-01,7954.59,8025.978515625,403.96856192731394,7459.1767578125,8494.58984375,0.8,656.100847457627,
chronos_2,electricity,IND|West Bengal,India,True,False,holdout,last12,2,2025-01-01,8050.61,8355.693359375,502.95745820796463,7647.9296875,8937.0615234375,0.8,656.100847457627,
chronos_2,electricity,IND|West Bengal,India,True,False,holdout,last12,3,2025-02-01,7662.91,8144.66259765625,524.3838175627138,7418.2451171875,8762.294921875,0.8,656.100847457627,
chronos_2,electricity,IND|West Bengal,India,True,False,holdout,last12,4,2025-03-01,8692.39,8626.7392578125,633.1150854327545,7755.708984375,9378.4482421875,0.8,656.100847457627,
chronos_2,electricity,IND|West Bengal,India,True,False,holdout,last12,5,2025-04-01,8096.83,8566.0771484375,654.2229221966265,7655.6630859375,9332.50390625,0.8,656.100847457627,
chronos_2,electricity,IND|West Bengal,India,True,False,holdout,last12,6,2025-05-01,8080.16,8436.4873046875,651.71569981712,7550.94091796875,9221.35546875,0.8,656.100847457627,
chronos_2,electricity,IND|West Bengal,India,True,False,holdout,last12,7,2025-06-01,7957.76,8335.640625,646.8313692504331,7452.376953125,9110.2724609375,0.8,656.100847457627,
chronos_2,electricity,IND|West Bengal,India,True,False,holdout,last12,8,2025-07-01,8110.86,8209.8037109375,671.7229953085653,7306.177734375,9027.873046875,0.8,656.100847457627,
chronos_2,electricity,IND|West Bengal,India,True,False,holdout,last12,9,2025-08-01,7911.93,8107.97802734375,689.8343955701001,7184.53759765625,8952.654296875,0.8,656.100847457627,
chronos_2,electricity,IND|West Bengal,India,True,False,holdout,last12,10,2025-09-01,7560.3,8036.08984375,730.6077637536268,7078.89453125,8951.517578125,0.8,656.100847457627,
chronos_2,electricity,IND|West Bengal,India,True,False,holdout,last12,11,2025-10-01,7727.87,8138.04736328125,773.8430143784849,7106.4169921875,9089.8564453125,0.8,656.100847457627,
chronos_2,electricity,IND|West Bengal,India,True,False,holdout,last12,12,2025-11-01,6616.51,8008.47607421875,785.8691472235183,6963.6142578125,8977.8779296875,0.8,656.100847457627,
chronos_2,electricity,IND|West Bengal,India,True,False,rolling,2022-12-01,1,2023-01-01,8251.41,7474.16845703125,457.4834052577544,6857.5546875,8030.1318359375,0.8,876.1397222222222,
chronos_2,electricity,IND|West Bengal,India,True,False,rolling,2022-12-01,2,2023-02-01,7788.44,7427.02734375,595.1602230698189,6659.1328125,8184.58984375,0.8,876.1397222222222,
chronos_2,electricity,IND|West Bengal,India,True,False,rolling,2022-12-01,3,2023-03-01,8508.0,7350.45361328125,719.3516478418024,6419.6376953125,8263.41015625,0.8,876.1397222222222,
chronos_2,electricity,IND|West Bengal,India,True,False,rolling,2022-12-01,4,2023-04-01,8489.57,7341.59765625,796.1938893633339,6289.02490234375,8329.751953125,0.8,876.1397222222222,
chronos_2,electricity,IND|West Bengal,India,True,False,rolling,2022-12-01,5,2023-05-01,8144.18,7347.24560546875,824.5635458889572,6258.6650390625,8372.1064453125,0.8,876.1397222222222,
chronos_2,electricity,IND|West Bengal,India,True,False,rolling,2022-12-01,6,2023-06-01,7873.12,7381.18994140625,861.5695081172281,6252.00048828125,8460.2919921875,0.8,876.1397222222222,
chronos_2,electricity,IND|West Bengal,India,True,False,rolling,2022-12-01,7,2023-07-01,7707.61,7355.1025390625,906.5709207875542,6185.19921875,8508.833984375,0.8,876.1397222222222,
chronos_2,electricity,IND|West Bengal,India,True,False,rolling,2022-12-01,8,2023-08-01,7741.83,7318.3203125,951.3671607124409,6093.171875,8531.6240234375,0.8,876.1397222222222,
chronos_2,electricity,IND|West Bengal,India,True,False,rolling,2022-12-01,9,2023-09-01,7540.45,7240.92578125,997.8760310751181,5953.2763671875,8510.935546875,0.8,876.1397222222222,
chronos_2,electricity,IND|West Bengal,India,True,False,rolling,2022-12-01,10,2023-10-01,7786.41,7152.7490234375,1045.7978691749584,5811.56201171875,8492.0498046875,0.8,876.1397222222222,
chronos_2,electricity,IND|West Bengal,India,True,False,rolling,2022-12-01,11,2023-11-01,7762.35,7109.64208984375,1087.4658438697047,5740.7216796875,8528.0087890625,0.8,876.1397222222222,
chronos_2,electricity,IND|West Bengal,India,True,False,rolling,2022-12-01,12,2023-12-01,7429.38,7138.01904296875,1127.6741773615197,5701.52001953125,8591.865234375,0.8,876.1397222222222,
chronos_2,electricity,IND|West Bengal,India,True,False,rolling,2023-12-01,1,2024-01-01,7746.56,7657.4208984375,399.2476837427877,7098.36328125,8121.67626953125,0.8,728.3877083333333,
chronos_2,electricity,IND|West Bengal,India,True,False,rolling,2023-12-01,2,2024-02-01,7565.81,7653.52392578125,533.0216472968968,6925.994140625,8292.18359375,0.8,728.3877083333333,
chronos_2,electricity,IND|West Bengal,India,True,False,rolling,2023-12-01,3,2024-03-01,8463.55,7773.6171875,637.2347331766059,6907.07763671875,8540.3759765625,0.8,728.3877083333333,
chronos_2,electricity,IND|West Bengal,India,True,False,rolling,2023-12-01,4,2024-04-01,8191.04,7767.05126953125,689.3583262192616,6825.0751953125,8591.9716796875,0.8,728.3877083333333,
chronos_2,electricity,IND|West Bengal,India,True,False,rolling,2023-12-01,5,2024-05-01,8240.98,7735.2841796875,728.9797170660452,6738.4990234375,8606.94921875,0.8,728.3877083333333,
chronos_2,electricity,IND|West Bengal,India,True,False,rolling,2023-12-01,6,2024-06-01,8450.81,7701.61865234375,747.1080721784103,6679.2900390625,8594.205078125,0.8,728.3877083333333,
chronos_2,electricity,IND|West Bengal,India,True,False,rolling,2023-12-01,7,2024-07-01,8189.62,7634.634765625,782.1257447649436,6561.94140625,8566.6103515625,0.8,728.3877083333333,
chronos_2,electricity,IND|West Bengal,India,True,False,rolling,2023-12-01,8,2024-08-01,7804.64,7615.169921875,819.1103705517204,6512.04150390625,8611.505859375,0.8,728.3877083333333,
chronos_2,electricity,IND|West Bengal,India,True,False,rolling,2023-12-01,9,2024-09-01,7922.51,7618.3798828125,839.6846057742963,6474.0966796875,8626.294921875,0.8,728.3877083333333,
chronos_2,electricity,IND|West Bengal,India,True,False,rolling,2023-12-01,10,2024-10-01,8798.22,7647.35888671875,877.7286239820469,6464.94140625,8714.650390625,0.8,728.3877083333333,
chronos_2,electricity,IND|West Bengal,India,True,False,rolling,2023-12-01,11,2024-11-01,7826.05,7658.8349609375,911.1755915675141,6437.56787109375,8773.0048828125,0.8,728.3877083333333,
chronos_2,electricity,IND|West Bengal,India,True,False,rolling,2023-12-01,12,2024-12-01,7954.59,7683.60595703125,971.7221258978758,6393.34765625,8883.9716796875,0.8,728.3877083333333,
chronos_2,electricity,USA|Alabama,US,True,False,holdout,last12,1,2025-01-01,13861.86,12503.9248046875,556.0040428491849,11798.16796875,13223.263671875,0.8,648.7864855072464,
chronos_2,electricity,USA|Alabama,US,True,False,holdout,last12,2,2025-02-01,10453.48,11003.9169921875,594.6271930403485,10238.791015625,11762.8818359375,0.8,648.7864855072464,
chronos_2,electricity,USA|Alabama,US,True,False,holdout,last12,3,2025-03-01,10399.45,10880.916015625,571.42457493121,10145.4501953125,11610.0703125,0.8,648.7864855072464,
chronos_2,electricity,USA|Alabama,US,True,False,holdout,last12,4,2025-04-01,10242.19,9869.0849609375,583.4644240600612,9118.3232421875,10613.802734375,0.8,648.7864855072464,
chronos_2,electricity,USA|Alabama,US,True,False,holdout,last12,5,2025-05-01,11299.5,11566.673828125,592.916467641977,10816.4501953125,12336.15625,0.8,648.7864855072464,
chronos_2,electricity,USA|Alabama,US,True,False,holdout,last12,6,2025-06-01,12377.33,12796.853515625,565.4930441958317,12114.509765625,13563.9267578125,0.8,648.7864855072464,
chronos_2,electricity,USA|Alabama,US,True,False,holdout,last12,7,2025-07-01,13945.0,13880.869140625,574.6105628557497,13171.3154296875,14644.1015625,0.8,648.7864855072464,
chronos_2,electricity,USA|Alabama,US,True,False,holdout,last12,8,2025-08-01,12394.4,13761.05078125,570.7970549465513,13063.767578125,14526.779296875,0.8,648.7864855072464,
chronos_2,electricity,USA|Alabama,US,True,False,holdout,last12,9,2025-09-01,12051.63,12090.9541015625,618.45275903954,11288.943359375,12874.1015625,0.8,648.7864855072464,
chronos_2,electricity,USA|Alabama,US,True,False,holdout,last12,10,2025-10-01,11040.76,10995.74609375,631.9274838588739,10165.310546875,11785.005859375,0.8,648.7864855072464,
chronos_2,electricity,USA|Alabama,US,True,False,holdout,last12,11,2025-11-01,11510.35,11046.541015625,652.8772023509588,10198.12890625,11871.5205078125,0.8,648.7864855072464,
chronos_2,electricity,USA|Alabama,US,True,False,holdout,last12,12,2025-12-01,12765.81,12140.9755859375,671.3629428583512,11254.9677734375,12975.740234375,0.8,648.7864855072464,
chronos_2,electricity,USA|Alabama,US,True,False,rolling,2022-12-01,1,2023-01-01,11762.94,12528.7685546875,514.1747113156389,11883.2978515625,13201.1806640625,0.8,663.5769444444445,
chronos_2,electricity,USA|Alabama,US,True,False,rolling,2022-12-01,2,2023-02-01,10090.04,10987.9267578125,556.3991480247108,10271.587890625,11697.6962890625,0.8,663.5769444444445,
chronos_2,electricity,USA|Alabama,US,True,False,rolling,2022-12-01,3,2023-03-01,11092.15,10836.90234375,542.5003614306804,10139.59765625,11530.08203125,0.8,663.5769444444445,
chronos_2,electricity,USA|Alabama,US,True,False,rolling,2022-12-01,4,2023-04-01,10116.2,9752.724609375,573.8763606636201,9014.783203125,10485.6875,0.8,663.5769444444445,
chronos_2,electricity,USA|Alabama,US,True,False,rolling,2022-12-01,5,2023-05-01,11492.43,11432.013671875,556.8232097994074,10742.09765625,12169.29296875,0.8,663.5769444444445,
chronos_2,electricity,USA|Alabama,US,True,False,rolling,2022-12-01,6,2023-06-01,12235.65,12806.0029296875,549.9681159536387,12141.9248046875,13551.5498046875,0.8,663.5769444444445,
chronos_2,electricity,USA|Alabama,US,True,False,rolling,2022-12-01,7,2023-07-01,13989.97,13854.822265625,552.3288408018147,13168.05078125,14583.7265625,0.8,663.5769444444445,
chronos_2,electricity,USA|Alabama,US,True,False,rolling,2022-12-01,8,2023-08-01,13945.09,13713.6259765625,556.0608130238747,13021.6865234375,14446.927734375,0.8,663.5769444444445,
chronos_2,electricity,USA|Alabama,US,True,False,rolling,2022-12-01,9,2023-09-01,11681.29,12110.8798828125,587.0337059157282,11355.9013671875,12860.529296875,0.8,663.5769444444445,
chronos_2,electricity,USA|Alabama,US,True,False,rolling,2022-12-01,10,2023-10-01,10480.49,11040.1494140625,600.4253710163883,10242.8701171875,11781.822265625,0.8,663.5769444444445,
chronos_2,electricity,USA|Alabama,US,True,False,rolling,2022-12-01,11,2023-11-01,11504.27,11009.119140625,624.2997060247093,10201.1767578125,11801.3212890625,0.8,663.5769444444445,
chronos_2,electricity,USA|Alabama,US,True,False,rolling,2022-12-01,12,2023-12-01,11979.99,11991.3671875,654.6976580198717,11134.4619140625,12812.51953125,0.8,663.5769444444445,
chronos_2,electricity,USA|Alabama,US,True,False,rolling,2023-12-01,1,2024-01-01,12879.43,12227.029296875,528.3958305793848,11548.99609375,12903.3291015625,0.8,660.1935984848484,
chronos_2,electricity,USA|Alabama,US,True,False,rolling,2023-12-01,2,2024-02-01,10243.32,10812.572265625,560.3349594646169,10082.34765625,11518.5439453125,0.8,660.1935984848484,
chronos_2,electricity,USA|Alabama,US,True,False,rolling,2023-12-01,3,2024-03-01,10234.24,10730.5126953125,534.2507787301145,10043.228515625,11412.568359375,0.8,660.1935984848484,
chronos_2,electricity,USA|Alabama,US,True,False,rolling,2023-12-01,4,2024-04-01,10694.23,9663.123046875,566.7499892045684,8930.2080078125,10382.8466796875,0.8,660.1935984848484,
chronos_2,electricity,USA|Alabama,US,True,False,rolling,2023-12-01,5,2024-05-01,11850.48,11347.8330078125,544.9068072249154,10660.8974609375,12057.5498046875,0.8,660.1935984848484,
chronos_2,electricity,USA|Alabama,US,True,False,rolling,2023-12-01,6,2024-06-01,12706.65,12677.1337890625,542.097636097478,12005.431640625,13394.8837890625,0.8,660.1935984848484,
chronos_2,electricity,USA|Alabama,US,True,False,rolling,2023-12-01,7,2024-07-01,14013.23,13704.3388671875,528.7154961939135,13041.96484375,14397.1171875,0.8,660.1935984848484,
chronos_2,electricity,USA|Alabama,US,True,False,rolling,2023-12-01,8,2024-08-01,14072.03,13533.396484375,543.7698796995833,12831.46875,14225.20703125,0.8,660.1935984848484,
chronos_2,electricity,USA|Alabama,US,True,False,rolling,2023-12-01,9,2024-09-01,11891.39,11882.65234375,581.1959031197707,11141.2255859375,12630.890625,0.8,660.1935984848484,
chronos_2,electricity,USA|Alabama,US,True,False,rolling,2023-12-01,10,2024-10-01,11059.25,10715.236328125,608.2226973588548,9931.3837890625,11490.3212890625,0.8,660.1935984848484,
chronos_2,electricity,USA|Alabama,US,True,False,rolling,2023-12-01,11,2024-11-01,11507.12,10772.5478515625,620.0689944827232,9969.115234375,11558.416015625,0.8,660.1935984848484,
chronos_2,electricity,USA|Alabama,US,True,False,rolling,2023-12-01,12,2024-12-01,12277.28,11875.5859375,649.4187937894847,11026.193359375,12690.720703125,0.8,660.1935984848484,
chronos_2,electricity,USA|Alabama,US,True,False,rolling,2024-12-01,1,2025-01-01,13861.86,12503.9248046875,556.0040428491849,11798.16796875,13223.263671875,0.8,648.7864855072464,
chronos_2,electricity,USA|Alabama,US,True,False,rolling,2024-12-01,2,2025-02-01,10453.48,11003.9169921875,594.6271930403485,10238.791015625,11762.8818359375,0.8,648.7864855072464,
chronos_2,electricity,USA|Alabama,US,True,False,rolling,2024-12-01,3,2025-03-01,10399.45,10880.916015625,571.42457493121,10145.4501953125,11610.0703125,0.8,648.7864855072464,
chronos_2,electricity,USA|Alabama,US,True,False,rolling,2024-12-01,4,2025-04-01,10242.19,9869.0849609375,583.4644240600612,9118.3232421875,10613.802734375,0.8,648.7864855072464,
chronos_2,electricity,USA|Alabama,US,True,False,rolling,2024-12-01,5,2025-05-01,11299.5,11566.673828125,592.916467641977,10816.4501953125,12336.15625,0.8,648.7864855072464,
chronos_2,electricity,USA|Alabama,US,True,False,rolling,2024-12-01,6,2025-06-01,12377.33,12796.853515625,565.4930441958317,12114.509765625,13563.9267578125,0.8,648.7864855072464,
chronos_2,electricity,USA|Alabama,US,True,False,rolling,2024-12-01,7,2025-07-01,13945.0,13880.869140625,574.6105628557497,13171.3154296875,14644.1015625,0.8,648.7864855072464,
chronos_2,electricity,USA|Alabama,US,True,False,rolling,2024-12-01,8,2025-08-01,12394.4,13761.05078125,570.7970549465513,13063.767578125,14526.779296875,0.8,648.7864855072464,
chronos_2,electricity,USA|Alabama,US,True,False,rolling,2024-12-01,9,2025-09-01,12051.63,12090.9541015625,618.45275903954,11288.943359375,12874.1015625,0.8,648.7864855072464,
chronos_2,electricity,USA|Alabama,US,True,False,rolling,2024-12-01,10,2025-10-01,11040.76,10995.74609375,631.9274838588739,10165.310546875,11785.005859375,0.8,648.7864855072464,
chronos_2,electricity,USA|Alabama,US,True,False,rolling,2024-12-01,11,2025-11-01,11510.35,11046.541015625,652.8772023509588,10198.12890625,11871.5205078125,0.8,648.7864855072464,
chronos_2,electricity,USA|Alabama,US,True,False,rolling,2024-12-01,12,2025-12-01,12765.81,12140.9755859375,671.3629428583512,11254.9677734375,12975.740234375,0.8,648.7864855072464,
chronos_2,electricity,USA|Alaska,US,False,False,holdout,last12,1,2025-01-01,586.3,579.402587890625,39.471583309462375,531.4940185546875,632.6637573242188,0.8,30.92786231884058,
chronos_2,electricity,USA|Alaska,US,False,False,holdout,last12,2,2025-02-01,486.09,517.1604614257812,40.99707934381344,462.6908874511719,567.7706298828125,0.8,30.92786231884058,
chronos_2,electricity,USA|Alaska,US,False,False,holdout,last12,3,2025-03-01,461.08,543.2564086914062,40.9847918395601,489.1804504394531,594.2286987304688,0.8,30.92786231884058,
chronos_2,electricity,USA|Alaska,US,False,False,holdout,last12,4,2025-04-01,478.15,482.04559326171875,47.98913361732062,414.79229736328125,537.7933959960938,0.8,30.92786231884058,
chronos_2,electricity,USA|Alaska,US,False,False,holdout,last12,5,2025-05-01,477.57,488.94293212890625,46.80584219512571,424.6822509765625,544.6504516601562,0.8,30.92786231884058,
chronos_2,electricity,USA|Alaska,US,False,False,holdout,last12,6,2025-06-01,567.59,549.130615234375,47.538067908858004,484.8353271484375,606.6802978515625,0.8,30.92786231884058,
chronos_2,electricity,USA|Alaska,US,False,False,holdout,last12,7,2025-07-01,617.3,612.531982421875,52.535915011931884,540.9235229492188,675.5784912109375,0.8,30.92786231884058,
chronos_2,electricity,USA|Alaska,US,False,False,holdout,last12,8,2025-08-01,591.46,609.1815185546875,55.598813577003526,536.4030151367188,678.9085083007812,0.8,30.92786231884058,
chronos_2,electricity,USA|Alaska,US,False,False,holdout,last12,9,2025-09-01,522.84,521.6715087890625,48.31683611689871,455.7261047363281,579.567138671875,0.8,30.92786231884058,
chronos_2,electricity,USA|Alaska,US,False,False,holdout,last12,10,2025-10-01,483.49,510.63995361328125,43.06479722283211,449.0838623046875,559.46337890625,0.8,30.92786231884058,
chronos_2,electricity,USA|Alaska,US,False,False,holdout,last12,11,2025-11-01,528.09,537.1541748046875,38.06921235406844,486.67999267578125,584.2553100585938,0.8,30.92786231884058,
chronos_2,electricity,USA|Alaska,US,False,False,holdout,last12,12,2025-12-01,624.85,579.7076416015625,38.184800620823665,532.554443359375,630.426025390625,0.8,30.92786231884058,
chronos_2,electricity,USA|Alaska,US,False,False,rolling,2022-12-01,1,2023-01-01,568.98,619.5167236328125,26.593112015320962,585.8871459960938,654.0480346679688,0.8,29.32059523809524,
chronos_2,electricity,USA|Alaska,US,False,False,rolling,2022-12-01,2,2023-02-01,481.04,555.8980712890625,24.544885070859184,524.6213989257812,587.532470703125,0.8,29.32059523809524,
chronos_2,electricity,USA|Alaska,US,False,False,rolling,2022-12-01,3,2023-03-01,549.85,570.4730834960938,24.834403436580253,539.6646118164062,603.3177490234375,0.8,29.32059523809524,
chronos_2,electricity,USA|Alaska,US,False,False,rolling,2022-12-01,4,2023-04-01,479.65,519.4432983398438,24.28451380825068,487.29449462890625,549.5382080078125,0.8,29.32059523809524,
chronos_2,electricity,USA|Alaska,US,False,False,rolling,2022-12-01,5,2023-05-01,542.95,528.531005859375,25.03748063865866,496.59637451171875,560.77001953125,0.8,29.32059523809524,
chronos_2,electricity,USA|Alaska,US,False,False,rolling,2022-12-01,6,2023-06-01,572.99,532.5308837890625,25.512573656794952,499.0736083984375,564.4649658203125,0.8,29.32059523809524,
chronos_2,electricity,USA|Alaska,US,False,False,rolling,2022-12-01,7,2023-07-01,643.21,550.0848999023438,27.22315617721009,514.8892822265625,584.6650390625,0.8,29.32059523809524,
chronos_2,electricity,USA|Alaska,US,False,False,rolling,2022-12-01,8,2023-08-01,637.03,531.2824096679688,27.76961673458524,496.72216796875,567.8985595703125,0.8,29.32059523809524,
chronos_2,electricity,USA|Alaska,US,False,False,rolling,2022-12-01,9,2023-09-01,504.12,483.88385009765625,27.450522631882304,448.23828125,518.5968017578125,0.8,29.32059523809524,
chronos_2,electricity,USA|Alaska,US,False,False,rolling,2022-12-01,10,2023-10-01,507.37,496.3656311035156,28.271320772107394,459.4668884277344,531.92919921875,0.8,29.32059523809524,
chronos_2,electricity,USA|Alaska,US,False,False,rolling,2022-12-01,11,2023-11-01,514.97,539.3473510742188,29.18096518824179,503.35101318359375,578.1448364257812,0.8,29.32059523809524,
chronos_2,electricity,USA|Alaska,US,False,False,rolling,2022-12-01,12,2023-12-01,558.31,597.1466064453125,30.455889006496463,558.8342895507812,636.8958740234375,0.8,29.32059523809524,
chronos_2,electricity,USA|Alaska,US,False,False,rolling,2023-12-01,1,2024-01-01,623.92,574.2163696289062,27.151217126145497,540.9631958007812,610.5545654296875,0.8,30.02606060606061,
chronos_2,electricity,USA|Alaska,US,False,False,rolling,2023-12-01,2,2024-02-01,552.48,506.8926086425781,24.97541207308439,473.7341613769531,537.7487182617188,0.8,30.02606060606061,
chronos_2,electricity,USA|Alaska,US,False,False,rolling,2023-12-01,3,2024-03-01,561.01,527.2562866210938,26.181849724221625,494.7663879394531,561.8731689453125,0.8,30.02606060606061,
chronos_2,electricity,USA|Alaska,US,False,False,rolling,2023-12-01,4,2024-04-01,500.53,480.45758056640625,28.935536578577025,441.9664001464844,516.1311645507812,0.8,30.02606060606061,
chronos_2,electricity,USA|Alaska,US,False,False,rolling,2023-12-01,5,2024-05-01,271.45,512.6831665039062,29.285361348409676,474.7750244140625,549.83642578125,0.8,30.02606060606061,
chronos_2,electricity,USA|Alaska,US,False,False,rolling,2023-12-01,6,2024-06-01,547.3,538.9611206054688,33.31507932518211,496.7198791503906,582.10986328125,0.8,30.02606060606061,
chronos_2,electricity,USA|Alaska,US,False,False,rolling,2023-12-01,7,2024-07-01,666.44,582.5601806640625,37.96476856791507,534.23876953125,631.54638671875,0.8,30.02606060606061,
chronos_2,electricity,USA|Alaska,US,False,False,rolling,2023-12-01,8,2024-08-01,625.88,564.367431640625,38.0638782436949,515.626953125,613.1885986328125,0.8,30.02606060606061,
chronos_2,electricity,USA|Alaska,US,False,False,rolling,2023-12-01,9,2024-09-01,493.27,489.73089599609375,35.006051846076666,446.61663818359375,536.3407592773438,0.8,30.02606060606061,
chronos_2,electricity,USA|Alaska,US,False,False,rolling,2023-12-01,10,2024-10-01,420.39,497.292724609375,33.61489681026281,454.20123291015625,540.3596801757812,0.8,30.02606060606061,
chronos_2,electricity,USA|Alaska,US,False,False,rolling,2023-12-01,11,2024-11-01,523.25,528.628173828125,34.31734437657495,486.4686584472656,574.4275512695312,0.8,30.02606060606061,
chronos_2,electricity,USA|Alaska,US,False,False,rolling,2023-12-01,12,2024-12-01,571.42,566.4269409179688,35.77066322993403,522.1802978515625,613.8641967773438,0.8,30.02606060606061,
chronos_2,electricity,USA|Alaska,US,False,False,rolling,2024-12-01,1,2025-01-01,586.3,579.402587890625,39.471583309462375,531.4940185546875,632.6637573242188,0.8,30.92786231884058,
chronos_2,electricity,USA|Alaska,US,False,False,rolling,2024-12-01,2,2025-02-01,486.09,517.1604614257812,40.99707934381344,462.6908874511719,567.7706298828125,0.8,30.92786231884058,
chronos_2,electricity,USA|Alaska,US,False,False,rolling,2024-12-01,3,2025-03-01,461.08,543.2564086914062,40.9847918395601,489.1804504394531,594.2286987304688,0.8,30.92786231884058,
chronos_2,electricity,USA|Alaska,US,False,False,rolling,2024-12-01,4,2025-04-01,478.15,482.04559326171875,47.98913361732062,414.79229736328125,537.7933959960938,0.8,30.92786231884058,
chronos_2,electricity,USA|Alaska,US,False,False,rolling,2024-12-01,5,2025-05-01,477.57,488.94293212890625,46.80584219512571,424.6822509765625,544.6504516601562,0.8,30.92786231884058,
chronos_2,electricity,USA|Alaska,US,False,False,rolling,2024-12-01,6,2025-06-01,567.59,549.130615234375,47.538067908858004,484.8353271484375,606.6802978515625,0.8,30.92786231884058,
chronos_2,electricity,USA|Alaska,US,False,False,rolling,2024-12-01,7,2025-07-01,617.3,612.531982421875,52.535915011931884,540.9235229492188,675.5784912109375,0.8,30.92786231884058,
chronos_2,electricity,USA|Alaska,US,False,False,rolling,2024-12-01,8,2025-08-01,591.46,609.1815185546875,55.598813577003526,536.4030151367188,678.9085083007812,0.8,30.92786231884058,
chronos_2,electricity,USA|Alaska,US,False,False,rolling,2024-12-01,9,2025-09-01,522.84,521.6715087890625,48.31683611689871,455.7261047363281,579.567138671875,0.8,30.92786231884058,
chronos_2,electricity,USA|Alaska,US,False,False,rolling,2024-12-01,10,2025-10-01,483.49,510.63995361328125,43.06479722283211,449.0838623046875,559.46337890625,0.8,30.92786231884058,
chronos_2,electricity,USA|Alaska,US,False,False,rolling,2024-12-01,11,2025-11-01,528.09,537.1541748046875,38.06921235406844,486.67999267578125,584.2553100585938,0.8,30.92786231884058,
chronos_2,electricity,USA|Alaska,US,False,False,rolling,2024-12-01,12,2025-12-01,624.85,579.7076416015625,38.184800620823665,532.554443359375,630.426025390625,0.8,30.92786231884058,
chronos_2,electricity,USA|Arizona,US,True,False,holdout,last12,1,2025-01-01,9857.97,9679.7431640625,407.010528871768,9180.3154296875,10223.525390625,0.8,542.966811594203,
chronos_2,electricity,USA|Arizona,US,True,False,holdout,last12,2,2025-02-01,8344.59,8456.0302734375,414.76880190614236,7918.90380859375,8981.9990234375,0.8,542.966811594203,
chronos_2,electricity,USA|Arizona,US,True,False,holdout,last12,3,2025-03-01,8234.84,8783.3349609375,455.7412467089673,8181.33837890625,9349.4501953125,0.8,542.966811594203,
chronos_2,electricity,USA|Arizona,US,True,False,holdout,last12,4,2025-04-01,7976.68,8395.6123046875,472.6456139945465,7797.1962890625,9008.6357421875,0.8,542.966811594203,
chronos_2,electricity,USA|Arizona,US,True,False,holdout,last12,5,2025-05-01,9772.43,9632.078125,559.974526006519,8923.873046875,10359.1455078125,0.8,542.966811594203,
chronos_2,electricity,USA|Arizona,US,True,False,holdout,last12,6,2025-06-01,11484.6,11333.6630859375,683.6302536938455,10492.947265625,12245.162109375,0.8,542.966811594203,
chronos_2,electricity,USA|Arizona,US,True,False,holdout,last12,7,2025-07-01,13119.49,12985.5361328125,770.7122725970997,11993.1083984375,13968.5234375,0.8,542.966811594203,
chronos_2,electricity,USA|Arizona,US,True,False,holdout,last12,8,2025-08-01,13771.1,13139.935546875,823.1004756150714,12094.771484375,14204.462890625,0.8,542.966811594203,
chronos_2,electricity,USA|Arizona,US,True,False,holdout,last12,9,2025-09-01,12089.36,11802.4921875,778.3914864955806,10752.3828125,12747.48046875,0.8,542.966811594203,
chronos_2,electricity,USA|Arizona,US,True,False,holdout,last12,10,2025-10-01,9876.54,10126.587890625,693.3181411558486,9275.6318359375,11052.677734375,0.8,542.966811594203,
chronos_2,electricity,USA|Arizona,US,True,False,holdout,last12,11,2025-11-01,8643.59,8822.771484375,616.7460342239486,8065.56396484375,9646.34765625,0.8,542.966811594203,
chronos_2,electricity,USA|Arizona,US,True,False,holdout,last12,12,2025-12-01,9369.16,9766.0517578125,761.1405925396631,8823.05859375,10773.9404296875,0.8,542.966811594203,
chronos_2,electricity,USA|Arizona,US,True,False,rolling,2022-12-01,1,2023-01-01,8682.09,8609.1318359375,372.2294621810896,8141.31640625,9095.37890625,0.8,540.4200396825397,
chronos_2,electricity,USA|Arizona,US,True,False,rolling,2022-12-01,2,2023-02-01,7881.53,7506.04931640625,363.20757650001156,7061.5478515625,7992.486328125,0.8,540.4200396825397,
chronos_2,electricity,USA|Arizona,US,True,False,rolling,2022-12-01,3,2023-03-01,8087.62,7922.41455078125,416.21872740803616,7416.3984375,8483.2099609375,0.8,540.4200396825397,
chronos_2,electricity,USA|Arizona,US,True,False,rolling,2022-12-01,4,2023-04-01,8371.26,7503.919921875,450.6408846721519,6975.5595703125,8130.5986328125,0.8,540.4200396825397,
chronos_2,electricity,USA|Arizona,US,True,False,rolling,2022-12-01,5,2023-05-01,8881.9,8543.521484375,500.65788512514246,7941.19873046875,9224.4365234375,0.8,540.4200396825397,
chronos_2,electricity,USA|Arizona,US,True,False,rolling,2022-12-01,6,2023-06-01,9977.31,9995.015625,620.939216489378,9220.8974609375,10812.4287109375,0.8,540.4200396825397,
chronos_2,electricity,USA|Arizona,US,True,False,rolling,2022-12-01,7,2023-07-01,12637.0,11424.88671875,665.3056795213108,10599.33203125,12304.5791015625,0.8,540.4200396825397,
chronos_2,electricity,USA|Arizona,US,True,False,rolling,2022-12-01,8,2023-08-01,12440.14,11507.732421875,736.0691307603659,10647.3134765625,12533.9345703125,0.8,540.4200396825397,
chronos_2,electricity,USA|Arizona,US,True,False,rolling,2022-12-01,9,2023-09-01,10775.86,10336.7421875,676.1232553588533,9506.708984375,11239.6826171875,0.8,540.4200396825397,
chronos_2,electricity,USA|Arizona,US,True,False,rolling,2022-12-01,10,2023-10-01,9915.96,8856.7744140625,589.9535598334165,8135.09619140625,9647.2080078125,0.8,540.4200396825397,
chronos_2,electricity,USA|Arizona,US,True,False,rolling,2022-12-01,11,2023-11-01,8970.06,7721.13134765625,525.3948219824418,7071.11474609375,8417.755859375,0.8,540.4200396825397,
chronos_2,electricity,USA|Arizona,US,True,False,rolling,2022-12-01,12,2023-12-01,9302.92,8671.21875,641.8081613100921,7902.5029296875,9547.5234375,0.8,540.4200396825397,
chronos_2,electricity,USA|Arizona,US,True,False,rolling,2023-12-01,1,2024-01-01,9387.9,9263.1064453125,422.3861020235018,8754.15234375,9836.771484375,0.8,544.2112878787879,
chronos_2,electricity,USA|Arizona,US,True,False,rolling,2023-12-01,2,2024-02-01,8290.58,8290.9609375,459.9266183127784,7702.53759765625,8881.376953125,0.8,544.2112878787879,
chronos_2,electricity,USA|Arizona,US,True,False,rolling,2023-12-01,3,2024-03-01,8271.34,8538.5234375,506.8681231275383,7881.1201171875,9180.275390625,0.8,544.2112878787879,
chronos_2,electricity,USA|Arizona,US,True,False,rolling,2023-12-01,4,2024-04-01,7952.66,8214.9462890625,525.4887404258046,7561.34375,8908.2255859375,0.8,544.2112878787879,
chronos_2,electricity,USA|Arizona,US,True,False,rolling,2023-12-01,5,2024-05-01,9180.39,9241.7607421875,603.5564938056573,8486.2861328125,10033.263671875,0.8,544.2112878787879,
chronos_2,electricity,USA|Arizona,US,True,False,rolling,2023-12-01,6,2024-06-01,11363.51,10656.04296875,675.2389360604968,9847.2177734375,11577.9248046875,0.8,544.2112878787879,
chronos_2,electricity,USA|Arizona,US,True,False,rolling,2023-12-01,7,2024-07-01,13144.93,12198.892578125,762.7354915413521,11244.3505859375,13199.3203125,0.8,544.2112878787879,
chronos_2,electricity,USA|Arizona,US,True,False,rolling,2023-12-01,8,2024-08-01,12931.39,12395.0517578125,824.2621686528521,11388.880859375,13501.5498046875,0.8,544.2112878787879,
chronos_2,electricity,USA|Arizona,US,True,False,rolling,2023-12-01,9,2024-09-01,11299.5,11123.68359375,778.1636437810537,10111.4462890625,12105.9599609375,0.8,544.2112878787879,
chronos_2,electricity,USA|Arizona,US,True,False,rolling,2023-12-01,10,2024-10-01,10450.03,9668.9619140625,720.5666819833185,8779.6513671875,10626.5380859375,0.8,544.2112878787879,
chronos_2,electricity,USA|Arizona,US,True,False,rolling,2023-12-01,11,2024-11-01,8796.14,8557.1826171875,655.9755584622188,7750.146484375,9431.4794921875,0.8,544.2112878787879,
chronos_2,electricity,USA|Arizona,US,True,False,rolling,2023-12-01,12,2024-12-01,9857.3,9338.095703125,761.5539860936126,8403.9423828125,10355.8837890625,0.8,544.2112878787879,
chronos_2,electricity,USA|Arizona,US,True,False,rolling,2024-12-01,1,2025-01-01,9857.97,9679.7431640625,407.010528871768,9180.3154296875,10223.525390625,0.8,542.966811594203,
chronos_2,electricity,USA|Arizona,US,True,False,rolling,2024-12-01,2,2025-02-01,8344.59,8456.0302734375,414.76880190614236,7918.90380859375,8981.9990234375,0.8,542.966811594203,
chronos_2,electricity,USA|Arizona,US,True,False,rolling,2024-12-01,3,2025-03-01,8234.84,8783.3349609375,455.7412467089673,8181.33837890625,9349.4501953125,0.8,542.966811594203,
chronos_2,electricity,USA|Arizona,US,True,False,rolling,2024-12-01,4,2025-04-01,7976.68,8395.6123046875,472.6456139945465,7797.1962890625,9008.6357421875,0.8,542.966811594203,
chronos_2,electricity,USA|Arizona,US,True,False,rolling,2024-12-01,5,2025-05-01,9772.43,9632.078125,559.974526006519,8923.873046875,10359.1455078125,0.8,542.966811594203,
chronos_2,electricity,USA|Arizona,US,True,False,rolling,2024-12-01,6,2025-06-01,11484.6,11333.6630859375,683.6302536938455,10492.947265625,12245.162109375,0.8,542.966811594203,
chronos_2,electricity,USA|Arizona,US,True,False,rolling,2024-12-01,7,2025-07-01,13119.49,12985.5361328125,770.7122725970997,11993.1083984375,13968.5234375,0.8,542.966811594203,
chronos_2,electricity,USA|Arizona,US,True,False,rolling,2024-12-01,8,2025-08-01,13771.1,13139.935546875,823.1004756150714,12094.771484375,14204.462890625,0.8,542.966811594203,
chronos_2,electricity,USA|Arizona,US,True,False,rolling,2024-12-01,9,2025-09-01,12089.36,11802.4921875,778.3914864955806,10752.3828125,12747.48046875,0.8,542.966811594203,
chronos_2,electricity,USA|Arizona,US,True,False,rolling,2024-12-01,10,2025-10-01,9876.54,10126.587890625,693.3181411558486,9275.6318359375,11052.677734375,0.8,542.966811594203,
chronos_2,electricity,USA|Arizona,US,True,False,rolling,2024-12-01,11,2025-11-01,8643.59,8822.771484375,616.7460342239486,8065.56396484375,9646.34765625,0.8,542.966811594203,
chronos_2,electricity,USA|Arizona,US,True,False,rolling,2024-12-01,12,2025-12-01,9369.16,9766.0517578125,761.1405925396631,8823.05859375,10773.9404296875,0.8,542.966811594203,
chronos_2,electricity,USA|Arkansas,US,True,False,holdout,last12,1,2025-01-01,6010.79,5281.263671875,445.990873954017,4698.794921875,5841.91552734375,0.8,471.990579710145,
chronos_2,electricity,USA|Arkansas,US,True,False,holdout,last12,2,2025-02-01,4790.01,4525.0498046875,441.5151743427317,3972.96728515625,5104.6162109375,0.8,471.990579710145,
chronos_2,electricity,USA|Arkansas,US,True,False,holdout,last12,3,2025-03-01,4558.38,4287.67041015625,409.68853803519875,3768.061279296875,4818.13525390625,0.8,471.990579710145,
chronos_2,electricity,USA|Arkansas,US,True,False,holdout,last12,4,2025-04-01,4000.74,3842.102783203125,397.24081996671356,3365.084716796875,4383.25390625,0.8,471.990579710145,
chronos_2,electricity,USA|Arkansas,US,True,False,holdout,last12,5,2025-05-01,5070.82,4554.02099609375,434.78162201190304,3998.103515625,5112.49365234375,0.8,471.990579710145,
chronos_2,electricity,USA|Arkansas,US,True,False,holdout,last12,6,2025-06-01,6200.04,5844.421875,536.1070491401069,5143.71484375,6517.8125,0.8,471.990579710145,
chronos_2,electricity,USA|Arkansas,US,True,False,holdout,last12,7,2025-07-01,7671.86,6612.72265625,526.1094022685545,5931.41162109375,7279.88427734375,0.8,471.990579710145,
chronos_2,electricity,USA|Arkansas,US,True,False,holdout,last12,8,2025-08-01,7065.7,6596.4208984375,537.9894185901413,5898.06005859375,7276.982421875,0.8,471.990579710145,
chronos_2,electricity,USA|Arkansas,US,True,False,holdout,last12,9,2025-09-01,5895.66,5279.4560546875,527.8706112115328,4578.2763671875,5931.26318359375,0.8,471.990579710145,
chronos_2,electricity,USA|Arkansas,US,True,False,holdout,last12,10,2025-10-01,5114.02,4393.076171875,469.7600507864024,3761.72265625,4965.76611328125,0.8,471.990579710145,
chronos_2,electricity,USA|Arkansas,US,True,False,holdout,last12,11,2025-11-01,5252.74,4131.4326171875,474.83974314552034,3517.826904296875,4734.89013671875,0.8,471.990579710145,
chronos_2,electricity,USA|Arkansas,US,True,False,holdout,last12,12,2025-12-01,5554.66,4855.7080078125,546.5535232988044,4146.93408203125,5547.80712890625,0.8,471.990579710145,
chronos_2,electricity,USA|Arkansas,US,True,False,rolling,2022-12-01,1,2023-01-01,5607.2,5674.3408203125,473.81492719000363,5038.09765625,6252.5341796875,0.8,479.7086904761905,
chronos_2,electricity,USA|Arkansas,US,True,False,rolling,2022-12-01,2,2023-02-01,4207.6,5016.38623046875,467.05660934672636,4406.5634765625,5603.677734375,0.8,479.7086904761905,
chronos_2,electricity,USA|Arkansas,US,True,False,rolling,2022-12-01,3,2023-03-01,4525.94,4675.0654296875,448.1812882781235,4086.28173828125,5235.0166015625,0.8,479.7086904761905,
chronos_2,electricity,USA|Arkansas,US,True,False,rolling,2022-12-01,4,2023-04-01,3463.83,4290.2255859375,425.5334176478333,3719.15283203125,4809.8388671875,0.8,479.7086904761905,
chronos_2,electricity,USA|Arkansas,US,True,False,rolling,2022-12-01,5,2023-05-01,5111.21,4798.21533203125,464.10398875102914,4206.55029296875,5396.0966796875,0.8,479.7086904761905,
chronos_2,electricity,USA|Arkansas,US,True,False,rolling,2022-12-01,6,2023-06-01,5652.19,6075.6787109375,580.5241862205883,5330.9716796875,6818.9150390625,0.8,479.7086904761905,
chronos_2,electricity,USA|Arkansas,US,True,False,rolling,2022-12-01,7,2023-07-01,6805.87,6893.3818359375,591.8622188274348,6106.3828125,7623.38671875,0.8,479.7086904761905,
chronos_2,electricity,USA|Arkansas,US,True,False,rolling,2022-12-01,8,2023-08-01,6794.97,6867.486328125,613.7697911394542,6063.720703125,7636.8759765625,0.8,479.7086904761905,
chronos_2,electricity,USA|Arkansas,US,True,False,rolling,2022-12-01,9,2023-09-01,5643.58,5612.7802734375,591.9618523890549,4847.86865234375,6365.1279296875,0.8,479.7086904761905,
chronos_2,electricity,USA|Arkansas,US,True,False,rolling,2022-12-01,10,2023-10-01,4765.28,4714.35693359375,522.7952051911079,4019.31982421875,5359.2978515625,0.8,479.7086904761905,
chronos_2,electricity,USA|Arkansas,US,True,False,rolling,2022-12-01,11,2023-11-01,4391.38,4484.97802734375,503.56068894002965,3816.969970703125,5107.64794921875,0.8,479.7086904761905,
chronos_2,electricity,USA|Arkansas,US,True,False,rolling,2022-12-01,12,2023-12-01,4870.02,5283.23095703125,643.5819435132366,4427.94677734375,6077.513671875,0.8,479.7086904761905,
chronos_2,electricity,USA|Arkansas,US,True,False,rolling,2023-12-01,1,2024-01-01,6076.66,5613.10498046875,528.3680170038656,4925.85009765625,6280.11181640625,0.8,478.054393939394,
chronos_2,electricity,USA|Arkansas,US,True,False,rolling,2023-12-01,2,2024-02-01,4010.57,4898.3447265625,503.45105392145916,4264.00634765625,5554.4033203125,0.8,478.054393939394,
chronos_2,electricity,USA|Arkansas,US,True,False,rolling,2023-12-01,3,2024-03-01,4534.59,4554.1318359375,474.74382441076756,3953.84033203125,5170.65771484375,0.8,478.054393939394,
chronos_2,electricity,USA|Arkansas,US,True,False,rolling,2023-12-01,4,2024-04-01,3751.45,4164.6259765625,441.17569631824415,3597.94677734375,4728.7255859375,0.8,478.054393939394,
chronos_2,electricity,USA|Arkansas,US,True,False,rolling,2023-12-01,5,2024-05-01,4556.78,4761.04736328125,470.32718102147504,4168.48974609375,5373.98681640625,0.8,478.054393939394,
chronos_2,electricity,USA|Arkansas,US,True,False,rolling,2023-12-01,6,2024-06-01,6078.6,5985.05126953125,553.0342768987156,5288.45166015625,6705.935546875,0.8,478.054393939394,
chronos_2,electricity,USA|Arkansas,US,True,False,rolling,2023-12-01,7,2024-07-01,6533.51,6874.359375,571.695662040551,6137.88232421875,7603.197265625,0.8,478.054393939394,
chronos_2,electricity,USA|Arkansas,US,True,False,rolling,2023-12-01,8,2024-08-01,6525.84,6803.2353515625,575.4830709097075,6061.0537109375,7536.076171875,0.8,478.054393939394,
chronos_2,electricity,USA|Arkansas,US,True,False,rolling,2023-12-01,9,2024-09-01,5070.98,5434.703125,536.3080307988242,4735.7353515625,6110.34814453125,0.8,478.054393939394,
chronos_2,electricity,USA|Arkansas,US,True,False,rolling,2023-12-01,10,2024-10-01,4383.98,4599.95849609375,479.96087011200416,3955.858642578125,5186.0478515625,0.8,478.054393939394,
chronos_2,electricity,USA|Arkansas,US,True,False,rolling,2023-12-01,11,2024-11-01,4122.95,4440.87255859375,466.4208024405944,3830.213134765625,5025.69775390625,0.8,478.054393939394,
chronos_2,electricity,USA|Arkansas,US,True,False,rolling,2023-12-01,12,2024-12-01,4514.4,5101.0087890625,550.4239918866347,4379.306640625,5790.10009765625,0.8,478.054393939394,
chronos_2,electricity,USA|Arkansas,US,True,False,rolling,2024-12-01,1,2025-01-01,6010.79,5281.263671875,445.990873954017,4698.794921875,5841.91552734375,0.8,471.990579710145,
chronos_2,electricity,USA|Arkansas,US,True,False,rolling,2024-12-01,2,2025-02-01,4790.01,4525.0498046875,441.5151743427317,3972.96728515625,5104.6162109375,0.8,471.990579710145,
chronos_2,electricity,USA|Arkansas,US,True,False,rolling,2024-12-01,3,2025-03-01,4558.38,4287.67041015625,409.68853803519875,3768.061279296875,4818.13525390625,0.8,471.990579710145,
chronos_2,electricity,USA|Arkansas,US,True,False,rolling,2024-12-01,4,2025-04-01,4000.74,3842.102783203125,397.24081996671356,3365.084716796875,4383.25390625,0.8,471.990579710145,
chronos_2,electricity,USA|Arkansas,US,True,False,rolling,2024-12-01,5,2025-05-01,5070.82,4554.02099609375,434.78162201190304,3998.103515625,5112.49365234375,0.8,471.990579710145,
chronos_2,electricity,USA|Arkansas,US,True,False,rolling,2024-12-01,6,2025-06-01,6200.04,5844.421875,536.1070491401069,5143.71484375,6517.8125,0.8,471.990579710145,
chronos_2,electricity,USA|Arkansas,US,True,False,rolling,2024-12-01,7,2025-07-01,7671.86,6612.72265625,526.1094022685545,5931.41162109375,7279.88427734375,0.8,471.990579710145,
chronos_2,electricity,USA|Arkansas,US,True,False,rolling,2024-12-01,8,2025-08-01,7065.7,6596.4208984375,537.9894185901413,5898.06005859375,7276.982421875,0.8,471.990579710145,
chronos_2,electricity,USA|Arkansas,US,True,False,rolling,2024-12-01,9,2025-09-01,5895.66,5279.4560546875,527.8706112115328,4578.2763671875,5931.26318359375,0.8,471.990579710145,
chronos_2,electricity,USA|Arkansas,US,True,False,rolling,2024-12-01,10,2025-10-01,5114.02,4393.076171875,469.7600507864024,3761.72265625,4965.76611328125,0.8,471.990579710145,
chronos_2,electricity,USA|Arkansas,US,True,False,rolling,2024-12-01,11,2025-11-01,5252.74,4131.4326171875,474.83974314552034,3517.826904296875,4734.89013671875,0.8,471.990579710145,
chronos_2,electricity,USA|Arkansas,US,True,False,rolling,2024-12-01,12,2025-12-01,5554.66,4855.7080078125,546.5535232988044,4146.93408203125,5547.80712890625,0.8,471.990579710145,
chronos_2,electricity,USA|California,US,True,False,holdout,last12,1,2025-01-01,18152.51,17574.240234375,920.8267117687282,16471.333984375,18831.5078125,0.8,951.2784782608695,
chronos_2,electricity,USA|California,US,True,False,holdout,last12,2,2025-02-01,17104.45,16450.3984375,904.924585721549,15341.1669921875,17660.58203125,0.8,951.2784782608695,
chronos_2,electricity,USA|California,US,True,False,holdout,last12,3,2025-03-01,18260.71,18049.21484375,1063.740482943959,16738.251953125,19464.728515625,0.8,951.2784782608695,
chronos_2,electricity,USA|California,US,True,False,holdout,last12,4,2025-04-01,18940.17,18226.916015625,1148.727339494063,16835.42578125,19779.732421875,0.8,951.2784782608695,
chronos_2,electricity,USA|California,US,True,False,holdout,last12,5,2025-05-01,20793.93,19256.63671875,1187.6998739146936,17791.3984375,20835.595703125,0.8,951.2784782608695,
chronos_2,electricity,USA|California,US,True,False,holdout,last12,6,2025-06-01,22186.69,20994.33203125,1233.605227789393,19451.59765625,22613.455078125,0.8,951.2784782608695,
chronos_2,electricity,USA|California,US,True,False,holdout,last12,7,2025-07-01,24519.92,24898.19140625,1468.9667518957774,23035.701171875,26800.814453125,0.8,951.2784782608695,
chronos_2,electricity,USA|California,US,True,False,holdout,last12,8,2025-08-01,25604.32,24938.734375,1505.6799095653294,23002.650390625,26861.86328125,0.8,951.2784782608695,
chronos_2,electricity,USA|California,US,True,False,holdout,last12,9,2025-09-01,22596.48,21945.44140625,1387.9934323938796,20102.833984375,23660.404296875,0.8,951.2784782608695,
chronos_2,electricity,USA|California,US,True,False,holdout,last12,10,2025-10-01,19054.19,19824.154296875,1281.8842607803185,18283.55859375,21569.16015625,0.8,951.2784782608695,
chronos_2,electricity,USA|California,US,True,False,holdout,last12,11,2025-11-01,17614.23,17490.1875,1209.2344395084488,16005.75,19105.142578125,0.8,951.2784782608695,
chronos_2,electricity,USA|California,US,True,False,holdout,last12,12,2025-12-01,16498.03,18115.8359375,1359.0665518381634,16452.7890625,19936.216796875,0.8,951.2784782608695,
chronos_2,electricity,USA|California,US,True,False,rolling,2022-12-01,1,2023-01-01,18495.65,16906.46484375,971.3460711165411,15773.212890625,18262.873046875,0.8,913.045119047619,
chronos_2,electricity,USA|California,US,True,False,rolling,2022-12-01,2,2023-02-01,16800.39,15836.87109375,910.613795442815,14774.8447265625,17108.841796875,0.8,913.045119047619,
chronos_2,electricity,USA|California,US,True,False,rolling,2022-12-01,3,2023-03-01,19295.38,17451.759765625,1057.6249254006937,16154.4248046875,18865.2265625,0.8,913.045119047619,
chronos_2,electricity,USA|California,US,True,False,rolling,2022-12-01,4,2023-04-01,19689.02,17740.20703125,1122.3071098060273,16376.5361328125,19253.125,0.8,913.045119047619,
chronos_2,electricity,USA|California,US,True,False,rolling,2022-12-01,5,2023-05-01,18826.76,19164.322265625,1164.9742776761032,17755.4140625,20741.36328125,0.8,913.045119047619,
chronos_2,electricity,USA|California,US,True,False,rolling,2022-12-01,6,2023-06-01,20059.69,20969.453125,1193.604734098204,19543.26953125,22602.6015625,0.8,913.045119047619,
chronos_2,electricity,USA|California,US,True,False,rolling,2022-12-01,7,2023-07-01,26876.45,23966.69140625,1395.1106596637196,22266.6328125,25842.4453125,0.8,913.045119047619,
chronos_2,electricity,USA|California,US,True,False,rolling,2022-12-01,8,2023-08-01,25892.25,24377.66796875,1486.1250609359256,22563.580078125,26372.671875,0.8,913.045119047619,
chronos_2,electricity,USA|California,US,True,False,rolling,2022-12-01,9,2023-09-01,21086.97,21448.07421875,1311.1730988256681,19793.732421875,23154.404296875,0.8,913.045119047619,
chronos_2,electricity,USA|California,US,True,False,rolling,2022-12-01,10,2023-10-01,20741.1,19321.265625,1209.0614619291925,17913.509765625,21012.458984375,0.8,913.045119047619,
chronos_2,electricity,USA|California,US,True,False,rolling,2022-12-01,11,2023-11-01,18235.3,16778.705078125,1142.0539864088785,15447.8115234375,18375.013671875,0.8,913.045119047619,
chronos_2,electricity,USA|California,US,True,False,rolling,2022-12-01,12,2023-12-01,19129.81,17287.947265625,1294.780615632007,15776.115234375,19094.771484375,0.8,913.045119047619,
chronos_2,electricity,USA|California,US,True,False,rolling,2023-12-01,1,2024-01-01,19570.39,18254.8125,929.3483340983447,17171.373046875,19553.388671875,0.8,949.9140151515151,
chronos_2,electricity,USA|California,US,True,False,rolling,2023-12-01,2,2024-02-01,17812.52,17219.15234375,994.4458170970471,16034.859375,18583.7265625,0.8,949.9140151515151,
chronos_2,electricity,USA|California,US,True,False,rolling,2023-12-01,3,2024-03-01,18481.01,18596.603515625,1113.9771344419744,17232.6328125,20087.87109375,0.8,949.9140151515151,
chronos_2,electricity,USA|California,US,True,False,rolling,2023-12-01,4,2024-04-01,18370.15,18685.509765625,1236.2166558251256,17188.408203125,20356.958984375,0.8,949.9140151515151,
chronos_2,electricity,USA|California,US,True,False,rolling,2023-12-01,5,2024-05-01,19812.83,19525.75,1341.6895442727,17904.65234375,21343.541015625,0.8,949.9140151515151,
chronos_2,electricity,USA|California,US,True,False,rolling,2023-12-01,6,2024-06-01,21888.6,20840.26171875,1401.51464017504,19103.486328125,22695.712890625,0.8,949.9140151515151,
chronos_2,electricity,USA|California,US,True,False,rolling,2023-12-01,7,2024-07-01,27518.07,24437.8359375,1573.3560539217551,22470.310546875,26502.984375,0.8,949.9140151515151,
chronos_2,electricity,USA|California,US,True,False,rolling,2023-12-01,8,2024-08-01,25575.03,25101.041015625,1679.1825176855186,23019.28125,27323.19921875,0.8,949.9140151515151,
chronos_2,electricity,USA|California,US,True,False,rolling,2023-12-01,9,2024-09-01,22210.39,22232.142578125,1501.4575801967871,20280.150390625,24128.541015625,0.8,949.9140151515151,
chronos_2,electricity,USA|California,US,True,False,rolling,2023-12-01,10,2024-10-01,20688.75,20358.380859375,1440.2844784014762,18647.982421875,22339.580078125,0.8,949.9140151515151,
chronos_2,electricity,USA|California,US,True,False,rolling,2023-12-01,11,2024-11-01,17232.51,18054.439453125,1315.3207506489805,16455.658203125,19826.9609375,0.8,949.9140151515151,
chronos_2,electricity,USA|California,US,True,False,rolling,2023-12-01,12,2024-12-01,17526.74,18736.0,1462.8729118018898,16930.619140625,20680.11328125,0.8,949.9140151515151,
chronos_2,electricity,USA|California,US,True,False,rolling,2024-12-01,1,2025-01-01,18152.51,17574.240234375,920.8267117687282,16471.333984375,18831.5078125,0.8,951.2784782608695,
chronos_2,electricity,USA|California,US,True,False,rolling,2024-12-01,2,2025-02-01,17104.45,16450.3984375,904.924585721549,15341.1669921875,17660.58203125,0.8,951.2784782608695,
chronos_2,electricity,USA|California,US,True,False,rolling,2024-12-01,3,2025-03-01,18260.71,18049.21484375,1063.740482943959,16738.251953125,19464.728515625,0.8,951.2784782608695,
chronos_2,electricity,USA|California,US,True,False,rolling,2024-12-01,4,2025-04-01,18940.17,18226.916015625,1148.727339494063,16835.42578125,19779.732421875,0.8,951.2784782608695,
chronos_2,electricity,USA|California,US,True,False,rolling,2024-12-01,5,2025-05-01,20793.93,19256.63671875,1187.6998739146936,17791.3984375,20835.595703125,0.8,951.2784782608695,
chronos_2,electricity,USA|California,US,True,False,rolling,2024-12-01,6,2025-06-01,22186.69,20994.33203125,1233.605227789393,19451.59765625,22613.455078125,0.8,951.2784782608695,
chronos_2,electricity,USA|California,US,True,False,rolling,2024-12-01,7,2025-07-01,24519.92,24898.19140625,1468.9667518957774,23035.701171875,26800.814453125,0.8,951.2784782608695,
chronos_2,electricity,USA|California,US,True,False,rolling,2024-12-01,8,2025-08-01,25604.32,24938.734375,1505.6799095653294,23002.650390625,26861.86328125,0.8,951.2784782608695,
chronos_2,electricity,USA|California,US,True,False,rolling,2024-12-01,9,2025-09-01,22596.48,21945.44140625,1387.9934323938796,20102.833984375,23660.404296875,0.8,951.2784782608695,
chronos_2,electricity,USA|California,US,True,False,rolling,2024-12-01,10,2025-10-01,19054.19,19824.154296875,1281.8842607803185,18283.55859375,21569.16015625,0.8,951.2784782608695,
chronos_2,electricity,USA|California,US,True,False,rolling,2024-12-01,11,2025-11-01,17614.23,17490.1875,1209.2344395084488,16005.75,19105.142578125,0.8,951.2784782608695,
chronos_2,electricity,USA|California,US,True,False,rolling,2024-12-01,12,2025-12-01,16498.03,18115.8359375,1359.0665518381634,16452.7890625,19936.216796875,0.8,951.2784782608695,
chronos_2,electricity,USA|Colorado,US,True,False,holdout,last12,1,2025-01-01,5418.74,5320.1123046875,190.94762559291544,5089.98974609375,5579.408203125,0.8,198.18322463768112,
chronos_2,electricity,USA|Colorado,US,True,False,holdout,last12,2,2025-02-01,4627.92,4829.68017578125,183.42119585584817,4601.99267578125,5072.1201171875,0.8,198.18322463768112,
chronos_2,electricity,USA|Colorado,US,True,False,holdout,last12,3,2025-03-01,4527.69,4904.66162109375,185.84078642207507,4671.36279296875,5147.69189453125,0.8,198.18322463768112,
chronos_2,electricity,USA|Colorado,US,True,False,holdout,last12,4,2025-04-01,4682.37,4447.52734375,165.6187929880948,4235.16650390625,4659.66455078125,0.8,198.18322463768112,
chronos_2,electricity,USA|Colorado,US,True,False,holdout,last12,5,2025-05-01,4727.7,4552.0390625,190.27762322921023,4317.08154296875,4804.78271484375,0.8,198.18322463768112,
chronos_2,electricity,USA|Colorado,US,True,False,holdout,last12,6,2025-06-01,5179.42,5116.97119140625,209.16418403038594,4855.95947265625,5392.06884765625,0.8,198.18322463768112,
chronos_2,electricity,USA|Colorado,US,True,False,holdout,last12,7,2025-07-01,5783.35,5755.66796875,219.3835774903241,5469.3203125,6031.623046875,0.8,198.18322463768112,
chronos_2,electricity,USA|Colorado,US,True,False,holdout,last12,8,2025-08-01,5640.97,5644.91796875,221.25737426297252,5365.1240234375,5932.2294921875,0.8,198.18322463768112,
chronos_2,electricity,USA|Colorado,US,True,False,holdout,last12,9,2025-09-01,4632.58,4924.86865234375,208.28862791335746,4655.0703125,5188.935546875,0.8,198.18322463768112,
chronos_2,electricity,USA|Colorado,US,True,False,holdout,last12,10,2025-10-01,4460.1,4628.7412109375,193.74403295624467,4385.20849609375,4881.79443359375,0.8,198.18322463768112,
chronos_2,electricity,USA|Colorado,US,True,False,holdout,last12,11,2025-11-01,4424.68,4748.52587890625,196.7046547175022,4503.21337890625,5007.3876953125,0.8,198.18322463768112,
chronos_2,electricity,USA|Colorado,US,True,False,holdout,last12,12,2025-12-01,4793.87,5341.41357421875,233.16425164036897,5056.810546875,5654.4345703125,0.8,198.18322463768112,
chronos_2,electricity,USA|Colorado,US,True,False,rolling,2022-12-01,1,2023-01-01,5229.02,5386.34375,174.36120938638769,5177.09619140625,5624.001953125,0.8,195.50396825396825,
chronos_2,electricity,USA|Colorado,US,True,False,rolling,2022-12-01,2,2023-02-01,4493.73,4878.50634765625,179.59359065494823,4657.86669921875,5118.18359375,0.8,195.50396825396825,
chronos_2,electricity,USA|Colorado,US,True,False,rolling,2022-12-01,3,2023-03-01,4904.8,4850.44580078125,184.73872111811298,4620.78369140625,5094.2880859375,0.8,195.50396825396825,
chronos_2,electricity,USA|Colorado,US,True,False,rolling,2022-12-01,4,2023-04-01,4342.03,4444.6884765625,175.1531342729167,4227.1015625,4676.037109375,0.8,195.50396825396825,
chronos_2,electricity,USA|Colorado,US,True,False,rolling,2022-12-01,5,2023-05-01,4203.73,4615.09375,195.13414022037801,4379.77294921875,4879.921875,0.8,195.50396825396825,
chronos_2,electricity,USA|Colorado,US,True,False,rolling,2022-12-01,6,2023-06-01,4564.4,5029.82568359375,205.87513347327177,4777.22998046875,5304.9091796875,0.8,195.50396825396825,
chronos_2,electricity,USA|Colorado,US,True,False,rolling,2022-12-01,7,2023-07-01,5774.94,5716.7041015625,225.28939019354428,5428.77197265625,6006.2119140625,0.8,195.50396825396825,
chronos_2,electricity,USA|Colorado,US,True,False,rolling,2022-12-01,8,2023-08-01,5698.1,5582.302734375,225.86223554687427,5300.13671875,5879.044921875,0.8,195.50396825396825,
chronos_2,electricity,USA|Colorado,US,True,False,rolling,2022-12-01,9,2023-09-01,4803.4,4875.8447265625,222.73358930885018,4593.96826171875,5164.857421875,0.8,195.50396825396825,
chronos_2,electricity,USA|Colorado,US,True,False,rolling,2022-12-01,10,2023-10-01,4721.21,4625.8291015625,214.80291020704522,4359.84716796875,4910.4091796875,0.8,195.50396825396825,
chronos_2,electricity,USA|Colorado,US,True,False,rolling,2022-12-01,11,2023-11-01,4789.95,4780.9189453125,218.57412624113914,4513.638671875,5073.86669921875,0.8,195.50396825396825,
chronos_2,electricity,USA|Colorado,US,True,False,rolling,2022-12-01,12,2023-12-01,5323.31,5372.96630859375,236.7384865985257,5085.51904296875,5692.30419921875,0.8,195.50396825396825,
chronos_2,electricity,USA|Colorado,US,True,False,rolling,2023-12-01,1,2024-01-01,5388.55,5266.58544921875,179.87210741802386,5048.22607421875,5509.2568359375,0.8,195.87503787878785,
chronos_2,electricity,USA|Colorado,US,True,False,rolling,2023-12-01,2,2024-02-01,5032.26,4773.10888671875,171.70177435729335,4558.38623046875,4998.4755859375,0.8,195.87503787878785,
chronos_2,electricity,USA|Colorado,US,True,False,rolling,2023-12-01,3,2024-03-01,4988.76,4814.142578125,171.96924189173808,4601.31689453125,5042.091796875,0.8,195.87503787878785,
chronos_2,electricity,USA|Colorado,US,True,False,rolling,2023-12-01,4,2024-04-01,4247.53,4423.66796875,153.75420748580288,4226.9794921875,4621.0673828125,0.8,195.87503787878785,
chronos_2,electricity,USA|Colorado,US,True,False,rolling,2023-12-01,5,2024-05-01,4544.41,4522.67529296875,172.74040184859868,4308.56396484375,4751.3154296875,0.8,195.87503787878785,
chronos_2,electricity,USA|Colorado,US,True,False,rolling,2023-12-01,6,2024-06-01,5451.48,5025.724609375,194.7668486203713,4780.2802734375,5279.48779296875,0.8,195.87503787878785,
chronos_2,electricity,USA|Colorado,US,True,False,rolling,2023-12-01,7,2024-07-01,5908.36,5742.7783203125,212.41608631882724,5463.4345703125,6007.87890625,0.8,195.87503787878785,
chronos_2,electricity,USA|Colorado,US,True,False,rolling,2023-12-01,8,2024-08-01,5666.89,5630.26953125,211.61977984163423,5358.712890625,5901.1162109375,0.8,195.87503787878785,
chronos_2,electricity,USA|Colorado,US,True,False,rolling,2023-12-01,9,2024-09-01,4993.79,4824.39111328125,200.0396167246172,4572.3515625,5085.07373046875,0.8,195.87503787878785,
chronos_2,electricity,USA|Colorado,US,True,False,rolling,2023-12-01,10,2024-10-01,4645.96,4620.0537109375,190.34525212858907,4380.7509765625,4868.62548828125,0.8,195.87503787878785,
chronos_2,electricity,USA|Colorado,US,True,False,rolling,2023-12-01,11,2024-11-01,4766.05,4706.84521484375,191.84566117508956,4468.69921875,4960.41943359375,0.8,195.87503787878785,
chronos_2,electricity,USA|Colorado,US,True,False,rolling,2023-12-01,12,2024-12-01,4894.2,5363.51708984375,220.31018866378506,5095.15380859375,5659.83154296875,0.8,195.87503787878785,
chronos_2,electricity,USA|Colorado,US,True,False,rolling,2024-12-01,1,2025-01-01,5418.74,5320.1123046875,190.94762559291544,5089.98974609375,5579.408203125,0.8,198.18322463768112,
chronos_2,electricity,USA|Colorado,US,True,False,rolling,2024-12-01,2,2025-02-01,4627.92,4829.68017578125,183.42119585584817,4601.99267578125,5072.1201171875,0.8,198.18322463768112,
chronos_2,electricity,USA|Colorado,US,True,False,rolling,2024-12-01,3,2025-03-01,4527.69,4904.66162109375,185.84078642207507,4671.36279296875,5147.69189453125,0.8,198.18322463768112,
chronos_2,electricity,USA|Colorado,US,True,False,rolling,2024-12-01,4,2025-04-01,4682.37,4447.52734375,165.6187929880948,4235.16650390625,4659.66455078125,0.8,198.18322463768112,
chronos_2,electricity,USA|Colorado,US,True,False,rolling,2024-12-01,5,2025-05-01,4727.7,4552.0390625,190.27762322921023,4317.08154296875,4804.78271484375,0.8,198.18322463768112,
chronos_2,electricity,USA|Colorado,US,True,False,rolling,2024-12-01,6,2025-06-01,5179.42,5116.97119140625,209.16418403038594,4855.95947265625,5392.06884765625,0.8,198.18322463768112,
chronos_2,electricity,USA|Colorado,US,True,False,rolling,2024-12-01,7,2025-07-01,5783.35,5755.66796875,219.3835774903241,5469.3203125,6031.623046875,0.8,198.18322463768112,
chronos_2,electricity,USA|Colorado,US,True,False,rolling,2024-12-01,8,2025-08-01,5640.97,5644.91796875,221.25737426297252,5365.1240234375,5932.2294921875,0.8,198.18322463768112,
chronos_2,electricity,USA|Colorado,US,True,False,rolling,2024-12-01,9,2025-09-01,4632.58,4924.86865234375,208.28862791335746,4655.0703125,5188.935546875,0.8,198.18322463768112,
chronos_2,electricity,USA|Colorado,US,True,False,rolling,2024-12-01,10,2025-10-01,4460.1,4628.7412109375,193.74403295624467,4385.20849609375,4881.79443359375,0.8,198.18322463768112,
chronos_2,electricity,USA|Colorado,US,True,False,rolling,2024-12-01,11,2025-11-01,4424.68,4748.52587890625,196.7046547175022,4503.21337890625,5007.3876953125,0.8,198.18322463768112,
chronos_2,electricity,USA|Colorado,US,True,False,rolling,2024-12-01,12,2025-12-01,4793.87,5341.41357421875,233.16425164036897,5056.810546875,5654.4345703125,0.8,198.18322463768112,
chronos_2,electricity,USA|Connecticut,US,False,False,holdout,last12,1,2025-01-01,4000.76,3996.89453125,225.0814551409471,3722.766357421875,4299.67333984375,0.8,278.6471014492754,
chronos_2,electricity,USA|Connecticut,US,False,False,holdout,last12,2,2025-02-01,3677.62,3811.729248046875,234.05276202544746,3503.76416015625,4103.66552734375,0.8,278.6471014492754,
chronos_2,electricity,USA|Connecticut,US,False,False,holdout,last12,3,2025-03-01,3986.73,3957.13671875,249.13010125611774,3627.101806640625,4265.64794921875,0.8,278.6471014492754,
chronos_2,electricity,USA|Connecticut,US,False,False,holdout,last12,4,2025-04-01,2993.68,3191.92578125,245.7093172231713,2880.85888671875,3510.63720703125,0.8,278.6471014492754,
chronos_2,electricity,USA|Connecticut,US,False,False,holdout,last12,5,2025-05-01,2739.76,3249.37744140625,262.1640952058377,2920.525146484375,3592.478759765625,0.8,278.6471014492754,
chronos_2,electricity,USA|Connecticut,US,False,False,holdout,last12,6,2025-06-01,3960.58,3870.43994140625,267.6937578757523,3522.837646484375,4208.96435546875,0.8,278.6471014492754,
chronos_2,electricity,USA|Connecticut,US,False,False,holdout,last12,7,2025-07-01,4677.73,4539.3076171875,271.3456231902382,4187.23974609375,4882.7265625,0.8,278.6471014492754,
chronos_2,electricity,USA|Connecticut,US,False,False,holdout,last12,8,2025-08-01,4309.02,4407.9267578125,278.70831478923196,4055.199951171875,4769.55810546875,0.8,278.6471014492754,
chronos_2,electricity,USA|Connecticut,US,False,False,holdout,last12,9,2025-09-01,3941.81,3969.55810546875,285.5375953508715,3589.84765625,4321.7099609375,0.8,278.6471014492754,
chronos_2,electricity,USA|Connecticut,US,False,False,holdout,last12,10,2025-10-01,3314.96,3657.9267578125,288.08225175496375,3291.844482421875,4030.22900390625,0.8,278.6471014492754,
chronos_2,electricity,USA|Connecticut,US,False,False,holdout,last12,11,2025-11-01,3804.45,3957.68115234375,285.5462632802285,3587.173583984375,4319.05810546875,0.8,278.6471014492754,
chronos_2,electricity,USA|Connecticut,US,False,False,holdout,last12,12,2025-12-01,4143.32,4166.111328125,290.195035722741,3804.04150390625,4547.84130859375,0.8,278.6471014492754,
chronos_2,electricity,USA|Connecticut,US,False,False,rolling,2022-12-01,1,2023-01-01,3786.13,3855.969970703125,251.18697231694378,3545.163330078125,4188.9814453125,0.8,266.3039285714285,
chronos_2,electricity,USA|Connecticut,US,False,False,rolling,2022-12-01,2,2023-02-01,3336.81,3652.224853515625,276.2230956150163,3283.861328125,3991.849609375,0.8,266.3039285714285,
chronos_2,electricity,USA|Connecticut,US,False,False,rolling,2022-12-01,3,2023-03-01,3901.54,3738.38623046875,280.47619137017716,3368.027099609375,4086.91650390625,0.8,266.3039285714285,
chronos_2,electricity,USA|Connecticut,US,False,False,rolling,2022-12-01,4,2023-04-01,3005.52,3034.451171875,294.9030548911882,2661.00341796875,3416.870361328125,0.8,266.3039285714285,
chronos_2,electricity,USA|Connecticut,US,False,False,rolling,2022-12-01,5,2023-05-01,2710.92,3209.27880859375,314.9007299335669,2809.951904296875,3617.074951171875,0.8,266.3039285714285,
chronos_2,electricity,USA|Connecticut,US,False,False,rolling,2022-12-01,6,2023-06-01,2723.61,3755.558349609375,307.64233924277005,3357.14306640625,4145.662109375,0.8,266.3039285714285,
chronos_2,electricity,USA|Connecticut,US,False,False,rolling,2022-12-01,7,2023-07-01,4312.21,4227.1337890625,305.8873216779039,3826.382080078125,4610.40283203125,0.8,266.3039285714285,
chronos_2,electricity,USA|Connecticut,US,False,False,rolling,2022-12-01,8,2023-08-01,4097.79,4184.955078125,319.168494492255,3765.289306640625,4583.35107421875,0.8,266.3039285714285,
chronos_2,electricity,USA|Connecticut,US,False,False,rolling,2022-12-01,9,2023-09-01,3682.53,3758.69287109375,340.6240009501167,3299.496826171875,4172.55126953125,0.8,266.3039285714285,
chronos_2,electricity,USA|Connecticut,US,False,False,rolling,2022-12-01,10,2023-10-01,3129.88,3035.257080078125,327.66411303380056,2620.7373046875,3460.57421875,0.8,266.3039285714285,
chronos_2,electricity,USA|Connecticut,US,False,False,rolling,2022-12-01,11,2023-11-01,2849.1,3293.887451171875,338.54950827466376,2862.88037109375,3730.61767578125,0.8,266.3039285714285,
chronos_2,electricity,USA|Connecticut,US,False,False,rolling,2022-12-01,12,2023-12-01,3550.06,3928.15771484375,342.554472645484,3480.96044921875,4358.962890625,0.8,266.3039285714285,
chronos_2,electricity,USA|Connecticut,US,False,False,rolling,2023-12-01,1,2024-01-01,3585.76,3902.0732421875,297.876154660641,3507.4814453125,4270.96875,0.8,269.75981060606057,
chronos_2,electricity,USA|Connecticut,US,False,False,rolling,2023-12-01,2,2024-02-01,3493.08,3566.93212890625,305.3413373803835,3154.783935546875,3937.4052734375,0.8,269.75981060606057,
chronos_2,electricity,USA|Connecticut,US,False,False,rolling,2023-12-01,3,2024-03-01,3884.06,3771.2265625,320.5312644407239,3331.94482421875,4153.49951171875,0.8,269.75981060606057,
chronos_2,electricity,USA|Connecticut,US,False,False,rolling,2023-12-01,4,2024-04-01,3366.94,3275.4306640625,317.0799045251005,2860.869140625,3673.57763671875,0.8,269.75981060606057,
chronos_2,electricity,USA|Connecticut,US,False,False,rolling,2023-12-01,5,2024-05-01,3552.55,3348.861328125,315.00903142454393,2945.399658203125,3752.80029296875,0.8,269.75981060606057,
chronos_2,electricity,USA|Connecticut,US,False,False,rolling,2023-12-01,6,2024-06-01,4086.8,3736.178466796875,329.72974727595454,3291.93359375,4137.06494140625,0.8,269.75981060606057,
chronos_2,electricity,USA|Connecticut,US,False,False,rolling,2023-12-01,7,2024-07-01,4650.22,4243.06689453125,335.674041775441,3796.58447265625,4656.95166015625,0.8,269.75981060606057,
chronos_2,electricity,USA|Connecticut,US,False,False,rolling,2023-12-01,8,2024-08-01,4488.68,4210.64404296875,343.89600140442974,3749.7109375,4631.15185546875,0.8,269.75981060606057,
chronos_2,electricity,USA|Connecticut,US,False,False,rolling,2023-12-01,9,2024-09-01,3709.43,3818.7353515625,344.0248773211333,3336.686767578125,4218.4580078125,0.8,269.75981060606057,
chronos_2,electricity,USA|Connecticut,US,False,False,rolling,2023-12-01,10,2024-10-01,3468.64,3221.200927734375,322.8928465566385,2804.623779296875,3632.2314453125,0.8,269.75981060606057,
chronos_2,electricity,USA|Connecticut,US,False,False,rolling,2023-12-01,11,2024-11-01,3923.06,3433.84619140625,339.8103586142097,2989.946533203125,3860.91552734375,0.8,269.75981060606057,
chronos_2,electricity,USA|Connecticut,US,False,False,rolling,2023-12-01,12,2024-12-01,4131.19,3905.112060546875,369.39981187989673,3406.294189453125,4353.10400390625,0.8,269.75981060606057,
chronos_2,electricity,USA|Connecticut,US,False,False,rolling,2024-12-01,1,2025-01-01,4000.76,3996.89453125,225.0814551409471,3722.766357421875,4299.67333984375,0.8,278.6471014492754,
chronos_2,electricity,USA|Connecticut,US,False,False,rolling,2024-12-01,2,2025-02-01,3677.62,3811.729248046875,234.05276202544746,3503.76416015625,4103.66552734375,0.8,278.6471014492754,
chronos_2,electricity,USA|Connecticut,US,False,False,rolling,2024-12-01,3,2025-03-01,3986.73,3957.13671875,249.13010125611774,3627.101806640625,4265.64794921875,0.8,278.6471014492754,
chronos_2,electricity,USA|Connecticut,US,False,False,rolling,2024-12-01,4,2025-04-01,2993.68,3191.92578125,245.7093172231713,2880.85888671875,3510.63720703125,0.8,278.6471014492754,
chronos_2,electricity,USA|Connecticut,US,False,False,rolling,2024-12-01,5,2025-05-01,2739.76,3249.37744140625,262.1640952058377,2920.525146484375,3592.478759765625,0.8,278.6471014492754,
chronos_2,electricity,USA|Connecticut,US,False,False,rolling,2024-12-01,6,2025-06-01,3960.58,3870.43994140625,267.6937578757523,3522.837646484375,4208.96435546875,0.8,278.6471014492754,
chronos_2,electricity,USA|Connecticut,US,False,False,rolling,2024-12-01,7,2025-07-01,4677.73,4539.3076171875,271.3456231902382,4187.23974609375,4882.7265625,0.8,278.6471014492754,
chronos_2,electricity,USA|Connecticut,US,False,False,rolling,2024-12-01,8,2025-08-01,4309.02,4407.9267578125,278.70831478923196,4055.199951171875,4769.55810546875,0.8,278.6471014492754,
chronos_2,electricity,USA|Connecticut,US,False,False,rolling,2024-12-01,9,2025-09-01,3941.81,3969.55810546875,285.5375953508715,3589.84765625,4321.7099609375,0.8,278.6471014492754,
chronos_2,electricity,USA|Connecticut,US,False,False,rolling,2024-12-01,10,2025-10-01,3314.96,3657.9267578125,288.08225175496375,3291.844482421875,4030.22900390625,0.8,278.6471014492754,
chronos_2,electricity,USA|Connecticut,US,False,False,rolling,2024-12-01,11,2025-11-01,3804.45,3957.68115234375,285.5462632802285,3587.173583984375,4319.05810546875,0.8,278.6471014492754,
chronos_2,electricity,USA|Connecticut,US,False,False,rolling,2024-12-01,12,2025-12-01,4143.32,4166.111328125,290.195035722741,3804.04150390625,4547.84130859375,0.8,278.6471014492754,
chronos_2,electricity,USA|Delaware,US,False,False,holdout,last12,1,2025-01-01,598.85,355.05224609375,125.44867934962588,209.22418212890625,530.7620849609375,0.8,147.7436956521739,
chronos_2,electricity,USA|Delaware,US,False,False,holdout,last12,2,2025-02-01,388.15,335.6582946777344,128.5376412352504,187.56881713867188,517.0240478515625,0.8,147.7436956521739,
chronos_2,electricity,USA|Delaware,US,False,False,holdout,last12,3,2025-03-01,202.27,362.20184326171875,136.38287931910773,203.04037475585938,552.603759765625,0.8,147.7436956521739,
chronos_2,electricity,USA|Delaware,US,False,False,holdout,last12,4,2025-04-01,471.15,378.25482177734375,143.82042706077658,210.30743408203125,578.9340209960938,0.8,147.7436956521739,
chronos_2,electricity,USA|Delaware,US,False,False,holdout,last12,5,2025-05-01,210.98,382.618896484375,143.47635312869042,214.35491943359375,582.099609375,0.8,147.7436956521739,
chronos_2,electricity,USA|Delaware,US,False,False,holdout,last12,6,2025-06-01,444.68,516.5360717773438,151.7807295255489,326.63763427734375,715.6672973632812,0.8,147.7436956521739,
chronos_2,electricity,USA|Delaware,US,False,False,holdout,last12,7,2025-07-01,888.68,781.2039184570312,151.36185898326946,586.8660888671875,974.8221435546875,0.8,147.7436956521739,
chronos_2,electricity,USA|Delaware,US,False,False,holdout,last12,8,2025-08-01,505.05,683.9287109375,162.00064687132732,473.4312744140625,888.6556396484375,0.8,147.7436956521739,
chronos_2,electricity,USA|Delaware,US,False,False,holdout,last12,9,2025-09-01,437.0,464.62255859375,157.2676002475114,272.09515380859375,675.188232421875,0.8,147.7436956521739,
chronos_2,electricity,USA|Delaware,US,False,False,holdout,last12,10,2025-10-01,535.19,400.84228515625,149.40507393092554,220.87139892578125,603.81201171875,0.8,147.7436956521739,
chronos_2,electricity,USA|Delaware,US,False,False,holdout,last12,11,2025-11-01,435.67,336.1023864746094,147.162104331844,165.2529296875,542.444580078125,0.8,147.7436956521739,
chronos_2,electricity,USA|Delaware,US,False,False,holdout,last12,12,2025-12-01,463.86,344.2659912109375,150.13650190940106,171.59628295898438,556.41162109375,0.8,147.7436956521739,
chronos_2,electricity,USA|Delaware,US,False,False,rolling,2022-12-01,1,2023-01-01,369.3,376.8288269042969,113.80149456454487,245.52999877929688,537.2149658203125,0.8,152.65269841269838,
chronos_2,electricity,USA|Delaware,US,False,False,rolling,2022-12-01,2,2023-02-01,201.11,370.2315673828125,123.79071163666762,227.38198852539062,544.6703491210938,0.8,152.65269841269838,
chronos_2,electricity,USA|Delaware,US,False,False,rolling,2022-12-01,3,2023-03-01,314.17,387.96875,133.19615319179314,233.06741333007812,574.462890625,0.8,152.65269841269838,
chronos_2,electricity,USA|Delaware,US,False,False,rolling,2022-12-01,4,2023-04-01,508.8,394.5245056152344,137.70577441123518,231.359130859375,584.313232421875,0.8,152.65269841269838,
chronos_2,electricity,USA|Delaware,US,False,False,rolling,2022-12-01,5,2023-05-01,342.38,420.41656494140625,140.7034134697055,253.78695678710938,614.42431640625,0.8,152.65269841269838,
chronos_2,electricity,USA|Delaware,US,False,False,rolling,2022-12-01,6,2023-06-01,428.2,551.7196044921875,149.67008872711816,364.584228515625,748.2041015625,0.8,152.65269841269838,
chronos_2,electricity,USA|Delaware,US,False,False,rolling,2022-12-01,7,2023-07-01,873.25,821.8391723632812,145.38675047117871,634.2500610351562,1006.8912963867188,0.8,152.65269841269838,
chronos_2,electricity,USA|Delaware,US,False,False,rolling,2022-12-01,8,2023-08-01,581.87,777.1005859375,159.7922299247101,570.13232421875,979.6962890625,0.8,152.65269841269838,
chronos_2,electricity,USA|Delaware,US,False,False,rolling,2022-12-01,9,2023-09-01,410.5,510.8287658691406,158.54188111496214,317.583740234375,723.9429321289062,0.8,152.65269841269838,
chronos_2,electricity,USA|Delaware,US,False,False,rolling,2022-12-01,10,2023-10-01,449.66,450.3910217285156,156.86091005101795,260.9132995605469,662.9639892578125,0.8,152.65269841269838,
chronos_2,electricity,USA|Delaware,US,False,False,rolling,2022-12-01,11,2023-11-01,298.43,415.0107727050781,152.29079192352245,232.70339965820312,623.0404052734375,0.8,152.65269841269838,
chronos_2,electricity,USA|Delaware,US,False,False,rolling,2022-12-01,12,2023-12-01,154.16,412.98968505859375,162.46444062440895,222.69869995117188,639.11181640625,0.8,152.65269841269838,
chronos_2,electricity,USA|Delaware,US,False,False,rolling,2023-12-01,1,2024-01-01,367.14,271.44549560546875,105.59722798916124,153.51553344726562,424.172119140625,0.8,150.24409090909091,
chronos_2,electricity,USA|Delaware,US,False,False,rolling,2023-12-01,2,2024-02-01,346.14,260.55792236328125,113.79889894833632,131.50198364257812,423.1802978515625,0.8,150.24409090909091,
chronos_2,electricity,USA|Delaware,US,False,False,rolling,2023-12-01,3,2024-03-01,190.71,294.5682067871094,122.91136925379364,146.81024169921875,461.8447570800781,0.8,150.24409090909091,
chronos_2,electricity,USA|Delaware,US,False,False,rolling,2023-12-01,4,2024-04-01,356.75,333.86279296875,133.706096524803,176.85205078125,519.5545654296875,0.8,150.24409090909091,
chronos_2,electricity,USA|Delaware,US,False,False,rolling,2023-12-01,5,2024-05-01,294.44,346.5011901855469,135.10526463267354,186.73910522460938,533.02783203125,0.8,150.24409090909091,
chronos_2,electricity,USA|Delaware,US,False,False,rolling,2023-12-01,6,2024-06-01,579.04,480.1108093261719,149.687484118314,294.2193908691406,677.8838500976562,0.8,150.24409090909091,
chronos_2,electricity,USA|Delaware,US,False,False,rolling,2023-12-01,7,2024-07-01,754.32,807.8516235351562,149.94436677748624,615.5379638671875,999.86083984375,0.8,150.24409090909091,
chronos_2,electricity,USA|Delaware,US,False,False,rolling,2023-12-01,8,2024-08-01,500.59,735.75341796875,165.79246114414053,518.8954467773438,943.838623046875,0.8,150.24409090909091,
chronos_2,electricity,USA|Delaware,US,False,False,rolling,2023-12-01,9,2024-09-01,382.74,453.7099304199219,162.34607814399962,254.4783935546875,670.588134765625,0.8,150.24409090909091,
chronos_2,electricity,USA|Delaware,US,False,False,rolling,2023-12-01,10,2024-10-01,485.96,369.8266296386719,157.62796226663107,181.615234375,585.6319580078125,0.8,150.24409090909091,
chronos_2,electricity,USA|Delaware,US,False,False,rolling,2023-12-01,11,2024-11-01,302.27,318.6180419921875,157.74725345375722,138.86563110351562,543.1881103515625,0.8,150.24409090909091,
chronos_2,electricity,USA|Delaware,US,False,False,rolling,2023-12-01,12,2024-12-01,377.39,307.5116882324219,162.75782860145011,125.53582763671875,542.700927734375,0.8,150.24409090909091,
chronos_2,electricity,USA|Delaware,US,False,False,rolling,2024-12-01,1,2025-01-01,598.85,355.05224609375,125.44867934962588,209.22418212890625,530.7620849609375,0.8,147.7436956521739,
chronos_2,electricity,USA|Delaware,US,False,False,rolling,2024-12-01,2,2025-02-01,388.15,335.6582946777344,128.5376412352504,187.56881713867188,517.0240478515625,0.8,147.7436956521739,
chronos_2,electricity,USA|Delaware,US,False,False,rolling,2024-12-01,3,2025-03-01,202.27,362.20184326171875,136.38287931910773,203.04037475585938,552.603759765625,0.8,147.7436956521739,
chronos_2,electricity,USA|Delaware,US,False,False,rolling,2024-12-01,4,2025-04-01,471.15,378.25482177734375,143.82042706077658,210.30743408203125,578.9340209960938,0.8,147.7436956521739,
chronos_2,electricity,USA|Delaware,US,False,False,rolling,2024-12-01,5,2025-05-01,210.98,382.618896484375,143.47635312869042,214.35491943359375,582.099609375,0.8,147.7436956521739,
chronos_2,electricity,USA|Delaware,US,False,False,rolling,2024-12-01,6,2025-06-01,444.68,516.5360717773438,151.7807295255489,326.63763427734375,715.6672973632812,0.8,147.7436956521739,
chronos_2,electricity,USA|Delaware,US,False,False,rolling,2024-12-01,7,2025-07-01,888.68,781.2039184570312,151.36185898326946,586.8660888671875,974.8221435546875,0.8,147.7436956521739,
chronos_2,electricity,USA|Delaware,US,False,False,rolling,2024-12-01,8,2025-08-01,505.05,683.9287109375,162.00064687132732,473.4312744140625,888.6556396484375,0.8,147.7436956521739,
chronos_2,electricity,USA|Delaware,US,False,False,rolling,2024-12-01,9,2025-09-01,437.0,464.62255859375,157.2676002475114,272.09515380859375,675.188232421875,0.8,147.7436956521739,
chronos_2,electricity,USA|Delaware,US,False,False,rolling,2024-12-01,10,2025-10-01,535.19,400.84228515625,149.40507393092554,220.87139892578125,603.81201171875,0.8,147.7436956521739,
chronos_2,electricity,USA|Delaware,US,False,False,rolling,2024-12-01,11,2025-11-01,435.67,336.1023864746094,147.162104331844,165.2529296875,542.444580078125,0.8,147.7436956521739,
chronos_2,electricity,USA|Delaware,US,False,False,rolling,2024-12-01,12,2025-12-01,463.86,344.2659912109375,150.13650190940106,171.59628295898438,556.41162109375,0.8,147.7436956521739,
chronos_2,electricity,USA|Florida,US,True,False,holdout,last12,1,2025-01-01,20780.7,20190.2109375,657.7361958933714,19406.119140625,21091.96484375,0.8,854.2251449275362,
chronos_2,electricity,USA|Florida,US,True,False,holdout,last12,2,2025-02-01,17861.41,18410.76953125,612.1630808933668,17612.94921875,19181.986328125,0.8,854.2251449275362,
chronos_2,electricity,USA|Florida,US,True,False,holdout,last12,3,2025-03-01,19077.93,20047.453125,655.3853772501748,19238.23828125,20918.05859375,0.8,854.2251449275362,
chronos_2,electricity,USA|Florida,US,True,False,holdout,last12,4,2025-04-01,20911.74,20583.326171875,676.0230502854074,19740.51171875,21473.228515625,0.8,854.2251449275362,
chronos_2,electricity,USA|Florida,US,True,False,holdout,last12,5,2025-05-01,25342.66,23679.03515625,820.8144283121251,22716.078125,24819.91015625,0.8,854.2251449275362,
chronos_2,electricity,USA|Florida,US,True,False,holdout,last12,6,2025-06-01,25762.9,25331.462890625,838.669981779672,24331.5390625,26481.13671875,0.8,854.2251449275362,
chronos_2,electricity,USA|Florida,US,True,False,holdout,last12,7,2025-07-01,28205.58,26909.873046875,887.394793994672,25798.849609375,28073.333984375,0.8,854.2251449275362,
chronos_2,electricity,USA|Florida,US,True,False,holdout,last12,8,2025-08-01,27623.64,27527.341796875,945.508402482873,26345.12890625,28768.564453125,0.8,854.2251449275362,
chronos_2,electricity,USA|Florida,US,True,False,holdout,last12,9,2025-09-01,24796.75,24982.2265625,804.7358956147352,24039.8125,26102.43359375,0.8,854.2251449275362,
chronos_2,electricity,USA|Florida,US,True,False,holdout,last12,10,2025-10-01,22972.93,22839.169921875,901.7450749310343,21744.4609375,24055.7265625,0.8,854.2251449275362,
chronos_2,electricity,USA|Florida,US,True,False,holdout,last12,11,2025-11-01,19037.18,19611.6484375,717.0004481907221,18748.94921875,20586.6953125,0.8,854.2251449275362,
chronos_2,electricity,USA|Florida,US,True,False,holdout,last12,12,2025-12-01,19761.66,19869.5546875,728.0054799071062,18925.71484375,20791.66796875,0.8,854.2251449275362,
chronos_2,electricity,USA|Florida,US,True,False,rolling,2022-12-01,1,2023-01-01,19104.71,19805.43359375,587.8128670381491,19139.2109375,20645.8359375,0.8,862.9941666666666,
chronos_2,electricity,USA|Florida,US,True,False,rolling,2022-12-01,2,2023-02-01,17027.46,18214.46484375,559.9764310459382,17519.013671875,18954.291015625,0.8,862.9941666666666,
chronos_2,electricity,USA|Florida,US,True,False,rolling,2022-12-01,3,2023-03-01,19525.76,19363.69140625,600.7435125993817,18637.259765625,20177.02734375,0.8,862.9941666666666,
chronos_2,electricity,USA|Florida,US,True,False,rolling,2022-12-01,4,2023-04-01,20357.0,19919.7578125,608.8955572816886,19188.99609375,20749.658203125,0.8,862.9941666666666,
chronos_2,electricity,USA|Florida,US,True,False,rolling,2022-12-01,5,2023-05-01,22945.84,22517.83984375,700.6087270128286,21753.193359375,23548.92578125,0.8,862.9941666666666,
chronos_2,electricity,USA|Florida,US,True,False,rolling,2022-12-01,6,2023-06-01,24418.0,24122.78515625,700.0318810767184,23343.66015625,25137.9140625,0.8,862.9941666666666,
chronos_2,electricity,USA|Florida,US,True,False,rolling,2022-12-01,7,2023-07-01,27330.22,25354.791015625,720.758709956766,24515.02734375,26362.40625,0.8,862.9941666666666,
chronos_2,electricity,USA|Florida,US,True,False,rolling,2022-12-01,8,2023-08-01,28387.76,25863.75,763.5108425849347,24980.40625,26937.36328125,0.8,862.9941666666666,
chronos_2,electricity,USA|Florida,US,True,False,rolling,2022-12-01,9,2023-09-01,24632.92,23751.630859375,674.0829581409736,23024.025390625,24751.76953125,0.8,862.9941666666666,
chronos_2,electricity,USA|Florida,US,True,False,rolling,2022-12-01,10,2023-10-01,21760.94,21912.421875,783.6532053711957,20986.314453125,22994.8984375,0.8,862.9941666666666,
chronos_2,electricity,USA|Florida,US,True,False,rolling,2022-12-01,11,2023-11-01,19037.51,19072.705078125,647.1693232433853,18323.015625,19981.77734375,0.8,862.9941666666666,
chronos_2,electricity,USA|Florida,US,True,False,rolling,2022-12-01,12,2023-12-01,18816.38,19543.73046875,654.04194345181,18726.859375,20403.236328125,0.8,862.9941666666666,
chronos_2,electricity,USA|Florida,US,True,False,rolling,2023-12-01,1,2024-01-01,20073.95,19846.12890625,540.9626136115651,19214.5703125,20601.11328125,0.8,859.8837878787879,
chronos_2,electricity,USA|Florida,US,True,False,rolling,2023-12-01,2,2024-02-01,17541.21,18323.189453125,535.64907766375,17635.720703125,19008.64453125,0.8,859.8837878787879,
chronos_2,electricity,USA|Florida,US,True,False,rolling,2023-12-01,3,2024-03-01,19591.11,19735.060546875,570.0929523772437,19040.36328125,20501.5703125,0.8,859.8837878787879,
chronos_2,electricity,USA|Florida,US,True,False,rolling,2023-12-01,4,2024-04-01,20372.27,20198.23046875,589.435960623241,19473.86328125,20984.6484375,0.8,859.8837878787879,
chronos_2,electricity,USA|Florida,US,True,False,rolling,2023-12-01,5,2024-05-01,25533.57,22946.890625,720.2115826355941,22110.4453125,23956.421875,0.8,859.8837878787879,
chronos_2,electricity,USA|Florida,US,True,False,rolling,2023-12-01,6,2024-06-01,25498.24,24641.40625,735.6149693628472,23772.390625,25657.84765625,0.8,859.8837878787879,
chronos_2,electricity,USA|Florida,US,True,False,rolling,2023-12-01,7,2024-07-01,27998.29,26075.458984375,776.3355679544642,25112.0625,27101.890625,0.8,859.8837878787879,
chronos_2,electricity,USA|Florida,US,True,False,rolling,2023-12-01,8,2024-08-01,27612.1,26598.513671875,831.40111337207,25566.8203125,27697.787109375,0.8,859.8837878787879,
chronos_2,electricity,USA|Florida,US,True,False,rolling,2023-12-01,9,2024-09-01,25560.36,24237.517578125,723.1925883186362,23406.19140625,25259.80859375,0.8,859.8837878787879,
chronos_2,electricity,USA|Florida,US,True,False,rolling,2023-12-01,10,2024-10-01,21828.56,22351.68359375,822.6569824382999,21356.90625,23465.4609375,0.8,859.8837878787879,
chronos_2,electricity,USA|Florida,US,True,False,rolling,2023-12-01,11,2024-11-01,20079.76,19243.841796875,662.7891224486506,18453.26953125,20152.06640625,0.8,859.8837878787879,
chronos_2,electricity,USA|Florida,US,True,False,rolling,2023-12-01,12,2024-12-01,18772.18,19705.021484375,684.3991276034031,18808.353515625,20562.5390625,0.8,859.8837878787879,
chronos_2,electricity,USA|Florida,US,True,False,rolling,2024-12-01,1,2025-01-01,20780.7,20190.2109375,657.7361958933714,19406.119140625,21091.96484375,0.8,854.2251449275362,
chronos_2,electricity,USA|Florida,US,True,False,rolling,2024-12-01,2,2025-02-01,17861.41,18410.76953125,612.1630808933668,17612.94921875,19181.986328125,0.8,854.2251449275362,
chronos_2,electricity,USA|Florida,US,True,False,rolling,2024-12-01,3,2025-03-01,19077.93,20047.453125,655.3853772501748,19238.23828125,20918.05859375,0.8,854.2251449275362,
chronos_2,electricity,USA|Florida,US,True,False,rolling,2024-12-01,4,2025-04-01,20911.74,20583.326171875,676.0230502854074,19740.51171875,21473.228515625,0.8,854.2251449275362,
chronos_2,electricity,USA|Florida,US,True,False,rolling,2024-12-01,5,2025-05-01,25342.66,23679.03515625,820.8144283121251,22716.078125,24819.91015625,0.8,854.2251449275362,
chronos_2,electricity,USA|Florida,US,True,False,rolling,2024-12-01,6,2025-06-01,25762.9,25331.462890625,838.669981779672,24331.5390625,26481.13671875,0.8,854.2251449275362,
chronos_2,electricity,USA|Florida,US,True,False,rolling,2024-12-01,7,2025-07-01,28205.58,26909.873046875,887.394793994672,25798.849609375,28073.333984375,0.8,854.2251449275362,
chronos_2,electricity,USA|Florida,US,True,False,rolling,2024-12-01,8,2025-08-01,27623.64,27527.341796875,945.508402482873,26345.12890625,28768.564453125,0.8,854.2251449275362,
chronos_2,electricity,USA|Florida,US,True,False,rolling,2024-12-01,9,2025-09-01,24796.75,24982.2265625,804.7358956147352,24039.8125,26102.43359375,0.8,854.2251449275362,
chronos_2,electricity,USA|Florida,US,True,False,rolling,2024-12-01,10,2025-10-01,22972.93,22839.169921875,901.7450749310343,21744.4609375,24055.7265625,0.8,854.2251449275362,
chronos_2,electricity,USA|Florida,US,True,False,rolling,2024-12-01,11,2025-11-01,19037.18,19611.6484375,717.0004481907221,18748.94921875,20586.6953125,0.8,854.2251449275362,
chronos_2,electricity,USA|Florida,US,True,False,rolling,2024-12-01,12,2025-12-01,19761.66,19869.5546875,728.0054799071062,18925.71484375,20791.66796875,0.8,854.2251449275362,
chronos_2,electricity,USA|Georgia,US,True,False,holdout,last12,1,2025-01-01,13390.05,11723.1357421875,617.3036392619256,10931.400390625,12513.61328125,0.8,747.4295289855072,
chronos_2,electricity,USA|Georgia,US,True,False,holdout,last12,2,2025-02-01,10482.79,9947.70703125,586.0484195281583,9172.666015625,10674.7685546875,0.8,747.4295289855072,
chronos_2,electricity,USA|Georgia,US,True,False,holdout,last12,3,2025-03-01,10031.68,9944.19140625,597.7830813420661,9162.228515625,10694.408203125,0.8,747.4295289855072,
chronos_2,electricity,USA|Georgia,US,True,False,holdout,last12,4,2025-04-01,11437.67,10055.783203125,624.9131287176666,9230.361328125,10832.078125,0.8,747.4295289855072,
chronos_2,electricity,USA|Georgia,US,True,False,holdout,last12,5,2025-05-01,12052.93,11731.732421875,723.9001199588982,10817.8134765625,12673.244140625,0.8,747.4295289855072,
chronos_2,electricity,USA|Georgia,US,True,False,holdout,last12,6,2025-06-01,13411.4,12958.1904296875,786.4696156484256,11994.759765625,14010.5625,0.8,747.4295289855072,
chronos_2,electricity,USA|Georgia,US,True,False,holdout,last12,7,2025-07-01,15327.85,13859.4453125,830.4958386401031,12812.34375,14940.990234375,0.8,747.4295289855072,
chronos_2,electricity,USA|Georgia,US,True,False,holdout,last12,8,2025-08-01,13974.75,13979.259765625,887.190573768942,12877.3828125,15151.34375,0.8,747.4295289855072,
chronos_2,electricity,USA|Georgia,US,True,False,holdout,last12,9,2025-09-01,11673.9,11698.2119140625,829.2556579782547,10632.869140625,12758.3369140625,0.8,747.4295289855072,
chronos_2,electricity,USA|Georgia,US,True,False,holdout,last12,10,2025-10-01,11927.92,10456.041015625,775.2752230137809,9450.8984375,11438.0087890625,0.8,747.4295289855072,
chronos_2,electricity,USA|Georgia,US,True,False,holdout,last12,11,2025-11-01,11220.68,10092.9716796875,744.4570193227601,9135.0146484375,11043.134765625,0.8,747.4295289855072,
chronos_2,electricity,USA|Georgia,US,True,False,holdout,last12,12,2025-12-01,12534.58,11287.4189453125,880.0249584978566,10131.208984375,12386.8037109375,0.8,747.4295289855072,
chronos_2,electricity,USA|Georgia,US,True,False,rolling,2022-12-01,1,2023-01-01,10035.26,10837.630859375,638.9494591577576,10025.4169921875,11663.1103515625,0.8,732.9744444444444,
chronos_2,electricity,USA|Georgia,US,True,False,rolling,2022-12-01,2,2023-02-01,8512.07,9161.22265625,632.2562936626143,8377.8671875,9998.4052734375,0.8,732.9744444444444,
chronos_2,electricity,USA|Georgia,US,True,False,rolling,2022-12-01,3,2023-03-01,9485.62,9052.412109375,638.8702095179221,8254.9580078125,9892.4482421875,0.8,732.9744444444444,
chronos_2,electricity,USA|Georgia,US,True,False,rolling,2022-12-01,4,2023-04-01,9812.98,9188.634765625,679.274571565965,8332.45703125,10073.5078125,0.8,732.9744444444444,
chronos_2,electricity,USA|Georgia,US,True,False,rolling,2022-12-01,5,2023-05-01,11673.53,10634.03125,725.9042214278146,9707.44140625,11568.0087890625,0.8,732.9744444444444,
chronos_2,electricity,USA|Georgia,US,True,False,rolling,2022-12-01,6,2023-06-01,11818.66,11875.849609375,728.9404732540113,11015.5732421875,12883.9228515625,0.8,732.9744444444444,
chronos_2,electricity,USA|Georgia,US,True,False,rolling,2022-12-01,7,2023-07-01,13300.43,12738.876953125,698.9090508430879,11886.1796875,13677.5556640625,0.8,732.9744444444444,
chronos_2,electricity,USA|Georgia,US,True,False,rolling,2022-12-01,8,2023-08-01,14478.58,12718.9091796875,739.1785361002568,11818.7158203125,13713.306640625,0.8,732.9744444444444,
chronos_2,electricity,USA|Georgia,US,True,False,rolling,2022-12-01,9,2023-09-01,11802.27,10679.5615234375,778.7831626001521,9716.990234375,11713.091796875,0.8,732.9744444444444,
chronos_2,electricity,USA|Georgia,US,True,False,rolling,2022-12-01,10,2023-10-01,10947.02,9433.990234375,761.9064183861501,8477.0869140625,10429.931640625,0.8,732.9744444444444,
chronos_2,electricity,USA|Georgia,US,True,False,rolling,2022-12-01,11,2023-11-01,10184.64,9199.8310546875,765.4665560526054,8271.478515625,10233.4482421875,0.8,732.9744444444444,
chronos_2,electricity,USA|Georgia,US,True,False,rolling,2022-12-01,12,2023-12-01,11085.33,10324.3984375,845.1406386706618,9287.0771484375,11453.259765625,0.8,732.9744444444444,
chronos_2,electricity,USA|Georgia,US,True,False,rolling,2023-12-01,1,2024-01-01,12624.05,11434.4248046875,625.1985036226511,10637.3017578125,12239.75,0.8,742.5077272727272,
chronos_2,electricity,USA|Georgia,US,True,False,rolling,2023-12-01,2,2024-02-01,10058.39,9700.921875,609.4644020522385,8911.337890625,10473.4580078125,0.8,742.5077272727272,
chronos_2,electricity,USA|Georgia,US,True,False,rolling,2023-12-01,3,2024-03-01,9960.56,9615.1474609375,620.9929386009973,8810.38671875,10402.0556640625,0.8,742.5077272727272,
chronos_2,electricity,USA|Georgia,US,True,False,rolling,2023-12-01,4,2024-04-01,10404.89,9659.66796875,635.7794735643386,8837.421875,10466.990234375,0.8,742.5077272727272,
chronos_2,electricity,USA|Georgia,US,True,False,rolling,2023-12-01,5,2024-05-01,12586.19,11308.2783203125,676.6467601912279,10460.5263671875,12194.841796875,0.8,742.5077272727272,
chronos_2,electricity,USA|Georgia,US,True,False,rolling,2023-12-01,6,2024-06-01,13276.97,12425.1005859375,713.6315764819467,11575.234375,13404.345703125,0.8,742.5077272727272,
chronos_2,electricity,USA|Georgia,US,True,False,rolling,2023-12-01,7,2024-07-01,14210.16,13320.408203125,724.4750608555893,12416.3134765625,14273.2177734375,0.8,742.5077272727272,
chronos_2,electricity,USA|Georgia,US,True,False,rolling,2023-12-01,8,2024-08-01,14917.91,13369.99609375,759.9362266188941,12440.33984375,14388.134765625,0.8,742.5077272727272,
chronos_2,electricity,USA|Georgia,US,True,False,rolling,2023-12-01,9,2024-09-01,11113.82,11438.037109375,742.4472027355864,10478.2958984375,12381.2646484375,0.8,742.5077272727272,
chronos_2,electricity,USA|Georgia,US,True,False,rolling,2023-12-01,10,2024-10-01,10971.31,10174.771484375,727.2670866282544,9219.1962890625,11083.2568359375,0.8,742.5077272727272,
chronos_2,electricity,USA|Georgia,US,True,False,rolling,2023-12-01,11,2024-11-01,10051.19,9906.734375,735.8668155740551,8965.03125,10851.1337890625,0.8,742.5077272727272,
chronos_2,electricity,USA|Georgia,US,True,False,rolling,2023-12-01,12,2024-12-01,11585.66,10953.0986328125,812.8467914455891,9904.623046875,11988.033203125,0.8,742.5077272727272,
chronos_2,electricity,USA|Georgia,US,True,False,rolling,2024-12-01,1,2025-01-01,13390.05,11723.1357421875,617.3036392619256,10931.400390625,12513.61328125,0.8,747.4295289855072,
chronos_2,electricity,USA|Georgia,US,True,False,rolling,2024-12-01,2,2025-02-01,10482.79,9947.70703125,586.0484195281583,9172.666015625,10674.7685546875,0.8,747.4295289855072,
chronos_2,electricity,USA|Georgia,US,True,False,rolling,2024-12-01,3,2025-03-01,10031.68,9944.19140625,597.7830813420661,9162.228515625,10694.408203125,0.8,747.4295289855072,
chronos_2,electricity,USA|Georgia,US,True,False,rolling,2024-12-01,4,2025-04-01,11437.67,10055.783203125,624.9131287176666,9230.361328125,10832.078125,0.8,747.4295289855072,
chronos_2,electricity,USA|Georgia,US,True,False,rolling,2024-12-01,5,2025-05-01,12052.93,11731.732421875,723.9001199588982,10817.8134765625,12673.244140625,0.8,747.4295289855072,
chronos_2,electricity,USA|Georgia,US,True,False,rolling,2024-12-01,6,2025-06-01,13411.4,12958.1904296875,786.4696156484256,11994.759765625,14010.5625,0.8,747.4295289855072,
chronos_2,electricity,USA|Georgia,US,True,False,rolling,2024-12-01,7,2025-07-01,15327.85,13859.4453125,830.4958386401031,12812.34375,14940.990234375,0.8,747.4295289855072,
chronos_2,electricity,USA|Georgia,US,True,False,rolling,2024-12-01,8,2025-08-01,13974.75,13979.259765625,887.190573768942,12877.3828125,15151.34375,0.8,747.4295289855072,
chronos_2,electricity,USA|Georgia,US,True,False,rolling,2024-12-01,9,2025-09-01,11673.9,11698.2119140625,829.2556579782547,10632.869140625,12758.3369140625,0.8,747.4295289855072,
chronos_2,electricity,USA|Georgia,US,True,False,rolling,2024-12-01,10,2025-10-01,11927.92,10456.041015625,775.2752230137809,9450.8984375,11438.0087890625,0.8,747.4295289855072,
chronos_2,electricity,USA|Georgia,US,True,False,rolling,2024-12-01,11,2025-11-01,11220.68,10092.9716796875,744.4570193227601,9135.0146484375,11043.134765625,0.8,747.4295289855072,
chronos_2,electricity,USA|Georgia,US,True,False,rolling,2024-12-01,12,2025-12-01,12534.58,11287.4189453125,880.0249584978566,10131.208984375,12386.8037109375,0.8,747.4295289855072,
chronos_2,electricity,USA|Hawaii,US,False,False,holdout,last12,1,2025-01-01,872.98,873.6356811523438,22.91629068444451,845.5829467773438,904.3197631835938,0.8,35.38510869565218,
chronos_2,electricity,USA|Hawaii,US,False,False,holdout,last12,2,2025-02-01,782.96,783.8917236328125,26.024243431778388,750.3865356445312,817.08935546875,0.8,35.38510869565218,
chronos_2,electricity,USA|Hawaii,US,False,False,holdout,last12,3,2025-03-01,885.65,876.2271118164062,26.567870243017595,842.8946533203125,910.9908447265625,0.8,35.38510869565218,
chronos_2,electricity,USA|Hawaii,US,False,False,holdout,last12,4,2025-04-01,899.58,863.5477905273438,28.043180395171163,826.8289794921875,898.70654296875,0.8,35.38510869565218,
chronos_2,electricity,USA|Hawaii,US,False,False,holdout,last12,5,2025-05-01,867.91,907.5410766601562,30.164918048218315,867.371337890625,944.6871337890625,0.8,35.38510869565218,
chronos_2,electricity,USA|Hawaii,US,False,False,holdout,last12,6,2025-06-01,923.39,904.3321533203125,31.448843177728335,864.60888671875,945.2155151367188,0.8,35.38510869565218,
chronos_2,electricity,USA|Hawaii,US,False,False,holdout,last12,7,2025-07-01,974.38,950.9863891601562,33.16140217654082,909.239990234375,994.236083984375,0.8,35.38510869565218,
chronos_2,electricity,USA|Hawaii,US,False,False,holdout,last12,8,2025-08-01,989.42,980.688232421875,38.09871665207209,932.2216186523438,1029.87255859375,0.8,35.38510869565218,
chronos_2,electricity,USA|Hawaii,US,False,False,holdout,last12,9,2025-09-01,975.34,939.7775268554688,36.308932117806954,894.6019287109375,987.6654663085938,0.8,35.38510869565218,
chronos_2,electricity,USA|Hawaii,US,False,False,holdout,last12,10,2025-10-01,983.41,950.1118774414062,35.28261594374771,905.1728515625,995.6058349609375,0.8,35.38510869565218,
chronos_2,electricity,USA|Hawaii,US,False,False,holdout,last12,11,2025-11-01,918.69,889.42431640625,34.02509942318526,845.6325073242188,932.8423461914062,0.8,35.38510869565218,
chronos_2,electricity,USA|Hawaii,US,False,False,holdout,last12,12,2025-12-01,928.04,892.2275390625,34.57803711458543,849.041748046875,937.6688232421875,0.8,35.38510869565218,
chronos_2,electricity,USA|Hawaii,US,False,False,rolling,2022-12-01,1,2023-01-01,894.16,854.0638427734375,21.23742707035775,828.7850341796875,883.21875,0.8,36.968650793650795,
chronos_2,electricity,USA|Hawaii,US,False,False,rolling,2022-12-01,2,2023-02-01,782.52,771.4010620117188,24.236744944816195,740.514892578125,802.6361694335938,0.8,36.968650793650795,
chronos_2,electricity,USA|Hawaii,US,False,False,rolling,2022-12-01,3,2023-03-01,893.19,861.4785766601562,25.659785577907606,828.8788452148438,894.6475219726562,0.8,36.968650793650795,
chronos_2,electricity,USA|Hawaii,US,False,False,rolling,2022-12-01,4,2023-04-01,873.72,847.1541137695312,25.900677812455584,815.793701171875,882.1798095703125,0.8,36.968650793650795,
chronos_2,electricity,USA|Hawaii,US,False,False,rolling,2022-12-01,5,2023-05-01,900.04,898.4332275390625,27.685485431238266,862.3314819335938,933.292236328125,0.8,36.968650793650795,
chronos_2,electricity,USA|Hawaii,US,False,False,rolling,2022-12-01,6,2023-06-01,904.18,896.527099609375,28.768500341009133,860.6767578125,934.4133911132812,0.8,36.968650793650795,
chronos_2,electricity,USA|Hawaii,US,False,False,rolling,2022-12-01,7,2023-07-01,941.77,941.8351440429688,32.313183375176735,901.4619750976562,984.2839965820312,0.8,36.968650793650795,
chronos_2,electricity,USA|Hawaii,US,False,False,rolling,2022-12-01,8,2023-08-01,965.65,970.9029541015625,38.310176027594636,923.6325073242188,1021.825439453125,0.8,36.968650793650795,
chronos_2,electricity,USA|Hawaii,US,False,False,rolling,2022-12-01,9,2023-09-01,940.69,936.1373291015625,36.734684614987984,890.910400390625,985.065185546875,0.8,36.968650793650795,
chronos_2,electricity,USA|Hawaii,US,False,False,rolling,2022-12-01,10,2023-10-01,976.33,955.5731811523438,36.33319755740802,909.4456176757812,1002.5713500976562,0.8,36.968650793650795,
chronos_2,electricity,USA|Hawaii,US,False,False,rolling,2022-12-01,11,2023-11-01,908.67,886.1062622070312,33.891175152020985,842.4927978515625,929.359375,0.8,36.968650793650795,
chronos_2,electricity,USA|Hawaii,US,False,False,rolling,2022-12-01,12,2023-12-01,909.93,885.6831665039062,34.27037324839722,842.7106323242188,930.5491333007812,0.8,36.968650793650795,
chronos_2,electricity,USA|Hawaii,US,False,False,rolling,2023-12-01,1,2024-01-01,860.58,887.4404907226562,19.33360211386542,863.4738159179688,913.02783203125,0.8,35.95859848484849,
chronos_2,electricity,USA|Hawaii,US,False,False,rolling,2023-12-01,2,2024-02-01,770.41,807.5717163085938,22.17692107289051,780.0042114257812,836.845947265625,0.8,35.95859848484849,
chronos_2,electricity,USA|Hawaii,US,False,False,rolling,2023-12-01,3,2024-03-01,808.42,880.3516235351562,23.471800179060487,851.0506591796875,911.2113037109375,0.8,35.95859848484849,
chronos_2,electricity,USA|Hawaii,US,False,False,rolling,2023-12-01,4,2024-04-01,855.9,865.1649169921875,25.92525282096226,832.4230346679688,898.8721313476562,0.8,35.95859848484849,
chronos_2,electricity,USA|Hawaii,US,False,False,rolling,2023-12-01,5,2024-05-01,895.95,914.1970825195312,29.781719369061918,875.7581787109375,952.091796875,0.8,35.95859848484849,
chronos_2,electricity,USA|Hawaii,US,False,False,rolling,2023-12-01,6,2024-06-01,891.36,914.140625,30.523303588940642,877.0439453125,955.2783203125,0.8,35.95859848484849,
chronos_2,electricity,USA|Hawaii,US,False,False,rolling,2023-12-01,7,2024-07-01,952.86,963.5242919921875,33.10577502550245,922.919921875,1007.7734375,0.8,35.95859848484849,
chronos_2,electricity,USA|Hawaii,US,False,False,rolling,2023-12-01,8,2024-08-01,988.96,987.87744140625,37.8899719577218,941.5947875976562,1038.710693359375,0.8,35.95859848484849,
chronos_2,electricity,USA|Hawaii,US,False,False,rolling,2023-12-01,9,2024-09-01,939.09,953.7380981445312,36.32838733287474,910.46826171875,1003.5816650390625,0.8,35.95859848484849,
chronos_2,electricity,USA|Hawaii,US,False,False,rolling,2023-12-01,10,2024-10-01,948.93,974.3703002929688,37.031037309625155,930.2764282226562,1025.1907958984375,0.8,35.95859848484849,
chronos_2,electricity,USA|Hawaii,US,False,False,rolling,2023-12-01,11,2024-11-01,874.46,909.5372924804688,34.58908634321634,868.1754150390625,956.830810546875,0.8,35.95859848484849,
chronos_2,electricity,USA|Hawaii,US,False,False,rolling,2023-12-01,12,2024-12-01,920.35,908.989990234375,35.77942641126199,865.6240844726562,957.3304443359375,0.8,35.95859848484849,
chronos_2,electricity,USA|Hawaii,US,False,False,rolling,2024-12-01,1,2025-01-01,872.98,873.6356811523438,22.91629068444451,845.5829467773438,904.3197631835938,0.8,35.38510869565218,
chronos_2,electricity,USA|Hawaii,US,False,False,rolling,2024-12-01,2,2025-02-01,782.96,783.8917236328125,26.024243431778388,750.3865356445312,817.08935546875,0.8,35.38510869565218,
chronos_2,electricity,USA|Hawaii,US,False,False,rolling,2024-12-01,3,2025-03-01,885.65,876.2271118164062,26.567870243017595,842.8946533203125,910.9908447265625,0.8,35.38510869565218,
chronos_2,electricity,USA|Hawaii,US,False,False,rolling,2024-12-01,4,2025-04-01,899.58,863.5477905273438,28.043180395171163,826.8289794921875,898.70654296875,0.8,35.38510869565218,
chronos_2,electricity,USA|Hawaii,US,False,False,rolling,2024-12-01,5,2025-05-01,867.91,907.5410766601562,30.164918048218315,867.371337890625,944.6871337890625,0.8,35.38510869565218,
chronos_2,electricity,USA|Hawaii,US,False,False,rolling,2024-12-01,6,2025-06-01,923.39,904.3321533203125,31.448843177728335,864.60888671875,945.2155151367188,0.8,35.38510869565218,
chronos_2,electricity,USA|Hawaii,US,False,False,rolling,2024-12-01,7,2025-07-01,974.38,950.9863891601562,33.16140217654082,909.239990234375,994.236083984375,0.8,35.38510869565218,
chronos_2,electricity,USA|Hawaii,US,False,False,rolling,2024-12-01,8,2025-08-01,989.42,980.688232421875,38.09871665207209,932.2216186523438,1029.87255859375,0.8,35.38510869565218,
chronos_2,electricity,USA|Hawaii,US,False,False,rolling,2024-12-01,9,2025-09-01,975.34,939.7775268554688,36.308932117806954,894.6019287109375,987.6654663085938,0.8,35.38510869565218,
chronos_2,electricity,USA|Hawaii,US,False,False,rolling,2024-12-01,10,2025-10-01,983.41,950.1118774414062,35.28261594374771,905.1728515625,995.6058349609375,0.8,35.38510869565218,
chronos_2,electricity,USA|Hawaii,US,False,False,rolling,2024-12-01,11,2025-11-01,918.69,889.42431640625,34.02509942318526,845.6325073242188,932.8423461914062,0.8,35.38510869565218,
chronos_2,electricity,USA|Hawaii,US,False,False,rolling,2024-12-01,12,2025-12-01,928.04,892.2275390625,34.57803711458543,849.041748046875,937.6688232421875,0.8,35.38510869565218,
chronos_2,electricity,USA|Idaho,US,False,False,holdout,last12,1,2025-01-01,1793.04,1641.3662109375,150.97418346147813,1430.7152099609375,1817.6776123046875,0.8,150.9736956521739,
chronos_2,electricity,USA|Idaho,US,False,False,holdout,last12,2,2025-02-01,1441.5,1575.208740234375,186.81802401809918,1313.6334228515625,1792.46728515625,0.8,150.9736956521739,
chronos_2,electricity,USA|Idaho,US,False,False,holdout,last12,3,2025-03-01,1513.46,1611.7734375,202.82726090661845,1322.6402587890625,1842.5074462890625,0.8,150.9736956521739,
chronos_2,electricity,USA|Idaho,US,False,False,holdout,last12,4,2025-04-01,1519.66,1552.72412109375,216.8349205034517,1260.8990478515625,1816.6693115234375,0.8,150.9736956521739,
chronos_2,electricity,USA|Idaho,US,False,False,holdout,last12,5,2025-05-01,1660.89,1571.7518310546875,208.05583209634074,1289.572265625,1822.8408203125,0.8,150.9736956521739,
chronos_2,electricity,USA|Idaho,US,False,False,holdout,last12,6,2025-06-01,1882.53,1648.5335693359375,197.3909451682409,1385.213134765625,1891.146484375,0.8,150.9736956521739,
chronos_2,electricity,USA|Idaho,US,False,False,holdout,last12,7,2025-07-01,1854.16,1817.49560546875,178.53062628506362,1590.5714111328125,2048.163818359375,0.8,150.9736956521739,
chronos_2,electricity,USA|Idaho,US,False,False,holdout,last12,8,2025-08-01,1850.64,1755.915283203125,199.2706475630886,1482.818115234375,1993.5693359375,0.8,150.9736956521739,
chronos_2,electricity,USA|Idaho,US,False,False,holdout,last12,9,2025-09-01,1526.96,1485.30029296875,228.30649637357877,1197.0172119140625,1782.1903076171875,0.8,150.9736956521739,
chronos_2,electricity,USA|Idaho,US,False,False,holdout,last12,10,2025-10-01,1475.77,1306.3060302734375,229.4661891199693,1032.17236328125,1620.31787109375,0.8,150.9736956521739,
chronos_2,electricity,USA|Idaho,US,False,False,holdout,last12,11,2025-11-01,1675.51,1464.6375732421875,234.41000454251832,1166.362548828125,1767.1795654296875,0.8,150.9736956521739,
chronos_2,electricity,USA|Idaho,US,False,False,holdout,last12,12,2025-12-01,2130.78,1539.864990234375,231.46690914391672,1236.4920654296875,1829.765625,0.8,150.9736956521739,
chronos_2,electricity,USA|Idaho,US,False,False,rolling,2022-12-01,1,2023-01-01,1380.16,1404.28515625,122.30857906209431,1228.234130859375,1541.7236328125,0.8,149.8426984126984,
chronos_2,electricity,USA|Idaho,US,False,False,rolling,2022-12-01,2,2023-02-01,1260.53,1361.1767578125,147.1284803860965,1153.772216796875,1530.877685546875,0.8,149.8426984126984,
chronos_2,electricity,USA|Idaho,US,False,False,rolling,2022-12-01,3,2023-03-01,1291.75,1436.4716796875,147.87592260218904,1219.9068603515625,1598.9281005859375,0.8,149.8426984126984,
chronos_2,electricity,USA|Idaho,US,False,False,rolling,2022-12-01,4,2023-04-01,1075.44,1418.0440673828125,152.46606745657806,1202.8148193359375,1593.60107421875,0.8,149.8426984126984,
chronos_2,electricity,USA|Idaho,US,False,False,rolling,2022-12-01,5,2023-05-01,1487.48,1441.0753173828125,142.0986524337741,1238.1912841796875,1602.40478515625,0.8,149.8426984126984,
chronos_2,electricity,USA|Idaho,US,False,False,rolling,2022-12-01,6,2023-06-01,1342.94,1419.904296875,147.15924677271533,1213.6904296875,1590.874755859375,0.8,149.8426984126984,
chronos_2,electricity,USA|Idaho,US,False,False,rolling,2022-12-01,7,2023-07-01,1492.79,1594.05712890625,126.7289372782541,1431.78369140625,1756.60302734375,0.8,149.8426984126984,
chronos_2,electricity,USA|Idaho,US,False,False,rolling,2022-12-01,8,2023-08-01,1443.98,1538.47265625,142.85762013835233,1341.947998046875,1708.1068115234375,0.8,149.8426984126984,
chronos_2,electricity,USA|Idaho,US,False,False,rolling,2022-12-01,9,2023-09-01,1151.74,1318.1737060546875,171.176316859514,1085.7218017578125,1524.46435546875,0.8,149.8426984126984,
chronos_2,electricity,USA|Idaho,US,False,False,rolling,2022-12-01,10,2023-10-01,1103.75,1122.470703125,191.73957429243723,880.9494018554688,1372.397705078125,0.8,149.8426984126984,
chronos_2,electricity,USA|Idaho,US,False,False,rolling,2022-12-01,11,2023-11-01,1331.38,1238.992431640625,194.178882016652,980.2123413085938,1477.912841796875,0.8,149.8426984126984,
chronos_2,electricity,USA|Idaho,US,False,False,rolling,2022-12-01,12,2023-12-01,1353.0,1262.770263671875,189.2609513172103,1004.4891357421875,1489.58447265625,0.8,149.8426984126984,
chronos_2,electricity,USA|Idaho,US,False,False,rolling,2023-12-01,1,2024-01-01,1400.63,1338.9942626953125,104.9656717022332,1188.74462890625,1457.782470703125,0.8,147.1766287878788,
chronos_2,electricity,USA|Idaho,US,False,False,rolling,2023-12-01,2,2024-02-01,1302.94,1292.6903076171875,131.2831245136072,1109.4456787109375,1445.9378662109375,0.8,147.1766287878788,
chronos_2,electricity,USA|Idaho,US,False,False,rolling,2023-12-01,3,2024-03-01,1483.53,1341.416748046875,137.67243622140055,1141.6962890625,1494.56494140625,0.8,147.1766287878788,
chronos_2,electricity,USA|Idaho,US,False,False,rolling,2023-12-01,4,2024-04-01,1274.03,1293.1307373046875,156.45836331526112,1065.8253173828125,1466.84423828125,0.8,147.1766287878788,
chronos_2,electricity,USA|Idaho,US,False,False,rolling,2023-12-01,5,2024-05-01,1041.02,1367.9346923828125,137.01753129509186,1172.312255859375,1523.5023193359375,0.8,147.1766287878788,
chronos_2,electricity,USA|Idaho,US,False,False,rolling,2023-12-01,6,2024-06-01,1725.13,1343.36083984375,137.4947912955674,1148.722412109375,1501.1357421875,0.8,147.1766287878788,
chronos_2,electricity,USA|Idaho,US,False,False,rolling,2023-12-01,7,2024-07-01,1790.53,1496.2694091796875,111.87020132092808,1355.298583984375,1642.033447265625,0.8,147.1766287878788,
chronos_2,electricity,USA|Idaho,US,False,False,rolling,2023-12-01,8,2024-08-01,1688.4,1438.494873046875,126.08641510816972,1271.1326904296875,1594.30517578125,0.8,147.1766287878788,
chronos_2,electricity,USA|Idaho,US,False,False,rolling,2023-12-01,9,2024-09-01,1399.16,1228.8236083984375,149.40000176347212,1019.4820556640625,1402.40966796875,0.8,147.1766287878788,
chronos_2,electricity,USA|Idaho,US,False,False,rolling,2023-12-01,10,2024-10-01,1217.37,1068.7286376953125,181.73452158014302,827.4888916015625,1293.293212890625,0.8,147.1766287878788,
chronos_2,electricity,USA|Idaho,US,False,False,rolling,2023-12-01,11,2024-11-01,1598.35,1248.0172119140625,182.66006116893072,983.2526245117188,1451.42919921875,0.8,147.1766287878788,
chronos_2,electricity,USA|Idaho,US,False,False,rolling,2023-12-01,12,2024-12-01,1715.04,1253.838134765625,187.7982620512084,977.229736328125,1458.5760498046875,0.8,147.1766287878788,
chronos_2,electricity,USA|Idaho,US,False,False,rolling,2024-12-01,1,2025-01-01,1793.04,1641.3662109375,150.97418346147813,1430.7152099609375,1817.6776123046875,0.8,150.9736956521739,
chronos_2,electricity,USA|Idaho,US,False,False,rolling,2024-12-01,2,2025-02-01,1441.5,1575.208740234375,186.81802401809918,1313.6334228515625,1792.46728515625,0.8,150.9736956521739,
chronos_2,electricity,USA|Idaho,US,False,False,rolling,2024-12-01,3,2025-03-01,1513.46,1611.7734375,202.82726090661845,1322.6402587890625,1842.5074462890625,0.8,150.9736956521739,
chronos_2,electricity,USA|Idaho,US,False,False,rolling,2024-12-01,4,2025-04-01,1519.66,1552.72412109375,216.8349205034517,1260.8990478515625,1816.6693115234375,0.8,150.9736956521739,
chronos_2,electricity,USA|Idaho,US,False,False,rolling,2024-12-01,5,2025-05-01,1660.89,1571.7518310546875,208.05583209634074,1289.572265625,1822.8408203125,0.8,150.9736956521739,
chronos_2,electricity,USA|Idaho,US,False,False,rolling,2024-12-01,6,2025-06-01,1882.53,1648.5335693359375,197.3909451682409,1385.213134765625,1891.146484375,0.8,150.9736956521739,
chronos_2,electricity,USA|Idaho,US,False,False,rolling,2024-12-01,7,2025-07-01,1854.16,1817.49560546875,178.53062628506362,1590.5714111328125,2048.163818359375,0.8,150.9736956521739,
chronos_2,electricity,USA|Idaho,US,False,False,rolling,2024-12-01,8,2025-08-01,1850.64,1755.915283203125,199.2706475630886,1482.818115234375,1993.5693359375,0.8,150.9736956521739,
chronos_2,electricity,USA|Idaho,US,False,False,rolling,2024-12-01,9,2025-09-01,1526.96,1485.30029296875,228.30649637357877,1197.0172119140625,1782.1903076171875,0.8,150.9736956521739,
chronos_2,electricity,USA|Idaho,US,False,False,rolling,2024-12-01,10,2025-10-01,1475.77,1306.3060302734375,229.4661891199693,1032.17236328125,1620.31787109375,0.8,150.9736956521739,
chronos_2,electricity,USA|Idaho,US,False,False,rolling,2024-12-01,11,2025-11-01,1675.51,1464.6375732421875,234.41000454251832,1166.362548828125,1767.1795654296875,0.8,150.9736956521739,
chronos_2,electricity,USA|Idaho,US,False,False,rolling,2024-12-01,12,2025-12-01,2130.78,1539.864990234375,231.46690914391672,1236.4920654296875,1829.765625,0.8,150.9736956521739,
chronos_2,electricity,USA|Illinois,US,True,False,holdout,last12,1,2025-01-01,18190.93,16858.966796875,584.5137197721136,16114.7841796875,17612.953125,0.8,722.6458333333334,
chronos_2,electricity,USA|Illinois,US,True,False,holdout,last12,2,2025-02-01,15824.61,14819.5673828125,588.8442553796617,14030.0166015625,15539.28515625,0.8,722.6458333333334,
chronos_2,electricity,USA|Illinois,US,True,False,holdout,last12,3,2025-03-01,15777.42,15156.2529296875,588.2266415999824,14401.2265625,15908.912109375,0.8,722.6458333333334,
chronos_2,electricity,USA|Illinois,US,True,False,holdout,last12,4,2025-04-01,15046.57,13784.25390625,588.1218644319307,13007.3876953125,14514.8046875,0.8,722.6458333333334,
chronos_2,electricity,USA|Illinois,US,True,False,holdout,last12,5,2025-05-01,15082.73,14304.0458984375,575.2792316918615,13553.310546875,15027.810546875,0.8,722.6458333333334,
chronos_2,electricity,USA|Illinois,US,True,False,holdout,last12,6,2025-06-01,16867.0,15992.798828125,612.1341242941961,15184.783203125,16753.74609375,0.8,722.6458333333334,
chronos_2,electricity,USA|Illinois,US,True,False,holdout,last12,7,2025-07-01,18840.63,17313.44921875,595.3880657843459,16536.314453125,18062.35546875,0.8,722.6458333333334,
chronos_2,electricity,USA|Illinois,US,True,False,holdout,last12,8,2025-08-01,17134.05,17032.19921875,639.8783563785215,16220.564453125,17860.638671875,0.8,722.6458333333334,
chronos_2,electricity,USA|Illinois,US,True,False,holdout,last12,9,2025-09-01,14858.28,15073.0361328125,650.9656857978117,14232.9501953125,15901.4423828125,0.8,722.6458333333334,
chronos_2,electricity,USA|Illinois,US,True,False,holdout,last12,10,2025-10-01,16074.6,14844.2109375,654.7262336111586,13978.349609375,15656.48046875,0.8,722.6458333333334,
chronos_2,electricity,USA|Illinois,US,True,False,holdout,last12,11,2025-11-01,15168.03,15042.87109375,658.67652335065,14181.720703125,15869.9765625,0.8,722.6458333333334,
chronos_2,electricity,USA|Illinois,US,True,False,holdout,last12,12,2025-12-01,17647.88,16469.052734375,676.2508929999344,15607.9453125,17341.24609375,0.8,722.6458333333334,
chronos_2,electricity,USA|Illinois,US,True,False,rolling,2022-12-01,1,2023-01-01,15515.43,16780.15234375,636.9861255324105,15966.4052734375,17599.06640625,0.8,711.1996031746031,
chronos_2,electricity,USA|Illinois,US,True,False,rolling,2022-12-01,2,2023-02-01,13914.48,14688.3505859375,653.1061880891372,13817.8671875,15491.845703125,0.8,711.1996031746031,
chronos_2,electricity,USA|Illinois,US,True,False,rolling,2022-12-01,3,2023-03-01,14226.43,14777.8525390625,662.0015791527856,13894.0712890625,15590.849609375,0.8,711.1996031746031,
chronos_2,electricity,USA|Illinois,US,True,False,rolling,2022-12-01,4,2023-04-01,13091.63,13498.212890625,663.5869529573789,12621.916015625,14322.7578125,0.8,711.1996031746031,
chronos_2,electricity,USA|Illinois,US,True,False,rolling,2022-12-01,5,2023-05-01,13351.04,14178.2236328125,643.2323687798278,13350.0673828125,14998.73828125,0.8,711.1996031746031,
chronos_2,electricity,USA|Illinois,US,True,False,rolling,2022-12-01,6,2023-06-01,15022.37,15526.7646484375,700.7058840232038,14625.2353515625,16421.216796875,0.8,711.1996031746031,
chronos_2,electricity,USA|Illinois,US,True,False,rolling,2022-12-01,7,2023-07-01,17286.42,16984.337890625,695.9482385778884,16059.98828125,17843.775390625,0.8,711.1996031746031,
chronos_2,electricity,USA|Illinois,US,True,False,rolling,2022-12-01,8,2023-08-01,16702.49,16336.0546875,719.8846778712729,15365.6171875,17210.755859375,0.8,711.1996031746031,
chronos_2,electricity,USA|Illinois,US,True,False,rolling,2022-12-01,9,2023-09-01,14047.91,14484.041015625,717.6325402699867,13527.39453125,15366.7607421875,0.8,711.1996031746031,
chronos_2,electricity,USA|Illinois,US,True,False,rolling,2022-12-01,10,2023-10-01,15211.37,14241.7470703125,747.1160733439706,13242.138671875,15157.07421875,0.8,711.1996031746031,
chronos_2,electricity,USA|Illinois,US,True,False,rolling,2022-12-01,11,2023-11-01,15134.19,14663.82421875,769.8386215194904,13661.2333984375,15634.4091796875,0.8,711.1996031746031,
chronos_2,electricity,USA|Illinois,US,True,False,rolling,2022-12-01,12,2023-12-01,15809.35,16049.0126953125,787.8187645650479,14979.0947265625,16998.35546875,0.8,711.1996031746031,
chronos_2,electricity,USA|Illinois,US,True,False,rolling,2023-12-01,1,2024-01-01,16586.58,16403.78125,648.860236231798,15546.62109375,17209.716796875,0.8,719.5523106060606,
chronos_2,electricity,USA|Illinois,US,True,False,rolling,2023-12-01,2,2024-02-01,14594.7,14438.2880859375,675.9689471659044,13550.6328125,15283.2109375,0.8,719.5523106060606,
chronos_2,electricity,USA|Illinois,US,True,False,rolling,2023-12-01,3,2024-03-01,15081.14,14623.0830078125,662.308671507148,13761.8525390625,15459.41796875,0.8,719.5523106060606,
chronos_2,electricity,USA|Illinois,US,True,False,rolling,2023-12-01,4,2024-04-01,14153.93,13337.482421875,638.6583691345159,12505.75390625,14142.701171875,0.8,719.5523106060606,
chronos_2,electricity,USA|Illinois,US,True,False,rolling,2023-12-01,5,2024-05-01,14480.07,13977.5703125,625.124969101073,13178.5927734375,14780.8525390625,0.8,719.5523106060606,
chronos_2,electricity,USA|Illinois,US,True,False,rolling,2023-12-01,6,2024-06-01,16503.57,15503.2802734375,690.0910043798559,14619.8486328125,16388.623046875,0.8,719.5523106060606,
chronos_2,electricity,USA|Illinois,US,True,False,rolling,2023-12-01,7,2024-07-01,17414.9,17082.076171875,668.0874180811128,16200.01953125,17912.396484375,0.8,719.5523106060606,
chronos_2,electricity,USA|Illinois,US,True,False,rolling,2023-12-01,8,2024-08-01,17400.87,16687.689453125,717.0907470591884,15764.7607421875,17602.73828125,0.8,719.5523106060606,
chronos_2,electricity,USA|Illinois,US,True,False,rolling,2023-12-01,9,2024-09-01,14872.86,14598.861328125,737.1359528350741,13666.85546875,15556.2109375,0.8,719.5523106060606,
chronos_2,electricity,USA|Illinois,US,True,False,rolling,2023-12-01,10,2024-10-01,15426.52,14377.546875,719.8378139015624,13444.7001953125,15289.71875,0.8,719.5523106060606,
chronos_2,electricity,USA|Illinois,US,True,False,rolling,2023-12-01,11,2024-11-01,14481.11,14551.388671875,736.9153492703398,13613.208984375,15501.9990234375,0.8,719.5523106060606,
chronos_2,electricity,USA|Illinois,US,True,False,rolling,2023-12-01,12,2024-12-01,16499.14,16024.6806640625,761.8896540392618,14991.3271484375,16944.12890625,0.8,719.5523106060606,
chronos_2,electricity,USA|Illinois,US,True,False,rolling,2024-12-01,1,2025-01-01,18190.93,16858.966796875,584.5137197721136,16114.7841796875,17612.953125,0.8,722.6458333333334,
chronos_2,electricity,USA|Illinois,US,True,False,rolling,2024-12-01,2,2025-02-01,15824.61,14819.5673828125,588.8442553796617,14030.0166015625,15539.28515625,0.8,722.6458333333334,
chronos_2,electricity,USA|Illinois,US,True,False,rolling,2024-12-01,3,2025-03-01,15777.42,15156.2529296875,588.2266415999824,14401.2265625,15908.912109375,0.8,722.6458333333334,
chronos_2,electricity,USA|Illinois,US,True,False,rolling,2024-12-01,4,2025-04-01,15046.57,13784.25390625,588.1218644319307,13007.3876953125,14514.8046875,0.8,722.6458333333334,
chronos_2,electricity,USA|Illinois,US,True,False,rolling,2024-12-01,5,2025-05-01,15082.73,14304.0458984375,575.2792316918615,13553.310546875,15027.810546875,0.8,722.6458333333334,
chronos_2,electricity,USA|Illinois,US,True,False,rolling,2024-12-01,6,2025-06-01,16867.0,15992.798828125,612.1341242941961,15184.783203125,16753.74609375,0.8,722.6458333333334,
chronos_2,electricity,USA|Illinois,US,True,False,rolling,2024-12-01,7,2025-07-01,18840.63,17313.44921875,595.3880657843459,16536.314453125,18062.35546875,0.8,722.6458333333334,
chronos_2,electricity,USA|Illinois,US,True,False,rolling,2024-12-01,8,2025-08-01,17134.05,17032.19921875,639.8783563785215,16220.564453125,17860.638671875,0.8,722.6458333333334,
chronos_2,electricity,USA|Illinois,US,True,False,rolling,2024-12-01,9,2025-09-01,14858.28,15073.0361328125,650.9656857978117,14232.9501953125,15901.4423828125,0.8,722.6458333333334,
chronos_2,electricity,USA|Illinois,US,True,False,rolling,2024-12-01,10,2025-10-01,16074.6,14844.2109375,654.7262336111586,13978.349609375,15656.48046875,0.8,722.6458333333334,
chronos_2,electricity,USA|Illinois,US,True,False,rolling,2024-12-01,11,2025-11-01,15168.03,15042.87109375,658.67652335065,14181.720703125,15869.9765625,0.8,722.6458333333334,
chronos_2,electricity,USA|Illinois,US,True,False,rolling,2024-12-01,12,2025-12-01,17647.88,16469.052734375,676.2508929999344,15607.9453125,17341.24609375,0.8,722.6458333333334,
chronos_2,electricity,USA|Indiana,US,True,False,holdout,last12,1,2025-01-01,11308.63,9207.404296875,613.0329218921379,8383.6474609375,9954.9140625,0.8,721.3359782608696,
chronos_2,electricity,USA|Indiana,US,True,False,holdout,last12,2,2025-02-01,9085.6,7869.17333984375,620.0758526246319,7081.26171875,8670.580078125,0.8,721.3359782608696,
chronos_2,electricity,USA|Indiana,US,True,False,holdout,last12,3,2025-03-01,8891.16,7486.330078125,613.5244220622714,6719.8095703125,8292.3359375,0.8,721.3359782608696,
chronos_2,electricity,USA|Indiana,US,True,False,holdout,last12,4,2025-04-01,7854.58,6803.939453125,599.0804131864882,6034.48193359375,7569.98681640625,0.8,721.3359782608696,
chronos_2,electricity,USA|Indiana,US,True,False,holdout,last12,5,2025-05-01,7435.69,7150.30859375,628.4166867133739,6374.2607421875,7984.95751953125,0.8,721.3359782608696,
chronos_2,electricity,USA|Indiana,US,True,False,holdout,last12,6,2025-06-01,8935.97,8465.193359375,700.8699079171902,7555.43408203125,9351.8359375,0.8,721.3359782608696,
chronos_2,electricity,USA|Indiana,US,True,False,holdout,last12,7,2025-07-01,11067.11,9486.1005859375,712.5483710682339,8558.736328125,10385.0712890625,0.8,721.3359782608696,
chronos_2,electricity,USA|Indiana,US,True,False,holdout,last12,8,2025-08-01,9555.52,9241.2705078125,769.6264001282002,8199.39453125,10172.0263671875,0.8,721.3359782608696,
chronos_2,electricity,USA|Indiana,US,True,False,holdout,last12,9,2025-09-01,8774.35,7563.208984375,731.6422001582101,6649.3271484375,8524.6015625,0.8,721.3359782608696,
chronos_2,electricity,USA|Indiana,US,True,False,holdout,last12,10,2025-10-01,9172.56,7511.3935546875,728.485168832841,6605.728515625,8472.9111328125,0.8,721.3359782608696,
chronos_2,electricity,USA|Indiana,US,True,False,holdout,last12,11,2025-11-01,7765.74,7600.05078125,764.7277817658698,6686.611328125,8646.6875,0.8,721.3359782608696,
chronos_2,electricity,USA|Indiana,US,True,False,holdout,last12,12,2025-12-01,9813.61,8948.078125,806.7011342795015,7906.76171875,9974.419921875,0.8,721.3359782608696,
chronos_2,electricity,USA|Indiana,US,True,False,rolling,2022-12-01,1,2023-01-01,8172.06,9403.111328125,732.8869529146644,8413.849609375,10292.314453125,0.8,726.8188492063491,
chronos_2,electricity,USA|Indiana,US,True,False,rolling,2022-12-01,2,2023-02-01,7559.39,8118.931640625,765.0645927351707,7131.7314453125,9092.6708984375,0.8,726.8188492063491,
chronos_2,electricity,USA|Indiana,US,True,False,rolling,2022-12-01,3,2023-03-01,7583.13,7635.35498046875,751.6026316799449,6663.46240234375,8589.8974609375,0.8,726.8188492063491,
chronos_2,electricity,USA|Indiana,US,True,False,rolling,2022-12-01,4,2023-04-01,6303.19,6951.400390625,756.3200807935167,5990.56298828125,7929.08935546875,0.8,726.8188492063491,
chronos_2,electricity,USA|Indiana,US,True,False,rolling,2022-12-01,5,2023-05-01,6373.61,7290.51953125,777.9028438845759,6317.96044921875,8311.8056640625,0.8,726.8188492063491,
chronos_2,electricity,USA|Indiana,US,True,False,rolling,2022-12-01,6,2023-06-01,8019.4,8368.599609375,834.3200147700487,7267.2509765625,9405.69921875,0.8,726.8188492063491,
chronos_2,electricity,USA|Indiana,US,True,False,rolling,2022-12-01,7,2023-07-01,8734.29,9204.974609375,823.8289626889438,8077.59765625,10189.15625,0.8,726.8188492063491,
chronos_2,electricity,USA|Indiana,US,True,False,rolling,2022-12-01,8,2023-08-01,8994.49,8973.95703125,874.7592390394614,7802.76611328125,10044.8642578125,0.8,726.8188492063491,
chronos_2,electricity,USA|Indiana,US,True,False,rolling,2022-12-01,9,2023-09-01,7212.64,7629.67822265625,856.1769130335194,6538.349609375,8732.8193359375,0.8,726.8188492063491,
chronos_2,electricity,USA|Indiana,US,True,False,rolling,2022-12-01,10,2023-10-01,7234.17,7410.9541015625,853.9049630222745,6321.5556640625,8510.2021484375,0.8,726.8188492063491,
chronos_2,electricity,USA|Indiana,US,True,False,rolling,2022-12-01,11,2023-11-01,7404.86,7544.93017578125,855.4238509511405,6463.58740234375,8656.126953125,0.8,726.8188492063491,
chronos_2,electricity,USA|Indiana,US,True,False,rolling,2022-12-01,12,2023-12-01,7776.16,8610.748046875,895.0587675777998,7476.2041015625,9770.33203125,0.8,726.8188492063491,
chronos_2,electricity,USA|Indiana,US,True,False,rolling,2023-12-01,1,2024-01-01,9623.73,8545.1123046875,623.0391414410763,7719.93310546875,9316.8466796875,0.8,727.9347727272727,
chronos_2,electricity,USA|Indiana,US,True,False,rolling,2023-12-01,2,2024-02-01,7215.47,7624.8759765625,587.2874571663552,6887.1611328125,8392.439453125,0.8,727.9347727272727,
chronos_2,electricity,USA|Indiana,US,True,False,rolling,2023-12-01,3,2024-03-01,7147.37,7248.00439453125,582.8763383913782,6520.34912109375,8014.3212890625,0.8,727.9347727272727,
chronos_2,electricity,USA|Indiana,US,True,False,rolling,2023-12-01,4,2024-04-01,6610.66,6680.1689453125,562.9985855804333,5967.7822265625,7410.8056640625,0.8,727.9347727272727,
chronos_2,electricity,USA|Indiana,US,True,False,rolling,2023-12-01,5,2024-05-01,6761.4,6962.1064453125,606.0694313034212,6220.83203125,7774.25048828125,0.8,727.9347727272727,
chronos_2,electricity,USA|Indiana,US,True,False,rolling,2023-12-01,6,2024-06-01,8690.25,8053.3857421875,662.8333193631743,7201.427734375,8900.337890625,0.8,727.9347727272727,
chronos_2,electricity,USA|Indiana,US,True,False,rolling,2023-12-01,7,2024-07-01,9690.62,9135.4384765625,671.0893791977652,8228.45703125,9948.5283203125,0.8,727.9347727272727,
chronos_2,electricity,USA|Indiana,US,True,False,rolling,2023-12-01,8,2024-08-01,9046.61,8978.9306640625,733.2868206887381,7993.58837890625,9873.078125,0.8,727.9347727272727,
chronos_2,electricity,USA|Indiana,US,True,False,rolling,2023-12-01,9,2024-09-01,6747.47,7466.9296875,697.8544210206619,6593.7421875,8382.4150390625,0.8,727.9347727272727,
chronos_2,electricity,USA|Indiana,US,True,False,rolling,2023-12-01,10,2024-10-01,6942.25,7261.2978515625,685.2047687737498,6406.08203125,8162.33251953125,0.8,727.9347727272727,
chronos_2,electricity,USA|Indiana,US,True,False,rolling,2023-12-01,11,2024-11-01,7365.14,7391.5888671875,672.7753390836882,6526.517578125,8250.91015625,0.8,727.9347727272727,
chronos_2,electricity,USA|Indiana,US,True,False,rolling,2023-12-01,12,2024-12-01,9287.39,8409.62109375,734.1936194522402,7482.23974609375,9364.0537109375,0.8,727.9347727272727,
chronos_2,electricity,USA|Indiana,US,True,False,rolling,2024-12-01,1,2025-01-01,11308.63,9207.404296875,613.0329218921379,8383.6474609375,9954.9140625,0.8,721.3359782608696,
chronos_2,electricity,USA|Indiana,US,True,False,rolling,2024-12-01,2,2025-02-01,9085.6,7869.17333984375,620.0758526246319,7081.26171875,8670.580078125,0.8,721.3359782608696,
chronos_2,electricity,USA|Indiana,US,True,False,rolling,2024-12-01,3,2025-03-01,8891.16,7486.330078125,613.5244220622714,6719.8095703125,8292.3359375,0.8,721.3359782608696,
chronos_2,electricity,USA|Indiana,US,True,False,rolling,2024-12-01,4,2025-04-01,7854.58,6803.939453125,599.0804131864882,6034.48193359375,7569.98681640625,0.8,721.3359782608696,
chronos_2,electricity,USA|Indiana,US,True,False,rolling,2024-12-01,5,2025-05-01,7435.69,7150.30859375,628.4166867133739,6374.2607421875,7984.95751953125,0.8,721.3359782608696,
chronos_2,electricity,USA|Indiana,US,True,False,rolling,2024-12-01,6,2025-06-01,8935.97,8465.193359375,700.8699079171902,7555.43408203125,9351.8359375,0.8,721.3359782608696,
chronos_2,electricity,USA|Indiana,US,True,False,rolling,2024-12-01,7,2025-07-01,11067.11,9486.1005859375,712.5483710682339,8558.736328125,10385.0712890625,0.8,721.3359782608696,
chronos_2,electricity,USA|Indiana,US,True,False,rolling,2024-12-01,8,2025-08-01,9555.52,9241.2705078125,769.6264001282002,8199.39453125,10172.0263671875,0.8,721.3359782608696,
chronos_2,electricity,USA|Indiana,US,True,False,rolling,2024-12-01,9,2025-09-01,8774.35,7563.208984375,731.6422001582101,6649.3271484375,8524.6015625,0.8,721.3359782608696,
chronos_2,electricity,USA|Indiana,US,True,False,rolling,2024-12-01,10,2025-10-01,9172.56,7511.3935546875,728.485168832841,6605.728515625,8472.9111328125,0.8,721.3359782608696,
chronos_2,electricity,USA|Indiana,US,True,False,rolling,2024-12-01,11,2025-11-01,7765.74,7600.05078125,764.7277817658698,6686.611328125,8646.6875,0.8,721.3359782608696,
chronos_2,electricity,USA|Indiana,US,True,False,rolling,2024-12-01,12,2025-12-01,9813.61,8948.078125,806.7011342795015,7906.76171875,9974.419921875,0.8,721.3359782608696,
chronos_2,electricity,USA|Iowa,US,True,False,holdout,last12,1,2025-01-01,7167.77,6432.486328125,359.129458615497,5979.10302734375,6899.5888671875,0.8,350.7590942028986,
chronos_2,electricity,USA|Iowa,US,True,False,holdout,last12,2,2025-02-01,6536.37,6018.92138671875,395.07621892673615,5487.7216796875,6500.3427734375,0.8,350.7590942028986,
chronos_2,electricity,USA|Iowa,US,True,False,holdout,last12,3,2025-03-01,6303.64,6093.642578125,388.57336686956313,5582.884765625,6578.83837890625,0.8,350.7590942028986,
chronos_2,electricity,USA|Iowa,US,True,False,holdout,last12,4,2025-04-01,6080.04,5791.85205078125,411.0139692110529,5260.38623046875,6313.857421875,0.8,350.7590942028986,
chronos_2,electricity,USA|Iowa,US,True,False,holdout,last12,5,2025-05-01,5208.24,5795.935546875,424.1989375347383,5259.537109375,6346.802734375,0.8,350.7590942028986,
chronos_2,electricity,USA|Iowa,US,True,False,holdout,last12,6,2025-06-01,5862.98,6088.02734375,404.98832952836995,5565.85595703125,6603.8828125,0.8,350.7590942028986,
chronos_2,electricity,USA|Iowa,US,True,False,holdout,last12,7,2025-07-01,6413.91,6313.248046875,434.69760977351973,5765.5791015625,6879.75390625,0.8,350.7590942028986,
chronos_2,electricity,USA|Iowa,US,True,False,holdout,last12,8,2025-08-01,5600.82,6242.5,433.12099915025436,5688.998046875,6799.1318359375,0.8,350.7590942028986,
chronos_2,electricity,USA|Iowa,US,True,False,holdout,last12,9,2025-09-01,5280.29,5923.19140625,443.374111807911,5348.90185546875,6485.3154296875,0.8,350.7590942028986,
chronos_2,electricity,USA|Iowa,US,True,False,holdout,last12,10,2025-10-01,6601.9,5938.69189453125,442.0508714273888,5379.0,6512.02197265625,0.8,350.7590942028986,
chronos_2,electricity,USA|Iowa,US,True,False,holdout,last12,11,2025-11-01,6324.62,6108.16162109375,445.18904286250853,5523.1279296875,6664.193359375,0.8,350.7590942028986,
chronos_2,electricity,USA|Iowa,US,True,False,holdout,last12,12,2025-12-01,7342.54,6438.109375,457.61752003286057,5836.12109375,7009.0419921875,0.8,350.7590942028986,
chronos_2,electricity,USA|Iowa,US,True,False,rolling,2022-12-01,1,2023-01-01,6014.19,6686.716796875,381.3185957536627,6214.2314453125,7191.59033203125,0.8,347.5652380952381,
chronos_2,electricity,USA|Iowa,US,True,False,rolling,2022-12-01,2,2023-02-01,6022.73,6192.8798828125,415.63978592856495,5673.53955078125,6738.8671875,0.8,347.5652380952381,
chronos_2,electricity,USA|Iowa,US,True,False,rolling,2022-12-01,3,2023-03-01,6698.26,5991.32177734375,445.8104667210261,5419.3662109375,6562.0244140625,0.8,347.5652380952381,
chronos_2,electricity,USA|Iowa,US,True,False,rolling,2022-12-01,4,2023-04-01,5974.05,5659.1640625,457.39520193264906,5096.83251953125,6269.18359375,0.8,347.5652380952381,
chronos_2,electricity,USA|Iowa,US,True,False,rolling,2022-12-01,5,2023-05-01,5799.63,5726.2197265625,478.43217123012965,5145.21630859375,6371.4873046875,0.8,347.5652380952381,
chronos_2,electricity,USA|Iowa,US,True,False,rolling,2022-12-01,6,2023-06-01,5444.13,6209.97802734375,459.7504021665096,5644.962890625,6823.3505859375,0.8,347.5652380952381,
chronos_2,electricity,USA|Iowa,US,True,False,rolling,2022-12-01,7,2023-07-01,5786.65,6528.0546875,461.81051179434814,5975.4931640625,7159.1611328125,0.8,347.5652380952381,
chronos_2,electricity,USA|Iowa,US,True,False,rolling,2022-12-01,8,2023-08-01,6235.73,6321.8876953125,479.20314068304833,5735.2060546875,6963.453125,0.8,347.5652380952381,
chronos_2,electricity,USA|Iowa,US,True,False,rolling,2022-12-01,9,2023-09-01,5458.24,5963.650390625,497.3215895904341,5344.4755859375,6619.162109375,0.8,347.5652380952381,
chronos_2,electricity,USA|Iowa,US,True,False,rolling,2022-12-01,10,2023-10-01,5657.8,5846.28173828125,492.91599542977247,5239.931640625,6503.326171875,0.8,347.5652380952381,
chronos_2,electricity,USA|Iowa,US,True,False,rolling,2022-12-01,11,2023-11-01,5783.35,6027.94189453125,492.59975888619823,5416.267578125,6678.8515625,0.8,347.5652380952381,
chronos_2,electricity,USA|Iowa,US,True,False,rolling,2022-12-01,12,2023-12-01,5944.3,6448.55126953125,532.0674130518587,5773.62060546875,7137.3642578125,0.8,347.5652380952381,
chronos_2,electricity,USA|Iowa,US,True,False,rolling,2023-12-01,1,2024-01-01,6240.81,6285.6982421875,353.466347934273,5845.8818359375,6751.8525390625,0.8,351.2430681818182,
chronos_2,electricity,USA|Iowa,US,True,False,rolling,2023-12-01,2,2024-02-01,5604.03,5868.7333984375,398.97431058614364,5340.27587890625,6362.88818359375,0.8,351.2430681818182,
chronos_2,electricity,USA|Iowa,US,True,False,rolling,2023-12-01,3,2024-03-01,6278.54,5827.9921875,403.50658986817683,5301.1337890625,6335.36279296875,0.8,351.2430681818182,
chronos_2,electricity,USA|Iowa,US,True,False,rolling,2023-12-01,4,2024-04-01,5924.49,5457.3544921875,417.0249400902086,4933.2841796875,6002.162109375,0.8,351.2430681818182,
chronos_2,electricity,USA|Iowa,US,True,False,rolling,2023-12-01,5,2024-05-01,5624.14,5498.599609375,422.1131098747416,4970.58935546875,6052.5087890625,0.8,351.2430681818182,
chronos_2,electricity,USA|Iowa,US,True,False,rolling,2023-12-01,6,2024-06-01,5778.08,5927.08349609375,407.9089454618259,5405.833984375,6451.3466796875,0.8,351.2430681818182,
chronos_2,electricity,USA|Iowa,US,True,False,rolling,2023-12-01,7,2024-07-01,5478.34,6336.966796875,409.4434547139287,5831.55419921875,6881.0,0.8,351.2430681818182,
chronos_2,electricity,USA|Iowa,US,True,False,rolling,2023-12-01,8,2024-08-01,5583.07,6225.1572265625,440.01114572133486,5669.9150390625,6797.708984375,0.8,351.2430681818182,
chronos_2,electricity,USA|Iowa,US,True,False,rolling,2023-12-01,9,2024-09-01,5508.59,5733.3720703125,431.3508365220062,5177.45703125,6283.0537109375,0.8,351.2430681818182,
chronos_2,electricity,USA|Iowa,US,True,False,rolling,2023-12-01,10,2024-10-01,6277.16,5665.083984375,433.9348319901033,5116.8662109375,6229.0859375,0.8,351.2430681818182,
chronos_2,electricity,USA|Iowa,US,True,False,rolling,2023-12-01,11,2024-11-01,6114.11,5821.2666015625,438.14916019308504,5255.6767578125,6378.6982421875,0.8,351.2430681818182,
chronos_2,electricity,USA|Iowa,US,True,False,rolling,2023-12-01,12,2024-12-01,6440.16,6278.91552734375,458.64414577582545,5673.763671875,6849.31591796875,0.8,351.2430681818182,
chronos_2,electricity,USA|Iowa,US,True,False,rolling,2024-12-01,1,2025-01-01,7167.77,6432.486328125,359.129458615497,5979.10302734375,6899.5888671875,0.8,350.7590942028986,
chronos_2,electricity,USA|Iowa,US,True,False,rolling,2024-12-01,2,2025-02-01,6536.37,6018.92138671875,395.07621892673615,5487.7216796875,6500.3427734375,0.8,350.7590942028986,
chronos_2,electricity,USA|Iowa,US,True,False,rolling,2024-12-01,3,2025-03-01,6303.64,6093.642578125,388.57336686956313,5582.884765625,6578.83837890625,0.8,350.7590942028986,
chronos_2,electricity,USA|Iowa,US,True,False,rolling,2024-12-01,4,2025-04-01,6080.04,5791.85205078125,411.0139692110529,5260.38623046875,6313.857421875,0.8,350.7590942028986,
chronos_2,electricity,USA|Iowa,US,True,False,rolling,2024-12-01,5,2025-05-01,5208.24,5795.935546875,424.1989375347383,5259.537109375,6346.802734375,0.8,350.7590942028986,
chronos_2,electricity,USA|Iowa,US,True,False,rolling,2024-12-01,6,2025-06-01,5862.98,6088.02734375,404.98832952836995,5565.85595703125,6603.8828125,0.8,350.7590942028986,
chronos_2,electricity,USA|Iowa,US,True,False,rolling,2024-12-01,7,2025-07-01,6413.91,6313.248046875,434.69760977351973,5765.5791015625,6879.75390625,0.8,350.7590942028986,
chronos_2,electricity,USA|Iowa,US,True,False,rolling,2024-12-01,8,2025-08-01,5600.82,6242.5,433.12099915025436,5688.998046875,6799.1318359375,0.8,350.7590942028986,
chronos_2,electricity,USA|Iowa,US,True,False,rolling,2024-12-01,9,2025-09-01,5280.29,5923.19140625,443.374111807911,5348.90185546875,6485.3154296875,0.8,350.7590942028986,
chronos_2,electricity,USA|Iowa,US,True,False,rolling,2024-12-01,10,2025-10-01,6601.9,5938.69189453125,442.0508714273888,5379.0,6512.02197265625,0.8,350.7590942028986,
chronos_2,electricity,USA|Iowa,US,True,False,rolling,2024-12-01,11,2025-11-01,6324.62,6108.16162109375,445.18904286250853,5523.1279296875,6664.193359375,0.8,350.7590942028986,
chronos_2,electricity,USA|Iowa,US,True,False,rolling,2024-12-01,12,2025-12-01,7342.54,6438.109375,457.61752003286057,5836.12109375,7009.0419921875,0.8,350.7590942028986,
chronos_2,electricity,USA|Kansas,US,True,False,holdout,last12,1,2025-01-01,5641.24,5199.9091796875,315.36936963067086,4796.3798828125,5604.7041015625,0.8,342.8010507246377,
chronos_2,electricity,USA|Kansas,US,True,False,holdout,last12,2,2025-02-01,5168.69,4815.564453125,351.0534250060131,4359.88623046875,5259.67236328125,0.8,342.8010507246377,
chronos_2,electricity,USA|Kansas,US,True,False,holdout,last12,3,2025-03-01,5192.48,4697.2158203125,368.41404923247205,4229.3505859375,5173.6337890625,0.8,342.8010507246377,
chronos_2,electricity,USA|Kansas,US,True,False,holdout,last12,4,2025-04-01,4979.67,4346.2060546875,365.0861358712078,3900.73193359375,4836.4853515625,0.8,342.8010507246377,
chronos_2,electricity,USA|Kansas,US,True,False,holdout,last12,5,2025-05-01,5036.34,4645.88232421875,384.0218466893968,4172.60595703125,5156.8935546875,0.8,342.8010507246377,
chronos_2,electricity,USA|Kansas,US,True,False,holdout,last12,6,2025-06-01,5744.28,5267.66796875,385.3911890238617,4782.83740234375,5770.634765625,0.8,342.8010507246377,
chronos_2,electricity,USA|Kansas,US,True,False,holdout,last12,7,2025-07-01,6307.32,5608.72412109375,380.06736586318334,5120.47119140625,6094.623046875,0.8,342.8010507246377,
chronos_2,electricity,USA|Kansas,US,True,False,holdout,last12,8,2025-08-01,5923.87,5479.09912109375,382.0948993169549,4976.6162109375,5955.96484375,0.8,342.8010507246377,
chronos_2,electricity,USA|Kansas,US,True,False,holdout,last12,9,2025-09-01,5265.74,5022.8046875,408.4896014767743,4478.3974609375,5525.3984375,0.8,342.8010507246377,
chronos_2,electricity,USA|Kansas,US,True,False,holdout,last12,10,2025-10-01,4149.56,4616.185546875,422.6886222832584,4075.95556640625,5159.35009765625,0.8,342.8010507246377,
chronos_2,electricity,USA|Kansas,US,True,False,holdout,last12,11,2025-11-01,4139.51,4698.57861328125,415.40070348146514,4163.69873046875,5228.41357421875,0.8,342.8010507246377,
chronos_2,electricity,USA|Kansas,US,True,False,holdout,last12,12,2025-12-01,5599.6,5223.5439453125,422.26398899673603,4666.31005859375,5748.6162109375,0.8,342.8010507246377,
chronos_2,electricity,USA|Kansas,US,True,False,rolling,2022-12-01,1,2023-01-01,5273.07,5338.1953125,335.1398687223192,4920.00634765625,5779.00439453125,0.8,333.5767460317461,
chronos_2,electricity,USA|Kansas,US,True,False,rolling,2022-12-01,2,2023-02-01,4603.35,4964.9365234375,388.0786281324172,4454.4013671875,5449.0869140625,0.8,333.5767460317461,
chronos_2,electricity,USA|Kansas,US,True,False,rolling,2022-12-01,3,2023-03-01,5318.59,4804.38818359375,411.081026598606,4290.05419921875,5343.697265625,0.8,333.5767460317461,
chronos_2,electricity,USA|Kansas,US,True,False,rolling,2022-12-01,4,2023-04-01,4376.16,4408.93359375,393.85108807629877,3936.24267578125,4945.7236328125,0.8,333.5767460317461,
chronos_2,electricity,USA|Kansas,US,True,False,rolling,2022-12-01,5,2023-05-01,4263.68,4666.7548828125,423.4226339714461,4166.51220703125,5251.7880859375,0.8,333.5767460317461,
chronos_2,electricity,USA|Kansas,US,True,False,rolling,2022-12-01,6,2023-06-01,4693.09,5337.30419921875,428.32220485348597,4798.623046875,5896.45703125,0.8,333.5767460317461,
chronos_2,electricity,USA|Kansas,US,True,False,rolling,2022-12-01,7,2023-07-01,5379.3,5619.28076171875,417.8084828032935,5093.6494140625,6164.53564453125,0.8,333.5767460317461,
chronos_2,electricity,USA|Kansas,US,True,False,rolling,2022-12-01,8,2023-08-01,5810.63,5463.15966796875,435.0121317816168,4878.05224609375,5993.033203125,0.8,333.5767460317461,
chronos_2,electricity,USA|Kansas,US,True,False,rolling,2022-12-01,9,2023-09-01,4728.78,5074.99365234375,449.4132772704697,4480.5771484375,5632.4697265625,0.8,333.5767460317461,
chronos_2,electricity,USA|Kansas,US,True,False,rolling,2022-12-01,10,2023-10-01,5029.13,4684.392578125,448.8406224210816,4126.0283203125,5276.453125,0.8,333.5767460317461,
chronos_2,electricity,USA|Kansas,US,True,False,rolling,2022-12-01,11,2023-11-01,4768.56,4810.236328125,439.7029103433209,4249.9345703125,5376.9384765625,0.8,333.5767460317461,
chronos_2,electricity,USA|Kansas,US,True,False,rolling,2022-12-01,12,2023-12-01,5138.69,5342.91845703125,473.488593937508,4721.62060546875,5935.220703125,0.8,333.5767460317461,
chronos_2,electricity,USA|Kansas,US,True,False,rolling,2023-12-01,1,2024-01-01,5289.73,5238.18115234375,357.40292138994675,4768.9736328125,5685.0341796875,0.8,342.6829924242424,
chronos_2,electricity,USA|Kansas,US,True,False,rolling,2023-12-01,2,2024-02-01,4429.87,4909.826171875,404.4772074522195,4379.162109375,5415.87890625,0.8,342.6829924242424,
chronos_2,electricity,USA|Kansas,US,True,False,rolling,2023-12-01,3,2024-03-01,4802.15,4749.56689453125,425.9146160355996,4218.9140625,5310.5771484375,0.8,342.6829924242424,
chronos_2,electricity,USA|Kansas,US,True,False,rolling,2023-12-01,4,2024-04-01,3750.45,4392.54248046875,410.4333131961045,3891.75048828125,4943.7333984375,0.8,342.6829924242424,
chronos_2,electricity,USA|Kansas,US,True,False,rolling,2023-12-01,5,2024-05-01,4600.82,4684.2255859375,426.7943632393501,4166.1318359375,5260.0498046875,0.8,342.6829924242424,
chronos_2,electricity,USA|Kansas,US,True,False,rolling,2023-12-01,6,2024-06-01,5394.34,5235.0888671875,420.6881403892383,4717.53955078125,5795.806640625,0.8,342.6829924242424,
chronos_2,electricity,USA|Kansas,US,True,False,rolling,2023-12-01,7,2024-07-01,5724.99,5590.2744140625,410.5009420954833,5073.142578125,6125.298828125,0.8,342.6829924242424,
chronos_2,electricity,USA|Kansas,US,True,False,rolling,2023-12-01,8,2024-08-01,5380.51,5474.5888671875,418.12510035475157,4923.27392578125,5994.9716796875,0.8,342.6829924242424,
chronos_2,electricity,USA|Kansas,US,True,False,rolling,2023-12-01,9,2024-09-01,5200.52,5057.9814453125,443.6770130755514,4468.72119140625,5605.9111328125,0.8,342.6829924242424,
chronos_2,electricity,USA|Kansas,US,True,False,rolling,2023-12-01,10,2024-10-01,4721.62,4647.3310546875,450.0646102478675,4083.17919921875,5236.7412109375,0.8,342.6829924242424,
chronos_2,electricity,USA|Kansas,US,True,False,rolling,2023-12-01,11,2024-11-01,4686.72,4729.71435546875,448.42246626858434,4165.119140625,5314.47216796875,0.8,342.6829924242424,
chronos_2,electricity,USA|Kansas,US,True,False,rolling,2023-12-01,12,2024-12-01,5001.49,5241.13037109375,470.2919377922213,4615.22021484375,5820.626953125,0.8,342.6829924242424,
chronos_2,electricity,USA|Kansas,US,True,False,rolling,2024-12-01,1,2025-01-01,5641.24,5199.9091796875,315.36936963067086,4796.3798828125,5604.7041015625,0.8,342.8010507246377,
chronos_2,electricity,USA|Kansas,US,True,False,rolling,2024-12-01,2,2025-02-01,5168.69,4815.564453125,351.0534250060131,4359.88623046875,5259.67236328125,0.8,342.8010507246377,
chronos_2,electricity,USA|Kansas,US,True,False,rolling,2024-12-01,3,2025-03-01,5192.48,4697.2158203125,368.41404923247205,4229.3505859375,5173.6337890625,0.8,342.8010507246377,
chronos_2,electricity,USA|Kansas,US,True,False,rolling,2024-12-01,4,2025-04-01,4979.67,4346.2060546875,365.0861358712078,3900.73193359375,4836.4853515625,0.8,342.8010507246377,
chronos_2,electricity,USA|Kansas,US,True,False,rolling,2024-12-01,5,2025-05-01,5036.34,4645.88232421875,384.0218466893968,4172.60595703125,5156.8935546875,0.8,342.8010507246377,
chronos_2,electricity,USA|Kansas,US,True,False,rolling,2024-12-01,6,2025-06-01,5744.28,5267.66796875,385.3911890238617,4782.83740234375,5770.634765625,0.8,342.8010507246377,
chronos_2,electricity,USA|Kansas,US,True,False,rolling,2024-12-01,7,2025-07-01,6307.32,5608.72412109375,380.06736586318334,5120.47119140625,6094.623046875,0.8,342.8010507246377,
chronos_2,electricity,USA|Kansas,US,True,False,rolling,2024-12-01,8,2025-08-01,5923.87,5479.09912109375,382.0948993169549,4976.6162109375,5955.96484375,0.8,342.8010507246377,
chronos_2,electricity,USA|Kansas,US,True,False,rolling,2024-12-01,9,2025-09-01,5265.74,5022.8046875,408.4896014767743,4478.3974609375,5525.3984375,0.8,342.8010507246377,
chronos_2,electricity,USA|Kansas,US,True,False,rolling,2024-12-01,10,2025-10-01,4149.56,4616.185546875,422.6886222832584,4075.95556640625,5159.35009765625,0.8,342.8010507246377,
chronos_2,electricity,USA|Kansas,US,True,False,rolling,2024-12-01,11,2025-11-01,4139.51,4698.57861328125,415.40070348146514,4163.69873046875,5228.41357421875,0.8,342.8010507246377,
chronos_2,electricity,USA|Kansas,US,True,False,rolling,2024-12-01,12,2025-12-01,5599.6,5223.5439453125,422.26398899673603,4666.31005859375,5748.6162109375,0.8,342.8010507246377,
chronos_2,electricity,USA|Kentucky,US,True,False,holdout,last12,1,2025-01-01,7788.51,6538.55615234375,518.1741510721437,5823.9375,7152.0712890625,0.8,568.944347826087,
chronos_2,electricity,USA|Kentucky,US,True,False,holdout,last12,2,2025-02-01,6149.72,5705.02880859375,545.0995972141304,4999.375,6396.521484375,0.8,568.944347826087,
chronos_2,electricity,USA|Kentucky,US,True,False,holdout,last12,3,2025-03-01,5195.49,5201.3388671875,543.1353110690737,4501.01904296875,5893.130859375,0.8,568.944347826087,
chronos_2,electricity,USA|Kentucky,US,True,False,holdout,last12,4,2025-04-01,4802.07,4474.32080078125,518.0351784465188,3800.969482421875,5128.7470703125,0.8,568.944347826087,
chronos_2,electricity,USA|Kentucky,US,True,False,holdout,last12,5,2025-05-01,5333.2,5045.89990234375,522.6885229836371,4391.25439453125,5730.958984375,0.8,568.944347826087,
chronos_2,electricity,USA|Kentucky,US,True,False,holdout,last12,6,2025-06-01,6741.62,6054.41845703125,556.3111352035473,5311.1650390625,6737.0478515625,0.8,568.944347826087,
chronos_2,electricity,USA|Kentucky,US,True,False,holdout,last12,7,2025-07-01,8008.28,6791.55517578125,530.8699052729986,6060.39794921875,7421.072265625,0.8,568.944347826087,
chronos_2,electricity,USA|Kentucky,US,True,False,holdout,last12,8,2025-08-01,6924.67,6486.3447265625,605.3716153641967,5649.41259765625,7201.04248046875,0.8,568.944347826087,
chronos_2,electricity,USA|Kentucky,US,True,False,holdout,last12,9,2025-09-01,5823.67,5287.59033203125,595.3410113106936,4497.53857421875,6023.458984375,0.8,568.944347826087,
chronos_2,electricity,USA|Kentucky,US,True,False,holdout,last12,10,2025-10-01,5104.76,4725.67578125,596.51623012835,3980.3115234375,5509.244140625,0.8,568.944347826087,
chronos_2,electricity,USA|Kentucky,US,True,False,holdout,last12,11,2025-11-01,5381.57,4908.62890625,570.4086174089922,4162.31787109375,5624.333984375,0.8,568.944347826087,
chronos_2,electricity,USA|Kentucky,US,True,False,holdout,last12,12,2025-12-01,6725.98,6068.56787109375,595.2354721268742,5284.10693359375,6809.7568359375,0.8,568.944347826087,
chronos_2,electricity,USA|Kentucky,US,True,False,rolling,2022-12-01,1,2023-01-01,5549.7,6693.10546875,564.5169019974736,5916.783203125,7363.6982421875,0.8,572.2289682539682,
chronos_2,electricity,USA|Kentucky,US,True,False,rolling,2022-12-01,2,2023-02-01,4566.82,5849.0595703125,604.4914871525624,5063.68701171875,6613.06103515625,0.8,572.2289682539682,
chronos_2,electricity,USA|Kentucky,US,True,False,rolling,2022-12-01,3,2023-03-01,4945.78,5324.97265625,606.1271539978205,4533.7353515625,6087.3017578125,0.8,572.2289682539682,
chronos_2,electricity,USA|Kentucky,US,True,False,rolling,2022-12-01,4,2023-04-01,4284.65,4570.486328125,594.1124513893018,3795.55322265625,5318.32470703125,0.8,572.2289682539682,
chronos_2,electricity,USA|Kentucky,US,True,False,rolling,2022-12-01,5,2023-05-01,5040.23,5188.93310546875,599.4549439362876,4444.474609375,5980.939453125,0.8,572.2289682539682,
chronos_2,electricity,USA|Kentucky,US,True,False,rolling,2022-12-01,6,2023-06-01,5214.76,6217.216796875,613.5352807869604,5393.0458984375,6965.60009765625,0.8,572.2289682539682,
chronos_2,electricity,USA|Kentucky,US,True,False,rolling,2022-12-01,7,2023-07-01,6873.93,6826.46337890625,607.5414552625767,5979.3369140625,7536.5283203125,0.8,572.2289682539682,
chronos_2,electricity,USA|Kentucky,US,True,False,rolling,2022-12-01,8,2023-08-01,6503.52,6504.86181640625,661.3559612936451,5604.25146484375,7299.375,0.8,572.2289682539682,
chronos_2,electricity,USA|Kentucky,US,True,False,rolling,2022-12-01,9,2023-09-01,5317.58,5340.95166015625,654.3379865775415,4479.5859375,6156.7216796875,0.8,572.2289682539682,
chronos_2,electricity,USA|Kentucky,US,True,False,rolling,2022-12-01,10,2023-10-01,4716.89,4919.1552734375,680.7251638316553,4045.197998046875,5789.966796875,0.8,572.2289682539682,
chronos_2,electricity,USA|Kentucky,US,True,False,rolling,2022-12-01,11,2023-11-01,4951.43,5055.1279296875,652.429708591407,4191.76025390625,5864.0048828125,0.8,572.2289682539682,
chronos_2,electricity,USA|Kentucky,US,True,False,rolling,2022-12-01,12,2023-12-01,5658.31,6168.224609375,669.722894422429,5292.18115234375,7008.75,0.8,572.2289682539682,
chronos_2,electricity,USA|Kentucky,US,True,False,rolling,2023-12-01,1,2024-01-01,6824.01,6327.34130859375,526.6538625345396,5608.8349609375,6958.703125,0.8,571.4739393939394,
chronos_2,electricity,USA|Kentucky,US,True,False,rolling,2023-12-01,2,2024-02-01,5059.04,5570.84375,551.4372823536656,4856.2607421875,6269.6513671875,0.8,571.4739393939394,
chronos_2,electricity,USA|Kentucky,US,True,False,rolling,2023-12-01,3,2024-03-01,4532.95,5142.2978515625,549.342501008399,4434.8974609375,5842.9189453125,0.8,571.4739393939394,
chronos_2,electricity,USA|Kentucky,US,True,False,rolling,2023-12-01,4,2024-04-01,4559.98,4376.7919921875,537.6167928797611,3680.6337890625,5058.60107421875,0.8,571.4739393939394,
chronos_2,electricity,USA|Kentucky,US,True,False,rolling,2023-12-01,5,2024-05-01,5615.93,4933.796875,532.778373763075,4261.2890625,5626.85498046875,0.8,571.4739393939394,
chronos_2,electricity,USA|Kentucky,US,True,False,rolling,2023-12-01,6,2024-06-01,6286.44,5925.94970703125,581.8678105228951,5136.998046875,6628.38525390625,0.8,571.4739393939394,
chronos_2,electricity,USA|Kentucky,US,True,False,rolling,2023-12-01,7,2024-07-01,7083.08,6646.5390625,577.1370261333893,5840.310546875,7319.572265625,0.8,571.4739393939394,
chronos_2,electricity,USA|Kentucky,US,True,False,rolling,2023-12-01,8,2024-08-01,6981.08,6448.65869140625,625.8195464732848,5580.646484375,7184.6865234375,0.8,571.4739393939394,
chronos_2,electricity,USA|Kentucky,US,True,False,rolling,2023-12-01,9,2024-09-01,5409.36,5237.6923828125,605.3470403556901,4441.74658203125,5993.3134765625,0.8,571.4739393939394,
chronos_2,electricity,USA|Kentucky,US,True,False,rolling,2023-12-01,10,2024-10-01,4397.67,4786.92578125,616.7854685399244,3998.736328125,5579.62109375,0.8,571.4739393939394,
chronos_2,electricity,USA|Kentucky,US,True,False,rolling,2023-12-01,11,2024-11-01,4412.86,4921.2841796875,594.277046795114,4140.205078125,5663.3984375,0.8,571.4739393939394,
chronos_2,electricity,USA|Kentucky,US,True,False,rolling,2023-12-01,12,2024-12-01,6079.48,5939.892578125,631.4001689476609,5115.58447265625,6733.92822265625,0.8,571.4739393939394,
chronos_2,electricity,USA|Kentucky,US,True,False,rolling,2024-12-01,1,2025-01-01,7788.51,6538.55615234375,518.1741510721437,5823.9375,7152.0712890625,0.8,568.944347826087,
chronos_2,electricity,USA|Kentucky,US,True,False,rolling,2024-12-01,2,2025-02-01,6149.72,5705.02880859375,545.0995972141304,4999.375,6396.521484375,0.8,568.944347826087,
chronos_2,electricity,USA|Kentucky,US,True,False,rolling,2024-12-01,3,2025-03-01,5195.49,5201.3388671875,543.1353110690737,4501.01904296875,5893.130859375,0.8,568.944347826087,
chronos_2,electricity,USA|Kentucky,US,True,False,rolling,2024-12-01,4,2025-04-01,4802.07,4474.32080078125,518.0351784465188,3800.969482421875,5128.7470703125,0.8,568.944347826087,
chronos_2,electricity,USA|Kentucky,US,True,False,rolling,2024-12-01,5,2025-05-01,5333.2,5045.89990234375,522.6885229836371,4391.25439453125,5730.958984375,0.8,568.944347826087,
chronos_2,electricity,USA|Kentucky,US,True,False,rolling,2024-12-01,6,2025-06-01,6741.62,6054.41845703125,556.3111352035473,5311.1650390625,6737.0478515625,0.8,568.944347826087,
chronos_2,electricity,USA|Kentucky,US,True,False,rolling,2024-12-01,7,2025-07-01,8008.28,6791.55517578125,530.8699052729986,6060.39794921875,7421.072265625,0.8,568.944347826087,
chronos_2,electricity,USA|Kentucky,US,True,False,rolling,2024-12-01,8,2025-08-01,6924.67,6486.3447265625,605.3716153641967,5649.41259765625,7201.04248046875,0.8,568.944347826087,
chronos_2,electricity,USA|Kentucky,US,True,False,rolling,2024-12-01,9,2025-09-01,5823.67,5287.59033203125,595.3410113106936,4497.53857421875,6023.458984375,0.8,568.944347826087,
chronos_2,electricity,USA|Kentucky,US,True,False,rolling,2024-12-01,10,2025-10-01,5104.76,4725.67578125,596.51623012835,3980.3115234375,5509.244140625,0.8,568.944347826087,
chronos_2,electricity,USA|Kentucky,US,True,False,rolling,2024-12-01,11,2025-11-01,5381.57,4908.62890625,570.4086174089922,4162.31787109375,5624.333984375,0.8,568.944347826087,
chronos_2,electricity,USA|Kentucky,US,True,False,rolling,2024-12-01,12,2025-12-01,6725.98,6068.56787109375,595.2354721268742,5284.10693359375,6809.7568359375,0.8,568.944347826087,
chronos_2,electricity,USA|Louisiana,US,True,False,holdout,last12,1,2025-01-01,8884.11,8058.97705078125,456.3521928506797,7472.08203125,8641.759765625,0.8,517.4338405797101,
chronos_2,electricity,USA|Louisiana,US,True,False,holdout,last12,2,2025-02-01,7188.9,7189.25830078125,428.66663598046324,6630.322265625,7729.0390625,0.8,517.4338405797101,
chronos_2,electricity,USA|Louisiana,US,True,False,holdout,last12,3,2025-03-01,6743.71,7226.2265625,434.15562605877955,6658.619140625,7771.40478515625,0.8,517.4338405797101,
chronos_2,electricity,USA|Louisiana,US,True,False,holdout,last12,4,2025-04-01,7457.76,7186.6875,444.92729044632114,6599.806640625,7740.201171875,0.8,517.4338405797101,
chronos_2,electricity,USA|Louisiana,US,True,False,holdout,last12,5,2025-05-01,8101.79,8095.814453125,457.5378893851413,7495.205078125,8667.921875,0.8,517.4338405797101,
chronos_2,electricity,USA|Louisiana,US,True,False,holdout,last12,6,2025-06-01,9162.89,8903.3388671875,453.34032552904785,8343.2578125,9505.2158203125,0.8,517.4338405797101,
chronos_2,electricity,USA|Louisiana,US,True,False,holdout,last12,7,2025-07-01,9964.24,9734.2763671875,475.6940580730256,9132.884765625,10352.1376953125,0.8,517.4338405797101,
chronos_2,electricity,USA|Louisiana,US,True,False,holdout,last12,8,2025-08-01,10020.87,9718.8701171875,495.0321132165332,9101.630859375,10370.44921875,0.8,517.4338405797101,
chronos_2,electricity,USA|Louisiana,US,True,False,holdout,last12,9,2025-09-01,9317.96,8390.263671875,529.0305897138362,7694.7509765625,9050.7109375,0.8,517.4338405797101,
chronos_2,electricity,USA|Louisiana,US,True,False,holdout,last12,10,2025-10-01,8565.92,7699.2216796875,527.5317046988711,7027.505859375,8379.6240234375,0.8,517.4338405797101,
chronos_2,electricity,USA|Louisiana,US,True,False,holdout,last12,11,2025-11-01,8291.85,7391.30712890625,509.9104710798762,6745.6865234375,8052.6396484375,0.8,517.4338405797101,
chronos_2,electricity,USA|Louisiana,US,True,False,holdout,last12,12,2025-12-01,8617.11,8013.94140625,549.900296550318,7303.658203125,8713.109375,0.8,517.4338405797101,
chronos_2,electricity,USA|Louisiana,US,True,False,rolling,2022-12-01,1,2023-01-01,7082.3,8460.6708984375,458.97047902832105,7865.03515625,9041.423828125,0.8,513.9775396825397,
chronos_2,electricity,USA|Louisiana,US,True,False,rolling,2022-12-01,2,2023-02-01,6829.0,7518.18896484375,434.81457919385383,6962.8505859375,8077.3251953125,0.8,513.9775396825397,
chronos_2,electricity,USA|Louisiana,US,True,False,rolling,2022-12-01,3,2023-03-01,6892.63,7528.2236328125,422.89455704446544,6983.4736328125,8067.39599609375,0.8,513.9775396825397,
chronos_2,electricity,USA|Louisiana,US,True,False,rolling,2022-12-01,4,2023-04-01,6557.61,7524.76708984375,433.5917343907194,6952.5673828125,8063.90771484375,0.8,513.9775396825397,
chronos_2,electricity,USA|Louisiana,US,True,False,rolling,2022-12-01,5,2023-05-01,8024.89,8401.9267578125,466.91258836664076,7812.75390625,9009.4990234375,0.8,513.9775396825397,
chronos_2,electricity,USA|Louisiana,US,True,False,rolling,2022-12-01,6,2023-06-01,9049.21,9210.6689453125,504.70818943413775,8601.546875,9895.166015625,0.8,513.9775396825397,
chronos_2,electricity,USA|Louisiana,US,True,False,rolling,2022-12-01,7,2023-07-01,10150.98,10048.080078125,537.9343629509287,9368.2763671875,10747.0576171875,0.8,513.9775396825397,
chronos_2,electricity,USA|Louisiana,US,True,False,rolling,2022-12-01,8,2023-08-01,10589.17,9990.8798828125,550.9831209561469,9300.533203125,10712.759765625,0.8,513.9775396825397,
chronos_2,electricity,USA|Louisiana,US,True,False,rolling,2022-12-01,9,2023-09-01,8847.17,8657.5380859375,551.1075200302156,7954.82275390625,9367.3681640625,0.8,513.9775396825397,
chronos_2,electricity,USA|Louisiana,US,True,False,rolling,2022-12-01,10,2023-10-01,7344.12,8056.033203125,526.8754186189835,7384.60009765625,8735.0361328125,0.8,513.9775396825397,
chronos_2,electricity,USA|Louisiana,US,True,False,rolling,2022-12-01,11,2023-11-01,7670.01,7651.58056640625,503.4613411343224,7001.75048828125,8292.173828125,0.8,513.9775396825397,
chronos_2,electricity,USA|Louisiana,US,True,False,rolling,2022-12-01,12,2023-12-01,7839.02,8256.2392578125,552.408661953476,7529.98681640625,8945.8671875,0.8,513.9775396825397,
chronos_2,electricity,USA|Louisiana,US,True,False,rolling,2023-12-01,1,2024-01-01,8634.74,8139.0888671875,488.6761396985745,7507.1376953125,8759.6650390625,0.8,522.0804545454545,
chronos_2,electricity,USA|Louisiana,US,True,False,rolling,2023-12-01,2,2024-02-01,6923.96,7331.70361328125,464.39641230186436,6736.45068359375,7926.74658203125,0.8,522.0804545454545,
chronos_2,electricity,USA|Louisiana,US,True,False,rolling,2023-12-01,3,2024-03-01,7160.91,7401.2333984375,454.3732379020958,6803.9541015625,7968.5595703125,0.8,522.0804545454545,
chronos_2,electricity,USA|Louisiana,US,True,False,rolling,2023-12-01,4,2024-04-01,7083.42,7333.76025390625,459.879754343068,6728.81640625,7907.53564453125,0.8,522.0804545454545,
chronos_2,electricity,USA|Louisiana,US,True,False,rolling,2023-12-01,5,2024-05-01,8585.51,8273.662109375,488.2602695933802,7640.89599609375,8892.357421875,0.8,522.0804545454545,
chronos_2,electricity,USA|Louisiana,US,True,False,rolling,2023-12-01,6,2024-06-01,8904.5,9060.0810546875,497.5425741630522,8460.07421875,9735.3271484375,0.8,522.0804545454545,
chronos_2,electricity,USA|Louisiana,US,True,False,rolling,2023-12-01,7,2024-07-01,10036.25,9934.2880859375,523.8793631245303,9278.59765625,10621.3544921875,0.8,522.0804545454545,
chronos_2,electricity,USA|Louisiana,US,True,False,rolling,2023-12-01,8,2024-08-01,10173.51,9754.302734375,518.1368122995289,9107.306640625,10435.3447265625,0.8,522.0804545454545,
chronos_2,electricity,USA|Louisiana,US,True,False,rolling,2023-12-01,9,2024-09-01,8600.78,8463.638671875,543.2225618744695,7755.83837890625,9148.173828125,0.8,522.0804545454545,
chronos_2,electricity,USA|Louisiana,US,True,False,rolling,2023-12-01,10,2024-10-01,8043.39,7748.5185546875,528.9953464845825,7070.68310546875,8426.552734375,0.8,522.0804545454545,
chronos_2,electricity,USA|Louisiana,US,True,False,rolling,2023-12-01,11,2024-11-01,7933.19,7305.7275390625,521.5123516462712,6638.826171875,7975.51611328125,0.8,522.0804545454545,
chronos_2,electricity,USA|Louisiana,US,True,False,rolling,2023-12-01,12,2024-12-01,7742.57,7850.892578125,562.0866432104996,7129.11279296875,8569.798828125,0.8,522.0804545454545,
chronos_2,electricity,USA|Louisiana,US,True,False,rolling,2024-12-01,1,2025-01-01,8884.11,8058.97705078125,456.3521928506797,7472.08203125,8641.759765625,0.8,517.4338405797101,
chronos_2,electricity,USA|Louisiana,US,True,False,rolling,2024-12-01,2,2025-02-01,7188.9,7189.25830078125,428.66663598046324,6630.322265625,7729.0390625,0.8,517.4338405797101,
chronos_2,electricity,USA|Louisiana,US,True,False,rolling,2024-12-01,3,2025-03-01,6743.71,7226.2265625,434.15562605877955,6658.619140625,7771.40478515625,0.8,517.4338405797101,
chronos_2,electricity,USA|Louisiana,US,True,False,rolling,2024-12-01,4,2025-04-01,7457.76,7186.6875,444.92729044632114,6599.806640625,7740.201171875,0.8,517.4338405797101,
chronos_2,electricity,USA|Louisiana,US,True,False,rolling,2024-12-01,5,2025-05-01,8101.79,8095.814453125,457.5378893851413,7495.205078125,8667.921875,0.8,517.4338405797101,
chronos_2,electricity,USA|Louisiana,US,True,False,rolling,2024-12-01,6,2025-06-01,9162.89,8903.3388671875,453.34032552904785,8343.2578125,9505.2158203125,0.8,517.4338405797101,
chronos_2,electricity,USA|Louisiana,US,True,False,rolling,2024-12-01,7,2025-07-01,9964.24,9734.2763671875,475.6940580730256,9132.884765625,10352.1376953125,0.8,517.4338405797101,
chronos_2,electricity,USA|Louisiana,US,True,False,rolling,2024-12-01,8,2025-08-01,10020.87,9718.8701171875,495.0321132165332,9101.630859375,10370.44921875,0.8,517.4338405797101,
chronos_2,electricity,USA|Louisiana,US,True,False,rolling,2024-12-01,9,2025-09-01,9317.96,8390.263671875,529.0305897138362,7694.7509765625,9050.7109375,0.8,517.4338405797101,
chronos_2,electricity,USA|Louisiana,US,True,False,rolling,2024-12-01,10,2025-10-01,8565.92,7699.2216796875,527.5317046988711,7027.505859375,8379.6240234375,0.8,517.4338405797101,
chronos_2,electricity,USA|Louisiana,US,True,False,rolling,2024-12-01,11,2025-11-01,8291.85,7391.30712890625,509.9104710798762,6745.6865234375,8052.6396484375,0.8,517.4338405797101,
chronos_2,electricity,USA|Louisiana,US,True,False,rolling,2024-12-01,12,2025-12-01,8617.11,8013.94140625,549.900296550318,7303.658203125,8713.109375,0.8,517.4338405797101,
chronos_2,electricity,USA|Maine,US,False,False,holdout,last12,1,2025-01-01,1291.82,1216.6319580078125,103.42868589888555,1088.6131591796875,1353.7115478515625,0.8,154.14967391304347,
chronos_2,electricity,USA|Maine,US,False,False,holdout,last12,2,2025-02-01,1210.45,1121.4600830078125,111.85493719258237,981.0150756835938,1267.7108154296875,0.8,154.14967391304347,
chronos_2,electricity,USA|Maine,US,False,False,holdout,last12,3,2025-03-01,1428.26,1144.2403564453125,123.17239537370246,992.8821411132812,1308.585693359375,0.8,154.14967391304347,
chronos_2,electricity,USA|Maine,US,False,False,holdout,last12,4,2025-04-01,1183.24,1082.70849609375,122.16541534974729,926.48486328125,1239.607421875,0.8,154.14967391304347,
chronos_2,electricity,USA|Maine,US,False,False,holdout,last12,5,2025-05-01,1359.31,1098.772705078125,125.91327083796426,938.8479614257812,1261.57666015625,0.8,154.14967391304347,
chronos_2,electricity,USA|Maine,US,False,False,holdout,last12,6,2025-06-01,1365.56,1116.7974853515625,132.32425236915012,950.3424682617188,1289.503173828125,0.8,154.14967391304347,
chronos_2,electricity,USA|Maine,US,False,False,holdout,last12,7,2025-07-01,1487.58,1229.523681640625,140.0456390777718,1049.79638671875,1408.747802734375,0.8,154.14967391304347,
chronos_2,electricity,USA|Maine,US,False,False,holdout,last12,8,2025-08-01,1337.32,1196.90771484375,145.38448823686852,1015.7418823242188,1388.3773193359375,0.8,154.14967391304347,
chronos_2,electricity,USA|Maine,US,False,False,holdout,last12,9,2025-09-01,1260.78,1116.04541015625,140.14622515910142,938.3519287109375,1297.5611572265625,0.8,154.14967391304347,
chronos_2,electricity,USA|Maine,US,False,False,holdout,last12,10,2025-10-01,1211.06,1113.994873046875,139.74864343233065,934.54296875,1292.733154296875,0.8,154.14967391304347,
chronos_2,electricity,USA|Maine,US,False,False,holdout,last12,11,2025-11-01,1370.89,1161.3155517578125,142.11032080021624,982.647216796875,1346.890625,0.8,154.14967391304347,
chronos_2,electricity,USA|Maine,US,False,False,holdout,last12,12,2025-12-01,1561.39,1219.14697265625,147.63241093843976,1032.33203125,1410.7291259765625,0.8,154.14967391304347,
chronos_2,electricity,USA|Maine,US,False,False,rolling,2022-12-01,1,2023-01-01,1045.65,1208.86767578125,132.84306604195527,1039.517333984375,1380.0078125,0.8,153.63150793650794,
chronos_2,electricity,USA|Maine,US,False,False,rolling,2022-12-01,2,2023-02-01,922.1,1081.2291259765625,140.5924330170453,907.6556396484375,1268.008544921875,0.8,153.63150793650794,
chronos_2,electricity,USA|Maine,US,False,False,rolling,2022-12-01,3,2023-03-01,1050.9,1098.4202880859375,149.6521337305929,913.6226806640625,1297.196533203125,0.8,153.63150793650794,
chronos_2,electricity,USA|Maine,US,False,False,rolling,2022-12-01,4,2023-04-01,890.21,1053.2657470703125,150.30646714507586,864.80615234375,1250.05712890625,0.8,153.63150793650794,
chronos_2,electricity,USA|Maine,US,False,False,rolling,2022-12-01,5,2023-05-01,1085.01,1047.2265625,155.60495328147994,852.1678466796875,1250.9993896484375,0.8,153.63150793650794,
chronos_2,electricity,USA|Maine,US,False,False,rolling,2022-12-01,6,2023-06-01,919.16,1041.98583984375,160.94411200948227,843.01416015625,1255.530517578125,0.8,153.63150793650794,
chronos_2,electricity,USA|Maine,US,False,False,rolling,2022-12-01,7,2023-07-01,1091.9,1166.897216796875,171.02196104057964,954.9986572265625,1393.3455810546875,0.8,153.63150793650794,
chronos_2,electricity,USA|Maine,US,False,False,rolling,2022-12-01,8,2023-08-01,1036.41,1116.0130615234375,179.69427198824883,899.27587890625,1359.850830078125,0.8,153.63150793650794,
chronos_2,electricity,USA|Maine,US,False,False,rolling,2022-12-01,9,2023-09-01,910.23,1039.8154296875,176.34683197293856,823.216064453125,1275.211181640625,0.8,153.63150793650794,
chronos_2,electricity,USA|Maine,US,False,False,rolling,2022-12-01,10,2023-10-01,946.17,1027.4320068359375,175.42048274239775,811.7767944335938,1261.3975830078125,0.8,153.63150793650794,
chronos_2,electricity,USA|Maine,US,False,False,rolling,2022-12-01,11,2023-11-01,1085.27,1097.3502197265625,181.76571660063115,872.410888671875,1338.295166015625,0.8,153.63150793650794,
chronos_2,electricity,USA|Maine,US,False,False,rolling,2022-12-01,12,2023-12-01,1002.6,1157.95263671875,189.7524038613583,924.0809326171875,1410.4359130859375,0.8,153.63150793650794,
chronos_2,electricity,USA|Maine,US,False,False,rolling,2023-12-01,1,2024-01-01,1198.75,1115.6776123046875,122.04154016151888,962.477783203125,1275.2828369140625,0.8,152.6144696969697,
chronos_2,electricity,USA|Maine,US,False,False,rolling,2023-12-01,2,2024-02-01,1053.72,1014.5877685546875,128.35434072364174,853.1400756835938,1182.12548828125,0.8,152.6144696969697,
chronos_2,electricity,USA|Maine,US,False,False,rolling,2023-12-01,3,2024-03-01,1258.22,1038.3106689453125,138.48248279540397,861.9807739257812,1216.9256591796875,0.8,152.6144696969697,
chronos_2,electricity,USA|Maine,US,False,False,rolling,2023-12-01,4,2024-04-01,1110.57,971.8388671875,136.82878951464235,798.9990234375,1149.705322265625,0.8,152.6144696969697,
chronos_2,electricity,USA|Maine,US,False,False,rolling,2023-12-01,5,2024-05-01,1029.75,990.3310546875,139.42364370742845,814.4527587890625,1171.8099365234375,0.8,152.6144696969697,
chronos_2,electricity,USA|Maine,US,False,False,rolling,2023-12-01,6,2024-06-01,1222.99,989.101318359375,142.5359780454263,808.1012573242188,1173.4356689453125,0.8,152.6144696969697,
chronos_2,electricity,USA|Maine,US,False,False,rolling,2023-12-01,7,2024-07-01,1341.09,1128.25537109375,154.72756356401055,931.7463989257812,1328.3291015625,0.8,152.6144696969697,
chronos_2,electricity,USA|Maine,US,False,False,rolling,2023-12-01,8,2024-08-01,1295.04,1083.019775390625,158.77955859549033,885.8404541015625,1292.808837890625,0.8,152.6144696969697,
chronos_2,electricity,USA|Maine,US,False,False,rolling,2023-12-01,9,2024-09-01,1172.41,996.1625366210938,155.3159349886064,802.2063598632812,1200.297119140625,0.8,152.6144696969697,
chronos_2,electricity,USA|Maine,US,False,False,rolling,2023-12-01,10,2024-10-01,1174.68,976.8259887695312,154.59466325153403,781.2335205078125,1177.4755859375,0.8,152.6144696969697,
chronos_2,electricity,USA|Maine,US,False,False,rolling,2023-12-01,11,2024-11-01,1143.9,1037.417724609375,155.7771926579613,838.3102416992188,1237.583251953125,0.8,152.6144696969697,
chronos_2,electricity,USA|Maine,US,False,False,rolling,2023-12-01,12,2024-12-01,1129.06,1090.5263671875,165.14100910177902,882.3541259765625,1305.6275634765625,0.8,152.6144696969697,
chronos_2,electricity,USA|Maine,US,False,False,rolling,2024-12-01,1,2025-01-01,1291.82,1216.6319580078125,103.42868589888555,1088.6131591796875,1353.7115478515625,0.8,154.14967391304347,
chronos_2,electricity,USA|Maine,US,False,False,rolling,2024-12-01,2,2025-02-01,1210.45,1121.4600830078125,111.85493719258237,981.0150756835938,1267.7108154296875,0.8,154.14967391304347,
chronos_2,electricity,USA|Maine,US,False,False,rolling,2024-12-01,3,2025-03-01,1428.26,1144.2403564453125,123.17239537370246,992.8821411132812,1308.585693359375,0.8,154.14967391304347,
chronos_2,electricity,USA|Maine,US,False,False,rolling,2024-12-01,4,2025-04-01,1183.24,1082.70849609375,122.16541534974729,926.48486328125,1239.607421875,0.8,154.14967391304347,
chronos_2,electricity,USA|Maine,US,False,False,rolling,2024-12-01,5,2025-05-01,1359.31,1098.772705078125,125.91327083796426,938.8479614257812,1261.57666015625,0.8,154.14967391304347,
chronos_2,electricity,USA|Maine,US,False,False,rolling,2024-12-01,6,2025-06-01,1365.56,1116.7974853515625,132.32425236915012,950.3424682617188,1289.503173828125,0.8,154.14967391304347,
chronos_2,electricity,USA|Maine,US,False,False,rolling,2024-12-01,7,2025-07-01,1487.58,1229.523681640625,140.0456390777718,1049.79638671875,1408.747802734375,0.8,154.14967391304347,
chronos_2,electricity,USA|Maine,US,False,False,rolling,2024-12-01,8,2025-08-01,1337.32,1196.90771484375,145.38448823686852,1015.7418823242188,1388.3773193359375,0.8,154.14967391304347,
chronos_2,electricity,USA|Maine,US,False,False,rolling,2024-12-01,9,2025-09-01,1260.78,1116.04541015625,140.14622515910142,938.3519287109375,1297.5611572265625,0.8,154.14967391304347,
chronos_2,electricity,USA|Maine,US,False,False,rolling,2024-12-01,10,2025-10-01,1211.06,1113.994873046875,139.74864343233065,934.54296875,1292.733154296875,0.8,154.14967391304347,
chronos_2,electricity,USA|Maine,US,False,False,rolling,2024-12-01,11,2025-11-01,1370.89,1161.3155517578125,142.11032080021624,982.647216796875,1346.890625,0.8,154.14967391304347,
chronos_2,electricity,USA|Maine,US,False,False,rolling,2024-12-01,12,2025-12-01,1561.39,1219.14697265625,147.63241093843976,1032.33203125,1410.7291259765625,0.8,154.14967391304347,
chronos_2,electricity,USA|Maryland,US,True,False,holdout,last12,1,2025-01-01,3554.85,3100.13720703125,378.2045230671949,2642.063232421875,3611.4404296875,0.8,404.219384057971,
chronos_2,electricity,USA|Maryland,US,True,False,holdout,last12,2,2025-02-01,2683.67,2620.523193359375,391.38825311525784,2150.837646484375,3154.006103515625,0.8,404.219384057971,
chronos_2,electricity,USA|Maryland,US,True,False,holdout,last12,3,2025-03-01,2573.29,2898.23681640625,378.3680707013265,2431.5185546875,3401.31494140625,0.8,404.219384057971,
chronos_2,electricity,USA|Maryland,US,True,False,holdout,last12,4,2025-04-01,3173.48,3055.502197265625,376.3071990577203,2574.291259765625,3538.805419921875,0.8,404.219384057971,
chronos_2,electricity,USA|Maryland,US,True,False,holdout,last12,5,2025-05-01,3388.41,2996.6484375,377.0855029124026,2512.515380859375,3479.0244140625,0.8,404.219384057971,
chronos_2,electricity,USA|Maryland,US,True,False,holdout,last12,6,2025-06-01,3683.34,3283.765625,395.3418766737327,2778.89892578125,3792.200927734375,0.8,404.219384057971,
chronos_2,electricity,USA|Maryland,US,True,False,holdout,last12,7,2025-07-01,4396.58,3896.22119140625,386.4945878554172,3396.51513671875,4387.140625,0.8,404.219384057971,
chronos_2,electricity,USA|Maryland,US,True,False,holdout,last12,8,2025-08-01,3216.14,3535.25439453125,417.5174880320226,2976.94287109375,4047.083251953125,0.8,404.219384057971,
chronos_2,electricity,USA|Maryland,US,True,False,holdout,last12,9,2025-09-01,3088.05,3104.497314453125,423.05353258399117,2565.844482421875,3650.17431640625,0.8,404.219384057971,
chronos_2,electricity,USA|Maryland,US,True,False,holdout,last12,10,2025-10-01,3680.5,3079.4345703125,404.608559920168,2565.768798828125,3602.822265625,0.8,404.219384057971,
chronos_2,electricity,USA|Maryland,US,True,False,holdout,last12,11,2025-11-01,2669.02,2782.386474609375,426.5672825405908,2253.41796875,3346.75390625,0.8,404.219384057971,
chronos_2,electricity,USA|Maryland,US,True,False,holdout,last12,12,2025-12-01,3327.67,2988.951416015625,448.6027782496042,2433.9853515625,3583.800537109375,0.8,404.219384057971,
chronos_2,electricity,USA|Maryland,US,True,False,rolling,2022-12-01,1,2023-01-01,2760.24,3269.8544921875,355.11668358305843,2847.75048828125,3757.951171875,0.8,418.6069047619048,
chronos_2,electricity,USA|Maryland,US,True,False,rolling,2022-12-01,2,2023-02-01,2481.93,2923.78857421875,350.9878916499953,2486.04296875,3385.6611328125,0.8,418.6069047619048,
chronos_2,electricity,USA|Maryland,US,True,False,rolling,2022-12-01,3,2023-03-01,3209.48,2952.20166015625,360.1829454142715,2497.977294921875,3421.163330078125,0.8,418.6069047619048,
chronos_2,electricity,USA|Maryland,US,True,False,rolling,2022-12-01,4,2023-04-01,3412.2,2960.667236328125,359.35263398344716,2507.4033203125,3428.461181640625,0.8,418.6069047619048,
chronos_2,electricity,USA|Maryland,US,True,False,rolling,2022-12-01,5,2023-05-01,2822.3,3050.47900390625,372.45873367518095,2585.02783203125,3539.677978515625,0.8,418.6069047619048,
chronos_2,electricity,USA|Maryland,US,True,False,rolling,2022-12-01,6,2023-06-01,2962.05,3404.097900390625,406.0945859190541,2896.1201171875,3936.982421875,0.8,418.6069047619048,
chronos_2,electricity,USA|Maryland,US,True,False,rolling,2022-12-01,7,2023-07-01,3823.61,3961.733154296875,423.5996121334825,3419.318359375,4505.0478515625,0.8,418.6069047619048,
chronos_2,electricity,USA|Maryland,US,True,False,rolling,2022-12-01,8,2023-08-01,3776.49,3683.020751953125,443.6237672237869,3102.918212890625,4239.9716796875,0.8,418.6069047619048,
chronos_2,electricity,USA|Maryland,US,True,False,rolling,2022-12-01,9,2023-09-01,3055.79,3271.87841796875,425.9394768000191,2738.837158203125,3830.56396484375,0.8,418.6069047619048,
chronos_2,electricity,USA|Maryland,US,True,False,rolling,2022-12-01,10,2023-10-01,3233.83,3164.313720703125,405.1865488799296,2643.76708984375,3682.302001953125,0.8,418.6069047619048,
chronos_2,electricity,USA|Maryland,US,True,False,rolling,2022-12-01,11,2023-11-01,2929.57,3026.33544921875,407.6956762988552,2514.693359375,3559.659423828125,0.8,418.6069047619048,
chronos_2,electricity,USA|Maryland,US,True,False,rolling,2022-12-01,12,2023-12-01,3041.08,3175.6025390625,445.1951389886497,2628.750244140625,3769.831298828125,0.8,418.6069047619048,
chronos_2,electricity,USA|Maryland,US,True,False,rolling,2023-12-01,1,2024-01-01,3203.47,3129.381591796875,335.3524711214932,2731.622314453125,3591.165283203125,0.8,409.60568181818184,
chronos_2,electricity,USA|Maryland,US,True,False,rolling,2023-12-01,2,2024-02-01,2062.97,2798.138671875,335.5056362907906,2385.50830078125,3245.44384765625,0.8,409.60568181818184,
chronos_2,electricity,USA|Maryland,US,True,False,rolling,2023-12-01,3,2024-03-01,2778.29,3036.848876953125,354.16273509393307,2599.32470703125,3507.080322265625,0.8,409.60568181818184,
chronos_2,electricity,USA|Maryland,US,True,False,rolling,2023-12-01,4,2024-04-01,3587.95,3079.24267578125,359.04068377856595,2629.2099609375,3549.46826171875,0.8,409.60568181818184,
chronos_2,electricity,USA|Maryland,US,True,False,rolling,2023-12-01,5,2024-05-01,3304.5,3036.9072265625,361.93929650673107,2586.221923828125,3513.90966796875,0.8,409.60568181818184,
chronos_2,electricity,USA|Maryland,US,True,False,rolling,2023-12-01,6,2024-06-01,3239.14,3200.489501953125,388.19931237961856,2725.36328125,3720.358154296875,0.8,409.60568181818184,
chronos_2,electricity,USA|Maryland,US,True,False,rolling,2023-12-01,7,2024-07-01,3949.22,3743.5986328125,402.1332469509318,3236.373046875,4267.08203125,0.8,409.60568181818184,
chronos_2,electricity,USA|Maryland,US,True,False,rolling,2023-12-01,8,2024-08-01,3499.63,3540.312255859375,418.1450080166814,2994.642822265625,4066.3916015625,0.8,409.60568181818184,
chronos_2,electricity,USA|Maryland,US,True,False,rolling,2023-12-01,9,2024-09-01,2827.4,3180.455322265625,407.2198927039295,2673.76025390625,3717.5068359375,0.8,409.60568181818184,
chronos_2,electricity,USA|Maryland,US,True,False,rolling,2023-12-01,10,2024-10-01,3310.19,3140.059326171875,387.4796837390452,2655.250732421875,3648.401123046875,0.8,409.60568181818184,
chronos_2,electricity,USA|Maryland,US,True,False,rolling,2023-12-01,11,2024-11-01,2452.41,2952.715087890625,386.93017511859944,2474.91748046875,3466.659423828125,0.8,409.60568181818184,
chronos_2,electricity,USA|Maryland,US,True,False,rolling,2023-12-01,12,2024-12-01,3056.93,3009.365478515625,406.5901819239387,2510.330322265625,3552.462890625,0.8,409.60568181818184,
chronos_2,electricity,USA|Maryland,US,True,False,rolling,2024-12-01,1,2025-01-01,3554.85,3100.13720703125,378.2045230671949,2642.063232421875,3611.4404296875,0.8,404.219384057971,
chronos_2,electricity,USA|Maryland,US,True,False,rolling,2024-12-01,2,2025-02-01,2683.67,2620.523193359375,391.38825311525784,2150.837646484375,3154.006103515625,0.8,404.219384057971,
chronos_2,electricity,USA|Maryland,US,True,False,rolling,2024-12-01,3,2025-03-01,2573.29,2898.23681640625,378.3680707013265,2431.5185546875,3401.31494140625,0.8,404.219384057971,
chronos_2,electricity,USA|Maryland,US,True,False,rolling,2024-12-01,4,2025-04-01,3173.48,3055.502197265625,376.3071990577203,2574.291259765625,3538.805419921875,0.8,404.219384057971,
chronos_2,electricity,USA|Maryland,US,True,False,rolling,2024-12-01,5,2025-05-01,3388.41,2996.6484375,377.0855029124026,2512.515380859375,3479.0244140625,0.8,404.219384057971,
chronos_2,electricity,USA|Maryland,US,True,False,rolling,2024-12-01,6,2025-06-01,3683.34,3283.765625,395.3418766737327,2778.89892578125,3792.200927734375,0.8,404.219384057971,
chronos_2,electricity,USA|Maryland,US,True,False,rolling,2024-12-01,7,2025-07-01,4396.58,3896.22119140625,386.4945878554172,3396.51513671875,4387.140625,0.8,404.219384057971,
chronos_2,electricity,USA|Maryland,US,True,False,rolling,2024-12-01,8,2025-08-01,3216.14,3535.25439453125,417.5174880320226,2976.94287109375,4047.083251953125,0.8,404.219384057971,
chronos_2,electricity,USA|Maryland,US,True,False,rolling,2024-12-01,9,2025-09-01,3088.05,3104.497314453125,423.05353258399117,2565.844482421875,3650.17431640625,0.8,404.219384057971,
chronos_2,electricity,USA|Maryland,US,True,False,rolling,2024-12-01,10,2025-10-01,3680.5,3079.4345703125,404.608559920168,2565.768798828125,3602.822265625,0.8,404.219384057971,
chronos_2,electricity,USA|Maryland,US,True,False,rolling,2024-12-01,11,2025-11-01,2669.02,2782.386474609375,426.5672825405908,2253.41796875,3346.75390625,0.8,404.219384057971,
chronos_2,electricity,USA|Maryland,US,True,False,rolling,2024-12-01,12,2025-12-01,3327.67,2988.951416015625,448.6027782496042,2433.9853515625,3583.800537109375,0.8,404.219384057971,
chronos_2,electricity,USA|Massachusetts,US,True,False,holdout,last12,1,2025-01-01,2047.35,2145.462646484375,300.3591830395247,1775.451904296875,2545.303466796875,0.8,370.6084420289855,
chronos_2,electricity,USA|Massachusetts,US,True,False,holdout,last12,2,2025-02-01,1872.69,1921.1556396484375,303.3403316005232,1534.4844970703125,2311.97705078125,0.8,370.6084420289855,
chronos_2,electricity,USA|Massachusetts,US,True,False,holdout,last12,3,2025-03-01,1992.72,1912.5712890625,326.4573658137577,1491.996826171875,2328.74072265625,0.8,370.6084420289855,
chronos_2,electricity,USA|Massachusetts,US,True,False,holdout,last12,4,2025-04-01,1904.13,1867.4798583984375,335.51568537372646,1441.7471923828125,2301.70849609375,0.8,370.6084420289855,
chronos_2,electricity,USA|Massachusetts,US,True,False,holdout,last12,5,2025-05-01,2013.87,1833.270263671875,346.2004323377707,1399.3505859375,2286.697998046875,0.8,370.6084420289855,
chronos_2,electricity,USA|Massachusetts,US,True,False,holdout,last12,6,2025-06-01,2556.87,2137.714599609375,395.77208220055593,1630.2967529296875,2644.701416015625,0.8,370.6084420289855,
chronos_2,electricity,USA|Massachusetts,US,True,False,holdout,last12,7,2025-07-01,3214.23,2978.567626953125,419.3164167554995,2426.0859375,3500.837158203125,0.8,370.6084420289855,
chronos_2,electricity,USA|Massachusetts,US,True,False,holdout,last12,8,2025-08-01,2706.05,2806.5068359375,446.70659726378113,2198.9697265625,3343.9248046875,0.8,370.6084420289855,
chronos_2,electricity,USA|Massachusetts,US,True,False,holdout,last12,9,2025-09-01,2135.02,2082.925537109375,431.7541809930198,1542.8428955078125,2649.473388671875,0.8,370.6084420289855,
chronos_2,electricity,USA|Massachusetts,US,True,False,holdout,last12,10,2025-10-01,2278.43,1999.8531494140625,408.99419879291423,1485.9537353515625,2534.248046875,0.8,370.6084420289855,
chronos_2,electricity,USA|Massachusetts,US,True,False,holdout,last12,11,2025-11-01,2201.16,1830.8927001953125,399.53686872661035,1316.65576171875,2340.7099609375,0.8,370.6084420289855,
chronos_2,electricity,USA|Massachusetts,US,True,False,holdout,last12,12,2025-12-01,2292.68,2001.464599609375,422.9384205770907,1470.9586181640625,2554.993408203125,0.8,370.6084420289855,
chronos_2,electricity,USA|Massachusetts,US,True,False,rolling,2022-12-01,1,2023-01-01,1740.87,2102.61376953125,351.9800838054595,1658.9661865234375,2561.12744140625,0.8,382.50666666666666,
chronos_2,electricity,USA|Massachusetts,US,True,False,rolling,2022-12-01,2,2023-02-01,1886.72,1844.2618408203125,358.61609811802913,1382.3402099609375,2301.51025390625,0.8,382.50666666666666,
chronos_2,electricity,USA|Massachusetts,US,True,False,rolling,2022-12-01,3,2023-03-01,1725.93,1840.3934326171875,376.91938347505516,1349.5576171875,2315.640869140625,0.8,382.50666666666666,
chronos_2,electricity,USA|Massachusetts,US,True,False,rolling,2022-12-01,4,2023-04-01,1755.28,1774.07373046875,385.5518790988647,1286.93408203125,2275.143310546875,0.8,382.50666666666666,
chronos_2,electricity,USA|Massachusetts,US,True,False,rolling,2022-12-01,5,2023-05-01,1901.88,1676.47607421875,389.90375114790703,1177.987548828125,2177.35107421875,0.8,382.50666666666666,
chronos_2,electricity,USA|Massachusetts,US,True,False,rolling,2022-12-01,6,2023-06-01,1901.78,2145.741943359375,438.1255853302734,1574.2484130859375,2697.20947265625,0.8,382.50666666666666,
chronos_2,electricity,USA|Massachusetts,US,True,False,rolling,2022-12-01,7,2023-07-01,2734.41,2976.30224609375,443.4463128018957,2379.67041015625,3516.26904296875,0.8,382.50666666666666,
chronos_2,electricity,USA|Massachusetts,US,True,False,rolling,2022-12-01,8,2023-08-01,2230.43,2795.723876953125,469.22511571751295,2150.23974609375,3352.912109375,0.8,382.50666666666666,
chronos_2,electricity,USA|Massachusetts,US,True,False,rolling,2022-12-01,9,2023-09-01,1972.52,2104.19970703125,467.68784415825246,1498.921142578125,2697.6533203125,0.8,382.50666666666666,
chronos_2,electricity,USA|Massachusetts,US,True,False,rolling,2022-12-01,10,2023-10-01,1701.59,2007.00927734375,441.01619689287816,1448.0841064453125,2578.4541015625,0.8,382.50666666666666,
chronos_2,electricity,USA|Massachusetts,US,True,False,rolling,2022-12-01,11,2023-11-01,1656.11,1715.9571533203125,440.4551627839467,1138.3016357421875,2267.233642578125,0.8,382.50666666666666,
chronos_2,electricity,USA|Massachusetts,US,True,False,rolling,2022-12-01,12,2023-12-01,1906.55,1882.93115234375,461.323631344806,1287.1563720703125,2469.576416015625,0.8,382.50666666666666,
chronos_2,electricity,USA|Massachusetts,US,True,False,rolling,2023-12-01,1,2024-01-01,2353.78,2086.67333984375,305.3895348776873,1714.199462890625,2496.9443359375,0.8,378.0974621212122,
chronos_2,electricity,USA|Massachusetts,US,True,False,rolling,2023-12-01,2,2024-02-01,1902.34,1853.4647216796875,320.8920312807201,1449.1351318359375,2271.614501953125,0.8,378.0974621212122,
chronos_2,electricity,USA|Massachusetts,US,True,False,rolling,2023-12-01,3,2024-03-01,2122.33,1829.26953125,344.3083471866987,1391.049072265625,2273.546875,0.8,378.0974621212122,
chronos_2,electricity,USA|Massachusetts,US,True,False,rolling,2023-12-01,4,2024-04-01,1693.91,1786.66162109375,354.5215968945102,1342.9417724609375,2251.6171875,0.8,378.0974621212122,
chronos_2,electricity,USA|Massachusetts,US,True,False,rolling,2023-12-01,5,2024-05-01,1681.85,1778.9913330078125,360.007253153843,1333.2655029296875,2256.001220703125,0.8,378.0974621212122,
chronos_2,electricity,USA|Massachusetts,US,True,False,rolling,2023-12-01,6,2024-06-01,2050.74,2149.494140625,415.81142998022784,1616.321533203125,2682.089111328125,0.8,378.0974621212122,
chronos_2,electricity,USA|Massachusetts,US,True,False,rolling,2023-12-01,7,2024-07-01,2841.76,2949.228759765625,442.62800311941186,2360.420654296875,3494.921875,0.8,378.0974621212122,
chronos_2,electricity,USA|Massachusetts,US,True,False,rolling,2023-12-01,8,2024-08-01,2328.21,2806.351806640625,464.7259841213725,2166.197998046875,3357.338623046875,0.8,378.0974621212122,
chronos_2,electricity,USA|Massachusetts,US,True,False,rolling,2023-12-01,9,2024-09-01,1710.24,2093.1904296875,445.4236484669734,1523.705810546875,2665.37255859375,0.8,378.0974621212122,
chronos_2,electricity,USA|Massachusetts,US,True,False,rolling,2023-12-01,10,2024-10-01,1889.22,1963.805419921875,420.44686714680654,1435.49462890625,2513.143310546875,0.8,378.0974621212122,
chronos_2,electricity,USA|Massachusetts,US,True,False,rolling,2023-12-01,11,2024-11-01,2008.06,1740.718994140625,410.8192741824186,1207.8837890625,2260.85595703125,0.8,378.0974621212122,
chronos_2,electricity,USA|Massachusetts,US,True,False,rolling,2023-12-01,12,2024-12-01,1914.47,1864.0394287109375,432.2435856197922,1309.4984130859375,2417.38330078125,0.8,378.0974621212122,
chronos_2,electricity,USA|Massachusetts,US,True,False,rolling,2024-12-01,1,2025-01-01,2047.35,2145.462646484375,300.3591830395247,1775.451904296875,2545.303466796875,0.8,370.6084420289855,
chronos_2,electricity,USA|Massachusetts,US,True,False,rolling,2024-12-01,2,2025-02-01,1872.69,1921.1556396484375,303.3403316005232,1534.4844970703125,2311.97705078125,0.8,370.6084420289855,
chronos_2,electricity,USA|Massachusetts,US,True,False,rolling,2024-12-01,3,2025-03-01,1992.72,1912.5712890625,326.4573658137577,1491.996826171875,2328.74072265625,0.8,370.6084420289855,
chronos_2,electricity,USA|Massachusetts,US,True,False,rolling,2024-12-01,4,2025-04-01,1904.13,1867.4798583984375,335.51568537372646,1441.7471923828125,2301.70849609375,0.8,370.6084420289855,
chronos_2,electricity,USA|Massachusetts,US,True,False,rolling,2024-12-01,5,2025-05-01,2013.87,1833.270263671875,346.2004323377707,1399.3505859375,2286.697998046875,0.8,370.6084420289855,
chronos_2,electricity,USA|Massachusetts,US,True,False,rolling,2024-12-01,6,2025-06-01,2556.87,2137.714599609375,395.77208220055593,1630.2967529296875,2644.701416015625,0.8,370.6084420289855,
chronos_2,electricity,USA|Massachusetts,US,True,False,rolling,2024-12-01,7,2025-07-01,3214.23,2978.567626953125,419.3164167554995,2426.0859375,3500.837158203125,0.8,370.6084420289855,
chronos_2,electricity,USA|Massachusetts,US,True,False,rolling,2024-12-01,8,2025-08-01,2706.05,2806.5068359375,446.70659726378113,2198.9697265625,3343.9248046875,0.8,370.6084420289855,
chronos_2,electricity,USA|Massachusetts,US,True,False,rolling,2024-12-01,9,2025-09-01,2135.02,2082.925537109375,431.7541809930198,1542.8428955078125,2649.473388671875,0.8,370.6084420289855,
chronos_2,electricity,USA|Massachusetts,US,True,False,rolling,2024-12-01,10,2025-10-01,2278.43,1999.8531494140625,408.99419879291423,1485.9537353515625,2534.248046875,0.8,370.6084420289855,
chronos_2,electricity,USA|Massachusetts,US,True,False,rolling,2024-12-01,11,2025-11-01,2201.16,1830.8927001953125,399.53686872661035,1316.65576171875,2340.7099609375,0.8,370.6084420289855,
chronos_2,electricity,USA|Massachusetts,US,True,False,rolling,2024-12-01,12,2025-12-01,2292.68,2001.464599609375,422.9384205770907,1470.9586181640625,2554.993408203125,0.8,370.6084420289855,
chronos_2,electricity,USA|Michigan,US,True,False,holdout,last12,1,2025-01-01,11693.55,10897.1337890625,532.4348951558073,10222.3046875,11586.990234375,0.8,705.7997826086956,
chronos_2,electricity,USA|Michigan,US,True,False,holdout,last12,2,2025-02-01,10152.38,9968.9580078125,621.8284888902242,9160.3896484375,10754.2001953125,0.8,705.7997826086956,
chronos_2,electricity,USA|Michigan,US,True,False,holdout,last12,3,2025-03-01,9820.38,9886.76171875,665.4737039980773,9002.279296875,10707.95703125,0.8,705.7997826086956,
chronos_2,electricity,USA|Michigan,US,True,False,holdout,last12,4,2025-04-01,9409.46,8966.3134765625,682.1572772149804,8041.0263671875,9789.4658203125,0.8,705.7997826086956,
chronos_2,electricity,USA|Michigan,US,True,False,holdout,last12,5,2025-05-01,9018.45,9506.919921875,698.6823511522124,8606.8564453125,10397.6513671875,0.8,705.7997826086956,
chronos_2,electricity,USA|Michigan,US,True,False,holdout,last12,6,2025-06-01,10655.78,10506.9833984375,708.1812587038386,9599.78515625,11414.9267578125,0.8,705.7997826086956,
chronos_2,electricity,USA|Michigan,US,True,False,holdout,last12,7,2025-07-01,12206.19,11423.228515625,688.7136608798306,10562.259765625,12327.50390625,0.8,705.7997826086956,
chronos_2,electricity,USA|Michigan,US,True,False,holdout,last12,8,2025-08-01,11443.71,11231.720703125,711.2034132383337,10322.0,12144.8876953125,0.8,705.7997826086956,
chronos_2,electricity,USA|Michigan,US,True,False,holdout,last12,9,2025-09-01,10358.02,9882.611328125,697.9546260941078,8978.478515625,10767.408203125,0.8,705.7997826086956,
chronos_2,electricity,USA|Michigan,US,True,False,holdout,last12,10,2025-10-01,9934.39,9492.2470703125,698.6522515293902,8581.0341796875,10371.751953125,0.8,705.7997826086956,
chronos_2,electricity,USA|Michigan,US,True,False,holdout,last12,11,2025-11-01,10666.11,9478.4755859375,701.4595176174084,8555.4736328125,10353.38671875,0.8,705.7997826086956,
chronos_2,electricity,USA|Michigan,US,True,False,holdout,last12,12,2025-12-01,11631.5,10388.48828125,768.3130659526574,9417.427734375,11386.693359375,0.8,705.7997826086956,
chronos_2,electricity,USA|Michigan,US,True,False,rolling,2022-12-01,1,2023-01-01,10865.12,10461.65234375,627.9547146542368,9687.3828125,11296.8955078125,0.8,711.438492063492,
chronos_2,electricity,USA|Michigan,US,True,False,rolling,2022-12-01,2,2023-02-01,9191.41,9462.46875,649.9800184023579,8638.826171875,10304.7919921875,0.8,711.438492063492,
chronos_2,electricity,USA|Michigan,US,True,False,rolling,2022-12-01,3,2023-03-01,10082.47,9316.47265625,663.1289814810219,8469.998046875,10169.666015625,0.8,711.438492063492,
chronos_2,electricity,USA|Michigan,US,True,False,rolling,2022-12-01,4,2023-04-01,9391.35,8210.0078125,699.3660697997353,7328.36279296875,9120.91015625,0.8,711.438492063492,
chronos_2,electricity,USA|Michigan,US,True,False,rolling,2022-12-01,5,2023-05-01,8940.0,8863.306640625,692.4359174008532,7962.48681640625,9737.271484375,0.8,711.438492063492,
chronos_2,electricity,USA|Michigan,US,True,False,rolling,2022-12-01,6,2023-06-01,9938.54,9764.0830078125,710.5469366545043,8844.58984375,10665.794921875,0.8,711.438492063492,
chronos_2,electricity,USA|Michigan,US,True,False,rolling,2022-12-01,7,2023-07-01,11180.68,10709.095703125,680.9098574033393,9828.525390625,11573.767578125,0.8,711.438492063492,
chronos_2,electricity,USA|Michigan,US,True,False,rolling,2022-12-01,8,2023-08-01,11311.78,10539.3017578125,699.616201475466,9657.6435546875,11450.83203125,0.8,711.438492063492,
chronos_2,electricity,USA|Michigan,US,True,False,rolling,2022-12-01,9,2023-09-01,10466.94,9204.8876953125,693.0861073545996,8326.384765625,10102.8359375,0.8,711.438492063492,
chronos_2,electricity,USA|Michigan,US,True,False,rolling,2022-12-01,10,2023-10-01,10166.53,8752.2177734375,674.6422777144278,7853.5654296875,9582.7431640625,0.8,711.438492063492,
chronos_2,electricity,USA|Michigan,US,True,False,rolling,2022-12-01,11,2023-11-01,9426.97,8868.072265625,666.5715782153173,7988.25244140625,9696.744140625,0.8,711.438492063492,
chronos_2,electricity,USA|Michigan,US,True,False,rolling,2022-12-01,12,2023-12-01,10618.25,9769.1923828125,720.7263242866409,8851.478515625,10698.7744140625,0.8,711.438492063492,
chronos_2,electricity,USA|Michigan,US,True,False,rolling,2023-12-01,1,2024-01-01,10144.87,10811.880859375,537.9054063517581,10130.5380859375,11509.2451171875,0.8,706.0780303030302,
chronos_2,electricity,USA|Michigan,US,True,False,rolling,2023-12-01,2,2024-02-01,9760.95,9824.4931640625,606.0056124828806,9045.4775390625,10598.732421875,0.8,706.0780303030302,
chronos_2,electricity,USA|Michigan,US,True,False,rolling,2023-12-01,3,2024-03-01,8878.11,9822.861328125,658.7054799498206,8972.0341796875,10660.3642578125,0.8,706.0780303030302,
chronos_2,electricity,USA|Michigan,US,True,False,rolling,2023-12-01,4,2024-04-01,8480.2,8812.056640625,672.7896268793316,7921.01513671875,9645.4443359375,0.8,706.0780303030302,
chronos_2,electricity,USA|Michigan,US,True,False,rolling,2023-12-01,5,2024-05-01,10006.87,9283.2529296875,682.2468140676791,8405.91015625,10154.5791015625,0.8,706.0780303030302,
chronos_2,electricity,USA|Michigan,US,True,False,rolling,2023-12-01,6,2024-06-01,10718.31,10242.5966796875,689.0333264943594,9358.85546875,11124.9189453125,0.8,706.0780303030302,
chronos_2,electricity,USA|Michigan,US,True,False,rolling,2023-12-01,7,2024-07-01,12515.46,11196.375,664.8545661868627,10381.6787109375,12085.76953125,0.8,706.0780303030302,
chronos_2,electricity,USA|Michigan,US,True,False,rolling,2023-12-01,8,2024-08-01,12023.91,11012.0390625,676.9538525455905,10154.9423828125,11890.044921875,0.8,706.0780303030302,
chronos_2,electricity,USA|Michigan,US,True,False,rolling,2023-12-01,9,2024-09-01,10678.18,9716.6572265625,683.6024401183263,8837.73828125,10589.8818359375,0.8,706.0780303030302,
chronos_2,electricity,USA|Michigan,US,True,False,rolling,2023-12-01,10,2024-10-01,9888.9,9238.7138671875,681.7659821182926,8332.5673828125,10080.00390625,0.8,706.0780303030302,
chronos_2,electricity,USA|Michigan,US,True,False,rolling,2023-12-01,11,2024-11-01,9836.76,9187.5830078125,683.6199664809823,8292.5390625,10044.7275390625,0.8,706.0780303030302,
chronos_2,electricity,USA|Michigan,US,True,False,rolling,2023-12-01,12,2024-12-01,10816.88,10104.6748046875,740.5288280405305,9164.6171875,11062.6689453125,0.8,706.0780303030302,
chronos_2,electricity,USA|Michigan,US,True,False,rolling,2024-12-01,1,2025-01-01,11693.55,10897.1337890625,532.4348951558073,10222.3046875,11586.990234375,0.8,705.7997826086956,
chronos_2,electricity,USA|Michigan,US,True,False,rolling,2024-12-01,2,2025-02-01,10152.38,9968.9580078125,621.8284888902242,9160.3896484375,10754.2001953125,0.8,705.7997826086956,
chronos_2,electricity,USA|Michigan,US,True,False,rolling,2024-12-01,3,2025-03-01,9820.38,9886.76171875,665.4737039980773,9002.279296875,10707.95703125,0.8,705.7997826086956,
chronos_2,electricity,USA|Michigan,US,True,False,rolling,2024-12-01,4,2025-04-01,9409.46,8966.3134765625,682.1572772149804,8041.0263671875,9789.4658203125,0.8,705.7997826086956,
chronos_2,electricity,USA|Michigan,US,True,False,rolling,2024-12-01,5,2025-05-01,9018.45,9506.919921875,698.6823511522124,8606.8564453125,10397.6513671875,0.8,705.7997826086956,
chronos_2,electricity,USA|Michigan,US,True,False,rolling,2024-12-01,6,2025-06-01,10655.78,10506.9833984375,708.1812587038386,9599.78515625,11414.9267578125,0.8,705.7997826086956,
chronos_2,electricity,USA|Michigan,US,True,False,rolling,2024-12-01,7,2025-07-01,12206.19,11423.228515625,688.7136608798306,10562.259765625,12327.50390625,0.8,705.7997826086956,
chronos_2,electricity,USA|Michigan,US,True,False,rolling,2024-12-01,8,2025-08-01,11443.71,11231.720703125,711.2034132383337,10322.0,12144.8876953125,0.8,705.7997826086956,
chronos_2,electricity,USA|Michigan,US,True,False,rolling,2024-12-01,9,2025-09-01,10358.02,9882.611328125,697.9546260941078,8978.478515625,10767.408203125,0.8,705.7997826086956,
chronos_2,electricity,USA|Michigan,US,True,False,rolling,2024-12-01,10,2025-10-01,9934.39,9492.2470703125,698.6522515293902,8581.0341796875,10371.751953125,0.8,705.7997826086956,
chronos_2,electricity,USA|Michigan,US,True,False,rolling,2024-12-01,11,2025-11-01,10666.11,9478.4755859375,701.4595176174084,8555.4736328125,10353.38671875,0.8,705.7997826086956,
chronos_2,electricity,USA|Michigan,US,True,False,rolling,2024-12-01,12,2025-12-01,11631.5,10388.48828125,768.3130659526574,9417.427734375,11386.693359375,0.8,705.7997826086956,
chronos_2,electricity,USA|Minnesota,US,True,False,holdout,last12,1,2025-01-01,5675.45,5451.8212890625,333.5350635156508,5017.79052734375,5872.67529296875,0.8,291.43597826086955,
chronos_2,electricity,USA|Minnesota,US,True,False,holdout,last12,2,2025-02-01,5096.53,4886.0673828125,355.5975155324448,4440.25048828125,5351.68359375,0.8,291.43597826086955,
chronos_2,electricity,USA|Minnesota,US,True,False,holdout,last12,3,2025-03-01,5063.61,4822.38623046875,366.97707799862826,4359.3330078125,5299.93310546875,0.8,291.43597826086955,
chronos_2,electricity,USA|Minnesota,US,True,False,holdout,last12,4,2025-04-01,4554.74,4288.4306640625,366.5433005228942,3816.16015625,4755.6484375,0.8,291.43597826086955,
chronos_2,electricity,USA|Minnesota,US,True,False,holdout,last12,5,2025-05-01,4199.38,4349.146484375,368.2565977244816,3865.441162109375,4809.32080078125,0.8,291.43597826086955,
chronos_2,electricity,USA|Minnesota,US,True,False,holdout,last12,6,2025-06-01,4928.01,4930.64990234375,379.37088345155234,4450.533203125,5422.89990234375,0.8,291.43597826086955,
chronos_2,electricity,USA|Minnesota,US,True,False,holdout,last12,7,2025-07-01,6128.45,5659.16650390625,396.60444154875586,5173.052734375,6189.5908203125,0.8,291.43597826086955,
chronos_2,electricity,USA|Minnesota,US,True,False,holdout,last12,8,2025-08-01,5656.14,5359.328125,405.2089330931043,4845.380859375,5883.97314453125,0.8,291.43597826086955,
chronos_2,electricity,USA|Minnesota,US,True,False,holdout,last12,9,2025-09-01,4766.9,4572.8447265625,386.5343079273059,4080.411376953125,5071.138671875,0.8,291.43597826086955,
chronos_2,electricity,USA|Minnesota,US,True,False,holdout,last12,10,2025-10-01,4725.95,4441.8076171875,392.0523498567638,3924.41748046875,4929.2880859375,0.8,291.43597826086955,
chronos_2,electricity,USA|Minnesota,US,True,False,holdout,last12,11,2025-11-01,4757.04,4708.19287109375,384.81872467841555,4212.689453125,5199.01953125,0.8,291.43597826086955,
chronos_2,electricity,USA|Minnesota,US,True,False,holdout,last12,12,2025-12-01,5641.7,5309.6435546875,424.26123232374357,4767.60986328125,5855.03515625,0.8,291.43597826086955,
chronos_2,electricity,USA|Minnesota,US,True,False,rolling,2022-12-01,1,2023-01-01,5330.92,5663.2666015625,316.55392314148094,5253.0341796875,6064.39453125,0.8,290.8561111111111,
chronos_2,electricity,USA|Minnesota,US,True,False,rolling,2022-12-01,2,2023-02-01,4306.29,4992.875,338.63694958400146,4571.228515625,5439.18994140625,0.8,290.8561111111111,
chronos_2,electricity,USA|Minnesota,US,True,False,rolling,2022-12-01,3,2023-03-01,4795.18,4797.123046875,343.1170307859507,4368.11181640625,5247.55615234375,0.8,290.8561111111111,
chronos_2,electricity,USA|Minnesota,US,True,False,rolling,2022-12-01,4,2023-04-01,4405.06,4210.84765625,342.8350849519207,3762.115234375,4640.8369140625,0.8,290.8561111111111,
chronos_2,electricity,USA|Minnesota,US,True,False,rolling,2022-12-01,5,2023-05-01,4371.2,4331.34912109375,343.60338734965256,3875.22607421875,4755.9169921875,0.8,290.8561111111111,
chronos_2,electricity,USA|Minnesota,US,True,False,rolling,2022-12-01,6,2023-06-01,5095.07,4994.9697265625,363.9383496211868,4529.3671875,5462.1787109375,0.8,290.8561111111111,
chronos_2,electricity,USA|Minnesota,US,True,False,rolling,2022-12-01,7,2023-07-01,5733.34,5709.5517578125,372.5306489132528,5239.0126953125,6193.84716796875,0.8,290.8561111111111,
chronos_2,electricity,USA|Minnesota,US,True,False,rolling,2022-12-01,8,2023-08-01,5662.96,5448.30078125,381.01950456486054,4952.75732421875,5929.349609375,0.8,290.8561111111111,
chronos_2,electricity,USA|Minnesota,US,True,False,rolling,2022-12-01,9,2023-09-01,4586.84,4610.25390625,371.83740506863427,4141.16650390625,5094.22412109375,0.8,290.8561111111111,
chronos_2,electricity,USA|Minnesota,US,True,False,rolling,2022-12-01,10,2023-10-01,4556.8,4521.72607421875,383.42423582361823,4018.75048828125,5001.50634765625,0.8,290.8561111111111,
chronos_2,electricity,USA|Minnesota,US,True,False,rolling,2022-12-01,11,2023-11-01,4577.09,4772.1572265625,370.3194696594779,4299.728515625,5248.8955078125,0.8,290.8561111111111,
chronos_2,electricity,USA|Minnesota,US,True,False,rolling,2022-12-01,12,2023-12-01,4660.07,5527.05029296875,390.37667718370403,5027.25732421875,6027.8330078125,0.8,290.8561111111111,
chronos_2,electricity,USA|Minnesota,US,True,False,rolling,2023-12-01,1,2024-01-01,5153.67,5288.3388671875,344.07774216501394,4852.1708984375,5734.07763671875,0.8,293.0528409090909,
chronos_2,electricity,USA|Minnesota,US,True,False,rolling,2023-12-01,2,2024-02-01,4527.24,4777.28173828125,352.65861122056526,4330.8154296875,5234.7158203125,0.8,293.0528409090909,
chronos_2,electricity,USA|Minnesota,US,True,False,rolling,2023-12-01,3,2024-03-01,4991.6,4713.91162109375,353.32499400937417,4267.619140625,5173.2275390625,0.8,293.0528409090909,
chronos_2,electricity,USA|Minnesota,US,True,False,rolling,2023-12-01,4,2024-04-01,4936.98,4168.79931640625,349.7819064457201,3717.536376953125,4614.0634765625,0.8,293.0528409090909,
chronos_2,electricity,USA|Minnesota,US,True,False,rolling,2023-12-01,5,2024-05-01,4829.49,4178.77783203125,354.0550051147817,3716.61181640625,4624.09130859375,0.8,293.0528409090909,
chronos_2,electricity,USA|Minnesota,US,True,False,rolling,2023-12-01,6,2024-06-01,5009.06,4809.87109375,380.7851847163085,4324.2724609375,5300.26416015625,0.8,293.0528409090909,
chronos_2,electricity,USA|Minnesota,US,True,False,rolling,2023-12-01,7,2024-07-01,5828.46,5658.1962890625,398.7556120608284,5167.6962890625,6189.748046875,0.8,293.0528409090909,
chronos_2,electricity,USA|Minnesota,US,True,False,rolling,2023-12-01,8,2024-08-01,5555.27,5327.00146484375,402.0189445857844,4812.671875,5843.087890625,0.8,293.0528409090909,
chronos_2,electricity,USA|Minnesota,US,True,False,rolling,2023-12-01,9,2024-09-01,4600.85,4518.81005859375,376.1399365967214,4041.18115234375,5005.2666015625,0.8,293.0528409090909,
chronos_2,electricity,USA|Minnesota,US,True,False,rolling,2023-12-01,10,2024-10-01,3987.63,4545.04736328125,394.7429322803608,4032.159912109375,5043.9267578125,0.8,293.0528409090909,
chronos_2,electricity,USA|Minnesota,US,True,False,rolling,2023-12-01,11,2024-11-01,4413.47,4679.40234375,388.9307522645904,4177.2421875,5174.11181640625,0.8,293.0528409090909,
chronos_2,electricity,USA|Minnesota,US,True,False,rolling,2023-12-01,12,2024-12-01,5110.0,5294.6650390625,426.9320975893527,4738.4912109375,5832.76220703125,0.8,293.0528409090909,
chronos_2,electricity,USA|Minnesota,US,True,False,rolling,2024-12-01,1,2025-01-01,5675.45,5451.8212890625,333.5350635156508,5017.79052734375,5872.67529296875,0.8,291.43597826086955,
chronos_2,electricity,USA|Minnesota,US,True,False,rolling,2024-12-01,2,2025-02-01,5096.53,4886.0673828125,355.5975155324448,4440.25048828125,5351.68359375,0.8,291.43597826086955,
chronos_2,electricity,USA|Minnesota,US,True,False,rolling,2024-12-01,3,2025-03-01,5063.61,4822.38623046875,366.97707799862826,4359.3330078125,5299.93310546875,0.8,291.43597826086955,
chronos_2,electricity,USA|Minnesota,US,True,False,rolling,2024-12-01,4,2025-04-01,4554.74,4288.4306640625,366.5433005228942,3816.16015625,4755.6484375,0.8,291.43597826086955,
chronos_2,electricity,USA|Minnesota,US,True,False,rolling,2024-12-01,5,2025-05-01,4199.38,4349.146484375,368.2565977244816,3865.441162109375,4809.32080078125,0.8,291.43597826086955,
chronos_2,electricity,USA|Minnesota,US,True,False,rolling,2024-12-01,6,2025-06-01,4928.01,4930.64990234375,379.37088345155234,4450.533203125,5422.89990234375,0.8,291.43597826086955,
chronos_2,electricity,USA|Minnesota,US,True,False,rolling,2024-12-01,7,2025-07-01,6128.45,5659.16650390625,396.60444154875586,5173.052734375,6189.5908203125,0.8,291.43597826086955,
chronos_2,electricity,USA|Minnesota,US,True,False,rolling,2024-12-01,8,2025-08-01,5656.14,5359.328125,405.2089330931043,4845.380859375,5883.97314453125,0.8,291.43597826086955,
chronos_2,electricity,USA|Minnesota,US,True,False,rolling,2024-12-01,9,2025-09-01,4766.9,4572.8447265625,386.5343079273059,4080.411376953125,5071.138671875,0.8,291.43597826086955,
chronos_2,electricity,USA|Minnesota,US,True,False,rolling,2024-12-01,10,2025-10-01,4725.95,4441.8076171875,392.0523498567638,3924.41748046875,4929.2880859375,0.8,291.43597826086955,
chronos_2,electricity,USA|Minnesota,US,True,False,rolling,2024-12-01,11,2025-11-01,4757.04,4708.19287109375,384.81872467841555,4212.689453125,5199.01953125,0.8,291.43597826086955,
chronos_2,electricity,USA|Minnesota,US,True,False,rolling,2024-12-01,12,2025-12-01,5641.7,5309.6435546875,424.26123232374357,4767.60986328125,5855.03515625,0.8,291.43597826086955,
chronos_2,electricity,USA|Mississippi,US,True,False,holdout,last12,1,2025-01-01,6584.96,6325.8603515625,601.5405810923423,5569.361328125,7111.171875,0.8,559.9975,
chronos_2,electricity,USA|Mississippi,US,True,False,holdout,last12,2,2025-02-01,5416.5,5581.572265625,590.6464226701512,4863.03125,6376.9189453125,0.8,559.9975,
chronos_2,electricity,USA|Mississippi,US,True,False,holdout,last12,3,2025-03-01,6376.84,5337.7890625,563.7373598671688,4660.67724609375,6105.59423828125,0.8,559.9975,
chronos_2,electricity,USA|Mississippi,US,True,False,holdout,last12,4,2025-04-01,5730.56,5341.73095703125,560.5022219256158,4678.38671875,6115.01171875,0.8,559.9975,
chronos_2,electricity,USA|Mississippi,US,True,False,holdout,last12,5,2025-05-01,5400.59,6076.58251953125,596.5644276256537,5328.841796875,6857.89794921875,0.8,559.9975,
chronos_2,electricity,USA|Mississippi,US,True,False,holdout,last12,6,2025-06-01,6909.71,6944.77294921875,601.181100153954,6201.33056640625,7742.2197265625,0.8,559.9975,
chronos_2,electricity,USA|Mississippi,US,True,False,holdout,last12,7,2025-07-01,8285.4,7503.84375,589.362426101663,6764.12109375,8274.7177734375,0.8,559.9975,
chronos_2,electricity,USA|Mississippi,US,True,False,holdout,last12,8,2025-08-01,8055.46,7503.9365234375,610.6977245721781,6727.349609375,8292.630859375,0.8,559.9975,
chronos_2,electricity,USA|Mississippi,US,True,False,holdout,last12,9,2025-09-01,6628.23,6246.21630859375,660.2765659587706,5420.5478515625,7112.90478515625,0.8,559.9975,
chronos_2,electricity,USA|Mississippi,US,True,False,holdout,last12,10,2025-10-01,6088.42,5555.234375,616.5951551019541,4807.73193359375,6388.12890625,0.8,559.9975,
chronos_2,electricity,USA|Mississippi,US,True,False,holdout,last12,11,2025-11-01,5277.09,5353.97705078125,592.5417463882357,4649.14990234375,6167.8955078125,0.8,559.9975,
chronos_2,electricity,USA|Mississippi,US,True,False,holdout,last12,12,2025-12-01,6092.9,6015.63818359375,661.953000647598,5183.95654296875,6880.6103515625,0.8,559.9975,
chronos_2,electricity,USA|Mississippi,US,True,False,rolling,2022-12-01,1,2023-01-01,6058.07,6110.4306640625,569.5343948195572,5387.1640625,6846.939453125,0.8,549.238611111111,
chronos_2,electricity,USA|Mississippi,US,True,False,rolling,2022-12-01,2,2023-02-01,5160.62,5333.2138671875,561.7686921314481,4669.46484375,6109.3359375,0.8,549.238611111111,
chronos_2,electricity,USA|Mississippi,US,True,False,rolling,2022-12-01,3,2023-03-01,6058.02,5037.62255859375,519.9997503474883,4444.27197265625,5777.0849609375,0.8,549.238611111111,
chronos_2,electricity,USA|Mississippi,US,True,False,rolling,2022-12-01,4,2023-04-01,5570.77,5003.97412109375,502.57016369405716,4444.70849609375,5732.84765625,0.8,549.238611111111,
chronos_2,electricity,USA|Mississippi,US,True,False,rolling,2022-12-01,5,2023-05-01,5651.9,5744.26025390625,538.7247638059225,5073.3447265625,6454.15185546875,0.8,549.238611111111,
chronos_2,electricity,USA|Mississippi,US,True,False,rolling,2022-12-01,6,2023-06-01,6708.23,6596.92529296875,488.52507007263813,5960.92431640625,7213.064453125,0.8,549.238611111111,
chronos_2,electricity,USA|Mississippi,US,True,False,rolling,2022-12-01,7,2023-07-01,7728.03,6957.2490234375,466.98345583303205,6369.63671875,7566.5634765625,0.8,549.238611111111,
chronos_2,electricity,USA|Mississippi,US,True,False,rolling,2022-12-01,8,2023-08-01,7990.29,6935.41064453125,479.0147322844972,6320.08740234375,7547.8515625,0.8,549.238611111111,
chronos_2,electricity,USA|Mississippi,US,True,False,rolling,2022-12-01,9,2023-09-01,6410.82,5881.677734375,595.1737488496947,5138.16650390625,6663.658203125,0.8,549.238611111111,
chronos_2,electricity,USA|Mississippi,US,True,False,rolling,2022-12-01,10,2023-10-01,6155.11,5303.91162109375,557.7810636193419,4628.04052734375,6057.69091796875,0.8,549.238611111111,
chronos_2,electricity,USA|Mississippi,US,True,False,rolling,2022-12-01,11,2023-11-01,4351.12,5172.990234375,548.2217663181295,4527.46826171875,5932.6171875,0.8,549.238611111111,
chronos_2,electricity,USA|Mississippi,US,True,False,rolling,2022-12-01,12,2023-12-01,5680.13,5711.86767578125,612.1990861383881,4942.24853515625,6511.3779296875,0.8,549.238611111111,
chronos_2,electricity,USA|Mississippi,US,True,False,rolling,2023-12-01,1,2024-01-01,6790.31,6194.693359375,605.3464688438644,5441.44140625,6993.0068359375,0.8,560.4067424242425,
chronos_2,electricity,USA|Mississippi,US,True,False,rolling,2023-12-01,2,2024-02-01,5465.69,5573.77001953125,574.3469054001432,4880.89697265625,6353.00732421875,0.8,560.4067424242425,
chronos_2,electricity,USA|Mississippi,US,True,False,rolling,2023-12-01,3,2024-03-01,4347.17,5278.533203125,550.1530952812354,4619.09423828125,6029.193359375,0.8,560.4067424242425,
chronos_2,electricity,USA|Mississippi,US,True,False,rolling,2023-12-01,4,2024-04-01,5711.71,5298.87255859375,538.4938730283249,4659.59326171875,6039.80859375,0.8,560.4067424242425,
chronos_2,electricity,USA|Mississippi,US,True,False,rolling,2023-12-01,5,2024-05-01,6745.56,5972.23291015625,554.7554800138923,5292.9775390625,6714.873046875,0.8,560.4067424242425,
chronos_2,electricity,USA|Mississippi,US,True,False,rolling,2023-12-01,6,2024-06-01,6895.39,6822.9150390625,553.8875440545404,6151.1142578125,7570.78515625,0.8,560.4067424242425,
chronos_2,electricity,USA|Mississippi,US,True,False,rolling,2023-12-01,7,2024-07-01,7781.01,7334.0966796875,546.3544466795062,6658.56591796875,8058.9287109375,0.8,560.4067424242425,
chronos_2,electricity,USA|Mississippi,US,True,False,rolling,2023-12-01,8,2024-08-01,7439.48,7277.9169921875,562.6128150980611,6574.54052734375,8016.5751953125,0.8,560.4067424242425,
chronos_2,electricity,USA|Mississippi,US,True,False,rolling,2023-12-01,9,2024-09-01,6702.34,6154.4599609375,605.5503080617104,5408.8955078125,6960.9833984375,0.8,560.4067424242425,
chronos_2,electricity,USA|Mississippi,US,True,False,rolling,2023-12-01,10,2024-10-01,5607.19,5456.55908203125,577.113975156418,4764.97216796875,6244.1748046875,0.8,560.4067424242425,
chronos_2,electricity,USA|Mississippi,US,True,False,rolling,2023-12-01,11,2024-11-01,5159.3,5280.30078125,584.4058945409913,4582.9482421875,6080.8408203125,0.8,560.4067424242425,
chronos_2,electricity,USA|Mississippi,US,True,False,rolling,2023-12-01,12,2024-12-01,5870.73,5774.61328125,638.8774486677148,4972.0791015625,6609.587890625,0.8,560.4067424242425,
chronos_2,electricity,USA|Mississippi,US,True,False,rolling,2024-12-01,1,2025-01-01,6584.96,6325.8603515625,601.5405810923423,5569.361328125,7111.171875,0.8,559.9975,
chronos_2,electricity,USA|Mississippi,US,True,False,rolling,2024-12-01,2,2025-02-01,5416.5,5581.572265625,590.6464226701512,4863.03125,6376.9189453125,0.8,559.9975,
chronos_2,electricity,USA|Mississippi,US,True,False,rolling,2024-12-01,3,2025-03-01,6376.84,5337.7890625,563.7373598671688,4660.67724609375,6105.59423828125,0.8,559.9975,
chronos_2,electricity,USA|Mississippi,US,True,False,rolling,2024-12-01,4,2025-04-01,5730.56,5341.73095703125,560.5022219256158,4678.38671875,6115.01171875,0.8,559.9975,
chronos_2,electricity,USA|Mississippi,US,True,False,rolling,2024-12-01,5,2025-05-01,5400.59,6076.58251953125,596.5644276256537,5328.841796875,6857.89794921875,0.8,559.9975,
chronos_2,electricity,USA|Mississippi,US,True,False,rolling,2024-12-01,6,2025-06-01,6909.71,6944.77294921875,601.181100153954,6201.33056640625,7742.2197265625,0.8,559.9975,
chronos_2,electricity,USA|Mississippi,US,True,False,rolling,2024-12-01,7,2025-07-01,8285.4,7503.84375,589.362426101663,6764.12109375,8274.7177734375,0.8,559.9975,
chronos_2,electricity,USA|Mississippi,US,True,False,rolling,2024-12-01,8,2025-08-01,8055.46,7503.9365234375,610.6977245721781,6727.349609375,8292.630859375,0.8,559.9975,
chronos_2,electricity,USA|Mississippi,US,True,False,rolling,2024-12-01,9,2025-09-01,6628.23,6246.21630859375,660.2765659587706,5420.5478515625,7112.90478515625,0.8,559.9975,
chronos_2,electricity,USA|Mississippi,US,True,False,rolling,2024-12-01,10,2025-10-01,6088.42,5555.234375,616.5951551019541,4807.73193359375,6388.12890625,0.8,559.9975,
chronos_2,electricity,USA|Mississippi,US,True,False,rolling,2024-12-01,11,2025-11-01,5277.09,5353.97705078125,592.5417463882357,4649.14990234375,6167.8955078125,0.8,559.9975,
chronos_2,electricity,USA|Mississippi,US,True,False,rolling,2024-12-01,12,2025-12-01,6092.9,6015.63818359375,661.953000647598,5183.95654296875,6880.6103515625,0.8,559.9975,
chronos_2,electricity,USA|Missouri,US,False,False,holdout,last12,1,2025-01-01,6658.1,6577.1572265625,534.4635716332303,5839.26904296875,7209.154296875,0.8,517.0428260869566,
chronos_2,electricity,USA|Missouri,US,False,False,holdout,last12,2,2025-02-01,6609.74,5720.48291015625,570.0969529600238,4969.68359375,6430.90087890625,0.8,517.0428260869566,
chronos_2,electricity,USA|Missouri,US,False,False,holdout,last12,3,2025-03-01,5844.29,5291.041015625,566.7593238977221,4549.4951171875,6002.15771484375,0.8,517.0428260869566,
chronos_2,electricity,USA|Missouri,US,False,False,holdout,last12,4,2025-04-01,5193.59,4556.1357421875,571.4422917978078,3800.6162109375,5265.28173828125,0.8,517.0428260869566,
chronos_2,electricity,USA|Missouri,US,False,False,holdout,last12,5,2025-05-01,5204.01,5119.57568359375,560.0741595681391,4393.0068359375,5828.53466796875,0.8,517.0428260869566,
chronos_2,electricity,USA|Missouri,US,False,False,holdout,last12,6,2025-06-01,5915.34,6347.861328125,569.8908276948749,5574.07958984375,7034.7685546875,0.8,517.0428260869566,
chronos_2,electricity,USA|Missouri,US,False,False,holdout,last12,7,2025-07-01,7168.47,7250.919921875,530.0433086690415,6550.619140625,7909.1748046875,0.8,517.0428260869566,
chronos_2,electricity,USA|Missouri,US,False,False,holdout,last12,8,2025-08-01,7098.49,7001.2705078125,567.8046190269944,6221.8056640625,7677.1474609375,0.8,517.0428260869566,
chronos_2,electricity,USA|Missouri,US,False,False,holdout,last12,9,2025-09-01,5916.52,5604.060546875,628.5807106073603,4764.2919921875,6375.4091796875,0.8,517.0428260869566,
chronos_2,electricity,USA|Missouri,US,False,False,holdout,last12,10,2025-10-01,5578.63,4974.42578125,652.1372850405718,4118.7763671875,5790.271484375,0.8,517.0428260869566,
chronos_2,electricity,USA|Missouri,US,False,False,holdout,last12,11,2025-11-01,5425.6,5063.451171875,619.2662108715051,4235.05078125,5822.2939453125,0.8,517.0428260869566,
chronos_2,electricity,USA|Missouri,US,False,False,holdout,last12,12,2025-12-01,6636.02,6089.44140625,633.1526147093113,5253.72998046875,6876.5654296875,0.8,517.0428260869566,
chronos_2,electricity,USA|Missouri,US,False,False,rolling,2022-12-01,1,2023-01-01,6507.84,7532.3564453125,429.4869459543372,6984.20361328125,8085.02294921875,0.8,495.9111111111112,
chronos_2,electricity,USA|Missouri,US,False,False,rolling,2022-12-01,2,2023-02-01,4588.37,6839.4697265625,475.82817284813177,6240.86328125,7460.4599609375,0.8,495.9111111111112,
chronos_2,electricity,USA|Missouri,US,False,False,rolling,2022-12-01,3,2023-03-01,4851.6,6261.51220703125,481.74103419720274,5624.2890625,6859.041015625,0.8,495.9111111111112,
chronos_2,electricity,USA|Missouri,US,False,False,rolling,2022-12-01,4,2023-04-01,4993.66,5424.37841796875,478.89338127349913,4801.1240234375,6028.5771484375,0.8,495.9111111111112,
chronos_2,electricity,USA|Missouri,US,False,False,rolling,2022-12-01,5,2023-05-01,4943.08,5919.28857421875,489.75896410440345,5312.28857421875,6567.59130859375,0.8,495.9111111111112,
chronos_2,electricity,USA|Missouri,US,False,False,rolling,2022-12-01,6,2023-06-01,6195.98,7074.34033203125,489.84888196498605,6437.9794921875,7693.5126953125,0.8,495.9111111111112,
chronos_2,electricity,USA|Missouri,US,False,False,rolling,2022-12-01,7,2023-07-01,7020.98,7949.4931640625,478.62667575482203,7324.916015625,8551.685546875,0.8,495.9111111111112,
chronos_2,electricity,USA|Missouri,US,False,False,rolling,2022-12-01,8,2023-08-01,6927.72,7833.9306640625,488.0472861863223,7225.30322265625,8476.21875,0.8,495.9111111111112,
chronos_2,electricity,USA|Missouri,US,False,False,rolling,2022-12-01,9,2023-09-01,5867.56,6462.82275390625,510.55742246661003,5793.421875,7102.033203125,0.8,495.9111111111112,
chronos_2,electricity,USA|Missouri,US,False,False,rolling,2022-12-01,10,2023-10-01,4667.04,5748.177734375,567.8838686668298,4985.9912109375,6441.5361328125,0.8,495.9111111111112,
chronos_2,electricity,USA|Missouri,US,False,False,rolling,2022-12-01,11,2023-11-01,5453.67,5840.41943359375,528.990012374209,5129.65673828125,6485.5126953125,0.8,495.9111111111112,
chronos_2,electricity,USA|Missouri,US,False,False,rolling,2022-12-01,12,2023-12-01,5690.01,6882.81884765625,544.6641052029191,6176.5517578125,7572.58203125,0.8,495.9111111111112,
chronos_2,electricity,USA|Missouri,US,False,False,rolling,2023-12-01,1,2024-01-01,7285.93,6523.83447265625,465.7611825417234,5883.923828125,7077.7177734375,0.8,519.5248484848485,
chronos_2,electricity,USA|Missouri,US,False,False,rolling,2023-12-01,2,2024-02-01,4579.5,5843.45751953125,494.74388075242007,5196.3515625,6464.43115234375,0.8,519.5248484848485,
chronos_2,electricity,USA|Missouri,US,False,False,rolling,2023-12-01,3,2024-03-01,4582.88,5305.7509765625,494.63300745822715,4669.84716796875,5937.642578125,0.8,519.5248484848485,
chronos_2,electricity,USA|Missouri,US,False,False,rolling,2023-12-01,4,2024-04-01,4686.21,4629.3056640625,500.49843332576194,3976.60791015625,5259.43701171875,0.8,519.5248484848485,
chronos_2,electricity,USA|Missouri,US,False,False,rolling,2023-12-01,5,2024-05-01,5847.78,5096.2138671875,502.07542495691115,4459.720703125,5746.591796875,0.8,519.5248484848485,
chronos_2,electricity,USA|Missouri,US,False,False,rolling,2023-12-01,6,2024-06-01,6478.72,6295.9404296875,520.596980205383,5584.51611328125,6918.85986328125,0.8,519.5248484848485,
chronos_2,electricity,USA|Missouri,US,False,False,rolling,2023-12-01,7,2024-07-01,7543.3,7221.033203125,467.04079751954765,6594.3193359375,7791.39306640625,0.8,519.5248484848485,
chronos_2,electricity,USA|Missouri,US,False,False,rolling,2023-12-01,8,2024-08-01,7127.8,7116.9052734375,502.0927608156252,6436.7783203125,7723.69384765625,0.8,519.5248484848485,
chronos_2,electricity,USA|Missouri,US,False,False,rolling,2023-12-01,9,2024-09-01,5442.78,5729.4130859375,558.1233992029581,4997.13037109375,6427.658203125,0.8,519.5248484848485,
chronos_2,electricity,USA|Missouri,US,False,False,rolling,2023-12-01,10,2024-10-01,5157.57,4975.96337890625,579.7412150193292,4240.72314453125,5726.65966796875,0.8,519.5248484848485,
chronos_2,electricity,USA|Missouri,US,False,False,rolling,2023-12-01,11,2024-11-01,4274.6,5134.07177734375,549.6855986077829,4413.3720703125,5822.27294921875,0.8,519.5248484848485,
chronos_2,electricity,USA|Missouri,US,False,False,rolling,2023-12-01,12,2024-12-01,5871.92,6218.2236328125,566.6535942099608,5473.20166015625,6925.59326171875,0.8,519.5248484848485,
chronos_2,electricity,USA|Missouri,US,False,False,rolling,2024-12-01,1,2025-01-01,6658.1,6577.1572265625,534.4635716332303,5839.26904296875,7209.154296875,0.8,517.0428260869566,
chronos_2,electricity,USA|Missouri,US,False,False,rolling,2024-12-01,2,2025-02-01,6609.74,5720.48291015625,570.0969529600238,4969.68359375,6430.90087890625,0.8,517.0428260869566,
chronos_2,electricity,USA|Missouri,US,False,False,rolling,2024-12-01,3,2025-03-01,5844.29,5291.041015625,566.7593238977221,4549.4951171875,6002.15771484375,0.8,517.0428260869566,
chronos_2,electricity,USA|Missouri,US,False,False,rolling,2024-12-01,4,2025-04-01,5193.59,4556.1357421875,571.4422917978078,3800.6162109375,5265.28173828125,0.8,517.0428260869566,
chronos_2,electricity,USA|Missouri,US,False,False,rolling,2024-12-01,5,2025-05-01,5204.01,5119.57568359375,560.0741595681391,4393.0068359375,5828.53466796875,0.8,517.0428260869566,
chronos_2,electricity,USA|Missouri,US,False,False,rolling,2024-12-01,6,2025-06-01,5915.34,6347.861328125,569.8908276948749,5574.07958984375,7034.7685546875,0.8,517.0428260869566,
chronos_2,electricity,USA|Missouri,US,False,False,rolling,2024-12-01,7,2025-07-01,7168.47,7250.919921875,530.0433086690415,6550.619140625,7909.1748046875,0.8,517.0428260869566,
chronos_2,electricity,USA|Missouri,US,False,False,rolling,2024-12-01,8,2025-08-01,7098.49,7001.2705078125,567.8046190269944,6221.8056640625,7677.1474609375,0.8,517.0428260869566,
chronos_2,electricity,USA|Missouri,US,False,False,rolling,2024-12-01,9,2025-09-01,5916.52,5604.060546875,628.5807106073603,4764.2919921875,6375.4091796875,0.8,517.0428260869566,
chronos_2,electricity,USA|Missouri,US,False,False,rolling,2024-12-01,10,2025-10-01,5578.63,4974.42578125,652.1372850405718,4118.7763671875,5790.271484375,0.8,517.0428260869566,
chronos_2,electricity,USA|Missouri,US,False,False,rolling,2024-12-01,11,2025-11-01,5425.6,5063.451171875,619.2662108715051,4235.05078125,5822.2939453125,0.8,517.0428260869566,
chronos_2,electricity,USA|Missouri,US,False,False,rolling,2024-12-01,12,2025-12-01,6636.02,6089.44140625,633.1526147093113,5253.72998046875,6876.5654296875,0.8,517.0428260869566,
chronos_2,electricity,USA|Montana,US,False,False,holdout,last12,1,2025-01-01,2804.17,2509.879638671875,208.22071325806576,2238.151123046875,2771.84228515625,0.8,243.6841304347826,
chronos_2,electricity,USA|Montana,US,False,False,holdout,last12,2,2025-02-01,2293.24,2217.76025390625,238.30452425301496,1915.54150390625,2526.340576171875,0.8,243.6841304347826,
chronos_2,electricity,USA|Montana,US,False,False,holdout,last12,3,2025-03-01,2278.21,2183.857177734375,248.07428078405485,1864.4481201171875,2500.2880859375,0.8,243.6841304347826,
chronos_2,electricity,USA|Montana,US,False,False,holdout,last12,4,2025-04-01,2001.33,1977.0833740234375,257.3010534546595,1641.2095947265625,2300.69873046875,0.8,243.6841304347826,
chronos_2,electricity,USA|Montana,US,False,False,holdout,last12,5,2025-05-01,1932.12,1948.9449462890625,248.29055038411067,1629.52490234375,2265.919189453125,0.8,243.6841304347826,
chronos_2,electricity,USA|Montana,US,False,False,holdout,last12,6,2025-06-01,2003.92,2010.3443603515625,254.7505866803389,1684.6800537109375,2337.632080078125,0.8,243.6841304347826,
chronos_2,electricity,USA|Montana,US,False,False,holdout,last12,7,2025-07-01,2450.98,2258.72900390625,254.81045254408482,1941.5810546875,2594.6865234375,0.8,243.6841304347826,
chronos_2,electricity,USA|Montana,US,False,False,holdout,last12,8,2025-08-01,2484.3,2236.692138671875,248.22287385874637,1917.5296630859375,2553.75048828125,0.8,243.6841304347826,
chronos_2,electricity,USA|Montana,US,False,False,holdout,last12,9,2025-09-01,1932.99,2035.0267333984375,250.1810162516764,1707.1474609375,2348.38720703125,0.8,243.6841304347826,
chronos_2,electricity,USA|Montana,US,False,False,holdout,last12,10,2025-10-01,2434.81,2021.724853515625,242.76279275361526,1705.773681640625,2327.999755859375,0.8,243.6841304347826,
chronos_2,electricity,USA|Montana,US,False,False,holdout,last12,11,2025-11-01,2588.37,2227.3876953125,243.66659108003222,1922.7669677734375,2547.3095703125,0.8,243.6841304347826,
chronos_2,electricity,USA|Montana,US,False,False,holdout,last12,12,2025-12-01,2611.07,2339.31005859375,248.03708488939648,2019.9296875,2655.67431640625,0.8,243.6841304347826,
chronos_2,electricity,USA|Montana,US,False,False,rolling,2022-12-01,1,2023-01-01,2283.15,2211.482177734375,213.1712439445672,1935.246337890625,2481.626220703125,0.8,250.2520238095238,
chronos_2,electricity,USA|Montana,US,False,False,rolling,2022-12-01,2,2023-02-01,2363.04,2043.92333984375,241.17389462609654,1733.080322265625,2351.23388671875,0.8,250.2520238095238,
chronos_2,electricity,USA|Montana,US,False,False,rolling,2022-12-01,3,2023-03-01,2216.5,2117.437744140625,251.22974045190307,1792.008056640625,2435.935791015625,0.8,250.2520238095238,
chronos_2,electricity,USA|Montana,US,False,False,rolling,2022-12-01,4,2023-04-01,1914.15,1962.6302490234375,264.5572057241388,1621.365234375,2299.45263671875,0.8,250.2520238095238,
chronos_2,electricity,USA|Montana,US,False,False,rolling,2022-12-01,5,2023-05-01,1948.57,1988.614990234375,261.7587028174486,1659.17333984375,2330.087890625,0.8,250.2520238095238,
chronos_2,electricity,USA|Montana,US,False,False,rolling,2022-12-01,6,2023-06-01,1756.22,2023.0548095703125,270.4464922103981,1678.3712158203125,2371.553466796875,0.8,250.2520238095238,
chronos_2,electricity,USA|Montana,US,False,False,rolling,2022-12-01,7,2023-07-01,2189.52,2260.20068359375,268.46991856108804,1916.7547607421875,2604.870849609375,0.8,250.2520238095238,
chronos_2,electricity,USA|Montana,US,False,False,rolling,2022-12-01,8,2023-08-01,2166.52,2186.16845703125,265.9697448274323,1839.7974853515625,2521.50537109375,0.8,250.2520238095238,
chronos_2,electricity,USA|Montana,US,False,False,rolling,2022-12-01,9,2023-09-01,1856.36,2000.3631591796875,263.50405230726267,1659.2308349609375,2334.618896484375,0.8,250.2520238095238,
chronos_2,electricity,USA|Montana,US,False,False,rolling,2022-12-01,10,2023-10-01,1852.93,1976.1907958984375,260.0675516991085,1636.2056884765625,2302.78564453125,0.8,250.2520238095238,
chronos_2,electricity,USA|Montana,US,False,False,rolling,2022-12-01,11,2023-11-01,2354.09,2144.9814453125,258.9951097581137,1812.2022705078125,2476.033447265625,0.8,250.2520238095238,
chronos_2,electricity,USA|Montana,US,False,False,rolling,2022-12-01,12,2023-12-01,2473.65,2206.238525390625,257.5026066252026,1869.1087646484375,2529.114501953125,0.8,250.2520238095238,
chronos_2,electricity,USA|Montana,US,False,False,rolling,2023-12-01,1,2024-01-01,2387.18,2325.098876953125,200.33575510231972,2062.058349609375,2575.53955078125,0.8,246.69655303030302,
chronos_2,electricity,USA|Montana,US,False,False,rolling,2023-12-01,2,2024-02-01,2152.87,2104.460205078125,236.47987749737987,1794.061279296875,2400.18359375,0.8,246.69655303030302,
chronos_2,electricity,USA|Montana,US,False,False,rolling,2023-12-01,3,2024-03-01,2010.65,2140.273681640625,246.80695331048392,1817.5316162109375,2450.123291015625,0.8,246.69655303030302,
chronos_2,electricity,USA|Montana,US,False,False,rolling,2023-12-01,4,2024-04-01,2000.78,1941.33544921875,252.59651098315217,1619.637451171875,2267.068359375,0.8,246.69655303030302,
chronos_2,electricity,USA|Montana,US,False,False,rolling,2023-12-01,5,2024-05-01,1500.65,1964.833984375,243.0488820483819,1658.0401611328125,2280.99951171875,0.8,246.69655303030302,
chronos_2,electricity,USA|Montana,US,False,False,rolling,2023-12-01,6,2024-06-01,1804.59,2003.3809814453125,248.82472343723248,1685.300048828125,2323.0634765625,0.8,246.69655303030302,
chronos_2,electricity,USA|Montana,US,False,False,rolling,2023-12-01,7,2024-07-01,2137.34,2271.2412109375,246.3535063027474,1953.390869140625,2584.8203125,0.8,246.69655303030302,
chronos_2,electricity,USA|Montana,US,False,False,rolling,2023-12-01,8,2024-08-01,2284.52,2177.443603515625,245.3835554825014,1854.43505859375,2483.37841796875,0.8,246.69655303030302,
chronos_2,electricity,USA|Montana,US,False,False,rolling,2023-12-01,9,2024-09-01,2133.29,1974.0238037109375,248.7658577191816,1650.396240234375,2288.0087890625,0.8,246.69655303030302,
chronos_2,electricity,USA|Montana,US,False,False,rolling,2023-12-01,10,2024-10-01,2090.16,1962.2734375,247.59921157891128,1634.7392578125,2269.361572265625,0.8,246.69655303030302,
chronos_2,electricity,USA|Montana,US,False,False,rolling,2023-12-01,11,2024-11-01,2376.03,2160.638671875,242.53037794448238,1845.13525390625,2466.765625,0.8,246.69655303030302,
chronos_2,electricity,USA|Montana,US,False,False,rolling,2023-12-01,12,2024-12-01,2793.33,2235.156982421875,239.02291461796585,1917.804931640625,2530.4453125,0.8,246.69655303030302,
chronos_2,electricity,USA|Montana,US,False,False,rolling,2024-12-01,1,2025-01-01,2804.17,2509.879638671875,208.22071325806576,2238.151123046875,2771.84228515625,0.8,243.6841304347826,
chronos_2,electricity,USA|Montana,US,False,False,rolling,2024-12-01,2,2025-02-01,2293.24,2217.76025390625,238.30452425301496,1915.54150390625,2526.340576171875,0.8,243.6841304347826,
chronos_2,electricity,USA|Montana,US,False,False,rolling,2024-12-01,3,2025-03-01,2278.21,2183.857177734375,248.07428078405485,1864.4481201171875,2500.2880859375,0.8,243.6841304347826,
chronos_2,electricity,USA|Montana,US,False,False,rolling,2024-12-01,4,2025-04-01,2001.33,1977.0833740234375,257.3010534546595,1641.2095947265625,2300.69873046875,0.8,243.6841304347826,
chronos_2,electricity,USA|Montana,US,False,False,rolling,2024-12-01,5,2025-05-01,1932.12,1948.9449462890625,248.29055038411067,1629.52490234375,2265.919189453125,0.8,243.6841304347826,
chronos_2,electricity,USA|Montana,US,False,False,rolling,2024-12-01,6,2025-06-01,2003.92,2010.3443603515625,254.7505866803389,1684.6800537109375,2337.632080078125,0.8,243.6841304347826,
chronos_2,electricity,USA|Montana,US,False,False,rolling,2024-12-01,7,2025-07-01,2450.98,2258.72900390625,254.81045254408482,1941.5810546875,2594.6865234375,0.8,243.6841304347826,
chronos_2,electricity,USA|Montana,US,False,False,rolling,2024-12-01,8,2025-08-01,2484.3,2236.692138671875,248.22287385874637,1917.5296630859375,2553.75048828125,0.8,243.6841304347826,
chronos_2,electricity,USA|Montana,US,False,False,rolling,2024-12-01,9,2025-09-01,1932.99,2035.0267333984375,250.1810162516764,1707.1474609375,2348.38720703125,0.8,243.6841304347826,
chronos_2,electricity,USA|Montana,US,False,False,rolling,2024-12-01,10,2025-10-01,2434.81,2021.724853515625,242.76279275361526,1705.773681640625,2327.999755859375,0.8,243.6841304347826,
chronos_2,electricity,USA|Montana,US,False,False,rolling,2024-12-01,11,2025-11-01,2588.37,2227.3876953125,243.66659108003222,1922.7669677734375,2547.3095703125,0.8,243.6841304347826,
chronos_2,electricity,USA|Montana,US,False,False,rolling,2024-12-01,12,2025-12-01,2611.07,2339.31005859375,248.03708488939648,2019.9296875,2655.67431640625,0.8,243.6841304347826,
chronos_2,electricity,USA|Nebraska,US,True,False,holdout,last12,1,2025-01-01,3869.61,3452.30029296875,179.96326355422886,3221.220947265625,3682.4853515625,0.8,220.76934782608694,
chronos_2,electricity,USA|Nebraska,US,True,False,holdout,last12,2,2025-02-01,3335.8,3121.320068359375,214.1268117171988,2845.7041015625,3394.533203125,0.8,220.76934782608694,
chronos_2,electricity,USA|Nebraska,US,True,False,holdout,last12,3,2025-03-01,2981.07,3017.125,218.18397416810296,2736.30078125,3295.52880859375,0.8,220.76934782608694,
chronos_2,electricity,USA|Nebraska,US,True,False,holdout,last12,4,2025-04-01,2518.96,2729.57080078125,207.05463862962117,2460.662841796875,2991.365234375,0.8,220.76934782608694,
chronos_2,electricity,USA|Nebraska,US,True,False,holdout,last12,5,2025-05-01,2885.69,2831.6953125,221.71334544793936,2536.06103515625,3104.335205078125,0.8,220.76934782608694,
chronos_2,electricity,USA|Nebraska,US,True,False,holdout,last12,6,2025-06-01,3139.86,3255.454833984375,227.03316802583763,2954.482666015625,3536.39208984375,0.8,220.76934782608694,
chronos_2,electricity,USA|Nebraska,US,True,False,holdout,last12,7,2025-07-01,3698.95,3653.56396484375,217.75334000741043,3370.575927734375,3928.7001953125,0.8,220.76934782608694,
chronos_2,electricity,USA|Nebraska,US,True,False,holdout,last12,8,2025-08-01,3823.45,3589.99609375,224.16875075524575,3298.165283203125,3872.73291015625,0.8,220.76934782608694,
chronos_2,electricity,USA|Nebraska,US,True,False,holdout,last12,9,2025-09-01,3504.77,3237.546142578125,239.8291273001383,2924.10791015625,3538.814697265625,0.8,220.76934782608694,
chronos_2,electricity,USA|Nebraska,US,True,False,holdout,last12,10,2025-10-01,3417.77,3062.328125,240.90204550098784,2750.0263671875,3367.483154296875,0.8,220.76934782608694,
chronos_2,electricity,USA|Nebraska,US,True,False,holdout,last12,11,2025-11-01,3382.93,3112.774169921875,236.29385039810262,2801.48291015625,3407.12841796875,0.8,220.76934782608694,
chronos_2,electricity,USA|Nebraska,US,True,False,holdout,last12,12,2025-12-01,3596.21,3464.258056640625,242.33520665599332,3146.405517578125,3767.53564453125,0.8,220.76934782608694,
chronos_2,electricity,USA|Nebraska,US,True,False,rolling,2022-12-01,1,2023-01-01,3727.85,3624.875244140625,181.76457357697967,3395.66943359375,3861.55078125,0.8,219.03035714285716,
chronos_2,electricity,USA|Nebraska,US,True,False,rolling,2022-12-01,2,2023-02-01,3179.2,3273.62939453125,209.65149311379736,3006.162353515625,3543.520751953125,0.8,219.03035714285716,
chronos_2,electricity,USA|Nebraska,US,True,False,rolling,2022-12-01,3,2023-03-01,3280.19,3165.387451171875,227.56029243310869,2878.795654296875,3462.05615234375,0.8,219.03035714285716,
chronos_2,electricity,USA|Nebraska,US,True,False,rolling,2022-12-01,4,2023-04-01,2982.91,2850.14599609375,206.14993540948012,2588.97412109375,3117.357666015625,0.8,219.03035714285716,
chronos_2,electricity,USA|Nebraska,US,True,False,rolling,2022-12-01,5,2023-05-01,3209.13,2984.529052734375,216.54764055904812,2714.336669921875,3269.37060546875,0.8,219.03035714285716,
chronos_2,electricity,USA|Nebraska,US,True,False,rolling,2022-12-01,6,2023-06-01,3213.94,3494.715576171875,228.377554343912,3211.470703125,3796.825927734375,0.8,219.03035714285716,
chronos_2,electricity,USA|Nebraska,US,True,False,rolling,2022-12-01,7,2023-07-01,3441.34,3900.9140625,240.5057020498395,3589.4814453125,4205.92236328125,0.8,219.03035714285716,
chronos_2,electricity,USA|Nebraska,US,True,False,rolling,2022-12-01,8,2023-08-01,3790.59,3783.20654296875,233.52573287014738,3483.3369140625,4081.887451171875,0.8,219.03035714285716,
chronos_2,electricity,USA|Nebraska,US,True,False,rolling,2022-12-01,9,2023-09-01,3401.22,3329.263671875,240.47026831664382,3017.768310546875,3634.118408203125,0.8,219.03035714285716,
chronos_2,electricity,USA|Nebraska,US,True,False,rolling,2022-12-01,10,2023-10-01,3208.82,3193.93603515625,241.0594017570073,2884.605712890625,3502.4658203125,0.8,219.03035714285716,
chronos_2,electricity,USA|Nebraska,US,True,False,rolling,2022-12-01,11,2023-11-01,3304.9,3265.328125,236.40329491273118,2959.4921875,3565.418212890625,0.8,219.03035714285716,
chronos_2,electricity,USA|Nebraska,US,True,False,rolling,2022-12-01,12,2023-12-01,3510.48,3667.73291015625,245.56672502265,3348.543212890625,3977.9560546875,0.8,219.03035714285716,
chronos_2,electricity,USA|Nebraska,US,True,False,rolling,2023-12-01,1,2024-01-01,3477.17,3600.371826171875,165.05528232791852,3392.3056640625,3815.359375,0.8,221.24492424242422,
chronos_2,electricity,USA|Nebraska,US,True,False,rolling,2023-12-01,2,2024-02-01,3205.25,3300.39990234375,192.93305767552442,3045.612548828125,3540.119873046875,0.8,221.24492424242422,
chronos_2,electricity,USA|Nebraska,US,True,False,rolling,2023-12-01,3,2024-03-01,3191.96,3177.597412109375,203.40124928359992,2915.08544921875,3436.423828125,0.8,221.24492424242422,
chronos_2,electricity,USA|Nebraska,US,True,False,rolling,2023-12-01,4,2024-04-01,2931.54,2841.173583984375,204.49998076857855,2573.62158203125,3097.776123046875,0.8,221.24492424242422,
chronos_2,electricity,USA|Nebraska,US,True,False,rolling,2023-12-01,5,2024-05-01,2652.73,2967.592529296875,215.84982461982372,2689.967041015625,3243.21240234375,0.8,221.24492424242422,
chronos_2,electricity,USA|Nebraska,US,True,False,rolling,2023-12-01,6,2024-06-01,2919.09,3399.51220703125,231.5741152372278,3098.2939453125,3691.84228515625,0.8,221.24492424242422,
chronos_2,electricity,USA|Nebraska,US,True,False,rolling,2023-12-01,7,2024-07-01,3341.81,3772.082763671875,229.45085355264536,3473.517578125,4061.623779296875,0.8,221.24492424242422,
chronos_2,electricity,USA|Nebraska,US,True,False,rolling,2023-12-01,8,2024-08-01,3563.21,3685.771728515625,236.0204772414586,3376.091796875,3981.03662109375,0.8,221.24492424242422,
chronos_2,electricity,USA|Nebraska,US,True,False,rolling,2023-12-01,9,2024-09-01,3350.61,3220.54248046875,239.1046408090462,2908.236083984375,3521.0859375,0.8,221.24492424242422,
chronos_2,electricity,USA|Nebraska,US,True,False,rolling,2023-12-01,10,2024-10-01,2708.38,3031.962158203125,240.83098753065457,2722.69482421875,3339.969482421875,0.8,221.24492424242422,
chronos_2,electricity,USA|Nebraska,US,True,False,rolling,2023-12-01,11,2024-11-01,2943.96,3109.97314453125,239.20122630759568,2800.01904296875,3413.116455078125,0.8,221.24492424242422,
chronos_2,electricity,USA|Nebraska,US,True,False,rolling,2023-12-01,12,2024-12-01,3527.68,3534.330078125,260.12808432665105,3189.634033203125,3856.369140625,0.8,221.24492424242422,
chronos_2,electricity,USA|Nebraska,US,True,False,rolling,2024-12-01,1,2025-01-01,3869.61,3452.30029296875,179.96326355422886,3221.220947265625,3682.4853515625,0.8,220.76934782608694,
chronos_2,electricity,USA|Nebraska,US,True,False,rolling,2024-12-01,2,2025-02-01,3335.8,3121.320068359375,214.1268117171988,2845.7041015625,3394.533203125,0.8,220.76934782608694,
chronos_2,electricity,USA|Nebraska,US,True,False,rolling,2024-12-01,3,2025-03-01,2981.07,3017.125,218.18397416810296,2736.30078125,3295.52880859375,0.8,220.76934782608694,
chronos_2,electricity,USA|Nebraska,US,True,False,rolling,2024-12-01,4,2025-04-01,2518.96,2729.57080078125,207.05463862962117,2460.662841796875,2991.365234375,0.8,220.76934782608694,
chronos_2,electricity,USA|Nebraska,US,True,False,rolling,2024-12-01,5,2025-05-01,2885.69,2831.6953125,221.71334544793936,2536.06103515625,3104.335205078125,0.8,220.76934782608694,
chronos_2,electricity,USA|Nebraska,US,True,False,rolling,2024-12-01,6,2025-06-01,3139.86,3255.454833984375,227.03316802583763,2954.482666015625,3536.39208984375,0.8,220.76934782608694,
chronos_2,electricity,USA|Nebraska,US,True,False,rolling,2024-12-01,7,2025-07-01,3698.95,3653.56396484375,217.75334000741043,3370.575927734375,3928.7001953125,0.8,220.76934782608694,
chronos_2,electricity,USA|Nebraska,US,True,False,rolling,2024-12-01,8,2025-08-01,3823.45,3589.99609375,224.16875075524575,3298.165283203125,3872.73291015625,0.8,220.76934782608694,
chronos_2,electricity,USA|Nebraska,US,True,False,rolling,2024-12-01,9,2025-09-01,3504.77,3237.546142578125,239.8291273001383,2924.10791015625,3538.814697265625,0.8,220.76934782608694,
chronos_2,electricity,USA|Nebraska,US,True,False,rolling,2024-12-01,10,2025-10-01,3417.77,3062.328125,240.90204550098784,2750.0263671875,3367.483154296875,0.8,220.76934782608694,
chronos_2,electricity,USA|Nebraska,US,True,False,rolling,2024-12-01,11,2025-11-01,3382.93,3112.774169921875,236.29385039810262,2801.48291015625,3407.12841796875,0.8,220.76934782608694,
chronos_2,electricity,USA|Nebraska,US,True,False,rolling,2024-12-01,12,2025-12-01,3596.21,3464.258056640625,242.33520665599332,3146.405517578125,3767.53564453125,0.8,220.76934782608694,
chronos_2,electricity,USA|Nevada,US,True,False,holdout,last12,1,2025-01-01,3472.19,3458.87109375,210.81899652180627,3213.1435546875,3753.494384765625,0.8,274.2497101449275,
chronos_2,electricity,USA|Nevada,US,True,False,holdout,last12,2,2025-02-01,3147.71,3254.168701171875,217.9157446178906,2994.336669921875,3552.877197265625,0.8,274.2497101449275,
chronos_2,electricity,USA|Nevada,US,True,False,holdout,last12,3,2025-03-01,3578.69,3366.89599609375,241.57023807724488,3072.79052734375,3691.9599609375,0.8,274.2497101449275,
chronos_2,electricity,USA|Nevada,US,True,False,holdout,last12,4,2025-04-01,3646.11,3358.29931640625,258.7827454888671,3051.279541015625,3714.56640625,0.8,274.2497101449275,
chronos_2,electricity,USA|Nevada,US,True,False,holdout,last12,5,2025-05-01,4229.66,3650.671630859375,299.1328139134649,3271.8046875,4038.512939453125,0.8,274.2497101449275,
chronos_2,electricity,USA|Nevada,US,True,False,holdout,last12,6,2025-06-01,4677.88,4255.7998046875,325.3404412023265,3844.305419921875,4678.1865234375,0.8,274.2497101449275,
chronos_2,electricity,USA|Nevada,US,True,False,holdout,last12,7,2025-07-01,4935.44,4924.23779296875,353.3703339475493,4461.70703125,5367.431640625,0.8,274.2497101449275,
chronos_2,electricity,USA|Nevada,US,True,False,holdout,last12,8,2025-08-01,4932.66,4866.712890625,353.9628012068962,4388.513671875,5295.7568359375,0.8,274.2497101449275,
chronos_2,electricity,USA|Nevada,US,True,False,holdout,last12,9,2025-09-01,4257.33,4277.5517578125,356.1623597202145,3778.68603515625,4691.56689453125,0.8,274.2497101449275,
chronos_2,electricity,USA|Nevada,US,True,False,holdout,last12,10,2025-10-01,3766.53,3843.037109375,335.1066257844555,3412.809326171875,4271.72216796875,0.8,274.2497101449275,
chronos_2,electricity,USA|Nevada,US,True,False,holdout,last12,11,2025-11-01,3225.92,3402.732666015625,296.7463710331307,3033.388427734375,3793.97998046875,0.8,274.2497101449275,
chronos_2,electricity,USA|Nevada,US,True,False,holdout,last12,12,2025-12-01,3365.61,3504.14892578125,317.6844687847589,3100.65234375,3914.910400390625,0.8,274.2497101449275,
chronos_2,electricity,USA|Nevada,US,True,False,rolling,2022-12-01,1,2023-01-01,3359.69,3377.462158203125,153.6105675136011,3193.41162109375,3587.13134765625,0.8,272.2120634920635,
chronos_2,electricity,USA|Nevada,US,True,False,rolling,2022-12-01,2,2023-02-01,3070.95,3191.79248046875,165.47524826786398,2985.434326171875,3409.564453125,0.8,272.2120634920635,
chronos_2,electricity,USA|Nevada,US,True,False,rolling,2022-12-01,3,2023-03-01,3559.79,3292.738037109375,188.29981130427777,3050.23095703125,3532.86279296875,0.8,272.2120634920635,
chronos_2,electricity,USA|Nevada,US,True,False,rolling,2022-12-01,4,2023-04-01,3355.62,3261.823974609375,200.4338646324045,3006.824951171875,3520.5576171875,0.8,272.2120634920635,
chronos_2,electricity,USA|Nevada,US,True,False,rolling,2022-12-01,5,2023-05-01,3633.08,3516.013427734375,226.34849685860516,3221.4287109375,3801.583251953125,0.8,272.2120634920635,
chronos_2,electricity,USA|Nevada,US,True,False,rolling,2022-12-01,6,2023-06-01,3458.9,4132.818359375,250.66842058705876,3809.692138671875,4452.18115234375,0.8,272.2120634920635,
chronos_2,electricity,USA|Nevada,US,True,False,rolling,2022-12-01,7,2023-07-01,5028.35,4678.357421875,282.0342278591061,4302.33935546875,5025.22216796875,0.8,272.2120634920635,
chronos_2,electricity,USA|Nevada,US,True,False,rolling,2022-12-01,8,2023-08-01,4359.25,4717.5615234375,299.160722740955,4311.5244140625,5078.30419921875,0.8,272.2120634920635,
chronos_2,electricity,USA|Nevada,US,True,False,rolling,2022-12-01,9,2023-09-01,3727.79,4135.9365234375,295.5264790410959,3716.4658203125,4473.9306640625,0.8,272.2120634920635,
chronos_2,electricity,USA|Nevada,US,True,False,rolling,2022-12-01,10,2023-10-01,3920.84,3619.06640625,278.74498679805004,3261.37109375,3975.8232421875,0.8,272.2120634920635,
chronos_2,electricity,USA|Nevada,US,True,False,rolling,2022-12-01,11,2023-11-01,3141.78,3300.5615234375,262.09932386558756,2968.794921875,3640.58251953125,0.8,272.2120634920635,
chronos_2,electricity,USA|Nevada,US,True,False,rolling,2022-12-01,12,2023-12-01,3430.03,3389.285400390625,284.9840861476456,3024.951416015625,3755.39501953125,0.8,272.2120634920635,
chronos_2,electricity,USA|Nevada,US,True,False,rolling,2023-12-01,1,2024-01-01,3768.51,3324.986083984375,212.57525236229486,3073.939208984375,3618.79150390625,0.8,271.0045833333333,
chronos_2,electricity,USA|Nevada,US,True,False,rolling,2023-12-01,2,2024-02-01,3257.03,3143.5654296875,225.96863199843222,2869.431884765625,3448.61279296875,0.8,271.0045833333333,
chronos_2,electricity,USA|Nevada,US,True,False,rolling,2023-12-01,3,2024-03-01,3341.09,3246.87158203125,240.0430632269057,2949.013427734375,3564.2685546875,0.8,271.0045833333333,
chronos_2,electricity,USA|Nevada,US,True,False,rolling,2023-12-01,4,2024-04-01,3399.31,3242.667236328125,250.14691604607413,2936.760498046875,3577.912841796875,0.8,271.0045833333333,
chronos_2,electricity,USA|Nevada,US,True,False,rolling,2023-12-01,5,2024-05-01,4012.49,3482.266845703125,272.5073162280188,3133.743408203125,3832.207763671875,0.8,271.0045833333333,
chronos_2,electricity,USA|Nevada,US,True,False,rolling,2023-12-01,6,2024-06-01,4647.09,3987.416015625,298.73856600567757,3609.6806640625,4375.37841796875,0.8,271.0045833333333,
chronos_2,electricity,USA|Nevada,US,True,False,rolling,2023-12-01,7,2024-07-01,5415.91,4673.18994140625,339.59004080538824,4228.3857421875,5098.7900390625,0.8,271.0045833333333,
chronos_2,electricity,USA|Nevada,US,True,False,rolling,2023-12-01,8,2024-08-01,4898.16,4637.58984375,344.62887006896597,4175.1904296875,5058.509765625,0.8,271.0045833333333,
chronos_2,electricity,USA|Nevada,US,True,False,rolling,2023-12-01,9,2024-09-01,4295.36,4077.80615234375,344.4351275600413,3596.544921875,4479.36767578125,0.8,271.0045833333333,
chronos_2,electricity,USA|Nevada,US,True,False,rolling,2023-12-01,10,2024-10-01,4032.51,3614.556640625,325.829750577128,3189.3134765625,4024.44873046875,0.8,271.0045833333333,
chronos_2,electricity,USA|Nevada,US,True,False,rolling,2023-12-01,11,2024-11-01,3150.01,3289.3330078125,304.8002109333819,2905.0771484375,3686.3115234375,0.8,271.0045833333333,
chronos_2,electricity,USA|Nevada,US,True,False,rolling,2023-12-01,12,2024-12-01,3321.15,3386.64111328125,322.7239648121333,2970.501953125,3797.6767578125,0.8,271.0045833333333,
chronos_2,electricity,USA|Nevada,US,True,False,rolling,2024-12-01,1,2025-01-01,3472.19,3458.87109375,210.81899652180627,3213.1435546875,3753.494384765625,0.8,274.2497101449275,
chronos_2,electricity,USA|Nevada,US,True,False,rolling,2024-12-01,2,2025-02-01,3147.71,3254.168701171875,217.9157446178906,2994.336669921875,3552.877197265625,0.8,274.2497101449275,
chronos_2,electricity,USA|Nevada,US,True,False,rolling,2024-12-01,3,2025-03-01,3578.69,3366.89599609375,241.57023807724488,3072.79052734375,3691.9599609375,0.8,274.2497101449275,
chronos_2,electricity,USA|Nevada,US,True,False,rolling,2024-12-01,4,2025-04-01,3646.11,3358.29931640625,258.7827454888671,3051.279541015625,3714.56640625,0.8,274.2497101449275,
chronos_2,electricity,USA|Nevada,US,True,False,rolling,2024-12-01,5,2025-05-01,4229.66,3650.671630859375,299.1328139134649,3271.8046875,4038.512939453125,0.8,274.2497101449275,
chronos_2,electricity,USA|Nevada,US,True,False,rolling,2024-12-01,6,2025-06-01,4677.88,4255.7998046875,325.3404412023265,3844.305419921875,4678.1865234375,0.8,274.2497101449275,
chronos_2,electricity,USA|Nevada,US,True,False,rolling,2024-12-01,7,2025-07-01,4935.44,4924.23779296875,353.3703339475493,4461.70703125,5367.431640625,0.8,274.2497101449275,
chronos_2,electricity,USA|Nevada,US,True,False,rolling,2024-12-01,8,2025-08-01,4932.66,4866.712890625,353.9628012068962,4388.513671875,5295.7568359375,0.8,274.2497101449275,
chronos_2,electricity,USA|Nevada,US,True,False,rolling,2024-12-01,9,2025-09-01,4257.33,4277.5517578125,356.1623597202145,3778.68603515625,4691.56689453125,0.8,274.2497101449275,
chronos_2,electricity,USA|Nevada,US,True,False,rolling,2024-12-01,10,2025-10-01,3766.53,3843.037109375,335.1066257844555,3412.809326171875,4271.72216796875,0.8,274.2497101449275,
chronos_2,electricity,USA|Nevada,US,True,False,rolling,2024-12-01,11,2025-11-01,3225.92,3402.732666015625,296.7463710331307,3033.388427734375,3793.97998046875,0.8,274.2497101449275,
chronos_2,electricity,USA|Nevada,US,True,False,rolling,2024-12-01,12,2025-12-01,3365.61,3504.14892578125,317.6844687847589,3100.65234375,3914.910400390625,0.8,274.2497101449275,
chronos_2,electricity,USA|New Hampshire,US,False,False,holdout,last12,1,2025-01-01,1715.9,1584.1181640625,165.78986552793197,1364.0849609375,1789.021484375,0.8,257.4848188405797,
chronos_2,electricity,USA|New Hampshire,US,False,False,holdout,last12,2,2025-02-01,1459.49,1366.007080078125,191.58095594780258,1117.847900390625,1608.8896484375,0.8,257.4848188405797,
chronos_2,electricity,USA|New Hampshire,US,False,False,holdout,last12,3,2025-03-01,1408.73,1380.0462646484375,192.3010608482307,1127.83154296875,1620.718994140625,0.8,257.4848188405797,
chronos_2,electricity,USA|New Hampshire,US,False,False,holdout,last12,4,2025-04-01,1553.74,1357.43603515625,185.11772871054728,1111.8360595703125,1586.3118896484375,0.8,257.4848188405797,
chronos_2,electricity,USA|New Hampshire,US,False,False,holdout,last12,5,2025-05-01,1586.96,1376.42236328125,176.83609372175457,1147.128173828125,1600.3773193359375,0.8,257.4848188405797,
chronos_2,electricity,USA|New Hampshire,US,False,False,holdout,last12,6,2025-06-01,1731.73,1488.280517578125,167.30503862993066,1269.54931640625,1698.369384765625,0.8,257.4848188405797,
chronos_2,electricity,USA|New Hampshire,US,False,False,holdout,last12,7,2025-07-01,1982.98,1615.9666748046875,153.68429253912112,1419.94189453125,1813.8505859375,0.8,257.4848188405797,
chronos_2,electricity,USA|New Hampshire,US,False,False,holdout,last12,8,2025-08-01,1748.07,1590.4013671875,159.05164585052643,1378.744384765625,1786.41015625,0.8,257.4848188405797,
chronos_2,electricity,USA|New Hampshire,US,False,False,holdout,last12,9,2025-09-01,1587.06,1447.0916748046875,178.5384845726675,1215.765625,1673.378173828125,0.8,257.4848188405797,
chronos_2,electricity,USA|New Hampshire,US,False,False,holdout,last12,10,2025-10-01,1691.09,1373.649658203125,190.1655116593949,1118.1060791015625,1605.5198974609375,0.8,257.4848188405797,
chronos_2,electricity,USA|New Hampshire,US,False,False,holdout,last12,11,2025-11-01,1488.28,1388.1668701171875,181.61140840768226,1143.302978515625,1608.791748046875,0.8,257.4848188405797,
chronos_2,electricity,USA|New Hampshire,US,False,False,holdout,last12,12,2025-12-01,1899.98,1504.8016357421875,165.88845131787156,1280.779052734375,1705.96826171875,0.8,257.4848188405797,
chronos_2,electricity,USA|New Hampshire,US,False,False,rolling,2022-12-01,1,2023-01-01,1441.77,1594.92822265625,171.60242655158612,1354.852294921875,1794.68701171875,0.8,257.66976190476186,
chronos_2,electricity,USA|New Hampshire,US,False,False,rolling,2022-12-01,2,2023-02-01,1328.08,1475.804931640625,196.06960982713787,1208.98095703125,1711.527587890625,0.8,257.66976190476186,
chronos_2,electricity,USA|New Hampshire,US,False,False,rolling,2022-12-01,3,2023-03-01,1375.91,1477.8489990234375,197.9444543714668,1206.2840576171875,1713.6361083984375,0.8,257.66976190476186,
chronos_2,electricity,USA|New Hampshire,US,False,False,rolling,2022-12-01,4,2023-04-01,739.98,975.3338012695312,240.71525638594292,681.5062255859375,1298.4842529296875,0.8,257.66976190476186,
chronos_2,electricity,USA|New Hampshire,US,False,False,rolling,2022-12-01,5,2023-05-01,1130.42,1335.507568359375,212.64016658050144,1051.06787109375,1596.0865478515625,0.8,257.66976190476186,
chronos_2,electricity,USA|New Hampshire,US,False,False,rolling,2022-12-01,6,2023-06-01,1555.1,1485.5552978515625,194.6019198326608,1222.0028076171875,1720.78759765625,0.8,257.66976190476186,
chronos_2,electricity,USA|New Hampshire,US,False,False,rolling,2022-12-01,7,2023-07-01,1780.38,1634.934814453125,174.63705909427654,1403.2401123046875,1850.8529052734375,0.8,257.66976190476186,
chronos_2,electricity,USA|New Hampshire,US,False,False,rolling,2022-12-01,8,2023-08-01,1490.96,1580.30029296875,192.8411395235518,1308.871826171875,1803.1435546875,0.8,257.66976190476186,
chronos_2,electricity,USA|New Hampshire,US,False,False,rolling,2022-12-01,9,2023-09-01,1537.16,1474.2745361328125,203.35557596352646,1199.4993896484375,1720.720703125,0.8,257.66976190476186,
chronos_2,electricity,USA|New Hampshire,US,False,False,rolling,2022-12-01,10,2023-10-01,1402.78,1300.195556640625,221.53753412254716,1006.7272338867188,1574.55078125,0.8,257.66976190476186,
chronos_2,electricity,USA|New Hampshire,US,False,False,rolling,2022-12-01,11,2023-11-01,1328.85,1427.4339599609375,215.31441329107946,1136.853271484375,1688.726318359375,0.8,257.66976190476186,
chronos_2,electricity,USA|New Hampshire,US,False,False,rolling,2022-12-01,12,2023-12-01,1350.43,1547.6934814453125,197.55182574718575,1276.3929443359375,1782.7386474609375,0.8,257.66976190476186,
chronos_2,electricity,USA|New Hampshire,US,False,False,rolling,2023-12-01,1,2024-01-01,1613.15,1556.002685546875,142.8135661017851,1360.6063232421875,1726.6522216796875,0.8,256.80530303030304,
chronos_2,electricity,USA|New Hampshire,US,False,False,rolling,2023-12-01,2,2024-02-01,1315.16,1429.6968994140625,160.29997055589163,1215.3623046875,1626.2276611328125,0.8,256.80530303030304,
chronos_2,electricity,USA|New Hampshire,US,False,False,rolling,2023-12-01,3,2024-03-01,1469.88,1375.349853515625,168.0709597283887,1152.94677734375,1583.72998046875,0.8,256.80530303030304,
chronos_2,electricity,USA|New Hampshire,US,False,False,rolling,2023-12-01,4,2024-04-01,1453.05,1317.6986083984375,172.00662829033834,1079.4893798828125,1520.360107421875,0.8,256.80530303030304,
chronos_2,electricity,USA|New Hampshire,US,False,False,rolling,2023-12-01,5,2024-05-01,1467.92,1355.618896484375,165.28483957792272,1132.543212890625,1556.185302734375,0.8,256.80530303030304,
chronos_2,electricity,USA|New Hampshire,US,False,False,rolling,2023-12-01,6,2024-06-01,1666.27,1449.8377685546875,161.8040944292594,1230.1993408203125,1644.919921875,0.8,256.80530303030304,
chronos_2,electricity,USA|New Hampshire,US,False,False,rolling,2023-12-01,7,2024-07-01,1455.92,1548.062744140625,158.69364131768793,1324.1351318359375,1730.88330078125,0.8,256.80530303030304,
chronos_2,electricity,USA|New Hampshire,US,False,False,rolling,2023-12-01,8,2024-08-01,1843.04,1536.6396484375,171.69672600283266,1289.7117919921875,1729.7882080078125,0.8,256.80530303030304,
chronos_2,electricity,USA|New Hampshire,US,False,False,rolling,2023-12-01,9,2024-09-01,1754.42,1420.726318359375,172.16660397555913,1184.13916015625,1625.419921875,0.8,256.80530303030304,
chronos_2,electricity,USA|New Hampshire,US,False,False,rolling,2023-12-01,10,2024-10-01,1095.71,721.0651245117188,227.27017874256913,405.4559326171875,987.9728393554688,0.8,256.80530303030304,
chronos_2,electricity,USA|New Hampshire,US,False,False,rolling,2023-12-01,11,2024-11-01,818.65,1137.845458984375,186.91082325080316,884.8908081054688,1363.9625244140625,0.8,256.80530303030304,
chronos_2,electricity,USA|New Hampshire,US,False,False,rolling,2023-12-01,12,2024-12-01,1468.56,1405.7032470703125,178.09699168728596,1160.05517578125,1616.5361328125,0.8,256.80530303030304,
chronos_2,electricity,USA|New Hampshire,US,False,False,rolling,2024-12-01,1,2025-01-01,1715.9,1584.1181640625,165.78986552793197,1364.0849609375,1789.021484375,0.8,257.4848188405797,
chronos_2,electricity,USA|New Hampshire,US,False,False,rolling,2024-12-01,2,2025-02-01,1459.49,1366.007080078125,191.58095594780258,1117.847900390625,1608.8896484375,0.8,257.4848188405797,
chronos_2,electricity,USA|New Hampshire,US,False,False,rolling,2024-12-01,3,2025-03-01,1408.73,1380.0462646484375,192.3010608482307,1127.83154296875,1620.718994140625,0.8,257.4848188405797,
chronos_2,electricity,USA|New Hampshire,US,False,False,rolling,2024-12-01,4,2025-04-01,1553.74,1357.43603515625,185.11772871054728,1111.8360595703125,1586.3118896484375,0.8,257.4848188405797,
chronos_2,electricity,USA|New Hampshire,US,False,False,rolling,2024-12-01,5,2025-05-01,1586.96,1376.42236328125,176.83609372175457,1147.128173828125,1600.3773193359375,0.8,257.4848188405797,
chronos_2,electricity,USA|New Hampshire,US,False,False,rolling,2024-12-01,6,2025-06-01,1731.73,1488.280517578125,167.30503862993066,1269.54931640625,1698.369384765625,0.8,257.4848188405797,
chronos_2,electricity,USA|New Hampshire,US,False,False,rolling,2024-12-01,7,2025-07-01,1982.98,1615.9666748046875,153.68429253912112,1419.94189453125,1813.8505859375,0.8,257.4848188405797,
chronos_2,electricity,USA|New Hampshire,US,False,False,rolling,2024-12-01,8,2025-08-01,1748.07,1590.4013671875,159.05164585052643,1378.744384765625,1786.41015625,0.8,257.4848188405797,
chronos_2,electricity,USA|New Hampshire,US,False,False,rolling,2024-12-01,9,2025-09-01,1587.06,1447.0916748046875,178.5384845726675,1215.765625,1673.378173828125,0.8,257.4848188405797,
chronos_2,electricity,USA|New Hampshire,US,False,False,rolling,2024-12-01,10,2025-10-01,1691.09,1373.649658203125,190.1655116593949,1118.1060791015625,1605.5198974609375,0.8,257.4848188405797,
chronos_2,electricity,USA|New Hampshire,US,False,False,rolling,2024-12-01,11,2025-11-01,1488.28,1388.1668701171875,181.61140840768226,1143.302978515625,1608.791748046875,0.8,257.4848188405797,
chronos_2,electricity,USA|New Hampshire,US,False,False,rolling,2024-12-01,12,2025-12-01,1899.98,1504.8016357421875,165.88845131787156,1280.779052734375,1705.96826171875,0.8,257.4848188405797,
chronos_2,electricity,USA|New Jersey,US,True,False,holdout,last12,1,2025-01-01,4807.8,5223.88330078125,420.8445441255482,4721.91015625,5800.578125,0.8,447.53778985507256,
chronos_2,electricity,USA|New Jersey,US,True,False,holdout,last12,2,2025-02-01,4672.49,4879.5244140625,406.5056934257006,4372.591796875,5414.5078125,0.8,447.53778985507256,
chronos_2,electricity,USA|New Jersey,US,True,False,holdout,last12,3,2025-03-01,4895.39,5006.73291015625,420.1284398079003,4476.20166015625,5553.0341796875,0.8,447.53778985507256,
chronos_2,electricity,USA|New Jersey,US,True,False,holdout,last12,4,2025-04-01,5514.29,4589.92333984375,415.76570903416894,4076.1015625,5141.751953125,0.8,447.53778985507256,
chronos_2,electricity,USA|New Jersey,US,True,False,holdout,last12,5,2025-05-01,4246.87,4817.60302734375,422.3114244782722,4306.84765625,5389.275390625,0.8,447.53778985507256,
chronos_2,electricity,USA|New Jersey,US,True,False,holdout,last12,6,2025-06-01,5902.59,5800.38232421875,467.0539422915396,5192.48046875,6389.587890625,0.8,447.53778985507256,
chronos_2,electricity,USA|New Jersey,US,True,False,holdout,last12,7,2025-07-01,7621.86,6830.20166015625,457.6268547260143,6269.97998046875,7442.9248046875,0.8,447.53778985507256,
chronos_2,electricity,USA|New Jersey,US,True,False,holdout,last12,8,2025-08-01,6372.28,6651.48779296875,477.01272635894185,6049.61669921875,7272.24951171875,0.8,447.53778985507256,
chronos_2,electricity,USA|New Jersey,US,True,False,holdout,last12,9,2025-09-01,5344.55,5525.5947265625,472.57246048085227,4950.37255859375,6161.62451171875,0.8,447.53778985507256,
chronos_2,electricity,USA|New Jersey,US,True,False,holdout,last12,10,2025-10-01,5227.22,4955.80615234375,441.66853001597104,4391.92529296875,5523.96728515625,0.8,447.53778985507256,
chronos_2,electricity,USA|New Jersey,US,True,False,holdout,last12,11,2025-11-01,5199.24,4830.826171875,443.92504920792106,4281.72119140625,5419.546875,0.8,447.53778985507256,
chronos_2,electricity,USA|New Jersey,US,True,False,holdout,last12,12,2025-12-01,5406.4,5154.29541015625,491.2210818585796,4555.29736328125,5814.34765625,0.8,447.53778985507256,
chronos_2,electricity,USA|New Jersey,US,True,False,rolling,2022-12-01,1,2023-01-01,5297.85,5297.86767578125,410.4910358905039,4793.69287109375,5845.82373046875,0.8,448.1258333333334,
chronos_2,electricity,USA|New Jersey,US,True,False,rolling,2022-12-01,2,2023-02-01,4340.4,5117.84326171875,409.34477367201816,4602.07275390625,5651.265625,0.8,448.1258333333334,
chronos_2,electricity,USA|New Jersey,US,True,False,rolling,2022-12-01,3,2023-03-01,5041.11,5216.1181640625,438.652662111559,4670.93603515625,5795.248046875,0.8,448.1258333333334,
chronos_2,electricity,USA|New Jersey,US,True,False,rolling,2022-12-01,4,2023-04-01,4769.42,4793.97412109375,423.2325110374177,4242.587890625,5327.37646484375,0.8,448.1258333333334,
chronos_2,electricity,USA|New Jersey,US,True,False,rolling,2022-12-01,5,2023-05-01,5837.03,4964.6796875,425.48331511111036,4421.7470703125,5512.3046875,0.8,448.1258333333334,
chronos_2,electricity,USA|New Jersey,US,True,False,rolling,2022-12-01,6,2023-06-01,5953.22,6029.654296875,445.9649654179169,5470.93359375,6613.98779296875,0.8,448.1258333333334,
chronos_2,electricity,USA|New Jersey,US,True,False,rolling,2022-12-01,7,2023-07-01,7694.11,7069.8115234375,475.3303860479152,6471.20458984375,7689.525390625,0.8,448.1258333333334,
chronos_2,electricity,USA|New Jersey,US,True,False,rolling,2022-12-01,8,2023-08-01,6935.08,7087.96875,493.1084044111038,6482.908203125,7746.7958984375,0.8,448.1258333333334,
chronos_2,electricity,USA|New Jersey,US,True,False,rolling,2022-12-01,9,2023-09-01,5783.7,5841.24169921875,494.38001822336776,5207.591796875,6474.73876953125,0.8,448.1258333333334,
chronos_2,electricity,USA|New Jersey,US,True,False,rolling,2022-12-01,10,2023-10-01,5064.22,5253.7802734375,481.3798387233372,4635.7578125,5869.583984375,0.8,448.1258333333334,
chronos_2,electricity,USA|New Jersey,US,True,False,rolling,2022-12-01,11,2023-11-01,5620.23,5128.37109375,483.7819029269081,4503.23828125,5743.22119140625,0.8,448.1258333333334,
chronos_2,electricity,USA|New Jersey,US,True,False,rolling,2022-12-01,12,2023-12-01,5342.24,5320.6064453125,530.0844575204945,4660.158203125,6018.8193359375,0.8,448.1258333333334,
chronos_2,electricity,USA|New Jersey,US,True,False,rolling,2023-12-01,1,2024-01-01,5810.25,5367.150390625,420.4538205406863,4859.80712890625,5937.4736328125,0.8,443.9942045454546,
chronos_2,electricity,USA|New Jersey,US,True,False,rolling,2023-12-01,2,2024-02-01,5046.94,5080.68359375,415.28163851777003,4555.37451171875,5619.7841796875,0.8,443.9942045454546,
chronos_2,electricity,USA|New Jersey,US,True,False,rolling,2023-12-01,3,2024-03-01,4786.21,5243.63623046875,427.18546783209587,4716.63623046875,5811.556640625,0.8,443.9942045454546,
chronos_2,electricity,USA|New Jersey,US,True,False,rolling,2023-12-01,4,2024-04-01,5029.85,4844.93408203125,416.6410746472555,4306.6337890625,5374.52783203125,0.8,443.9942045454546,
chronos_2,electricity,USA|New Jersey,US,True,False,rolling,2023-12-01,5,2024-05-01,4765.49,5210.53466796875,426.01520211692923,4675.0732421875,5766.994140625,0.8,443.9942045454546,
chronos_2,electricity,USA|New Jersey,US,True,False,rolling,2023-12-01,6,2024-06-01,6088.86,6221.74853515625,463.5389540593176,5638.052734375,6826.15087890625,0.8,443.9942045454546,
chronos_2,electricity,USA|New Jersey,US,True,False,rolling,2023-12-01,7,2024-07-01,7149.38,7307.19189453125,492.4919336550759,6681.919921875,7944.2275390625,0.8,443.9942045454546,
chronos_2,electricity,USA|New Jersey,US,True,False,rolling,2023-12-01,8,2024-08-01,5973.87,7196.08349609375,486.7493828300745,6585.47998046875,7833.06884765625,0.8,443.9942045454546,
chronos_2,electricity,USA|New Jersey,US,True,False,rolling,2023-12-01,9,2024-09-01,5148.87,5942.70263671875,487.8379223541608,5319.16015625,6569.5390625,0.8,443.9942045454546,
chronos_2,electricity,USA|New Jersey,US,True,False,rolling,2023-12-01,10,2024-10-01,5050.92,5188.98095703125,472.7854438879101,4575.60498046875,5787.40283203125,0.8,443.9942045454546,
chronos_2,electricity,USA|New Jersey,US,True,False,rolling,2023-12-01,11,2024-11-01,4569.96,5110.02294921875,477.79360201684,4505.94140625,5730.57568359375,0.8,443.9942045454546,
chronos_2,electricity,USA|New Jersey,US,True,False,rolling,2023-12-01,12,2024-12-01,5182.07,5195.5078125,515.7878986957514,4563.4384765625,5885.4560546875,0.8,443.9942045454546,
chronos_2,electricity,USA|New Jersey,US,True,False,rolling,2024-12-01,1,2025-01-01,4807.8,5223.88330078125,420.8445441255482,4721.91015625,5800.578125,0.8,447.53778985507256,
chronos_2,electricity,USA|New Jersey,US,True,False,rolling,2024-12-01,2,2025-02-01,4672.49,4879.5244140625,406.5056934257006,4372.591796875,5414.5078125,0.8,447.53778985507256,
chronos_2,electricity,USA|New Jersey,US,True,False,rolling,2024-12-01,3,2025-03-01,4895.39,5006.73291015625,420.1284398079003,4476.20166015625,5553.0341796875,0.8,447.53778985507256,
chronos_2,electricity,USA|New Jersey,US,True,False,rolling,2024-12-01,4,2025-04-01,5514.29,4589.92333984375,415.76570903416894,4076.1015625,5141.751953125,0.8,447.53778985507256,
chronos_2,electricity,USA|New Jersey,US,True,False,rolling,2024-12-01,5,2025-05-01,4246.87,4817.60302734375,422.3114244782722,4306.84765625,5389.275390625,0.8,447.53778985507256,
chronos_2,electricity,USA|New Jersey,US,True,False,rolling,2024-12-01,6,2025-06-01,5902.59,5800.38232421875,467.0539422915396,5192.48046875,6389.587890625,0.8,447.53778985507256,
chronos_2,electricity,USA|New Jersey,US,True,False,rolling,2024-12-01,7,2025-07-01,7621.86,6830.20166015625,457.6268547260143,6269.97998046875,7442.9248046875,0.8,447.53778985507256,
chronos_2,electricity,USA|New Jersey,US,True,False,rolling,2024-12-01,8,2025-08-01,6372.28,6651.48779296875,477.01272635894185,6049.61669921875,7272.24951171875,0.8,447.53778985507256,
chronos_2,electricity,USA|New Jersey,US,True,False,rolling,2024-12-01,9,2025-09-01,5344.55,5525.5947265625,472.57246048085227,4950.37255859375,6161.62451171875,0.8,447.53778985507256,
chronos_2,electricity,USA|New Jersey,US,True,False,rolling,2024-12-01,10,2025-10-01,5227.22,4955.80615234375,441.66853001597104,4391.92529296875,5523.96728515625,0.8,447.53778985507256,
chronos_2,electricity,USA|New Jersey,US,True,False,rolling,2024-12-01,11,2025-11-01,5199.24,4830.826171875,443.92504920792106,4281.72119140625,5419.546875,0.8,447.53778985507256,
chronos_2,electricity,USA|New Jersey,US,True,False,rolling,2024-12-01,12,2025-12-01,5406.4,5154.29541015625,491.2210818585796,4555.29736328125,5814.34765625,0.8,447.53778985507256,
chronos_2,electricity,USA|New Mexico,US,True,False,holdout,last12,1,2025-01-01,3086.8,3322.759033203125,334.85001697469977,2896.913818359375,3755.1689453125,0.8,300.25811594202895,
chronos_2,electricity,USA|New Mexico,US,True,False,holdout,last12,2,2025-02-01,2632.42,3035.0771484375,355.81249923089274,2597.93798828125,3509.922119140625,0.8,300.25811594202895,
chronos_2,electricity,USA|New Mexico,US,True,False,holdout,last12,3,2025-03-01,3435.71,3066.88037109375,364.4167050193283,2614.242919921875,3548.280517578125,0.8,300.25811594202895,
chronos_2,electricity,USA|New Mexico,US,True,False,holdout,last12,4,2025-04-01,3507.36,2925.647705078125,352.53973676081205,2490.55712890625,3394.15283203125,0.8,300.25811594202895,
chronos_2,electricity,USA|New Mexico,US,True,False,holdout,last12,5,2025-05-01,3289.11,3110.563720703125,347.63064068167654,2680.96533203125,3571.978515625,0.8,300.25811594202895,
chronos_2,electricity,USA|New Mexico,US,True,False,holdout,last12,6,2025-06-01,3486.24,3421.904541015625,341.87323054920597,2983.314697265625,3859.571044921875,0.8,300.25811594202895,
chronos_2,electricity,USA|New Mexico,US,True,False,holdout,last12,7,2025-07-01,3304.31,3580.96630859375,327.5898164964548,3137.621337890625,3977.267822265625,0.8,300.25811594202895,
chronos_2,electricity,USA|New Mexico,US,True,False,holdout,last12,8,2025-08-01,3593.88,3552.70849609375,349.2888822440513,3071.915283203125,3967.1787109375,0.8,300.25811594202895,
chronos_2,electricity,USA|New Mexico,US,True,False,holdout,last12,9,2025-09-01,3379.33,3239.6435546875,369.58393393975484,2760.002197265625,3707.283935546875,0.8,300.25811594202895,
chronos_2,electricity,USA|New Mexico,US,True,False,holdout,last12,10,2025-10-01,3424.92,3075.004638671875,379.5306210068457,2581.43505859375,3554.211181640625,0.8,300.25811594202895,
chronos_2,electricity,USA|New Mexico,US,True,False,holdout,last12,11,2025-11-01,3363.92,3022.740966796875,380.48495050385486,2529.2763671875,3504.49853515625,0.8,300.25811594202895,
chronos_2,electricity,USA|New Mexico,US,True,False,holdout,last12,12,2025-12-01,3855.01,3264.4306640625,400.1432427737169,2737.070556640625,3762.678955078125,0.8,300.25811594202895,
chronos_2,electricity,USA|New Mexico,US,True,False,rolling,2022-12-01,1,2023-01-01,3555.04,3663.14501953125,277.8318061524939,3274.852783203125,3986.96435546875,0.8,289.7469444444444,
chronos_2,electricity,USA|New Mexico,US,True,False,rolling,2022-12-01,2,2023-02-01,3335.0,3244.36279296875,332.67808153295874,2817.44091796875,3670.129150390625,0.8,289.7469444444444,
chronos_2,electricity,USA|New Mexico,US,True,False,rolling,2022-12-01,3,2023-03-01,3884.07,3244.37255859375,342.22090024319573,2808.525634765625,3685.673095703125,0.8,289.7469444444444,
chronos_2,electricity,USA|New Mexico,US,True,False,rolling,2022-12-01,4,2023-04-01,2687.45,3178.074462890625,365.30188158542336,2713.337158203125,3649.6435546875,0.8,289.7469444444444,
chronos_2,electricity,USA|New Mexico,US,True,False,rolling,2022-12-01,5,2023-05-01,3122.03,3347.939697265625,345.6914058049813,2897.2001953125,3783.242919921875,0.8,289.7469444444444,
chronos_2,electricity,USA|New Mexico,US,True,False,rolling,2022-12-01,6,2023-06-01,3455.42,3597.7021484375,321.9509950678246,3181.593017578125,4006.78662109375,0.8,289.7469444444444,
chronos_2,electricity,USA|New Mexico,US,True,False,rolling,2022-12-01,7,2023-07-01,3750.34,3733.8095703125,301.0792879399528,3351.2021484375,4122.8994140625,0.8,289.7469444444444,
chronos_2,electricity,USA|New Mexico,US,True,False,rolling,2022-12-01,8,2023-08-01,3717.25,3745.720458984375,319.7343864517052,3333.20556640625,4152.7177734375,0.8,289.7469444444444,
chronos_2,electricity,USA|New Mexico,US,True,False,rolling,2022-12-01,9,2023-09-01,3273.39,3485.144287109375,359.1711789787758,3011.9345703125,3932.52734375,0.8,289.7469444444444,
chronos_2,electricity,USA|New Mexico,US,True,False,rolling,2022-12-01,10,2023-10-01,2720.1,3360.1806640625,378.23909953265195,2868.16015625,3837.6259765625,0.8,289.7469444444444,
chronos_2,electricity,USA|New Mexico,US,True,False,rolling,2022-12-01,11,2023-11-01,2504.57,3313.2177734375,385.7726731675409,2817.02294921875,3805.798095703125,0.8,289.7469444444444,
chronos_2,electricity,USA|New Mexico,US,True,False,rolling,2022-12-01,12,2023-12-01,3115.37,3488.98681640625,392.77321677295953,2967.38037109375,3974.0986328125,0.8,289.7469444444444,
chronos_2,electricity,USA|New Mexico,US,True,False,rolling,2023-12-01,1,2024-01-01,3581.21,3047.95556640625,341.17198553902716,2621.951904296875,3496.410888671875,0.8,299.5774242424242,
chronos_2,electricity,USA|New Mexico,US,True,False,rolling,2023-12-01,2,2024-02-01,3632.47,2670.5634765625,351.89773847656795,2227.830322265625,3129.780517578125,0.8,299.5774242424242,
chronos_2,electricity,USA|New Mexico,US,True,False,rolling,2023-12-01,3,2024-03-01,3278.78,2732.087158203125,357.016103135894,2277.5712890625,3192.640380859375,0.8,299.5774242424242,
chronos_2,electricity,USA|New Mexico,US,True,False,rolling,2023-12-01,4,2024-04-01,3234.35,2662.12109375,363.8924381711859,2199.8125,3132.50634765625,0.8,299.5774242424242,
chronos_2,electricity,USA|New Mexico,US,True,False,rolling,2023-12-01,5,2024-05-01,3531.52,2990.788330078125,351.91488383134003,2548.313720703125,3450.307861328125,0.8,299.5774242424242,
chronos_2,electricity,USA|New Mexico,US,True,False,rolling,2023-12-01,6,2024-06-01,3838.27,3369.25927734375,338.41910832642486,2921.0556640625,3788.458740234375,0.8,299.5774242424242,
chronos_2,electricity,USA|New Mexico,US,True,False,rolling,2023-12-01,7,2024-07-01,3783.11,3527.47265625,328.4453696995825,3067.9970703125,3909.83642578125,0.8,299.5774242424242,
chronos_2,electricity,USA|New Mexico,US,True,False,rolling,2023-12-01,8,2024-08-01,3253.49,3440.13330078125,356.7677812476115,2940.792236328125,3855.224853515625,0.8,299.5774242424242,
chronos_2,electricity,USA|New Mexico,US,True,False,rolling,2023-12-01,9,2024-09-01,3177.62,3256.75146484375,375.61376470915985,2752.609619140625,3715.346435546875,0.8,299.5774242424242,
chronos_2,electricity,USA|New Mexico,US,True,False,rolling,2023-12-01,10,2024-10-01,3077.04,3134.4296875,391.43311679357817,2623.623291015625,3626.90673828125,0.8,299.5774242424242,
chronos_2,electricity,USA|New Mexico,US,True,False,rolling,2023-12-01,11,2024-11-01,2849.15,3090.013916015625,397.51705068248623,2569.998779296875,3588.8759765625,0.8,299.5774242424242,
chronos_2,electricity,USA|New Mexico,US,True,False,rolling,2023-12-01,12,2024-12-01,3336.18,3356.6005859375,392.61909908395256,2824.15673828125,3830.47998046875,0.8,299.5774242424242,
chronos_2,electricity,USA|New Mexico,US,True,False,rolling,2024-12-01,1,2025-01-01,3086.8,3322.759033203125,334.85001697469977,2896.913818359375,3755.1689453125,0.8,300.25811594202895,
chronos_2,electricity,USA|New Mexico,US,True,False,rolling,2024-12-01,2,2025-02-01,2632.42,3035.0771484375,355.81249923089274,2597.93798828125,3509.922119140625,0.8,300.25811594202895,
chronos_2,electricity,USA|New Mexico,US,True,False,rolling,2024-12-01,3,2025-03-01,3435.71,3066.88037109375,364.4167050193283,2614.242919921875,3548.280517578125,0.8,300.25811594202895,
chronos_2,electricity,USA|New Mexico,US,True,False,rolling,2024-12-01,4,2025-04-01,3507.36,2925.647705078125,352.53973676081205,2490.55712890625,3394.15283203125,0.8,300.25811594202895,
chronos_2,electricity,USA|New Mexico,US,True,False,rolling,2024-12-01,5,2025-05-01,3289.11,3110.563720703125,347.63064068167654,2680.96533203125,3571.978515625,0.8,300.25811594202895,
chronos_2,electricity,USA|New Mexico,US,True,False,rolling,2024-12-01,6,2025-06-01,3486.24,3421.904541015625,341.87323054920597,2983.314697265625,3859.571044921875,0.8,300.25811594202895,
chronos_2,electricity,USA|New Mexico,US,True,False,rolling,2024-12-01,7,2025-07-01,3304.31,3580.96630859375,327.5898164964548,3137.621337890625,3977.267822265625,0.8,300.25811594202895,
chronos_2,electricity,USA|New Mexico,US,True,False,rolling,2024-12-01,8,2025-08-01,3593.88,3552.70849609375,349.2888822440513,3071.915283203125,3967.1787109375,0.8,300.25811594202895,
chronos_2,electricity,USA|New Mexico,US,True,False,rolling,2024-12-01,9,2025-09-01,3379.33,3239.6435546875,369.58393393975484,2760.002197265625,3707.283935546875,0.8,300.25811594202895,
chronos_2,electricity,USA|New Mexico,US,True,False,rolling,2024-12-01,10,2025-10-01,3424.92,3075.004638671875,379.5306210068457,2581.43505859375,3554.211181640625,0.8,300.25811594202895,
chronos_2,electricity,USA|New Mexico,US,True,False,rolling,2024-12-01,11,2025-11-01,3363.92,3022.740966796875,380.48495050385486,2529.2763671875,3504.49853515625,0.8,300.25811594202895,
chronos_2,electricity,USA|New Mexico,US,True,False,rolling,2024-12-01,12,2025-12-01,3855.01,3264.4306640625,400.1432427737169,2737.070556640625,3762.678955078125,0.8,300.25811594202895,
chronos_2,electricity,USA|New York,US,True,False,holdout,last12,1,2025-01-01,12101.4,11596.517578125,488.06157398196575,10990.3388671875,12241.291015625,0.8,592.2707608695652,
chronos_2,electricity,USA|New York,US,True,False,holdout,last12,2,2025-02-01,10583.77,10525.91796875,504.9676558030222,9865.197265625,11159.4814453125,0.8,592.2707608695652,
chronos_2,electricity,USA|New York,US,True,False,holdout,last12,3,2025-03-01,10723.43,10540.6376953125,515.0243588965674,9869.5927734375,11189.6533203125,0.8,592.2707608695652,
chronos_2,electricity,USA|New York,US,True,False,holdout,last12,4,2025-04-01,10330.61,9651.2255859375,524.2832314813842,8982.6318359375,10326.423828125,0.8,592.2707608695652,
chronos_2,electricity,USA|New York,US,True,False,holdout,last12,5,2025-05-01,10569.38,10467.6455078125,530.8041814130388,9788.234375,11148.740234375,0.8,592.2707608695652,
chronos_2,electricity,USA|New York,US,True,False,holdout,last12,6,2025-06-01,12278.9,11558.484375,564.7226462547387,10834.2373046875,12281.6796875,0.8,592.2707608695652,
chronos_2,electricity,USA|New York,US,True,False,holdout,last12,7,2025-07-01,14676.42,13523.8818359375,625.1192539828156,12749.439453125,14351.6845703125,0.8,592.2707608695652,
chronos_2,electricity,USA|New York,US,True,False,holdout,last12,8,2025-08-01,12601.19,12858.865234375,631.9914931833564,12033.052734375,13652.912109375,0.8,592.2707608695652,
chronos_2,electricity,USA|New York,US,True,False,holdout,last12,9,2025-09-01,10624.29,10989.19921875,560.7487340264502,10297.7705078125,11735.02734375,0.8,592.2707608695652,
chronos_2,electricity,USA|New York,US,True,False,holdout,last12,10,2025-10-01,10489.93,10592.9345703125,555.880215286942,9850.8583984375,11275.63671875,0.8,592.2707608695652,
chronos_2,electricity,USA|New York,US,True,False,holdout,last12,11,2025-11-01,10713.13,10554.7294921875,559.2822346816101,9828.791015625,11262.2890625,0.8,592.2707608695652,
chronos_2,electricity,USA|New York,US,True,False,holdout,last12,12,2025-12-01,12068.33,11254.7216796875,600.2169597039364,10503.67578125,12042.09375,0.8,592.2707608695652,
chronos_2,electricity,USA|New York,US,True,False,rolling,2022-12-01,1,2023-01-01,10367.63,11247.375,480.15527938472553,10626.412109375,11857.099609375,0.8,589.5477777777777,
chronos_2,electricity,USA|New York,US,True,False,rolling,2022-12-01,2,2023-02-01,9644.5,10093.6533203125,483.3195498598872,9455.359375,10694.1572265625,0.8,589.5477777777777,
chronos_2,electricity,USA|New York,US,True,False,rolling,2022-12-01,3,2023-03-01,9691.56,10132.736328125,474.55370147673915,9514.2216796875,10730.5517578125,0.8,589.5477777777777,
chronos_2,electricity,USA|New York,US,True,False,rolling,2022-12-01,4,2023-04-01,8783.97,9181.671875,487.3578524205421,8546.6875,9795.8359375,0.8,589.5477777777777,
chronos_2,electricity,USA|New York,US,True,False,rolling,2022-12-01,5,2023-05-01,10165.9,9960.265625,503.09195399095466,9355.763671875,10645.240234375,0.8,589.5477777777777,
chronos_2,electricity,USA|New York,US,True,False,rolling,2022-12-01,6,2023-06-01,11095.22,11066.8349609375,556.4742065778242,10363.3681640625,11789.6689453125,0.8,589.5477777777777,
chronos_2,electricity,USA|New York,US,True,False,rolling,2022-12-01,7,2023-07-01,13926.68,12894.9560546875,594.459168563582,12128.0693359375,13651.7294921875,0.8,589.5477777777777,
chronos_2,electricity,USA|New York,US,True,False,rolling,2022-12-01,8,2023-08-01,12198.83,12491.865234375,618.880249885191,11700.435546875,13286.689453125,0.8,589.5477777777777,
chronos_2,electricity,USA|New York,US,True,False,rolling,2022-12-01,9,2023-09-01,10789.47,10581.9736328125,534.459952058334,9902.9453125,11272.8212890625,0.8,589.5477777777777,
chronos_2,electricity,USA|New York,US,True,False,rolling,2022-12-01,10,2023-10-01,10244.98,10122.4169921875,513.5567165280758,9456.119140625,10772.41796875,0.8,589.5477777777777,
chronos_2,electricity,USA|New York,US,True,False,rolling,2022-12-01,11,2023-11-01,10942.69,10076.92578125,482.4089410175469,9417.2236328125,10653.6875,0.8,589.5477777777777,
chronos_2,electricity,USA|New York,US,True,False,rolling,2022-12-01,12,2023-12-01,10804.36,10860.2470703125,526.275521705902,10184.9560546875,11533.8544921875,0.8,589.5477777777777,
chronos_2,electricity,USA|New York,US,True,False,rolling,2023-12-01,1,2024-01-01,11474.62,11018.2373046875,469.11862401398406,10423.1123046875,11625.51171875,0.8,588.2884090909091,
chronos_2,electricity,USA|New York,US,True,False,rolling,2023-12-01,2,2024-02-01,10743.17,9965.9560546875,483.72189418520577,9338.810546875,10578.6396484375,0.8,588.2884090909091,
chronos_2,electricity,USA|New York,US,True,False,rolling,2023-12-01,3,2024-03-01,10435.79,9991.390625,481.81342569512935,9371.6728515625,10606.6103515625,0.8,588.2884090909091,
chronos_2,electricity,USA|New York,US,True,False,rolling,2023-12-01,4,2024-04-01,10300.81,9087.763671875,491.0273393496549,8462.3876953125,9720.94140625,0.8,588.2884090909091,
chronos_2,electricity,USA|New York,US,True,False,rolling,2023-12-01,5,2024-05-01,11006.32,9940.1064453125,481.8397152391132,9355.8173828125,10590.822265625,0.8,588.2884090909091,
chronos_2,electricity,USA|New York,US,True,False,rolling,2023-12-01,6,2024-06-01,12079.58,11016.3798828125,510.90566367242553,10367.837890625,11677.341796875,0.8,588.2884090909091,
chronos_2,electricity,USA|New York,US,True,False,rolling,2023-12-01,7,2024-07-01,13907.61,13007.25,528.2643828594654,12348.0634765625,13702.0595703125,0.8,588.2884090909091,
chronos_2,electricity,USA|New York,US,True,False,rolling,2023-12-01,8,2024-08-01,12765.78,12509.0283203125,603.5980236649941,11743.4228515625,13290.5068359375,0.8,588.2884090909091,
chronos_2,electricity,USA|New York,US,True,False,rolling,2023-12-01,9,2024-09-01,10672.86,10554.109375,524.3190462224637,9895.177734375,11239.0615234375,0.8,588.2884090909091,
chronos_2,electricity,USA|New York,US,True,False,rolling,2023-12-01,10,2024-10-01,10454.04,10132.650390625,518.8702524758909,9471.9697265625,10801.8876953125,0.8,588.2884090909091,
chronos_2,electricity,USA|New York,US,True,False,rolling,2023-12-01,11,2024-11-01,10788.08,10112.88671875,503.1868249540269,9456.2392578125,10745.958984375,0.8,588.2884090909091,
chronos_2,electricity,USA|New York,US,True,False,rolling,2023-12-01,12,2024-12-01,11605.14,10724.04296875,536.4648155430181,10046.5791015625,11421.59375,0.8,588.2884090909091,
chronos_2,electricity,USA|New York,US,True,False,rolling,2024-12-01,1,2025-01-01,12101.4,11596.517578125,488.06157398196575,10990.3388671875,12241.291015625,0.8,592.2707608695652,
chronos_2,electricity,USA|New York,US,True,False,rolling,2024-12-01,2,2025-02-01,10583.77,10525.91796875,504.9676558030222,9865.197265625,11159.4814453125,0.8,592.2707608695652,
chronos_2,electricity,USA|New York,US,True,False,rolling,2024-12-01,3,2025-03-01,10723.43,10540.6376953125,515.0243588965674,9869.5927734375,11189.6533203125,0.8,592.2707608695652,
chronos_2,electricity,USA|New York,US,True,False,rolling,2024-12-01,4,2025-04-01,10330.61,9651.2255859375,524.2832314813842,8982.6318359375,10326.423828125,0.8,592.2707608695652,
chronos_2,electricity,USA|New York,US,True,False,rolling,2024-12-01,5,2025-05-01,10569.38,10467.6455078125,530.8041814130388,9788.234375,11148.740234375,0.8,592.2707608695652,
chronos_2,electricity,USA|New York,US,True,False,rolling,2024-12-01,6,2025-06-01,12278.9,11558.484375,564.7226462547387,10834.2373046875,12281.6796875,0.8,592.2707608695652,
chronos_2,electricity,USA|New York,US,True,False,rolling,2024-12-01,7,2025-07-01,14676.42,13523.8818359375,625.1192539828156,12749.439453125,14351.6845703125,0.8,592.2707608695652,
chronos_2,electricity,USA|New York,US,True,False,rolling,2024-12-01,8,2025-08-01,12601.19,12858.865234375,631.9914931833564,12033.052734375,13652.912109375,0.8,592.2707608695652,
chronos_2,electricity,USA|New York,US,True,False,rolling,2024-12-01,9,2025-09-01,10624.29,10989.19921875,560.7487340264502,10297.7705078125,11735.02734375,0.8,592.2707608695652,
chronos_2,electricity,USA|New York,US,True,False,rolling,2024-12-01,10,2025-10-01,10489.93,10592.9345703125,555.880215286942,9850.8583984375,11275.63671875,0.8,592.2707608695652,
chronos_2,electricity,USA|New York,US,True,False,rolling,2024-12-01,11,2025-11-01,10713.13,10554.7294921875,559.2822346816101,9828.791015625,11262.2890625,0.8,592.2707608695652,
chronos_2,electricity,USA|New York,US,True,False,rolling,2024-12-01,12,2025-12-01,12068.33,11254.7216796875,600.2169597039364,10503.67578125,12042.09375,0.8,592.2707608695652,
chronos_2,electricity,USA|North Carolina,US,True,False,holdout,last12,1,2025-01-01,13974.47,12603.2705078125,754.6695546407894,11638.6650390625,13572.9609375,0.8,759.7571376811595,
chronos_2,electricity,USA|North Carolina,US,True,False,holdout,last12,2,2025-02-01,10490.7,10862.470703125,767.4954230339703,9890.09765625,11857.267578125,0.8,759.7571376811595,
chronos_2,electricity,USA|North Carolina,US,True,False,holdout,last12,3,2025-03-01,9176.69,9925.03125,697.774028357175,9019.576171875,10808.04296875,0.8,759.7571376811595,
chronos_2,electricity,USA|North Carolina,US,True,False,holdout,last12,4,2025-04-01,9144.82,8839.0419921875,720.3754160256386,7936.9609375,9783.357421875,0.8,759.7571376811595,
chronos_2,electricity,USA|North Carolina,US,True,False,holdout,last12,5,2025-05-01,10742.12,10432.6728515625,718.6113495235317,9522.029296875,11363.904296875,0.8,759.7571376811595,
chronos_2,electricity,USA|North Carolina,US,True,False,holdout,last12,6,2025-06-01,12996.19,12332.8759765625,811.1612125675499,11379.0244140625,13458.1142578125,0.8,759.7571376811595,
chronos_2,electricity,USA|North Carolina,US,True,False,holdout,last12,7,2025-07-01,14749.2,13641.421875,865.0623978921884,12581.609375,14798.853515625,0.8,759.7571376811595,
chronos_2,electricity,USA|North Carolina,US,True,False,holdout,last12,8,2025-08-01,12363.15,13178.33984375,798.4827942254091,12200.349609375,14246.943359375,0.8,759.7571376811595,
chronos_2,electricity,USA|North Carolina,US,True,False,holdout,last12,9,2025-09-01,11296.2,10636.9189453125,784.4662761952769,9664.3583984375,11675.0263671875,0.8,759.7571376811595,
chronos_2,electricity,USA|North Carolina,US,True,False,holdout,last12,10,2025-10-01,9170.38,9602.8046875,783.4505091770011,8565.9970703125,10574.0615234375,0.8,759.7571376811595,
chronos_2,electricity,USA|North Carolina,US,True,False,holdout,last12,11,2025-11-01,10002.46,10087.041015625,778.579323382306,9077.9248046875,11073.50390625,0.8,759.7571376811595,
chronos_2,electricity,USA|North Carolina,US,True,False,holdout,last12,12,2025-12-01,12228.73,11632.22265625,883.9878214975141,10528.076171875,12793.828125,0.8,759.7571376811595,
chronos_2,electricity,USA|North Carolina,US,True,False,rolling,2022-12-01,1,2023-01-01,11051.8,12719.37890625,713.186178265756,11813.896484375,13641.8662109375,0.8,756.5086904761905,
chronos_2,electricity,USA|North Carolina,US,True,False,rolling,2022-12-01,2,2023-02-01,8981.8,10773.8857421875,754.2984529619445,9829.412109375,11762.7568359375,0.8,756.5086904761905,
chronos_2,electricity,USA|North Carolina,US,True,False,rolling,2022-12-01,3,2023-03-01,9546.82,9724.869140625,730.5906183988548,8819.376953125,10691.9560546875,0.8,756.5086904761905,
chronos_2,electricity,USA|North Carolina,US,True,False,rolling,2022-12-01,4,2023-04-01,8869.77,8581.0302734375,730.8386545312244,7683.0400390625,9556.2548828125,0.8,756.5086904761905,
chronos_2,electricity,USA|North Carolina,US,True,False,rolling,2022-12-01,5,2023-05-01,10235.03,10294.3505859375,732.5661442764842,9379.6162109375,11257.2587890625,0.8,756.5086904761905,
chronos_2,electricity,USA|North Carolina,US,True,False,rolling,2022-12-01,6,2023-06-01,10973.94,12026.8935546875,779.29104610929,11116.5107421875,13113.9140625,0.8,756.5086904761905,
chronos_2,electricity,USA|North Carolina,US,True,False,rolling,2022-12-01,7,2023-07-01,14187.39,13310.2197265625,823.481102491012,12312.8994140625,14423.56640625,0.8,756.5086904761905,
chronos_2,electricity,USA|North Carolina,US,True,False,rolling,2022-12-01,8,2023-08-01,13925.83,12907.0869140625,779.3855360644785,11950.7333984375,13948.37890625,0.8,756.5086904761905,
chronos_2,electricity,USA|North Carolina,US,True,False,rolling,2022-12-01,9,2023-09-01,10959.2,10268.095703125,766.3695447372692,9330.37890625,11294.6630859375,0.8,756.5086904761905,
chronos_2,electricity,USA|North Carolina,US,True,False,rolling,2022-12-01,10,2023-10-01,9302.42,9217.59375,796.0729193602198,8181.7509765625,10222.16796875,0.8,756.5086904761905,
chronos_2,electricity,USA|North Carolina,US,True,False,rolling,2022-12-01,11,2023-11-01,10392.46,9815.2294921875,793.7384840560276,8805.2119140625,10839.6455078125,0.8,756.5086904761905,
chronos_2,electricity,USA|North Carolina,US,True,False,rolling,2022-12-01,12,2023-12-01,11142.74,11414.26953125,874.1433397952592,10323.6123046875,12564.1318359375,0.8,756.5086904761905,
chronos_2,electricity,USA|North Carolina,US,True,False,rolling,2023-12-01,1,2024-01-01,12623.91,12165.748046875,740.571119915635,11248.1171875,13146.27734375,0.8,758.333106060606,
chronos_2,electricity,USA|North Carolina,US,True,False,rolling,2023-12-01,2,2024-02-01,10178.81,10573.49609375,733.4733240478702,9646.8330078125,11526.80078125,0.8,758.333106060606,
chronos_2,electricity,USA|North Carolina,US,True,False,rolling,2023-12-01,3,2024-03-01,9831.13,9705.2744140625,675.783015318598,8827.666015625,10559.767578125,0.8,758.333106060606,
chronos_2,electricity,USA|North Carolina,US,True,False,rolling,2023-12-01,4,2024-04-01,9511.56,8481.1318359375,696.1530303154441,7574.56201171875,9358.8740234375,0.8,758.333106060606,
chronos_2,electricity,USA|North Carolina,US,True,False,rolling,2023-12-01,5,2024-05-01,11408.22,10098.7060546875,690.4144800732229,9226.720703125,10996.32421875,0.8,758.333106060606,
chronos_2,electricity,USA|North Carolina,US,True,False,rolling,2023-12-01,6,2024-06-01,13048.93,11866.1845703125,738.051895787788,10971.798828125,12863.501953125,0.8,758.333106060606,
chronos_2,electricity,USA|North Carolina,US,True,False,rolling,2023-12-01,7,2024-07-01,14112.44,13447.5498046875,798.7986497610996,12469.2509765625,14516.654296875,0.8,758.333106060606,
chronos_2,electricity,USA|North Carolina,US,True,False,rolling,2023-12-01,8,2024-08-01,13654.19,12953.25,725.1292513921157,12062.5830078125,13921.1640625,0.8,758.333106060606,
chronos_2,electricity,USA|North Carolina,US,True,False,rolling,2023-12-01,9,2024-09-01,10703.63,10609.216796875,747.7115886663881,9674.3076171875,11590.76953125,0.8,758.333106060606,
chronos_2,electricity,USA|North Carolina,US,True,False,rolling,2023-12-01,10,2024-10-01,10211.84,9468.87109375,761.5494139990067,8472.734375,10424.6640625,0.8,758.333106060606,
chronos_2,electricity,USA|North Carolina,US,True,False,rolling,2023-12-01,11,2024-11-01,10161.2,9945.1630859375,759.3193748549825,8961.923828125,10908.1376953125,0.8,758.333106060606,
chronos_2,electricity,USA|North Carolina,US,True,False,rolling,2023-12-01,12,2024-12-01,11949.53,11222.7138671875,805.4140896479427,10197.3896484375,12261.7490234375,0.8,758.333106060606,
chronos_2,electricity,USA|North Carolina,US,True,False,rolling,2024-12-01,1,2025-01-01,13974.47,12603.2705078125,754.6695546407894,11638.6650390625,13572.9609375,0.8,759.7571376811595,
chronos_2,electricity,USA|North Carolina,US,True,False,rolling,2024-12-01,2,2025-02-01,10490.7,10862.470703125,767.4954230339703,9890.09765625,11857.267578125,0.8,759.7571376811595,
chronos_2,electricity,USA|North Carolina,US,True,False,rolling,2024-12-01,3,2025-03-01,9176.69,9925.03125,697.774028357175,9019.576171875,10808.04296875,0.8,759.7571376811595,
chronos_2,electricity,USA|North Carolina,US,True,False,rolling,2024-12-01,4,2025-04-01,9144.82,8839.0419921875,720.3754160256386,7936.9609375,9783.357421875,0.8,759.7571376811595,
chronos_2,electricity,USA|North Carolina,US,True,False,rolling,2024-12-01,5,2025-05-01,10742.12,10432.6728515625,718.6113495235317,9522.029296875,11363.904296875,0.8,759.7571376811595,
chronos_2,electricity,USA|North Carolina,US,True,False,rolling,2024-12-01,6,2025-06-01,12996.19,12332.8759765625,811.1612125675499,11379.0244140625,13458.1142578125,0.8,759.7571376811595,
chronos_2,electricity,USA|North Carolina,US,True,False,rolling,2024-12-01,7,2025-07-01,14749.2,13641.421875,865.0623978921884,12581.609375,14798.853515625,0.8,759.7571376811595,
chronos_2,electricity,USA|North Carolina,US,True,False,rolling,2024-12-01,8,2025-08-01,12363.15,13178.33984375,798.4827942254091,12200.349609375,14246.943359375,0.8,759.7571376811595,
chronos_2,electricity,USA|North Carolina,US,True,False,rolling,2024-12-01,9,2025-09-01,11296.2,10636.9189453125,784.4662761952769,9664.3583984375,11675.0263671875,0.8,759.7571376811595,
chronos_2,electricity,USA|North Carolina,US,True,False,rolling,2024-12-01,10,2025-10-01,9170.38,9602.8046875,783.4505091770011,8565.9970703125,10574.0615234375,0.8,759.7571376811595,
chronos_2,electricity,USA|North Carolina,US,True,False,rolling,2024-12-01,11,2025-11-01,10002.46,10087.041015625,778.579323382306,9077.9248046875,11073.50390625,0.8,759.7571376811595,
chronos_2,electricity,USA|North Carolina,US,True,False,rolling,2024-12-01,12,2025-12-01,12228.73,11632.22265625,883.9878214975141,10528.076171875,12793.828125,0.8,759.7571376811595,
chronos_2,electricity,USA|North Dakota,US,False,False,holdout,last12,1,2025-01-01,4480.72,4103.599609375,184.5525035148938,3858.488037109375,4331.51513671875,0.8,199.00463768115938,
chronos_2,electricity,USA|North Dakota,US,False,False,holdout,last12,2,2025-02-01,3823.39,3770.68359375,193.04326420592062,3514.963134765625,4009.7529296875,0.8,199.00463768115938,
chronos_2,electricity,USA|North Dakota,US,False,False,holdout,last12,3,2025-03-01,3687.94,3834.0302734375,197.382086734942,3573.5595703125,4079.47021484375,0.8,199.00463768115938,
chronos_2,electricity,USA|North Dakota,US,False,False,holdout,last12,4,2025-04-01,3135.29,3325.626220703125,199.0731902272966,3080.412353515625,3590.657470703125,0.8,199.00463768115938,
chronos_2,electricity,USA|North Dakota,US,False,False,holdout,last12,5,2025-05-01,3062.74,3319.168212890625,195.52543531706567,3074.17822265625,3575.330078125,0.8,199.00463768115938,
chronos_2,electricity,USA|North Dakota,US,False,False,holdout,last12,6,2025-06-01,3095.37,3433.3154296875,203.7745417577769,3177.976318359375,3700.271484375,0.8,199.00463768115938,
chronos_2,electricity,USA|North Dakota,US,False,False,holdout,last12,7,2025-07-01,3579.34,3790.794677734375,221.53589102604815,3500.79248046875,4068.61181640625,0.8,199.00463768115938,
chronos_2,electricity,USA|North Dakota,US,False,False,holdout,last12,8,2025-08-01,3302.88,3797.77197265625,221.11449630653837,3512.175537109375,4078.914794921875,0.8,199.00463768115938,
chronos_2,electricity,USA|North Dakota,US,False,False,holdout,last12,9,2025-09-01,3089.49,3468.6279296875,226.62263203101682,3180.1162109375,3760.973388671875,0.8,199.00463768115938,
chronos_2,electricity,USA|North Dakota,US,False,False,holdout,last12,10,2025-10-01,3552.32,3596.67236328125,232.95726910748135,3293.6943359375,3890.787841796875,0.8,199.00463768115938,
chronos_2,electricity,USA|North Dakota,US,False,False,holdout,last12,11,2025-11-01,3712.81,3773.83984375,237.2657062577677,3458.203125,4066.339599609375,0.8,199.00463768115938,
chronos_2,electricity,USA|North Dakota,US,False,False,holdout,last12,12,2025-12-01,4218.86,4011.539306640625,231.0730898699987,3708.83935546875,4301.103515625,0.8,199.00463768115938,
chronos_2,electricity,USA|North Dakota,US,False,False,rolling,2022-12-01,1,2023-01-01,3816.16,3986.168212890625,159.95606331475463,3777.43994140625,4187.423828125,0.8,192.06484126984125,
chronos_2,electricity,USA|North Dakota,US,False,False,rolling,2022-12-01,2,2023-02-01,3777.01,3703.45263671875,178.13547348355223,3462.550537109375,3919.130126953125,0.8,192.06484126984125,
chronos_2,electricity,USA|North Dakota,US,False,False,rolling,2022-12-01,3,2023-03-01,3547.3,3739.787109375,184.92627224892553,3491.677001953125,3965.662109375,0.8,192.06484126984125,
chronos_2,electricity,USA|North Dakota,US,False,False,rolling,2022-12-01,4,2023-04-01,3086.39,3300.192138671875,206.55437527815974,3032.76416015625,3562.184326171875,0.8,192.06484126984125,
chronos_2,electricity,USA|North Dakota,US,False,False,rolling,2022-12-01,5,2023-05-01,2928.43,3306.40087890625,213.50805491386797,3031.14208984375,3578.38525390625,0.8,192.06484126984125,
chronos_2,electricity,USA|North Dakota,US,False,False,rolling,2022-12-01,6,2023-06-01,2843.66,3403.99658203125,204.82802855655135,3141.068115234375,3666.0634765625,0.8,192.06484126984125,
chronos_2,electricity,USA|North Dakota,US,False,False,rolling,2022-12-01,7,2023-07-01,3509.88,3807.353515625,213.4517609990329,3535.28076171875,4082.379638671875,0.8,192.06484126984125,
chronos_2,electricity,USA|North Dakota,US,False,False,rolling,2022-12-01,8,2023-08-01,3323.19,3806.41748046875,221.8451741757426,3516.703857421875,4085.31591796875,0.8,192.06484126984125,
chronos_2,electricity,USA|North Dakota,US,False,False,rolling,2022-12-01,9,2023-09-01,3144.31,3500.4052734375,233.88730935189673,3192.962646484375,3792.43994140625,0.8,192.06484126984125,
chronos_2,electricity,USA|North Dakota,US,False,False,rolling,2022-12-01,10,2023-10-01,3294.49,3602.470947265625,237.8979888409743,3283.02294921875,3892.780029296875,0.8,192.06484126984125,
chronos_2,electricity,USA|North Dakota,US,False,False,rolling,2022-12-01,11,2023-11-01,3705.31,3697.1181640625,234.4773000599988,3381.08203125,3982.071533203125,0.8,192.06484126984125,
chronos_2,electricity,USA|North Dakota,US,False,False,rolling,2022-12-01,12,2023-12-01,3754.17,3916.91845703125,227.2215764243888,3608.172607421875,4190.56494140625,0.8,192.06484126984125,
chronos_2,electricity,USA|North Dakota,US,False,False,rolling,2023-12-01,1,2024-01-01,3861.21,3875.1220703125,174.78108007436217,3639.806640625,4087.78857421875,0.8,198.93450757575755,
chronos_2,electricity,USA|North Dakota,US,False,False,rolling,2023-12-01,2,2024-02-01,3517.65,3543.676513671875,217.74981568448504,3243.491943359375,3801.607177734375,0.8,198.93450757575755,
chronos_2,electricity,USA|North Dakota,US,False,False,rolling,2023-12-01,3,2024-03-01,3703.86,3560.0673828125,231.22882684251195,3239.455810546875,3832.119140625,0.8,198.93450757575755,
chronos_2,electricity,USA|North Dakota,US,False,False,rolling,2023-12-01,4,2024-04-01,3384.71,3110.30029296875,234.83125638407168,2825.889404296875,3427.7861328125,0.8,198.93450757575755,
chronos_2,electricity,USA|North Dakota,US,False,False,rolling,2023-12-01,5,2024-05-01,2973.23,3097.424560546875,232.8476340889109,2803.5859375,3400.3984375,0.8,198.93450757575755,
chronos_2,electricity,USA|North Dakota,US,False,False,rolling,2023-12-01,6,2024-06-01,3453.11,3272.962890625,238.88498976402144,2969.21337890625,3581.500244140625,0.8,198.93450757575755,
chronos_2,electricity,USA|North Dakota,US,False,False,rolling,2023-12-01,7,2024-07-01,3530.39,3675.3232421875,243.0113051458397,3364.7158203125,3987.578857421875,0.8,198.93450757575755,
chronos_2,electricity,USA|North Dakota,US,False,False,rolling,2023-12-01,8,2024-08-01,3639.7,3679.82568359375,245.1220888222269,3365.728759765625,3994.001953125,0.8,198.93450757575755,
chronos_2,electricity,USA|North Dakota,US,False,False,rolling,2023-12-01,9,2024-09-01,3243.86,3371.908203125,250.824157559572,3045.175048828125,3688.063232421875,0.8,198.93450757575755,
chronos_2,electricity,USA|North Dakota,US,False,False,rolling,2023-12-01,10,2024-10-01,3389.15,3472.314697265625,262.9784995575124,3121.792236328125,3795.833251953125,0.8,198.93450757575755,
chronos_2,electricity,USA|North Dakota,US,False,False,rolling,2023-12-01,11,2024-11-01,3740.56,3571.107421875,262.1654287334311,3226.874755859375,3898.831787109375,0.8,198.93450757575755,
chronos_2,electricity,USA|North Dakota,US,False,False,rolling,2023-12-01,12,2024-12-01,4180.72,3786.484375,259.2870094231087,3441.600341796875,4106.1796875,0.8,198.93450757575755,
chronos_2,electricity,USA|North Dakota,US,False,False,rolling,2024-12-01,1,2025-01-01,4480.72,4103.599609375,184.5525035148938,3858.488037109375,4331.51513671875,0.8,199.00463768115938,
chronos_2,electricity,USA|North Dakota,US,False,False,rolling,2024-12-01,2,2025-02-01,3823.39,3770.68359375,193.04326420592062,3514.963134765625,4009.7529296875,0.8,199.00463768115938,
chronos_2,electricity,USA|North Dakota,US,False,False,rolling,2024-12-01,3,2025-03-01,3687.94,3834.0302734375,197.382086734942,3573.5595703125,4079.47021484375,0.8,199.00463768115938,
chronos_2,electricity,USA|North Dakota,US,False,False,rolling,2024-12-01,4,2025-04-01,3135.29,3325.626220703125,199.0731902272966,3080.412353515625,3590.657470703125,0.8,199.00463768115938,
chronos_2,electricity,USA|North Dakota,US,False,False,rolling,2024-12-01,5,2025-05-01,3062.74,3319.168212890625,195.52543531706567,3074.17822265625,3575.330078125,0.8,199.00463768115938,
chronos_2,electricity,USA|North Dakota,US,False,False,rolling,2024-12-01,6,2025-06-01,3095.37,3433.3154296875,203.7745417577769,3177.976318359375,3700.271484375,0.8,199.00463768115938,
chronos_2,electricity,USA|North Dakota,US,False,False,rolling,2024-12-01,7,2025-07-01,3579.34,3790.794677734375,221.53589102604815,3500.79248046875,4068.61181640625,0.8,199.00463768115938,
chronos_2,electricity,USA|North Dakota,US,False,False,rolling,2024-12-01,8,2025-08-01,3302.88,3797.77197265625,221.11449630653837,3512.175537109375,4078.914794921875,0.8,199.00463768115938,
chronos_2,electricity,USA|North Dakota,US,False,False,rolling,2024-12-01,9,2025-09-01,3089.49,3468.6279296875,226.62263203101682,3180.1162109375,3760.973388671875,0.8,199.00463768115938,
chronos_2,electricity,USA|North Dakota,US,False,False,rolling,2024-12-01,10,2025-10-01,3552.32,3596.67236328125,232.95726910748135,3293.6943359375,3890.787841796875,0.8,199.00463768115938,
chronos_2,electricity,USA|North Dakota,US,False,False,rolling,2024-12-01,11,2025-11-01,3712.81,3773.83984375,237.2657062577677,3458.203125,4066.339599609375,0.8,199.00463768115938,
chronos_2,electricity,USA|North Dakota,US,False,False,rolling,2024-12-01,12,2025-12-01,4218.86,4011.539306640625,231.0730898699987,3708.83935546875,4301.103515625,0.8,199.00463768115938,
chronos_2,electricity,USA|Ohio,US,True,False,holdout,last12,1,2025-01-01,14564.37,13273.4990234375,740.9593669492521,12333.287109375,14232.4423828125,0.8,912.0921014492752,
chronos_2,electricity,USA|Ohio,US,True,False,holdout,last12,2,2025-02-01,12128.6,11955.1318359375,789.5721628464078,10945.630859375,12969.3857421875,0.8,912.0921014492752,
chronos_2,electricity,USA|Ohio,US,True,False,holdout,last12,3,2025-03-01,11184.99,11508.9375,813.1843644306575,10465.53125,12549.806640625,0.8,912.0921014492752,
chronos_2,electricity,USA|Ohio,US,True,False,holdout,last12,4,2025-04-01,8299.15,10009.1875,789.2083003173555,9004.7744140625,11027.5966796875,0.8,912.0921014492752,
chronos_2,electricity,USA|Ohio,US,True,False,holdout,last12,5,2025-05-01,11238.9,10665.5068359375,774.9627965490448,9638.53125,11624.8408203125,0.8,912.0921014492752,
chronos_2,electricity,USA|Ohio,US,True,False,holdout,last12,6,2025-06-01,13043.38,12122.0927734375,828.8026396043875,11045.7880859375,13170.0947265625,0.8,912.0921014492752,
chronos_2,electricity,USA|Ohio,US,True,False,holdout,last12,7,2025-07-01,15251.93,13566.115234375,837.5143848680325,12474.9755859375,14621.611328125,0.8,912.0921014492752,
chronos_2,electricity,USA|Ohio,US,True,False,holdout,last12,8,2025-08-01,13721.02,13509.935546875,888.2783512772608,12335.8740234375,14612.623046875,0.8,912.0921014492752,
chronos_2,electricity,USA|Ohio,US,True,False,holdout,last12,9,2025-09-01,12813.83,11744.328125,888.9976941619212,10616.0048828125,12894.59765625,0.8,912.0921014492752,
chronos_2,electricity,USA|Ohio,US,True,False,holdout,last12,10,2025-10-01,9913.77,11127.6630859375,901.7446939231505,9956.05078125,12267.3154296875,0.8,912.0921014492752,
chronos_2,electricity,USA|Ohio,US,True,False,holdout,last12,11,2025-11-01,11630.07,11390.1865234375,914.9351868611514,10219.2470703125,12564.3203125,0.8,912.0921014492752,
chronos_2,electricity,USA|Ohio,US,True,False,holdout,last12,12,2025-12-01,13325.61,12516.4326171875,983.538323398922,11265.001953125,13785.912109375,0.8,912.0921014492752,
chronos_2,electricity,USA|Ohio,US,True,False,rolling,2022-12-01,1,2023-01-01,10545.46,11971.216796875,768.9501111344119,11022.8232421875,12993.7216796875,0.8,900.7856349206348,
chronos_2,electricity,USA|Ohio,US,True,False,rolling,2022-12-01,2,2023-02-01,9629.24,10913.4697265625,847.5863282769307,9846.78515625,12019.236328125,0.8,900.7856349206348,
chronos_2,electricity,USA|Ohio,US,True,False,rolling,2022-12-01,3,2023-03-01,10109.58,10528.140625,876.5650259048471,9433.76171875,11680.48828125,0.8,900.7856349206348,
chronos_2,electricity,USA|Ohio,US,True,False,rolling,2022-12-01,4,2023-04-01,8210.08,9012.1650390625,894.3060865033048,7917.74560546875,10209.9443359375,0.8,900.7856349206348,
chronos_2,electricity,USA|Ohio,US,True,False,rolling,2022-12-01,5,2023-05-01,10269.82,9467.2265625,900.3730655413826,8329.8916015625,10637.640625,0.8,900.7856349206348,
chronos_2,electricity,USA|Ohio,US,True,False,rolling,2022-12-01,6,2023-06-01,10701.62,10997.76171875,912.2551774063305,9822.0810546875,12160.28515625,0.8,900.7856349206348,
chronos_2,electricity,USA|Ohio,US,True,False,rolling,2022-12-01,7,2023-07-01,13118.89,12372.572265625,917.1922775649272,11200.4873046875,13551.345703125,0.8,900.7856349206348,
chronos_2,electricity,USA|Ohio,US,True,False,rolling,2022-12-01,8,2023-08-01,12492.98,12448.484375,957.1257138685629,11253.611328125,13706.8232421875,0.8,900.7856349206348,
chronos_2,electricity,USA|Ohio,US,True,False,rolling,2022-12-01,9,2023-09-01,12078.37,10726.1787109375,978.3021320515232,9471.83984375,11979.3291015625,0.8,900.7856349206348,
chronos_2,electricity,USA|Ohio,US,True,False,rolling,2022-12-01,10,2023-10-01,10283.03,10174.62109375,992.955314255526,8863.76953125,11408.81640625,0.8,900.7856349206348,
chronos_2,electricity,USA|Ohio,US,True,False,rolling,2022-12-01,11,2023-11-01,11715.35,10294.736328125,993.4723419538757,8998.111328125,11544.4833984375,0.8,900.7856349206348,
chronos_2,electricity,USA|Ohio,US,True,False,rolling,2022-12-01,12,2023-12-01,12395.44,11394.208984375,1008.9915550778113,10078.3447265625,12664.494140625,0.8,900.7856349206348,
chronos_2,electricity,USA|Ohio,US,True,False,rolling,2023-12-01,1,2024-01-01,13475.43,12796.14453125,720.0698477028114,11891.69921875,13737.3125,0.8,906.9392803030302,
chronos_2,electricity,USA|Ohio,US,True,False,rolling,2023-12-01,2,2024-02-01,11014.72,11559.8251953125,809.9294140791457,10488.373046875,12564.3056640625,0.8,906.9392803030302,
chronos_2,electricity,USA|Ohio,US,True,False,rolling,2023-12-01,3,2024-03-01,10211.97,11097.3203125,824.7277602868855,10037.66015625,12151.5224609375,0.8,906.9392803030302,
chronos_2,electricity,USA|Ohio,US,True,False,rolling,2023-12-01,4,2024-04-01,9834.6,9697.1318359375,848.032488508889,8623.892578125,10797.4873046875,0.8,906.9392803030302,
chronos_2,electricity,USA|Ohio,US,True,False,rolling,2023-12-01,5,2024-05-01,10620.1,10380.35546875,805.9825534106086,9315.783203125,11381.599609375,0.8,906.9392803030302,
chronos_2,electricity,USA|Ohio,US,True,False,rolling,2023-12-01,6,2024-06-01,12786.71,11698.4033203125,853.181429050892,10586.71484375,12773.5068359375,0.8,906.9392803030302,
chronos_2,electricity,USA|Ohio,US,True,False,rolling,2023-12-01,7,2024-07-01,13908.02,12993.353515625,849.249808697708,11906.275390625,14082.990234375,0.8,906.9392803030302,
chronos_2,electricity,USA|Ohio,US,True,False,rolling,2023-12-01,8,2024-08-01,13603.14,12990.267578125,872.5133880682585,11900.703125,14137.044921875,0.8,906.9392803030302,
chronos_2,electricity,USA|Ohio,US,True,False,rolling,2023-12-01,9,2024-09-01,11885.26,11371.240234375,884.8389931099779,10246.166015625,12514.099609375,0.8,906.9392803030302,
chronos_2,electricity,USA|Ohio,US,True,False,rolling,2023-12-01,10,2024-10-01,10133.08,10902.845703125,916.8950914155441,9701.2099609375,12051.306640625,0.8,906.9392803030302,
chronos_2,electricity,USA|Ohio,US,True,False,rolling,2023-12-01,11,2024-11-01,11060.38,11289.8095703125,916.6992533632583,10118.767578125,12468.3623046875,0.8,906.9392803030302,
chronos_2,electricity,USA|Ohio,US,True,False,rolling,2023-12-01,12,2024-12-01,13325.84,12240.6044921875,970.7768453381075,11012.716796875,13500.91796875,0.8,906.9392803030302,
chronos_2,electricity,USA|Ohio,US,True,False,rolling,2024-12-01,1,2025-01-01,14564.37,13273.4990234375,740.9593669492521,12333.287109375,14232.4423828125,0.8,912.0921014492752,
chronos_2,electricity,USA|Ohio,US,True,False,rolling,2024-12-01,2,2025-02-01,12128.6,11955.1318359375,789.5721628464078,10945.630859375,12969.3857421875,0.8,912.0921014492752,
chronos_2,electricity,USA|Ohio,US,True,False,rolling,2024-12-01,3,2025-03-01,11184.99,11508.9375,813.1843644306575,10465.53125,12549.806640625,0.8,912.0921014492752,
chronos_2,electricity,USA|Ohio,US,True,False,rolling,2024-12-01,4,2025-04-01,8299.15,10009.1875,789.2083003173555,9004.7744140625,11027.5966796875,0.8,912.0921014492752,
chronos_2,electricity,USA|Ohio,US,True,False,rolling,2024-12-01,5,2025-05-01,11238.9,10665.5068359375,774.9627965490448,9638.53125,11624.8408203125,0.8,912.0921014492752,
chronos_2,electricity,USA|Ohio,US,True,False,rolling,2024-12-01,6,2025-06-01,13043.38,12122.0927734375,828.8026396043875,11045.7880859375,13170.0947265625,0.8,912.0921014492752,
chronos_2,electricity,USA|Ohio,US,True,False,rolling,2024-12-01,7,2025-07-01,15251.93,13566.115234375,837.5143848680325,12474.9755859375,14621.611328125,0.8,912.0921014492752,
chronos_2,electricity,USA|Ohio,US,True,False,rolling,2024-12-01,8,2025-08-01,13721.02,13509.935546875,888.2783512772608,12335.8740234375,14612.623046875,0.8,912.0921014492752,
chronos_2,electricity,USA|Ohio,US,True,False,rolling,2024-12-01,9,2025-09-01,12813.83,11744.328125,888.9976941619212,10616.0048828125,12894.59765625,0.8,912.0921014492752,
chronos_2,electricity,USA|Ohio,US,True,False,rolling,2024-12-01,10,2025-10-01,9913.77,11127.6630859375,901.7446939231505,9956.05078125,12267.3154296875,0.8,912.0921014492752,
chronos_2,electricity,USA|Ohio,US,True,False,rolling,2024-12-01,11,2025-11-01,11630.07,11390.1865234375,914.9351868611514,10219.2470703125,12564.3203125,0.8,912.0921014492752,
chronos_2,electricity,USA|Ohio,US,True,False,rolling,2024-12-01,12,2025-12-01,13325.61,12516.4326171875,983.538323398922,11265.001953125,13785.912109375,0.8,912.0921014492752,
chronos_2,electricity,USA|Oklahoma,US,True,False,holdout,last12,1,2025-01-01,8291.08,7933.3037109375,446.94453668722946,7368.84423828125,8514.4091796875,0.8,535.8723550724637,
chronos_2,electricity,USA|Oklahoma,US,True,False,holdout,last12,2,2025-02-01,6840.8,7261.56689453125,455.8444998454837,6681.177734375,7849.55419921875,0.8,535.8723550724637,
chronos_2,electricity,USA|Oklahoma,US,True,False,holdout,last12,3,2025-03-01,7000.79,7170.7509765625,461.9173845057609,6583.38623046875,7767.328125,0.8,535.8723550724637,
chronos_2,electricity,USA|Oklahoma,US,True,False,holdout,last12,4,2025-04-01,6367.57,7113.43212890625,498.2708707329826,6488.1298828125,7765.24951171875,0.8,535.8723550724637,
chronos_2,electricity,USA|Oklahoma,US,True,False,holdout,last12,5,2025-05-01,6689.29,7629.927734375,548.6664025185527,6942.60693359375,8348.8955078125,0.8,535.8723550724637,
chronos_2,electricity,USA|Oklahoma,US,True,False,holdout,last12,6,2025-06-01,8373.76,8785.431640625,637.8266289241271,8001.5537109375,9636.369140625,0.8,535.8723550724637,
chronos_2,electricity,USA|Oklahoma,US,True,False,holdout,last12,7,2025-07-01,9842.85,9821.64453125,680.9182395767833,8949.0322265625,10694.2958984375,0.8,535.8723550724637,
chronos_2,electricity,USA|Oklahoma,US,True,False,holdout,last12,8,2025-08-01,9038.69,9727.376953125,692.4208675894421,8842.44140625,10617.1875,0.8,535.8723550724637,
chronos_2,electricity,USA|Oklahoma,US,True,False,holdout,last12,9,2025-09-01,7394.28,8061.951171875,661.8413653376374,7224.44970703125,8920.8173828125,0.8,535.8723550724637,
chronos_2,electricity,USA|Oklahoma,US,True,False,holdout,last12,10,2025-10-01,7219.92,7163.9580078125,577.1221668259202,6445.1455078125,7924.369140625,0.8,535.8723550724637,
chronos_2,electricity,USA|Oklahoma,US,True,False,holdout,last12,11,2025-11-01,6581.66,6877.40673828125,565.5039029205207,6178.69189453125,7628.13671875,0.8,535.8723550724637,
chronos_2,electricity,USA|Oklahoma,US,True,False,holdout,last12,12,2025-12-01,7662.01,7680.30908203125,655.6073143425025,6852.24755859375,8532.63671875,0.8,535.8723550724637,
chronos_2,electricity,USA|Oklahoma,US,True,False,rolling,2022-12-01,1,2023-01-01,7117.98,7344.4423828125,484.5747803331467,6737.3271484375,7979.34228515625,0.8,531.1959920634921,
chronos_2,electricity,USA|Oklahoma,US,True,False,rolling,2022-12-01,2,2023-02-01,6597.47,6516.4462890625,476.3259596483484,5925.7177734375,7146.59033203125,0.8,531.1959920634921,
chronos_2,electricity,USA|Oklahoma,US,True,False,rolling,2022-12-01,3,2023-03-01,7071.78,6360.12548828125,465.54172200064056,5793.09423828125,6986.32568359375,0.8,531.1959920634921,
chronos_2,electricity,USA|Oklahoma,US,True,False,rolling,2022-12-01,4,2023-04-01,6645.75,6288.8427734375,469.86787601752474,5703.44921875,6907.76904296875,0.8,531.1959920634921,
chronos_2,electricity,USA|Oklahoma,US,True,False,rolling,2022-12-01,5,2023-05-01,7031.55,6779.568359375,540.5644603729686,6107.6337890625,7493.15625,0.8,531.1959920634921,
chronos_2,electricity,USA|Oklahoma,US,True,False,rolling,2022-12-01,6,2023-06-01,8073.46,7955.390625,628.3094329940774,7189.6845703125,8800.1064453125,0.8,531.1959920634921,
chronos_2,electricity,USA|Oklahoma,US,True,False,rolling,2022-12-01,7,2023-07-01,9653.31,8967.314453125,664.1866593665185,8102.69921875,9805.078125,0.8,531.1959920634921,
chronos_2,electricity,USA|Oklahoma,US,True,False,rolling,2022-12-01,8,2023-08-01,9734.61,8846.2666015625,671.6014537936252,7987.9287109375,9709.3125,0.8,531.1959920634921,
chronos_2,electricity,USA|Oklahoma,US,True,False,rolling,2022-12-01,9,2023-09-01,8032.41,7226.05029296875,643.0470084443472,6410.85888671875,8059.0546875,0.8,531.1959920634921,
chronos_2,electricity,USA|Oklahoma,US,True,False,rolling,2022-12-01,10,2023-10-01,6806.07,6343.88330078125,560.378203859431,5655.16845703125,7091.4755859375,0.8,531.1959920634921,
chronos_2,electricity,USA|Oklahoma,US,True,False,rolling,2022-12-01,11,2023-11-01,6314.59,6047.51513671875,525.0111470434307,5397.42529296875,6743.0830078125,0.8,531.1959920634921,
chronos_2,electricity,USA|Oklahoma,US,True,False,rolling,2022-12-01,12,2023-12-01,7049.56,6786.91015625,642.637234465294,5962.296875,7609.4423828125,0.8,531.1959920634921,
chronos_2,electricity,USA|Oklahoma,US,True,False,rolling,2023-12-01,1,2024-01-01,8593.89,7370.22021484375,437.6054619428676,6812.55810546875,7934.18603515625,0.8,530.2770833333333,
chronos_2,electricity,USA|Oklahoma,US,True,False,rolling,2023-12-01,2,2024-02-01,6779.08,6804.630859375,444.8501363498467,6237.60205078125,7377.798828125,0.8,530.2770833333333,
chronos_2,electricity,USA|Oklahoma,US,True,False,rolling,2023-12-01,3,2024-03-01,6785.79,6655.03759765625,445.5115660361659,6090.10302734375,7231.9951171875,0.8,530.2770833333333,
chronos_2,electricity,USA|Oklahoma,US,True,False,rolling,2023-12-01,4,2024-04-01,7591.76,6609.27001953125,449.61578296072236,6038.1533203125,7190.56494140625,0.8,530.2770833333333,
chronos_2,electricity,USA|Oklahoma,US,True,False,rolling,2023-12-01,5,2024-05-01,7839.72,7141.3828125,513.6904502952981,6491.5791015625,7808.220703125,0.8,530.2770833333333,
chronos_2,electricity,USA|Oklahoma,US,True,False,rolling,2023-12-01,6,2024-06-01,9083.47,8368.685546875,614.1925193865575,7603.13525390625,9177.3740234375,0.8,530.2770833333333,
chronos_2,electricity,USA|Oklahoma,US,True,False,rolling,2023-12-01,7,2024-07-01,9490.75,9382.326171875,654.0305132152952,8529.640625,10205.98828125,0.8,530.2770833333333,
chronos_2,electricity,USA|Oklahoma,US,True,False,rolling,2023-12-01,8,2024-08-01,10089.06,9192.1708984375,650.9230129148234,8347.3837890625,10015.7666015625,0.8,530.2770833333333,
chronos_2,electricity,USA|Oklahoma,US,True,False,rolling,2023-12-01,9,2024-09-01,7334.53,7621.16015625,628.8519882206433,6812.541015625,8424.353515625,0.8,530.2770833333333,
chronos_2,electricity,USA|Oklahoma,US,True,False,rolling,2023-12-01,10,2024-10-01,7397.75,6723.91455078125,549.3348808507226,6024.96044921875,7432.96240234375,0.8,530.2770833333333,
chronos_2,electricity,USA|Oklahoma,US,True,False,rolling,2023-12-01,11,2024-11-01,7240.07,6398.986328125,516.9596884424534,5751.84814453125,7076.869140625,0.8,530.2770833333333,
chronos_2,electricity,USA|Oklahoma,US,True,False,rolling,2023-12-01,12,2024-12-01,7517.43,7138.56982421875,611.407542259743,6345.626953125,7912.7275390625,0.8,530.2770833333333,
chronos_2,electricity,USA|Oklahoma,US,True,False,rolling,2024-12-01,1,2025-01-01,8291.08,7933.3037109375,446.94453668722946,7368.84423828125,8514.4091796875,0.8,535.8723550724637,
chronos_2,electricity,USA|Oklahoma,US,True,False,rolling,2024-12-01,2,2025-02-01,6840.8,7261.56689453125,455.8444998454837,6681.177734375,7849.55419921875,0.8,535.8723550724637,
chronos_2,electricity,USA|Oklahoma,US,True,False,rolling,2024-12-01,3,2025-03-01,7000.79,7170.7509765625,461.9173845057609,6583.38623046875,7767.328125,0.8,535.8723550724637,
chronos_2,electricity,USA|Oklahoma,US,True,False,rolling,2024-12-01,4,2025-04-01,6367.57,7113.43212890625,498.2708707329826,6488.1298828125,7765.24951171875,0.8,535.8723550724637,
chronos_2,electricity,USA|Oklahoma,US,True,False,rolling,2024-12-01,5,2025-05-01,6689.29,7629.927734375,548.6664025185527,6942.60693359375,8348.8955078125,0.8,535.8723550724637,
chronos_2,electricity,USA|Oklahoma,US,True,False,rolling,2024-12-01,6,2025-06-01,8373.76,8785.431640625,637.8266289241271,8001.5537109375,9636.369140625,0.8,535.8723550724637,
chronos_2,electricity,USA|Oklahoma,US,True,False,rolling,2024-12-01,7,2025-07-01,9842.85,9821.64453125,680.9182395767833,8949.0322265625,10694.2958984375,0.8,535.8723550724637,
chronos_2,electricity,USA|Oklahoma,US,True,False,rolling,2024-12-01,8,2025-08-01,9038.69,9727.376953125,692.4208675894421,8842.44140625,10617.1875,0.8,535.8723550724637,
chronos_2,electricity,USA|Oklahoma,US,True,False,rolling,2024-12-01,9,2025-09-01,7394.28,8061.951171875,661.8413653376374,7224.44970703125,8920.8173828125,0.8,535.8723550724637,
chronos_2,electricity,USA|Oklahoma,US,True,False,rolling,2024-12-01,10,2025-10-01,7219.92,7163.9580078125,577.1221668259202,6445.1455078125,7924.369140625,0.8,535.8723550724637,
chronos_2,electricity,USA|Oklahoma,US,True,False,rolling,2024-12-01,11,2025-11-01,6581.66,6877.40673828125,565.5039029205207,6178.69189453125,7628.13671875,0.8,535.8723550724637,
chronos_2,electricity,USA|Oklahoma,US,True,False,rolling,2024-12-01,12,2025-12-01,7662.01,7680.30908203125,655.6073143425025,6852.24755859375,8532.63671875,0.8,535.8723550724637,
chronos_2,electricity,USA|Oregon,US,True,False,holdout,last12,1,2025-01-01,6008.77,5898.3505859375,284.1162454402646,5523.5830078125,6251.80224609375,0.8,308.29626811594204,
chronos_2,electricity,USA|Oregon,US,True,False,holdout,last12,2,2025-02-01,5194.21,5615.10107421875,320.9778056805661,5192.0244140625,6014.7236328125,0.8,308.29626811594204,
chronos_2,electricity,USA|Oregon,US,True,False,holdout,last12,3,2025-03-01,5601.12,5731.4052734375,351.94612647781366,5274.8466796875,6176.9208984375,0.8,308.29626811594204,
chronos_2,electricity,USA|Oregon,US,True,False,holdout,last12,4,2025-04-01,4962.7,4915.4619140625,353.04228615957646,4494.0625,5398.9462890625,0.8,308.29626811594204,
chronos_2,electricity,USA|Oregon,US,True,False,holdout,last12,5,2025-05-01,4782.65,4783.41162109375,356.1408327747784,4347.0126953125,5259.83837890625,0.8,308.29626811594204,
chronos_2,electricity,USA|Oregon,US,True,False,holdout,last12,6,2025-06-01,5061.19,5040.63818359375,370.7258145675766,4577.7861328125,5527.99462890625,0.8,308.29626811594204,
chronos_2,electricity,USA|Oregon,US,True,False,holdout,last12,7,2025-07-01,5450.7,5483.69921875,399.27683084590024,4971.857421875,5995.2451171875,0.8,308.29626811594204,
chronos_2,electricity,USA|Oregon,US,True,False,holdout,last12,8,2025-08-01,5595.75,5424.359375,402.51215929139516,4894.482421875,5926.16259765625,0.8,308.29626811594204,
chronos_2,electricity,USA|Oregon,US,True,False,holdout,last12,9,2025-09-01,4894.0,5059.37890625,377.0800735500581,4586.263671875,5552.7587890625,0.8,308.29626811594204,
chronos_2,electricity,USA|Oregon,US,True,False,holdout,last12,10,2025-10-01,4821.6,4662.17724609375,334.0189435281078,4241.08984375,5097.21484375,0.8,308.29626811594204,
chronos_2,electricity,USA|Oregon,US,True,False,holdout,last12,11,2025-11-01,5468.79,5026.70166015625,370.9633729831411,4568.78662109375,5519.60400390625,0.8,308.29626811594204,
chronos_2,electricity,USA|Oregon,US,True,False,holdout,last12,12,2025-12-01,6815.04,5640.435546875,425.65686420219237,5070.84716796875,6161.849609375,0.8,308.29626811594204,
chronos_2,electricity,USA|Oregon,US,True,False,rolling,2022-12-01,1,2023-01-01,5403.47,5865.501953125,272.7864045029202,5475.580078125,6174.759765625,0.8,297.98781746031744,
chronos_2,electricity,USA|Oregon,US,True,False,rolling,2022-12-01,2,2023-02-01,5223.87,5505.45849609375,328.62863449170203,5043.57666015625,5885.8857421875,0.8,297.98781746031744,
chronos_2,electricity,USA|Oregon,US,True,False,rolling,2022-12-01,3,2023-03-01,5173.39,5669.365234375,327.95882263193874,5227.07666015625,6067.6689453125,0.8,297.98781746031744,
chronos_2,electricity,USA|Oregon,US,True,False,rolling,2022-12-01,4,2023-04-01,4351.6,4835.5751953125,323.154313216913,4438.201171875,5266.47900390625,0.8,297.98781746031744,
chronos_2,electricity,USA|Oregon,US,True,False,rolling,2022-12-01,5,2023-05-01,5304.48,4653.28955078125,306.5677065064433,4253.083984375,5038.8486328125,0.8,297.98781746031744,
chronos_2,electricity,USA|Oregon,US,True,False,rolling,2022-12-01,6,2023-06-01,4834.77,4969.5732421875,354.7480584554583,4509.4892578125,5418.7451171875,0.8,297.98781746031744,
chronos_2,electricity,USA|Oregon,US,True,False,rolling,2022-12-01,7,2023-07-01,5174.55,5426.31396484375,396.9580168649449,4884.41357421875,5901.85791015625,0.8,297.98781746031744,
chronos_2,electricity,USA|Oregon,US,True,False,rolling,2022-12-01,8,2023-08-01,5287.57,5295.9150390625,390.91923241027,4754.013671875,5755.97998046875,0.8,297.98781746031744,
chronos_2,electricity,USA|Oregon,US,True,False,rolling,2022-12-01,9,2023-09-01,4602.63,4966.3740234375,360.79751113088025,4496.42333984375,5421.1845703125,0.8,297.98781746031744,
chronos_2,electricity,USA|Oregon,US,True,False,rolling,2022-12-01,10,2023-10-01,4361.64,4502.6123046875,331.71841792557603,4050.66455078125,4900.89306640625,0.8,297.98781746031744,
chronos_2,electricity,USA|Oregon,US,True,False,rolling,2022-12-01,11,2023-11-01,4812.03,4852.32958984375,339.72491759626206,4419.0791015625,5289.8291015625,0.8,297.98781746031744,
chronos_2,electricity,USA|Oregon,US,True,False,rolling,2022-12-01,12,2023-12-01,5021.75,5587.48095703125,402.99261023289773,5019.99658203125,6052.908203125,0.8,297.98781746031744,
chronos_2,electricity,USA|Oregon,US,True,False,rolling,2023-12-01,1,2024-01-01,5375.68,5344.8046875,340.8921352483581,4894.419921875,5768.16162109375,0.8,301.5358333333333,
chronos_2,electricity,USA|Oregon,US,True,False,rolling,2023-12-01,2,2024-02-01,5157.67,5230.34912109375,363.23043697304104,4758.3134765625,5689.310546875,0.8,301.5358333333333,
chronos_2,electricity,USA|Oregon,US,True,False,rolling,2023-12-01,3,2024-03-01,5680.99,5304.7861328125,387.5825558676778,4794.302734375,5787.716796875,0.8,301.5358333333333,
chronos_2,electricity,USA|Oregon,US,True,False,rolling,2023-12-01,4,2024-04-01,5013.36,4553.11376953125,339.5389857489558,4138.30517578125,5008.57861328125,0.8,301.5358333333333,
chronos_2,electricity,USA|Oregon,US,True,False,rolling,2023-12-01,5,2024-05-01,4342.76,4579.515625,341.1399808767859,4164.09521484375,5038.47216796875,0.8,301.5358333333333,
chronos_2,electricity,USA|Oregon,US,True,False,rolling,2023-12-01,6,2024-06-01,5284.94,4748.95947265625,380.6958383675517,4289.75,5265.5126953125,0.8,301.5358333333333,
chronos_2,electricity,USA|Oregon,US,True,False,rolling,2023-12-01,7,2024-07-01,5665.36,5187.97607421875,425.8477491519884,4644.0380859375,5735.52978515625,0.8,301.5358333333333,
chronos_2,electricity,USA|Oregon,US,True,False,rolling,2023-12-01,8,2024-08-01,5527.39,5181.0771484375,418.2144467035084,4636.3798828125,5708.306640625,0.8,301.5358333333333,
chronos_2,electricity,USA|Oregon,US,True,False,rolling,2023-12-01,9,2024-09-01,4911.27,4784.318359375,380.54514974949916,4309.61572265625,5284.9921875,0.8,301.5358333333333,
chronos_2,electricity,USA|Oregon,US,True,False,rolling,2023-12-01,10,2024-10-01,4589.37,4387.88818359375,339.5976609630647,3947.5302734375,4817.9541015625,0.8,301.5358333333333,
chronos_2,electricity,USA|Oregon,US,True,False,rolling,2023-12-01,11,2024-11-01,5499.91,4838.81640625,380.343596578956,4359.05859375,5333.91845703125,0.8,301.5358333333333,
chronos_2,electricity,USA|Oregon,US,True,False,rolling,2023-12-01,12,2024-12-01,5875.94,5265.435546875,426.85322895740103,4708.8095703125,5802.87841796875,0.8,301.5358333333333,
chronos_2,electricity,USA|Oregon,US,True,False,rolling,2024-12-01,1,2025-01-01,6008.77,5898.3505859375,284.1162454402646,5523.5830078125,6251.80224609375,0.8,308.29626811594204,
chronos_2,electricity,USA|Oregon,US,True,False,rolling,2024-12-01,2,2025-02-01,5194.21,5615.10107421875,320.9778056805661,5192.0244140625,6014.7236328125,0.8,308.29626811594204,
chronos_2,electricity,USA|Oregon,US,True,False,rolling,2024-12-01,3,2025-03-01,5601.12,5731.4052734375,351.94612647781366,5274.8466796875,6176.9208984375,0.8,308.29626811594204,
chronos_2,electricity,USA|Oregon,US,True,False,rolling,2024-12-01,4,2025-04-01,4962.7,4915.4619140625,353.04228615957646,4494.0625,5398.9462890625,0.8,308.29626811594204,
chronos_2,electricity,USA|Oregon,US,True,False,rolling,2024-12-01,5,2025-05-01,4782.65,4783.41162109375,356.1408327747784,4347.0126953125,5259.83837890625,0.8,308.29626811594204,
chronos_2,electricity,USA|Oregon,US,True,False,rolling,2024-12-01,6,2025-06-01,5061.19,5040.63818359375,370.7258145675766,4577.7861328125,5527.99462890625,0.8,308.29626811594204,
chronos_2,electricity,USA|Oregon,US,True,False,rolling,2024-12-01,7,2025-07-01,5450.7,5483.69921875,399.27683084590024,4971.857421875,5995.2451171875,0.8,308.29626811594204,
chronos_2,electricity,USA|Oregon,US,True,False,rolling,2024-12-01,8,2025-08-01,5595.75,5424.359375,402.51215929139516,4894.482421875,5926.16259765625,0.8,308.29626811594204,
chronos_2,electricity,USA|Oregon,US,True,False,rolling,2024-12-01,9,2025-09-01,4894.0,5059.37890625,377.0800735500581,4586.263671875,5552.7587890625,0.8,308.29626811594204,
chronos_2,electricity,USA|Oregon,US,True,False,rolling,2024-12-01,10,2025-10-01,4821.6,4662.17724609375,334.0189435281078,4241.08984375,5097.21484375,0.8,308.29626811594204,
chronos_2,electricity,USA|Oregon,US,True,False,rolling,2024-12-01,11,2025-11-01,5468.79,5026.70166015625,370.9633729831411,4568.78662109375,5519.60400390625,0.8,308.29626811594204,
chronos_2,electricity,USA|Oregon,US,True,False,rolling,2024-12-01,12,2025-12-01,6815.04,5640.435546875,425.65686420219237,5070.84716796875,6161.849609375,0.8,308.29626811594204,
chronos_2,electricity,USA|Pennsylvania,US,True,False,holdout,last12,1,2025-01-01,24413.5,22241.96875,907.3032179402647,21089.85546875,23415.3671875,0.8,871.1751811594203,
chronos_2,electricity,USA|Pennsylvania,US,True,False,holdout,last12,2,2025-02-01,21163.66,19939.826171875,877.56555260777,18836.859375,21086.150390625,0.8,871.1751811594203,
chronos_2,electricity,USA|Pennsylvania,US,True,False,holdout,last12,3,2025-03-01,19816.41,19863.37890625,897.1844105616563,18714.509765625,21014.0859375,0.8,871.1751811594203,
chronos_2,electricity,USA|Pennsylvania,US,True,False,holdout,last12,4,2025-04-01,17453.77,16931.10546875,828.6719539002357,15918.5283203125,18042.5,0.8,871.1751811594203,
chronos_2,electricity,USA|Pennsylvania,US,True,False,holdout,last12,5,2025-05-01,19351.63,18171.025390625,833.6665862492898,17134.60546875,19271.37890625,0.8,871.1751811594203,
chronos_2,electricity,USA|Pennsylvania,US,True,False,holdout,last12,6,2025-06-01,22062.19,21029.44140625,937.855478128376,19849.2421875,22253.0625,0.8,871.1751811594203,
chronos_2,electricity,USA|Pennsylvania,US,True,False,holdout,last12,7,2025-07-01,25058.69,23663.98828125,1068.2112294527547,22290.330078125,25028.265625,0.8,871.1751811594203,
chronos_2,electricity,USA|Pennsylvania,US,True,False,holdout,last12,8,2025-08-01,22874.48,23170.09765625,1057.4782373654211,21832.8515625,24543.27734375,0.8,871.1751811594203,
chronos_2,electricity,USA|Pennsylvania,US,True,False,holdout,last12,9,2025-09-01,19867.09,19658.9453125,943.5515459915508,18450.150390625,20868.5703125,0.8,871.1751811594203,
chronos_2,electricity,USA|Pennsylvania,US,True,False,holdout,last12,10,2025-10-01,16775.65,17998.611328125,859.4745362680196,16858.0625,19060.984375,0.8,871.1751811594203,
chronos_2,electricity,USA|Pennsylvania,US,True,False,holdout,last12,11,2025-11-01,17370.27,18516.134765625,846.3731991748338,17459.40234375,19628.744140625,0.8,871.1751811594203,
chronos_2,electricity,USA|Pennsylvania,US,True,False,holdout,last12,12,2025-12-01,22612.12,21537.666015625,1073.1635699267042,20214.2421875,22964.87109375,0.8,871.1751811594203,
chronos_2,electricity,USA|Pennsylvania,US,True,False,rolling,2022-12-01,1,2023-01-01,21209.42,22625.177734375,941.1740567964865,21407.25390625,23819.580078125,0.8,868.363015873016,
chronos_2,electricity,USA|Pennsylvania,US,True,False,rolling,2022-12-01,2,2023-02-01,19889.58,20460.423828125,942.1936338936007,19246.81640625,21661.755859375,0.8,868.363015873016,
chronos_2,electricity,USA|Pennsylvania,US,True,False,rolling,2022-12-01,3,2023-03-01,20749.09,20005.326171875,959.0425645320835,18834.9296875,21293.0546875,0.8,868.363015873016,
chronos_2,electricity,USA|Pennsylvania,US,True,False,rolling,2022-12-01,4,2023-04-01,16400.5,16859.552734375,866.332678176859,15800.51171875,18021.01171875,0.8,868.363015873016,
chronos_2,electricity,USA|Pennsylvania,US,True,False,rolling,2022-12-01,5,2023-05-01,17277.44,17972.833984375,844.0962960610991,16908.568359375,19072.07421875,0.8,868.363015873016,
chronos_2,electricity,USA|Pennsylvania,US,True,False,rolling,2022-12-01,6,2023-06-01,19841.94,20460.78515625,948.4033003841708,19274.8671875,21705.72265625,0.8,868.363015873016,
chronos_2,electricity,USA|Pennsylvania,US,True,False,rolling,2022-12-01,7,2023-07-01,23730.28,23049.8984375,1087.2753399277924,21669.013671875,24455.8125,0.8,868.363015873016,
chronos_2,electricity,USA|Pennsylvania,US,True,False,rolling,2022-12-01,8,2023-08-01,23326.16,22569.771484375,1066.364103231974,21258.16796875,23991.369140625,0.8,868.363015873016,
chronos_2,electricity,USA|Pennsylvania,US,True,False,rolling,2022-12-01,9,2023-09-01,20128.34,19842.291015625,998.8175015560483,18570.1171875,21130.189453125,0.8,868.363015873016,
chronos_2,electricity,USA|Pennsylvania,US,True,False,rolling,2022-12-01,10,2023-10-01,17029.08,17820.408203125,899.2936702065081,16650.65625,18955.638671875,0.8,868.363015873016,
chronos_2,electricity,USA|Pennsylvania,US,True,False,rolling,2022-12-01,11,2023-11-01,17338.17,18164.49609375,925.8598259140485,17017.228515625,19390.302734375,0.8,868.363015873016,
chronos_2,electricity,USA|Pennsylvania,US,True,False,rolling,2022-12-01,12,2023-12-01,20053.72,21127.76171875,1135.257186769335,19734.685546875,22644.466796875,0.8,868.363015873016,
chronos_2,electricity,USA|Pennsylvania,US,True,False,rolling,2023-12-01,1,2024-01-01,21798.73,22023.470703125,887.0457907730888,20898.5859375,23172.17578125,0.8,868.1964772727273,
chronos_2,electricity,USA|Pennsylvania,US,True,False,rolling,2023-12-01,2,2024-02-01,19848.62,19836.740234375,869.0248798839622,18749.68359375,20977.083984375,0.8,868.1964772727273,
chronos_2,electricity,USA|Pennsylvania,US,True,False,rolling,2023-12-01,3,2024-03-01,20091.41,19472.861328125,859.2146888912514,18407.494140625,20609.75,0.8,868.1964772727273,
chronos_2,electricity,USA|Pennsylvania,US,True,False,rolling,2023-12-01,4,2024-04-01,16029.43,16339.3671875,788.6558388858101,15386.6171875,17408.0234375,0.8,868.1964772727273,
chronos_2,electricity,USA|Pennsylvania,US,True,False,rolling,2023-12-01,5,2024-05-01,19344.01,17720.744140625,802.1808567458088,16704.49609375,18760.568359375,0.8,868.1964772727273,
chronos_2,electricity,USA|Pennsylvania,US,True,False,rolling,2023-12-01,6,2024-06-01,22231.38,20225.087890625,887.696552238661,19109.568359375,21384.826171875,0.8,868.1964772727273,
chronos_2,electricity,USA|Pennsylvania,US,True,False,rolling,2023-12-01,7,2024-07-01,24409.76,23307.34765625,1091.0572241826335,21928.62109375,24725.11328125,0.8,868.1964772727273,
chronos_2,electricity,USA|Pennsylvania,US,True,False,rolling,2023-12-01,8,2024-08-01,23308.81,22755.212890625,1050.6505760872878,21450.638671875,24143.564453125,0.8,868.1964772727273,
chronos_2,electricity,USA|Pennsylvania,US,True,False,rolling,2023-12-01,9,2024-09-01,19187.49,19496.853515625,936.4053621225404,18303.734375,20703.837890625,0.8,868.1964772727273,
chronos_2,electricity,USA|Pennsylvania,US,True,False,rolling,2023-12-01,10,2024-10-01,17152.66,17472.099609375,866.842466725416,16368.662109375,18590.46875,0.8,868.1964772727273,
chronos_2,electricity,USA|Pennsylvania,US,True,False,rolling,2023-12-01,11,2024-11-01,18609.43,17897.744140625,869.290061371104,16797.96484375,19026.044921875,0.8,868.1964772727273,
chronos_2,electricity,USA|Pennsylvania,US,True,False,rolling,2023-12-01,12,2024-12-01,22146.65,20962.734375,1075.63783512426,19635.5390625,22392.509765625,0.8,868.1964772727273,
chronos_2,electricity,USA|Pennsylvania,US,True,False,rolling,2024-12-01,1,2025-01-01,24413.5,22241.96875,907.3032179402647,21089.85546875,23415.3671875,0.8,871.1751811594203,
chronos_2,electricity,USA|Pennsylvania,US,True,False,rolling,2024-12-01,2,2025-02-01,21163.66,19939.826171875,877.56555260777,18836.859375,21086.150390625,0.8,871.1751811594203,
chronos_2,electricity,USA|Pennsylvania,US,True,False,rolling,2024-12-01,3,2025-03-01,19816.41,19863.37890625,897.1844105616563,18714.509765625,21014.0859375,0.8,871.1751811594203,
chronos_2,electricity,USA|Pennsylvania,US,True,False,rolling,2024-12-01,4,2025-04-01,17453.77,16931.10546875,828.6719539002357,15918.5283203125,18042.5,0.8,871.1751811594203,
chronos_2,electricity,USA|Pennsylvania,US,True,False,rolling,2024-12-01,5,2025-05-01,19351.63,18171.025390625,833.6665862492898,17134.60546875,19271.37890625,0.8,871.1751811594203,
chronos_2,electricity,USA|Pennsylvania,US,True,False,rolling,2024-12-01,6,2025-06-01,22062.19,21029.44140625,937.855478128376,19849.2421875,22253.0625,0.8,871.1751811594203,
chronos_2,electricity,USA|Pennsylvania,US,True,False,rolling,2024-12-01,7,2025-07-01,25058.69,23663.98828125,1068.2112294527547,22290.330078125,25028.265625,0.8,871.1751811594203,
chronos_2,electricity,USA|Pennsylvania,US,True,False,rolling,2024-12-01,8,2025-08-01,22874.48,23170.09765625,1057.4782373654211,21832.8515625,24543.27734375,0.8,871.1751811594203,
chronos_2,electricity,USA|Pennsylvania,US,True,False,rolling,2024-12-01,9,2025-09-01,19867.09,19658.9453125,943.5515459915508,18450.150390625,20868.5703125,0.8,871.1751811594203,
chronos_2,electricity,USA|Pennsylvania,US,True,False,rolling,2024-12-01,10,2025-10-01,16775.65,17998.611328125,859.4745362680196,16858.0625,19060.984375,0.8,871.1751811594203,
chronos_2,electricity,USA|Pennsylvania,US,True,False,rolling,2024-12-01,11,2025-11-01,17370.27,18516.134765625,846.3731991748338,17459.40234375,19628.744140625,0.8,871.1751811594203,
chronos_2,electricity,USA|Pennsylvania,US,True,False,rolling,2024-12-01,12,2025-12-01,22612.12,21537.666015625,1073.1635699267042,20214.2421875,22964.87109375,0.8,871.1751811594203,
chronos_2,electricity,USA|Puerto Rico,US,False,False,holdout,last12,1,2025-01-01,1193.82,1153.1436767578125,122.73678429752746,931.5048828125,1246.0919189453125,0.8,286.3519791666667,
chronos_2,electricity,USA|Puerto Rico,US,False,False,holdout,last12,2,2025-02-01,1124.08,1093.4326171875,140.21194901906114,854.6690673828125,1214.0467529296875,0.8,286.3519791666667,
chronos_2,electricity,USA|Puerto Rico,US,False,False,holdout,last12,3,2025-03-01,1221.33,1195.8687744140625,152.3950094862448,931.3602294921875,1321.96435546875,0.8,286.3519791666667,
chronos_2,electricity,USA|Puerto Rico,US,False,False,holdout,last12,4,2025-04-01,1133.79,1242.0240478515625,169.1223986097876,949.1243896484375,1382.6025390625,0.8,286.3519791666667,
chronos_2,electricity,USA|Puerto Rico,US,False,False,holdout,last12,5,2025-05-01,1342.87,1388.432373046875,175.50732872691697,1083.8914794921875,1533.73486328125,0.8,286.3519791666667,
chronos_2,electricity,USA|Puerto Rico,US,False,False,holdout,last12,6,2025-06-01,1400.6,1458.392822265625,190.55409207491033,1112.5250244140625,1600.934814453125,0.8,286.3519791666667,
chronos_2,electricity,USA|Puerto Rico,US,False,False,holdout,last12,7,2025-07-01,1496.3,1484.486572265625,216.7336200323399,1081.8231201171875,1637.333740234375,0.8,286.3519791666667,
chronos_2,electricity,USA|Puerto Rico,US,False,False,holdout,last12,8,2025-08-01,1536.01,1498.017822265625,231.34874907394567,1066.6239013671875,1659.5946044921875,0.8,286.3519791666667,
chronos_2,electricity,USA|Puerto Rico,US,False,False,holdout,last12,9,2025-09-01,1482.31,1404.9451904296875,244.44760961588676,948.014892578125,1574.559326171875,0.8,286.3519791666667,
chronos_2,electricity,USA|Puerto Rico,US,False,False,holdout,last12,10,2025-10-01,1517.54,1365.4951171875,255.72844341417425,884.82568359375,1540.2840576171875,0.8,286.3519791666667,
chronos_2,electricity,USA|Puerto Rico,US,False,False,holdout,last12,11,2025-11-01,1403.43,1251.3787841796875,273.9550509345806,735.16015625,1437.335205078125,0.8,286.3519791666667,
chronos_2,electricity,USA|Puerto Rico,US,False,False,holdout,last12,12,2025-12-01,1328.12,1189.7724609375,288.2898772386553,646.3102416992188,1385.2269287109375,0.8,286.3519791666667,
chronos_2,electricity,USA|Puerto Rico,US,False,False,rolling,2022-12-01,1,2023-01-01,1316.7,1346.8349609375,227.55200551163549,859.044677734375,1442.283935546875,0.8,344.7584722222222,
chronos_2,electricity,USA|Puerto Rico,US,False,False,rolling,2022-12-01,2,2023-02-01,1195.04,1311.5538330078125,300.55821203283745,680.3580322265625,1450.7197265625,0.8,344.7584722222222,
chronos_2,electricity,USA|Puerto Rico,US,False,False,rolling,2022-12-01,3,2023-03-01,1354.41,1357.4656982421875,354.5078567976998,608.3713989257812,1517.0115966796875,0.8,344.7584722222222,
chronos_2,electricity,USA|Puerto Rico,US,False,False,rolling,2022-12-01,4,2023-04-01,1330.62,1367.4111328125,413.1224430271444,505.09161376953125,1563.967041015625,0.8,344.7584722222222,
chronos_2,electricity,USA|Puerto Rico,US,False,False,rolling,2022-12-01,5,2023-05-01,1602.07,1470.056640625,422.480520539712,600.4203491210938,1683.281494140625,0.8,344.7584722222222,
chronos_2,electricity,USA|Puerto Rico,US,False,False,rolling,2022-12-01,6,2023-06-01,1633.82,1518.84619140625,457.02693399994,557.1249389648438,1728.5321044921875,0.8,344.7584722222222,
chronos_2,electricity,USA|Puerto Rico,US,False,False,rolling,2022-12-01,7,2023-07-01,1593.89,1543.19775390625,491.29885509286527,504.3560791015625,1763.605712890625,0.8,344.7584722222222,
chronos_2,electricity,USA|Puerto Rico,US,False,False,rolling,2022-12-01,8,2023-08-01,1652.26,1584.3924560546875,492.17586380245086,557.6751098632812,1819.172607421875,0.8,344.7584722222222,
chronos_2,electricity,USA|Puerto Rico,US,False,False,rolling,2022-12-01,9,2023-09-01,1559.44,1521.189453125,525.6176877814864,424.34051513671875,1771.5528564453125,0.8,344.7584722222222,
chronos_2,electricity,USA|Puerto Rico,US,False,False,rolling,2022-12-01,10,2023-10-01,1425.52,1498.433837890625,546.7180234526456,363.992431640625,1765.287109375,0.8,344.7584722222222,
chronos_2,electricity,USA|Puerto Rico,US,False,False,rolling,2022-12-01,11,2023-11-01,1223.44,1421.265869140625,570.5260630891811,249.4912109375,1711.808349609375,0.8,344.7584722222222,
chronos_2,electricity,USA|Puerto Rico,US,False,False,rolling,2022-12-01,12,2023-12-01,1242.33,1359.8194580078125,609.2772795552952,132.2373046875,1693.8778076171875,0.8,344.7584722222222,
chronos_2,electricity,USA|Puerto Rico,US,False,False,rolling,2023-12-01,1,2024-01-01,1124.7,1186.26416015625,228.23855790529433,719.1315307617188,1304.1304931640625,0.8,310.4647619047619,
chronos_2,electricity,USA|Puerto Rico,US,False,False,rolling,2023-12-01,2,2024-02-01,1038.74,1125.263916015625,282.5523747681146,572.6464233398438,1296.8572998046875,0.8,310.4647619047619,
chronos_2,electricity,USA|Puerto Rico,US,False,False,rolling,2023-12-01,3,2024-03-01,1207.55,1223.2237548828125,314.78137921395887,581.647216796875,1388.46435546875,0.8,310.4647619047619,
chronos_2,electricity,USA|Puerto Rico,US,False,False,rolling,2023-12-01,4,2024-04-01,1229.98,1235.1671142578125,356.7050816377296,520.8954467773438,1435.1673583984375,0.8,310.4647619047619,
chronos_2,electricity,USA|Puerto Rico,US,False,False,rolling,2023-12-01,5,2024-05-01,1404.25,1376.22119140625,358.35365512505234,657.0879516601562,1575.5853271484375,0.8,310.4647619047619,
chronos_2,electricity,USA|Puerto Rico,US,False,False,rolling,2023-12-01,6,2024-06-01,1470.89,1425.806396484375,389.23093885105857,625.391357421875,1623.0303955078125,0.8,310.4647619047619,
chronos_2,electricity,USA|Puerto Rico,US,False,False,rolling,2023-12-01,7,2024-07-01,1548.73,1432.9400634765625,424.2120584937375,561.2101440429688,1648.5093994140625,0.8,310.4647619047619,
chronos_2,electricity,USA|Puerto Rico,US,False,False,rolling,2023-12-01,8,2024-08-01,1472.8,1448.097412109375,438.0319764558163,552.5369262695312,1675.258056640625,0.8,310.4647619047619,
chronos_2,electricity,USA|Puerto Rico,US,False,False,rolling,2023-12-01,9,2024-09-01,1444.9,1370.5166015625,479.2384791642731,380.1365966796875,1608.4742431640625,0.8,310.4647619047619,
chronos_2,electricity,USA|Puerto Rico,US,False,False,rolling,2023-12-01,10,2024-10-01,1479.89,1347.765869140625,479.1965682970524,367.304443359375,1595.53466796875,0.8,310.4647619047619,
chronos_2,electricity,USA|Puerto Rico,US,False,False,rolling,2023-12-01,11,2024-11-01,1281.99,1250.2557373046875,474.53977087598685,284.86151123046875,1501.1558837890625,0.8,310.4647619047619,
chronos_2,electricity,USA|Puerto Rico,US,False,False,rolling,2023-12-01,12,2024-12-01,1240.21,1205.01953125,500.7801410298646,181.8861083984375,1465.437255859375,0.8,310.4647619047619,
chronos_2,electricity,USA|Puerto Rico,US,False,False,rolling,2024-12-01,1,2025-01-01,1193.82,1153.1436767578125,122.73678429752746,931.5048828125,1246.0919189453125,0.8,286.3519791666667,
chronos_2,electricity,USA|Puerto Rico,US,False,False,rolling,2024-12-01,2,2025-02-01,1124.08,1093.4326171875,140.21194901906114,854.6690673828125,1214.0467529296875,0.8,286.3519791666667,
chronos_2,electricity,USA|Puerto Rico,US,False,False,rolling,2024-12-01,3,2025-03-01,1221.33,1195.8687744140625,152.3950094862448,931.3602294921875,1321.96435546875,0.8,286.3519791666667,
chronos_2,electricity,USA|Puerto Rico,US,False,False,rolling,2024-12-01,4,2025-04-01,1133.79,1242.0240478515625,169.1223986097876,949.1243896484375,1382.6025390625,0.8,286.3519791666667,
chronos_2,electricity,USA|Puerto Rico,US,False,False,rolling,2024-12-01,5,2025-05-01,1342.87,1388.432373046875,175.50732872691697,1083.8914794921875,1533.73486328125,0.8,286.3519791666667,
chronos_2,electricity,USA|Puerto Rico,US,False,False,rolling,2024-12-01,6,2025-06-01,1400.6,1458.392822265625,190.55409207491033,1112.5250244140625,1600.934814453125,0.8,286.3519791666667,
chronos_2,electricity,USA|Puerto Rico,US,False,False,rolling,2024-12-01,7,2025-07-01,1496.3,1484.486572265625,216.7336200323399,1081.8231201171875,1637.333740234375,0.8,286.3519791666667,
chronos_2,electricity,USA|Puerto Rico,US,False,False,rolling,2024-12-01,8,2025-08-01,1536.01,1498.017822265625,231.34874907394567,1066.6239013671875,1659.5946044921875,0.8,286.3519791666667,
chronos_2,electricity,USA|Puerto Rico,US,False,False,rolling,2024-12-01,9,2025-09-01,1482.31,1404.9451904296875,244.44760961588676,948.014892578125,1574.559326171875,0.8,286.3519791666667,
chronos_2,electricity,USA|Puerto Rico,US,False,False,rolling,2024-12-01,10,2025-10-01,1517.54,1365.4951171875,255.72844341417425,884.82568359375,1540.2840576171875,0.8,286.3519791666667,
chronos_2,electricity,USA|Puerto Rico,US,False,False,rolling,2024-12-01,11,2025-11-01,1403.43,1251.3787841796875,273.9550509345806,735.16015625,1437.335205078125,0.8,286.3519791666667,
chronos_2,electricity,USA|Puerto Rico,US,False,False,rolling,2024-12-01,12,2025-12-01,1328.12,1189.7724609375,288.2898772386553,646.3102416992188,1385.2269287109375,0.8,286.3519791666667,
chronos_2,electricity,USA|Rhode Island,US,False,False,holdout,last12,1,2025-01-01,699.87,590.4134521484375,117.12882450748702,449.2608642578125,749.47412109375,0.8,116.0623188405797,
chronos_2,electricity,USA|Rhode Island,US,False,False,holdout,last12,2,2025-02-01,618.3,562.2399291992188,116.1572901232239,421.2215881347656,718.9447021484375,0.8,116.0623188405797,
chronos_2,electricity,USA|Rhode Island,US,False,False,holdout,last12,3,2025-03-01,648.75,591.8893432617188,117.98130583455139,444.3502197265625,746.7484741210938,0.8,116.0623188405797,
chronos_2,electricity,USA|Rhode Island,US,False,False,holdout,last12,4,2025-04-01,719.64,632.5050048828125,120.58973343319873,486.43060302734375,795.5145263671875,0.8,116.0623188405797,
chronos_2,electricity,USA|Rhode Island,US,False,False,holdout,last12,5,2025-05-01,824.85,758.81005859375,126.36102654043616,597.9168701171875,921.793212890625,0.8,116.0623188405797,
chronos_2,electricity,USA|Rhode Island,US,False,False,holdout,last12,6,2025-06-01,917.62,866.6032104492188,123.83115800483485,718.2451782226562,1035.63720703125,0.8,116.0623188405797,
chronos_2,electricity,USA|Rhode Island,US,False,False,holdout,last12,7,2025-07-01,1145.84,984.5056762695312,112.95574040792928,843.9110107421875,1133.42822265625,0.8,116.0623188405797,
chronos_2,electricity,USA|Rhode Island,US,False,False,holdout,last12,8,2025-08-01,1076.75,993.819580078125,118.33452395584935,845.205810546875,1148.5093994140625,0.8,116.0623188405797,
chronos_2,electricity,USA|Rhode Island,US,False,False,holdout,last12,9,2025-09-01,891.49,897.3372802734375,140.20323346371865,716.6109619140625,1075.96630859375,0.8,116.0623188405797,
chronos_2,electricity,USA|Rhode Island,US,False,False,holdout,last12,10,2025-10-01,909.15,796.8025512695312,134.9568025294421,621.048828125,966.95703125,0.8,116.0623188405797,
chronos_2,electricity,USA|Rhode Island,US,False,False,holdout,last12,11,2025-11-01,850.63,687.719482421875,139.2508090061286,514.4271240234375,871.34130859375,0.8,116.0623188405797,
chronos_2,electricity,USA|Rhode Island,US,False,False,holdout,last12,12,2025-12-01,791.98,598.7722778320312,139.06484143933318,428.6625061035156,785.1000366210938,0.8,116.0623188405797,
chronos_2,electricity,USA|Rhode Island,US,False,False,rolling,2022-12-01,1,2023-01-01,630.24,403.3830261230469,119.23757217299503,254.57174682617188,560.18994140625,0.8,117.88968253968252,
chronos_2,electricity,USA|Rhode Island,US,False,False,rolling,2022-12-01,2,2023-02-01,551.87,385.51776123046875,124.90589789962891,231.24893188476562,551.3956298828125,0.8,117.88968253968252,
chronos_2,electricity,USA|Rhode Island,US,False,False,rolling,2022-12-01,3,2023-03-01,659.68,413.7523193359375,127.03069552224302,255.04449462890625,580.6372680664062,0.8,117.88968253968252,
chronos_2,electricity,USA|Rhode Island,US,False,False,rolling,2022-12-01,4,2023-04-01,633.58,478.247314453125,125.92228405571598,320.2246398925781,642.9764404296875,0.8,117.88968253968252,
chronos_2,electricity,USA|Rhode Island,US,False,False,rolling,2022-12-01,5,2023-05-01,761.31,562.217529296875,127.35483797940664,404.08563232421875,730.5092163085938,0.8,117.88968253968252,
chronos_2,electricity,USA|Rhode Island,US,False,False,rolling,2022-12-01,6,2023-06-01,862.48,684.0421142578125,124.46982247009551,526.0399780273438,845.0689697265625,0.8,117.88968253968252,
chronos_2,electricity,USA|Rhode Island,US,False,False,rolling,2022-12-01,7,2023-07-01,958.13,786.6171264648438,125.81513749488674,629.3345336914062,951.8117065429688,0.8,117.88968253968252,
chronos_2,electricity,USA|Rhode Island,US,False,False,rolling,2022-12-01,8,2023-08-01,894.19,816.0325927734375,126.30913802925782,659.1729125976562,982.916259765625,0.8,117.88968253968252,
chronos_2,electricity,USA|Rhode Island,US,False,False,rolling,2022-12-01,9,2023-09-01,931.68,761.9990844726562,123.60795882389196,605.2198486328125,922.039794921875,0.8,117.88968253968252,
chronos_2,electricity,USA|Rhode Island,US,False,False,rolling,2022-12-01,10,2023-10-01,851.72,674.7449951171875,126.29801736164869,512.489990234375,836.204833984375,0.8,117.88968253968252,
chronos_2,electricity,USA|Rhode Island,US,False,False,rolling,2022-12-01,11,2023-11-01,765.17,559.3064575195312,128.21838044159827,396.2201232910156,724.8570556640625,0.8,117.88968253968252,
chronos_2,electricity,USA|Rhode Island,US,False,False,rolling,2022-12-01,12,2023-12-01,546.07,451.57537841796875,124.57153966858026,292.7388610839844,612.028564453125,0.8,117.88968253968252,
chronos_2,electricity,USA|Rhode Island,US,False,False,rolling,2023-12-01,1,2024-01-01,620.92,546.4844970703125,118.78394656781298,399.66668701171875,704.1221923828125,0.8,117.0471590909091,
chronos_2,electricity,USA|Rhode Island,US,False,False,rolling,2023-12-01,2,2024-02-01,543.0,525.183349609375,118.13351848413923,382.23419189453125,685.0225830078125,0.8,117.0471590909091,
chronos_2,electricity,USA|Rhode Island,US,False,False,rolling,2023-12-01,3,2024-03-01,562.17,553.0009765625,120.99131574274966,403.769287109375,713.8825073242188,0.8,117.0471590909091,
chronos_2,electricity,USA|Rhode Island,US,False,False,rolling,2023-12-01,4,2024-04-01,571.57,599.529052734375,123.27467217751656,448.0355224609375,764.001220703125,0.8,117.0471590909091,
chronos_2,electricity,USA|Rhode Island,US,False,False,rolling,2023-12-01,5,2024-05-01,808.15,703.2227783203125,131.61722080173573,536.1126708984375,873.461181640625,0.8,117.0471590909091,
chronos_2,electricity,USA|Rhode Island,US,False,False,rolling,2023-12-01,6,2024-06-01,985.25,813.4132080078125,129.91847333871186,653.4297485351562,986.4241943359375,0.8,117.0471590909091,
chronos_2,electricity,USA|Rhode Island,US,False,False,rolling,2023-12-01,7,2024-07-01,1202.47,924.88671875,119.83600458702311,772.6449584960938,1079.7969970703125,0.8,117.0471590909091,
chronos_2,electricity,USA|Rhode Island,US,False,False,rolling,2023-12-01,8,2024-08-01,1133.27,941.3543701171875,125.82913953461728,781.372802734375,1103.8858642578125,0.8,117.0471590909091,
chronos_2,electricity,USA|Rhode Island,US,False,False,rolling,2023-12-01,9,2024-09-01,890.89,879.6150512695312,141.4557968817914,699.8038330078125,1062.36962890625,0.8,117.0471590909091,
chronos_2,electricity,USA|Rhode Island,US,False,False,rolling,2023-12-01,10,2024-10-01,947.42,806.1857299804688,136.57601459671758,628.9485473632812,979.0069580078125,0.8,117.0471590909091,
chronos_2,electricity,USA|Rhode Island,US,False,False,rolling,2023-12-01,11,2024-11-01,781.85,701.5814819335938,143.52390767519026,518.6192626953125,886.48583984375,0.8,117.0471590909091,
chronos_2,electricity,USA|Rhode Island,US,False,False,rolling,2023-12-01,12,2024-12-01,694.91,597.1502075195312,142.23741074246442,418.709228515625,783.2783813476562,0.8,117.0471590909091,
chronos_2,electricity,USA|Rhode Island,US,False,False,rolling,2024-12-01,1,2025-01-01,699.87,590.4134521484375,117.12882450748702,449.2608642578125,749.47412109375,0.8,116.0623188405797,
chronos_2,electricity,USA|Rhode Island,US,False,False,rolling,2024-12-01,2,2025-02-01,618.3,562.2399291992188,116.1572901232239,421.2215881347656,718.9447021484375,0.8,116.0623188405797,
chronos_2,electricity,USA|Rhode Island,US,False,False,rolling,2024-12-01,3,2025-03-01,648.75,591.8893432617188,117.98130583455139,444.3502197265625,746.7484741210938,0.8,116.0623188405797,
chronos_2,electricity,USA|Rhode Island,US,False,False,rolling,2024-12-01,4,2025-04-01,719.64,632.5050048828125,120.58973343319873,486.43060302734375,795.5145263671875,0.8,116.0623188405797,
chronos_2,electricity,USA|Rhode Island,US,False,False,rolling,2024-12-01,5,2025-05-01,824.85,758.81005859375,126.36102654043616,597.9168701171875,921.793212890625,0.8,116.0623188405797,
chronos_2,electricity,USA|Rhode Island,US,False,False,rolling,2024-12-01,6,2025-06-01,917.62,866.6032104492188,123.83115800483485,718.2451782226562,1035.63720703125,0.8,116.0623188405797,
chronos_2,electricity,USA|Rhode Island,US,False,False,rolling,2024-12-01,7,2025-07-01,1145.84,984.5056762695312,112.95574040792928,843.9110107421875,1133.42822265625,0.8,116.0623188405797,
chronos_2,electricity,USA|Rhode Island,US,False,False,rolling,2024-12-01,8,2025-08-01,1076.75,993.819580078125,118.33452395584935,845.205810546875,1148.5093994140625,0.8,116.0623188405797,
chronos_2,electricity,USA|Rhode Island,US,False,False,rolling,2024-12-01,9,2025-09-01,891.49,897.3372802734375,140.20323346371865,716.6109619140625,1075.96630859375,0.8,116.0623188405797,
chronos_2,electricity,USA|Rhode Island,US,False,False,rolling,2024-12-01,10,2025-10-01,909.15,796.8025512695312,134.9568025294421,621.048828125,966.95703125,0.8,116.0623188405797,
chronos_2,electricity,USA|Rhode Island,US,False,False,rolling,2024-12-01,11,2025-11-01,850.63,687.719482421875,139.2508090061286,514.4271240234375,871.34130859375,0.8,116.0623188405797,
chronos_2,electricity,USA|Rhode Island,US,False,False,rolling,2024-12-01,12,2025-12-01,791.98,598.7722778320312,139.06484143933318,428.6625061035156,785.1000366210938,0.8,116.0623188405797,
chronos_2,electricity,USA|South Carolina,US,True,False,holdout,last12,1,2025-01-01,9582.06,9025.8408203125,395.79822886658343,8518.541015625,9533.0126953125,0.8,471.6781884057971,
chronos_2,electricity,USA|South Carolina,US,True,False,holdout,last12,2,2025-02-01,8165.53,8112.01025390625,403.59574571299174,7605.90673828125,8640.3642578125,0.8,471.6781884057971,
chronos_2,electricity,USA|South Carolina,US,True,False,holdout,last12,3,2025-03-01,8665.02,7968.533203125,396.08474679521936,7479.916015625,8495.1220703125,0.8,471.6781884057971,
chronos_2,electricity,USA|South Carolina,US,True,False,holdout,last12,4,2025-04-01,8502.12,7330.1279296875,403.4298167795862,6821.9443359375,7855.9765625,0.8,471.6781884057971,
chronos_2,electricity,USA|South Carolina,US,True,False,holdout,last12,5,2025-05-01,8446.48,7676.19970703125,396.7303646543598,7176.15869140625,8193.01953125,0.8,471.6781884057971,
chronos_2,electricity,USA|South Carolina,US,True,False,holdout,last12,6,2025-06-01,9464.23,8628.498046875,412.298156283483,8104.9091796875,9161.671875,0.8,471.6781884057971,
chronos_2,electricity,USA|South Carolina,US,True,False,holdout,last12,7,2025-07-01,10295.9,9361.5810546875,404.19411859453794,8851.45703125,9887.4482421875,0.8,471.6781884057971,
chronos_2,electricity,USA|South Carolina,US,True,False,holdout,last12,8,2025-08-01,9280.89,8957.431640625,414.17347708766675,8449.2890625,9510.8583984375,0.8,471.6781884057971,
chronos_2,electricity,USA|South Carolina,US,True,False,holdout,last12,9,2025-09-01,7915.84,7845.6064453125,411.34125498325807,7332.90673828125,8387.216796875,0.8,471.6781884057971,
chronos_2,electricity,USA|South Carolina,US,True,False,holdout,last12,10,2025-10-01,8113.79,7159.9560546875,419.0263745039382,6633.5,7707.5078125,0.8,471.6781884057971,
chronos_2,electricity,USA|South Carolina,US,True,False,holdout,last12,11,2025-11-01,7605.26,7150.798828125,406.96823699666345,6616.6943359375,7659.7958984375,0.8,471.6781884057971,
chronos_2,electricity,USA|South Carolina,US,True,False,holdout,last12,12,2025-12-01,9009.43,8253.6005859375,456.6404253147929,7656.92333984375,8827.33984375,0.8,471.6781884057971,
chronos_2,electricity,USA|South Carolina,US,True,False,rolling,2022-12-01,1,2023-01-01,8488.34,9150.9111328125,374.14364578942343,8681.919921875,9640.888671875,0.8,467.7655158730158,
chronos_2,electricity,USA|South Carolina,US,True,False,rolling,2022-12-01,2,2023-02-01,7656.62,8101.79931640625,377.71330865297426,7645.123046875,8613.2412109375,0.8,467.7655158730158,
chronos_2,electricity,USA|South Carolina,US,True,False,rolling,2022-12-01,3,2023-03-01,8519.54,8056.498046875,368.4803446042575,7598.03125,8542.484375,0.8,467.7655158730158,
chronos_2,electricity,USA|South Carolina,US,True,False,rolling,2022-12-01,4,2023-04-01,7605.69,7467.74365234375,362.5158566869283,7008.421875,7937.58740234375,0.8,467.7655158730158,
chronos_2,electricity,USA|South Carolina,US,True,False,rolling,2022-12-01,5,2023-05-01,7685.56,7890.3271484375,354.2394129305527,7447.0302734375,8354.982421875,0.8,467.7655158730158,
chronos_2,electricity,USA|South Carolina,US,True,False,rolling,2022-12-01,6,2023-06-01,8732.53,9011.935546875,383.2520202601296,8546.7197265625,9529.0341796875,0.8,467.7655158730158,
chronos_2,electricity,USA|South Carolina,US,True,False,rolling,2022-12-01,7,2023-07-01,10074.23,9736.6943359375,396.4646116553923,9240.3466796875,10256.5263671875,0.8,467.7655158730158,
chronos_2,electricity,USA|South Carolina,US,True,False,rolling,2022-12-01,8,2023-08-01,10037.51,9377.9326171875,392.4335482445301,8857.892578125,9863.740234375,0.8,467.7655158730158,
chronos_2,electricity,USA|South Carolina,US,True,False,rolling,2022-12-01,9,2023-09-01,8631.46,8317.2724609375,370.6667583455838,7850.79638671875,8800.853515625,0.8,467.7655158730158,
chronos_2,electricity,USA|South Carolina,US,True,False,rolling,2022-12-01,10,2023-10-01,8509.51,7678.38134765625,352.45934409732513,7225.6279296875,8129.017578125,0.8,467.7655158730158,
chronos_2,electricity,USA|South Carolina,US,True,False,rolling,2022-12-01,11,2023-11-01,7724.95,7487.3837890625,346.9029156235719,7054.263671875,7943.41162109375,0.8,467.7655158730158,
chronos_2,electricity,USA|South Carolina,US,True,False,rolling,2022-12-01,12,2023-12-01,8713.17,8558.443359375,382.0259368899827,8072.5986328125,9051.7705078125,0.8,467.7655158730158,
chronos_2,electricity,USA|South Carolina,US,True,False,rolling,2023-12-01,1,2024-01-01,9175.77,9137.966796875,371.61032436987495,8661.3408203125,9613.81640625,0.8,473.01814393939384,
chronos_2,electricity,USA|South Carolina,US,True,False,rolling,2023-12-01,2,2024-02-01,8055.26,8305.9462890625,369.12767699887513,7830.4697265625,8776.58203125,0.8,473.01814393939384,
chronos_2,electricity,USA|South Carolina,US,True,False,rolling,2023-12-01,3,2024-03-01,7783.64,8032.5498046875,353.9281294894682,7588.078125,8495.232421875,0.8,473.01814393939384,
chronos_2,electricity,USA|South Carolina,US,True,False,rolling,2023-12-01,4,2024-04-01,7640.14,7450.986328125,362.6436848319514,6990.1201171875,7919.61328125,0.8,473.01814393939384,
chronos_2,electricity,USA|South Carolina,US,True,False,rolling,2023-12-01,5,2024-05-01,8501.21,8006.84912109375,365.356841972665,7548.1435546875,8484.5908203125,0.8,473.01814393939384,
chronos_2,electricity,USA|South Carolina,US,True,False,rolling,2023-12-01,6,2024-06-01,8784.15,8991.564453125,380.6748829339413,8521.6484375,9497.357421875,0.8,473.01814393939384,
chronos_2,electricity,USA|South Carolina,US,True,False,rolling,2023-12-01,7,2024-07-01,9904.33,9818.4873046875,411.69883088222724,9305.212890625,10360.439453125,0.8,473.01814393939384,
chronos_2,electricity,USA|South Carolina,US,True,False,rolling,2023-12-01,8,2024-08-01,9689.74,9422.8369140625,399.4669537799286,8898.173828125,9922.048828125,0.8,473.01814393939384,
chronos_2,electricity,USA|South Carolina,US,True,False,rolling,2023-12-01,9,2024-09-01,8401.96,8275.271484375,390.1776005644058,7787.3515625,8787.4169921875,0.8,473.01814393939384,
chronos_2,electricity,USA|South Carolina,US,True,False,rolling,2023-12-01,10,2024-10-01,7269.24,7570.23291015625,374.12554791494176,7092.4296875,8051.35205078125,0.8,473.01814393939384,
chronos_2,electricity,USA|South Carolina,US,True,False,rolling,2023-12-01,11,2024-11-01,7160.2,7178.43017578125,365.79557255088883,6701.6123046875,7639.18408203125,0.8,473.01814393939384,
chronos_2,electricity,USA|South Carolina,US,True,False,rolling,2023-12-01,12,2024-12-01,8743.68,7972.6943359375,416.5963062209061,7447.677734375,8515.45703125,0.8,473.01814393939384,
chronos_2,electricity,USA|South Carolina,US,True,False,rolling,2024-12-01,1,2025-01-01,9582.06,9025.8408203125,395.79822886658343,8518.541015625,9533.0126953125,0.8,471.6781884057971,
chronos_2,electricity,USA|South Carolina,US,True,False,rolling,2024-12-01,2,2025-02-01,8165.53,8112.01025390625,403.59574571299174,7605.90673828125,8640.3642578125,0.8,471.6781884057971,
chronos_2,electricity,USA|South Carolina,US,True,False,rolling,2024-12-01,3,2025-03-01,8665.02,7968.533203125,396.08474679521936,7479.916015625,8495.1220703125,0.8,471.6781884057971,
chronos_2,electricity,USA|South Carolina,US,True,False,rolling,2024-12-01,4,2025-04-01,8502.12,7330.1279296875,403.4298167795862,6821.9443359375,7855.9765625,0.8,471.6781884057971,
chronos_2,electricity,USA|South Carolina,US,True,False,rolling,2024-12-01,5,2025-05-01,8446.48,7676.19970703125,396.7303646543598,7176.15869140625,8193.01953125,0.8,471.6781884057971,
chronos_2,electricity,USA|South Carolina,US,True,False,rolling,2024-12-01,6,2025-06-01,9464.23,8628.498046875,412.298156283483,8104.9091796875,9161.671875,0.8,471.6781884057971,
chronos_2,electricity,USA|South Carolina,US,True,False,rolling,2024-12-01,7,2025-07-01,10295.9,9361.5810546875,404.19411859453794,8851.45703125,9887.4482421875,0.8,471.6781884057971,
chronos_2,electricity,USA|South Carolina,US,True,False,rolling,2024-12-01,8,2025-08-01,9280.89,8957.431640625,414.17347708766675,8449.2890625,9510.8583984375,0.8,471.6781884057971,
chronos_2,electricity,USA|South Carolina,US,True,False,rolling,2024-12-01,9,2025-09-01,7915.84,7845.6064453125,411.34125498325807,7332.90673828125,8387.216796875,0.8,471.6781884057971,
chronos_2,electricity,USA|South Carolina,US,True,False,rolling,2024-12-01,10,2025-10-01,8113.79,7159.9560546875,419.0263745039382,6633.5,7707.5078125,0.8,471.6781884057971,
chronos_2,electricity,USA|South Carolina,US,True,False,rolling,2024-12-01,11,2025-11-01,7605.26,7150.798828125,406.96823699666345,6616.6943359375,7659.7958984375,0.8,471.6781884057971,
chronos_2,electricity,USA|South Carolina,US,True,False,rolling,2024-12-01,12,2025-12-01,9009.43,8253.6005859375,456.6404253147929,7656.92333984375,8827.33984375,0.8,471.6781884057971,
chronos_2,electricity,USA|South Dakota,US,False,False,holdout,last12,1,2025-01-01,2167.09,1785.82958984375,148.04442333881036,1606.8876953125,1986.3408203125,0.8,151.75184782608696,
chronos_2,electricity,USA|South Dakota,US,False,False,holdout,last12,2,2025-02-01,1738.11,1738.2373046875,158.79465603288688,1535.357666015625,1942.36474609375,0.8,151.75184782608696,
chronos_2,electricity,USA|South Dakota,US,False,False,holdout,last12,3,2025-03-01,1943.44,1790.349365234375,178.34988567017442,1559.37353515625,2016.502685546875,0.8,151.75184782608696,
chronos_2,electricity,USA|South Dakota,US,False,False,holdout,last12,4,2025-04-01,1908.17,1745.154541015625,188.88656344536733,1498.93017578125,1983.06591796875,0.8,151.75184782608696,
chronos_2,electricity,USA|South Dakota,US,False,False,holdout,last12,5,2025-05-01,1665.96,1682.480224609375,193.78508655572674,1427.679931640625,1924.37109375,0.8,151.75184782608696,
chronos_2,electricity,USA|South Dakota,US,False,False,holdout,last12,6,2025-06-01,1727.86,1686.9873046875,190.99144149955526,1444.26953125,1933.80029296875,0.8,151.75184782608696,
chronos_2,electricity,USA|South Dakota,US,False,False,holdout,last12,7,2025-07-01,1798.34,1711.980224609375,202.37524267844628,1454.552001953125,1973.2606201171875,0.8,151.75184782608696,
chronos_2,electricity,USA|South Dakota,US,False,False,holdout,last12,8,2025-08-01,1695.56,1685.4957275390625,216.68685131460046,1402.2685546875,1957.6593017578125,0.8,151.75184782608696,
chronos_2,electricity,USA|South Dakota,US,False,False,holdout,last12,9,2025-09-01,1533.46,1545.56005859375,217.4808717444905,1264.6004638671875,1822.0263671875,0.8,151.75184782608696,
chronos_2,electricity,USA|South Dakota,US,False,False,holdout,last12,10,2025-10-01,1890.78,1554.3519287109375,221.42087427111866,1274.655517578125,1842.1800537109375,0.8,151.75184782608696,
chronos_2,electricity,USA|South Dakota,US,False,False,holdout,last12,11,2025-11-01,1783.65,1653.2525634765625,223.12507490947974,1358.372314453125,1930.264892578125,0.8,151.75184782608696,
chronos_2,electricity,USA|South Dakota,US,False,False,holdout,last12,12,2025-12-01,2120.1,1708.9923095703125,230.13876328689034,1407.862060546875,1997.7314453125,0.8,151.75184782608696,
chronos_2,electricity,USA|South Dakota,US,False,False,rolling,2022-12-01,1,2023-01-01,1196.91,1433.2666015625,135.98047546130732,1256.58154296875,1605.113525390625,0.8,144.64654761904762,
chronos_2,electricity,USA|South Dakota,US,False,False,rolling,2022-12-01,2,2023-02-01,1429.15,1417.609619140625,164.29683850918056,1194.772216796875,1615.8819580078125,0.8,144.64654761904762,
chronos_2,electricity,USA|South Dakota,US,False,False,rolling,2022-12-01,3,2023-03-01,1485.29,1453.822021484375,183.64303769620494,1210.431396484375,1681.12744140625,0.8,144.64654761904762,
chronos_2,electricity,USA|South Dakota,US,False,False,rolling,2022-12-01,4,2023-04-01,1423.26,1440.89306640625,204.50621977267616,1167.9412841796875,1692.11181640625,0.8,144.64654761904762,
chronos_2,electricity,USA|South Dakota,US,False,False,rolling,2022-12-01,5,2023-05-01,1658.57,1396.8341064453125,218.43963045814914,1104.23046875,1664.11376953125,0.8,144.64654761904762,
chronos_2,electricity,USA|South Dakota,US,False,False,rolling,2022-12-01,6,2023-06-01,1273.7,1445.786376953125,227.39155356655994,1144.1041259765625,1726.93212890625,0.8,144.64654761904762,
chronos_2,electricity,USA|South Dakota,US,False,False,rolling,2022-12-01,7,2023-07-01,1395.62,1502.42822265625,229.8203359479841,1184.623046875,1773.67626953125,0.8,144.64654761904762,
chronos_2,electricity,USA|South Dakota,US,False,False,rolling,2022-12-01,8,2023-08-01,1485.98,1476.376220703125,246.8451969768228,1145.0048828125,1777.694580078125,0.8,144.64654761904762,
chronos_2,electricity,USA|South Dakota,US,False,False,rolling,2022-12-01,9,2023-09-01,1208.48,1368.738037109375,238.7540183039568,1057.028076171875,1668.979248046875,0.8,144.64654761904762,
chronos_2,electricity,USA|South Dakota,US,False,False,rolling,2022-12-01,10,2023-10-01,1353.23,1319.8480224609375,238.66695800250292,1009.078125,1620.80615234375,0.8,144.64654761904762,
chronos_2,electricity,USA|South Dakota,US,False,False,rolling,2022-12-01,11,2023-11-01,1479.24,1364.099365234375,249.68051477028757,1035.6785888671875,1675.635498046875,0.8,144.64654761904762,
chronos_2,electricity,USA|South Dakota,US,False,False,rolling,2022-12-01,12,2023-12-01,1542.12,1396.039306640625,259.8089902239481,1048.3829345703125,1714.3001708984375,0.8,144.64654761904762,
chronos_2,electricity,USA|South Dakota,US,False,False,rolling,2023-12-01,1,2024-01-01,1588.88,1548.095947265625,156.04711293065816,1342.413818359375,1742.378662109375,0.8,147.3556818181818,
chronos_2,electricity,USA|South Dakota,US,False,False,rolling,2023-12-01,2,2024-02-01,1556.28,1523.306884765625,176.73217382144148,1284.9478759765625,1737.9306640625,0.8,147.3556818181818,
chronos_2,electricity,USA|South Dakota,US,False,False,rolling,2023-12-01,3,2024-03-01,1755.31,1548.48388671875,186.45701904817554,1302.9793701171875,1780.887939453125,0.8,147.3556818181818,
chronos_2,electricity,USA|South Dakota,US,False,False,rolling,2023-12-01,4,2024-04-01,1730.16,1515.076171875,200.21635675672624,1248.0263671875,1761.2015380859375,0.8,147.3556818181818,
chronos_2,electricity,USA|South Dakota,US,False,False,rolling,2023-12-01,5,2024-05-01,1432.3,1465.843017578125,206.97524611182925,1189.442138671875,1719.9410400390625,0.8,147.3556818181818,
chronos_2,electricity,USA|South Dakota,US,False,False,rolling,2023-12-01,6,2024-06-01,1633.44,1479.06787109375,209.11217645424392,1204.01513671875,1739.9912109375,0.8,147.3556818181818,
chronos_2,electricity,USA|South Dakota,US,False,False,rolling,2023-12-01,7,2024-07-01,1629.63,1535.0615234375,219.51302491885343,1241.23876953125,1803.873291015625,0.8,147.3556818181818,
chronos_2,electricity,USA|South Dakota,US,False,False,rolling,2023-12-01,8,2024-08-01,1598.85,1496.48291015625,235.85492931593691,1182.49267578125,1787.01318359375,0.8,147.3556818181818,
chronos_2,electricity,USA|South Dakota,US,False,False,rolling,2023-12-01,9,2024-09-01,1426.51,1389.8671875,234.39681214454092,1087.418701171875,1688.201904296875,0.8,147.3556818181818,
chronos_2,electricity,USA|South Dakota,US,False,False,rolling,2023-12-01,10,2024-10-01,1578.25,1368.1806640625,233.24778761889746,1067.306396484375,1665.14453125,0.8,147.3556818181818,
chronos_2,electricity,USA|South Dakota,US,False,False,rolling,2023-12-01,11,2024-11-01,1677.96,1438.4556884765625,240.65748606555803,1124.78369140625,1741.6136474609375,0.8,147.3556818181818,
chronos_2,electricity,USA|South Dakota,US,False,False,rolling,2023-12-01,12,2024-12-01,1853.05,1467.02587890625,249.37485119548944,1136.3172607421875,1775.49072265625,0.8,147.3556818181818,
chronos_2,electricity,USA|South Dakota,US,False,False,rolling,2024-12-01,1,2025-01-01,2167.09,1785.82958984375,148.04442333881036,1606.8876953125,1986.3408203125,0.8,151.75184782608696,
chronos_2,electricity,USA|South Dakota,US,False,False,rolling,2024-12-01,2,2025-02-01,1738.11,1738.2373046875,158.79465603288688,1535.357666015625,1942.36474609375,0.8,151.75184782608696,
chronos_2,electricity,USA|South Dakota,US,False,False,rolling,2024-12-01,3,2025-03-01,1943.44,1790.349365234375,178.34988567017442,1559.37353515625,2016.502685546875,0.8,151.75184782608696,
chronos_2,electricity,USA|South Dakota,US,False,False,rolling,2024-12-01,4,2025-04-01,1908.17,1745.154541015625,188.88656344536733,1498.93017578125,1983.06591796875,0.8,151.75184782608696,
chronos_2,electricity,USA|South Dakota,US,False,False,rolling,2024-12-01,5,2025-05-01,1665.96,1682.480224609375,193.78508655572674,1427.679931640625,1924.37109375,0.8,151.75184782608696,
chronos_2,electricity,USA|South Dakota,US,False,False,rolling,2024-12-01,6,2025-06-01,1727.86,1686.9873046875,190.99144149955526,1444.26953125,1933.80029296875,0.8,151.75184782608696,
chronos_2,electricity,USA|South Dakota,US,False,False,rolling,2024-12-01,7,2025-07-01,1798.34,1711.980224609375,202.37524267844628,1454.552001953125,1973.2606201171875,0.8,151.75184782608696,
chronos_2,electricity,USA|South Dakota,US,False,False,rolling,2024-12-01,8,2025-08-01,1695.56,1685.4957275390625,216.68685131460046,1402.2685546875,1957.6593017578125,0.8,151.75184782608696,
chronos_2,electricity,USA|South Dakota,US,False,False,rolling,2024-12-01,9,2025-09-01,1533.46,1545.56005859375,217.4808717444905,1264.6004638671875,1822.0263671875,0.8,151.75184782608696,
chronos_2,electricity,USA|South Dakota,US,False,False,rolling,2024-12-01,10,2025-10-01,1890.78,1554.3519287109375,221.42087427111866,1274.655517578125,1842.1800537109375,0.8,151.75184782608696,
chronos_2,electricity,USA|South Dakota,US,False,False,rolling,2024-12-01,11,2025-11-01,1783.65,1653.2525634765625,223.12507490947974,1358.372314453125,1930.264892578125,0.8,151.75184782608696,
chronos_2,electricity,USA|South Dakota,US,False,False,rolling,2024-12-01,12,2025-12-01,2120.1,1708.9923095703125,230.13876328689034,1407.862060546875,1997.7314453125,0.8,151.75184782608696,
chronos_2,electricity,USA|Tennessee,US,True,False,holdout,last12,1,2025-01-01,7018.39,7001.11962890625,572.8171587465882,6220.8984375,7689.087890625,0.8,580.4349275362318,
chronos_2,electricity,USA|Tennessee,US,True,False,holdout,last12,2,2025-02-01,5105.17,6168.64208984375,614.5740987822076,5373.7744140625,6948.9912109375,0.8,580.4349275362318,
chronos_2,electricity,USA|Tennessee,US,True,False,holdout,last12,3,2025-03-01,5249.45,5853.9638671875,622.0715719201042,5065.2236328125,6659.6572265625,0.8,580.4349275362318,
chronos_2,electricity,USA|Tennessee,US,True,False,holdout,last12,4,2025-04-01,4574.9,5052.8642578125,599.1619488736267,4306.890625,5842.6044921875,0.8,580.4349275362318,
chronos_2,electricity,USA|Tennessee,US,True,False,holdout,last12,5,2025-05-01,5866.96,5804.880859375,614.8002269612574,5034.0478515625,6609.84423828125,0.8,580.4349275362318,
chronos_2,electricity,USA|Tennessee,US,True,False,holdout,last12,6,2025-06-01,6767.27,6797.48095703125,596.8044625924631,6005.07763671875,7534.7490234375,0.8,580.4349275362318,
chronos_2,electricity,USA|Tennessee,US,True,False,holdout,last12,7,2025-07-01,8395.33,7651.17041015625,573.1817832914081,6887.2685546875,8356.392578125,0.8,580.4349275362318,
chronos_2,electricity,USA|Tennessee,US,True,False,holdout,last12,8,2025-08-01,7477.8,7370.60302734375,597.5030405474552,6582.0439453125,8113.505859375,0.8,580.4349275362318,
chronos_2,electricity,USA|Tennessee,US,True,False,holdout,last12,9,2025-09-01,6838.69,6221.69287109375,621.7244737379401,5394.9609375,6988.5048828125,0.8,580.4349275362318,
chronos_2,electricity,USA|Tennessee,US,True,False,holdout,last12,10,2025-10-01,5207.32,4976.7275390625,656.6440367943887,4194.3720703125,5877.41845703125,0.8,580.4349275362318,
chronos_2,electricity,USA|Tennessee,US,True,False,holdout,last12,11,2025-11-01,5038.31,5081.095703125,615.6275855809821,4290.2451171875,5868.162109375,0.8,580.4349275362318,
chronos_2,electricity,USA|Tennessee,US,True,False,holdout,last12,12,2025-12-01,7334.73,6222.0703125,669.2618748830015,5345.701171875,7061.08837890625,0.8,580.4349275362318,
chronos_2,electricity,USA|Tennessee,US,True,False,rolling,2022-12-01,1,2023-01-01,7053.2,7431.5869140625,545.7564548058438,6701.24951171875,8100.07958984375,0.8,577.5184523809523,
chronos_2,electricity,USA|Tennessee,US,True,False,rolling,2022-12-01,2,2023-02-01,6205.47,6240.791015625,630.8157028538743,5422.38330078125,7039.22900390625,0.8,577.5184523809523,
chronos_2,electricity,USA|Tennessee,US,True,False,rolling,2022-12-01,3,2023-03-01,5873.11,5937.806640625,661.0282945135561,5109.7568359375,6804.04052734375,0.8,577.5184523809523,
chronos_2,electricity,USA|Tennessee,US,True,False,rolling,2022-12-01,4,2023-04-01,5685.52,4789.8037109375,618.7467066219106,4002.87255859375,5588.7841796875,0.8,577.5184523809523,
chronos_2,electricity,USA|Tennessee,US,True,False,rolling,2022-12-01,5,2023-05-01,6564.72,5695.01220703125,641.6081321710843,4921.92236328125,6566.43017578125,0.8,577.5184523809523,
chronos_2,electricity,USA|Tennessee,US,True,False,rolling,2022-12-01,6,2023-06-01,6619.69,6719.99462890625,640.1273450306007,5861.89111328125,7502.603515625,0.8,577.5184523809523,
chronos_2,electricity,USA|Tennessee,US,True,False,rolling,2022-12-01,7,2023-07-01,8078.39,7624.82763671875,623.5782675966879,6770.99462890625,8369.2900390625,0.8,577.5184523809523,
chronos_2,electricity,USA|Tennessee,US,True,False,rolling,2022-12-01,8,2023-08-01,7753.73,7302.08935546875,670.2564959637251,6367.07177734375,8085.00830078125,0.8,577.5184523809523,
chronos_2,electricity,USA|Tennessee,US,True,False,rolling,2022-12-01,9,2023-09-01,6924.26,6081.92236328125,697.4774137196177,5154.0478515625,6941.75439453125,0.8,577.5184523809523,
chronos_2,electricity,USA|Tennessee,US,True,False,rolling,2022-12-01,10,2023-10-01,6229.94,4902.5419921875,682.8637610835617,4059.638916015625,5809.88916015625,0.8,577.5184523809523,
chronos_2,electricity,USA|Tennessee,US,True,False,rolling,2022-12-01,11,2023-11-01,5355.26,5039.8974609375,653.1111411916269,4200.390625,5874.3818359375,0.8,577.5184523809523,
chronos_2,electricity,USA|Tennessee,US,True,False,rolling,2022-12-01,12,2023-12-01,7096.2,6282.00537109375,721.7180878082359,5325.58447265625,7175.42236328125,0.8,577.5184523809523,
chronos_2,electricity,USA|Tennessee,US,True,False,rolling,2023-12-01,1,2024-01-01,8044.74,7487.841796875,578.3796833464826,6730.95849609375,8213.4052734375,0.8,571.5232196969697,
chronos_2,electricity,USA|Tennessee,US,True,False,rolling,2023-12-01,2,2024-02-01,6935.73,6551.580078125,627.479026311282,5751.4169921875,7359.71044921875,0.8,571.5232196969697,
chronos_2,electricity,USA|Tennessee,US,True,False,rolling,2023-12-01,3,2024-03-01,6448.74,6071.15283203125,617.190098912546,5290.07666015625,6871.99853515625,0.8,571.5232196969697,
chronos_2,electricity,USA|Tennessee,US,True,False,rolling,2023-12-01,4,2024-04-01,4954.24,5278.08203125,610.1909840866916,4538.033203125,6102.015625,0.8,571.5232196969697,
chronos_2,electricity,USA|Tennessee,US,True,False,rolling,2023-12-01,5,2024-05-01,6056.89,5818.62646484375,620.4239033265055,5070.439453125,6660.64990234375,0.8,571.5232196969697,
chronos_2,electricity,USA|Tennessee,US,True,False,rolling,2023-12-01,6,2024-06-01,7276.88,6966.4375,603.2431148212117,6167.50048828125,7713.6748046875,0.8,571.5232196969697,
chronos_2,electricity,USA|Tennessee,US,True,False,rolling,2023-12-01,7,2024-07-01,7392.02,7896.6083984375,601.9551176699433,7087.7607421875,8630.6337890625,0.8,571.5232196969697,
chronos_2,electricity,USA|Tennessee,US,True,False,rolling,2023-12-01,8,2024-08-01,6919.39,7612.91552734375,635.756994099193,6782.7373046875,8412.248046875,0.8,571.5232196969697,
chronos_2,electricity,USA|Tennessee,US,True,False,rolling,2023-12-01,9,2024-09-01,6225.02,6459.0595703125,659.5637002081351,5586.23388671875,7276.763671875,0.8,571.5232196969697,
chronos_2,electricity,USA|Tennessee,US,True,False,rolling,2023-12-01,10,2024-10-01,4830.61,5520.1474609375,689.3388948171865,4636.0146484375,6402.861328125,0.8,571.5232196969697,
chronos_2,electricity,USA|Tennessee,US,True,False,rolling,2023-12-01,11,2024-11-01,4730.36,5457.54345703125,662.7260656438776,4581.09814453125,6279.7333984375,0.8,571.5232196969697,
chronos_2,electricity,USA|Tennessee,US,True,False,rolling,2023-12-01,12,2024-12-01,6216.2,6724.7646484375,692.0450033120494,5810.96875,7584.75146484375,0.8,571.5232196969697,
chronos_2,electricity,USA|Tennessee,US,True,False,rolling,2024-12-01,1,2025-01-01,7018.39,7001.11962890625,572.8171587465882,6220.8984375,7689.087890625,0.8,580.4349275362318,
chronos_2,electricity,USA|Tennessee,US,True,False,rolling,2024-12-01,2,2025-02-01,5105.17,6168.64208984375,614.5740987822076,5373.7744140625,6948.9912109375,0.8,580.4349275362318,
chronos_2,electricity,USA|Tennessee,US,True,False,rolling,2024-12-01,3,2025-03-01,5249.45,5853.9638671875,622.0715719201042,5065.2236328125,6659.6572265625,0.8,580.4349275362318,
chronos_2,electricity,USA|Tennessee,US,True,False,rolling,2024-12-01,4,2025-04-01,4574.9,5052.8642578125,599.1619488736267,4306.890625,5842.6044921875,0.8,580.4349275362318,
chronos_2,electricity,USA|Tennessee,US,True,False,rolling,2024-12-01,5,2025-05-01,5866.96,5804.880859375,614.8002269612574,5034.0478515625,6609.84423828125,0.8,580.4349275362318,
chronos_2,electricity,USA|Tennessee,US,True,False,rolling,2024-12-01,6,2025-06-01,6767.27,6797.48095703125,596.8044625924631,6005.07763671875,7534.7490234375,0.8,580.4349275362318,
chronos_2,electricity,USA|Tennessee,US,True,False,rolling,2024-12-01,7,2025-07-01,8395.33,7651.17041015625,573.1817832914081,6887.2685546875,8356.392578125,0.8,580.4349275362318,
chronos_2,electricity,USA|Tennessee,US,True,False,rolling,2024-12-01,8,2025-08-01,7477.8,7370.60302734375,597.5030405474552,6582.0439453125,8113.505859375,0.8,580.4349275362318,
chronos_2,electricity,USA|Tennessee,US,True,False,rolling,2024-12-01,9,2025-09-01,6838.69,6221.69287109375,621.7244737379401,5394.9609375,6988.5048828125,0.8,580.4349275362318,
chronos_2,electricity,USA|Tennessee,US,True,False,rolling,2024-12-01,10,2025-10-01,5207.32,4976.7275390625,656.6440367943887,4194.3720703125,5877.41845703125,0.8,580.4349275362318,
chronos_2,electricity,USA|Tennessee,US,True,False,rolling,2024-12-01,11,2025-11-01,5038.31,5081.095703125,615.6275855809821,4290.2451171875,5868.162109375,0.8,580.4349275362318,
chronos_2,electricity,USA|Tennessee,US,True,False,rolling,2024-12-01,12,2025-12-01,7334.73,6222.0703125,669.2618748830015,5345.701171875,7061.08837890625,0.8,580.4349275362318,
chronos_2,electricity,USA|Texas,US,True,False,holdout,last12,1,2025-01-01,50664.45,46460.0625,1633.1003761527247,44369.390625,48555.1953125,0.8,1617.7998188405797,
chronos_2,electricity,USA|Texas,US,True,False,holdout,last12,2,2025-02-01,43505.62,41916.703125,1536.2283596746022,39978.22265625,43915.734375,0.8,1617.7998188405797,
chronos_2,electricity,USA|Texas,US,True,False,holdout,last12,3,2025-03-01,43638.58,42437.01953125,1519.5249740477404,40555.0078125,44449.70703125,0.8,1617.7998188405797,
chronos_2,electricity,USA|Texas,US,True,False,holdout,last12,4,2025-04-01,44170.61,42055.1171875,1547.1800502872509,40045.26953125,44010.8515625,0.8,1617.7998188405797,
chronos_2,electricity,USA|Texas,US,True,False,holdout,last12,5,2025-05-01,49854.94,48203.65625,1948.6373892522784,45814.3359375,50808.89453125,0.8,1617.7998188405797,
chronos_2,electricity,USA|Texas,US,True,False,holdout,last12,6,2025-06-01,54264.88,53839.11328125,2042.1961611726636,51350.0234375,56584.3828125,0.8,1617.7998188405797,
chronos_2,electricity,USA|Texas,US,True,False,holdout,last12,7,2025-07-01,58395.03,57995.9375,2312.653845489649,54960.5,60888.0703125,0.8,1617.7998188405797,
chronos_2,electricity,USA|Texas,US,True,False,holdout,last12,8,2025-08-01,58608.03,59467.41796875,2477.5174808520037,56249.015625,62599.1484375,0.8,1617.7998188405797,
chronos_2,electricity,USA|Texas,US,True,False,holdout,last12,9,2025-09-01,52444.81,51600.03125,2334.2874731331985,48437.3828125,54420.40234375,0.8,1617.7998188405797,
chronos_2,electricity,USA|Texas,US,True,False,holdout,last12,10,2025-10-01,49386.31,46341.359375,2129.6344224472937,43627.98828125,49086.4609375,0.8,1617.7998188405797,
chronos_2,electricity,USA|Texas,US,True,False,holdout,last12,11,2025-11-01,43851.65,43207.46484375,1949.5198035112155,40664.7578125,45661.578125,0.8,1617.7998188405797,
chronos_2,electricity,USA|Texas,US,True,False,holdout,last12,12,2025-12-01,46513.29,46287.08984375,2144.527258610222,43542.78125,49039.42578125,0.8,1617.7998188405797,
chronos_2,electricity,USA|Texas,US,True,False,rolling,2022-12-01,1,2023-01-01,41647.83,42058.6640625,1750.5605346411824,40110.859375,44597.7265625,0.8,1577.8481746031746,
chronos_2,electricity,USA|Texas,US,True,False,rolling,2022-12-01,2,2023-02-01,38434.29,37642.60546875,1665.082177920945,35829.7421875,40097.51953125,0.8,1577.8481746031746,
chronos_2,electricity,USA|Texas,US,True,False,rolling,2022-12-01,3,2023-03-01,40700.99,38107.8359375,1688.3587115595456,36183.07421875,40510.51171875,0.8,1577.8481746031746,
chronos_2,electricity,USA|Texas,US,True,False,rolling,2022-12-01,4,2023-04-01,38448.71,37745.1484375,1648.3635519787304,35857.625,40082.55078125,0.8,1577.8481746031746,
chronos_2,electricity,USA|Texas,US,True,False,rolling,2022-12-01,5,2023-05-01,44224.67,43392.984375,1995.301710831556,41321.8203125,46435.984375,0.8,1577.8481746031746,
chronos_2,electricity,USA|Texas,US,True,False,rolling,2022-12-01,6,2023-06-01,50927.95,48467.296875,2172.482569062186,46277.015625,51845.3125,0.8,1577.8481746031746,
chronos_2,electricity,USA|Texas,US,True,False,rolling,2022-12-01,7,2023-07-01,56338.89,52370.3671875,2308.5343882497395,49843.33984375,55760.3515625,0.8,1577.8481746031746,
chronos_2,electricity,USA|Texas,US,True,False,rolling,2022-12-01,8,2023-08-01,58842.88,53217.40625,2441.6768312364097,50598.41796875,56856.6875,0.8,1577.8481746031746,
chronos_2,electricity,USA|Texas,US,True,False,rolling,2022-12-01,9,2023-09-01,50652.24,46193.171875,2245.1118159083294,43627.35546875,49381.80859375,0.8,1577.8481746031746,
chronos_2,electricity,USA|Texas,US,True,False,rolling,2022-12-01,10,2023-10-01,43159.78,41331.578125,2028.8776495856978,39079.66796875,44279.890625,0.8,1577.8481746031746,
chronos_2,electricity,USA|Texas,US,True,False,rolling,2022-12-01,11,2023-11-01,39535.38,38659.44140625,1905.2695478838493,36579.08984375,41462.4921875,0.8,1577.8481746031746,
chronos_2,electricity,USA|Texas,US,True,False,rolling,2022-12-01,12,2023-12-01,42058.82,41560.96875,2067.83341965944,39294.19921875,44594.26953125,0.8,1577.8481746031746,
chronos_2,electricity,USA|Texas,US,True,False,rolling,2023-12-01,1,2024-01-01,47455.37,43367.03125,1508.702826115592,41533.96875,45400.9296875,0.8,1593.7123106060603,
chronos_2,electricity,USA|Texas,US,True,False,rolling,2023-12-01,2,2024-02-01,38846.03,39397.015625,1388.6152372602812,37590.30859375,41149.47265625,0.8,1593.7123106060603,
chronos_2,electricity,USA|Texas,US,True,False,rolling,2023-12-01,3,2024-03-01,40559.25,39945.30859375,1404.8736056788362,38217.27734375,41818.11328125,0.8,1593.7123106060603,
chronos_2,electricity,USA|Texas,US,True,False,rolling,2023-12-01,4,2024-04-01,41254.23,39334.09765625,1419.6749999496465,37499.4921875,41138.265625,0.8,1593.7123106060603,
chronos_2,electricity,USA|Texas,US,True,False,rolling,2023-12-01,5,2024-05-01,47524.99,45457.55078125,1727.4074475569412,43368.8203125,47796.34375,0.8,1593.7123106060603,
chronos_2,electricity,USA|Texas,US,True,False,rolling,2023-12-01,6,2024-06-01,52863.44,50817.7734375,1875.2872754899392,48555.65625,53362.2109375,0.8,1593.7123106060603,
chronos_2,electricity,USA|Texas,US,True,False,rolling,2023-12-01,7,2024-07-01,54763.39,54769.4453125,2061.1170126833836,52158.4453125,57441.30078125,0.8,1593.7123106060603,
chronos_2,electricity,USA|Texas,US,True,False,rolling,2023-12-01,8,2024-08-01,58970.14,55855.6171875,2206.1270892354164,53027.328125,58681.859375,0.8,1593.7123106060603,
chronos_2,electricity,USA|Texas,US,True,False,rolling,2023-12-01,9,2024-09-01,50555.63,48442.8359375,2080.522506222328,45705.6875,51038.28125,0.8,1593.7123106060603,
chronos_2,electricity,USA|Texas,US,True,False,rolling,2023-12-01,10,2024-10-01,48072.26,43353.734375,1925.479730073431,40949.3515625,45884.5546875,0.8,1593.7123106060603,
chronos_2,electricity,USA|Texas,US,True,False,rolling,2023-12-01,11,2024-11-01,42274.68,40203.7734375,1828.9719571322448,37944.53125,42632.375,0.8,1593.7123106060603,
chronos_2,electricity,USA|Texas,US,True,False,rolling,2023-12-01,12,2024-12-01,43978.02,43342.44921875,1937.4388055309114,40935.3125,45901.16796875,0.8,1593.7123106060603,
chronos_2,electricity,USA|Texas,US,True,False,rolling,2024-12-01,1,2025-01-01,50664.45,46460.0625,1633.1003761527247,44369.390625,48555.1953125,0.8,1617.7998188405797,
chronos_2,electricity,USA|Texas,US,True,False,rolling,2024-12-01,2,2025-02-01,43505.62,41916.703125,1536.2283596746022,39978.22265625,43915.734375,0.8,1617.7998188405797,
chronos_2,electricity,USA|Texas,US,True,False,rolling,2024-12-01,3,2025-03-01,43638.58,42437.01953125,1519.5249740477404,40555.0078125,44449.70703125,0.8,1617.7998188405797,
chronos_2,electricity,USA|Texas,US,True,False,rolling,2024-12-01,4,2025-04-01,44170.61,42055.1171875,1547.1800502872509,40045.26953125,44010.8515625,0.8,1617.7998188405797,
chronos_2,electricity,USA|Texas,US,True,False,rolling,2024-12-01,5,2025-05-01,49854.94,48203.65625,1948.6373892522784,45814.3359375,50808.89453125,0.8,1617.7998188405797,
chronos_2,electricity,USA|Texas,US,True,False,rolling,2024-12-01,6,2025-06-01,54264.88,53839.11328125,2042.1961611726636,51350.0234375,56584.3828125,0.8,1617.7998188405797,
chronos_2,electricity,USA|Texas,US,True,False,rolling,2024-12-01,7,2025-07-01,58395.03,57995.9375,2312.653845489649,54960.5,60888.0703125,0.8,1617.7998188405797,
chronos_2,electricity,USA|Texas,US,True,False,rolling,2024-12-01,8,2025-08-01,58608.03,59467.41796875,2477.5174808520037,56249.015625,62599.1484375,0.8,1617.7998188405797,
chronos_2,electricity,USA|Texas,US,True,False,rolling,2024-12-01,9,2025-09-01,52444.81,51600.03125,2334.2874731331985,48437.3828125,54420.40234375,0.8,1617.7998188405797,
chronos_2,electricity,USA|Texas,US,True,False,rolling,2024-12-01,10,2025-10-01,49386.31,46341.359375,2129.6344224472937,43627.98828125,49086.4609375,0.8,1617.7998188405797,
chronos_2,electricity,USA|Texas,US,True,False,rolling,2024-12-01,11,2025-11-01,43851.65,43207.46484375,1949.5198035112155,40664.7578125,45661.578125,0.8,1617.7998188405797,
chronos_2,electricity,USA|Texas,US,True,False,rolling,2024-12-01,12,2025-12-01,46513.29,46287.08984375,2144.527258610222,43542.78125,49039.42578125,0.8,1617.7998188405797,
chronos_2,electricity,USA|US Total,US,False,True,holdout,last12,1,2025-01-01,406485.89,383325.25,8868.717463717578,371739.5625,394471.0,0.8,10432.72115942029,
chronos_2,electricity,USA|US Total,US,False,True,holdout,last12,2,2025-02-01,344871.21,335211.75,8048.020385833671,324709.28125,345337.1875,0.8,10432.72115942029,
chronos_2,electricity,USA|US Total,US,False,True,holdout,last12,3,2025-03-01,341722.11,341968.75,8365.652942294259,330925.625,352367.65625,0.8,10432.72115942029,
chronos_2,electricity,USA|US Total,US,False,True,holdout,last12,4,2025-04-01,330051.74,315005.5,8088.913199988777,304566.75,325299.46875,0.8,10432.72115942029,
chronos_2,electricity,USA|US Total,US,False,True,holdout,last12,5,2025-05-01,352871.08,345749.0625,8738.114057268715,334532.59375,356929.28125,0.8,10432.72115942029,
chronos_2,electricity,USA|US Total,US,False,True,holdout,last12,6,2025-06-01,402160.32,388498.28125,10746.848582052384,374276.96875,401822.25,0.8,10432.72115942029,
chronos_2,electricity,USA|US Total,US,False,True,holdout,last12,7,2025-07-01,455507.3,432257.5,12408.762298411444,415434.9375,447239.875,0.8,10432.72115942029,
chronos_2,electricity,USA|US Total,US,False,True,holdout,last12,8,2025-08-01,428732.7,429542.8125,13022.947007136383,412262.6875,445641.84375,0.8,10432.72115942029,
chronos_2,electricity,USA|US Total,US,False,True,holdout,last12,9,2025-09-01,376372.98,366594.28125,10896.983976657622,351923.03125,379853.125,0.8,10432.72115942029,
chronos_2,electricity,USA|US Total,US,False,True,holdout,last12,10,2025-10-01,352574.93,339914.1875,9709.604911381108,327101.71875,351988.4375,0.8,10432.72115942029,
chronos_2,electricity,USA|US Total,US,False,True,holdout,last12,11,2025-11-01,340816.65,329911.21875,9498.764292661896,317360.34375,341706.65625,0.8,10432.72115942029,
chronos_2,electricity,USA|US Total,US,False,True,holdout,last12,12,2025-12-01,387652.09,367553.875,11678.995038049534,352495.125,382429.59375,0.8,10432.72115942029,
chronos_2,electricity,USA|US Total,US,False,True,rolling,2022-12-01,1,2023-01-01,351805.81,375674.6875,10138.247924872774,362814.53125,388799.90625,0.8,10296.298492063492,
chronos_2,electricity,USA|US Total,US,False,True,rolling,2022-12-01,2,2023-02-01,313516.29,327168.125,9314.063862836107,315122.03125,338994.9375,0.8,10296.298492063492,
chronos_2,electricity,USA|US Total,US,False,True,rolling,2022-12-01,3,2023-03-01,335781.1,331866.84375,9483.731245597719,319572.75,343880.53125,0.8,10296.298492063492,
chronos_2,electricity,USA|US Total,US,False,True,rolling,2022-12-01,4,2023-04-01,306263.23,305547.34375,9314.258938872625,294218.8125,318092.21875,0.8,10296.298492063492,
chronos_2,electricity,USA|US Total,US,False,True,rolling,2022-12-01,5,2023-05-01,334950.6,336165.1875,10179.640621371458,323292.4375,349383.90625,0.8,10296.298492063492,
chronos_2,electricity,USA|US Total,US,False,True,rolling,2022-12-01,6,2023-06-01,364070.84,375991.375,11690.516716456385,361241.1875,391205.1875,0.8,10296.298492063492,
chronos_2,electricity,USA|US Total,US,False,True,rolling,2022-12-01,7,2023-07-01,433110.97,417714.46875,13549.981496546863,399934.5,434664.5,0.8,10296.298492063492,
chronos_2,electricity,USA|US Total,US,False,True,rolling,2022-12-01,8,2023-08-01,431060.74,414498.3125,14035.818365495179,396414.96875,432390.21875,0.8,10296.298492063492,
chronos_2,electricity,USA|US Total,US,False,True,rolling,2022-12-01,9,2023-09-01,365188.71,354325.53125,11730.434150428899,339323.21875,369389.53125,0.8,10296.298492063492,
chronos_2,electricity,USA|US Total,US,False,True,rolling,2022-12-01,10,2023-10-01,335475.51,328827.625,10545.33503632919,315097.03125,342125.8125,0.8,10296.298492063492,
chronos_2,electricity,USA|US Total,US,False,True,rolling,2022-12-01,11,2023-11-01,327041.75,320178.71875,10702.761397799293,306634.53125,334066.8125,0.8,10296.298492063492,
chronos_2,electricity,USA|US Total,US,False,True,rolling,2022-12-01,12,2023-12-01,350798.97,355967.0625,12558.897693016683,339904.5,372094.25,0.8,10296.298492063492,
chronos_2,electricity,USA|US Total,US,False,True,rolling,2023-12-01,1,2024-01-01,384446.84,371839.875,9404.26214522116,359909.9375,384014.03125,0.8,10355.127954545454,
chronos_2,electricity,USA|US Total,US,False,True,rolling,2023-12-01,2,2024-02-01,325670.04,328301.03125,8630.627161147244,317186.90625,339308.09375,0.8,10355.127954545454,
chronos_2,electricity,USA|US Total,US,False,True,rolling,2023-12-01,3,2024-03-01,330806.16,331704.78125,8599.183342510983,320653.34375,342693.9375,0.8,10355.127954545454,
chronos_2,electricity,USA|US Total,US,False,True,rolling,2023-12-01,4,2024-04-01,317730.49,305377.1875,8164.663663419209,295013.90625,315940.78125,0.8,10355.127954545454,
chronos_2,electricity,USA|US Total,US,False,True,rolling,2023-12-01,5,2024-05-01,354307.92,337112.78125,9321.025638889345,325167.4375,349058.1875,0.8,10355.127954545454,
chronos_2,electricity,USA|US Total,US,False,True,rolling,2023-12-01,6,2024-06-01,398232.76,377172.8125,10841.155653456599,363296.40625,391083.40625,0.8,10355.127954545454,
chronos_2,electricity,USA|US Total,US,False,True,rolling,2023-12-01,7,2024-07-01,438813.8,423932.125,13072.557281673391,406585.5625,440091.875,0.8,10355.127954545454,
chronos_2,electricity,USA|US Total,US,False,True,rolling,2023-12-01,8,2024-08-01,431519.19,418334.25,13388.482922814446,400811.8125,435127.875,0.8,10355.127954545454,
chronos_2,electricity,USA|US Total,US,False,True,rolling,2023-12-01,9,2024-09-01,366624.73,358767.65625,10988.937943371338,344423.28125,372589.0625,0.8,10355.127954545454,
chronos_2,electricity,USA|US Total,US,False,True,rolling,2023-12-01,10,2024-10-01,340934.09,332280.21875,9732.258116121771,319588.625,344533.40625,0.8,10355.127954545454,
chronos_2,electricity,USA|US Total,US,False,True,rolling,2023-12-01,11,2024-11-01,329563.7,321979.46875,9844.426837119676,309298.4375,334530.71875,0.8,10355.127954545454,
chronos_2,electricity,USA|US Total,US,False,True,rolling,2023-12-01,12,2024-12-01,366142.18,357452.09375,11538.4061769814,342701.65625,372275.78125,0.8,10355.127954545454,
chronos_2,electricity,USA|US Total,US,False,True,rolling,2024-12-01,1,2025-01-01,406485.89,383325.25,8868.717463717578,371739.5625,394471.0,0.8,10432.72115942029,
chronos_2,electricity,USA|US Total,US,False,True,rolling,2024-12-01,2,2025-02-01,344871.21,335211.75,8048.020385833671,324709.28125,345337.1875,0.8,10432.72115942029,
chronos_2,electricity,USA|US Total,US,False,True,rolling,2024-12-01,3,2025-03-01,341722.11,341968.75,8365.652942294259,330925.625,352367.65625,0.8,10432.72115942029,
chronos_2,electricity,USA|US Total,US,False,True,rolling,2024-12-01,4,2025-04-01,330051.74,315005.5,8088.913199988777,304566.75,325299.46875,0.8,10432.72115942029,
chronos_2,electricity,USA|US Total,US,False,True,rolling,2024-12-01,5,2025-05-01,352871.08,345749.0625,8738.114057268715,334532.59375,356929.28125,0.8,10432.72115942029,
chronos_2,electricity,USA|US Total,US,False,True,rolling,2024-12-01,6,2025-06-01,402160.32,388498.28125,10746.848582052384,374276.96875,401822.25,0.8,10432.72115942029,
chronos_2,electricity,USA|US Total,US,False,True,rolling,2024-12-01,7,2025-07-01,455507.3,432257.5,12408.762298411444,415434.9375,447239.875,0.8,10432.72115942029,
chronos_2,electricity,USA|US Total,US,False,True,rolling,2024-12-01,8,2025-08-01,428732.7,429542.8125,13022.947007136383,412262.6875,445641.84375,0.8,10432.72115942029,
chronos_2,electricity,USA|US Total,US,False,True,rolling,2024-12-01,9,2025-09-01,376372.98,366594.28125,10896.983976657622,351923.03125,379853.125,0.8,10432.72115942029,
chronos_2,electricity,USA|US Total,US,False,True,rolling,2024-12-01,10,2025-10-01,352574.93,339914.1875,9709.604911381108,327101.71875,351988.4375,0.8,10432.72115942029,
chronos_2,electricity,USA|US Total,US,False,True,rolling,2024-12-01,11,2025-11-01,340816.65,329911.21875,9498.764292661896,317360.34375,341706.65625,0.8,10432.72115942029,
chronos_2,electricity,USA|US Total,US,False,True,rolling,2024-12-01,12,2025-12-01,387652.09,367553.875,11678.995038049534,352495.125,382429.59375,0.8,10432.72115942029,
chronos_2,electricity,USA|Utah,US,True,False,holdout,last12,1,2025-01-01,3715.99,3317.48388671875,275.70835396396956,2962.63037109375,3669.29931640625,0.8,286.88612318840575,
chronos_2,electricity,USA|Utah,US,True,False,holdout,last12,2,2025-02-01,3400.02,2769.8505859375,341.47441054681275,2347.874267578125,3223.1083984375,0.8,286.88612318840575,
chronos_2,electricity,USA|Utah,US,True,False,holdout,last12,3,2025-03-01,3082.64,2562.79931640625,352.3472325275098,2136.67333984375,3039.775634765625,0.8,286.88612318840575,
chronos_2,electricity,USA|Utah,US,True,False,holdout,last12,4,2025-04-01,2293.93,2315.476806640625,363.59291834851444,1881.6351318359375,2813.561279296875,0.8,286.88612318840575,
chronos_2,electricity,USA|Utah,US,True,False,holdout,last12,5,2025-05-01,2613.36,2703.46923828125,383.96212370360735,2244.05126953125,3228.185791015625,0.8,286.88612318840575,
chronos_2,electricity,USA|Utah,US,True,False,holdout,last12,6,2025-06-01,3349.4,3061.9375,392.956672069021,2559.216796875,3566.4052734375,0.8,286.88612318840575,
chronos_2,electricity,USA|Utah,US,True,False,holdout,last12,7,2025-07-01,3619.2,3773.6884765625,367.9804622606799,3310.06640625,4253.23828125,0.8,286.88612318840575,
chronos_2,electricity,USA|Utah,US,True,False,holdout,last12,8,2025-08-01,3546.26,3786.803466796875,371.98876045048354,3333.410400390625,4286.85595703125,0.8,286.88612318840575,
chronos_2,electricity,USA|Utah,US,True,False,holdout,last12,9,2025-09-01,3521.16,3426.363037109375,377.1849459700808,2960.11572265625,3926.879638671875,0.8,286.88612318840575,
chronos_2,electricity,USA|Utah,US,True,False,holdout,last12,10,2025-10-01,3130.11,3208.858154296875,393.38044808780467,2699.5400390625,3707.814697265625,0.8,286.88612318840575,
chronos_2,electricity,USA|Utah,US,True,False,holdout,last12,11,2025-11-01,3248.99,2986.30517578125,412.888337495527,2463.250244140625,3521.525634765625,0.8,286.88612318840575,
chronos_2,electricity,USA|Utah,US,True,False,holdout,last12,12,2025-12-01,2812.76,3282.74755859375,409.3643955780351,2756.02001953125,3805.26318359375,0.8,286.88612318840575,
chronos_2,electricity,USA|Utah,US,True,False,rolling,2022-12-01,1,2023-01-01,3553.82,3468.8916015625,288.00138283162204,3122.51611328125,3860.693359375,0.8,265.5421825396826,
chronos_2,electricity,USA|Utah,US,True,False,rolling,2022-12-01,2,2023-02-01,2907.11,2988.2568359375,347.88334416062304,2555.34033203125,3447.001220703125,0.8,265.5421825396826,
chronos_2,electricity,USA|Utah,US,True,False,rolling,2022-12-01,3,2023-03-01,2822.41,2777.135986328125,352.3627585987756,2333.91015625,3237.05224609375,0.8,265.5421825396826,
chronos_2,electricity,USA|Utah,US,True,False,rolling,2022-12-01,4,2023-04-01,2304.74,2523.533203125,381.52824534173703,2042.987060546875,3020.88330078125,0.8,265.5421825396826,
chronos_2,electricity,USA|Utah,US,True,False,rolling,2022-12-01,5,2023-05-01,2207.65,2989.00439453125,375.13340901962823,2504.028076171875,3465.53369140625,0.8,265.5421825396826,
chronos_2,electricity,USA|Utah,US,True,False,rolling,2022-12-01,6,2023-06-01,2373.58,3332.330078125,375.381349900027,2857.446533203125,3819.587646484375,0.8,265.5421825396826,
chronos_2,electricity,USA|Utah,US,True,False,rolling,2022-12-01,7,2023-07-01,3834.3,3989.33203125,392.39344716475756,3495.613525390625,4501.3583984375,0.8,265.5421825396826,
chronos_2,electricity,USA|Utah,US,True,False,rolling,2022-12-01,8,2023-08-01,3727.85,4072.81787109375,402.21687818143124,3582.7236328125,4613.64697265625,0.8,265.5421825396826,
chronos_2,electricity,USA|Utah,US,True,False,rolling,2022-12-01,9,2023-09-01,3194.96,3661.408935546875,401.84711003017964,3171.28515625,4201.2607421875,0.8,265.5421825396826,
chronos_2,electricity,USA|Utah,US,True,False,rolling,2022-12-01,10,2023-10-01,2852.8,3384.65966796875,415.6022566520083,2859.87353515625,3925.10498046875,0.8,265.5421825396826,
chronos_2,electricity,USA|Utah,US,True,False,rolling,2022-12-01,11,2023-11-01,2395.0,3182.991455078125,414.78185142616337,2652.645751953125,3715.7744140625,0.8,265.5421825396826,
chronos_2,electricity,USA|Utah,US,True,False,rolling,2022-12-01,12,2023-12-01,2349.51,3547.87255859375,436.63112953195764,3011.226806640625,4130.357421875,0.8,265.5421825396826,
chronos_2,electricity,USA|Utah,US,True,False,rolling,2023-12-01,1,2024-01-01,2664.33,2525.0966796875,356.172170673223,2075.212158203125,2988.1181640625,0.8,278.2698106060607,
chronos_2,electricity,USA|Utah,US,True,False,rolling,2023-12-01,2,2024-02-01,2340.89,2187.56982421875,385.700948433411,1704.531494140625,2693.122802734375,0.8,278.2698106060607,
chronos_2,electricity,USA|Utah,US,True,False,rolling,2023-12-01,3,2024-03-01,2370.23,2093.581298828125,419.73014369134734,1547.1363525390625,2622.947998046875,0.8,278.2698106060607,
chronos_2,electricity,USA|Utah,US,True,False,rolling,2023-12-01,4,2024-04-01,2178.21,2027.8712158203125,431.12642287843363,1454.876953125,2559.8984375,0.8,278.2698106060607,
chronos_2,electricity,USA|Utah,US,True,False,rolling,2023-12-01,5,2024-05-01,2432.52,2208.60546875,500.0166012306805,1576.2408447265625,2857.8349609375,0.8,278.2698106060607,
chronos_2,electricity,USA|Utah,US,True,False,rolling,2023-12-01,6,2024-06-01,2904.47,2534.685302734375,550.2593012288515,1809.728271484375,3220.099609375,0.8,278.2698106060607,
chronos_2,electricity,USA|Utah,US,True,False,rolling,2023-12-01,7,2024-07-01,3684.63,3363.376708984375,562.8251317413223,2564.09228515625,4006.671142578125,0.8,278.2698106060607,
chronos_2,electricity,USA|Utah,US,True,False,rolling,2023-12-01,8,2024-08-01,3538.08,3454.881591796875,577.5443235611976,2642.33740234375,4122.64306640625,0.8,278.2698106060607,
chronos_2,electricity,USA|Utah,US,True,False,rolling,2023-12-01,9,2024-09-01,3414.01,3082.9541015625,592.1257810310703,2224.38232421875,3742.061767578125,0.8,278.2698106060607,
chronos_2,electricity,USA|Utah,US,True,False,rolling,2023-12-01,10,2024-10-01,3537.64,2739.112548828125,589.8384002005306,1906.638916015625,3418.45556640625,0.8,278.2698106060607,
chronos_2,electricity,USA|Utah,US,True,False,rolling,2023-12-01,11,2024-11-01,3095.19,2506.873291015625,594.6538635922162,1703.369140625,3227.5283203125,0.8,278.2698106060607,
chronos_2,electricity,USA|Utah,US,True,False,rolling,2023-12-01,12,2024-12-01,3333.15,2816.7138671875,620.1932983048208,1943.313720703125,3532.93310546875,0.8,278.2698106060607,
chronos_2,electricity,USA|Utah,US,True,False,rolling,2024-12-01,1,2025-01-01,3715.99,3317.48388671875,275.70835396396956,2962.63037109375,3669.29931640625,0.8,286.88612318840575,
chronos_2,electricity,USA|Utah,US,True,False,rolling,2024-12-01,2,2025-02-01,3400.02,2769.8505859375,341.47441054681275,2347.874267578125,3223.1083984375,0.8,286.88612318840575,
chronos_2,electricity,USA|Utah,US,True,False,rolling,2024-12-01,3,2025-03-01,3082.64,2562.79931640625,352.3472325275098,2136.67333984375,3039.775634765625,0.8,286.88612318840575,
chronos_2,electricity,USA|Utah,US,True,False,rolling,2024-12-01,4,2025-04-01,2293.93,2315.476806640625,363.59291834851444,1881.6351318359375,2813.561279296875,0.8,286.88612318840575,
chronos_2,electricity,USA|Utah,US,True,False,rolling,2024-12-01,5,2025-05-01,2613.36,2703.46923828125,383.96212370360735,2244.05126953125,3228.185791015625,0.8,286.88612318840575,
chronos_2,electricity,USA|Utah,US,True,False,rolling,2024-12-01,6,2025-06-01,3349.4,3061.9375,392.956672069021,2559.216796875,3566.4052734375,0.8,286.88612318840575,
chronos_2,electricity,USA|Utah,US,True,False,rolling,2024-12-01,7,2025-07-01,3619.2,3773.6884765625,367.9804622606799,3310.06640625,4253.23828125,0.8,286.88612318840575,
chronos_2,electricity,USA|Utah,US,True,False,rolling,2024-12-01,8,2025-08-01,3546.26,3786.803466796875,371.98876045048354,3333.410400390625,4286.85595703125,0.8,286.88612318840575,
chronos_2,electricity,USA|Utah,US,True,False,rolling,2024-12-01,9,2025-09-01,3521.16,3426.363037109375,377.1849459700808,2960.11572265625,3926.879638671875,0.8,286.88612318840575,
chronos_2,electricity,USA|Utah,US,True,False,rolling,2024-12-01,10,2025-10-01,3130.11,3208.858154296875,393.38044808780467,2699.5400390625,3707.814697265625,0.8,286.88612318840575,
chronos_2,electricity,USA|Utah,US,True,False,rolling,2024-12-01,11,2025-11-01,3248.99,2986.30517578125,412.888337495527,2463.250244140625,3521.525634765625,0.8,286.88612318840575,
chronos_2,electricity,USA|Utah,US,True,False,rolling,2024-12-01,12,2025-12-01,2812.76,3282.74755859375,409.3643955780351,2756.02001953125,3805.26318359375,0.8,286.88612318840575,
chronos_2,electricity,USA|Vermont,US,False,False,holdout,last12,1,2025-01-01,246.75,225.3270721435547,25.02082345023771,190.79864501953125,254.92959594726562,0.8,78.75684782608695,
chronos_2,electricity,USA|Vermont,US,False,False,holdout,last12,2,2025-02-01,208.26,221.75357055664062,28.600505630483497,182.05227661132812,255.3583221435547,0.8,78.75684782608695,
chronos_2,electricity,USA|Vermont,US,False,False,holdout,last12,3,2025-03-01,252.35,239.83013916015625,30.147987010380866,197.14505004882812,274.4174499511719,0.8,78.75684782608695,
chronos_2,electricity,USA|Vermont,US,False,False,holdout,last12,4,2025-04-01,211.33,238.40850830078125,31.526955747160525,193.9676055908203,274.7744445800781,0.8,78.75684782608695,
chronos_2,electricity,USA|Vermont,US,False,False,holdout,last12,5,2025-05-01,258.52,222.2685546875,31.867731579752345,178.75135803222656,260.431640625,0.8,78.75684782608695,
chronos_2,electricity,USA|Vermont,US,False,False,holdout,last12,6,2025-06-01,232.59,208.7104034423828,34.1810268996404,161.02828979492188,248.63778686523438,0.8,78.75684782608695,
chronos_2,electricity,USA|Vermont,US,False,False,holdout,last12,7,2025-07-01,220.2,206.6386260986328,34.61617957570516,158.11679077148438,246.8416290283203,0.8,78.75684782608695,
chronos_2,electricity,USA|Vermont,US,False,False,holdout,last12,8,2025-08-01,211.6,200.18629455566406,35.01624976021716,151.5542449951172,241.30450439453125,0.8,78.75684782608695,
chronos_2,electricity,USA|Vermont,US,False,False,holdout,last12,9,2025-09-01,188.93,184.84339904785156,38.428532554755776,131.09356689453125,229.58985900878906,0.8,78.75684782608695,
chronos_2,electricity,USA|Vermont,US,False,False,holdout,last12,10,2025-10-01,168.72,187.97763061523438,37.26437487222668,136.48085021972656,231.9932861328125,0.8,78.75684782608695,
chronos_2,electricity,USA|Vermont,US,False,False,holdout,last12,11,2025-11-01,174.42,207.90081787109375,34.8366997949649,159.57960510253906,248.86965942382812,0.8,78.75684782608695,
chronos_2,electricity,USA|Vermont,US,False,False,holdout,last12,12,2025-12-01,198.73,225.87574768066406,34.599861722430745,179.228515625,267.9115295410156,0.8,78.75684782608695,
chronos_2,electricity,USA|Vermont,US,False,False,rolling,2022-12-01,1,2023-01-01,207.56,218.87911987304688,23.9195082555469,188.4569091796875,249.76507568359375,0.8,82.3268253968254,
chronos_2,electricity,USA|Vermont,US,False,False,rolling,2022-12-01,2,2023-02-01,198.51,216.0491180419922,25.608254261620356,183.20628356933594,248.84288024902344,0.8,82.3268253968254,
chronos_2,electricity,USA|Vermont,US,False,False,rolling,2022-12-01,3,2023-03-01,221.31,258.74346923828125,27.28155754190255,221.06985473632812,290.99530029296875,0.8,82.3268253968254,
chronos_2,electricity,USA|Vermont,US,False,False,rolling,2022-12-01,4,2023-04-01,175.35,264.79608154296875,28.21221097088095,227.9590301513672,300.26983642578125,0.8,82.3268253968254,
chronos_2,electricity,USA|Vermont,US,False,False,rolling,2022-12-01,5,2023-05-01,180.76,240.5631561279297,31.973217184338043,199.05911254882812,281.009765625,0.8,82.3268253968254,
chronos_2,electricity,USA|Vermont,US,False,False,rolling,2022-12-01,6,2023-06-01,156.4,193.25430297851562,31.00929105125504,154.0725860595703,233.55259704589844,0.8,82.3268253968254,
chronos_2,electricity,USA|Vermont,US,False,False,rolling,2022-12-01,7,2023-07-01,218.76,186.4396514892578,30.07597056708987,147.3902587890625,224.4780731201172,0.8,82.3268253968254,
chronos_2,electricity,USA|Vermont,US,False,False,rolling,2022-12-01,8,2023-08-01,215.23,167.30618286132812,31.35658569060917,126.21636962890625,206.58653259277344,0.8,82.3268253968254,
chronos_2,electricity,USA|Vermont,US,False,False,rolling,2022-12-01,9,2023-09-01,170.46,149.4227294921875,30.020516060248863,111.85458374023438,188.80026245117188,0.8,82.3268253968254,
chronos_2,electricity,USA|Vermont,US,False,False,rolling,2022-12-01,10,2023-10-01,63.35,171.52059936523438,31.00867786669201,131.87008666992188,211.34852600097656,0.8,82.3268253968254,
chronos_2,electricity,USA|Vermont,US,False,False,rolling,2022-12-01,11,2023-11-01,177.17,191.0254364013672,30.87846842239502,151.0263671875,230.1710662841797,0.8,82.3268253968254,
chronos_2,electricity,USA|Vermont,US,False,False,rolling,2022-12-01,12,2023-12-01,183.12,221.95803833007812,32.042352255507616,182.1227569580078,264.2506103515625,0.8,82.3268253968254,
chronos_2,electricity,USA|Vermont,US,False,False,rolling,2023-12-01,1,2024-01-01,214.78,199.94549560546875,27.203409252981253,164.96725463867188,234.69239807128906,0.8,80.74250000000002,
chronos_2,electricity,USA|Vermont,US,False,False,rolling,2023-12-01,2,2024-02-01,208.83,197.209228515625,30.19900634732423,157.5286407470703,234.9318084716797,0.8,80.74250000000002,
chronos_2,electricity,USA|Vermont,US,False,False,rolling,2023-12-01,3,2024-03-01,226.08,228.48606872558594,32.88329023434174,183.751708984375,268.03497314453125,0.8,80.74250000000002,
chronos_2,electricity,USA|Vermont,US,False,False,rolling,2023-12-01,4,2024-04-01,208.81,226.82901000976562,34.73276798815543,180.43836975097656,269.4620361328125,0.8,80.74250000000002,
chronos_2,electricity,USA|Vermont,US,False,False,rolling,2023-12-01,5,2024-05-01,183.34,204.01266479492188,37.47866204063698,157.0352783203125,253.09695434570312,0.8,80.74250000000002,
chronos_2,electricity,USA|Vermont,US,False,False,rolling,2023-12-01,6,2024-06-01,222.59,173.69888305664062,39.20759247195754,123.75607299804688,224.24917602539062,0.8,80.74250000000002,
chronos_2,electricity,USA|Vermont,US,False,False,rolling,2023-12-01,7,2024-07-01,215.75,178.2300262451172,39.04000853555665,126.65875244140625,226.72232055664062,0.8,80.74250000000002,
chronos_2,electricity,USA|Vermont,US,False,False,rolling,2023-12-01,8,2024-08-01,233.48,167.0155487060547,39.8192708631967,114.54437255859375,216.6052703857422,0.8,80.74250000000002,
chronos_2,electricity,USA|Vermont,US,False,False,rolling,2023-12-01,9,2024-09-01,222.54,148.56394958496094,41.126002886502526,94.2236328125,199.63381958007812,0.8,80.74250000000002,
chronos_2,electricity,USA|Vermont,US,False,False,rolling,2023-12-01,10,2024-10-01,204.02,150.73867797851562,42.359111089507465,97.30026245117188,205.87103271484375,0.8,80.74250000000002,
chronos_2,electricity,USA|Vermont,US,False,False,rolling,2023-12-01,11,2024-11-01,214.69,177.78872680664062,41.633410135785674,124.22982788085938,230.9405517578125,0.8,80.74250000000002,
chronos_2,electricity,USA|Vermont,US,False,False,rolling,2023-12-01,12,2024-12-01,227.92,202.18707275390625,42.47787839079336,150.02349853515625,258.898681640625,0.8,80.74250000000002,
chronos_2,electricity,USA|Vermont,US,False,False,rolling,2024-12-01,1,2025-01-01,246.75,225.3270721435547,25.02082345023771,190.79864501953125,254.92959594726562,0.8,78.75684782608695,
chronos_2,electricity,USA|Vermont,US,False,False,rolling,2024-12-01,2,2025-02-01,208.26,221.75357055664062,28.600505630483497,182.05227661132812,255.3583221435547,0.8,78.75684782608695,
chronos_2,electricity,USA|Vermont,US,False,False,rolling,2024-12-01,3,2025-03-01,252.35,239.83013916015625,30.147987010380866,197.14505004882812,274.4174499511719,0.8,78.75684782608695,
chronos_2,electricity,USA|Vermont,US,False,False,rolling,2024-12-01,4,2025-04-01,211.33,238.40850830078125,31.526955747160525,193.9676055908203,274.7744445800781,0.8,78.75684782608695,
chronos_2,electricity,USA|Vermont,US,False,False,rolling,2024-12-01,5,2025-05-01,258.52,222.2685546875,31.867731579752345,178.75135803222656,260.431640625,0.8,78.75684782608695,
chronos_2,electricity,USA|Vermont,US,False,False,rolling,2024-12-01,6,2025-06-01,232.59,208.7104034423828,34.1810268996404,161.02828979492188,248.63778686523438,0.8,78.75684782608695,
chronos_2,electricity,USA|Vermont,US,False,False,rolling,2024-12-01,7,2025-07-01,220.2,206.6386260986328,34.61617957570516,158.11679077148438,246.8416290283203,0.8,78.75684782608695,
chronos_2,electricity,USA|Vermont,US,False,False,rolling,2024-12-01,8,2025-08-01,211.6,200.18629455566406,35.01624976021716,151.5542449951172,241.30450439453125,0.8,78.75684782608695,
chronos_2,electricity,USA|Vermont,US,False,False,rolling,2024-12-01,9,2025-09-01,188.93,184.84339904785156,38.428532554755776,131.09356689453125,229.58985900878906,0.8,78.75684782608695,
chronos_2,electricity,USA|Vermont,US,False,False,rolling,2024-12-01,10,2025-10-01,168.72,187.97763061523438,37.26437487222668,136.48085021972656,231.9932861328125,0.8,78.75684782608695,
chronos_2,electricity,USA|Vermont,US,False,False,rolling,2024-12-01,11,2025-11-01,174.42,207.90081787109375,34.8366997949649,159.57960510253906,248.86965942382812,0.8,78.75684782608695,
chronos_2,electricity,USA|Vermont,US,False,False,rolling,2024-12-01,12,2025-12-01,198.73,225.87574768066406,34.599861722430745,179.228515625,267.9115295410156,0.8,78.75684782608695,
chronos_2,electricity,USA|Virginia,US,True,False,holdout,last12,1,2025-01-01,9929.47,9642.5625,572.9779440735621,8956.25,10424.8515625,0.8,583.1111956521739,
chronos_2,electricity,USA|Virginia,US,True,False,holdout,last12,2,2025-02-01,8896.14,8834.9599609375,576.6836267516383,8108.6748046875,9586.7744140625,0.8,583.1111956521739,
chronos_2,electricity,USA|Virginia,US,True,False,holdout,last12,3,2025-03-01,8569.92,8266.2861328125,582.5429564930319,7531.18896484375,9024.306640625,0.8,583.1111956521739,
chronos_2,electricity,USA|Virginia,US,True,False,holdout,last12,4,2025-04-01,7100.73,7045.34033203125,523.4189150969286,6386.62744140625,7728.2041015625,0.8,583.1111956521739,
chronos_2,electricity,USA|Virginia,US,True,False,holdout,last12,5,2025-05-01,7547.2,7359.1962890625,578.3436781014611,6646.22998046875,8128.58447265625,0.8,583.1111956521739,
chronos_2,electricity,USA|Virginia,US,True,False,holdout,last12,6,2025-06-01,10445.23,9159.4306640625,662.4911742835,8337.16015625,10035.193359375,0.8,583.1111956521739,
chronos_2,electricity,USA|Virginia,US,True,False,holdout,last12,7,2025-07-01,11489.17,10521.0390625,705.5523043054502,9613.1982421875,11421.6015625,0.8,583.1111956521739,
chronos_2,electricity,USA|Virginia,US,True,False,holdout,last12,8,2025-08-01,10656.82,10346.8251953125,734.3172565105413,9424.810546875,11306.94140625,0.8,583.1111956521739,
chronos_2,electricity,USA|Virginia,US,True,False,holdout,last12,9,2025-09-01,8660.54,8370.2724609375,689.368232424241,7493.65234375,9260.57421875,0.8,583.1111956521739,
chronos_2,electricity,USA|Virginia,US,True,False,holdout,last12,10,2025-10-01,6597.59,7175.24169921875,634.1567609871305,6394.6376953125,8020.046875,0.8,583.1111956521739,
chronos_2,electricity,USA|Virginia,US,True,False,holdout,last12,11,2025-11-01,7158.03,7302.71826171875,631.6154384020217,6534.74951171875,8153.64501953125,0.8,583.1111956521739,
chronos_2,electricity,USA|Virginia,US,True,False,holdout,last12,12,2025-12-01,9489.73,9082.39453125,760.2600833201449,8137.6552734375,10086.2802734375,0.8,583.1111956521739,
chronos_2,electricity,USA|Virginia,US,True,False,rolling,2022-12-01,1,2023-01-01,8428.44,8910.060546875,479.9739196320251,8298.45703125,9528.6796875,0.8,576.9301587301587,
chronos_2,electricity,USA|Virginia,US,True,False,rolling,2022-12-01,2,2023-02-01,7152.74,7914.04296875,492.3450551158616,7270.10595703125,8532.037109375,0.8,576.9301587301587,
chronos_2,electricity,USA|Virginia,US,True,False,rolling,2022-12-01,3,2023-03-01,7445.03,7236.61474609375,489.5892250921597,6610.01611328125,7864.8837890625,0.8,576.9301587301587,
chronos_2,electricity,USA|Virginia,US,True,False,rolling,2022-12-01,4,2023-04-01,5930.97,6171.1240234375,492.59956838225634,5529.189453125,6791.77294921875,0.8,576.9301587301587,
chronos_2,electricity,USA|Virginia,US,True,False,rolling,2022-12-01,5,2023-05-01,6338.34,6666.765625,502.40804483948983,6026.4072265625,7314.130859375,0.8,576.9301587301587,
chronos_2,electricity,USA|Virginia,US,True,False,rolling,2022-12-01,6,2023-06-01,7994.03,8215.9892578125,530.317824849337,7549.45751953125,8908.716796875,0.8,576.9301587301587,
chronos_2,electricity,USA|Virginia,US,True,False,rolling,2022-12-01,7,2023-07-01,9898.1,9351.8291015625,562.7524544874827,8619.927734375,10062.3203125,0.8,576.9301587301587,
chronos_2,electricity,USA|Virginia,US,True,False,rolling,2022-12-01,8,2023-08-01,9988.2,9128.1953125,570.4061408577473,8415.3515625,9877.361328125,0.8,576.9301587301587,
chronos_2,electricity,USA|Virginia,US,True,False,rolling,2022-12-01,9,2023-09-01,7621.49,7155.75341796875,577.5340363483343,6411.5849609375,7891.8642578125,0.8,576.9301587301587,
chronos_2,electricity,USA|Virginia,US,True,False,rolling,2022-12-01,10,2023-10-01,6550.1,6072.0830078125,574.4263455439205,5317.1669921875,6789.48095703125,0.8,576.9301587301587,
chronos_2,electricity,USA|Virginia,US,True,False,rolling,2022-12-01,11,2023-11-01,7040.95,6329.07568359375,567.0511759367316,5586.25390625,7039.66455078125,0.8,576.9301587301587,
chronos_2,electricity,USA|Virginia,US,True,False,rolling,2022-12-01,12,2023-12-01,8173.99,8043.23095703125,608.2472723673615,7265.57763671875,8824.578125,0.8,576.9301587301587,
chronos_2,electricity,USA|Virginia,US,True,False,rolling,2023-12-01,1,2024-01-01,9600.62,8863.4482421875,479.5174721872035,8265.359375,9494.412109375,0.8,569.0838636363637,
chronos_2,electricity,USA|Virginia,US,True,False,rolling,2023-12-01,2,2024-02-01,9053.71,7936.87109375,489.4802568373859,7297.83251953125,8552.4208984375,0.8,569.0838636363637,
chronos_2,electricity,USA|Virginia,US,True,False,rolling,2023-12-01,3,2024-03-01,8293.9,7287.4716796875,493.8016482557223,6649.88623046875,7915.55078125,0.8,569.0838636363637,
chronos_2,electricity,USA|Virginia,US,True,False,rolling,2023-12-01,4,2024-04-01,6456.16,6153.427734375,497.11051122279537,5504.4716796875,6778.6171875,0.8,569.0838636363637,
chronos_2,electricity,USA|Virginia,US,True,False,rolling,2023-12-01,5,2024-05-01,6807.85,6683.96533203125,503.6655613600523,6036.30322265625,7327.25,0.8,569.0838636363637,
chronos_2,electricity,USA|Virginia,US,True,False,rolling,2023-12-01,6,2024-06-01,9504.48,8331.515625,531.9403469226032,7655.0576171875,9018.4755859375,0.8,569.0838636363637,
chronos_2,electricity,USA|Virginia,US,True,False,rolling,2023-12-01,7,2024-07-01,10549.46,9545.6630859375,545.8886645415308,8824.4912109375,10223.66015625,0.8,569.0838636363637,
chronos_2,electricity,USA|Virginia,US,True,False,rolling,2023-12-01,8,2024-08-01,10512.96,9163.73046875,551.2810691212976,8463.50390625,9876.494140625,0.8,569.0838636363637,
chronos_2,electricity,USA|Virginia,US,True,False,rolling,2023-12-01,9,2024-09-01,9168.36,7344.48828125,558.7398699589861,6631.4501953125,8063.55810546875,0.8,569.0838636363637,
chronos_2,electricity,USA|Virginia,US,True,False,rolling,2023-12-01,10,2024-10-01,7697.74,6235.9755859375,567.4081803238751,5497.2861328125,6951.61181640625,0.8,569.0838636363637,
chronos_2,electricity,USA|Virginia,US,True,False,rolling,2023-12-01,11,2024-11-01,6997.49,6557.521484375,563.0810737872813,5836.5595703125,7279.79443359375,0.8,569.0838636363637,
chronos_2,electricity,USA|Virginia,US,True,False,rolling,2023-12-01,12,2024-12-01,8533.28,8208.4130859375,601.4411380346642,7440.873046875,8982.4287109375,0.8,569.0838636363637,
chronos_2,electricity,USA|Virginia,US,True,False,rolling,2024-12-01,1,2025-01-01,9929.47,9642.5625,572.9779440735621,8956.25,10424.8515625,0.8,583.1111956521739,
chronos_2,electricity,USA|Virginia,US,True,False,rolling,2024-12-01,2,2025-02-01,8896.14,8834.9599609375,576.6836267516383,8108.6748046875,9586.7744140625,0.8,583.1111956521739,
chronos_2,electricity,USA|Virginia,US,True,False,rolling,2024-12-01,3,2025-03-01,8569.92,8266.2861328125,582.5429564930319,7531.18896484375,9024.306640625,0.8,583.1111956521739,
chronos_2,electricity,USA|Virginia,US,True,False,rolling,2024-12-01,4,2025-04-01,7100.73,7045.34033203125,523.4189150969286,6386.62744140625,7728.2041015625,0.8,583.1111956521739,
chronos_2,electricity,USA|Virginia,US,True,False,rolling,2024-12-01,5,2025-05-01,7547.2,7359.1962890625,578.3436781014611,6646.22998046875,8128.58447265625,0.8,583.1111956521739,
chronos_2,electricity,USA|Virginia,US,True,False,rolling,2024-12-01,6,2025-06-01,10445.23,9159.4306640625,662.4911742835,8337.16015625,10035.193359375,0.8,583.1111956521739,
chronos_2,electricity,USA|Virginia,US,True,False,rolling,2024-12-01,7,2025-07-01,11489.17,10521.0390625,705.5523043054502,9613.1982421875,11421.6015625,0.8,583.1111956521739,
chronos_2,electricity,USA|Virginia,US,True,False,rolling,2024-12-01,8,2025-08-01,10656.82,10346.8251953125,734.3172565105413,9424.810546875,11306.94140625,0.8,583.1111956521739,
chronos_2,electricity,USA|Virginia,US,True,False,rolling,2024-12-01,9,2025-09-01,8660.54,8370.2724609375,689.368232424241,7493.65234375,9260.57421875,0.8,583.1111956521739,
chronos_2,electricity,USA|Virginia,US,True,False,rolling,2024-12-01,10,2025-10-01,6597.59,7175.24169921875,634.1567609871305,6394.6376953125,8020.046875,0.8,583.1111956521739,
chronos_2,electricity,USA|Virginia,US,True,False,rolling,2024-12-01,11,2025-11-01,7158.03,7302.71826171875,631.6154384020217,6534.74951171875,8153.64501953125,0.8,583.1111956521739,
chronos_2,electricity,USA|Virginia,US,True,False,rolling,2024-12-01,12,2025-12-01,9489.73,9082.39453125,760.2600833201449,8137.6552734375,10086.2802734375,0.8,583.1111956521739,
chronos_2,electricity,USA|Washington,US,True,False,holdout,last12,1,2025-01-01,9805.14,9387.68359375,717.6965495944693,8479.9365234375,10319.466796875,0.8,821.3428985507245,
chronos_2,electricity,USA|Washington,US,True,False,holdout,last12,2,2025-02-01,7949.51,8257.1015625,777.6814783040738,7290.77099609375,9284.048828125,0.8,821.3428985507245,
chronos_2,electricity,USA|Washington,US,True,False,holdout,last12,3,2025-03-01,8717.34,8438.1162109375,845.4393488515801,7389.14453125,9556.0927734375,0.8,821.3428985507245,
chronos_2,electricity,USA|Washington,US,True,False,holdout,last12,4,2025-04-01,8342.76,7982.0107421875,883.894855573861,6904.4208984375,9169.9345703125,0.8,821.3428985507245,
chronos_2,electricity,USA|Washington,US,True,False,holdout,last12,5,2025-05-01,8050.98,8827.78515625,926.6736587538974,7653.8876953125,10029.0478515625,0.8,821.3428985507245,
chronos_2,electricity,USA|Washington,US,True,False,holdout,last12,6,2025-06-01,8695.6,9086.8212890625,932.6331935687368,7887.06787109375,10277.5029296875,0.8,821.3428985507245,
chronos_2,electricity,USA|Washington,US,True,False,holdout,last12,7,2025-07-01,9024.78,9434.1865234375,901.1735631052977,8262.8193359375,10572.6201171875,0.8,821.3428985507245,
chronos_2,electricity,USA|Washington,US,True,False,holdout,last12,8,2025-08-01,8891.26,8774.720703125,830.4476411427994,7708.35205078125,9836.875,0.8,821.3428985507245,
chronos_2,electricity,USA|Washington,US,True,False,holdout,last12,9,2025-09-01,7196.44,7242.84619140625,739.0276569782624,6336.265625,8230.4697265625,0.8,821.3428985507245,
chronos_2,electricity,USA|Washington,US,True,False,holdout,last12,10,2025-10-01,8024.05,7377.5283203125,733.4531306300274,6528.3125,8408.228515625,0.8,821.3428985507245,
chronos_2,electricity,USA|Washington,US,True,False,holdout,last12,11,2025-11-01,7990.22,8069.50439453125,771.2664485641224,7120.64306640625,9097.478515625,0.8,821.3428985507245,
chronos_2,electricity,USA|Washington,US,True,False,holdout,last12,12,2025-12-01,10654.71,9060.57421875,867.682208101365,7943.9873046875,10167.9462890625,0.8,821.3428985507245,
chronos_2,electricity,USA|Washington,US,True,False,rolling,2022-12-01,1,2023-01-01,9153.2,10326.99609375,728.2516110000568,9312.7890625,11179.373046875,0.8,804.2140476190475,
chronos_2,electricity,USA|Washington,US,True,False,rolling,2022-12-01,2,2023-02-01,8364.27,9116.7666015625,791.6758978769442,8156.41162109375,10185.55859375,0.8,804.2140476190475,
chronos_2,electricity,USA|Washington,US,True,False,rolling,2022-12-01,3,2023-03-01,8531.02,9577.580078125,891.9219296702736,8433.720703125,10719.80859375,0.8,804.2140476190475,
chronos_2,electricity,USA|Washington,US,True,False,rolling,2022-12-01,4,2023-04-01,7090.11,9287.8984375,901.1213650252138,8147.7587890625,10457.42578125,0.8,804.2140476190475,
chronos_2,electricity,USA|Washington,US,True,False,rolling,2022-12-01,5,2023-05-01,10083.51,9979.037109375,907.8621565058352,8708.154296875,11035.0986328125,0.8,804.2140476190475,
chronos_2,electricity,USA|Washington,US,True,False,rolling,2022-12-01,6,2023-06-01,7912.94,10433.865234375,877.8890283011369,9150.01171875,11400.1318359375,0.8,804.2140476190475,
chronos_2,electricity,USA|Washington,US,True,False,rolling,2022-12-01,7,2023-07-01,9249.04,10608.6591796875,858.9849411373053,9330.328125,11531.9951171875,0.8,804.2140476190475,
chronos_2,electricity,USA|Washington,US,True,False,rolling,2022-12-01,8,2023-08-01,9463.81,9830.107421875,815.7893153323649,8714.5625,10805.5146484375,0.8,804.2140476190475,
chronos_2,electricity,USA|Washington,US,True,False,rolling,2022-12-01,9,2023-09-01,7008.49,8013.34228515625,553.7237106644959,7316.587890625,8735.8388671875,0.8,804.2140476190475,
chronos_2,electricity,USA|Washington,US,True,False,rolling,2022-12-01,10,2023-10-01,7380.52,8094.0068359375,552.5717333277528,7395.43505859375,8811.7333984375,0.8,804.2140476190475,
chronos_2,electricity,USA|Washington,US,True,False,rolling,2022-12-01,11,2023-11-01,8448.9,8792.48046875,653.3734651196401,7969.60205078125,9644.265625,0.8,804.2140476190475,
chronos_2,electricity,USA|Washington,US,True,False,rolling,2022-12-01,12,2023-12-01,8583.1,9976.109375,875.4204782218386,8783.912109375,11027.705078125,0.8,804.2140476190475,
chronos_2,electricity,USA|Washington,US,True,False,rolling,2023-12-01,1,2024-01-01,8813.88,9206.1796875,774.5497840029792,8248.0751953125,10233.326171875,0.8,832.5296590909089,
chronos_2,electricity,USA|Washington,US,True,False,rolling,2023-12-01,2,2024-02-01,7852.97,8410.8037109375,831.2978602355536,7405.9296875,9536.6318359375,0.8,832.5296590909089,
chronos_2,electricity,USA|Washington,US,True,False,rolling,2023-12-01,3,2024-03-01,8647.49,8687.6494140625,906.5398686450226,7560.47314453125,9884.0283203125,0.8,832.5296590909089,
chronos_2,electricity,USA|Washington,US,True,False,rolling,2023-12-01,4,2024-04-01,7438.49,8356.0595703125,929.2515580958533,7192.2158203125,9573.9833984375,0.8,832.5296590909089,
chronos_2,electricity,USA|Washington,US,True,False,rolling,2023-12-01,5,2024-05-01,7945.94,9579.16796875,1029.9077448761198,8267.6015625,10907.361328125,0.8,832.5296590909089,
chronos_2,electricity,USA|Washington,US,True,False,rolling,2023-12-01,6,2024-06-01,8983.84,10030.0712890625,1044.1399133684965,8638.58984375,11314.828125,0.8,832.5296590909089,
chronos_2,electricity,USA|Washington,US,True,False,rolling,2023-12-01,7,2024-07-01,10104.32,10045.552734375,983.3813481507864,8749.083984375,11269.591796875,0.8,832.5296590909089,
chronos_2,electricity,USA|Washington,US,True,False,rolling,2023-12-01,8,2024-08-01,9171.5,9231.044921875,874.041991698162,8105.6220703125,10345.8818359375,0.8,832.5296590909089,
chronos_2,electricity,USA|Washington,US,True,False,rolling,2023-12-01,9,2024-09-01,7080.1,7600.32958984375,748.4673178039538,6642.98486328125,8561.3837890625,0.8,832.5296590909089,
chronos_2,electricity,USA|Washington,US,True,False,rolling,2023-12-01,10,2024-10-01,7289.72,7660.591796875,737.0944229757373,6748.6357421875,8637.884765625,0.8,832.5296590909089,
chronos_2,electricity,USA|Washington,US,True,False,rolling,2023-12-01,11,2024-11-01,8736.22,8184.52587890625,799.9790121851876,7192.8642578125,9243.29296875,0.8,832.5296590909089,
chronos_2,electricity,USA|Washington,US,True,False,rolling,2023-12-01,12,2024-12-01,9364.65,9105.1826171875,931.7784023813767,7917.40625,10305.650390625,0.8,832.5296590909089,
chronos_2,electricity,USA|Washington,US,True,False,rolling,2024-12-01,1,2025-01-01,9805.14,9387.68359375,717.6965495944693,8479.9365234375,10319.466796875,0.8,821.3428985507245,
chronos_2,electricity,USA|Washington,US,True,False,rolling,2024-12-01,2,2025-02-01,7949.51,8257.1015625,777.6814783040738,7290.77099609375,9284.048828125,0.8,821.3428985507245,
chronos_2,electricity,USA|Washington,US,True,False,rolling,2024-12-01,3,2025-03-01,8717.34,8438.1162109375,845.4393488515801,7389.14453125,9556.0927734375,0.8,821.3428985507245,
chronos_2,electricity,USA|Washington,US,True,False,rolling,2024-12-01,4,2025-04-01,8342.76,7982.0107421875,883.894855573861,6904.4208984375,9169.9345703125,0.8,821.3428985507245,
chronos_2,electricity,USA|Washington,US,True,False,rolling,2024-12-01,5,2025-05-01,8050.98,8827.78515625,926.6736587538974,7653.8876953125,10029.0478515625,0.8,821.3428985507245,
chronos_2,electricity,USA|Washington,US,True,False,rolling,2024-12-01,6,2025-06-01,8695.6,9086.8212890625,932.6331935687368,7887.06787109375,10277.5029296875,0.8,821.3428985507245,
chronos_2,electricity,USA|Washington,US,True,False,rolling,2024-12-01,7,2025-07-01,9024.78,9434.1865234375,901.1735631052977,8262.8193359375,10572.6201171875,0.8,821.3428985507245,
chronos_2,electricity,USA|Washington,US,True,False,rolling,2024-12-01,8,2025-08-01,8891.26,8774.720703125,830.4476411427994,7708.35205078125,9836.875,0.8,821.3428985507245,
chronos_2,electricity,USA|Washington,US,True,False,rolling,2024-12-01,9,2025-09-01,7196.44,7242.84619140625,739.0276569782624,6336.265625,8230.4697265625,0.8,821.3428985507245,
chronos_2,electricity,USA|Washington,US,True,False,rolling,2024-12-01,10,2025-10-01,8024.05,7377.5283203125,733.4531306300274,6528.3125,8408.228515625,0.8,821.3428985507245,
chronos_2,electricity,USA|Washington,US,True,False,rolling,2024-12-01,11,2025-11-01,7990.22,8069.50439453125,771.2664485641224,7120.64306640625,9097.478515625,0.8,821.3428985507245,
chronos_2,electricity,USA|Washington,US,True,False,rolling,2024-12-01,12,2025-12-01,10654.71,9060.57421875,867.682208101365,7943.9873046875,10167.9462890625,0.8,821.3428985507245,
chronos_2,electricity,"USA|Washington, D.C.",US,False,False,holdout,last12,1,2025-01-01,38.73,37.7562255859375,2.7794941852363197,34.36803436279297,41.492164611816406,0.8,7.923115942028985,
chronos_2,electricity,"USA|Washington, D.C.",US,False,False,holdout,last12,2,2025-02-01,38.46,37.90119934082031,3.4252891535102683,33.552730560302734,42.33209991455078,0.8,7.923115942028985,
chronos_2,electricity,"USA|Washington, D.C.",US,False,False,holdout,last12,3,2025-03-01,46.15,39.41164779663086,4.114115687975682,34.115699768066406,44.66060256958008,0.8,7.923115942028985,
chronos_2,electricity,"USA|Washington, D.C.",US,False,False,holdout,last12,4,2025-04-01,41.7,38.47322463989258,4.354342647039015,33.14524841308594,44.305877685546875,0.8,7.923115942028985,
chronos_2,electricity,"USA|Washington, D.C.",US,False,False,holdout,last12,5,2025-05-01,46.19,41.37541198730469,5.217928270279996,35.064903259277344,48.43899154663086,0.8,7.923115942028985,
chronos_2,electricity,"USA|Washington, D.C.",US,False,False,holdout,last12,6,2025-06-01,52.44,47.007049560546875,7.348228182528871,38.189178466796875,57.02344512939453,0.8,7.923115942028985,
chronos_2,electricity,"USA|Washington, D.C.",US,False,False,holdout,last12,7,2025-07-01,55.27,49.356136322021484,8.627459175845214,39.07524490356445,61.18831253051758,0.8,7.923115942028985,
chronos_2,electricity,"USA|Washington, D.C.",US,False,False,holdout,last12,8,2025-08-01,53.25,48.8625602722168,8.72098321651569,37.911346435546875,60.26412582397461,0.8,7.923115942028985,
chronos_2,electricity,"USA|Washington, D.C.",US,False,False,holdout,last12,9,2025-09-01,53.09,41.81993865966797,6.787985855606009,33.18132781982422,50.57963562011719,0.8,7.923115942028985,
chronos_2,electricity,"USA|Washington, D.C.",US,False,False,holdout,last12,10,2025-10-01,41.84,38.62199783325195,5.97401311442474,31.186500549316406,46.498512268066406,0.8,7.923115942028985,
chronos_2,electricity,"USA|Washington, D.C.",US,False,False,holdout,last12,11,2025-11-01,44.29,37.20751190185547,5.8902300760965725,29.47187042236328,44.56913757324219,0.8,7.923115942028985,
chronos_2,electricity,"USA|Washington, D.C.",US,False,False,holdout,last12,12,2025-12-01,36.49,37.690670013427734,6.039053839155249,29.592296600341797,45.071014404296875,0.8,7.923115942028985,
chronos_2,electricity,"USA|Washington, D.C.",US,False,False,rolling,2022-12-01,1,2023-01-01,28.91,28.739887237548828,3.2288274984771714,24.85540771484375,33.1312255859375,0.8,8.090079365079365,
chronos_2,electricity,"USA|Washington, D.C.",US,False,False,rolling,2022-12-01,2,2023-02-01,29.68,29.129287719726562,4.447286246011476,23.411373138427734,34.81022644042969,0.8,8.090079365079365,
chronos_2,electricity,"USA|Washington, D.C.",US,False,False,rolling,2022-12-01,3,2023-03-01,28.44,30.083908081054688,5.37855137124086,23.290756225585938,37.0765380859375,0.8,8.090079365079365,
chronos_2,electricity,"USA|Washington, D.C.",US,False,False,rolling,2022-12-01,4,2023-04-01,28.62,29.924468994140625,6.032084817998969,22.225950241088867,37.686805725097656,0.8,8.090079365079365,
chronos_2,electricity,"USA|Washington, D.C.",US,False,False,rolling,2022-12-01,5,2023-05-01,33.35,31.133426666259766,6.790847135514808,22.724905014038086,40.13054656982422,0.8,8.090079365079365,
chronos_2,electricity,"USA|Washington, D.C.",US,False,False,rolling,2022-12-01,6,2023-06-01,42.99,33.68660354614258,7.715013012283869,23.807634353637695,43.582008361816406,0.8,8.090079365079365,
chronos_2,electricity,"USA|Washington, D.C.",US,False,False,rolling,2022-12-01,7,2023-07-01,44.13,34.972190856933594,8.607206225520674,24.019664764404297,46.0808219909668,0.8,8.090079365079365,
chronos_2,electricity,"USA|Washington, D.C.",US,False,False,rolling,2022-12-01,8,2023-08-01,42.32,34.412357330322266,8.680207187230225,23.17247200012207,45.420738220214844,0.8,8.090079365079365,
chronos_2,electricity,"USA|Washington, D.C.",US,False,False,rolling,2022-12-01,9,2023-09-01,39.16,31.37239646911621,7.914526451167677,21.206851959228516,41.49259948730469,0.8,8.090079365079365,
chronos_2,electricity,"USA|Washington, D.C.",US,False,False,rolling,2022-12-01,10,2023-10-01,26.38,29.51912498474121,7.460073344487934,19.924053192138672,39.04499053955078,0.8,8.090079365079365,
chronos_2,electricity,"USA|Washington, D.C.",US,False,False,rolling,2022-12-01,11,2023-11-01,31.06,27.984079360961914,7.6006712068673234,17.875843048095703,37.357147216796875,0.8,8.090079365079365,
chronos_2,electricity,"USA|Washington, D.C.",US,False,False,rolling,2022-12-01,12,2023-12-01,30.63,28.679058074951172,7.7928428024272804,18.27195930480957,38.245819091796875,0.8,8.090079365079365,
chronos_2,electricity,"USA|Washington, D.C.",US,False,False,rolling,2023-12-01,1,2024-01-01,34.62,31.624664306640625,2.6639937288918163,28.383060455322266,35.211151123046875,0.8,7.969621212121212,
chronos_2,electricity,"USA|Washington, D.C.",US,False,False,rolling,2023-12-01,2,2024-02-01,37.75,31.591474533081055,3.390392700963273,27.10888671875,35.79881286621094,0.8,7.969621212121212,
chronos_2,electricity,"USA|Washington, D.C.",US,False,False,rolling,2023-12-01,3,2024-03-01,44.34,33.20750427246094,4.108770415261794,27.901575088500977,38.432777404785156,0.8,7.969621212121212,
chronos_2,electricity,"USA|Washington, D.C.",US,False,False,rolling,2023-12-01,4,2024-04-01,32.94,33.41796875,4.723058561673943,27.293384552001953,39.399070739746094,0.8,7.969621212121212,
chronos_2,electricity,"USA|Washington, D.C.",US,False,False,rolling,2023-12-01,5,2024-05-01,36.07,35.698341369628906,5.4580465825639575,28.64169692993164,42.63123321533203,0.8,7.969621212121212,
chronos_2,electricity,"USA|Washington, D.C.",US,False,False,rolling,2023-12-01,6,2024-06-01,51.43,38.922515869140625,6.506511816494592,30.411407470703125,47.0882682800293,0.8,7.969621212121212,
chronos_2,electricity,"USA|Washington, D.C.",US,False,False,rolling,2023-12-01,7,2024-07-01,51.08,39.99736785888672,7.4632717270751945,30.35498809814453,49.48412322998047,0.8,7.969621212121212,
chronos_2,electricity,"USA|Washington, D.C.",US,False,False,rolling,2023-12-01,8,2024-08-01,48.9,39.43724060058594,7.623690185129707,29.3804874420166,48.92079162597656,0.8,7.969621212121212,
chronos_2,electricity,"USA|Washington, D.C.",US,False,False,rolling,2023-12-01,9,2024-09-01,41.48,35.385963439941406,6.893725961551604,26.403553009033203,44.07288360595703,0.8,7.969621212121212,
chronos_2,electricity,"USA|Washington, D.C.",US,False,False,rolling,2023-12-01,10,2024-10-01,34.96,32.5671272277832,6.366311333431534,24.23978042602539,40.55729293823242,0.8,7.969621212121212,
chronos_2,electricity,"USA|Washington, D.C.",US,False,False,rolling,2023-12-01,11,2024-11-01,38.03,31.154064178466797,6.442783782988822,22.472408294677734,38.98592758178711,0.8,7.969621212121212,
chronos_2,electricity,"USA|Washington, D.C.",US,False,False,rolling,2023-12-01,12,2024-12-01,36.87,31.874082565307617,6.713422166247959,22.74641990661621,39.95361328125,0.8,7.969621212121212,
chronos_2,electricity,"USA|Washington, D.C.",US,False,False,rolling,2024-12-01,1,2025-01-01,38.73,37.7562255859375,2.7794941852363197,34.36803436279297,41.492164611816406,0.8,7.923115942028985,
chronos_2,electricity,"USA|Washington, D.C.",US,False,False,rolling,2024-12-01,2,2025-02-01,38.46,37.90119934082031,3.4252891535102683,33.552730560302734,42.33209991455078,0.8,7.923115942028985,
chronos_2,electricity,"USA|Washington, D.C.",US,False,False,rolling,2024-12-01,3,2025-03-01,46.15,39.41164779663086,4.114115687975682,34.115699768066406,44.66060256958008,0.8,7.923115942028985,
chronos_2,electricity,"USA|Washington, D.C.",US,False,False,rolling,2024-12-01,4,2025-04-01,41.7,38.47322463989258,4.354342647039015,33.14524841308594,44.305877685546875,0.8,7.923115942028985,
chronos_2,electricity,"USA|Washington, D.C.",US,False,False,rolling,2024-12-01,5,2025-05-01,46.19,41.37541198730469,5.217928270279996,35.064903259277344,48.43899154663086,0.8,7.923115942028985,
chronos_2,electricity,"USA|Washington, D.C.",US,False,False,rolling,2024-12-01,6,2025-06-01,52.44,47.007049560546875,7.348228182528871,38.189178466796875,57.02344512939453,0.8,7.923115942028985,
chronos_2,electricity,"USA|Washington, D.C.",US,False,False,rolling,2024-12-01,7,2025-07-01,55.27,49.356136322021484,8.627459175845214,39.07524490356445,61.18831253051758,0.8,7.923115942028985,
chronos_2,electricity,"USA|Washington, D.C.",US,False,False,rolling,2024-12-01,8,2025-08-01,53.25,48.8625602722168,8.72098321651569,37.911346435546875,60.26412582397461,0.8,7.923115942028985,
chronos_2,electricity,"USA|Washington, D.C.",US,False,False,rolling,2024-12-01,9,2025-09-01,53.09,41.81993865966797,6.787985855606009,33.18132781982422,50.57963562011719,0.8,7.923115942028985,
chronos_2,electricity,"USA|Washington, D.C.",US,False,False,rolling,2024-12-01,10,2025-10-01,41.84,38.62199783325195,5.97401311442474,31.186500549316406,46.498512268066406,0.8,7.923115942028985,
chronos_2,electricity,"USA|Washington, D.C.",US,False,False,rolling,2024-12-01,11,2025-11-01,44.29,37.20751190185547,5.8902300760965725,29.47187042236328,44.56913757324219,0.8,7.923115942028985,
chronos_2,electricity,"USA|Washington, D.C.",US,False,False,rolling,2024-12-01,12,2025-12-01,36.49,37.690670013427734,6.039053839155249,29.592296600341797,45.071014404296875,0.8,7.923115942028985,
chronos_2,electricity,USA|West Virginia,US,False,False,holdout,last12,1,2025-01-01,5982.09,5016.02587890625,650.2232919361799,4116.90625,5783.49560546875,0.8,717.3102536231884,
chronos_2,electricity,USA|West Virginia,US,False,False,holdout,last12,2,2025-02-01,4649.35,4242.04833984375,631.6699225294086,3425.00927734375,5044.04443359375,0.8,717.3102536231884,
chronos_2,electricity,USA|West Virginia,US,False,False,holdout,last12,3,2025-03-01,2983.63,3621.572021484375,626.5721322958091,2838.378662109375,4444.34765625,0.8,717.3102536231884,
chronos_2,electricity,USA|West Virginia,US,False,False,holdout,last12,4,2025-04-01,3975.78,3047.234375,567.0687022993875,2336.950927734375,3790.406494140625,0.8,717.3102536231884,
chronos_2,electricity,USA|West Virginia,US,False,False,holdout,last12,5,2025-05-01,3137.53,3561.203857421875,609.8245497544235,2811.353759765625,4374.39697265625,0.8,717.3102536231884,
chronos_2,electricity,USA|West Virginia,US,False,False,holdout,last12,6,2025-06-01,4935.56,4529.4091796875,717.7848481715456,3599.985595703125,5439.7421875,0.8,717.3102536231884,
chronos_2,electricity,USA|West Virginia,US,False,False,holdout,last12,7,2025-07-01,5920.24,5251.7939453125,751.7146479977893,4224.4599609375,6151.18212890625,0.8,717.3102536231884,
chronos_2,electricity,USA|West Virginia,US,False,False,holdout,last12,8,2025-08-01,4958.67,4861.38818359375,754.6504089946272,3854.081298828125,5788.328125,0.8,717.3102536231884,
chronos_2,electricity,USA|West Virginia,US,False,False,holdout,last12,9,2025-09-01,3064.23,3597.1259765625,701.2853017625298,2733.127197265625,4530.59375,0.8,717.3102536231884,
chronos_2,electricity,USA|West Virginia,US,False,False,holdout,last12,10,2025-10-01,4203.9,3092.162109375,692.7073855180781,2293.410400390625,4068.890869140625,0.8,717.3102536231884,
chronos_2,electricity,USA|West Virginia,US,False,False,holdout,last12,11,2025-11-01,4217.15,3459.2138671875,682.6237261167523,2584.596435546875,4334.2314453125,0.8,717.3102536231884,
chronos_2,electricity,USA|West Virginia,US,False,False,holdout,last12,12,2025-12-01,5768.66,4421.6044921875,773.4576249039965,3443.4501953125,5425.90185546875,0.8,717.3102536231884,
chronos_2,electricity,USA|West Virginia,US,False,False,rolling,2022-12-01,1,2023-01-01,4646.64,6038.6005859375,679.6464352605775,5087.90625,6829.91015625,0.8,728.9486904761904,
chronos_2,electricity,USA|West Virginia,US,False,False,rolling,2022-12-01,2,2023-02-01,3989.6,5180.275390625,765.007251048655,4197.6669921875,6158.45947265625,0.8,728.9486904761904,
chronos_2,electricity,USA|West Virginia,US,False,False,rolling,2022-12-01,3,2023-03-01,4609.98,4246.87060546875,729.6928685725935,3321.637451171875,5191.91552734375,0.8,728.9486904761904,
chronos_2,electricity,USA|West Virginia,US,False,False,rolling,2022-12-01,4,2023-04-01,4128.22,3639.189697265625,689.7043766297451,2760.104736328125,4527.88818359375,0.8,728.9486904761904,
chronos_2,electricity,USA|West Virginia,US,False,False,rolling,2022-12-01,5,2023-05-01,3847.71,4186.7548828125,753.7978086025992,3293.1640625,5225.2255859375,0.8,728.9486904761904,
chronos_2,electricity,USA|West Virginia,US,False,False,rolling,2022-12-01,6,2023-06-01,4373.87,5228.689453125,811.8003532926654,4147.244140625,6227.97216796875,0.8,728.9486904761904,
chronos_2,electricity,USA|West Virginia,US,False,False,rolling,2022-12-01,7,2023-07-01,5869.25,6095.197265625,763.7219209525734,5000.181640625,6957.6796875,0.8,728.9486904761904,
chronos_2,electricity,USA|West Virginia,US,False,False,rolling,2022-12-01,8,2023-08-01,5358.92,5734.791015625,832.958864105086,4578.4462890625,6713.40576171875,0.8,728.9486904761904,
chronos_2,electricity,USA|West Virginia,US,False,False,rolling,2022-12-01,9,2023-09-01,4016.59,4183.3056640625,823.0563739525188,3150.143310546875,5259.7216796875,0.8,728.9486904761904,
chronos_2,electricity,USA|West Virginia,US,False,False,rolling,2022-12-01,10,2023-10-01,3132.09,3703.239013671875,828.3139017414118,2763.390380859375,4886.4443359375,0.8,728.9486904761904,
chronos_2,electricity,USA|West Virginia,US,False,False,rolling,2022-12-01,11,2023-11-01,3606.49,4098.59765625,818.7545091882284,3062.00146484375,5160.5537109375,0.8,728.9486904761904,
chronos_2,electricity,USA|West Virginia,US,False,False,rolling,2022-12-01,12,2023-12-01,4650.42,5257.49853515625,871.3850332203124,4126.20751953125,6359.6572265625,0.8,728.9486904761904,
chronos_2,electricity,USA|West Virginia,US,False,False,rolling,2023-12-01,1,2024-01-01,5639.26,5393.66845703125,671.7060404577351,4475.2822265625,6196.93408203125,0.8,723.1435606060605,
chronos_2,electricity,USA|West Virginia,US,False,False,rolling,2023-12-01,2,2024-02-01,3200.39,4709.1513671875,680.7511676197264,3854.82958984375,5599.6650390625,0.8,723.1435606060605,
chronos_2,electricity,USA|West Virginia,US,False,False,rolling,2023-12-01,3,2024-03-01,3674.21,3977.740966796875,662.4840303856782,3142.433349609375,4840.4482421875,0.8,723.1435606060605,
chronos_2,electricity,USA|West Virginia,US,False,False,rolling,2023-12-01,4,2024-04-01,3831.87,3351.89404296875,622.540592625092,2566.2392578125,4161.875,0.8,723.1435606060605,
chronos_2,electricity,USA|West Virginia,US,False,False,rolling,2023-12-01,5,2024-05-01,4297.83,3849.888671875,649.7635106723748,3040.763427734375,4706.17431640625,0.8,723.1435606060605,
chronos_2,electricity,USA|West Virginia,US,False,False,rolling,2023-12-01,6,2024-06-01,5729.56,4803.8779296875,739.5799279058658,3852.13818359375,5747.7578125,0.8,723.1435606060605,
chronos_2,electricity,USA|West Virginia,US,False,False,rolling,2023-12-01,7,2024-07-01,5048.53,5631.84765625,771.2462551462796,4580.00732421875,6556.791015625,0.8,723.1435606060605,
chronos_2,electricity,USA|West Virginia,US,False,False,rolling,2023-12-01,8,2024-08-01,5418.36,5159.1416015625,805.999127253555,4098.103515625,6163.96240234375,0.8,723.1435606060605,
chronos_2,electricity,USA|West Virginia,US,False,False,rolling,2023-12-01,9,2024-09-01,3597.37,3954.931396484375,758.7023325871288,3011.76513671875,4956.3974609375,0.8,723.1435606060605,
chronos_2,electricity,USA|West Virginia,US,False,False,rolling,2023-12-01,10,2024-10-01,2829.43,3401.883056640625,762.872082867703,2531.18896484375,4486.5087890625,0.8,723.1435606060605,
chronos_2,electricity,USA|West Virginia,US,False,False,rolling,2023-12-01,11,2024-11-01,3263.53,3762.3798828125,749.7395031280436,2802.81787109375,4724.4775390625,0.8,723.1435606060605,
chronos_2,electricity,USA|West Virginia,US,False,False,rolling,2023-12-01,12,2024-12-01,4347.45,4730.4599609375,825.3552802715443,3697.2216796875,5812.6923828125,0.8,723.1435606060605,
chronos_2,electricity,USA|West Virginia,US,False,False,rolling,2024-12-01,1,2025-01-01,5982.09,5016.02587890625,650.2232919361799,4116.90625,5783.49560546875,0.8,717.3102536231884,
chronos_2,electricity,USA|West Virginia,US,False,False,rolling,2024-12-01,2,2025-02-01,4649.35,4242.04833984375,631.6699225294086,3425.00927734375,5044.04443359375,0.8,717.3102536231884,
chronos_2,electricity,USA|West Virginia,US,False,False,rolling,2024-12-01,3,2025-03-01,2983.63,3621.572021484375,626.5721322958091,2838.378662109375,4444.34765625,0.8,717.3102536231884,
chronos_2,electricity,USA|West Virginia,US,False,False,rolling,2024-12-01,4,2025-04-01,3975.78,3047.234375,567.0687022993875,2336.950927734375,3790.406494140625,0.8,717.3102536231884,
chronos_2,electricity,USA|West Virginia,US,False,False,rolling,2024-12-01,5,2025-05-01,3137.53,3561.203857421875,609.8245497544235,2811.353759765625,4374.39697265625,0.8,717.3102536231884,
chronos_2,electricity,USA|West Virginia,US,False,False,rolling,2024-12-01,6,2025-06-01,4935.56,4529.4091796875,717.7848481715456,3599.985595703125,5439.7421875,0.8,717.3102536231884,
chronos_2,electricity,USA|West Virginia,US,False,False,rolling,2024-12-01,7,2025-07-01,5920.24,5251.7939453125,751.7146479977893,4224.4599609375,6151.18212890625,0.8,717.3102536231884,
chronos_2,electricity,USA|West Virginia,US,False,False,rolling,2024-12-01,8,2025-08-01,4958.67,4861.38818359375,754.6504089946272,3854.081298828125,5788.328125,0.8,717.3102536231884,
chronos_2,electricity,USA|West Virginia,US,False,False,rolling,2024-12-01,9,2025-09-01,3064.23,3597.1259765625,701.2853017625298,2733.127197265625,4530.59375,0.8,717.3102536231884,
chronos_2,electricity,USA|West Virginia,US,False,False,rolling,2024-12-01,10,2025-10-01,4203.9,3092.162109375,692.7073855180781,2293.410400390625,4068.890869140625,0.8,717.3102536231884,
chronos_2,electricity,USA|West Virginia,US,False,False,rolling,2024-12-01,11,2025-11-01,4217.15,3459.2138671875,682.6237261167523,2584.596435546875,4334.2314453125,0.8,717.3102536231884,
chronos_2,electricity,USA|West Virginia,US,False,False,rolling,2024-12-01,12,2025-12-01,5768.66,4421.6044921875,773.4576249039965,3443.4501953125,5425.90185546875,0.8,717.3102536231884,
chronos_2,electricity,USA|Wisconsin,US,True,False,holdout,last12,1,2025-01-01,6349.03,6173.4189453125,403.83940025469747,5663.38232421875,6698.46435546875,0.8,372.4132971014493,
chronos_2,electricity,USA|Wisconsin,US,True,False,holdout,last12,2,2025-02-01,5335.84,5381.638671875,383.62407445868416,4887.12939453125,5870.3974609375,0.8,372.4132971014493,
chronos_2,electricity,USA|Wisconsin,US,True,False,holdout,last12,3,2025-03-01,4608.61,4995.888671875,369.848353411129,4514.50146484375,5462.4609375,0.8,372.4132971014493,
chronos_2,electricity,USA|Wisconsin,US,True,False,holdout,last12,4,2025-04-01,4208.11,4433.19384765625,367.23816365101897,3984.616943359375,4925.88623046875,0.8,372.4132971014493,
chronos_2,electricity,USA|Wisconsin,US,True,False,holdout,last12,5,2025-05-01,4928.03,4791.810546875,356.5014567368182,4340.21044921875,5253.96044921875,0.8,372.4132971014493,
chronos_2,electricity,USA|Wisconsin,US,True,False,holdout,last12,6,2025-06-01,6315.57,5750.3349609375,415.65064465325395,5217.19921875,6282.5546875,0.8,372.4132971014493,
chronos_2,electricity,USA|Wisconsin,US,True,False,holdout,last12,7,2025-07-01,7167.39,6743.3740234375,470.4237665200245,6161.947265625,7367.69189453125,0.8,372.4132971014493,
chronos_2,electricity,USA|Wisconsin,US,True,False,holdout,last12,8,2025-08-01,6742.28,6534.123046875,432.1227584946344,6006.70263671875,7114.27783203125,0.8,372.4132971014493,
chronos_2,electricity,USA|Wisconsin,US,True,False,holdout,last12,9,2025-09-01,5711.74,5280.6142578125,388.3367609737082,4793.66748046875,5789.0146484375,0.8,372.4132971014493,
chronos_2,electricity,USA|Wisconsin,US,True,False,holdout,last12,10,2025-10-01,4722.51,4891.685546875,371.5377423680064,4389.125,5341.41455078125,0.8,372.4132971014493,
chronos_2,electricity,USA|Wisconsin,US,True,False,holdout,last12,11,2025-11-01,5211.78,4942.71337890625,373.7087252900379,4452.296875,5410.15087890625,0.8,372.4132971014493,
chronos_2,electricity,USA|Wisconsin,US,True,False,holdout,last12,12,2025-12-01,5821.32,5774.271484375,441.0897790404418,5218.79296875,6349.3515625,0.8,372.4132971014493,
chronos_2,electricity,USA|Wisconsin,US,True,False,rolling,2022-12-01,1,2023-01-01,5559.55,6135.5283203125,383.8818262920914,5624.681640625,6608.6103515625,0.8,355.0294841269842,
chronos_2,electricity,USA|Wisconsin,US,True,False,rolling,2022-12-01,2,2023-02-01,4757.66,5543.50927734375,361.32311150661604,5075.6240234375,6001.732421875,0.8,355.0294841269842,
chronos_2,electricity,USA|Wisconsin,US,True,False,rolling,2022-12-01,3,2023-03-01,4813.87,5102.52783203125,337.60594225037266,4668.375,5533.69384765625,0.8,355.0294841269842,
chronos_2,electricity,USA|Wisconsin,US,True,False,rolling,2022-12-01,4,2023-04-01,3970.72,4515.7685546875,334.4843446581993,4074.9267578125,4932.24462890625,0.8,355.0294841269842,
chronos_2,electricity,USA|Wisconsin,US,True,False,rolling,2022-12-01,5,2023-05-01,4634.27,4693.31201171875,308.35425247369596,4293.06494140625,5083.40869140625,0.8,355.0294841269842,
chronos_2,electricity,USA|Wisconsin,US,True,False,rolling,2022-12-01,6,2023-06-01,5815.37,5498.95458984375,348.5475361541,5043.71142578125,5937.07470703125,0.8,355.0294841269842,
chronos_2,electricity,USA|Wisconsin,US,True,False,rolling,2022-12-01,7,2023-07-01,7212.37,6478.86865234375,402.93888812127847,5972.17822265625,7004.9521484375,0.8,355.0294841269842,
chronos_2,electricity,USA|Wisconsin,US,True,False,rolling,2022-12-01,8,2023-08-01,7069.3,6325.296875,389.1340199706108,5829.72900390625,6827.11962890625,0.8,355.0294841269842,
chronos_2,electricity,USA|Wisconsin,US,True,False,rolling,2022-12-01,9,2023-09-01,5894.29,5206.47314453125,329.0614594477266,4782.72314453125,5626.1416015625,0.8,355.0294841269842,
chronos_2,electricity,USA|Wisconsin,US,True,False,rolling,2022-12-01,10,2023-10-01,4930.67,4809.9326171875,325.9914884238114,4366.29833984375,5201.84814453125,0.8,355.0294841269842,
chronos_2,electricity,USA|Wisconsin,US,True,False,rolling,2022-12-01,11,2023-11-01,4890.95,4898.41259765625,324.08054338249013,4462.81201171875,5293.4638671875,0.8,355.0294841269842,
chronos_2,electricity,USA|Wisconsin,US,True,False,rolling,2022-12-01,12,2023-12-01,5507.99,5748.89013671875,386.59212587367625,5256.56298828125,6247.4384765625,0.8,355.0294841269842,
chronos_2,electricity,USA|Wisconsin,US,True,False,rolling,2023-12-01,1,2024-01-01,6578.94,5970.498046875,337.77587176655834,5553.29052734375,6419.044921875,0.8,367.8148106060607,
chronos_2,electricity,USA|Wisconsin,US,True,False,rolling,2023-12-01,2,2024-02-01,4837.24,5359.333984375,332.75552138534607,4925.9716796875,5778.8583984375,0.8,367.8148106060607,
chronos_2,electricity,USA|Wisconsin,US,True,False,rolling,2023-12-01,3,2024-03-01,5285.23,4953.9345703125,332.46309783451085,4525.9287109375,5378.06591796875,0.8,367.8148106060607,
chronos_2,electricity,USA|Wisconsin,US,True,False,rolling,2023-12-01,4,2024-04-01,4389.1,4255.01904296875,330.4517572158018,3824.71044921875,4671.6923828125,0.8,367.8148106060607,
chronos_2,electricity,USA|Wisconsin,US,True,False,rolling,2023-12-01,5,2024-05-01,5502.97,4461.3759765625,319.8902186761893,4036.95458984375,4856.8662109375,0.8,367.8148106060607,
chronos_2,electricity,USA|Wisconsin,US,True,False,rolling,2023-12-01,6,2024-06-01,5876.77,5320.1396484375,346.2717760640168,4868.021484375,5755.5517578125,0.8,367.8148106060607,
chronos_2,electricity,USA|Wisconsin,US,True,False,rolling,2023-12-01,7,2024-07-01,6626.21,6411.9091796875,375.6796790730615,5938.2919921875,6901.19775390625,0.8,367.8148106060607,
chronos_2,electricity,USA|Wisconsin,US,True,False,rolling,2023-12-01,8,2024-08-01,6454.97,6294.20556640625,377.887429255882,5816.58935546875,6785.15380859375,0.8,367.8148106060607,
chronos_2,electricity,USA|Wisconsin,US,True,False,rolling,2023-12-01,9,2024-09-01,5589.25,5106.115234375,337.5044036493334,4676.4267578125,5541.4853515625,0.8,367.8148106060607,
chronos_2,electricity,USA|Wisconsin,US,True,False,rolling,2023-12-01,10,2024-10-01,4443.21,4703.013671875,349.18134276884183,4234.51416015625,5129.501953125,0.8,367.8148106060607,
chronos_2,electricity,USA|Wisconsin,US,True,False,rolling,2023-12-01,11,2024-11-01,5068.16,4734.08984375,343.3797357218477,4280.14990234375,5160.267578125,0.8,367.8148106060607,
chronos_2,electricity,USA|Wisconsin,US,True,False,rolling,2023-12-01,12,2024-12-01,6101.94,5540.1455078125,367.73871275839326,5065.552734375,6008.10498046875,0.8,367.8148106060607,
chronos_2,electricity,USA|Wisconsin,US,True,False,rolling,2024-12-01,1,2025-01-01,6349.03,6173.4189453125,403.83940025469747,5663.38232421875,6698.46435546875,0.8,372.4132971014493,
chronos_2,electricity,USA|Wisconsin,US,True,False,rolling,2024-12-01,2,2025-02-01,5335.84,5381.638671875,383.62407445868416,4887.12939453125,5870.3974609375,0.8,372.4132971014493,
chronos_2,electricity,USA|Wisconsin,US,True,False,rolling,2024-12-01,3,2025-03-01,4608.61,4995.888671875,369.848353411129,4514.50146484375,5462.4609375,0.8,372.4132971014493,
chronos_2,electricity,USA|Wisconsin,US,True,False,rolling,2024-12-01,4,2025-04-01,4208.11,4433.19384765625,367.23816365101897,3984.616943359375,4925.88623046875,0.8,372.4132971014493,
chronos_2,electricity,USA|Wisconsin,US,True,False,rolling,2024-12-01,5,2025-05-01,4928.03,4791.810546875,356.5014567368182,4340.21044921875,5253.96044921875,0.8,372.4132971014493,
chronos_2,electricity,USA|Wisconsin,US,True,False,rolling,2024-12-01,6,2025-06-01,6315.57,5750.3349609375,415.65064465325395,5217.19921875,6282.5546875,0.8,372.4132971014493,
chronos_2,electricity,USA|Wisconsin,US,True,False,rolling,2024-12-01,7,2025-07-01,7167.39,6743.3740234375,470.4237665200245,6161.947265625,7367.69189453125,0.8,372.4132971014493,
chronos_2,electricity,USA|Wisconsin,US,True,False,rolling,2024-12-01,8,2025-08-01,6742.28,6534.123046875,432.1227584946344,6006.70263671875,7114.27783203125,0.8,372.4132971014493,
chronos_2,electricity,USA|Wisconsin,US,True,False,rolling,2024-12-01,9,2025-09-01,5711.74,5280.6142578125,388.3367609737082,4793.66748046875,5789.0146484375,0.8,372.4132971014493,
chronos_2,electricity,USA|Wisconsin,US,True,False,rolling,2024-12-01,10,2025-10-01,4722.51,4891.685546875,371.5377423680064,4389.125,5341.41455078125,0.8,372.4132971014493,
chronos_2,electricity,USA|Wisconsin,US,True,False,rolling,2024-12-01,11,2025-11-01,5211.78,4942.71337890625,373.7087252900379,4452.296875,5410.15087890625,0.8,372.4132971014493,
chronos_2,electricity,USA|Wisconsin,US,True,False,rolling,2024-12-01,12,2025-12-01,5821.32,5774.271484375,441.0897790404418,5218.79296875,6349.3515625,0.8,372.4132971014493,
chronos_2,electricity,USA|Wyoming,US,True,False,holdout,last12,1,2025-01-01,4541.51,4086.201416015625,198.86239761557076,3827.767822265625,4337.47265625,0.8,244.27764492753624,
chronos_2,electricity,USA|Wyoming,US,True,False,holdout,last12,2,2025-02-01,3944.25,3547.238525390625,237.3488612284124,3240.7783203125,3849.1279296875,0.8,244.27764492753624,
chronos_2,electricity,USA|Wyoming,US,True,False,holdout,last12,3,2025-03-01,3743.11,3510.107666015625,245.26239497544526,3200.219970703125,3828.852783203125,0.8,244.27764492753624,
chronos_2,electricity,USA|Wyoming,US,True,False,holdout,last12,4,2025-04-01,3240.12,2887.1904296875,244.0187852426424,2575.79150390625,3201.23681640625,0.8,244.27764492753624,
chronos_2,electricity,USA|Wyoming,US,True,False,holdout,last12,5,2025-05-01,3039.28,2899.91357421875,244.21595682252155,2584.28955078125,3210.240234375,0.8,244.27764492753624,
chronos_2,electricity,USA|Wyoming,US,True,False,holdout,last12,6,2025-06-01,3367.56,3279.202880859375,259.26414895007923,2944.07177734375,3608.592529296875,0.8,244.27764492753624,
chronos_2,electricity,USA|Wyoming,US,True,False,holdout,last12,7,2025-07-01,4212.4,3884.870849609375,248.391803229237,3548.32373046875,4184.9775390625,0.8,244.27764492753624,
chronos_2,electricity,USA|Wyoming,US,True,False,holdout,last12,8,2025-08-01,3972.35,3934.14208984375,245.76161055522618,3602.530517578125,4232.44287109375,0.8,244.27764492753624,
chronos_2,electricity,USA|Wyoming,US,True,False,holdout,last12,9,2025-09-01,3645.64,3560.26953125,256.29733581070957,3219.90771484375,3876.82421875,0.8,244.27764492753624,
chronos_2,electricity,USA|Wyoming,US,True,False,holdout,last12,10,2025-10-01,3776.28,3660.2265625,263.2951171089705,3311.520263671875,3986.372802734375,0.8,244.27764492753624,
chronos_2,electricity,USA|Wyoming,US,True,False,holdout,last12,11,2025-11-01,4240.71,3772.833984375,258.96077142258406,3429.35009765625,4093.09326171875,0.8,244.27764492753624,
chronos_2,electricity,USA|Wyoming,US,True,False,holdout,last12,12,2025-12-01,4438.93,4100.92041015625,245.2030529975396,3770.591552734375,4399.072265625,0.8,244.27764492753624,
chronos_2,electricity,USA|Wyoming,US,True,False,rolling,2022-12-01,1,2023-01-01,4165.11,4187.62548828125,196.26401909985927,3936.29541015625,4439.34033203125,0.8,240.7400793650794,
chronos_2,electricity,USA|Wyoming,US,True,False,rolling,2022-12-01,2,2023-02-01,3330.2,3852.973388671875,228.2584893802169,3552.356201171875,4137.40625,0.8,240.7400793650794,
chronos_2,electricity,USA|Wyoming,US,True,False,rolling,2022-12-01,3,2023-03-01,3343.94,3858.716796875,235.70490746168105,3546.449951171875,4150.5859375,0.8,240.7400793650794,
chronos_2,electricity,USA|Wyoming,US,True,False,rolling,2022-12-01,4,2023-04-01,2814.25,3273.343505859375,263.32493097587974,2940.12646484375,3615.055419921875,0.8,240.7400793650794,
chronos_2,electricity,USA|Wyoming,US,True,False,rolling,2022-12-01,5,2023-05-01,2708.19,3248.03369140625,256.6350992997199,2910.1611328125,3567.943359375,0.8,240.7400793650794,
chronos_2,electricity,USA|Wyoming,US,True,False,rolling,2022-12-01,6,2023-06-01,3238.06,3539.1826171875,260.76427224066686,3193.69189453125,3862.0576171875,0.8,240.7400793650794,
chronos_2,electricity,USA|Wyoming,US,True,False,rolling,2022-12-01,7,2023-07-01,4136.54,4071.21484375,261.27006020644376,3733.748046875,4403.41015625,0.8,240.7400793650794,
chronos_2,electricity,USA|Wyoming,US,True,False,rolling,2022-12-01,8,2023-08-01,4137.69,4072.995849609375,268.2513629137293,3722.905029296875,4410.4609375,0.8,240.7400793650794,
chronos_2,electricity,USA|Wyoming,US,True,False,rolling,2022-12-01,9,2023-09-01,3520.49,3784.55712890625,275.96524852963813,3419.821533203125,4127.14892578125,0.8,240.7400793650794,
chronos_2,electricity,USA|Wyoming,US,True,False,rolling,2022-12-01,10,2023-10-01,3835.77,3864.09033203125,285.1657316562589,3483.2041015625,4214.11328125,0.8,240.7400793650794,
chronos_2,electricity,USA|Wyoming,US,True,False,rolling,2022-12-01,11,2023-11-01,3843.61,3984.889892578125,279.72189101217583,3609.4599609375,4326.416015625,0.8,240.7400793650794,
chronos_2,electricity,USA|Wyoming,US,True,False,rolling,2022-12-01,12,2023-12-01,3947.33,4248.7255859375,275.93019580432633,3888.168701171875,4595.40625,0.8,240.7400793650794,
chronos_2,electricity,USA|Wyoming,US,True,False,rolling,2023-12-01,1,2024-01-01,3888.35,4004.61865234375,208.25109863680075,3735.51318359375,4269.2822265625,0.8,244.71193181818185,
chronos_2,electricity,USA|Wyoming,US,True,False,rolling,2023-12-01,2,2024-02-01,3400.74,3584.68212890625,243.28086822364548,3267.688232421875,3891.2421875,0.8,244.71193181818185,
chronos_2,electricity,USA|Wyoming,US,True,False,rolling,2023-12-01,3,2024-03-01,3093.29,3630.03515625,248.36570418919504,3308.363037109375,3944.949951171875,0.8,244.71193181818185,
chronos_2,electricity,USA|Wyoming,US,True,False,rolling,2023-12-01,4,2024-04-01,2758.92,3013.38916015625,257.4678872817891,2699.64453125,3359.561279296875,0.8,244.71193181818185,
chronos_2,electricity,USA|Wyoming,US,True,False,rolling,2023-12-01,5,2024-05-01,2705.06,2987.674560546875,253.9568996323472,2653.237548828125,3304.1552734375,0.8,244.71193181818185,
chronos_2,electricity,USA|Wyoming,US,True,False,rolling,2023-12-01,6,2024-06-01,3115.47,3285.44287109375,272.77821283341797,2933.49658203125,3632.6552734375,0.8,244.71193181818185,
chronos_2,electricity,USA|Wyoming,US,True,False,rolling,2023-12-01,7,2024-07-01,3817.6,3918.246826171875,251.3416615177765,3582.996337890625,4227.2109375,0.8,244.71193181818185,
chronos_2,electricity,USA|Wyoming,US,True,False,rolling,2023-12-01,8,2024-08-01,3871.76,3983.764404296875,246.55467846540668,3657.666259765625,4289.611328125,0.8,244.71193181818185,
chronos_2,electricity,USA|Wyoming,US,True,False,rolling,2023-12-01,9,2024-09-01,3334.36,3638.014404296875,267.18911293362686,3280.7255859375,3965.558837890625,0.8,244.71193181818185,
chronos_2,electricity,USA|Wyoming,US,True,False,rolling,2023-12-01,10,2024-10-01,3253.38,3697.52685546875,274.9596734722546,3330.03466796875,4034.78466796875,0.8,244.71193181818185,
chronos_2,electricity,USA|Wyoming,US,True,False,rolling,2023-12-01,11,2024-11-01,3571.15,3801.882568359375,262.1989574272077,3450.18603515625,4122.22900390625,0.8,244.71193181818185,
chronos_2,electricity,USA|Wyoming,US,True,False,rolling,2023-12-01,12,2024-12-01,4359.16,4067.38623046875,246.63811919196422,3737.399658203125,4369.55859375,0.8,244.71193181818185,
chronos_2,electricity,USA|Wyoming,US,True,False,rolling,2024-12-01,1,2025-01-01,4541.51,4086.201416015625,198.86239761557076,3827.767822265625,4337.47265625,0.8,244.27764492753624,
chronos_2,electricity,USA|Wyoming,US,True,False,rolling,2024-12-01,2,2025-02-01,3944.25,3547.238525390625,237.3488612284124,3240.7783203125,3849.1279296875,0.8,244.27764492753624,
chronos_2,electricity,USA|Wyoming,US,True,False,rolling,2024-12-01,3,2025-03-01,3743.11,3510.107666015625,245.26239497544526,3200.219970703125,3828.852783203125,0.8,244.27764492753624,
chronos_2,electricity,USA|Wyoming,US,True,False,rolling,2024-12-01,4,2025-04-01,3240.12,2887.1904296875,244.0187852426424,2575.79150390625,3201.23681640625,0.8,244.27764492753624,
chronos_2,electricity,USA|Wyoming,US,True,False,rolling,2024-12-01,5,2025-05-01,3039.28,2899.91357421875,244.21595682252155,2584.28955078125,3210.240234375,0.8,244.27764492753624,
chronos_2,electricity,USA|Wyoming,US,True,False,rolling,2024-12-01,6,2025-06-01,3367.56,3279.202880859375,259.26414895007923,2944.07177734375,3608.592529296875,0.8,244.27764492753624,
chronos_2,electricity,USA|Wyoming,US,True,False,rolling,2024-12-01,7,2025-07-01,4212.4,3884.870849609375,248.391803229237,3548.32373046875,4184.9775390625,0.8,244.27764492753624,
chronos_2,electricity,USA|Wyoming,US,True,False,rolling,2024-12-01,8,2025-08-01,3972.35,3934.14208984375,245.76161055522618,3602.530517578125,4232.44287109375,0.8,244.27764492753624,
chronos_2,electricity,USA|Wyoming,US,True,False,rolling,2024-12-01,9,2025-09-01,3645.64,3560.26953125,256.29733581070957,3219.90771484375,3876.82421875,0.8,244.27764492753624,
chronos_2,electricity,USA|Wyoming,US,True,False,rolling,2024-12-01,10,2025-10-01,3776.28,3660.2265625,263.2951171089705,3311.520263671875,3986.372802734375,0.8,244.27764492753624,
chronos_2,electricity,USA|Wyoming,US,True,False,rolling,2024-12-01,11,2025-11-01,4240.71,3772.833984375,258.96077142258406,3429.35009765625,4093.09326171875,0.8,244.27764492753624,
chronos_2,electricity,USA|Wyoming,US,True,False,rolling,2024-12-01,12,2025-12-01,4438.93,4100.92041015625,245.2030529975396,3770.591552734375,4399.072265625,0.8,244.27764492753624,
chronos_2,electricity,Austria,Europe,True,False,holdout,last12,1,2025-05-01,5650.0,5735.58251953125,457.6914355623225,5134.21484375,6307.3251953125,0.8,584.7321428571429,
chronos_2,electricity,Austria,Europe,True,False,holdout,last12,2,2025-06-01,5930.0,5649.8623046875,561.0299178447126,4925.513671875,6363.4912109375,0.8,584.7321428571429,
chronos_2,electricity,Austria,Europe,True,False,holdout,last12,3,2025-07-01,6110.0,5589.6962890625,601.8400532890283,4818.7666015625,6361.3447265625,0.8,584.7321428571429,
chronos_2,electricity,Austria,Europe,True,False,holdout,last12,4,2025-08-01,5990.0,5489.533203125,639.6002206233297,4701.58056640625,6340.94189453125,0.8,584.7321428571429,
chronos_2,electricity,Austria,Europe,True,False,holdout,last12,5,2025-09-01,5030.0,5461.51318359375,649.5462409266239,4654.20263671875,6319.056640625,0.8,584.7321428571429,
chronos_2,electricity,Austria,Europe,True,False,holdout,last12,6,2025-10-01,5480.0,5481.69775390625,655.2569775933259,4654.830078125,6334.3212890625,0.8,584.7321428571429,
chronos_2,electricity,Austria,Europe,True,False,holdout,last12,7,2025-11-01,4870.0,5506.7548828125,662.7197790137946,4680.7216796875,6379.3408203125,0.8,584.7321428571429,
chronos_2,electricity,Austria,Europe,True,False,holdout,last12,8,2025-12-01,4720.0,5524.50634765625,671.8965443996473,4691.970703125,6414.11083984375,0.8,584.7321428571429,
chronos_2,electricity,Austria,Europe,True,False,holdout,last12,9,2026-01-01,5300.0,5533.2373046875,669.0685133819605,4692.470703125,6407.3623046875,0.8,584.7321428571429,
chronos_2,electricity,Austria,Europe,True,False,holdout,last12,10,2026-02-01,5080.0,5496.75537109375,680.4130231228322,4664.16748046875,6408.13623046875,0.8,584.7321428571429,
chronos_2,electricity,Austria,Europe,True,False,holdout,last12,11,2026-03-01,5450.0,5504.24951171875,680.9862494840461,4657.5908203125,6403.02880859375,0.8,584.7321428571429,
chronos_2,electricity,Austria,Europe,True,False,holdout,last12,12,2026-04-01,5680.0,5510.2529296875,683.5601482432218,4663.2685546875,6415.3037109375,0.8,584.7321428571429,
chronos_2,electricity,Austria,Europe,True,False,rolling,2022-12-01,1,2023-01-01,5010.0,5093.3662109375,441.24999285558994,4512.99951171875,5643.96875,0.8,572.2619047619048,
chronos_2,electricity,Austria,Europe,True,False,rolling,2022-12-01,2,2023-02-01,4930.0,5099.380859375,494.53489792814236,4439.62451171875,5707.16845703125,0.8,572.2619047619048,
chronos_2,electricity,Austria,Europe,True,False,rolling,2022-12-01,3,2023-03-01,5160.0,5098.14306640625,517.4405203918398,4402.6337890625,5728.88720703125,0.8,572.2619047619048,
chronos_2,electricity,Austria,Europe,True,False,rolling,2022-12-01,4,2023-04-01,5260.0,5088.8125,529.9518667769237,4390.15966796875,5748.48095703125,0.8,572.2619047619048,
chronos_2,electricity,Austria,Europe,True,False,rolling,2022-12-01,5,2023-05-01,6280.0,5108.615234375,532.0691275873359,4399.9140625,5763.662109375,0.8,572.2619047619048,
chronos_2,electricity,Austria,Europe,True,False,rolling,2022-12-01,6,2023-06-01,5210.0,5118.5830078125,539.582793560295,4402.3935546875,5785.39990234375,0.8,572.2619047619048,
chronos_2,electricity,Austria,Europe,True,False,rolling,2022-12-01,7,2023-07-01,5010.0,5119.12158203125,539.0749100511571,4400.25830078125,5781.962890625,0.8,572.2619047619048,
chronos_2,electricity,Austria,Europe,True,False,rolling,2022-12-01,8,2023-08-01,5510.0,5107.392578125,542.4108245779817,4385.3076171875,5775.5625,0.8,572.2619047619048,
chronos_2,electricity,Austria,Europe,True,False,rolling,2022-12-01,9,2023-09-01,4890.0,5096.00146484375,544.2402339321645,4377.0556640625,5771.99951171875,0.8,572.2619047619048,
chronos_2,electricity,Austria,Europe,True,False,rolling,2022-12-01,10,2023-10-01,4370.0,5091.22607421875,544.0270600211647,4371.5361328125,5765.93359375,0.8,572.2619047619048,
chronos_2,electricity,Austria,Europe,True,False,rolling,2022-12-01,11,2023-11-01,5730.0,5094.43603515625,541.9275160773504,4374.9609375,5763.97705078125,0.8,572.2619047619048,
chronos_2,electricity,Austria,Europe,True,False,rolling,2022-12-01,12,2023-12-01,6080.0,5102.50439453125,539.8595957878935,4384.185546875,5767.9013671875,0.8,572.2619047619048,
chronos_2,electricity,Austria,Europe,True,False,rolling,2023-12-01,1,2024-01-01,6680.0,5608.494140625,475.7519712713669,5013.0166015625,6232.41796875,0.8,569.1666666666666,
chronos_2,electricity,Austria,Europe,True,False,rolling,2023-12-01,2,2024-02-01,5410.0,5270.736328125,523.6639031662276,4597.494140625,5939.69873046875,0.8,569.1666666666666,
chronos_2,electricity,Austria,Europe,True,False,rolling,2023-12-01,3,2024-03-01,5640.0,5175.7236328125,549.767896310689,4469.1171875,5878.22900390625,0.8,569.1666666666666,
chronos_2,electricity,Austria,Europe,True,False,rolling,2023-12-01,4,2024-04-01,5950.0,5138.8349609375,557.0510525139343,4430.8955078125,5858.6748046875,0.8,569.1666666666666,
chronos_2,electricity,Austria,Europe,True,False,rolling,2023-12-01,5,2024-05-01,6230.0,5155.27392578125,557.9216555284731,4448.67431640625,5878.68505859375,0.8,569.1666666666666,
chronos_2,electricity,Austria,Europe,True,False,rolling,2023-12-01,6,2024-06-01,6350.0,5163.1875,558.7825428419744,4452.357421875,5884.57470703125,0.8,569.1666666666666,
chronos_2,electricity,Austria,Europe,True,False,rolling,2023-12-01,7,2024-07-01,6490.0,5168.81787109375,556.7031923160027,4459.22900390625,5886.11669921875,0.8,569.1666666666666,
chronos_2,electricity,Austria,Europe,True,False,rolling,2023-12-01,8,2024-08-01,5280.0,5146.5595703125,555.149061157883,4439.01953125,5861.923828125,0.8,569.1666666666666,
chronos_2,electricity,Austria,Europe,True,False,rolling,2023-12-01,9,2024-09-01,5460.0,5146.87109375,549.8848657310231,4438.861328125,5848.27294921875,0.8,569.1666666666666,
chronos_2,electricity,Austria,Europe,True,False,rolling,2023-12-01,10,2024-10-01,6420.0,5151.80224609375,545.9200976919464,4453.93798828125,5853.1875,0.8,569.1666666666666,
chronos_2,electricity,Austria,Europe,True,False,rolling,2023-12-01,11,2024-11-01,5580.0,5170.41796875,542.2475626997629,4476.115234375,5865.95166015625,0.8,569.1666666666666,
chronos_2,electricity,Austria,Europe,True,False,rolling,2023-12-01,12,2024-12-01,5720.0,5178.833984375,539.5124976057294,4491.29541015625,5874.12158203125,0.8,569.1666666666666,
chronos_2,electricity,Austria,Europe,True,False,rolling,2024-12-01,1,2025-01-01,5930.0,5742.97021484375,455.7355315907099,5141.87353515625,6309.970703125,0.8,592.5,
chronos_2,electricity,Austria,Europe,True,False,rolling,2024-12-01,2,2025-02-01,5250.0,5603.60400390625,573.9056982706745,4864.87841796875,6335.85791015625,0.8,592.5,
chronos_2,electricity,Austria,Europe,True,False,rolling,2024-12-01,3,2025-03-01,5260.0,5567.23828125,611.7477822999981,4786.12353515625,6354.09619140625,0.8,592.5,
chronos_2,electricity,Austria,Europe,True,False,rolling,2024-12-01,4,2025-04-01,5740.0,5533.50341796875,649.7171229625192,4729.55859375,6394.8505859375,0.8,592.5,
chronos_2,electricity,Austria,Europe,True,False,rolling,2024-12-01,5,2025-05-01,5650.0,5517.50927734375,651.3937481552884,4705.81103515625,6375.400390625,0.8,592.5,
chronos_2,electricity,Austria,Europe,True,False,rolling,2024-12-01,6,2025-06-01,5930.0,5504.41015625,670.6910354552268,4671.25927734375,6390.3095703125,0.8,592.5,
chronos_2,electricity,Austria,Europe,True,False,rolling,2024-12-01,7,2025-07-01,6110.0,5486.26171875,685.5815855708522,4639.14306640625,6396.359375,0.8,592.5,
chronos_2,electricity,Austria,Europe,True,False,rolling,2024-12-01,8,2025-08-01,5990.0,5471.81298828125,697.5618069658848,4615.82958984375,6403.75244140625,0.8,592.5,
chronos_2,electricity,Austria,Europe,True,False,rolling,2024-12-01,9,2025-09-01,5030.0,5464.7900390625,696.7418779998947,4605.14306640625,6390.96435546875,0.8,592.5,
chronos_2,electricity,Austria,Europe,True,False,rolling,2024-12-01,10,2025-10-01,5480.0,5463.74365234375,707.7872965519641,4600.73388671875,6414.86572265625,0.8,592.5,
chronos_2,electricity,Austria,Europe,True,False,rolling,2024-12-01,11,2025-11-01,4870.0,5471.58837890625,714.0331587914976,4596.140625,6426.28125,0.8,592.5,
chronos_2,electricity,Austria,Europe,True,False,rolling,2024-12-01,12,2025-12-01,4720.0,5481.26123046875,708.8217329565474,4601.00634765625,6417.78955078125,0.8,592.5,
chronos_2,electricity,Belgium,Europe,True,False,holdout,last12,1,2025-05-01,5440.0,5389.03125,401.31636604801224,4933.26220703125,5961.87744140625,0.8,849.6428571428571,
chronos_2,electricity,Belgium,Europe,True,False,holdout,last12,2,2025-06-01,5460.0,5387.82373046875,564.1966648711192,4737.24951171875,6183.34375,0.8,849.6428571428571,
chronos_2,electricity,Belgium,Europe,True,False,holdout,last12,3,2025-07-01,5070.0,5584.9892578125,738.1997268467119,4757.513671875,6649.595703125,0.8,849.6428571428571,
chronos_2,electricity,Belgium,Europe,True,False,holdout,last12,4,2025-08-01,5050.0,5480.87109375,808.3627096608597,4568.6689453125,6640.5859375,0.8,849.6428571428571,
chronos_2,electricity,Belgium,Europe,True,False,holdout,last12,5,2025-09-01,5190.0,5250.24853515625,808.8637350280887,4339.896484375,6413.09765625,0.8,849.6428571428571,
chronos_2,electricity,Belgium,Europe,True,False,holdout,last12,6,2025-10-01,5370.0,5587.06201171875,851.6922597369643,4584.2705078125,6767.24560546875,0.8,849.6428571428571,
chronos_2,electricity,Belgium,Europe,True,False,holdout,last12,7,2025-11-01,5650.0,5963.921875,858.002702812806,4903.400390625,7102.5498046875,0.8,849.6428571428571,
chronos_2,electricity,Belgium,Europe,True,False,holdout,last12,8,2025-12-01,6070.0,6451.00048828125,871.5326737752944,5342.7412109375,7576.5693359375,0.8,849.6428571428571,
chronos_2,electricity,Belgium,Europe,True,False,holdout,last12,9,2026-01-01,6700.0,6868.34130859375,927.7581976952035,5707.76708984375,8085.70703125,0.8,849.6428571428571,
chronos_2,electricity,Belgium,Europe,True,False,holdout,last12,10,2026-02-01,5420.0,6292.55615234375,994.2817932030607,5040.7861328125,7589.23291015625,0.8,849.6428571428571,
chronos_2,electricity,Belgium,Europe,True,False,holdout,last12,11,2026-03-01,5540.0,6189.40283203125,1016.2648050760773,4904.8798828125,7509.67138671875,0.8,849.6428571428571,
chronos_2,electricity,Belgium,Europe,True,False,holdout,last12,12,2026-04-01,4170.0,5782.703125,977.7024256423837,4613.1845703125,7119.13671875,0.8,849.6428571428571,
chronos_2,electricity,Belgium,Europe,True,False,rolling,2022-12-01,1,2023-01-01,8220.0,7988.12548828125,400.29164534446653,7463.73681640625,8489.7255859375,0.8,875.7142857142857,
chronos_2,electricity,Belgium,Europe,True,False,rolling,2022-12-01,2,2023-02-01,6900.0,7630.60546875,523.4101519156005,6901.41748046875,8242.9716796875,0.8,875.7142857142857,
chronos_2,electricity,Belgium,Europe,True,False,rolling,2022-12-01,3,2023-03-01,7300.0,7682.8427734375,573.3854320053123,6907.69580078125,8377.341796875,0.8,875.7142857142857,
chronos_2,electricity,Belgium,Europe,True,False,rolling,2022-12-01,4,2023-04-01,6090.0,6692.02099609375,689.4899644431229,5793.04541015625,7560.279296875,0.8,875.7142857142857,
chronos_2,electricity,Belgium,Europe,True,False,rolling,2022-12-01,5,2023-05-01,5740.0,6662.5146484375,733.328350548075,5707.0244140625,7586.62060546875,0.8,875.7142857142857,
chronos_2,electricity,Belgium,Europe,True,False,rolling,2022-12-01,6,2023-06-01,6120.0,6503.42822265625,811.90741650802,5418.779296875,7499.78173828125,0.8,875.7142857142857,
chronos_2,electricity,Belgium,Europe,True,False,rolling,2022-12-01,7,2023-07-01,6590.0,6779.53662109375,841.9087392961212,5644.18310546875,7802.08203125,0.8,875.7142857142857,
chronos_2,electricity,Belgium,Europe,True,False,rolling,2022-12-01,8,2023-08-01,5950.0,6616.81787109375,896.9601874220256,5392.46240234375,7691.4638671875,0.8,875.7142857142857,
chronos_2,electricity,Belgium,Europe,True,False,rolling,2022-12-01,9,2023-09-01,5330.0,6386.6923828125,922.4578065193804,5140.064453125,7504.4189453125,0.8,875.7142857142857,
chronos_2,electricity,Belgium,Europe,True,False,rolling,2022-12-01,10,2023-10-01,5740.0,6796.3515625,909.0204204726613,5577.81689453125,7907.72998046875,0.8,875.7142857142857,
chronos_2,electricity,Belgium,Europe,True,False,rolling,2022-12-01,11,2023-11-01,6430.0,7196.72705078125,914.5071245036746,6006.68603515625,8350.662109375,0.8,875.7142857142857,
chronos_2,electricity,Belgium,Europe,True,False,rolling,2022-12-01,12,2023-12-01,6870.0,7660.767578125,934.0484473532026,6374.4052734375,8768.4677734375,0.8,875.7142857142857,
chronos_2,electricity,Belgium,Europe,True,False,rolling,2023-12-01,1,2024-01-01,7140.0,8011.2470703125,444.03096939962427,7431.86865234375,8569.9658203125,0.8,888.5416666666666,
chronos_2,electricity,Belgium,Europe,True,False,rolling,2023-12-01,2,2024-02-01,5580.0,7337.43505859375,514.8951972239508,6679.525390625,7999.2548828125,0.8,888.5416666666666,
chronos_2,electricity,Belgium,Europe,True,False,rolling,2023-12-01,3,2024-03-01,5230.0,7768.21630859375,588.891309853314,7040.41162109375,8549.80078125,0.8,888.5416666666666,
chronos_2,electricity,Belgium,Europe,True,False,rolling,2023-12-01,4,2024-04-01,5910.0,7231.951171875,610.0479156263156,6457.70654296875,8021.322265625,0.8,888.5416666666666,
chronos_2,electricity,Belgium,Europe,True,False,rolling,2023-12-01,5,2024-05-01,5740.0,7027.6044921875,637.464671434494,6219.0859375,7852.9736328125,0.8,888.5416666666666,
chronos_2,electricity,Belgium,Europe,True,False,rolling,2023-12-01,6,2024-06-01,6000.0,6674.26416015625,647.7294048326072,5864.4453125,7524.642578125,0.8,888.5416666666666,
chronos_2,electricity,Belgium,Europe,True,False,rolling,2023-12-01,7,2024-07-01,6240.0,7168.4287109375,691.0677180900398,6306.9755859375,8078.25341796875,0.8,888.5416666666666,
chronos_2,electricity,Belgium,Europe,True,False,rolling,2023-12-01,8,2024-08-01,6200.0,7524.568359375,738.1269543409014,6587.5048828125,8479.400390625,0.8,888.5416666666666,
chronos_2,electricity,Belgium,Europe,True,False,rolling,2023-12-01,9,2024-09-01,5200.0,7094.24609375,718.8502414666896,6182.67822265625,8025.16552734375,0.8,888.5416666666666,
chronos_2,electricity,Belgium,Europe,True,False,rolling,2023-12-01,10,2024-10-01,5170.0,7220.8193359375,726.7740624265857,6275.763671875,8138.560546875,0.8,888.5416666666666,
chronos_2,electricity,Belgium,Europe,True,False,rolling,2023-12-01,11,2024-11-01,5790.0,7251.330078125,737.5059114902676,6312.2763671875,8202.580078125,0.8,888.5416666666666,
chronos_2,electricity,Belgium,Europe,True,False,rolling,2023-12-01,12,2024-12-01,6460.0,7709.45947265625,757.3148923781822,6733.091796875,8674.16796875,0.8,888.5416666666666,
chronos_2,electricity,Belgium,Europe,True,False,rolling,2024-12-01,1,2025-01-01,6500.0,6808.7236328125,557.1142998226493,6111.7607421875,7539.7021484375,0.8,855.7407407407408,
chronos_2,electricity,Belgium,Europe,True,False,rolling,2024-12-01,2,2025-02-01,6320.0,6024.86962890625,676.9212763715235,5199.96240234375,6934.9814453125,0.8,855.7407407407408,
chronos_2,electricity,Belgium,Europe,True,False,rolling,2024-12-01,3,2025-03-01,6050.0,6048.8623046875,740.731905242609,5112.3876953125,7010.9599609375,0.8,855.7407407407408,
chronos_2,electricity,Belgium,Europe,True,False,rolling,2024-12-01,4,2025-04-01,5370.0,5331.9189453125,854.4223717285081,4291.0224609375,6480.9951171875,0.8,855.7407407407408,
chronos_2,electricity,Belgium,Europe,True,False,rolling,2024-12-01,5,2025-05-01,5440.0,5337.7119140625,862.9074173012775,4303.0107421875,6514.7314453125,0.8,855.7407407407408,
chronos_2,electricity,Belgium,Europe,True,False,rolling,2024-12-01,6,2025-06-01,5460.0,5371.01025390625,918.171277322414,4283.91064453125,6637.2783203125,0.8,855.7407407407408,
chronos_2,electricity,Belgium,Europe,True,False,rolling,2024-12-01,7,2025-07-01,5070.0,5725.75634765625,985.9363870197128,4501.90185546875,7028.95849609375,0.8,855.7407407407408,
chronos_2,electricity,Belgium,Europe,True,False,rolling,2024-12-01,8,2025-08-01,5050.0,5697.56396484375,1028.5511663057628,4426.0361328125,7062.31884765625,0.8,855.7407407407408,
chronos_2,electricity,Belgium,Europe,True,False,rolling,2024-12-01,9,2025-09-01,5190.0,5356.857421875,1049.1081609215958,4080.724853515625,6769.697265625,0.8,855.7407407407408,
chronos_2,electricity,Belgium,Europe,True,False,rolling,2024-12-01,10,2025-10-01,5370.0,5601.623046875,1060.240925531032,4267.32421875,6984.8310546875,0.8,855.7407407407408,
chronos_2,electricity,Belgium,Europe,True,False,rolling,2024-12-01,11,2025-11-01,5650.0,5972.32470703125,1080.9256530399168,4605.77587890625,7376.2998046875,0.8,855.7407407407408,
chronos_2,electricity,Belgium,Europe,True,False,rolling,2024-12-01,12,2025-12-01,6070.0,6519.4873046875,1072.233529682289,5117.05712890625,7865.30224609375,0.8,855.7407407407408,
chronos_2,electricity,Bulgaria,Europe,True,False,holdout,last12,1,2025-05-01,2370.0,2627.50830078125,253.44644431999345,2326.5732421875,2976.1826171875,0.8,434.73214285714283,
chronos_2,electricity,Bulgaria,Europe,True,False,holdout,last12,2,2025-06-01,2820.0,2859.046875,297.6687911198696,2491.74072265625,3254.696533203125,0.8,434.73214285714283,
chronos_2,electricity,Bulgaria,Europe,True,False,holdout,last12,3,2025-07-01,3000.0,3229.26806640625,327.99978097944984,2829.080078125,3669.77734375,0.8,434.73214285714283,
chronos_2,electricity,Bulgaria,Europe,True,False,holdout,last12,4,2025-08-01,2910.0,3210.872802734375,358.53356228519567,2774.04638671875,3693.0048828125,0.8,434.73214285714283,
chronos_2,electricity,Bulgaria,Europe,True,False,holdout,last12,5,2025-09-01,2730.0,3006.345458984375,378.0989838833755,2552.21044921875,3521.317138671875,0.8,434.73214285714283,
chronos_2,electricity,Bulgaria,Europe,True,False,holdout,last12,6,2025-10-01,2890.0,2864.5029296875,407.6871988734401,2384.412353515625,3429.356689453125,0.8,434.73214285714283,
chronos_2,electricity,Bulgaria,Europe,True,False,holdout,last12,7,2025-11-01,2500.0,3277.2841796875,435.5598306146144,2736.36865234375,3852.75341796875,0.8,434.73214285714283,
chronos_2,electricity,Bulgaria,Europe,True,False,holdout,last12,8,2025-12-01,3330.0,3761.962890625,455.757058536146,3193.0576171875,4361.2099609375,0.8,434.73214285714283,
chronos_2,electricity,Bulgaria,Europe,True,False,holdout,last12,9,2026-01-01,3760.0,3837.442626953125,453.01980264678053,3272.872802734375,4434.00927734375,0.8,434.73214285714283,
chronos_2,electricity,Bulgaria,Europe,True,False,holdout,last12,10,2026-02-01,3250.0,3479.705322265625,481.26572686213177,2874.47119140625,4108.0048828125,0.8,434.73214285714283,
chronos_2,electricity,Bulgaria,Europe,True,False,holdout,last12,11,2026-03-01,3460.0,3401.922607421875,506.1844044800154,2770.598388671875,4068.001220703125,0.8,434.73214285714283,
chronos_2,electricity,Bulgaria,Europe,True,False,holdout,last12,12,2026-04-01,3220.0,2970.33984375,525.833076300811,2351.123046875,3698.887451171875,0.8,434.73214285714283,
chronos_2,electricity,Bulgaria,Europe,True,False,rolling,2022-12-01,1,2023-01-01,4390.0,4462.81494140625,297.57725397578076,4077.10498046875,4839.826171875,0.8,397.6190476190476,
chronos_2,electricity,Bulgaria,Europe,True,False,rolling,2022-12-01,2,2023-02-01,4059.9999999999995,3978.9013671875,339.73406178547384,3558.287109375,4429.060546875,0.8,397.6190476190476,
chronos_2,electricity,Bulgaria,Europe,True,False,rolling,2022-12-01,3,2023-03-01,3650.0,4160.2802734375,400.80733951522285,3670.4921875,4697.802734375,0.8,397.6190476190476,
chronos_2,electricity,Bulgaria,Europe,True,False,rolling,2022-12-01,4,2023-04-01,2960.0,3573.587646484375,410.85023107297934,3081.225341796875,4134.27685546875,0.8,397.6190476190476,
chronos_2,electricity,Bulgaria,Europe,True,False,rolling,2022-12-01,5,2023-05-01,2460.0,3202.255859375,403.1744462454529,2702.98095703125,3736.358642578125,0.8,397.6190476190476,
chronos_2,electricity,Bulgaria,Europe,True,False,rolling,2022-12-01,6,2023-06-01,2940.0,3447.890625,431.07031946754046,2911.708984375,4016.586669921875,0.8,397.6190476190476,
chronos_2,electricity,Bulgaria,Europe,True,False,rolling,2022-12-01,7,2023-07-01,3290.0,3752.938232421875,462.37402245452444,3182.39892578125,4367.51123046875,0.8,397.6190476190476,
chronos_2,electricity,Bulgaria,Europe,True,False,rolling,2022-12-01,8,2023-08-01,3150.0,3791.977783203125,492.84055586877525,3192.96337890625,4456.16455078125,0.8,397.6190476190476,
chronos_2,electricity,Bulgaria,Europe,True,False,rolling,2022-12-01,9,2023-09-01,3150.0,3564.37158203125,504.84363773683737,2944.22900390625,4238.1953125,0.8,397.6190476190476,
chronos_2,electricity,Bulgaria,Europe,True,False,rolling,2022-12-01,10,2023-10-01,2780.0,3516.131103515625,536.6064552238297,2847.349853515625,4222.7275390625,0.8,397.6190476190476,
chronos_2,electricity,Bulgaria,Europe,True,False,rolling,2022-12-01,11,2023-11-01,3090.0,4011.5185546875,600.23724837375,3271.784912109375,4810.2548828125,0.8,397.6190476190476,
chronos_2,electricity,Bulgaria,Europe,True,False,rolling,2022-12-01,12,2023-12-01,3750.0,4405.33203125,657.7365769012551,3563.333984375,5249.1806640625,0.8,397.6190476190476,
chronos_2,electricity,Bulgaria,Europe,True,False,rolling,2023-12-01,1,2024-01-01,3690.0,3801.513671875,287.46263768389434,3448.630859375,4185.42724609375,0.8,454.4791666666667,
chronos_2,electricity,Bulgaria,Europe,True,False,rolling,2023-12-01,2,2024-02-01,3170.0,3377.6103515625,342.1092649332352,2964.088623046875,3840.949951171875,0.8,454.4791666666667,
chronos_2,electricity,Bulgaria,Europe,True,False,rolling,2023-12-01,3,2024-03-01,3260.0,3398.049072265625,378.39074067041406,2930.928955078125,3900.783447265625,0.8,454.4791666666667,
chronos_2,electricity,Bulgaria,Europe,True,False,rolling,2023-12-01,4,2024-04-01,3160.0,2704.68212890625,427.4981800527448,2196.55126953125,3292.273193359375,0.8,454.4791666666667,
chronos_2,electricity,Bulgaria,Europe,True,False,rolling,2023-12-01,5,2024-05-01,2520.0,2469.355712890625,429.835711045993,1921.1778564453125,3022.89111328125,0.8,454.4791666666667,
chronos_2,electricity,Bulgaria,Europe,True,False,rolling,2023-12-01,6,2024-06-01,2410.0,2800.213623046875,430.60558510124565,2283.226806640625,3386.913330078125,0.8,454.4791666666667,
chronos_2,electricity,Bulgaria,Europe,True,False,rolling,2023-12-01,7,2024-07-01,3440.0,3142.489501953125,441.5754688403469,2590.977294921875,3722.78076171875,0.8,454.4791666666667,
chronos_2,electricity,Bulgaria,Europe,True,False,rolling,2023-12-01,8,2024-08-01,3330.0,3157.265380859375,460.9919163559514,2590.767822265625,3772.337646484375,0.8,454.4791666666667,
chronos_2,electricity,Bulgaria,Europe,True,False,rolling,2023-12-01,9,2024-09-01,2910.0,2916.37744140625,495.2331901272215,2314.37548828125,3583.709228515625,0.8,454.4791666666667,
chronos_2,electricity,Bulgaria,Europe,True,False,rolling,2023-12-01,10,2024-10-01,2660.0,2798.945556640625,520.0323265215553,2151.78125,3484.677734375,0.8,454.4791666666667,
chronos_2,electricity,Bulgaria,Europe,True,False,rolling,2023-12-01,11,2024-11-01,2710.0,3354.095458984375,535.4195204137458,2657.81640625,4030.15185546875,0.8,454.4791666666667,
chronos_2,electricity,Bulgaria,Europe,True,False,rolling,2023-12-01,12,2024-12-01,3440.0,3813.968017578125,539.0036615768819,3145.05712890625,4526.5791015625,0.8,454.4791666666667,
chronos_2,electricity,Bulgaria,Europe,True,False,rolling,2024-12-01,1,2025-01-01,3800.0,3549.0712890625,292.59976698149876,3169.165771484375,3919.129150390625,0.8,442.4074074074074,
chronos_2,electricity,Bulgaria,Europe,True,False,rolling,2024-12-01,2,2025-02-01,3780.0,3172.433837890625,333.8894008476075,2753.91259765625,3609.70556640625,0.8,442.4074074074074,
chronos_2,electricity,Bulgaria,Europe,True,False,rolling,2024-12-01,3,2025-03-01,3190.0,3197.684814453125,352.01508890478584,2753.96875,3656.2197265625,0.8,442.4074074074074,
chronos_2,electricity,Bulgaria,Europe,True,False,rolling,2024-12-01,4,2025-04-01,3040.0,2663.28515625,382.613260542898,2188.115478515625,3168.792724609375,0.8,442.4074074074074,
chronos_2,electricity,Bulgaria,Europe,True,False,rolling,2024-12-01,5,2025-05-01,2370.0,2350.33544921875,413.40341252847213,1815.8385009765625,2875.43408203125,0.8,442.4074074074074,
chronos_2,electricity,Bulgaria,Europe,True,False,rolling,2024-12-01,6,2025-06-01,2820.0,2575.8955078125,414.5294337031297,2050.31005859375,3112.791748046875,0.8,442.4074074074074,
chronos_2,electricity,Bulgaria,Europe,True,False,rolling,2024-12-01,7,2025-07-01,3000.0,2982.14599609375,424.32771819947095,2429.108154296875,3516.703857421875,0.8,442.4074074074074,
chronos_2,electricity,Bulgaria,Europe,True,False,rolling,2024-12-01,8,2025-08-01,2910.0,2972.4228515625,430.54281405238555,2429.39013671875,3532.915771484375,0.8,442.4074074074074,
chronos_2,electricity,Bulgaria,Europe,True,False,rolling,2024-12-01,9,2025-09-01,2730.0,2725.955810546875,461.2881499856249,2141.84521484375,3324.17431640625,0.8,442.4074074074074,
chronos_2,electricity,Bulgaria,Europe,True,False,rolling,2024-12-01,10,2025-10-01,2890.0,2614.828125,502.7294726154812,1981.2393798828125,3269.786865234375,0.8,442.4074074074074,
chronos_2,electricity,Bulgaria,Europe,True,False,rolling,2024-12-01,11,2025-11-01,2500.0,3037.2724609375,512.705544915612,2377.11328125,3691.23046875,0.8,442.4074074074074,
chronos_2,electricity,Bulgaria,Europe,True,False,rolling,2024-12-01,12,2025-12-01,3330.0,3526.00048828125,503.9703676671118,2872.34423828125,4164.072265625,0.8,442.4074074074074,
chronos_2,electricity,Croatia,Europe,True,False,holdout,last12,1,2025-05-01,860.0,1172.0966796875,150.029522039521,979.5052490234375,1364.04638671875,0.8,173.69230769230768,
chronos_2,electricity,Croatia,Europe,True,False,holdout,last12,2,2025-06-01,830.0,1114.049072265625,171.31731358952177,903.0493774414062,1342.1533203125,0.8,173.69230769230768,
chronos_2,electricity,Croatia,Europe,True,False,holdout,last12,3,2025-07-01,1050.0,1116.8345947265625,181.5296822166019,891.0142822265625,1356.2935791015625,0.8,173.69230769230768,
chronos_2,electricity,Croatia,Europe,True,False,holdout,last12,4,2025-08-01,1050.0,1105.8839111328125,183.4851575543452,875.4197998046875,1345.711181640625,0.8,173.69230769230768,
chronos_2,electricity,Croatia,Europe,True,False,holdout,last12,5,2025-09-01,830.0,1042.1343994140625,183.84013783710586,817.9369506835938,1289.13818359375,0.8,173.69230769230768,
chronos_2,electricity,Croatia,Europe,True,False,holdout,last12,6,2025-10-01,1080.0,1103.8427734375,190.91876424571575,867.96923828125,1357.313720703125,0.8,173.69230769230768,
chronos_2,electricity,Croatia,Europe,True,False,holdout,last12,7,2025-11-01,1130.0,1284.54296875,209.2469579931468,1016.1588134765625,1552.4803466796875,0.8,173.69230769230768,
chronos_2,electricity,Croatia,Europe,True,False,holdout,last12,8,2025-12-01,1250.0,1347.4111328125,216.37394859000966,1064.3541259765625,1618.94287109375,0.8,173.69230769230768,
chronos_2,electricity,Croatia,Europe,True,False,holdout,last12,9,2026-01-01,1550.0,1308.031494140625,221.4249701058698,1031.6087646484375,1599.143798828125,0.8,173.69230769230768,
chronos_2,electricity,Croatia,Europe,True,False,holdout,last12,10,2026-02-01,1490.0,1176.6751708984375,218.37971696841774,912.843505859375,1472.5732421875,0.8,173.69230769230768,
chronos_2,electricity,Croatia,Europe,True,False,holdout,last12,11,2026-03-01,1070.0,1147.9473876953125,213.670745280261,888.16357421875,1435.82373046875,0.8,173.69230769230768,
chronos_2,electricity,Croatia,Europe,True,False,holdout,last12,12,2026-04-01,820.0,1007.62255859375,200.9411766297167,768.5552978515625,1283.5882568359375,0.8,173.69230769230768,
chronos_2,electricity,Croatia,Europe,True,False,rolling,2022-12-01,1,2023-01-01,1440.0,1343.7945556640625,195.83257529741363,1099.2550048828125,1601.194091796875,0.8,164.86486486486487,
chronos_2,electricity,Croatia,Europe,True,False,rolling,2022-12-01,2,2023-02-01,1270.0,1216.58056640625,206.5902376452247,972.8133544921875,1502.325439453125,0.8,164.86486486486487,
chronos_2,electricity,Croatia,Europe,True,False,rolling,2022-12-01,3,2023-03-01,1540.0,1094.6173095703125,196.17662541650705,874.4044189453125,1377.225341796875,0.8,164.86486486486487,
chronos_2,electricity,Croatia,Europe,True,False,rolling,2022-12-01,4,2023-04-01,1230.0,985.536865234375,178.9482347387279,782.4601440429688,1241.1229248046875,0.8,164.86486486486487,
chronos_2,electricity,Croatia,Europe,True,False,rolling,2022-12-01,5,2023-05-01,1360.0,964.3443603515625,173.7748858791674,763.66455078125,1209.0675048828125,0.8,164.86486486486487,
chronos_2,electricity,Croatia,Europe,True,False,rolling,2022-12-01,6,2023-06-01,1180.0,961.7313842773438,171.66167327752083,765.6795654296875,1205.6661376953125,0.8,164.86486486486487,
chronos_2,electricity,Croatia,Europe,True,False,rolling,2022-12-01,7,2023-07-01,1190.0,963.9720458984375,172.78876603685163,763.1876831054688,1206.0631103515625,0.8,164.86486486486487,
chronos_2,electricity,Croatia,Europe,True,False,rolling,2022-12-01,8,2023-08-01,1230.0,951.74853515625,176.91310494027258,745.2958984375,1198.742431640625,0.8,164.86486486486487,
chronos_2,electricity,Croatia,Europe,True,False,rolling,2022-12-01,9,2023-09-01,1090.0,918.5380859375,176.70519370066816,708.9563598632812,1161.8699951171875,0.8,164.86486486486487,
chronos_2,electricity,Croatia,Europe,True,False,rolling,2022-12-01,10,2023-10-01,1080.0,992.031494140625,195.93925750488444,766.009521484375,1268.2220458984375,0.8,164.86486486486487,
chronos_2,electricity,Croatia,Europe,True,False,rolling,2022-12-01,11,2023-11-01,1420.0,1156.3162841796875,230.22958604119697,893.5943603515625,1483.696533203125,0.8,164.86486486486487,
chronos_2,electricity,Croatia,Europe,True,False,rolling,2022-12-01,12,2023-12-01,1380.0,1314.40966796875,255.03672360109104,1002.4853515625,1656.1707763671875,0.8,164.86486486486487,
chronos_2,electricity,Croatia,Europe,True,False,rolling,2023-12-01,1,2024-01-01,1400.0,1368.5657958984375,141.6499680245854,1184.872314453125,1547.935791015625,0.8,181.83673469387756,
chronos_2,electricity,Croatia,Europe,True,False,rolling,2023-12-01,2,2024-02-01,1140.0,1259.24951171875,168.86174159126622,1046.724609375,1479.53466796875,0.8,181.83673469387756,
chronos_2,electricity,Croatia,Europe,True,False,rolling,2023-12-01,3,2024-03-01,1300.0,1201.58056640625,180.16743615397326,981.5089111328125,1443.296630859375,0.8,181.83673469387756,
chronos_2,electricity,Croatia,Europe,True,False,rolling,2023-12-01,4,2024-04-01,1040.0,1091.017578125,182.2462151681192,878.8961181640625,1346.011962890625,0.8,181.83673469387756,
chronos_2,electricity,Croatia,Europe,True,False,rolling,2023-12-01,5,2024-05-01,930.0,1073.2852783203125,187.37960582586362,855.7644653320312,1336.0377197265625,0.8,181.83673469387756,
chronos_2,electricity,Croatia,Europe,True,False,rolling,2023-12-01,6,2024-06-01,830.0,1079.6419677734375,192.62937057912364,856.2199096679688,1349.9488525390625,0.8,181.83673469387756,
chronos_2,electricity,Croatia,Europe,True,False,rolling,2023-12-01,7,2024-07-01,1140.0,1099.56689453125,199.55037878879392,860.8250122070312,1372.293212890625,0.8,181.83673469387756,
chronos_2,electricity,Croatia,Europe,True,False,rolling,2023-12-01,8,2024-08-01,1090.0,1089.88525390625,201.907174493168,850.3648681640625,1367.873779296875,0.8,181.83673469387756,
chronos_2,electricity,Croatia,Europe,True,False,rolling,2023-12-01,9,2024-09-01,1020.0,1077.461181640625,200.93886676942103,844.0697631835938,1359.0968017578125,0.8,181.83673469387756,
chronos_2,electricity,Croatia,Europe,True,False,rolling,2023-12-01,10,2024-10-01,1160.0,1149.55517578125,215.02851450025474,891.5352783203125,1442.675537109375,0.8,181.83673469387756,
chronos_2,electricity,Croatia,Europe,True,False,rolling,2023-12-01,11,2024-11-01,1140.0,1261.469482421875,236.351573092502,975.6845703125,1581.47802734375,0.8,181.83673469387756,
chronos_2,electricity,Croatia,Europe,True,False,rolling,2023-12-01,12,2024-12-01,1340.0,1408.3331298828125,257.03587196751766,1073.6856689453125,1732.4951171875,0.8,181.83673469387756,
chronos_2,electricity,Croatia,Europe,True,False,rolling,2024-12-01,1,2025-01-01,1300.0,1408.200927734375,141.25995882950565,1217.803955078125,1579.8677978515625,0.8,179.50819672131146,
chronos_2,electricity,Croatia,Europe,True,False,rolling,2024-12-01,2,2025-02-01,1050.0,1378.771240234375,181.18829915269527,1137.8438720703125,1602.2481689453125,0.8,179.50819672131146,
chronos_2,electricity,Croatia,Europe,True,False,rolling,2024-12-01,3,2025-03-01,1320.0,1368.5218505859375,213.00102867246864,1091.865478515625,1637.80908203125,0.8,179.50819672131146,
chronos_2,electricity,Croatia,Europe,True,False,rolling,2024-12-01,4,2025-04-01,1170.0,1287.6409912109375,220.48773833764722,1005.92333984375,1571.05615234375,0.8,179.50819672131146,
chronos_2,electricity,Croatia,Europe,True,False,rolling,2024-12-01,5,2025-05-01,860.0,1261.487060546875,220.76537401999153,982.7177124023438,1548.5621337890625,0.8,179.50819672131146,
chronos_2,electricity,Croatia,Europe,True,False,rolling,2024-12-01,6,2025-06-01,830.0,1198.1402587890625,218.40600651240163,930.281982421875,1490.0791015625,0.8,179.50819672131146,
chronos_2,electricity,Croatia,Europe,True,False,rolling,2024-12-01,7,2025-07-01,1050.0,1175.1072998046875,218.03757188874343,905.2315673828125,1464.0843505859375,0.8,179.50819672131146,
chronos_2,electricity,Croatia,Europe,True,False,rolling,2024-12-01,8,2025-08-01,1050.0,1153.765869140625,212.86400871224828,889.8919677734375,1435.484375,0.8,179.50819672131146,
chronos_2,electricity,Croatia,Europe,True,False,rolling,2024-12-01,9,2025-09-01,830.0,1116.111328125,203.33350131925738,869.0182495117188,1390.1829833984375,0.8,179.50819672131146,
chronos_2,electricity,Croatia,Europe,True,False,rolling,2024-12-01,10,2025-10-01,1080.0,1169.07421875,213.76013925500328,903.8402099609375,1451.7294921875,0.8,179.50819672131146,
chronos_2,electricity,Croatia,Europe,True,False,rolling,2024-12-01,11,2025-11-01,1130.0,1342.2169189453125,230.4328061212318,1047.201171875,1637.82421875,0.8,179.50819672131146,
chronos_2,electricity,Croatia,Europe,True,False,rolling,2024-12-01,12,2025-12-01,1250.0,1386.95263671875,238.5009814431119,1076.2525634765625,1687.55517578125,0.8,179.50819672131146,
chronos_2,electricity,Cyprus,Europe,False,False,holdout,last12,1,2025-03-01,470.0,497.6088562011719,37.890269620131036,461.1017761230469,558.2184448242188,0.8,30.813953488372093,
chronos_2,electricity,Cyprus,Europe,False,False,holdout,last12,2,2025-04-01,460.0,449.29412841796875,31.398585856552625,417.7516784667969,498.2294921875,0.8,30.813953488372093,
chronos_2,electricity,Cyprus,Europe,False,False,holdout,last12,3,2025-05-01,500.0,491.88177490234375,37.46108805199558,454.9664001464844,550.9830322265625,0.8,30.813953488372093,
chronos_2,electricity,Cyprus,Europe,False,False,holdout,last12,4,2025-06-01,610.0,567.901611328125,47.42728986663606,518.4484252929688,640.0094604492188,0.8,30.813953488372093,
chronos_2,electricity,Cyprus,Europe,False,False,holdout,last12,5,2025-07-01,750.0,718.8881225585938,62.52013135557943,660.1145629882812,820.360107421875,0.8,30.813953488372093,
chronos_2,electricity,Cyprus,Europe,False,False,holdout,last12,6,2025-08-01,740.0,714.07861328125,60.34590986653547,654.5536499023438,809.2264404296875,0.8,30.813953488372093,
chronos_2,electricity,Cyprus,Europe,False,False,holdout,last12,7,2025-09-01,640.0,621.22119140625,50.27465703442678,571.4456787109375,700.3048095703125,0.8,30.813953488372093,
chronos_2,electricity,Cyprus,Europe,False,False,holdout,last12,8,2025-10-01,520.0,521.6087036132812,40.825721048063414,482.7205505371094,587.361083984375,0.8,30.813953488372093,
chronos_2,electricity,Cyprus,Europe,False,False,holdout,last12,9,2025-11-01,490.0,481.99237060546875,36.50482970257455,446.8216857910156,540.3873291015625,0.8,30.813953488372093,
chronos_2,electricity,Cyprus,Europe,False,False,holdout,last12,10,2025-12-01,540.0,527.715576171875,42.77899368397833,485.20526123046875,594.8522338867188,0.8,30.813953488372093,
chronos_2,electricity,Cyprus,Europe,False,False,holdout,last12,11,2026-01-01,610.0,568.548095703125,47.18763590771051,522.0885620117188,643.0353393554688,0.8,30.813953488372093,
chronos_2,electricity,Cyprus,Europe,False,False,holdout,last12,12,2026-02-01,500.0,522.9632568359375,47.65346567167132,476.661376953125,598.8021240234375,0.8,30.813953488372093,
chronos_2,electricity,Cyprus,Europe,False,False,rolling,2022-12-01,1,2023-01-01,500.0,506.0466003417969,22.913445031812195,480.1089782714844,538.8385009765625,0.8,27.833333333333332,
chronos_2,electricity,Cyprus,Europe,False,False,rolling,2022-12-01,2,2023-02-01,500.0,451.0201721191406,22.567394621328678,424.6527099609375,482.4952697753906,0.8,27.833333333333332,
chronos_2,electricity,Cyprus,Europe,False,False,rolling,2022-12-01,3,2023-03-01,440.0,438.634521484375,23.23842094372167,412.0119323730469,471.57440185546875,0.8,27.833333333333332,
chronos_2,electricity,Cyprus,Europe,False,False,rolling,2022-12-01,4,2023-04-01,420.0,390.55389404296875,23.12239213660077,363.60247802734375,422.8675537109375,0.8,27.833333333333332,
chronos_2,electricity,Cyprus,Europe,False,False,rolling,2022-12-01,5,2023-05-01,450.0,444.5787658691406,24.163198516741716,417.01318359375,478.9459533691406,0.8,27.833333333333332,
chronos_2,electricity,Cyprus,Europe,False,False,rolling,2022-12-01,6,2023-06-01,520.0,495.2757263183594,25.751346534989157,466.34320068359375,532.3465576171875,0.8,27.833333333333332,
chronos_2,electricity,Cyprus,Europe,False,False,rolling,2022-12-01,7,2023-07-01,720.0,631.9596557617188,29.300887419675522,596.4951171875,671.5963134765625,0.8,27.833333333333332,
chronos_2,electricity,Cyprus,Europe,False,False,rolling,2022-12-01,8,2023-08-01,710.0,630.2985229492188,29.500892745690596,596.5216064453125,672.1354370117188,0.8,27.833333333333332,
chronos_2,electricity,Cyprus,Europe,False,False,rolling,2022-12-01,9,2023-09-01,590.0,563.1707763671875,26.8999424267633,533.4383544921875,602.3856811523438,0.8,27.833333333333332,
chronos_2,electricity,Cyprus,Europe,False,False,rolling,2022-12-01,10,2023-10-01,500.0,477.8518981933594,21.930873325414534,452.6340026855469,508.8450927734375,0.8,27.833333333333332,
chronos_2,electricity,Cyprus,Europe,False,False,rolling,2022-12-01,11,2023-11-01,460.0,429.95245361328125,22.140725323927196,404.61962890625,461.36859130859375,0.8,27.833333333333332,
chronos_2,electricity,Cyprus,Europe,False,False,rolling,2022-12-01,12,2023-12-01,480.0,477.10418701171875,25.468364835774953,448.7074890136719,513.9855346679688,0.8,27.833333333333332,
chronos_2,electricity,Cyprus,Europe,False,False,rolling,2023-12-01,1,2024-01-01,510.0,531.5139770507812,23.919651133503336,504.95361328125,566.2621459960938,0.8,29.444444444444443,
chronos_2,electricity,Cyprus,Europe,False,False,rolling,2023-12-01,2,2024-02-01,490.0,475.81646728515625,24.59816664211275,447.489501953125,510.5371398925781,0.8,29.444444444444443,
chronos_2,electricity,Cyprus,Europe,False,False,rolling,2023-12-01,3,2024-03-01,460.0,461.40509033203125,24.184713555681427,431.70989990234375,493.69781494140625,0.8,29.444444444444443,
chronos_2,electricity,Cyprus,Europe,False,False,rolling,2023-12-01,4,2024-04-01,440.0,412.8044738769531,21.795139266802092,385.87432861328125,441.7375183105469,0.8,29.444444444444443,
chronos_2,electricity,Cyprus,Europe,False,False,rolling,2023-12-01,5,2024-05-01,470.0,463.2019958496094,22.125818390472563,436.9582824707031,493.6690368652344,0.8,29.444444444444443,
chronos_2,electricity,Cyprus,Europe,False,False,rolling,2023-12-01,6,2024-06-01,680.0,522.667724609375,24.270345077570962,495.05889892578125,557.2662963867188,0.8,29.444444444444443,
chronos_2,electricity,Cyprus,Europe,False,False,rolling,2023-12-01,7,2024-07-01,760.0,650.0032958984375,32.560481304771514,610.8397827148438,694.295654296875,0.8,29.444444444444443,
chronos_2,electricity,Cyprus,Europe,False,False,rolling,2023-12-01,8,2024-08-01,730.0,648.5115356445312,34.14080675490418,609.7311401367188,697.237548828125,0.8,29.444444444444443,
chronos_2,electricity,Cyprus,Europe,False,False,rolling,2023-12-01,9,2024-09-01,600.0,580.2993774414062,28.49543675327073,548.3140869140625,621.350830078125,0.8,29.444444444444443,
chronos_2,electricity,Cyprus,Europe,False,False,rolling,2023-12-01,10,2024-10-01,530.0,489.34893798828125,22.190720702182777,462.6759948730469,519.5531005859375,0.8,29.444444444444443,
chronos_2,electricity,Cyprus,Europe,False,False,rolling,2023-12-01,11,2024-11-01,480.0,445.9166564941406,21.65885750935665,419.10284423828125,474.6167297363281,0.8,29.444444444444443,
chronos_2,electricity,Cyprus,Europe,False,False,rolling,2023-12-01,12,2024-12-01,550.0,482.1756896972656,24.348832701638788,453.3775634765625,515.7861328125,0.8,29.444444444444443,
chronos_2,electricity,Cyprus,Europe,False,False,rolling,2024-12-01,1,2025-01-01,550.0,567.2218017578125,34.121518230785576,529.39208984375,616.8490600585938,0.8,30.357142857142858,
chronos_2,electricity,Cyprus,Europe,False,False,rolling,2024-12-01,2,2025-02-01,550.0,513.2130737304688,34.87434218323712,476.50372314453125,565.8902587890625,0.8,30.357142857142858,
chronos_2,electricity,Cyprus,Europe,False,False,rolling,2024-12-01,3,2025-03-01,470.0,484.9613037109375,31.5000172991245,450.171875,530.90966796875,0.8,30.357142857142858,
chronos_2,electricity,Cyprus,Europe,False,False,rolling,2024-12-01,4,2025-04-01,460.0,440.51324462890625,27.20999949872178,410.6796569824219,480.42169189453125,0.8,30.357142857142858,
chronos_2,electricity,Cyprus,Europe,False,False,rolling,2024-12-01,5,2025-05-01,500.0,483.6318664550781,31.78545173659083,448.5452575683594,530.0146484375,0.8,30.357142857142858,
chronos_2,electricity,Cyprus,Europe,False,False,rolling,2024-12-01,6,2025-06-01,610.0,568.890869140625,40.43593807641468,523.685546875,627.3270263671875,0.8,30.357142857142858,
chronos_2,electricity,Cyprus,Europe,False,False,rolling,2024-12-01,7,2025-07-01,750.0,723.0048828125,54.152221894093216,663.99072265625,802.7884521484375,0.8,30.357142857142858,
chronos_2,electricity,Cyprus,Europe,False,False,rolling,2024-12-01,8,2025-08-01,740.0,719.2804565429688,55.12912610821899,661.4666748046875,802.768310546875,0.8,30.357142857142858,
chronos_2,electricity,Cyprus,Europe,False,False,rolling,2024-12-01,9,2025-09-01,640.0,626.3257446289062,44.74766141969903,575.4822387695312,690.1751098632812,0.8,30.357142857142858,
chronos_2,electricity,Cyprus,Europe,False,False,rolling,2024-12-01,10,2025-10-01,520.0,526.5240478515625,35.34676814618664,488.11383056640625,578.7112426757812,0.8,30.357142857142858,
chronos_2,electricity,Cyprus,Europe,False,False,rolling,2024-12-01,11,2025-11-01,490.0,475.1788024902344,30.777554912415216,442.53070068359375,521.416748046875,0.8,30.357142857142858,
chronos_2,electricity,Cyprus,Europe,False,False,rolling,2024-12-01,12,2025-12-01,540.0,520.6624145507812,38.4077854848319,479.88934326171875,578.3324584960938,0.8,30.357142857142858,
chronos_2,electricity,Czechia,Europe,False,False,holdout,last12,1,2025-05-01,5350.0,5343.94140625,377.49461012765903,4869.02001953125,5836.57763671875,0.8,448.0357142857143,
chronos_2,electricity,Czechia,Europe,False,False,holdout,last12,2,2025-06-01,4420.0,5175.923828125,396.959921904364,4677.4921875,5694.94140625,0.8,448.0357142857143,
chronos_2,electricity,Czechia,Europe,False,False,holdout,last12,3,2025-07-01,5190.0,5157.86181640625,413.875719426458,4632.08154296875,5692.8876953125,0.8,448.0357142857143,
chronos_2,electricity,Czechia,Europe,False,False,holdout,last12,4,2025-08-01,5580.0,5441.9462890625,424.99429149222175,4904.14892578125,5993.453125,0.8,448.0357142857143,
chronos_2,electricity,Czechia,Europe,False,False,holdout,last12,5,2025-09-01,5060.0,5718.43896484375,448.0344097389092,5132.900390625,6281.2587890625,0.8,448.0357142857143,
chronos_2,electricity,Czechia,Europe,False,False,holdout,last12,6,2025-10-01,5830.0,6343.36572265625,457.9236598675135,5749.44970703125,6923.1552734375,0.8,448.0357142857143,
chronos_2,electricity,Czechia,Europe,False,False,holdout,last12,7,2025-11-01,6460.0,6615.6435546875,481.6038713590259,6003.46484375,7237.865234375,0.8,448.0357142857143,
chronos_2,electricity,Czechia,Europe,False,False,holdout,last12,8,2025-12-01,6330.0,6811.61474609375,492.3402925173138,6192.45947265625,7454.37841796875,0.8,448.0357142857143,
chronos_2,electricity,Czechia,Europe,False,False,holdout,last12,9,2026-01-01,7350.0,7040.2529296875,512.8364211237057,6403.17041015625,7717.623046875,0.8,448.0357142857143,
chronos_2,electricity,Czechia,Europe,False,False,holdout,last12,10,2026-02-01,6140.0,6481.42529296875,500.66112369215494,5842.00048828125,7125.24658203125,0.8,448.0357142857143,
chronos_2,electricity,Czechia,Europe,False,False,holdout,last12,11,2026-03-01,6390.0,6661.81298828125,522.2646517128825,5997.9345703125,7336.552734375,0.8,448.0357142857143,
chronos_2,electricity,Czechia,Europe,False,False,holdout,last12,12,2026-04-01,5730.0,5787.90771484375,537.2098764598367,5112.4501953125,6489.37451171875,0.8,448.0357142857143,
chronos_2,electricity,Czechia,Europe,False,False,rolling,2022-12-01,1,2023-01-01,7190.0,7650.31298828125,389.6921965204135,7129.81982421875,8128.64111328125,0.8,427.9761904761905,
chronos_2,electricity,Czechia,Europe,False,False,rolling,2022-12-01,2,2023-02-01,6460.0,7026.21435546875,429.3606418408494,6467.3837890625,7567.87939453125,0.8,427.9761904761905,
chronos_2,electricity,Czechia,Europe,False,False,rolling,2022-12-01,3,2023-03-01,6350.0,7129.39306640625,431.4681869502241,6559.76171875,7665.6591796875,0.8,427.9761904761905,
chronos_2,electricity,Czechia,Europe,False,False,rolling,2022-12-01,4,2023-04-01,5740.0,6398.650390625,423.2138416511103,5867.04541015625,6951.7861328125,0.8,427.9761904761905,
chronos_2,electricity,Czechia,Europe,False,False,rolling,2022-12-01,5,2023-05-01,4770.0,6124.13916015625,411.419361599442,5591.38720703125,6645.8974609375,0.8,427.9761904761905,
chronos_2,electricity,Czechia,Europe,False,False,rolling,2022-12-01,6,2023-06-01,4900.0,5906.16455078125,421.40862629755026,5345.38720703125,6425.5009765625,0.8,427.9761904761905,
chronos_2,electricity,Czechia,Europe,False,False,rolling,2022-12-01,7,2023-07-01,5220.0,5871.4345703125,411.3201090457058,5317.54150390625,6371.79736328125,0.8,427.9761904761905,
chronos_2,electricity,Czechia,Europe,False,False,rolling,2022-12-01,8,2023-08-01,5540.0,6049.16650390625,429.93405870600515,5484.89208984375,6586.857421875,0.8,427.9761904761905,
chronos_2,electricity,Czechia,Europe,False,False,rolling,2022-12-01,9,2023-09-01,5420.0,6324.154296875,442.6730573016741,5754.88232421875,6889.4990234375,0.8,427.9761904761905,
chronos_2,electricity,Czechia,Europe,False,False,rolling,2022-12-01,10,2023-10-01,6240.0,6783.76220703125,477.06435292720005,6144.47607421875,7367.2412109375,0.8,427.9761904761905,
chronos_2,electricity,Czechia,Europe,False,False,rolling,2022-12-01,11,2023-11-01,6240.0,7145.4267578125,450.38237082297707,6548.74853515625,7703.125,0.8,427.9761904761905,
chronos_2,electricity,Czechia,Europe,False,False,rolling,2022-12-01,12,2023-12-01,6490.0,7306.8720703125,435.56821278805853,6710.69677734375,7827.10302734375,0.8,427.9761904761905,
chronos_2,electricity,Czechia,Europe,False,False,rolling,2023-12-01,1,2024-01-01,6800.0,6679.7470703125,425.8767057511591,6146.00244140625,7237.568359375,0.8,459.375,
chronos_2,electricity,Czechia,Europe,False,False,rolling,2023-12-01,2,2024-02-01,5710.0,6166.36865234375,481.44137149657485,5559.654296875,6793.63818359375,0.8,459.375,
chronos_2,electricity,Czechia,Europe,False,False,rolling,2023-12-01,3,2024-03-01,5990.0,6218.091796875,490.94218408762015,5579.55908203125,6837.89453125,0.8,459.375,
chronos_2,electricity,Czechia,Europe,False,False,rolling,2023-12-01,4,2024-04-01,4990.0,5537.662109375,531.2109073290214,4850.1826171875,6211.73095703125,0.8,459.375,
chronos_2,electricity,Czechia,Europe,False,False,rolling,2023-12-01,5,2024-05-01,4810.0,5276.0830078125,545.0691165834245,4577.27001953125,5974.33837890625,0.8,459.375,
chronos_2,electricity,Czechia,Europe,False,False,rolling,2023-12-01,6,2024-06-01,4870.0,5210.7138671875,546.4977056438241,4522.94482421875,5923.6748046875,0.8,459.375,
chronos_2,electricity,Czechia,Europe,False,False,rolling,2023-12-01,7,2024-07-01,5150.0,5200.92578125,543.7725467547701,4498.53125,5892.2763671875,0.8,459.375,
chronos_2,electricity,Czechia,Europe,False,False,rolling,2023-12-01,8,2024-08-01,5260.0,5500.6552734375,559.0574400301537,4758.498046875,6191.419921875,0.8,459.375,
chronos_2,electricity,Czechia,Europe,False,False,rolling,2023-12-01,9,2024-09-01,5600.0,5750.83837890625,583.4183221061185,4967.27001953125,6462.63134765625,0.8,459.375,
chronos_2,electricity,Czechia,Europe,False,False,rolling,2023-12-01,10,2024-10-01,5760.0,6293.1748046875,572.6344654662944,5527.23046875,6994.95166015625,0.8,459.375,
chronos_2,electricity,Czechia,Europe,False,False,rolling,2023-12-01,11,2024-11-01,6290.0,6628.34326171875,580.9638693185216,5869.7216796875,7358.7919921875,0.8,459.375,
chronos_2,electricity,Czechia,Europe,False,False,rolling,2023-12-01,12,2024-12-01,6540.0,6829.0302734375,594.9950561521811,6034.30712890625,7559.3408203125,0.8,459.375,
chronos_2,electricity,Czechia,Europe,False,False,rolling,2024-12-01,1,2025-01-01,6980.0,6742.0703125,295.34721483175656,6373.9951171875,7131.00048828125,0.8,440.0925925925926,
chronos_2,electricity,Czechia,Europe,False,False,rolling,2024-12-01,2,2025-02-01,6640.0,5953.65185546875,345.179997972918,5521.95654296875,6406.6884765625,0.8,440.0925925925926,
chronos_2,electricity,Czechia,Europe,False,False,rolling,2024-12-01,3,2025-03-01,6760.0,6036.66357421875,357.79783606153075,5593.33642578125,6510.4091796875,0.8,440.0925925925926,
chronos_2,electricity,Czechia,Europe,False,False,rolling,2024-12-01,4,2025-04-01,5760.0,5244.888671875,376.77336220357944,4788.98095703125,5754.68994140625,0.8,440.0925925925926,
chronos_2,electricity,Czechia,Europe,False,False,rolling,2024-12-01,5,2025-05-01,5350.0,5004.783203125,373.5917558697038,4529.90673828125,5487.4609375,0.8,440.0925925925926,
chronos_2,electricity,Czechia,Europe,False,False,rolling,2024-12-01,6,2025-06-01,4420.0,4953.77880859375,379.8560969916027,4460.8125,5434.4228515625,0.8,440.0925925925926,
chronos_2,electricity,Czechia,Europe,False,False,rolling,2024-12-01,7,2025-07-01,5190.0,4980.20458984375,392.74997529204626,4508.61181640625,5515.2705078125,0.8,440.0925925925926,
chronos_2,electricity,Czechia,Europe,False,False,rolling,2024-12-01,8,2025-08-01,5580.0,5356.814453125,410.7080198803419,4837.716796875,5890.40380859375,0.8,440.0925925925926,
chronos_2,electricity,Czechia,Europe,False,False,rolling,2024-12-01,9,2025-09-01,5060.0,5695.45947265625,428.6925445165633,5142.794921875,6241.578125,0.8,440.0925925925926,
chronos_2,electricity,Czechia,Europe,False,False,rolling,2024-12-01,10,2025-10-01,5830.0,6275.29150390625,437.91236379328814,5695.556640625,6817.97119140625,0.8,440.0925925925926,
chronos_2,electricity,Czechia,Europe,False,False,rolling,2024-12-01,11,2025-11-01,6460.0,6593.87451171875,429.4602754024695,6056.06640625,7156.8173828125,0.8,440.0925925925926,
chronos_2,electricity,Czechia,Europe,False,False,rolling,2024-12-01,12,2025-12-01,6330.0,6683.22216796875,436.03761450093015,6137.90771484375,7255.51708984375,0.8,440.0925925925926,
chronos_2,electricity,Denmark,Europe,True,False,holdout,last12,1,2025-05-01,2480.0,2232.433349609375,255.18250674263936,1909.91845703125,2563.9775390625,0.8,280.625,
chronos_2,electricity,Denmark,Europe,True,False,holdout,last12,2,2025-06-01,2460.0,1877.439453125,248.8704443832914,1573.598388671875,2211.47900390625,0.8,280.625,
chronos_2,electricity,Denmark,Europe,True,False,holdout,last12,3,2025-07-01,2100.0,1829.911865234375,257.81898604673324,1500.51416015625,2161.330810546875,0.8,280.625,
chronos_2,electricity,Denmark,Europe,True,False,holdout,last12,4,2025-08-01,2210.0,1848.180908203125,263.2655889979741,1521.851806640625,2196.628662109375,0.8,280.625,
chronos_2,electricity,Denmark,Europe,True,False,holdout,last12,5,2025-09-01,2570.0,2057.258544921875,269.8832196801492,1711.202880859375,2402.94140625,0.8,280.625,
chronos_2,electricity,Denmark,Europe,True,False,holdout,last12,6,2025-10-01,3000.0,2451.03759765625,285.71657380429804,2072.026611328125,2804.34765625,0.8,280.625,
chronos_2,electricity,Denmark,Europe,True,False,holdout,last12,7,2025-11-01,3110.0,2809.26513671875,284.84035092347284,2421.8427734375,3151.91796875,0.8,280.625,
chronos_2,electricity,Denmark,Europe,True,False,holdout,last12,8,2025-12-01,3270.0,3201.63671875,287.6822887289191,2837.19921875,3574.55859375,0.8,280.625,
chronos_2,electricity,Denmark,Europe,True,False,holdout,last12,9,2026-01-01,3870.0,3434.4072265625,285.1529678921508,3040.81201171875,3771.6884765625,0.8,280.625,
chronos_2,electricity,Denmark,Europe,True,False,holdout,last12,10,2026-02-01,3430.0,3339.29296875,307.52451255469737,2934.072021484375,3722.2890625,0.8,280.625,
chronos_2,electricity,Denmark,Europe,True,False,holdout,last12,11,2026-03-01,3220.0,3149.614990234375,310.22004808078407,2731.40087890625,3526.52685546875,0.8,280.625,
chronos_2,electricity,Denmark,Europe,True,False,holdout,last12,12,2026-04-01,2940.0,2749.947021484375,319.4229125066787,2308.013916015625,3126.727783203125,0.8,280.625,
chronos_2,electricity,Denmark,Europe,True,False,rolling,2022-12-01,1,2023-01-01,3610.0,3636.85986328125,244.71212433923188,3321.03857421875,3948.260986328125,0.8,285.1190476190476,
chronos_2,electricity,Denmark,Europe,True,False,rolling,2022-12-01,2,2023-02-01,3140.0,3569.309814453125,268.89612350513113,3223.94482421875,3913.1533203125,0.8,285.1190476190476,
chronos_2,electricity,Denmark,Europe,True,False,rolling,2022-12-01,3,2023-03-01,3160.0,3296.964111328125,269.92084420867684,2955.4765625,3647.3115234375,0.8,285.1190476190476,
chronos_2,electricity,Denmark,Europe,True,False,rolling,2022-12-01,4,2023-04-01,2780.0,2889.53662109375,277.1884743406564,2528.776123046875,3239.23876953125,0.8,285.1190476190476,
chronos_2,electricity,Denmark,Europe,True,False,rolling,2022-12-01,5,2023-05-01,2620.0,2423.11328125,270.1123006702986,2083.308837890625,2775.634521484375,0.8,285.1190476190476,
chronos_2,electricity,Denmark,Europe,True,False,rolling,2022-12-01,6,2023-06-01,1880.0,2122.24365234375,252.4267719709084,1794.518798828125,2441.5146484375,0.8,285.1190476190476,
chronos_2,electricity,Denmark,Europe,True,False,rolling,2022-12-01,7,2023-07-01,2450.0,2037.05712890625,250.34218258653414,1706.577880859375,2348.230712890625,0.8,285.1190476190476,
chronos_2,electricity,Denmark,Europe,True,False,rolling,2022-12-01,8,2023-08-01,1950.0,2082.536376953125,264.0759451408831,1749.0833740234375,2425.937255859375,0.8,285.1190476190476,
chronos_2,electricity,Denmark,Europe,True,False,rolling,2022-12-01,9,2023-09-01,1980.0,2335.7626953125,268.15187223006563,1994.0889892578125,2681.389892578125,0.8,285.1190476190476,
chronos_2,electricity,Denmark,Europe,True,False,rolling,2022-12-01,10,2023-10-01,2800.0,2756.993896484375,286.89912702371805,2387.411376953125,3122.763427734375,0.8,285.1190476190476,
chronos_2,electricity,Denmark,Europe,True,False,rolling,2022-12-01,11,2023-11-01,2820.0,3131.49560546875,304.3495738587886,2741.567626953125,3521.64697265625,0.8,285.1190476190476,
chronos_2,electricity,Denmark,Europe,True,False,rolling,2022-12-01,12,2023-12-01,3540.0,3483.660400390625,305.09292024013,3096.40087890625,3878.385498046875,0.8,285.1190476190476,
chronos_2,electricity,Denmark,Europe,True,False,rolling,2023-12-01,1,2024-01-01,4000.0,3594.431640625,224.50356143315645,3308.8427734375,3884.2685546875,0.8,276.1458333333333,
chronos_2,electricity,Denmark,Europe,True,False,rolling,2023-12-01,2,2024-02-01,3510.0,3515.877685546875,239.0352021222192,3205.668212890625,3818.340087890625,0.8,276.1458333333333,
chronos_2,electricity,Denmark,Europe,True,False,rolling,2023-12-01,3,2024-03-01,3390.0,3245.5234375,237.34895648038335,2944.114501953125,3552.46435546875,0.8,276.1458333333333,
chronos_2,electricity,Denmark,Europe,True,False,rolling,2023-12-01,4,2024-04-01,2910.0,2825.58642578125,238.9768126640231,2514.650146484375,3127.17236328125,0.8,276.1458333333333,
chronos_2,electricity,Denmark,Europe,True,False,rolling,2023-12-01,5,2024-05-01,2500.0,2391.606201171875,233.2125443896437,2093.15283203125,2690.900634765625,0.8,276.1458333333333,
chronos_2,electricity,Denmark,Europe,True,False,rolling,2023-12-01,6,2024-06-01,2330.0,2054.229736328125,216.61717449784607,1790.10498046875,2345.317138671875,0.8,276.1458333333333,
chronos_2,electricity,Denmark,Europe,True,False,rolling,2023-12-01,7,2024-07-01,2250.0,1958.8538818359375,210.52447742761,1698.455322265625,2238.05126953125,0.8,276.1458333333333,
chronos_2,electricity,Denmark,Europe,True,False,rolling,2023-12-01,8,2024-08-01,2250.0,1990.630126953125,206.52703796249534,1725.212890625,2254.56298828125,0.8,276.1458333333333,
chronos_2,electricity,Denmark,Europe,True,False,rolling,2023-12-01,9,2024-09-01,2160.0,2253.1904296875,224.40259434394298,1964.492919921875,2539.659912109375,0.8,276.1458333333333,
chronos_2,electricity,Denmark,Europe,True,False,rolling,2023-12-01,10,2024-10-01,2850.0,2673.3642578125,251.00170723343416,2338.6591796875,2982.00244140625,0.8,276.1458333333333,
chronos_2,electricity,Denmark,Europe,True,False,rolling,2023-12-01,11,2024-11-01,2890.0,3053.72021484375,251.96965776229007,2724.56298828125,3370.38720703125,0.8,276.1458333333333,
chronos_2,electricity,Denmark,Europe,True,False,rolling,2023-12-01,12,2024-12-01,3420.0,3399.520263671875,250.51096907906833,3083.53759765625,3725.623046875,0.8,276.1458333333333,
chronos_2,electricity,Denmark,Europe,True,False,rolling,2024-12-01,1,2025-01-01,3380.0,3639.33740234375,199.6304142573898,3376.740234375,3888.41357421875,0.8,269.6296296296296,
chronos_2,electricity,Denmark,Europe,True,False,rolling,2024-12-01,2,2025-02-01,2840.0,3559.153076171875,211.7718972392511,3283.844970703125,3826.63818359375,0.8,269.6296296296296,
chronos_2,electricity,Denmark,Europe,True,False,rolling,2024-12-01,3,2025-03-01,3140.0,3339.04150390625,209.60634367956416,3063.75,3600.99267578125,0.8,269.6296296296296,
chronos_2,electricity,Denmark,Europe,True,False,rolling,2024-12-01,4,2025-04-01,2140.0,2899.410888671875,211.5864416517996,2615.973388671875,3158.291259765625,0.8,269.6296296296296,
chronos_2,electricity,Denmark,Europe,True,False,rolling,2024-12-01,5,2025-05-01,2480.0,2480.302490234375,203.26951580776762,2208.8896484375,2729.890380859375,0.8,269.6296296296296,
chronos_2,electricity,Denmark,Europe,True,False,rolling,2024-12-01,6,2025-06-01,2460.0,2156.44677734375,198.63974613346087,1891.2215576171875,2400.355712890625,0.8,269.6296296296296,
chronos_2,electricity,Denmark,Europe,True,False,rolling,2024-12-01,7,2025-07-01,2100.0,2060.7451171875,196.0304612670749,1794.909423828125,2297.355712890625,0.8,269.6296296296296,
chronos_2,electricity,Denmark,Europe,True,False,rolling,2024-12-01,8,2025-08-01,2210.0,2065.26123046875,191.3276809570303,1803.5205078125,2293.9130859375,0.8,269.6296296296296,
chronos_2,electricity,Denmark,Europe,True,False,rolling,2024-12-01,9,2025-09-01,2570.0,2274.986083984375,199.62922360775283,2008.4991455078125,2520.16943359375,0.8,269.6296296296296,
chronos_2,electricity,Denmark,Europe,True,False,rolling,2024-12-01,10,2025-10-01,3000.0,2674.25537109375,220.6722414053892,2370.098388671875,2935.7041015625,0.8,269.6296296296296,
chronos_2,electricity,Denmark,Europe,True,False,rolling,2024-12-01,11,2025-11-01,3110.0,3033.74853515625,220.65071445995312,2740.56884765625,3306.119384765625,0.8,269.6296296296296,
chronos_2,electricity,Denmark,Europe,True,False,rolling,2024-12-01,12,2025-12-01,3270.0,3413.190673828125,224.25142946603563,3122.773681640625,3697.55322265625,0.8,269.6296296296296,
chronos_2,electricity,EU Total,Europe,False,True,holdout,last12,1,2025-05-01,201880.0,197166.125,2482.086527394826,193602.46875,199964.3125,0.8,7179.9,
chronos_2,electricity,EU Total,Europe,False,True,holdout,last12,2,2025-06-01,204640.0,193131.421875,3297.589705806439,188707.84375,197159.90625,0.8,7179.9,
chronos_2,electricity,EU Total,Europe,False,True,holdout,last12,3,2025-07-01,214880.0,203085.71875,3372.0599827472215,198595.34375,207238.28125,0.8,7179.9,
chronos_2,electricity,EU Total,Europe,False,True,holdout,last12,4,2025-08-01,203770.0,196989.28125,3605.340441792157,192471.171875,201712.03125,0.8,7179.9,
chronos_2,electricity,EU Total,Europe,False,True,holdout,last12,5,2025-09-01,201800.0,195752.984375,4143.640572311558,190258.953125,200879.53125,0.8,7179.9,
chronos_2,electricity,EU Total,Europe,False,True,holdout,last12,6,2025-10-01,217160.0,210312.78125,4297.488507736781,204270.34375,215285.25,0.8,7179.9,
chronos_2,electricity,EU Total,Europe,False,True,holdout,last12,7,2025-11-01,226170.0,220352.171875,4714.402574532796,214111.171875,226194.671875,0.8,7179.9,
chronos_2,electricity,EU Total,Europe,False,True,holdout,last12,8,2025-12-01,240190.0,234345.734375,5271.844541135535,227619.546875,241131.828125,0.8,7179.9,
chronos_2,electricity,EU Total,Europe,False,True,holdout,last12,9,2026-01-01,263980.0,245402.03125,5811.181013098937,238041.3125,252935.96875,0.8,7179.9,
chronos_2,electricity,EU Total,Europe,False,True,holdout,last12,10,2026-02-01,231170.0,219897.25,5817.0515825729035,212184.4375,227094.140625,0.8,7179.9,
chronos_2,electricity,EU Total,Europe,False,True,holdout,last12,11,2026-03-01,231950.0,226127.359375,5646.3051854843,218671.28125,233143.34375,0.8,7179.9,
chronos_2,electricity,EU Total,Europe,False,True,holdout,last12,12,2026-04-01,206050.0,200511.078125,5866.44849269497,192499.234375,207535.546875,0.8,7179.9,
chronos_2,electricity,EU Total,Europe,False,True,rolling,2022-12-01,1,2023-01-01,240640.0,242441.03125,5775.323599136455,234149.578125,248952.328125,0.8,7289.027777777777,
chronos_2,electricity,EU Total,Europe,False,True,rolling,2022-12-01,2,2023-02-01,219690.0,223125.4375,6789.377605966642,213415.8125,230817.6875,0.8,7289.027777777777,
chronos_2,electricity,EU Total,Europe,False,True,rolling,2022-12-01,3,2023-03-01,228120.0,230103.71875,6898.400725875692,220363.25,238044.5625,0.8,7289.027777777777,
chronos_2,electricity,EU Total,Europe,False,True,rolling,2022-12-01,4,2023-04-01,200920.0,198774.546875,8520.366527631531,186568.578125,208407.15625,0.8,7289.027777777777,
chronos_2,electricity,EU Total,Europe,False,True,rolling,2022-12-01,5,2023-05-01,196480.0,196963.1875,8508.058448952468,184274.46875,206081.5,0.8,7289.027777777777,
chronos_2,electricity,EU Total,Europe,False,True,rolling,2022-12-01,6,2023-06-01,190520.0,194432.25,9030.142883936302,180638.078125,203783.265625,0.8,7289.027777777777,
chronos_2,electricity,EU Total,Europe,False,True,rolling,2022-12-01,7,2023-07-01,202950.0,202940.8125,9049.08354785698,189183.53125,212377.265625,0.8,7289.027777777777,
chronos_2,electricity,EU Total,Europe,False,True,rolling,2022-12-01,8,2023-08-01,197800.0,199197.046875,9530.256880307285,184254.09375,208681.125,0.8,7289.027777777777,
chronos_2,electricity,EU Total,Europe,False,True,rolling,2022-12-01,9,2023-09-01,192520.0,197271.171875,10045.440500499291,181837.8125,207585.3125,0.8,7289.027777777777,
chronos_2,electricity,EU Total,Europe,False,True,rolling,2022-12-01,10,2023-10-01,206240.0,210937.140625,10085.546914382183,195407.53125,221257.828125,0.8,7289.027777777777,
chronos_2,electricity,EU Total,Europe,False,True,rolling,2022-12-01,11,2023-11-01,220610.0,221593.953125,10595.268405551682,205677.671875,232834.4375,0.8,7289.027777777777,
chronos_2,electricity,EU Total,Europe,False,True,rolling,2022-12-01,12,2023-12-01,235100.0,235023.703125,11489.009266859333,218105.5625,247553.078125,0.8,7289.027777777777,
chronos_2,electricity,EU Total,Europe,False,True,rolling,2023-12-01,1,2024-01-01,251380.0,250804.609375,4003.9966107953073,245198.65625,255461.3125,0.8,7519.285714285715,
chronos_2,electricity,EU Total,Europe,False,True,rolling,2023-12-01,2,2024-02-01,221780.0,224812.515625,4128.759928400911,219301.8125,229884.25,0.8,7519.285714285715,
chronos_2,electricity,EU Total,Europe,False,True,rolling,2023-12-01,3,2024-03-01,222750.0,231535.484375,4286.930017260239,225569.3125,236557.15625,0.8,7519.285714285715,
chronos_2,electricity,EU Total,Europe,False,True,rolling,2023-12-01,4,2024-04-01,205090.0,204249.828125,4502.842612928923,198241.0625,209782.3125,0.8,7519.285714285715,
chronos_2,electricity,EU Total,Europe,False,True,rolling,2023-12-01,5,2024-05-01,200570.0,202548.046875,4385.9493941715955,196371.078125,207612.71875,0.8,7519.285714285715,
chronos_2,electricity,EU Total,Europe,False,True,rolling,2023-12-01,6,2024-06-01,198790.0,198887.265625,4691.310448709967,192434.671875,204458.984375,0.8,7519.285714285715,
chronos_2,electricity,EU Total,Europe,False,True,rolling,2023-12-01,7,2024-07-01,214010.0,208045.28125,4861.819096879064,201185.5625,213646.90625,0.8,7519.285714285715,
chronos_2,electricity,EU Total,Europe,False,True,rolling,2023-12-01,8,2024-08-01,206500.0,201920.125,4915.7698132286,195056.609375,207656.234375,0.8,7519.285714285715,
chronos_2,electricity,EU Total,Europe,False,True,rolling,2023-12-01,9,2024-09-01,200020.0,200066.21875,5140.863174865916,192380.40625,205556.96875,0.8,7519.285714285715,
chronos_2,electricity,EU Total,Europe,False,True,rolling,2023-12-01,10,2024-10-01,210610.0,213583.625,5238.163444205457,206148.5,219574.453125,0.8,7519.285714285715,
chronos_2,electricity,EU Total,Europe,False,True,rolling,2023-12-01,11,2024-11-01,223360.0,223088.484375,5403.350174253295,215581.078125,229430.421875,0.8,7519.285714285715,
chronos_2,electricity,EU Total,Europe,False,True,rolling,2023-12-01,12,2024-12-01,238380.0,236531.125,6133.903834887419,228035.0625,243756.890625,0.8,7519.285714285715,
chronos_2,electricity,EU Total,Europe,False,True,rolling,2024-12-01,1,2025-01-01,251510.0,252514.984375,4332.016966200484,246755.125,257858.53125,0.8,7333.4375,
chronos_2,electricity,EU Total,Europe,False,True,rolling,2024-12-01,2,2025-02-01,225620.0,226662.6875,3966.2311093506323,221489.96875,231655.828125,0.8,7333.4375,
chronos_2,electricity,EU Total,Europe,False,True,rolling,2024-12-01,3,2025-03-01,229190.0,231409.15625,4474.257877452881,225509.65625,236977.640625,0.8,7333.4375,
chronos_2,electricity,EU Total,Europe,False,True,rolling,2024-12-01,4,2025-04-01,201520.0,200329.15625,4807.10636476188,194309.4375,206630.546875,0.8,7333.4375,
chronos_2,electricity,EU Total,Europe,False,True,rolling,2024-12-01,5,2025-05-01,201880.0,196912.421875,4748.803014347534,190674.359375,202846.03125,0.8,7333.4375,
chronos_2,electricity,EU Total,Europe,False,True,rolling,2024-12-01,6,2025-06-01,204640.0,192958.40625,4947.134382225025,186540.734375,199220.75,0.8,7333.4375,
chronos_2,electricity,EU Total,Europe,False,True,rolling,2024-12-01,7,2025-07-01,214880.0,202329.40625,5325.941564512459,194997.40625,208648.34375,0.8,7333.4375,
chronos_2,electricity,EU Total,Europe,False,True,rolling,2024-12-01,8,2025-08-01,203770.0,195613.359375,5258.957330473058,188122.25,201601.5,0.8,7333.4375,
chronos_2,electricity,EU Total,Europe,False,True,rolling,2024-12-01,9,2025-09-01,201800.0,193362.21875,5564.702440958325,185859.25,200122.15625,0.8,7333.4375,
chronos_2,electricity,EU Total,Europe,False,True,rolling,2024-12-01,10,2025-10-01,217160.0,207859.328125,5612.063244949233,200224.703125,214609.0,0.8,7333.4375,
chronos_2,electricity,EU Total,Europe,False,True,rolling,2024-12-01,11,2025-11-01,226170.0,217621.296875,5906.43908018118,209511.09375,224649.90625,0.8,7333.4375,
chronos_2,electricity,EU Total,Europe,False,True,rolling,2024-12-01,12,2025-12-01,240190.0,231160.765625,6056.355014245335,223234.4375,238757.5,0.8,7333.4375,
chronos_2,electricity,Estonia,Europe,False,False,holdout,last12,1,2025-05-01,440.0,489.2725524902344,81.2948544363563,395.7398376464844,604.10693359375,0.8,164.91071428571428,
chronos_2,electricity,Estonia,Europe,False,False,holdout,last12,2,2025-06-01,380.0,488.5597229003906,91.84305770003492,379.8744812011719,615.2777099609375,0.8,164.91071428571428,
chronos_2,electricity,Estonia,Europe,False,False,holdout,last12,3,2025-07-01,300.0,492.3105163574219,103.51643677712885,369.84002685546875,635.163330078125,0.8,164.91071428571428,
chronos_2,electricity,Estonia,Europe,False,False,holdout,last12,4,2025-08-01,250.0,499.6966857910156,109.53980231900522,372.2268981933594,652.9887084960938,0.8,164.91071428571428,
chronos_2,electricity,Estonia,Europe,False,False,holdout,last12,5,2025-09-01,310.0,514.8216552734375,118.62944787092218,377.8145751953125,681.8740844726562,0.8,164.91071428571428,
chronos_2,electricity,Estonia,Europe,False,False,holdout,last12,6,2025-10-01,340.0,534.3646240234375,129.04239333584314,387.1419677734375,717.8909301757812,0.8,164.91071428571428,
chronos_2,electricity,Estonia,Europe,False,False,holdout,last12,7,2025-11-01,370.0,553.158203125,138.80436301825736,395.11260986328125,750.8825073242188,0.8,164.91071428571428,
chronos_2,electricity,Estonia,Europe,False,False,holdout,last12,8,2025-12-01,380.0,572.677490234375,147.33963019271343,404.2811279296875,781.9277954101562,0.8,164.91071428571428,
chronos_2,electricity,Estonia,Europe,False,False,holdout,last12,9,2026-01-01,490.0,579.19775390625,154.416506346357,405.3423767089844,801.1278076171875,0.8,164.91071428571428,
chronos_2,electricity,Estonia,Europe,False,False,holdout,last12,10,2026-02-01,490.0,575.801513671875,157.48510812318966,401.0489501953125,804.6995239257812,0.8,164.91071428571428,
chronos_2,electricity,Estonia,Europe,False,False,holdout,last12,11,2026-03-01,410.0,571.5263671875,165.85258895080656,386.10107421875,811.1983642578125,0.8,164.91071428571428,
chronos_2,electricity,Estonia,Europe,False,False,holdout,last12,12,2026-04-01,380.0,562.6195068359375,166.05578521784867,378.8443603515625,804.4624633789062,0.8,164.91071428571428,
chronos_2,electricity,Estonia,Europe,False,False,rolling,2022-12-01,1,2023-01-01,490.0,643.20556640625,119.01203931876373,494.3709411621094,799.4110717773438,0.8,180.11904761904762,
chronos_2,electricity,Estonia,Europe,False,False,rolling,2022-12-01,2,2023-02-01,430.0,597.2080688476562,127.40917922883709,444.4803466796875,771.043212890625,0.8,180.11904761904762,
chronos_2,electricity,Estonia,Europe,False,False,rolling,2022-12-01,3,2023-03-01,440.0,541.81201171875,138.62240794073847,378.77947998046875,734.0830078125,0.8,180.11904761904762,
chronos_2,electricity,Estonia,Europe,False,False,rolling,2022-12-01,4,2023-04-01,330.0,485.11016845703125,142.66721144841108,326.87823486328125,692.5490112304688,0.8,180.11904761904762,
chronos_2,electricity,Estonia,Europe,False,False,rolling,2022-12-01,5,2023-05-01,390.0,451.95806884765625,150.09855590547141,283.80767822265625,668.5257568359375,0.8,180.11904761904762,
chronos_2,electricity,Estonia,Europe,False,False,rolling,2022-12-01,6,2023-06-01,410.0,425.9059143066406,150.37232197649564,261.2546691894531,646.6744384765625,0.8,180.11904761904762,
chronos_2,electricity,Estonia,Europe,False,False,rolling,2022-12-01,7,2023-07-01,300.0,422.3231201171875,152.4498031825373,256.67169189453125,647.416259765625,0.8,180.11904761904762,
chronos_2,electricity,Estonia,Europe,False,False,rolling,2022-12-01,8,2023-08-01,330.0,434.0823974609375,163.1385983553471,257.1834716796875,675.3245239257812,0.8,180.11904761904762,
chronos_2,electricity,Estonia,Europe,False,False,rolling,2022-12-01,9,2023-09-01,350.0,462.09747314453125,171.82224428756007,274.1759033203125,714.5740356445312,0.8,180.11904761904762,
chronos_2,electricity,Estonia,Europe,False,False,rolling,2022-12-01,10,2023-10-01,330.0,483.31658935546875,178.11235106760262,290.3173828125,746.8377075195312,0.8,180.11904761904762,
chronos_2,electricity,Estonia,Europe,False,False,rolling,2022-12-01,11,2023-11-01,390.0,502.5468444824219,188.71327629720545,293.070068359375,776.7616577148438,0.8,180.11904761904762,
chronos_2,electricity,Estonia,Europe,False,False,rolling,2022-12-01,12,2023-12-01,440.0,505.08123779296875,197.62482447642725,286.8406677246094,793.3734741210938,0.8,180.11904761904762,
chronos_2,electricity,Estonia,Europe,False,False,rolling,2023-12-01,1,2024-01-01,530.0,414.5503845214844,82.93031887117618,321.6710205078125,534.22998046875,0.8,182.8125,
chronos_2,electricity,Estonia,Europe,False,False,rolling,2023-12-01,2,2024-02-01,370.0,389.82391357421875,86.65862389235441,289.2633361816406,511.3783264160156,0.8,182.8125,
chronos_2,electricity,Estonia,Europe,False,False,rolling,2023-12-01,3,2024-03-01,380.0,368.1169128417969,97.37277990243129,257.09661865234375,506.673095703125,0.8,182.8125,
chronos_2,electricity,Estonia,Europe,False,False,rolling,2023-12-01,4,2024-04-01,350.0,344.4498291015625,99.56315850704868,234.52352905273438,489.71417236328125,0.8,182.8125,
chronos_2,electricity,Estonia,Europe,False,False,rolling,2023-12-01,5,2024-05-01,430.0,336.15203857421875,109.28005019420793,222.03082275390625,502.1268615722656,0.8,182.8125,
chronos_2,electricity,Estonia,Europe,False,False,rolling,2023-12-01,6,2024-06-01,420.0,350.3915100097656,116.2770694767012,225.61672973632812,523.6468505859375,0.8,182.8125,
chronos_2,electricity,Estonia,Europe,False,False,rolling,2023-12-01,7,2024-07-01,360.0,385.7951965332031,129.31775487738085,247.97592163085938,579.4306640625,0.8,182.8125,
chronos_2,electricity,Estonia,Europe,False,False,rolling,2023-12-01,8,2024-08-01,350.0,431.5597839355469,142.73082785851338,276.4034118652344,642.2372436523438,0.8,182.8125,
chronos_2,electricity,Estonia,Europe,False,False,rolling,2023-12-01,9,2024-09-01,390.0,462.3031311035156,153.8845240885672,291.1008605957031,685.5227661132812,0.8,182.8125,
chronos_2,electricity,Estonia,Europe,False,False,rolling,2023-12-01,10,2024-10-01,410.0,479.6518859863281,157.81606109627663,302.467529296875,706.9663696289062,0.8,182.8125,
chronos_2,electricity,Estonia,Europe,False,False,rolling,2023-12-01,11,2024-11-01,390.0,489.882568359375,166.59274439112096,300.557373046875,727.5517578125,0.8,182.8125,
chronos_2,electricity,Estonia,Europe,False,False,rolling,2023-12-01,12,2024-12-01,480.0,492.8924560546875,169.05298373595335,305.40606689453125,738.706298828125,0.8,182.8125,
chronos_2,electricity,Estonia,Europe,False,False,rolling,2024-12-01,1,2025-01-01,460.0,463.83856201171875,94.22615485488924,354.7353515625,596.2467041015625,0.8,166.85185185185185,
chronos_2,electricity,Estonia,Europe,False,False,rolling,2024-12-01,2,2025-02-01,470.0,438.27001953125,98.2485265234017,326.0997314453125,577.9208374023438,0.8,166.85185185185185,
chronos_2,electricity,Estonia,Europe,False,False,rolling,2024-12-01,3,2025-03-01,510.0,413.7291259765625,103.6279173026366,294.1058654785156,559.7149047851562,0.8,166.85185185185185,
chronos_2,electricity,Estonia,Europe,False,False,rolling,2024-12-01,4,2025-04-01,500.0,387.1888732910156,102.89042891750898,272.6788024902344,536.3975830078125,0.8,166.85185185185185,
chronos_2,electricity,Estonia,Europe,False,False,rolling,2024-12-01,5,2025-05-01,440.0,375.45025634765625,106.55095025485558,258.06597900390625,531.1670532226562,0.8,166.85185185185185,
chronos_2,electricity,Estonia,Europe,False,False,rolling,2024-12-01,6,2025-06-01,380.0,372.6885070800781,108.053419125228,252.04153442382812,528.9935913085938,0.8,166.85185185185185,
chronos_2,electricity,Estonia,Europe,False,False,rolling,2024-12-01,7,2025-07-01,300.0,379.50494384765625,111.46037971588946,257.3258056640625,543.01025390625,0.8,166.85185185185185,
chronos_2,electricity,Estonia,Europe,False,False,rolling,2024-12-01,8,2025-08-01,250.0,392.9155578613281,120.22593043662827,260.2592468261719,568.4107055664062,0.8,166.85185185185185,
chronos_2,electricity,Estonia,Europe,False,False,rolling,2024-12-01,9,2025-09-01,310.0,415.61895751953125,125.49129270013236,276.1931457519531,597.8402709960938,0.8,166.85185185185185,
chronos_2,electricity,Estonia,Europe,False,False,rolling,2024-12-01,10,2025-10-01,340.0,437.97198486328125,131.53386342065275,291.7734069824219,628.9082641601562,0.8,166.85185185185185,
chronos_2,electricity,Estonia,Europe,False,False,rolling,2024-12-01,11,2025-11-01,370.0,461.92254638671875,145.04353380683114,300.14404296875,671.9055786132812,0.8,166.85185185185185,
chronos_2,electricity,Estonia,Europe,False,False,rolling,2024-12-01,12,2025-12-01,380.0,477.2262878417969,151.84225039229017,310.1567687988281,699.3441162109375,0.8,166.85185185185185,
chronos_2,electricity,Finland,Europe,True,False,holdout,last12,1,2025-05-01,6210.0,5791.39697265625,374.89023073777736,5326.25439453125,6287.13671875,0.8,402.84090909090907,
chronos_2,electricity,Finland,Europe,True,False,holdout,last12,2,2025-06-01,5520.0,5434.73291015625,377.24028736520626,4950.37255859375,5917.2783203125,0.8,402.84090909090907,
chronos_2,electricity,Finland,Europe,True,False,holdout,last12,3,2025-07-01,5680.0,5427.29833984375,402.7518132503207,4913.19384765625,5945.48828125,0.8,402.84090909090907,
chronos_2,electricity,Finland,Europe,True,False,holdout,last12,4,2025-08-01,5590.0,5592.44189453125,419.614841180505,5056.01171875,6131.52783203125,0.8,402.84090909090907,
chronos_2,electricity,Finland,Europe,True,False,holdout,last12,5,2025-09-01,5680.0,5971.36572265625,458.7468274005161,5398.7646484375,6574.580078125,0.8,402.84090909090907,
chronos_2,electricity,Finland,Europe,True,False,holdout,last12,6,2025-10-01,7300.0,6783.2861328125,478.2431913197528,6159.9482421875,7385.73486328125,0.8,402.84090909090907,
chronos_2,electricity,Finland,Europe,True,False,holdout,last12,7,2025-11-01,7560.0,7296.2646484375,520.1708228873255,6655.79736328125,7989.048828125,0.8,402.84090909090907,
chronos_2,electricity,Finland,Europe,True,False,holdout,last12,8,2025-12-01,8080.0,7854.2724609375,519.5728310136631,7210.955078125,8542.673828125,0.8,402.84090909090907,
chronos_2,electricity,Finland,Europe,True,False,holdout,last12,9,2026-01-01,8890.0,7932.2001953125,522.2939893199369,7262.68359375,8601.376953125,0.8,402.84090909090907,
chronos_2,electricity,Finland,Europe,True,False,holdout,last12,10,2026-02-01,7950.0,7494.029296875,565.0569806727947,6782.89013671875,8231.189453125,0.8,402.84090909090907,
chronos_2,electricity,Finland,Europe,True,False,holdout,last12,11,2026-03-01,8240.0,7186.1630859375,571.1565358849396,6449.37060546875,7913.3037109375,0.8,402.84090909090907,
chronos_2,electricity,Finland,Europe,True,False,holdout,last12,12,2026-04-01,6460.0,6377.3203125,556.1156781591454,5667.2099609375,7092.591796875,0.8,402.84090909090907,
chronos_2,electricity,Finland,Europe,True,False,rolling,2022-12-01,1,2023-01-01,7510.0,7123.9853515625,340.18193655290946,6807.2705078125,7679.19189453125,0.8,315.5,
chronos_2,electricity,Finland,Europe,True,False,rolling,2022-12-01,2,2023-02-01,6400.0,6852.890625,368.50320507728696,6528.267578125,7472.779296875,0.8,315.5,
chronos_2,electricity,Finland,Europe,True,False,rolling,2022-12-01,3,2023-03-01,7410.0,6687.28466796875,352.1655870188965,6369.6953125,7272.33203125,0.8,315.5,
chronos_2,electricity,Finland,Europe,True,False,rolling,2022-12-01,4,2023-04-01,6380.0,5900.517578125,332.02170020110026,5593.916015625,6444.921875,0.8,315.5,
chronos_2,electricity,Finland,Europe,True,False,rolling,2022-12-01,5,2023-05-01,6380.0,5249.4697265625,312.6331615129859,4958.5009765625,5759.81201171875,0.8,315.5,
chronos_2,electricity,Finland,Europe,True,False,rolling,2022-12-01,6,2023-06-01,5500.0,4671.796875,297.80185812329523,4430.32421875,5193.62109375,0.8,315.5,
chronos_2,electricity,Finland,Europe,True,False,rolling,2022-12-01,7,2023-07-01,5330.0,4508.88671875,266.1524857337116,4275.181640625,4957.35791015625,0.8,315.5,
chronos_2,electricity,Finland,Europe,True,False,rolling,2022-12-01,8,2023-08-01,5790.0,4539.390625,268.21240485760825,4306.3037109375,4993.759765625,0.8,315.5,
chronos_2,electricity,Finland,Europe,True,False,rolling,2022-12-01,9,2023-09-01,5890.0,4914.5400390625,295.7240316288589,4653.1357421875,5411.10693359375,0.8,315.5,
chronos_2,electricity,Finland,Europe,True,False,rolling,2022-12-01,10,2023-10-01,6930.0,5665.85693359375,319.2341231002437,5371.05078125,6189.28076171875,0.8,315.5,
chronos_2,electricity,Finland,Europe,True,False,rolling,2022-12-01,11,2023-11-01,7410.0,6261.306640625,334.17306121711476,5960.94677734375,6817.466796875,0.8,315.5,
chronos_2,electricity,Finland,Europe,True,False,rolling,2022-12-01,12,2023-12-01,7860.0,6797.1708984375,368.8314433692017,6462.5673828125,7407.92041015625,0.8,315.5,
chronos_2,electricity,Finland,Europe,True,False,rolling,2023-12-01,1,2024-01-01,8930.0,8178.2333984375,405.72215071261576,7658.99658203125,8698.904296875,0.8,374.02777777777777,
chronos_2,electricity,Finland,Europe,True,False,rolling,2023-12-01,2,2024-02-01,7770.0,7828.6171875,429.38978894396195,7298.8828125,8399.453125,0.8,374.02777777777777,
chronos_2,electricity,Finland,Europe,True,False,rolling,2023-12-01,3,2024-03-01,6350.0,7894.99560546875,464.56919937717873,7298.09228515625,8488.8310546875,0.8,374.02777777777777,
chronos_2,electricity,Finland,Europe,True,False,rolling,2023-12-01,4,2024-04-01,6050.0,7008.6357421875,485.8122939398084,6383.21728515625,7628.404296875,0.8,374.02777777777777,
chronos_2,electricity,Finland,Europe,True,False,rolling,2023-12-01,5,2024-05-01,5590.0,6533.43359375,494.44859964245614,5922.78173828125,7190.1044921875,0.8,374.02777777777777,
chronos_2,electricity,Finland,Europe,True,False,rolling,2023-12-01,6,2024-06-01,5620.0,5902.884765625,485.8766842721747,5318.79541015625,6564.1474609375,0.8,374.02777777777777,
chronos_2,electricity,Finland,Europe,True,False,rolling,2023-12-01,7,2024-07-01,6060.0,5783.63525390625,477.5724269402799,5215.27490234375,6439.34228515625,0.8,374.02777777777777,
chronos_2,electricity,Finland,Europe,True,False,rolling,2023-12-01,8,2024-08-01,5730.0,5860.00048828125,489.26955947763105,5274.64111328125,6528.689453125,0.8,374.02777777777777,
chronos_2,electricity,Finland,Europe,True,False,rolling,2023-12-01,9,2024-09-01,5740.0,6171.43994140625,532.6686434925335,5541.3505859375,6906.63525390625,0.8,374.02777777777777,
chronos_2,electricity,Finland,Europe,True,False,rolling,2023-12-01,10,2024-10-01,7100.0,6970.90234375,574.3008034462005,6261.548828125,7733.541015625,0.8,374.02777777777777,
chronos_2,electricity,Finland,Europe,True,False,rolling,2023-12-01,11,2024-11-01,7410.0,7495.39404296875,612.696301426779,6705.41259765625,8275.81640625,0.8,374.02777777777777,
chronos_2,electricity,Finland,Europe,True,False,rolling,2023-12-01,12,2024-12-01,8430.0,8084.0439453125,590.1004383726308,7346.1494140625,8858.6376953125,0.8,374.02777777777777,
chronos_2,electricity,Finland,Europe,True,False,rolling,2024-12-01,1,2025-01-01,8360.0,8224.990234375,482.6769800638174,7602.60498046875,8839.755859375,0.8,401.1904761904762,
chronos_2,electricity,Finland,Europe,True,False,rolling,2024-12-01,2,2025-02-01,7550.0,7754.412109375,530.1031269068019,7111.7900390625,8470.4990234375,0.8,401.1904761904762,
chronos_2,electricity,Finland,Europe,True,False,rolling,2024-12-01,3,2025-03-01,7130.0,7512.712890625,512.8579480691418,6871.966796875,8186.474609375,0.8,401.1904761904762,
chronos_2,electricity,Finland,Europe,True,False,rolling,2024-12-01,4,2025-04-01,5870.0,6807.31640625,522.2221693338361,6153.046875,7491.55615234375,0.8,401.1904761904762,
chronos_2,electricity,Finland,Europe,True,False,rolling,2024-12-01,5,2025-05-01,6210.0,6268.29345703125,507.1982664588722,5647.54736328125,6947.548828125,0.8,401.1904761904762,
chronos_2,electricity,Finland,Europe,True,False,rolling,2024-12-01,6,2025-06-01,5520.0,5822.490234375,467.5208674531664,5232.5263671875,6430.83056640625,0.8,401.1904761904762,
chronos_2,electricity,Finland,Europe,True,False,rolling,2024-12-01,7,2025-07-01,5680.0,5703.68896484375,456.56041365918975,5138.26123046875,6308.47265625,0.8,401.1904761904762,
chronos_2,electricity,Finland,Europe,True,False,rolling,2024-12-01,8,2025-08-01,5590.0,5799.8779296875,474.5295074761163,5209.20751953125,6425.4755859375,0.8,401.1904761904762,
chronos_2,electricity,Finland,Europe,True,False,rolling,2024-12-01,9,2025-09-01,5680.0,6153.7294921875,504.25193249325804,5557.88525390625,6850.3349609375,0.8,401.1904761904762,
chronos_2,electricity,Finland,Europe,True,False,rolling,2024-12-01,10,2025-10-01,7300.0,6883.8525390625,531.8991980711502,6230.6953125,7594.0078125,0.8,401.1904761904762,
chronos_2,electricity,Finland,Europe,True,False,rolling,2024-12-01,11,2025-11-01,7560.0,7464.25439453125,592.0691061083515,6702.7412109375,8220.275390625,0.8,401.1904761904762,
chronos_2,electricity,Finland,Europe,True,False,rolling,2024-12-01,12,2025-12-01,8080.0,8049.4091796875,594.6584356868221,7298.7919921875,8822.962890625,0.8,401.1904761904762,
chronos_2,electricity,France,Europe,True,False,holdout,last12,1,2025-05-01,37490.0,38487.3359375,1307.7303115874308,36775.4765625,40127.32421875,0.8,2979.0178571428573,
chronos_2,electricity,France,Europe,True,False,holdout,last12,2,2025-06-01,37870.0,36217.51953125,1627.065211272946,34008.0546875,38178.390625,0.8,2979.0178571428573,
chronos_2,electricity,France,Europe,True,False,holdout,last12,3,2025-07-01,40890.0,37041.765625,1803.3971839384155,34610.34765625,39232.640625,0.8,2979.0178571428573,
chronos_2,electricity,France,Europe,True,False,holdout,last12,4,2025-08-01,38880.0,35058.08984375,2060.679615632753,32286.4609375,37568.1953125,0.8,2979.0178571428573,
chronos_2,electricity,France,Europe,True,False,holdout,last12,5,2025-09-01,39440.0,35327.3515625,2155.7327004734975,32424.021484375,37949.38671875,0.8,2979.0178571428573,
chronos_2,electricity,France,Europe,True,False,holdout,last12,6,2025-10-01,42830.0,38721.3828125,2262.6259863119694,35495.4765625,41294.8203125,0.8,2979.0178571428573,
chronos_2,electricity,France,Europe,True,False,holdout,last12,7,2025-11-01,48160.0,43018.8359375,2376.9115871124022,39815.546875,45907.81640625,0.8,2979.0178571428573,
chronos_2,electricity,France,Europe,True,False,holdout,last12,8,2025-12-01,54840.0,48712.4921875,2613.4168968860276,45173.61328125,51872.0703125,0.8,2979.0178571428573,
chronos_2,electricity,France,Europe,True,False,holdout,last12,9,2026-01-01,55500.0,53252.26953125,2989.296414594155,49192.81640625,56854.69140625,0.8,2979.0178571428573,
chronos_2,electricity,France,Europe,True,False,holdout,last12,10,2026-02-01,47450.0,47019.3046875,3101.7120287007774,42680.921875,50630.9296875,0.8,2979.0178571428573,
chronos_2,electricity,France,Europe,True,False,holdout,last12,11,2026-03-01,48220.0,46260.42578125,3281.337433514025,41842.07421875,50252.48046875,0.8,2979.0178571428573,
chronos_2,electricity,France,Europe,True,False,holdout,last12,12,2026-04-01,41480.0,38345.234375,3471.0549751540134,33640.77734375,42537.44921875,0.8,2979.0178571428573,
chronos_2,electricity,France,Europe,True,False,rolling,2022-12-01,1,2023-01-01,47250.0,47130.17578125,2063.878557825343,44443.734375,49733.66796875,0.8,2723.4523809523807,
chronos_2,electricity,France,Europe,True,False,rolling,2022-12-01,2,2023-02-01,41440.0,41249.60546875,2665.4717180056527,37772.02734375,44603.90625,0.8,2723.4523809523807,
chronos_2,electricity,France,Europe,True,False,rolling,2022-12-01,3,2023-03-01,40620.0,40815.39453125,2913.0628331670327,37002.640625,44469.12109375,0.8,2723.4523809523807,
chronos_2,electricity,France,Europe,True,False,rolling,2022-12-01,4,2023-04-01,36720.0,33368.4609375,3337.859191063608,29213.76171875,37769.0390625,0.8,2723.4523809523807,
chronos_2,electricity,France,Europe,True,False,rolling,2022-12-01,5,2023-05-01,37570.0,33337.6328125,3476.966693479433,28992.20703125,37904.03125,0.8,2723.4523809523807,
chronos_2,electricity,France,Europe,True,False,rolling,2022-12-01,6,2023-06-01,34730.0,31631.55078125,3644.1666691853993,27080.0625,36420.4375,0.8,2723.4523809523807,
chronos_2,electricity,France,Europe,True,False,rolling,2022-12-01,7,2023-07-01,35560.0,32448.599609375,3760.393886161801,27508.38671875,37146.6640625,0.8,2723.4523809523807,
chronos_2,electricity,France,Europe,True,False,rolling,2022-12-01,8,2023-08-01,34380.0,30654.9296875,3763.5913043228556,25930.47265625,35576.9453125,0.8,2723.4523809523807,
chronos_2,electricity,France,Europe,True,False,rolling,2022-12-01,9,2023-09-01,35940.0,30746.984375,4017.5688736329002,25622.580078125,35920.0234375,0.8,2723.4523809523807,
chronos_2,electricity,France,Europe,True,False,rolling,2022-12-01,10,2023-10-01,38650.0,33993.23046875,4265.919718514626,28394.63671875,39328.62890625,0.8,2723.4523809523807,
chronos_2,electricity,France,Europe,True,False,rolling,2022-12-01,11,2023-11-01,43150.0,38250.671875,4464.458354680917,32288.96484375,43731.83203125,0.8,2723.4523809523807,
chronos_2,electricity,France,Europe,True,False,rolling,2022-12-01,12,2023-12-01,48260.0,44097.8359375,4261.109874989227,38433.31640625,49354.98046875,0.8,2723.4523809523807,
chronos_2,electricity,France,Europe,True,False,rolling,2023-12-01,1,2024-01-01,52700.0,52087.33984375,1969.836667908268,49378.9375,54427.83203125,0.8,2981.875,
chronos_2,electricity,France,Europe,True,False,rolling,2023-12-01,2,2024-02-01,45630.0,46436.203125,2589.0628729519717,42963.2109375,49599.24609375,0.8,2981.875,
chronos_2,electricity,France,Europe,True,False,rolling,2023-12-01,3,2024-03-01,45390.0,45627.51953125,2984.5612486139853,41644.78515625,49294.5234375,0.8,2981.875,
chronos_2,electricity,France,Europe,True,False,rolling,2023-12-01,4,2024-04-01,39390.0,37570.67578125,3347.5032626189713,33337.03125,41917.02734375,0.8,2981.875,
chronos_2,electricity,France,Europe,True,False,rolling,2023-12-01,5,2024-05-01,40130.0,37023.00390625,3586.245850686413,32396.7578125,41588.67578125,0.8,2981.875,
chronos_2,electricity,France,Europe,True,False,rolling,2023-12-01,6,2024-06-01,37980.0,34828.98828125,3785.5236421473237,30057.9921875,39760.6796875,0.8,2981.875,
chronos_2,electricity,France,Europe,True,False,rolling,2023-12-01,7,2024-07-01,40000.0,34697.7890625,4093.8763705894844,29473.046875,39966.07421875,0.8,2981.875,
chronos_2,electricity,France,Europe,True,False,rolling,2023-12-01,8,2024-08-01,38630.0,32464.4375,4071.9044079450982,27541.0625,37977.7734375,0.8,2981.875,
chronos_2,electricity,France,Europe,True,False,rolling,2023-12-01,9,2024-09-01,38090.0,32467.517578125,4103.517394081777,27202.18359375,37719.921875,0.8,2981.875,
chronos_2,electricity,France,Europe,True,False,rolling,2023-12-01,10,2024-10-01,41460.0,37009.01953125,4322.607595501556,31370.3125,42449.6015625,0.8,2981.875,
chronos_2,electricity,France,Europe,True,False,rolling,2023-12-01,11,2024-11-01,45830.0,41339.64453125,4411.098962567077,35319.3671875,46625.46875,0.8,2981.875,
chronos_2,electricity,France,Europe,True,False,rolling,2023-12-01,12,2024-12-01,51530.0,47498.75390625,4493.259502634972,41187.21484375,52703.90234375,0.8,2981.875,
chronos_2,electricity,France,Europe,True,False,rolling,2024-12-01,1,2025-01-01,55510.0,55476.05078125,1645.6553479405063,53293.875,57511.859375,0.8,3043.9814814814813,
chronos_2,electricity,France,Europe,True,False,rolling,2024-12-01,2,2025-02-01,46230.0,49107.8125,1723.269701938608,46890.578125,51307.49609375,0.8,3043.9814814814813,
chronos_2,electricity,France,Europe,True,False,rolling,2024-12-01,3,2025-03-01,46000.0,49048.625,1793.3644843415514,46731.3046875,51327.8828125,0.8,3043.9814814814813,
chronos_2,electricity,France,Europe,True,False,rolling,2024-12-01,4,2025-04-01,38510.0,41251.79296875,1837.1819150128931,38785.20703125,43494.09375,0.8,3043.9814814814813,
chronos_2,electricity,France,Europe,True,False,rolling,2024-12-01,5,2025-05-01,37490.0,41350.578125,1978.3605762851876,38814.3125,43885.0546875,0.8,3043.9814814814813,
chronos_2,electricity,France,Europe,True,False,rolling,2024-12-01,6,2025-06-01,37870.0,39276.265625,1978.3453359698347,36658.62109375,41729.32421875,0.8,3043.9814814814813,
chronos_2,electricity,France,Europe,True,False,rolling,2024-12-01,7,2025-07-01,40890.0,40022.7890625,2171.8500959750377,37089.4609375,42656.13671875,0.8,3043.9814814814813,
chronos_2,electricity,France,Europe,True,False,rolling,2024-12-01,8,2025-08-01,38880.0,38364.11328125,2201.5229899672822,35420.12109375,41062.8515625,0.8,3043.9814814814813,
chronos_2,electricity,France,Europe,True,False,rolling,2024-12-01,9,2025-09-01,39440.0,38360.2109375,2253.9024298039258,35266.8046875,41043.7890625,0.8,3043.9814814814813,
chronos_2,electricity,France,Europe,True,False,rolling,2024-12-01,10,2025-10-01,42830.0,41265.3828125,2254.5577633641037,38351.703125,44130.3671875,0.8,3043.9814814814813,
chronos_2,electricity,France,Europe,True,False,rolling,2024-12-01,11,2025-11-01,48160.0,45316.37890625,2216.9385689468177,42457.7421875,48139.984375,0.8,3043.9814814814813,
chronos_2,electricity,France,Europe,True,False,rolling,2024-12-01,12,2025-12-01,54840.0,50928.60546875,2429.393137061911,47885.7578125,54112.54296875,0.8,3043.9814814814813,
chronos_2,electricity,Germany,Europe,True,False,holdout,last12,1,2025-05-01,37650.0,34372.8359375,1351.8670268654173,32516.908203125,35981.8828125,0.8,2486.4285714285716,
chronos_2,electricity,Germany,Europe,True,False,holdout,last12,2,2025-06-01,37760.0,33542.9921875,1726.936521812534,31254.359375,35680.67578125,0.8,2486.4285714285716,
chronos_2,electricity,Germany,Europe,True,False,holdout,last12,3,2025-07-01,37100.0,34471.6640625,1926.1152512236501,32037.609375,36974.44140625,0.8,2486.4285714285716,
chronos_2,electricity,Germany,Europe,True,False,holdout,last12,4,2025-08-01,35030.0,33946.87109375,1975.76057848597,31400.80859375,36464.88671875,0.8,2486.4285714285716,
chronos_2,electricity,Germany,Europe,True,False,holdout,last12,5,2025-09-01,37210.0,34853.21875,2240.1358529455824,32000.03125,37741.73046875,0.8,2486.4285714285716,
chronos_2,electricity,Germany,Europe,True,False,holdout,last12,6,2025-10-01,41780.0,38964.71875,2393.0983260487983,35819.8046875,41953.5625,0.8,2486.4285714285716,
chronos_2,electricity,Germany,Europe,True,False,holdout,last12,7,2025-11-01,40790.0,41147.03515625,2439.3191544513043,37927.7578125,44179.984375,0.8,2486.4285714285716,
chronos_2,electricity,Germany,Europe,True,False,holdout,last12,8,2025-12-01,40670.0,42582.96484375,2587.579990268127,39108.765625,45741.0,0.8,2486.4285714285716,
chronos_2,electricity,Germany,Europe,True,False,holdout,last12,9,2026-01-01,48150.0,44634.25390625,2553.7282018060964,41269.9921875,47815.4609375,0.8,2486.4285714285716,
chronos_2,electricity,Germany,Europe,True,False,holdout,last12,10,2026-02-01,43510.0,40835.8203125,2835.642031173914,37131.94921875,44399.9921875,0.8,2486.4285714285716,
chronos_2,electricity,Germany,Europe,True,False,holdout,last12,11,2026-03-01,41730.0,41050.609375,2912.3648267238664,37142.48046875,44607.171875,0.8,2486.4285714285716,
chronos_2,electricity,Germany,Europe,True,False,holdout,last12,12,2026-04-01,38500.0,36075.7265625,3063.336152626216,32039.556640625,39891.203125,0.8,2486.4285714285716,
chronos_2,electricity,Germany,Europe,True,False,rolling,2022-12-01,1,2023-01-01,48540.0,48954.65625,1543.8469933195552,47075.3125,51032.3515625,0.8,2218.4523809523807,
chronos_2,electricity,Germany,Europe,True,False,rolling,2022-12-01,2,2023-02-01,44760.0,46349.48828125,1883.5307620643641,44079.57421875,48907.2578125,0.8,2218.4523809523807,
chronos_2,electricity,Germany,Europe,True,False,rolling,2022-12-01,3,2023-03-01,46460.0,47347.91796875,1976.1263460544412,44891.66015625,49956.67578125,0.8,2218.4523809523807,
chronos_2,electricity,Germany,Europe,True,False,rolling,2022-12-01,4,2023-04-01,39760.0,43044.3203125,2072.2256785441677,40483.82421875,45795.15234375,0.8,2218.4523809523807,
chronos_2,electricity,Germany,Europe,True,False,rolling,2022-12-01,5,2023-05-01,36170.0,41513.47265625,2137.9602067246246,38782.2890625,44262.1015625,0.8,2218.4523809523807,
chronos_2,electricity,Germany,Europe,True,False,rolling,2022-12-01,6,2023-06-01,34110.0,40477.09375,2280.1203443056506,37468.046875,43312.23046875,0.8,2218.4523809523807,
chronos_2,electricity,Germany,Europe,True,False,rolling,2022-12-01,7,2023-07-01,35580.0,41517.1171875,2386.5754710777246,38444.4296875,44561.46875,0.8,2218.4523809523807,
chronos_2,electricity,Germany,Europe,True,False,rolling,2022-12-01,8,2023-08-01,33570.0,41027.625,2391.350261877812,37939.640625,44068.91796875,0.8,2218.4523809523807,
chronos_2,electricity,Germany,Europe,True,False,rolling,2022-12-01,9,2023-09-01,33830.0,41930.2421875,2555.6439094459656,38634.0,45184.37890625,0.8,2218.4523809523807,
chronos_2,electricity,Germany,Europe,True,False,rolling,2022-12-01,10,2023-10-01,39580.0,45089.90234375,2724.421257790965,41646.62890625,48629.6015625,0.8,2218.4523809523807,
chronos_2,electricity,Germany,Europe,True,False,rolling,2022-12-01,11,2023-11-01,42880.0,46906.0234375,2820.052712599355,43283.734375,50511.8203125,0.8,2218.4523809523807,
chronos_2,electricity,Germany,Europe,True,False,rolling,2022-12-01,12,2023-12-01,44810.0,47910.44140625,2885.7735244959936,44152.8984375,51549.43359375,0.8,2218.4523809523807,
chronos_2,electricity,Germany,Europe,True,False,rolling,2023-12-01,1,2024-01-01,47450.0,47135.52734375,1546.5338609162848,45115.37109375,49079.296875,0.8,2610.4166666666665,
chronos_2,electricity,Germany,Europe,True,False,rolling,2023-12-01,2,2024-02-01,42180.0,43531.40625,2118.4236464736446,40716.703125,46146.44140625,0.8,2610.4166666666665,
chronos_2,electricity,Germany,Europe,True,False,rolling,2023-12-01,3,2024-03-01,40460.0,43922.39453125,2276.1441460300593,40985.9140625,46819.90625,0.8,2610.4166666666665,
chronos_2,electricity,Germany,Europe,True,False,rolling,2023-12-01,4,2024-04-01,37910.0,37772.6640625,2824.5226970923827,34265.65234375,41505.1953125,0.8,2610.4166666666665,
chronos_2,electricity,Germany,Europe,True,False,rolling,2023-12-01,5,2024-05-01,35400.0,35251.71875,3095.6631475371814,31261.3359375,39195.83984375,0.8,2610.4166666666665,
chronos_2,electricity,Germany,Europe,True,False,rolling,2023-12-01,6,2024-06-01,34770.0,33970.671875,3328.3522823464214,29593.18359375,38124.09375,0.8,2610.4166666666665,
chronos_2,electricity,Germany,Europe,True,False,rolling,2023-12-01,7,2024-07-01,35360.0,35040.74609375,3582.70781147722,30463.162109375,39646.01171875,0.8,2610.4166666666665,
chronos_2,electricity,Germany,Europe,True,False,rolling,2023-12-01,8,2024-08-01,34660.0,35189.34765625,3529.106860365035,30488.5,39533.96484375,0.8,2610.4166666666665,
chronos_2,electricity,Germany,Europe,True,False,rolling,2023-12-01,9,2024-09-01,36470.0,36102.2578125,3733.5945536293602,31239.986328125,40809.57421875,0.8,2610.4166666666665,
chronos_2,electricity,Germany,Europe,True,False,rolling,2023-12-01,10,2024-10-01,37790.0,40803.5546875,3582.3290896406984,36024.171875,45206.05078125,0.8,2610.4166666666665,
chronos_2,electricity,Germany,Europe,True,False,rolling,2023-12-01,11,2024-11-01,41220.0,43166.1875,3471.821563016268,38476.046875,47374.68359375,0.8,2610.4166666666665,
chronos_2,electricity,Germany,Europe,True,False,rolling,2023-12-01,12,2024-12-01,43010.0,44682.21875,3426.7955753374354,39951.5390625,48734.76953125,0.8,2610.4166666666665,
chronos_2,electricity,Germany,Europe,True,False,rolling,2024-12-01,1,2025-01-01,45120.0,45787.84765625,1506.5066966732281,43849.65234375,47710.984375,0.8,2525.462962962963,
chronos_2,electricity,Germany,Europe,True,False,rolling,2024-12-01,2,2025-02-01,40270.0,41539.7578125,1901.4655651717464,39052.6328125,43926.28515625,0.8,2525.462962962963,
chronos_2,electricity,Germany,Europe,True,False,rolling,2024-12-01,3,2025-03-01,40620.0,42606.71875,2145.9507040641897,39834.0625,45334.35546875,0.8,2525.462962962963,
chronos_2,electricity,Germany,Europe,True,False,rolling,2024-12-01,4,2025-04-01,36580.0,36650.3125,2413.1469608956386,33772.046875,39957.19140625,0.8,2525.462962962963,
chronos_2,electricity,Germany,Europe,True,False,rolling,2024-12-01,5,2025-05-01,37650.0,34587.76953125,2611.7244598660795,31286.693359375,37980.8125,0.8,2525.462962962963,
chronos_2,electricity,Germany,Europe,True,False,rolling,2024-12-01,6,2025-06-01,37760.0,33644.32421875,2786.46153352986,29996.6796875,37138.66796875,0.8,2525.462962962963,
chronos_2,electricity,Germany,Europe,True,False,rolling,2024-12-01,7,2025-07-01,37100.0,34536.0,3009.9074170775198,30732.12890625,38446.83203125,0.8,2525.462962962963,
chronos_2,electricity,Germany,Europe,True,False,rolling,2024-12-01,8,2025-08-01,35030.0,34361.7890625,2957.922701408518,30493.5234375,38074.984375,0.8,2525.462962962963,
chronos_2,electricity,Germany,Europe,True,False,rolling,2024-12-01,9,2025-09-01,37210.0,35318.5,3214.273187819021,31236.177734375,39474.69140625,0.8,2525.462962962963,
chronos_2,electricity,Germany,Europe,True,False,rolling,2024-12-01,10,2025-10-01,41780.0,39724.29296875,3316.1920347262817,35353.6171875,43853.359375,0.8,2525.462962962963,
chronos_2,electricity,Germany,Europe,True,False,rolling,2024-12-01,11,2025-11-01,40790.0,42040.5546875,3228.3636213786153,37717.796875,45992.42578125,0.8,2525.462962962963,
chronos_2,electricity,Germany,Europe,True,False,rolling,2024-12-01,12,2025-12-01,40670.0,43382.7421875,3235.361974188702,39036.3515625,47328.91796875,0.8,2525.462962962963,
chronos_2,electricity,Greece,Europe,True,False,holdout,last12,1,2025-05-01,3470.0,3266.74560546875,357.73001665821,2881.4912109375,3798.39013671875,0.8,463.39285714285717,
chronos_2,electricity,Greece,Europe,True,False,holdout,last12,2,2025-06-01,4330.0,3917.6357421875,471.6420392285531,3369.00146484375,4577.86865234375,0.8,463.39285714285717,
chronos_2,electricity,Greece,Europe,True,False,holdout,last12,3,2025-07-01,5350.0,4840.8818359375,571.8482556980227,4121.70166015625,5587.40771484375,0.8,463.39285714285717,
chronos_2,electricity,Greece,Europe,True,False,holdout,last12,4,2025-08-01,5020.0,4716.0390625,592.7314883143803,3983.330078125,5502.56201171875,0.8,463.39285714285717,
chronos_2,electricity,Greece,Europe,True,False,holdout,last12,5,2025-09-01,4230.0,3952.6708984375,532.539672323859,3345.88818359375,4710.84228515625,0.8,463.39285714285717,
chronos_2,electricity,Greece,Europe,True,False,holdout,last12,6,2025-10-01,3710.0,3721.517578125,523.4991172564736,3146.34912109375,4488.13134765625,0.8,463.39285714285717,
chronos_2,electricity,Greece,Europe,True,False,holdout,last12,7,2025-11-01,3910.0,3779.703857421875,548.897674304034,3161.7626953125,4568.64404296875,0.8,463.39285714285717,
chronos_2,electricity,Greece,Europe,True,False,holdout,last12,8,2025-12-01,4590.0,4248.49072265625,668.6706458992769,3479.486572265625,5193.3583984375,0.8,463.39285714285717,
chronos_2,electricity,Greece,Europe,True,False,holdout,last12,9,2026-01-01,5510.0,4366.85546875,689.9581278803721,3593.724365234375,5362.158203125,0.8,463.39285714285717,
chronos_2,electricity,Greece,Europe,True,False,holdout,last12,10,2026-02-01,4490.0,3806.71435546875,626.1133035517134,3124.958984375,4729.751953125,0.8,463.39285714285717,
chronos_2,electricity,Greece,Europe,True,False,holdout,last12,11,2026-03-01,4900.0,3592.658935546875,569.9677912874074,3001.57763671875,4462.4638671875,0.8,463.39285714285717,
chronos_2,electricity,Greece,Europe,True,False,holdout,last12,12,2026-04-01,3560.0,3131.63330078125,494.0347298286519,2656.997314453125,3923.25927734375,0.8,463.39285714285717,
chronos_2,electricity,Greece,Europe,True,False,rolling,2022-12-01,1,2023-01-01,2810.0,3670.645751953125,449.9236373308525,3179.01220703125,4332.212890625,0.8,406.1904761904762,
chronos_2,electricity,Greece,Europe,True,False,rolling,2022-12-01,2,2023-02-01,3130.0,3103.0908203125,398.359459113622,2706.189697265625,3727.22607421875,0.8,406.1904761904762,
chronos_2,electricity,Greece,Europe,True,False,rolling,2022-12-01,3,2023-03-01,3040.0,2928.099609375,360.1952329185249,2593.67431640625,3516.891845703125,0.8,406.1904761904762,
chronos_2,electricity,Greece,Europe,True,False,rolling,2022-12-01,4,2023-04-01,2760.0,2668.158447265625,262.8360026089621,2411.5322265625,3085.2080078125,0.8,406.1904761904762,
chronos_2,electricity,Greece,Europe,True,False,rolling,2022-12-01,5,2023-05-01,2650.0,2697.1455078125,269.2923717043085,2444.22216796875,3134.4462890625,0.8,406.1904761904762,
chronos_2,electricity,Greece,Europe,True,False,rolling,2022-12-01,6,2023-06-01,3240.0,3087.34912109375,388.44230015752754,2696.47412109375,3692.091796875,0.8,406.1904761904762,
chronos_2,electricity,Greece,Europe,True,False,rolling,2022-12-01,7,2023-07-01,4640.0,3899.670166015625,508.9120399203143,3331.00927734375,4635.4033203125,0.8,406.1904761904762,
chronos_2,electricity,Greece,Europe,True,False,rolling,2022-12-01,8,2023-08-01,4340.0,3804.01611328125,505.7114784442184,3250.544677734375,4546.7353515625,0.8,406.1904761904762,
chronos_2,electricity,Greece,Europe,True,False,rolling,2022-12-01,9,2023-09-01,3900.0,3232.1455078125,431.3930331451397,2772.886474609375,3878.59130859375,0.8,406.1904761904762,
chronos_2,electricity,Greece,Europe,True,False,rolling,2022-12-01,10,2023-10-01,3610.0,3002.59375,397.76832538186846,2612.613037109375,3632.13427734375,0.8,406.1904761904762,
chronos_2,electricity,Greece,Europe,True,False,rolling,2022-12-01,11,2023-11-01,3130.0,3064.370849609375,413.3016357975056,2664.79248046875,3724.127197265625,0.8,406.1904761904762,
chronos_2,electricity,Greece,Europe,True,False,rolling,2022-12-01,12,2023-12-01,3590.0,3564.864501953125,488.47658681942147,3027.377685546875,4279.3935546875,0.8,406.1904761904762,
chronos_2,electricity,Greece,Europe,True,False,rolling,2023-12-01,1,2024-01-01,4030.0000000000005,3831.677490234375,394.9280068599285,3388.349609375,4400.5908203125,0.8,423.0208333333333,
chronos_2,electricity,Greece,Europe,True,False,rolling,2023-12-01,2,2024-02-01,3330.0,3272.90966796875,373.46526125227405,2876.71044921875,3833.9404296875,0.8,423.0208333333333,
chronos_2,electricity,Greece,Europe,True,False,rolling,2023-12-01,3,2024-03-01,3470.0,3051.6533203125,349.83172322653013,2718.22021484375,3614.875,0.8,423.0208333333333,
chronos_2,electricity,Greece,Europe,True,False,rolling,2023-12-01,4,2024-04-01,3500.0,2686.416015625,214.01555741512206,2463.79296875,3012.3369140625,0.8,423.0208333333333,
chronos_2,electricity,Greece,Europe,True,False,rolling,2023-12-01,5,2024-05-01,3550.0,2729.945556640625,208.14708348451668,2520.9609375,3054.46337890625,0.8,423.0208333333333,
chronos_2,electricity,Greece,Europe,True,False,rolling,2023-12-01,6,2024-06-01,4570.0,3287.74560546875,342.4295020595896,2910.19873046875,3787.880859375,0.8,423.0208333333333,
chronos_2,electricity,Greece,Europe,True,False,rolling,2023-12-01,7,2024-07-01,5580.0,4054.578369140625,470.3689966367248,3506.344970703125,4711.94921875,0.8,423.0208333333333,
chronos_2,electricity,Greece,Europe,True,False,rolling,2023-12-01,8,2024-08-01,4900.0,3994.524169921875,510.7086825964883,3440.01220703125,4749.01123046875,0.8,423.0208333333333,
chronos_2,electricity,Greece,Europe,True,False,rolling,2023-12-01,9,2024-09-01,3690.0,3383.75537109375,415.5147200906996,2939.116943359375,4004.1240234375,0.8,423.0208333333333,
chronos_2,electricity,Greece,Europe,True,False,rolling,2023-12-01,10,2024-10-01,3710.0,3213.018798828125,400.0551347005825,2799.84619140625,3825.228759765625,0.8,423.0208333333333,
chronos_2,electricity,Greece,Europe,True,False,rolling,2023-12-01,11,2024-11-01,4450.0,3261.22412109375,420.5497392754391,2838.43505859375,3916.347412109375,0.8,423.0208333333333,
chronos_2,electricity,Greece,Europe,True,False,rolling,2023-12-01,12,2024-12-01,4460.0,3675.63916015625,539.001185025637,3091.31201171875,4472.82763671875,0.8,423.0208333333333,
chronos_2,electricity,Greece,Europe,True,False,rolling,2024-12-01,1,2025-01-01,4540.0,4436.78271484375,549.4369909635875,3789.1650390625,5197.4287109375,0.8,457.68518518518516,
chronos_2,electricity,Greece,Europe,True,False,rolling,2024-12-01,2,2025-02-01,4480.0,3934.61376953125,559.8065015297525,3289.228515625,4724.0703125,0.8,457.68518518518516,
chronos_2,electricity,Greece,Europe,True,False,rolling,2024-12-01,3,2025-03-01,3790.0,3677.50439453125,544.4976047576879,3066.181640625,4461.78515625,0.8,457.68518518518516,
chronos_2,electricity,Greece,Europe,True,False,rolling,2024-12-01,4,2025-04-01,3010.0,3277.0908203125,501.60411820462036,2753.16796875,4038.8310546875,0.8,457.68518518518516,
chronos_2,electricity,Greece,Europe,True,False,rolling,2024-12-01,5,2025-05-01,3470.0,3303.961669921875,503.0147046425093,2760.105224609375,4049.3837890625,0.8,457.68518518518516,
chronos_2,electricity,Greece,Europe,True,False,rolling,2024-12-01,6,2025-06-01,4330.0,3885.459228515625,586.2640699904028,3231.779296875,4734.4345703125,0.8,457.68518518518516,
chronos_2,electricity,Greece,Europe,True,False,rolling,2024-12-01,7,2025-07-01,5350.0,4936.607421875,686.814336578966,4149.2978515625,5909.673828125,0.8,457.68518518518516,
chronos_2,electricity,Greece,Europe,True,False,rolling,2024-12-01,8,2025-08-01,5020.0,4708.91650390625,691.6451355379756,3879.3173828125,5652.0751953125,0.8,457.68518518518516,
chronos_2,electricity,Greece,Europe,True,False,rolling,2024-12-01,9,2025-09-01,4230.0,4015.333740234375,635.6383101433817,3323.6630859375,4952.86962890625,0.8,457.68518518518516,
chronos_2,electricity,Greece,Europe,True,False,rolling,2024-12-01,10,2025-10-01,3710.0,3857.841552734375,631.5565726839708,3160.62255859375,4779.3671875,0.8,457.68518518518516,
chronos_2,electricity,Greece,Europe,True,False,rolling,2024-12-01,11,2025-11-01,3910.0,3828.800048828125,644.0073388155266,3138.79833984375,4789.45556640625,0.8,457.68518518518516,
chronos_2,electricity,Greece,Europe,True,False,rolling,2024-12-01,12,2025-12-01,4590.0,4201.6328125,716.8537601554497,3397.09912109375,5234.46923828125,0.8,457.68518518518516,
chronos_2,electricity,Hungary,Europe,True,False,holdout,last12,1,2025-05-01,3240.0,3160.471923828125,181.65160473942575,2922.95166015625,3388.54345703125,0.8,201.16071428571428,
chronos_2,electricity,Hungary,Europe,True,False,holdout,last12,2,2025-06-01,3300.0,3144.641845703125,195.8579599476734,2885.464599609375,3387.46875,0.8,201.16071428571428,
chronos_2,electricity,Hungary,Europe,True,False,holdout,last12,3,2025-07-01,3430.0,3364.072265625,217.2133565840603,3080.470458984375,3637.210693359375,0.8,201.16071428571428,
chronos_2,electricity,Hungary,Europe,True,False,holdout,last12,4,2025-08-01,3220.0,3147.342529296875,230.14790747610212,2848.863525390625,3438.75634765625,0.8,201.16071428571428,
chronos_2,electricity,Hungary,Europe,True,False,holdout,last12,5,2025-09-01,3050.0,3078.931640625,240.04363473873144,2771.923095703125,3387.1796875,0.8,201.16071428571428,
chronos_2,electricity,Hungary,Europe,True,False,holdout,last12,6,2025-10-01,3400.0,3148.45361328125,248.29855154967098,2828.8173828125,3465.232177734375,0.8,201.16071428571428,
chronos_2,electricity,Hungary,Europe,True,False,holdout,last12,7,2025-11-01,2930.0,3056.168212890625,255.0715381964755,2730.976318359375,3384.7509765625,0.8,201.16071428571428,
chronos_2,electricity,Hungary,Europe,True,False,holdout,last12,8,2025-12-01,2850.0,3047.5791015625,263.01679084983675,2705.99609375,3380.13525390625,0.8,201.16071428571428,
chronos_2,electricity,Hungary,Europe,True,False,holdout,last12,9,2026-01-01,3200.0,3252.99462890625,261.19347762179507,2903.62744140625,3573.09326171875,0.8,201.16071428571428,
chronos_2,electricity,Hungary,Europe,True,False,holdout,last12,10,2026-02-01,2850.0,3112.782470703125,258.392402911889,2775.720947265625,3438.00732421875,0.8,201.16071428571428,
chronos_2,electricity,Hungary,Europe,True,False,holdout,last12,11,2026-03-01,3020.0,3170.370849609375,262.73417825201,2834.303466796875,3507.71826171875,0.8,201.16071428571428,
chronos_2,electricity,Hungary,Europe,True,False,holdout,last12,12,2026-04-01,3050.0,3259.8447265625,262.82323884485396,2912.533935546875,3586.177001953125,0.8,201.16071428571428,
chronos_2,electricity,Hungary,Europe,True,False,rolling,2022-12-01,1,2023-01-01,2670.0,3002.3232421875,187.84993624545208,2730.26513671875,3211.743896484375,0.8,176.78571428571428,
chronos_2,electricity,Hungary,Europe,True,False,rolling,2022-12-01,2,2023-02-01,2650.0,2616.22021484375,236.15487777247768,2308.76318359375,2914.052490234375,0.8,176.78571428571428,
chronos_2,electricity,Hungary,Europe,True,False,rolling,2022-12-01,3,2023-03-01,2850.0,2824.263427734375,236.66380905329612,2503.50732421875,3110.10107421875,0.8,176.78571428571428,
chronos_2,electricity,Hungary,Europe,True,False,rolling,2022-12-01,4,2023-04-01,2860.0,2776.76953125,245.89924965325775,2453.712158203125,3083.977294921875,0.8,176.78571428571428,
chronos_2,electricity,Hungary,Europe,True,False,rolling,2022-12-01,5,2023-05-01,2540.0,2610.604736328125,237.04376916544,2306.408447265625,2913.97607421875,0.8,176.78571428571428,
chronos_2,electricity,Hungary,Europe,True,False,rolling,2022-12-01,6,2023-06-01,2620.0,2670.3310546875,241.3414428430083,2363.885986328125,2982.468994140625,0.8,176.78571428571428,
chronos_2,electricity,Hungary,Europe,True,False,rolling,2022-12-01,7,2023-07-01,3100.0,2966.62744140625,230.21887019446442,2647.682373046875,3237.757080078125,0.8,176.78571428571428,
chronos_2,electricity,Hungary,Europe,True,False,rolling,2022-12-01,8,2023-08-01,3070.0,2609.212890625,243.18009163837394,2290.28564453125,2913.581298828125,0.8,176.78571428571428,
chronos_2,electricity,Hungary,Europe,True,False,rolling,2022-12-01,9,2023-09-01,2910.0,2723.8740234375,260.89429118102197,2395.77783203125,3064.476806640625,0.8,176.78571428571428,
chronos_2,electricity,Hungary,Europe,True,False,rolling,2022-12-01,10,2023-10-01,2870.0,2855.357421875,270.8771739970761,2486.855712890625,3181.141845703125,0.8,176.78571428571428,
chronos_2,electricity,Hungary,Europe,True,False,rolling,2022-12-01,11,2023-11-01,2660.0,2694.34814453125,282.1482444683406,2324.282470703125,3047.45751953125,0.8,176.78571428571428,
chronos_2,electricity,Hungary,Europe,True,False,rolling,2022-12-01,12,2023-12-01,2420.0,2802.14453125,264.478718100071,2449.318359375,3127.20458984375,0.8,176.78571428571428,
chronos_2,electricity,Hungary,Europe,True,False,rolling,2023-12-01,1,2024-01-01,2990.0,2809.1767578125,233.1305324426505,2509.678955078125,3107.216552734375,0.8,186.04166666666666,
chronos_2,electricity,Hungary,Europe,True,False,rolling,2023-12-01,2,2024-02-01,2580.0,2591.388671875,240.79917337235523,2300.357177734375,2917.55029296875,0.8,186.04166666666666,
chronos_2,electricity,Hungary,Europe,True,False,rolling,2023-12-01,3,2024-03-01,2750.0,2755.489013671875,252.84540438326044,2433.814453125,3081.88330078125,0.8,186.04166666666666,
chronos_2,electricity,Hungary,Europe,True,False,rolling,2023-12-01,4,2024-04-01,3050.0,2771.514892578125,256.5120337532446,2435.5458984375,3093.0126953125,0.8,186.04166666666666,
chronos_2,electricity,Hungary,Europe,True,False,rolling,2023-12-01,5,2024-05-01,3020.0,2646.607177734375,261.0227860898417,2312.361083984375,2981.389404296875,0.8,186.04166666666666,
chronos_2,electricity,Hungary,Europe,True,False,rolling,2023-12-01,6,2024-06-01,3100.0,2704.79931640625,265.78005052727326,2370.296875,3051.5185546875,0.8,186.04166666666666,
chronos_2,electricity,Hungary,Europe,True,False,rolling,2023-12-01,7,2024-07-01,3390.0,2949.350830078125,252.351713417795,2582.824951171875,3229.62841796875,0.8,186.04166666666666,
chronos_2,electricity,Hungary,Europe,True,False,rolling,2023-12-01,8,2024-08-01,3120.0,2719.51904296875,263.52600788656804,2383.25146484375,3058.69580078125,0.8,186.04166666666666,
chronos_2,electricity,Hungary,Europe,True,False,rolling,2023-12-01,9,2024-09-01,2740.0,2707.84619140625,274.5862857461067,2366.03173828125,3069.82470703125,0.8,186.04166666666666,
chronos_2,electricity,Hungary,Europe,True,False,rolling,2023-12-01,10,2024-10-01,2960.0,2790.6748046875,273.4111621804213,2430.1884765625,3130.969482421875,0.8,186.04166666666666,
chronos_2,electricity,Hungary,Europe,True,False,rolling,2023-12-01,11,2024-11-01,3110.0,2614.174072265625,268.5235930467218,2280.780517578125,2969.0341796875,0.8,186.04166666666666,
chronos_2,electricity,Hungary,Europe,True,False,rolling,2023-12-01,12,2024-12-01,3070.0,2628.52734375,276.8524253871233,2287.59521484375,2997.196533203125,0.8,186.04166666666666,
chronos_2,electricity,Hungary,Europe,True,False,rolling,2024-12-01,1,2025-01-01,3130.0,3157.3876953125,207.81694015318286,2890.760009765625,3423.416259765625,0.8,196.2962962962963,
chronos_2,electricity,Hungary,Europe,True,False,rolling,2024-12-01,2,2025-02-01,3080.0,2931.3046875,208.99720732529988,2674.600830078125,3210.2822265625,0.8,196.2962962962963,
chronos_2,electricity,Hungary,Europe,True,False,rolling,2024-12-01,3,2025-03-01,3180.0,3066.71728515625,210.22872005779132,2791.84033203125,3330.67822265625,0.8,196.2962962962963,
chronos_2,electricity,Hungary,Europe,True,False,rolling,2024-12-01,4,2025-04-01,3310.0,3080.45458984375,221.76954411080348,2800.87841796875,3369.296630859375,0.8,196.2962962962963,
chronos_2,electricity,Hungary,Europe,True,False,rolling,2024-12-01,5,2025-05-01,3240.0,2984.42529296875,222.9496207789786,2711.37158203125,3282.814453125,0.8,196.2962962962963,
chronos_2,electricity,Hungary,Europe,True,False,rolling,2024-12-01,6,2025-06-01,3300.0,2995.3857421875,223.109358334272,2719.492431640625,3291.3447265625,0.8,196.2962962962963,
chronos_2,electricity,Hungary,Europe,True,False,rolling,2024-12-01,7,2025-07-01,3430.0,3311.33203125,232.02694310715313,3017.8896484375,3612.5986328125,0.8,196.2962962962963,
chronos_2,electricity,Hungary,Europe,True,False,rolling,2024-12-01,8,2025-08-01,3220.0,3076.13720703125,247.40946965276675,2758.790283203125,3392.92626953125,0.8,196.2962962962963,
chronos_2,electricity,Hungary,Europe,True,False,rolling,2024-12-01,9,2025-09-01,3050.0,3035.091796875,246.24777661498612,2730.483642578125,3361.64208984375,0.8,196.2962962962963,
chronos_2,electricity,Hungary,Europe,True,False,rolling,2024-12-01,10,2025-10-01,3400.0,3078.65087890625,242.04916498721215,2767.977294921875,3388.374267578125,0.8,196.2962962962963,
chronos_2,electricity,Hungary,Europe,True,False,rolling,2024-12-01,11,2025-11-01,2930.0,2959.245849609375,257.294528694649,2641.943603515625,3301.416015625,0.8,196.2962962962963,
chronos_2,electricity,Hungary,Europe,True,False,rolling,2024-12-01,12,2025-12-01,2850.0,2929.58740234375,257.646008467477,2613.66357421875,3274.036865234375,0.8,196.2962962962963,
chronos_2,electricity,Ireland,Europe,True,False,holdout,last12,1,2025-04-01,2290.0,2247.41845703125,100.37547922185868,2121.628173828125,2378.90087890625,0.8,125.67251461988305,
chronos_2,electricity,Ireland,Europe,True,False,holdout,last12,2,2025-05-01,2070.0,2168.14501953125,105.58595253709932,2030.611328125,2301.239013671875,0.8,125.67251461988305,
chronos_2,electricity,Ireland,Europe,True,False,holdout,last12,3,2025-06-01,2009.9999999999998,2069.034912109375,113.47876898044923,1921.5936279296875,2212.451416015625,0.8,125.67251461988305,
chronos_2,electricity,Ireland,Europe,True,False,holdout,last12,4,2025-07-01,2290.0,2111.971923828125,113.2401627932042,1968.0125732421875,2258.2587890625,0.8,125.67251461988305,
chronos_2,electricity,Ireland,Europe,True,False,holdout,last12,5,2025-08-01,2150.0,2139.72119140625,116.96084765670594,1988.314453125,2288.09716796875,0.8,125.67251461988305,
chronos_2,electricity,Ireland,Europe,True,False,holdout,last12,6,2025-09-01,2160.0,2194.55322265625,120.23489602839452,2037.8936767578125,2346.068115234375,0.8,125.67251461988305,
chronos_2,electricity,Ireland,Europe,True,False,holdout,last12,7,2025-10-01,2460.0,2386.837890625,122.72216311998571,2222.1845703125,2536.734130859375,0.8,125.67251461988305,
chronos_2,electricity,Ireland,Europe,True,False,holdout,last12,8,2025-11-01,2570.0,2555.49462890625,128.51319719820378,2394.24365234375,2723.63623046875,0.8,125.67251461988305,
chronos_2,electricity,Ireland,Europe,True,False,holdout,last12,9,2025-12-01,2720.0,2715.37255859375,130.5384446046724,2537.07373046875,2871.6572265625,0.8,125.67251461988305,
chronos_2,electricity,Ireland,Europe,True,False,holdout,last12,10,2026-01-01,2880.0,2726.986572265625,140.86242472872036,2546.444580078125,2907.489501953125,0.8,125.67251461988305,
chronos_2,electricity,Ireland,Europe,True,False,holdout,last12,11,2026-02-01,2570.0,2521.453369140625,149.98118166426076,2328.48193359375,2712.899169921875,0.8,125.67251461988305,
chronos_2,electricity,Ireland,Europe,True,False,holdout,last12,12,2026-03-01,2650.0,2512.91796875,157.07859652414177,2310.885498046875,2713.494140625,0.8,125.67251461988305,
chronos_2,electricity,Ireland,Europe,True,False,rolling,2022-12-01,1,2023-01-01,2780.0,2877.47216796875,88.14807896219496,2751.60009765625,2977.53271484375,0.8,124.375,
chronos_2,electricity,Ireland,Europe,True,False,rolling,2022-12-01,2,2023-02-01,2500.0,2655.945068359375,104.38730173458774,2510.00537109375,2777.560791015625,0.8,124.375,
chronos_2,electricity,Ireland,Europe,True,False,rolling,2022-12-01,3,2023-03-01,2730.0,2719.1474609375,113.48262668527296,2563.70849609375,2854.576171875,0.8,124.375,
chronos_2,electricity,Ireland,Europe,True,False,rolling,2022-12-01,4,2023-04-01,2420.0,2460.58447265625,127.62154349808371,2291.173095703125,2618.2802734375,0.8,124.375,
chronos_2,electricity,Ireland,Europe,True,False,rolling,2022-12-01,5,2023-05-01,2270.0,2408.690673828125,136.0562007782174,2229.340576171875,2578.066650390625,0.8,124.375,
chronos_2,electricity,Ireland,Europe,True,False,rolling,2022-12-01,6,2023-06-01,2160.0,2337.09765625,142.59315304099272,2156.02880859375,2521.509765625,0.8,124.375,
chronos_2,electricity,Ireland,Europe,True,False,rolling,2022-12-01,7,2023-07-01,2260.0,2374.70361328125,147.06266127416583,2182.874755859375,2559.8115234375,0.8,124.375,
chronos_2,electricity,Ireland,Europe,True,False,rolling,2022-12-01,8,2023-08-01,2290.0,2406.349609375,153.94433041983126,2207.9921875,2602.5673828125,0.8,124.375,
chronos_2,electricity,Ireland,Europe,True,False,rolling,2022-12-01,9,2023-09-01,2230.0,2451.29150390625,145.97955111242402,2256.6337890625,2630.79443359375,0.8,124.375,
chronos_2,electricity,Ireland,Europe,True,False,rolling,2022-12-01,10,2023-10-01,2290.0,2625.938720703125,148.1913018780247,2423.39111328125,2803.220703125,0.8,124.375,
chronos_2,electricity,Ireland,Europe,True,False,rolling,2022-12-01,11,2023-11-01,2590.0,2757.221435546875,156.4171668378226,2537.854736328125,2938.76806640625,0.8,124.375,
chronos_2,electricity,Ireland,Europe,True,False,rolling,2022-12-01,12,2023-12-01,2750.0,2889.47509765625,150.7014770686308,2677.9140625,3064.177490234375,0.8,124.375,
chronos_2,electricity,Ireland,Europe,True,False,rolling,2023-12-01,1,2024-01-01,2830.0,2728.560546875,98.39709578510046,2599.2744140625,2851.476318359375,0.8,128.5897435897436,
chronos_2,electricity,Ireland,Europe,True,False,rolling,2023-12-01,2,2024-02-01,2500.0,2536.189208984375,112.93407058453677,2386.55712890625,2676.018798828125,0.8,128.5897435897436,
chronos_2,electricity,Ireland,Europe,True,False,rolling,2023-12-01,3,2024-03-01,2640.0,2559.20751953125,116.11967750119261,2407.867919921875,2705.49462890625,0.8,128.5897435897436,
chronos_2,electricity,Ireland,Europe,True,False,rolling,2023-12-01,4,2024-04-01,2300.0,2307.639404296875,123.7682202650256,2153.292724609375,2470.5234375,0.8,128.5897435897436,
chronos_2,electricity,Ireland,Europe,True,False,rolling,2023-12-01,5,2024-05-01,2180.0,2271.541259765625,121.97862623470239,2113.391845703125,2426.03564453125,0.8,128.5897435897436,
chronos_2,electricity,Ireland,Europe,True,False,rolling,2023-12-01,6,2024-06-01,1970.0,2201.823974609375,127.22891487380267,2029.314453125,2355.415283203125,0.8,128.5897435897436,
chronos_2,electricity,Ireland,Europe,True,False,rolling,2023-12-01,7,2024-07-01,2090.0,2253.416015625,139.6162431927017,2070.126220703125,2427.97705078125,0.8,128.5897435897436,
chronos_2,electricity,Ireland,Europe,True,False,rolling,2023-12-01,8,2024-08-01,2110.0,2257.5458984375,143.12818336185313,2072.890625,2439.742919921875,0.8,128.5897435897436,
chronos_2,electricity,Ireland,Europe,True,False,rolling,2023-12-01,9,2024-09-01,2230.0,2271.58837890625,139.37335066676363,2089.361083984375,2446.58935546875,0.8,128.5897435897436,
chronos_2,electricity,Ireland,Europe,True,False,rolling,2023-12-01,10,2024-10-01,2500.0,2443.89453125,147.32022260363112,2248.629638671875,2626.2265625,0.8,128.5897435897436,
chronos_2,electricity,Ireland,Europe,True,False,rolling,2023-12-01,11,2024-11-01,2650.0,2589.3701171875,153.5973274896382,2388.102294921875,2781.7880859375,0.8,128.5897435897436,
chronos_2,electricity,Ireland,Europe,True,False,rolling,2023-12-01,12,2024-12-01,2730.0,2685.5126953125,149.4935868249365,2490.482421875,2873.64990234375,0.8,128.5897435897436,
chronos_2,electricity,Ireland,Europe,True,False,rolling,2024-12-01,1,2025-01-01,2870.0,2736.74560546875,95.79643122208604,2610.9296875,2856.4658203125,0.8,126.42857142857143,
chronos_2,electricity,Ireland,Europe,True,False,rolling,2024-12-01,2,2025-02-01,2550.0,2486.515869140625,111.6386437795338,2339.956787109375,2626.09814453125,0.8,126.42857142857143,
chronos_2,electricity,Ireland,Europe,True,False,rolling,2024-12-01,3,2025-03-01,2480.0,2557.8740234375,111.08818263937849,2414.422119140625,2699.152587890625,0.8,126.42857142857143,
chronos_2,electricity,Ireland,Europe,True,False,rolling,2024-12-01,4,2025-04-01,2290.0,2253.642333984375,123.77793596606313,2099.08642578125,2416.342041015625,0.8,126.42857142857143,
chronos_2,electricity,Ireland,Europe,True,False,rolling,2024-12-01,5,2025-05-01,2070.0,2177.12646484375,124.68630638708599,2014.3646240234375,2333.948486328125,0.8,126.42857142857143,
chronos_2,electricity,Ireland,Europe,True,False,rolling,2024-12-01,6,2025-06-01,2009.9999999999998,2079.840087890625,134.21983803015473,1903.073974609375,2247.09326171875,0.8,126.42857142857143,
chronos_2,electricity,Ireland,Europe,True,False,rolling,2024-12-01,7,2025-07-01,2290.0,2125.929443359375,135.0852498122764,1946.7222900390625,2292.959716796875,0.8,126.42857142857143,
chronos_2,electricity,Ireland,Europe,True,False,rolling,2024-12-01,8,2025-08-01,2150.0,2156.28125,143.9588758005613,1967.379150390625,2336.360595703125,0.8,126.42857142857143,
chronos_2,electricity,Ireland,Europe,True,False,rolling,2024-12-01,9,2025-09-01,2160.0,2211.251220703125,140.25024031138548,2031.372802734375,2390.8486328125,0.8,126.42857142857143,
chronos_2,electricity,Ireland,Europe,True,False,rolling,2024-12-01,10,2025-10-01,2460.0,2398.16259765625,148.98808461507247,2201.2138671875,2583.085693359375,0.8,126.42857142857143,
chronos_2,electricity,Ireland,Europe,True,False,rolling,2024-12-01,11,2025-11-01,2570.0,2559.16650390625,152.22322255662547,2365.98046875,2756.144287109375,0.8,126.42857142857143,
chronos_2,electricity,Ireland,Europe,True,False,rolling,2024-12-01,12,2025-12-01,2720.0,2710.1328125,149.7717225801283,2518.2333984375,2902.11376953125,0.8,126.42857142857143,
chronos_2,electricity,Italy,Europe,True,False,holdout,last12,1,2025-05-01,19810.0,19805.865234375,974.8780141995934,18505.58984375,21004.302734375,0.8,1155.4,
chronos_2,electricity,Italy,Europe,True,False,holdout,last12,2,2025-06-01,22180.0,21677.7890625,995.7511501070295,20436.369140625,22988.58203125,0.8,1155.4,
chronos_2,electricity,Italy,Europe,True,False,holdout,last12,3,2025-07-01,24130.0,24404.955078125,1060.004319635177,23012.115234375,25729.015625,0.8,1155.4,
chronos_2,electricity,Italy,Europe,True,False,holdout,last12,4,2025-08-01,20740.0,21894.134765625,1061.323368928977,20530.732421875,23251.013671875,0.8,1155.4,
chronos_2,electricity,Italy,Europe,True,False,holdout,last12,5,2025-09-01,20870.0,21335.859375,1102.4600281297303,19909.955078125,22735.673828125,0.8,1155.4,
chronos_2,electricity,Italy,Europe,True,False,holdout,last12,6,2025-10-01,20390.0,20150.697265625,1179.388567936948,18621.91015625,21644.8046875,0.8,1155.4,
chronos_2,electricity,Italy,Europe,True,False,holdout,last12,7,2025-11-01,20600.0,20404.63671875,1245.0819472659518,18819.66796875,22010.94140625,0.8,1155.4,
chronos_2,electricity,Italy,Europe,True,False,holdout,last12,8,2025-12-01,21550.0,20892.34765625,1388.5359876204457,19168.37109375,22727.33203125,0.8,1155.4,
chronos_2,electricity,Italy,Europe,True,False,holdout,last12,9,2026-01-01,23770.0,21441.98828125,1289.8793302144898,19804.833984375,23110.927734375,0.8,1155.4,
chronos_2,electricity,Italy,Europe,True,False,holdout,last12,10,2026-02-01,20550.0,19254.6953125,1390.742023267789,17542.677734375,21107.29296875,0.8,1155.4,
chronos_2,electricity,Italy,Europe,True,False,holdout,last12,11,2026-03-01,21030.0,20190.69140625,1323.7036861088852,18518.51953125,21911.30859375,0.8,1155.4,
chronos_2,electricity,Italy,Europe,True,False,holdout,last12,12,2026-04-01,18970.0,18805.583984375,1377.9607327970155,16990.48828125,20522.34375,0.8,1155.4,
chronos_2,electricity,Italy,Europe,True,False,rolling,2022-12-01,1,2023-01-01,20610.0,22911.126953125,1023.5289108851315,21572.458984375,24195.869140625,0.8,1165.2777777777778,
chronos_2,electricity,Italy,Europe,True,False,rolling,2022-12-01,2,2023-02-01,19240.0,20106.83984375,1197.2997485555331,18591.36328125,21660.166015625,0.8,1165.2777777777778,
chronos_2,electricity,Italy,Europe,True,False,rolling,2022-12-01,3,2023-03-01,20880.0,20711.900390625,1166.9608527823636,19215.349609375,22206.390625,0.8,1165.2777777777778,
chronos_2,electricity,Italy,Europe,True,False,rolling,2022-12-01,4,2023-04-01,17660.0,19497.9765625,1232.1063427744277,17916.1484375,21074.1640625,0.8,1165.2777777777778,
chronos_2,electricity,Italy,Europe,True,False,rolling,2022-12-01,5,2023-05-01,18970.0,20472.169921875,1170.0919755716325,18997.560546875,21996.626953125,0.8,1165.2777777777778,
chronos_2,electricity,Italy,Europe,True,False,rolling,2022-12-01,6,2023-06-01,21200.0,22548.27734375,1156.7864182527167,21003.197265625,23968.16015625,0.8,1165.2777777777778,
chronos_2,electricity,Italy,Europe,True,False,rolling,2022-12-01,7,2023-07-01,24710.0,24861.265625,1259.365170814761,23270.375,26498.2578125,0.8,1165.2777777777778,
chronos_2,electricity,Italy,Europe,True,False,rolling,2022-12-01,8,2023-08-01,21630.0,22372.8046875,1246.5031066726167,20705.146484375,23900.0625,0.8,1165.2777777777778,
chronos_2,electricity,Italy,Europe,True,False,rolling,2022-12-01,9,2023-09-01,21570.0,22059.34765625,1258.5780085267797,20381.72265625,23607.587890625,0.8,1165.2777777777778,
chronos_2,electricity,Italy,Europe,True,False,rolling,2022-12-01,10,2023-10-01,20120.0,20894.5234375,1324.6234391404373,19081.41796875,22476.564453125,0.8,1165.2777777777778,
chronos_2,electricity,Italy,Europe,True,False,rolling,2022-12-01,11,2023-11-01,19760.0,21522.51953125,1361.0729393543827,19697.5859375,23186.15625,0.8,1165.2777777777778,
chronos_2,electricity,Italy,Europe,True,False,rolling,2022-12-01,12,2023-12-01,19840.0,22423.02734375,1369.7919237678202,20577.560546875,24088.478515625,0.8,1165.2777777777778,
chronos_2,electricity,Italy,Europe,True,False,rolling,2023-12-01,1,2024-01-01,20450.0,21783.23046875,1120.0702125200942,20303.208984375,23174.064453125,0.8,1202.5,
chronos_2,electricity,Italy,Europe,True,False,rolling,2023-12-01,2,2024-02-01,18450.0,19146.2890625,1254.248996950767,17565.58203125,20780.3515625,0.8,1202.5,
chronos_2,electricity,Italy,Europe,True,False,rolling,2023-12-01,3,2024-03-01,19840.0,19731.14453125,1255.1390313673808,18140.62890625,21357.6796875,0.8,1202.5,
chronos_2,electricity,Italy,Europe,True,False,rolling,2023-12-01,4,2024-04-01,19440.0,18300.7109375,1286.4319708816467,16640.189453125,19937.447265625,0.8,1202.5,
chronos_2,electricity,Italy,Europe,True,False,rolling,2023-12-01,5,2024-05-01,20370.0,19439.361328125,1288.6783933646752,17822.12890625,21125.14453125,0.8,1202.5,
chronos_2,electricity,Italy,Europe,True,False,rolling,2023-12-01,6,2024-06-01,21950.0,21640.125,1258.1619479176436,19950.5703125,23175.369140625,0.8,1202.5,
chronos_2,electricity,Italy,Europe,True,False,rolling,2023-12-01,7,2024-07-01,26310.0,24079.0546875,1350.3170867940198,22285.60546875,25746.607421875,0.8,1202.5,
chronos_2,electricity,Italy,Europe,True,False,rolling,2023-12-01,8,2024-08-01,23240.0,21557.73046875,1355.7555933277292,19750.953125,23225.89453125,0.8,1202.5,
chronos_2,electricity,Italy,Europe,True,False,rolling,2023-12-01,9,2024-09-01,21160.0,21016.01171875,1353.0291009110817,19214.7421875,22682.6953125,0.8,1202.5,
chronos_2,electricity,Italy,Europe,True,False,rolling,2023-12-01,10,2024-10-01,20210.0,19759.1484375,1435.73295822131,17846.244140625,21526.17578125,0.8,1202.5,
chronos_2,electricity,Italy,Europe,True,False,rolling,2023-12-01,11,2024-11-01,20890.0,19971.3984375,1481.8471044163452,18036.830078125,21834.95703125,0.8,1202.5,
chronos_2,electricity,Italy,Europe,True,False,rolling,2023-12-01,12,2024-12-01,20520.0,20585.3984375,1625.266854061295,18494.537109375,22660.263671875,0.8,1202.5,
chronos_2,electricity,Italy,Europe,True,False,rolling,2024-12-01,1,2025-01-01,20970.0,21381.669921875,1082.8678407277118,20021.41015625,22796.912109375,0.8,1171.3541666666667,
chronos_2,electricity,Italy,Europe,True,False,rolling,2024-12-01,2,2025-02-01,19660.0,19173.84375,1168.3004765018902,17749.66796875,20744.142578125,0.8,1171.3541666666667,
chronos_2,electricity,Italy,Europe,True,False,rolling,2024-12-01,3,2025-03-01,20410.0,19828.876953125,1130.8207309700836,18422.22265625,21320.6328125,0.8,1171.3541666666667,
chronos_2,electricity,Italy,Europe,True,False,rolling,2024-12-01,4,2025-04-01,18650.0,18447.123046875,1155.3347782153458,16966.76953125,19928.01171875,0.8,1171.3541666666667,
chronos_2,electricity,Italy,Europe,True,False,rolling,2024-12-01,5,2025-05-01,19810.0,19489.21875,1167.229082332576,18071.15234375,21062.880859375,0.8,1171.3541666666667,
chronos_2,electricity,Italy,Europe,True,False,rolling,2024-12-01,6,2025-06-01,22180.0,21518.060546875,1151.469834241831,20033.466796875,22984.802734375,0.8,1171.3541666666667,
chronos_2,electricity,Italy,Europe,True,False,rolling,2024-12-01,7,2025-07-01,24130.0,24082.70703125,1220.9938668348052,22502.669921875,25632.203125,0.8,1171.3541666666667,
chronos_2,electricity,Italy,Europe,True,False,rolling,2024-12-01,8,2025-08-01,20740.0,21658.984375,1228.7854780590144,20080.57421875,23230.078125,0.8,1171.3541666666667,
chronos_2,electricity,Italy,Europe,True,False,rolling,2024-12-01,9,2025-09-01,20870.0,21028.76171875,1198.784155270913,19503.955078125,22576.5625,0.8,1171.3541666666667,
chronos_2,electricity,Italy,Europe,True,False,rolling,2024-12-01,10,2025-10-01,20390.0,19922.7890625,1291.8247564692972,18285.03515625,21596.115234375,0.8,1171.3541666666667,
chronos_2,electricity,Italy,Europe,True,False,rolling,2024-12-01,11,2025-11-01,20600.0,20336.349609375,1326.9491112633013,18632.908203125,22034.015625,0.8,1171.3541666666667,
chronos_2,electricity,Italy,Europe,True,False,rolling,2024-12-01,12,2025-12-01,21550.0,20686.224609375,1448.1423849974708,18885.669921875,22597.408203125,0.8,1171.3541666666667,
chronos_2,electricity,Latvia,Europe,True,False,holdout,last12,1,2025-05-01,400.0,349.03302001953125,99.48751058236499,241.5186004638672,496.5153503417969,0.8,119.28571428571429,
chronos_2,electricity,Latvia,Europe,True,False,holdout,last12,2,2025-06-01,480.0,244.60643005371094,102.4422445811678,139.08993530273438,401.65997314453125,0.8,119.28571428571429,
chronos_2,electricity,Latvia,Europe,True,False,holdout,last12,3,2025-07-01,480.0,233.40255737304688,106.80909500264298,119.46340942382812,393.22613525390625,0.8,119.28571428571429,
chronos_2,electricity,Latvia,Europe,True,False,holdout,last12,4,2025-08-01,440.0,258.91082763671875,117.84236892841554,130.89694213867188,432.9390869140625,0.8,119.28571428571429,
chronos_2,electricity,Latvia,Europe,True,False,holdout,last12,5,2025-09-01,330.0,283.76971435546875,121.83437903118573,154.41122436523438,466.685302734375,0.8,119.28571428571429,
chronos_2,electricity,Latvia,Europe,True,False,holdout,last12,6,2025-10-01,330.0,324.8257751464844,131.28174336002834,178.558837890625,515.0474853515625,0.8,119.28571428571429,
chronos_2,electricity,Latvia,Europe,True,False,holdout,last12,7,2025-11-01,470.0,448.0552978515625,140.71114078584932,283.00799560546875,643.6651611328125,0.8,119.28571428571429,
chronos_2,electricity,Latvia,Europe,True,False,holdout,last12,8,2025-12-01,510.0,521.7402954101562,146.56670807439016,350.52960205078125,726.1951904296875,0.8,119.28571428571429,
chronos_2,electricity,Latvia,Europe,True,False,holdout,last12,9,2026-01-01,750.0,587.14892578125,164.12789723219356,394.5752258300781,815.251953125,0.8,119.28571428571429,
chronos_2,electricity,Latvia,Europe,True,False,holdout,last12,10,2026-02-01,720.0,567.61865234375,175.95513205537432,366.1744384765625,817.1655883789062,0.8,119.28571428571429,
chronos_2,electricity,Latvia,Europe,True,False,holdout,last12,11,2026-03-01,680.0,608.6677856445312,196.9051243968757,374.2373962402344,878.925537109375,0.8,119.28571428571429,
chronos_2,electricity,Latvia,Europe,True,False,holdout,last12,12,2026-04-01,580.0,554.7113647460938,189.9765793750035,334.8251953125,821.7547607421875,0.8,119.28571428571429,
chronos_2,electricity,Latvia,Europe,True,False,rolling,2022-12-01,1,2023-01-01,890.0,543.368896484375,123.30780795691292,392.7572326660156,708.807861328125,0.8,112.61904761904762,
chronos_2,electricity,Latvia,Europe,True,False,rolling,2022-12-01,2,2023-02-01,650.0,510.5387878417969,132.3680682757899,353.4490966796875,692.7221069335938,0.8,112.61904761904762,
chronos_2,electricity,Latvia,Europe,True,False,rolling,2022-12-01,3,2023-03-01,820.0,562.5794067382812,138.55169525879992,395.6867980957031,750.80908203125,0.8,112.61904761904762,
chronos_2,electricity,Latvia,Europe,True,False,rolling,2022-12-01,4,2023-04-01,960.0,522.3419189453125,135.6379731867419,359.84735107421875,707.50146484375,0.8,112.61904761904762,
chronos_2,electricity,Latvia,Europe,True,False,rolling,2022-12-01,5,2023-05-01,340.0,403.05352783203125,129.17106684210844,248.81002807617188,579.8887939453125,0.8,112.61904761904762,
chronos_2,electricity,Latvia,Europe,True,False,rolling,2022-12-01,6,2023-06-01,190.0,301.1786193847656,123.52205345258594,163.19430541992188,479.7940673828125,0.8,112.61904761904762,
chronos_2,electricity,Latvia,Europe,True,False,rolling,2022-12-01,7,2023-07-01,130.0,280.5777282714844,122.11352683856896,147.18603515625,460.17559814453125,0.8,112.61904761904762,
chronos_2,electricity,Latvia,Europe,True,False,rolling,2022-12-01,8,2023-08-01,230.0,293.48974609375,131.18938466769,152.85183715820312,489.103759765625,0.8,112.61904761904762,
chronos_2,electricity,Latvia,Europe,True,False,rolling,2022-12-01,9,2023-09-01,270.0,313.2806396484375,136.16920533526044,160.66204833984375,509.6777648925781,0.8,112.61904761904762,
chronos_2,electricity,Latvia,Europe,True,False,rolling,2022-12-01,10,2023-10-01,270.0,354.52313232421875,141.5638126168556,191.41876220703125,554.2614135742188,0.8,112.61904761904762,
chronos_2,electricity,Latvia,Europe,True,False,rolling,2022-12-01,11,2023-11-01,470.0,461.06805419921875,145.72713338939033,287.42041015625,660.93408203125,0.8,112.61904761904762,
chronos_2,electricity,Latvia,Europe,True,False,rolling,2022-12-01,12,2023-12-01,570.0,523.812744140625,150.1167252189313,344.82403564453125,729.5886840820312,0.8,112.61904761904762,
chronos_2,electricity,Latvia,Europe,True,False,rolling,2023-12-01,1,2024-01-01,800.0,559.827880859375,111.81515758821182,436.3072204589844,722.9010009765625,0.8,115.83333333333333,
chronos_2,electricity,Latvia,Europe,True,False,rolling,2023-12-01,2,2024-02-01,750.0,518.030517578125,126.87676833717796,377.7144775390625,702.9127197265625,0.8,115.83333333333333,
chronos_2,electricity,Latvia,Europe,True,False,rolling,2023-12-01,3,2024-03-01,920.0,550.0968017578125,142.19966714897305,391.72021484375,756.192626953125,0.8,115.83333333333333,
chronos_2,electricity,Latvia,Europe,True,False,rolling,2023-12-01,4,2024-04-01,800.0,517.8416748046875,143.78989880408517,359.99090576171875,728.5392456054688,0.8,115.83333333333333,
chronos_2,electricity,Latvia,Europe,True,False,rolling,2023-12-01,5,2024-05-01,480.0,369.53369140625,131.6773605148981,225.13314819335938,562.6358032226562,0.8,115.83333333333333,
chronos_2,electricity,Latvia,Europe,True,False,rolling,2023-12-01,6,2024-06-01,220.0,243.6624755859375,118.20612429900052,128.06246948242188,431.0369567871094,0.8,115.83333333333333,
chronos_2,electricity,Latvia,Europe,True,False,rolling,2023-12-01,7,2024-07-01,290.0,216.40289306640625,109.29926727934833,111.17276000976562,391.31805419921875,0.8,115.83333333333333,
chronos_2,electricity,Latvia,Europe,True,False,rolling,2023-12-01,8,2024-08-01,310.0,238.46234130859375,120.72771781962501,122.70074462890625,432.1383361816406,0.8,115.83333333333333,
chronos_2,electricity,Latvia,Europe,True,False,rolling,2023-12-01,9,2024-09-01,300.0,224.3902587890625,118.57330874053993,105.75918579101562,409.6748046875,0.8,115.83333333333333,
chronos_2,electricity,Latvia,Europe,True,False,rolling,2023-12-01,10,2024-10-01,210.0,265.602294921875,126.94756436459109,129.80169677734375,455.181396484375,0.8,115.83333333333333,
chronos_2,electricity,Latvia,Europe,True,False,rolling,2023-12-01,11,2024-11-01,350.0,422.20770263671875,145.15443091401679,258.90765380859375,630.9534301757812,0.8,115.83333333333333,
chronos_2,electricity,Latvia,Europe,True,False,rolling,2023-12-01,12,2024-12-01,370.0,517.44677734375,163.5590643681401,338.06378173828125,757.2825317382812,0.8,115.83333333333333,
chronos_2,electricity,Latvia,Europe,True,False,rolling,2024-12-01,1,2025-01-01,610.0,549.7333984375,128.9087191011026,394.2241516113281,724.6304931640625,0.8,114.72222222222223,
chronos_2,electricity,Latvia,Europe,True,False,rolling,2024-12-01,2,2025-02-01,720.0,513.9714965820312,147.22519685610607,346.9812316894531,724.3345947265625,0.8,114.72222222222223,
chronos_2,electricity,Latvia,Europe,True,False,rolling,2024-12-01,3,2025-03-01,550.0,640.8629150390625,182.89366662770055,431.20721435546875,899.9825439453125,0.8,114.72222222222223,
chronos_2,electricity,Latvia,Europe,True,False,rolling,2024-12-01,4,2025-04-01,420.0,595.2345581054688,169.17937119491572,397.7154846191406,831.3396606445312,0.8,114.72222222222223,
chronos_2,electricity,Latvia,Europe,True,False,rolling,2024-12-01,5,2025-05-01,400.0,394.9096984863281,134.7313053946999,237.42037963867188,582.7506103515625,0.8,114.72222222222223,
chronos_2,electricity,Latvia,Europe,True,False,rolling,2024-12-01,6,2025-06-01,480.0,255.91952514648438,121.61232287389433,124.82000732421875,436.5249328613281,0.8,114.72222222222223,
chronos_2,electricity,Latvia,Europe,True,False,rolling,2024-12-01,7,2025-07-01,480.0,248.606201171875,119.19514932643047,121.93362426757812,427.4430847167969,0.8,114.72222222222223,
chronos_2,electricity,Latvia,Europe,True,False,rolling,2024-12-01,8,2025-08-01,440.0,274.1988525390625,129.5913542574559,135.15005493164062,467.3060607910156,0.8,114.72222222222223,
chronos_2,electricity,Latvia,Europe,True,False,rolling,2024-12-01,9,2025-09-01,330.0,288.48333740234375,130.13011131167997,143.37796020507812,476.91485595703125,0.8,114.72222222222223,
chronos_2,electricity,Latvia,Europe,True,False,rolling,2024-12-01,10,2025-10-01,330.0,311.7509765625,133.11202188844618,150.5135498046875,491.6933898925781,0.8,114.72222222222223,
chronos_2,electricity,Latvia,Europe,True,False,rolling,2024-12-01,11,2025-11-01,470.0,445.0368957519531,152.97697521579383,262.18408203125,654.2798461914062,0.8,114.72222222222223,
chronos_2,electricity,Latvia,Europe,True,False,rolling,2024-12-01,12,2025-12-01,510.0,515.0516967773438,168.22352957286762,316.61212158203125,747.786376953125,0.8,114.72222222222223,
chronos_2,electricity,Lithuania,Europe,True,False,holdout,last12,1,2025-05-01,810.0,767.5770263671875,85.90860987304607,661.8580322265625,882.0506591796875,0.8,83.66071428571429,
chronos_2,electricity,Lithuania,Europe,True,False,holdout,last12,2,2025-06-01,770.0,756.8759765625,100.73505541221796,626.8350830078125,885.0294189453125,0.8,83.66071428571429,
chronos_2,electricity,Lithuania,Europe,True,False,holdout,last12,3,2025-07-01,610.0,754.6724853515625,116.21702501550975,607.2884521484375,905.1646728515625,0.8,83.66071428571429,
chronos_2,electricity,Lithuania,Europe,True,False,holdout,last12,4,2025-08-01,600.0,758.4005737304688,131.5372091461326,589.2100830078125,926.353515625,0.8,83.66071428571429,
chronos_2,electricity,Lithuania,Europe,True,False,holdout,last12,5,2025-09-01,620.0,767.9366455078125,141.8210643774153,583.9907836914062,947.4927978515625,0.8,83.66071428571429,
chronos_2,electricity,Lithuania,Europe,True,False,holdout,last12,6,2025-10-01,740.0,771.5382080078125,149.36680645159393,585.133544921875,967.97607421875,0.8,83.66071428571429,
chronos_2,electricity,Lithuania,Europe,True,False,holdout,last12,7,2025-11-01,550.0,778.9686279296875,161.45104299891062,574.654541015625,988.47021484375,0.8,83.66071428571429,
chronos_2,electricity,Lithuania,Europe,True,False,holdout,last12,8,2025-12-01,730.0,791.6273193359375,173.6943979637095,573.59765625,1018.7943115234375,0.8,83.66071428571429,
chronos_2,electricity,Lithuania,Europe,True,False,holdout,last12,9,2026-01-01,920.0,805.264892578125,179.0403195816497,572.722900390625,1031.6217041015625,0.8,83.66071428571429,
chronos_2,electricity,Lithuania,Europe,True,False,holdout,last12,10,2026-02-01,780.0,795.7022094726562,187.5938989475221,560.420166015625,1041.24267578125,0.8,83.66071428571429,
chronos_2,electricity,Lithuania,Europe,True,False,holdout,last12,11,2026-03-01,750.0,791.052978515625,200.38716735364326,541.7913208007812,1055.404296875,0.8,83.66071428571429,
chronos_2,electricity,Lithuania,Europe,True,False,holdout,last12,12,2026-04-01,880.0,780.50732421875,211.30885359544078,515.2509155273438,1056.8572998046875,0.8,83.66071428571429,
chronos_2,electricity,Lithuania,Europe,True,False,rolling,2022-12-01,1,2023-01-01,360.0,314.5072326660156,54.65517611373417,245.78717041015625,385.8740234375,0.8,58.80952380952381,
chronos_2,electricity,Lithuania,Europe,True,False,rolling,2022-12-01,2,2023-02-01,320.0,303.8409423828125,61.78579223874155,227.5093536376953,385.8727111816406,0.8,58.80952380952381,
chronos_2,electricity,Lithuania,Europe,True,False,rolling,2022-12-01,3,2023-03-01,420.0,299.2717590332031,64.16800235961634,219.9771728515625,384.4463806152344,0.8,58.80952380952381,
chronos_2,electricity,Lithuania,Europe,True,False,rolling,2022-12-01,4,2023-04-01,360.0,294.6870422363281,66.89426259958458,213.98011779785156,385.43701171875,0.8,58.80952380952381,
chronos_2,electricity,Lithuania,Europe,True,False,rolling,2022-12-01,5,2023-05-01,330.0,290.3632507324219,67.36109250924042,208.6421661376953,381.29559326171875,0.8,58.80952380952381,
chronos_2,electricity,Lithuania,Europe,True,False,rolling,2022-12-01,6,2023-06-01,350.0,288.51129150390625,68.68039183946426,205.2244415283203,381.2593688964844,0.8,58.80952380952381,
chronos_2,electricity,Lithuania,Europe,True,False,rolling,2022-12-01,7,2023-07-01,380.0,288.2568054199219,69.72668116118338,204.03253173828125,382.74920654296875,0.8,58.80952380952381,
chronos_2,electricity,Lithuania,Europe,True,False,rolling,2022-12-01,8,2023-08-01,410.0,288.6813049316406,70.98557883532469,203.80523681640625,385.74859619140625,0.8,58.80952380952381,
chronos_2,electricity,Lithuania,Europe,True,False,rolling,2022-12-01,9,2023-09-01,430.0,290.9813537597656,71.7788372494471,204.4720458984375,388.4486083984375,0.8,58.80952380952381,
chronos_2,electricity,Lithuania,Europe,True,False,rolling,2022-12-01,10,2023-10-01,590.0,292.5177307128906,73.08218782778398,205.9191131591797,393.2362976074219,0.8,58.80952380952381,
chronos_2,electricity,Lithuania,Europe,True,False,rolling,2022-12-01,11,2023-11-01,400.0,294.4541931152344,74.51149127796575,205.6923370361328,396.6729736328125,0.8,58.80952380952381,
chronos_2,electricity,Lithuania,Europe,True,False,rolling,2022-12-01,12,2023-12-01,560.0,296.4261169433594,74.44077859602722,206.58412170410156,397.3835144042969,0.8,58.80952380952381,
chronos_2,electricity,Lithuania,Europe,True,False,rolling,2023-12-01,1,2024-01-01,660.0,508.9507141113281,80.18072785157189,400.92694091796875,606.4384155273438,0.8,67.08333333333333,
chronos_2,electricity,Lithuania,Europe,True,False,rolling,2023-12-01,2,2024-02-01,520.0,487.8228759765625,99.65527906945961,359.9808349609375,615.4075927734375,0.8,67.08333333333333,
chronos_2,electricity,Lithuania,Europe,True,False,rolling,2023-12-01,3,2024-03-01,570.0,468.8577880859375,111.73022854960809,329.0811767578125,615.457275390625,0.8,67.08333333333333,
chronos_2,electricity,Lithuania,Europe,True,False,rolling,2023-12-01,4,2024-04-01,580.0,446.9650573730469,117.02426165636996,308.70458984375,608.6498413085938,0.8,67.08333333333333,
chronos_2,electricity,Lithuania,Europe,True,False,rolling,2023-12-01,5,2024-05-01,580.0,425.9840393066406,120.29957211667372,287.85589599609375,596.1961059570312,0.8,67.08333333333333,
chronos_2,electricity,Lithuania,Europe,True,False,rolling,2023-12-01,6,2024-06-01,550.0,416.7541198730469,123.19010033380393,276.5739440917969,592.3228759765625,0.8,67.08333333333333,
chronos_2,electricity,Lithuania,Europe,True,False,rolling,2023-12-01,7,2024-07-01,560.0,406.87420654296875,127.4673662765949,270.1733703613281,596.8853759765625,0.8,67.08333333333333,
chronos_2,electricity,Lithuania,Europe,True,False,rolling,2023-12-01,8,2024-08-01,550.0,404.4620666503906,132.85380570168056,260.63458251953125,601.152587890625,0.8,67.08333333333333,
chronos_2,electricity,Lithuania,Europe,True,False,rolling,2023-12-01,9,2024-09-01,560.0,404.87689208984375,135.05734098478626,257.836669921875,604.0025634765625,0.8,67.08333333333333,
chronos_2,electricity,Lithuania,Europe,True,False,rolling,2023-12-01,10,2024-10-01,560.0,409.4117431640625,139.75256066963624,256.0810241699219,614.28125,0.8,67.08333333333333,
chronos_2,electricity,Lithuania,Europe,True,False,rolling,2023-12-01,11,2024-11-01,600.0,413.193359375,142.2629144576879,261.686767578125,626.3212890625,0.8,67.08333333333333,
chronos_2,electricity,Lithuania,Europe,True,False,rolling,2023-12-01,12,2024-12-01,730.0,419.59259033203125,142.03669102666717,265.48388671875,629.53857421875,0.8,67.08333333333333,
chronos_2,electricity,Lithuania,Europe,True,False,rolling,2024-12-01,1,2025-01-01,810.0,656.514404296875,77.79564231182387,561.4047241210938,760.802978515625,0.8,79.72222222222223,
chronos_2,electricity,Lithuania,Europe,True,False,rolling,2024-12-01,2,2025-02-01,620.0,645.835693359375,85.84343371191936,537.4036865234375,757.4292602539062,0.8,79.72222222222223,
chronos_2,electricity,Lithuania,Europe,True,False,rolling,2024-12-01,3,2025-03-01,810.0,641.1953125,95.53229750662477,520.8363037109375,765.6954345703125,0.8,79.72222222222223,
chronos_2,electricity,Lithuania,Europe,True,False,rolling,2024-12-01,4,2025-04-01,850.0,629.5303344726562,108.3471047646784,492.8911437988281,770.595947265625,0.8,79.72222222222223,
chronos_2,electricity,Lithuania,Europe,True,False,rolling,2024-12-01,5,2025-05-01,810.0,618.86669921875,115.22403512478877,467.0138854980469,762.344970703125,0.8,79.72222222222223,
chronos_2,electricity,Lithuania,Europe,True,False,rolling,2024-12-01,6,2025-06-01,770.0,611.655029296875,121.52359566294872,455.3524475097656,766.8299560546875,0.8,79.72222222222223,
chronos_2,electricity,Lithuania,Europe,True,False,rolling,2024-12-01,7,2025-07-01,610.0,610.5389404296875,129.31936225439074,443.60888671875,775.0677490234375,0.8,79.72222222222223,
chronos_2,electricity,Lithuania,Europe,True,False,rolling,2024-12-01,8,2025-08-01,600.0,613.7355346679688,139.952685060615,433.5633239746094,792.2764892578125,0.8,79.72222222222223,
chronos_2,electricity,Lithuania,Europe,True,False,rolling,2024-12-01,9,2025-09-01,620.0,622.7090454101562,141.2271326190149,440.7505187988281,802.730224609375,0.8,79.72222222222223,
chronos_2,electricity,Lithuania,Europe,True,False,rolling,2024-12-01,10,2025-10-01,740.0,636.397705078125,144.37600799437078,448.97967529296875,819.0302734375,0.8,79.72222222222223,
chronos_2,electricity,Lithuania,Europe,True,False,rolling,2024-12-01,11,2025-11-01,550.0,646.3900756835938,157.03784058706893,445.6083679199219,848.112548828125,0.8,79.72222222222223,
chronos_2,electricity,Lithuania,Europe,True,False,rolling,2024-12-01,12,2025-12-01,730.0,657.0217895507812,162.10330468302527,443.53607177734375,859.0235595703125,0.8,79.72222222222223,
chronos_2,electricity,Luxembourg,Europe,True,False,holdout,last12,1,2025-05-01,130.0,121.51045989990234,15.342479045074757,99.70707702636719,139.03143310546875,0.8,13.421052631578947,
chronos_2,electricity,Luxembourg,Europe,True,False,holdout,last12,2,2025-06-01,120.0,112.625,17.24412808935556,89.16368865966797,133.36216735839844,0.8,13.421052631578947,
chronos_2,electricity,Luxembourg,Europe,True,False,holdout,last12,3,2025-07-01,110.0,109.70023345947266,17.798813059097952,86.00828552246094,131.62847900390625,0.8,13.421052631578947,
chronos_2,electricity,Luxembourg,Europe,True,False,holdout,last12,4,2025-08-01,110.0,107.83914184570312,18.29452812894624,83.85995483398438,130.75071716308594,0.8,13.421052631578947,
chronos_2,electricity,Luxembourg,Europe,True,False,holdout,last12,5,2025-09-01,100.0,103.27915954589844,18.69239263500578,79.7396240234375,127.65015411376953,0.8,13.421052631578947,
chronos_2,electricity,Luxembourg,Europe,True,False,holdout,last12,6,2025-10-01,100.0,108.33841705322266,18.991218904263715,83.44306945800781,132.11952209472656,0.8,13.421052631578947,
chronos_2,electricity,Luxembourg,Europe,True,False,holdout,last12,7,2025-11-01,100.0,109.25748443603516,19.731758329086016,83.56562042236328,134.14015197753906,0.8,13.421052631578947,
chronos_2,electricity,Luxembourg,Europe,True,False,holdout,last12,8,2025-12-01,120.0,111.94000244140625,20.218876908555515,85.75521087646484,137.57827758789062,0.8,13.421052631578947,
chronos_2,electricity,Luxembourg,Europe,True,False,holdout,last12,9,2026-01-01,90.0,115.18330383300781,20.571669372608266,87.79292297363281,140.52023315429688,0.8,13.421052631578947,
chronos_2,electricity,Luxembourg,Europe,True,False,holdout,last12,10,2026-02-01,120.0,117.32757568359375,21.082993859196986,88.92410278320312,142.9619903564453,0.8,13.421052631578947,
chronos_2,electricity,Luxembourg,Europe,True,False,holdout,last12,11,2026-03-01,110.0,119.64109802246094,20.921994215288436,91.76144409179688,145.3866729736328,0.8,13.421052631578947,
chronos_2,electricity,Luxembourg,Europe,True,False,holdout,last12,12,2026-04-01,120.0,119.18563079833984,20.95355238391583,91.03347778320312,144.73959350585938,0.8,13.421052631578947,
chronos_2,electricity,Luxembourg,Europe,True,False,rolling,2022-12-01,1,2023-01-01,100.0,97.88605499267578,12.963757527636233,81.00399780273438,114.2314453125,0.8,12.708333333333334,
chronos_2,electricity,Luxembourg,Europe,True,False,rolling,2022-12-01,2,2023-02-01,100.0,109.61036682128906,14.956491269143806,90.04967498779297,128.38470458984375,0.8,12.708333333333334,
chronos_2,electricity,Luxembourg,Europe,True,False,rolling,2022-12-01,3,2023-03-01,120.0,113.89619445800781,16.44754180949787,92.52758026123047,134.684326171875,0.8,12.708333333333334,
chronos_2,electricity,Luxembourg,Europe,True,False,rolling,2022-12-01,4,2023-04-01,110.0,113.79393768310547,17.023155423233774,91.71793365478516,135.35003662109375,0.8,12.708333333333334,
chronos_2,electricity,Luxembourg,Europe,True,False,rolling,2022-12-01,5,2023-05-01,110.0,109.4694595336914,17.523519979914358,87.09261322021484,132.0072021484375,0.8,12.708333333333334,
chronos_2,electricity,Luxembourg,Europe,True,False,rolling,2022-12-01,6,2023-06-01,80.0,102.23747253417969,17.056597794911642,80.3316650390625,124.04948425292969,0.8,12.708333333333334,
chronos_2,electricity,Luxembourg,Europe,True,False,rolling,2022-12-01,7,2023-07-01,80.0,96.46249389648438,16.924697628130183,74.84208679199219,118.22183227539062,0.8,12.708333333333334,
chronos_2,electricity,Luxembourg,Europe,True,False,rolling,2022-12-01,8,2023-08-01,90.0,89.74861907958984,16.997306419615562,67.88341522216797,111.44926452636719,0.8,12.708333333333334,
chronos_2,electricity,Luxembourg,Europe,True,False,rolling,2022-12-01,9,2023-09-01,70.0,84.37510681152344,17.128310622545218,62.489593505859375,106.39122009277344,0.8,12.708333333333334,
chronos_2,electricity,Luxembourg,Europe,True,False,rolling,2022-12-01,10,2023-10-01,90.0,88.01940155029297,17.711731921275426,65.7186279296875,111.1156234741211,0.8,12.708333333333334,
chronos_2,electricity,Luxembourg,Europe,True,False,rolling,2022-12-01,11,2023-11-01,110.0,90.48725891113281,18.248774440022295,67.73523712158203,114.50872802734375,0.8,12.708333333333334,
chronos_2,electricity,Luxembourg,Europe,True,False,rolling,2022-12-01,12,2023-12-01,90.0,95.5286865234375,19.34316303045014,71.07025909423828,120.6487808227539,0.8,12.708333333333334,
chronos_2,electricity,Luxembourg,Europe,True,False,rolling,2023-12-01,1,2024-01-01,110.0,102.89593505859375,12.842207082823972,85.97071075439453,118.88661193847656,0.8,11.833333333333334,
chronos_2,electricity,Luxembourg,Europe,True,False,rolling,2023-12-01,2,2024-02-01,110.0,108.15505981445312,13.097729424785989,91.0167236328125,124.58755493164062,0.8,11.833333333333334,
chronos_2,electricity,Luxembourg,Europe,True,False,rolling,2023-12-01,3,2024-03-01,100.0,113.07281494140625,13.919908718589944,94.719482421875,130.39764404296875,0.8,11.833333333333334,
chronos_2,electricity,Luxembourg,Europe,True,False,rolling,2023-12-01,4,2024-04-01,120.0,107.19886016845703,13.977545090890663,89.2278060913086,125.05369567871094,0.8,11.833333333333334,
chronos_2,electricity,Luxembourg,Europe,True,False,rolling,2023-12-01,5,2024-05-01,110.0,101.93378448486328,14.463398605120902,83.40852355957031,120.47970581054688,0.8,11.833333333333334,
chronos_2,electricity,Luxembourg,Europe,True,False,rolling,2023-12-01,6,2024-06-01,100.0,89.49922943115234,13.745067772651836,72.44512176513672,107.6751480102539,0.8,11.833333333333334,
chronos_2,electricity,Luxembourg,Europe,True,False,rolling,2023-12-01,7,2024-07-01,110.0,84.79126739501953,13.936684971974588,67.43135833740234,103.15251922607422,0.8,11.833333333333334,
chronos_2,electricity,Luxembourg,Europe,True,False,rolling,2023-12-01,8,2024-08-01,120.0,82.78787231445312,14.487747390196555,64.9007568359375,102.03434753417969,0.8,11.833333333333334,
chronos_2,electricity,Luxembourg,Europe,True,False,rolling,2023-12-01,9,2024-09-01,120.0,77.05318450927734,14.724488722447713,58.18181228637695,95.92219543457031,0.8,11.833333333333334,
chronos_2,electricity,Luxembourg,Europe,True,False,rolling,2023-12-01,10,2024-10-01,120.0,88.55097961425781,15.14179207214253,69.6076431274414,108.41761779785156,0.8,11.833333333333334,
chronos_2,electricity,Luxembourg,Europe,True,False,rolling,2023-12-01,11,2024-11-01,100.0,94.35248565673828,16.086468377220122,74.66121673583984,115.89249420166016,0.8,11.833333333333334,
chronos_2,electricity,Luxembourg,Europe,True,False,rolling,2023-12-01,12,2024-12-01,100.0,97.95526885986328,16.19038827753323,77.95913696289062,119.45677185058594,0.8,11.833333333333334,
chronos_2,electricity,Luxembourg,Europe,True,False,rolling,2024-12-01,1,2025-01-01,120.0,106.954345703125,14.060854845988143,87.29296112060547,123.33238220214844,0.8,13.055555555555555,
chronos_2,electricity,Luxembourg,Europe,True,False,rolling,2024-12-01,2,2025-02-01,80.0,110.05413055419922,15.248801708263525,88.55501556396484,127.63926696777344,0.8,13.055555555555555,
chronos_2,electricity,Luxembourg,Europe,True,False,rolling,2024-12-01,3,2025-03-01,140.0,112.40899658203125,15.863513279452816,89.77455139160156,130.4343719482422,0.8,13.055555555555555,
chronos_2,electricity,Luxembourg,Europe,True,False,rolling,2024-12-01,4,2025-04-01,120.0,112.74705505371094,16.407271062152088,89.26008605957031,131.31361389160156,0.8,13.055555555555555,
chronos_2,electricity,Luxembourg,Europe,True,False,rolling,2024-12-01,5,2025-05-01,130.0,111.08775329589844,17.22574148233694,86.69590759277344,130.84725952148438,0.8,13.055555555555555,
chronos_2,electricity,Luxembourg,Europe,True,False,rolling,2024-12-01,6,2025-06-01,120.0,105.52303314208984,17.92703114187714,81.71832275390625,127.66715240478516,0.8,13.055555555555555,
chronos_2,electricity,Luxembourg,Europe,True,False,rolling,2024-12-01,7,2025-07-01,110.0,103.58568572998047,18.359742986186152,79.05545806884766,126.11337280273438,0.8,13.055555555555555,
chronos_2,electricity,Luxembourg,Europe,True,False,rolling,2024-12-01,8,2025-08-01,110.0,102.52991485595703,18.228703063767387,78.1083984375,124.8304443359375,0.8,13.055555555555555,
chronos_2,electricity,Luxembourg,Europe,True,False,rolling,2024-12-01,9,2025-09-01,100.0,101.97608184814453,18.72902892433477,77.56509399414062,125.56952667236328,0.8,13.055555555555555,
chronos_2,electricity,Luxembourg,Europe,True,False,rolling,2024-12-01,10,2025-10-01,100.0,105.3889389038086,18.705781490173297,80.52928924560547,128.47413635253906,0.8,13.055555555555555,
chronos_2,electricity,Luxembourg,Europe,True,False,rolling,2024-12-01,11,2025-11-01,100.0,107.69937896728516,18.475378878926858,82.55284881591797,129.9071502685547,0.8,13.055555555555555,
chronos_2,electricity,Luxembourg,Europe,True,False,rolling,2024-12-01,12,2025-12-01,120.0,108.43966674804688,18.450744337938335,83.18721771240234,130.47837829589844,0.8,13.055555555555555,
chronos_2,electricity,Malta,Europe,True,False,holdout,last12,1,2025-04-01,250.0,249.56436157226562,16.82453422742166,227.70321655273438,270.82623291015625,0.8,26.50793650793651,
chronos_2,electricity,Malta,Europe,True,False,holdout,last12,2,2025-05-01,270.0,254.2834930419922,20.88000595584135,228.11282348632812,281.63043212890625,0.8,26.50793650793651,
chronos_2,electricity,Malta,Europe,True,False,holdout,last12,3,2025-06-01,300.0,275.5838928222656,24.595255503750405,244.1565399169922,307.19671630859375,0.8,26.50793650793651,
chronos_2,electricity,Malta,Europe,True,False,holdout,last12,4,2025-07-01,340.0,304.2803649902344,28.01959362586316,267.4751892089844,339.29229736328125,0.8,26.50793650793651,
chronos_2,electricity,Malta,Europe,True,False,holdout,last12,5,2025-08-01,320.0,315.9278869628906,31.52348500346881,274.3727722167969,355.17071533203125,0.8,26.50793650793651,
chronos_2,electricity,Malta,Europe,True,False,holdout,last12,6,2025-09-01,300.0,270.12249755859375,29.117711926278755,234.0135955810547,308.6452941894531,0.8,26.50793650793651,
chronos_2,electricity,Malta,Europe,True,False,holdout,last12,7,2025-10-01,270.0,260.0946960449219,28.834986216736493,224.36807250976562,298.2751159667969,0.8,26.50793650793651,
chronos_2,electricity,Malta,Europe,True,False,holdout,last12,8,2025-11-01,260.0,250.7473907470703,30.04230494860507,213.89834594726562,290.8998718261719,0.8,26.50793650793651,
chronos_2,electricity,Malta,Europe,True,False,holdout,last12,9,2025-12-01,260.0,251.9083709716797,30.099235860995897,215.0084991455078,292.15594482421875,0.8,26.50793650793651,
chronos_2,electricity,Malta,Europe,True,False,holdout,last12,10,2026-01-01,270.0,266.7650146484375,33.02339397712179,225.874755859375,310.5171203613281,0.8,26.50793650793651,
chronos_2,electricity,Malta,Europe,True,False,holdout,last12,11,2026-02-01,280.0,258.6734313964844,32.13969381657657,220.03555297851562,302.41290283203125,0.8,26.50793650793651,
chronos_2,electricity,Malta,Europe,True,False,holdout,last12,12,2026-03-01,260.0,258.7310485839844,33.32711679301169,217.58258056640625,303.00341796875,0.8,26.50793650793651,
chronos_2,electricity,Malta,Europe,True,False,rolling,2022-12-01,1,2023-01-01,290.0,254.07937622070312,23.946446703582925,225.4143829345703,286.7915954589844,0.8,26.11111111111111,
chronos_2,electricity,Malta,Europe,True,False,rolling,2022-12-01,2,2023-02-01,280.0,252.586669921875,30.620555851286824,216.8101806640625,295.2938232421875,0.8,26.11111111111111,
chronos_2,electricity,Malta,Europe,True,False,rolling,2022-12-01,3,2023-03-01,290.0,251.88136291503906,34.116868743953276,212.3769989013672,299.8220520019531,0.8,26.11111111111111,
chronos_2,electricity,Malta,Europe,True,False,rolling,2022-12-01,4,2023-04-01,290.0,252.4526824951172,35.50704149381665,211.65939331054688,302.6676025390625,0.8,26.11111111111111,
chronos_2,electricity,Malta,Europe,True,False,rolling,2022-12-01,5,2023-05-01,290.0,253.38807678222656,36.80894543284464,211.70993041992188,306.0550537109375,0.8,26.11111111111111,
chronos_2,electricity,Malta,Europe,True,False,rolling,2022-12-01,6,2023-06-01,300.0,256.3939514160156,38.24398186102833,212.7587127685547,310.781982421875,0.8,26.11111111111111,
chronos_2,electricity,Malta,Europe,True,False,rolling,2022-12-01,7,2023-07-01,330.0,258.03253173828125,39.21837975766832,213.30770874023438,313.8284606933594,0.8,26.11111111111111,
chronos_2,electricity,Malta,Europe,True,False,rolling,2022-12-01,8,2023-08-01,330.0,258.7830810546875,40.0986984732446,213.98004150390625,316.75714111328125,0.8,26.11111111111111,
chronos_2,electricity,Malta,Europe,True,False,rolling,2022-12-01,9,2023-09-01,310.0,257.0963134765625,39.95289151870355,212.50946044921875,314.912841796875,0.8,26.11111111111111,
chronos_2,electricity,Malta,Europe,True,False,rolling,2022-12-01,10,2023-10-01,280.0,255.2366180419922,40.027104710574726,210.92984008789062,313.5234375,0.8,26.11111111111111,
chronos_2,electricity,Malta,Europe,True,False,rolling,2022-12-01,11,2023-11-01,250.0,253.20306396484375,40.29473298272045,208.50807189941406,311.7876281738281,0.8,26.11111111111111,
chronos_2,electricity,Malta,Europe,True,False,rolling,2022-12-01,12,2023-12-01,240.0,252.8473358154297,40.770522530894354,207.09490966796875,311.5939636230469,0.8,26.11111111111111,
chronos_2,electricity,Malta,Europe,True,False,rolling,2023-12-01,1,2024-01-01,270.0,252.306884765625,18.542939315951564,228.39974975585938,275.9272155761719,0.8,28.958333333333332,
chronos_2,electricity,Malta,Europe,True,False,rolling,2023-12-01,2,2024-02-01,260.0,253.221923828125,24.93553721674289,221.8670654296875,285.7794189453125,0.8,28.958333333333332,
chronos_2,electricity,Malta,Europe,True,False,rolling,2023-12-01,3,2024-03-01,280.0,257.4614562988281,29.617725241316435,220.41783142089844,296.33111572265625,0.8,28.958333333333332,
chronos_2,electricity,Malta,Europe,True,False,rolling,2023-12-01,4,2024-04-01,240.0,255.41319274902344,31.534837847757142,216.52516174316406,297.3522033691406,0.8,28.958333333333332,
chronos_2,electricity,Malta,Europe,True,False,rolling,2023-12-01,5,2024-05-01,270.0,254.48983764648438,32.47145643141667,214.99002075195312,298.21771240234375,0.8,28.958333333333332,
chronos_2,electricity,Malta,Europe,True,False,rolling,2023-12-01,6,2024-06-01,290.0,270.9591064453125,36.24936391647028,225.76934814453125,318.6802062988281,0.8,28.958333333333332,
chronos_2,electricity,Malta,Europe,True,False,rolling,2023-12-01,7,2024-07-01,320.0,293.19970703125,40.26090662653466,240.8817901611328,344.07464599609375,0.8,28.958333333333332,
chronos_2,electricity,Malta,Europe,True,False,rolling,2023-12-01,8,2024-08-01,340.0,298.8202209472656,42.30512108171991,242.6638641357422,351.09625244140625,0.8,28.958333333333332,
chronos_2,electricity,Malta,Europe,True,False,rolling,2023-12-01,9,2024-09-01,270.0,278.08038330078125,39.50854702744153,228.42930603027344,329.69378662109375,0.8,28.958333333333332,
chronos_2,electricity,Malta,Europe,True,False,rolling,2023-12-01,10,2024-10-01,270.0,267.6257019042969,39.7344847025494,217.11082458496094,318.95440673828125,0.8,28.958333333333332,
chronos_2,electricity,Malta,Europe,True,False,rolling,2023-12-01,11,2024-11-01,270.0,257.8003845214844,38.146467655762024,210.6078643798828,308.3811950683594,0.8,28.958333333333332,
chronos_2,electricity,Malta,Europe,True,False,rolling,2023-12-01,12,2024-12-01,250.0,258.24847412109375,39.80787039292289,209.34030151367188,311.3719787597656,0.8,28.958333333333332,
chronos_2,electricity,Malta,Europe,True,False,rolling,2024-12-01,1,2025-01-01,260.0,269.42987060546875,18.592029800483065,245.78890991210938,293.44219970703125,0.8,27.0,
chronos_2,electricity,Malta,Europe,True,False,rolling,2024-12-01,2,2025-02-01,250.0,264.32086181640625,23.258888210980864,235.30474853515625,294.919677734375,0.8,27.0,
chronos_2,electricity,Malta,Europe,True,False,rolling,2024-12-01,3,2025-03-01,250.0,266.87896728515625,26.34860020587665,233.87200927734375,301.40618896484375,0.8,27.0,
chronos_2,electricity,Malta,Europe,True,False,rolling,2024-12-01,4,2025-04-01,250.0,261.2645568847656,27.103192273039067,228.0868377685547,297.55511474609375,0.8,27.0,
chronos_2,electricity,Malta,Europe,True,False,rolling,2024-12-01,5,2025-05-01,270.0,265.65020751953125,28.515159864506828,230.57774353027344,303.6650390625,0.8,27.0,
chronos_2,electricity,Malta,Europe,True,False,rolling,2024-12-01,6,2025-06-01,300.0,288.1133728027344,31.636846755402942,247.82473754882812,328.9132385253906,0.8,27.0,
chronos_2,electricity,Malta,Europe,True,False,rolling,2024-12-01,7,2025-07-01,340.0,314.05023193359375,34.43307552128661,266.80322265625,355.0587463378906,0.8,27.0,
chronos_2,electricity,Malta,Europe,True,False,rolling,2024-12-01,8,2025-08-01,320.0,322.208740234375,36.40801798059404,273.4866943359375,366.80419921875,0.8,27.0,
chronos_2,electricity,Malta,Europe,True,False,rolling,2024-12-01,9,2025-09-01,300.0,282.2167053222656,34.209275062277065,240.2671356201172,327.94903564453125,0.8,27.0,
chronos_2,electricity,Malta,Europe,True,False,rolling,2024-12-01,10,2025-10-01,270.0,268.8334655761719,33.70692212070278,226.46844482421875,312.8627624511719,0.8,27.0,
chronos_2,electricity,Malta,Europe,True,False,rolling,2024-12-01,11,2025-11-01,260.0,257.28375244140625,32.504836293988596,217.00648498535156,300.3197326660156,0.8,27.0,
chronos_2,electricity,Malta,Europe,True,False,rolling,2024-12-01,12,2025-12-01,260.0,257.3374328613281,34.31052195415522,215.19915771484375,303.14056396484375,0.8,27.0,
chronos_2,electricity,Netherlands,Europe,True,False,holdout,last12,1,2025-05-01,11390.0,10142.83984375,585.756186481265,9417.3486328125,10918.7021484375,0.8,627.5892857142857,
chronos_2,electricity,Netherlands,Europe,True,False,holdout,last12,2,2025-06-01,10840.0,10017.154296875,615.5662433116863,9247.7666015625,10825.5263671875,0.8,627.5892857142857,
chronos_2,electricity,Netherlands,Europe,True,False,holdout,last12,3,2025-07-01,11530.0,10351.8994140625,654.4961048493286,9507.390625,11184.931640625,0.8,627.5892857142857,
chronos_2,electricity,Netherlands,Europe,True,False,holdout,last12,4,2025-08-01,11700.0,10187.068359375,656.0593801966602,9353.1396484375,11034.6875,0.8,627.5892857142857,
chronos_2,electricity,Netherlands,Europe,True,False,holdout,last12,5,2025-09-01,10840.0,10156.2607421875,683.0335953477764,9318.412109375,11069.09765625,0.8,627.5892857142857,
chronos_2,electricity,Netherlands,Europe,True,False,holdout,last12,6,2025-10-01,10960.0,10446.7431640625,729.9322367756062,9514.1728515625,11385.064453125,0.8,627.5892857142857,
chronos_2,electricity,Netherlands,Europe,True,False,holdout,last12,7,2025-11-01,11860.0,11051.552734375,765.5545688737689,10025.0732421875,11987.2685546875,0.8,627.5892857142857,
chronos_2,electricity,Netherlands,Europe,True,False,holdout,last12,8,2025-12-01,11890.0,11560.142578125,719.853816232683,10535.9931640625,12381.052734375,0.8,627.5892857142857,
chronos_2,electricity,Netherlands,Europe,True,False,holdout,last12,9,2026-01-01,13530.0,11765.6416015625,678.7598299149181,10806.7197265625,12546.451171875,0.8,627.5892857142857,
chronos_2,electricity,Netherlands,Europe,True,False,holdout,last12,10,2026-02-01,11690.0,11184.99609375,731.0341115756263,10202.5361328125,12076.251953125,0.8,627.5892857142857,
chronos_2,electricity,Netherlands,Europe,True,False,holdout,last12,11,2026-03-01,10870.0,11250.220703125,729.7520200465573,10258.8525390625,12129.2822265625,0.8,627.5892857142857,
chronos_2,electricity,Netherlands,Europe,True,False,holdout,last12,12,2026-04-01,10550.0,10231.337890625,754.4900999275081,9301.240234375,11235.076171875,0.8,627.5892857142857,
chronos_2,electricity,Netherlands,Europe,True,False,rolling,2022-12-01,1,2023-01-01,10270.0,11473.7880859375,580.2132837873876,10766.6396484375,12253.7861328125,0.8,666.547619047619,
chronos_2,electricity,Netherlands,Europe,True,False,rolling,2022-12-01,2,2023-02-01,9930.0,11069.990234375,692.8243549384122,10213.7685546875,11989.548828125,0.8,666.547619047619,
chronos_2,electricity,Netherlands,Europe,True,False,rolling,2022-12-01,3,2023-03-01,11000.0,11380.1328125,739.4059978069,10435.0576171875,12330.2314453125,0.8,666.547619047619,
chronos_2,electricity,Netherlands,Europe,True,False,rolling,2022-12-01,4,2023-04-01,9840.0,10280.685546875,777.5258365835316,9315.4912109375,11308.3701171875,0.8,666.547619047619,
chronos_2,electricity,Netherlands,Europe,True,False,rolling,2022-12-01,5,2023-05-01,9960.0,9837.9619140625,758.2883675213536,8920.630859375,10864.2021484375,0.8,666.547619047619,
chronos_2,electricity,Netherlands,Europe,True,False,rolling,2022-12-01,6,2023-06-01,10620.0,9381.880859375,764.4115452222956,8424.34375,10383.609375,0.8,666.547619047619,
chronos_2,electricity,Netherlands,Europe,True,False,rolling,2022-12-01,7,2023-07-01,10110.0,9852.9560546875,783.2512420537608,8874.8642578125,10882.41796875,0.8,666.547619047619,
chronos_2,electricity,Netherlands,Europe,True,False,rolling,2022-12-01,8,2023-08-01,10380.0,9385.072265625,774.3524219191581,8410.240234375,10394.9853515625,0.8,666.547619047619,
chronos_2,electricity,Netherlands,Europe,True,False,rolling,2022-12-01,9,2023-09-01,9650.0,9545.2021484375,722.3623721397829,8654.998046875,10506.4873046875,0.8,666.547619047619,
chronos_2,electricity,Netherlands,Europe,True,False,rolling,2022-12-01,10,2023-10-01,9380.0,10031.2314453125,730.2248508303833,9104.6455078125,10976.287109375,0.8,666.547619047619,
chronos_2,electricity,Netherlands,Europe,True,False,rolling,2022-12-01,11,2023-11-01,9650.0,10535.34375,737.2521602396406,9613.4921875,11503.1455078125,0.8,666.547619047619,
chronos_2,electricity,Netherlands,Europe,True,False,rolling,2022-12-01,12,2023-12-01,10550.0,10867.74609375,743.8512167874793,9926.048828125,11832.6162109375,0.8,666.547619047619,
chronos_2,electricity,Netherlands,Europe,True,False,rolling,2023-12-01,1,2024-01-01,11750.0,10500.8212890625,557.0342881670462,9810.7939453125,11238.5302734375,0.8,615.2083333333334,
chronos_2,electricity,Netherlands,Europe,True,False,rolling,2023-12-01,2,2024-02-01,10140.0,10130.3740234375,673.4261005492604,9275.6474609375,11001.7080078125,0.8,615.2083333333334,
chronos_2,electricity,Netherlands,Europe,True,False,rolling,2023-12-01,3,2024-03-01,10730.0,10645.099609375,733.1342270312665,9703.587890625,11582.6865234375,0.8,615.2083333333334,
chronos_2,electricity,Netherlands,Europe,True,False,rolling,2023-12-01,4,2024-04-01,10090.0,10031.091796875,772.6836073880072,9052.830078125,11033.2978515625,0.8,615.2083333333334,
chronos_2,electricity,Netherlands,Europe,True,False,rolling,2023-12-01,5,2024-05-01,9410.0,10078.70703125,821.0300787743697,9044.10546875,11148.490234375,0.8,615.2083333333334,
chronos_2,electricity,Netherlands,Europe,True,False,rolling,2023-12-01,6,2024-06-01,9470.0,10330.912109375,874.6748457931942,9214.5498046875,11456.431640625,0.8,615.2083333333334,
chronos_2,electricity,Netherlands,Europe,True,False,rolling,2023-12-01,7,2024-07-01,10010.0,10539.990234375,876.8321124314081,9426.8046875,11674.2158203125,0.8,615.2083333333334,
chronos_2,electricity,Netherlands,Europe,True,False,rolling,2023-12-01,8,2024-08-01,10380.0,10295.7998046875,833.0531635563325,9251.4990234375,11386.7001953125,0.8,615.2083333333334,
chronos_2,electricity,Netherlands,Europe,True,False,rolling,2023-12-01,9,2024-09-01,9770.0,9920.6416015625,822.5426800731525,8878.076171875,10986.337890625,0.8,615.2083333333334,
chronos_2,electricity,Netherlands,Europe,True,False,rolling,2023-12-01,10,2024-10-01,9800.0,9814.58203125,841.9283612021383,8749.7900390625,10907.7392578125,0.8,615.2083333333334,
chronos_2,electricity,Netherlands,Europe,True,False,rolling,2023-12-01,11,2024-11-01,11570.0,9924.330078125,845.3037100449386,8874.4287109375,11041.029296875,0.8,615.2083333333334,
chronos_2,electricity,Netherlands,Europe,True,False,rolling,2023-12-01,12,2024-12-01,11640.0,10557.544921875,879.7064359069793,9440.7578125,11695.5361328125,0.8,615.2083333333334,
chronos_2,electricity,Netherlands,Europe,True,False,rolling,2024-12-01,1,2025-01-01,12130.0,11588.0302734375,635.7253704448356,10713.548828125,12342.978515625,0.8,616.8518518518518,
chronos_2,electricity,Netherlands,Europe,True,False,rolling,2024-12-01,2,2025-02-01,11780.0,10906.783203125,696.1574119061081,10001.4658203125,11785.7890625,0.8,616.8518518518518,
chronos_2,electricity,Netherlands,Europe,True,False,rolling,2024-12-01,3,2025-03-01,11850.0,10997.7763671875,691.5083537076827,10105.55078125,11877.9580078125,0.8,616.8518518518518,
chronos_2,electricity,Netherlands,Europe,True,False,rolling,2024-12-01,4,2025-04-01,10620.0,10092.7216796875,711.6709099117863,9193.1552734375,11017.2412109375,0.8,616.8518518518518,
chronos_2,electricity,Netherlands,Europe,True,False,rolling,2024-12-01,5,2025-05-01,11390.0,9810.20703125,754.5922100403731,8889.3798828125,10823.4775390625,0.8,616.8518518518518,
chronos_2,electricity,Netherlands,Europe,True,False,rolling,2024-12-01,6,2025-06-01,10840.0,9755.576171875,784.5432397878094,8794.853515625,10805.71875,0.8,616.8518518518518,
chronos_2,electricity,Netherlands,Europe,True,False,rolling,2024-12-01,7,2025-07-01,11530.0,10168.2841796875,769.0914650593107,9199.22265625,11170.4833984375,0.8,616.8518518518518,
chronos_2,electricity,Netherlands,Europe,True,False,rolling,2024-12-01,8,2025-08-01,11700.0,9941.703125,715.8799040043945,9067.3955078125,10902.26953125,0.8,616.8518518518518,
chronos_2,electricity,Netherlands,Europe,True,False,rolling,2024-12-01,9,2025-09-01,10840.0,9914.8623046875,727.046864071404,9006.6298828125,10870.1259765625,0.8,616.8518518518518,
chronos_2,electricity,Netherlands,Europe,True,False,rolling,2024-12-01,10,2025-10-01,10960.0,10202.3515625,769.4644717775749,9226.65625,11198.873046875,0.8,616.8518518518518,
chronos_2,electricity,Netherlands,Europe,True,False,rolling,2024-12-01,11,2025-11-01,11860.0,10685.5107421875,782.6412484317581,9692.140625,11698.130859375,0.8,616.8518518518518,
chronos_2,electricity,Netherlands,Europe,True,False,rolling,2024-12-01,12,2025-12-01,11890.0,11090.787109375,775.1399652150232,10089.029296875,12075.79296875,0.8,616.8518518518518,
chronos_2,electricity,Poland,Europe,True,False,holdout,last12,1,2025-05-01,12260.0,12388.1162109375,266.7973415770844,12042.5458984375,12726.375,0.8,701.6071428571429,
chronos_2,electricity,Poland,Europe,True,False,holdout,last12,2,2025-06-01,11980.0,12289.6826171875,319.85573746270325,11860.015625,12679.8388671875,0.8,701.6071428571429,
chronos_2,electricity,Poland,Europe,True,False,holdout,last12,3,2025-07-01,12420.0,12747.9697265625,371.65566430805006,12269.2724609375,13221.8642578125,0.8,701.6071428571429,
chronos_2,electricity,Poland,Europe,True,False,holdout,last12,4,2025-08-01,11690.0,12791.39453125,409.31029245853205,12271.095703125,13320.2001953125,0.8,701.6071428571429,
chronos_2,electricity,Poland,Europe,True,False,holdout,last12,5,2025-09-01,12320.0,12750.408203125,429.2442439323411,12208.1904296875,13308.3876953125,0.8,701.6071428571429,
chronos_2,electricity,Poland,Europe,True,False,holdout,last12,6,2025-10-01,14120.0,13666.8427734375,484.74528136115816,13055.3583984375,14297.810546875,0.8,701.6071428571429,
chronos_2,electricity,Poland,Europe,True,False,holdout,last12,7,2025-11-01,13640.0,13910.9072265625,541.5066928696664,13216.791015625,14604.728515625,0.8,701.6071428571429,
chronos_2,electricity,Poland,Europe,True,False,holdout,last12,8,2025-12-01,14280.0,14534.0029296875,561.543516472108,13831.796875,15271.0908203125,0.8,701.6071428571429,
chronos_2,electricity,Poland,Europe,True,False,holdout,last12,9,2026-01-01,16079.999999999998,14864.58203125,628.8946611036316,14051.1162109375,15663.0380859375,0.8,701.6071428571429,
chronos_2,electricity,Poland,Europe,True,False,holdout,last12,10,2026-02-01,13900.0,13347.9794921875,617.2217225669034,12553.2060546875,14135.208984375,0.8,701.6071428571429,
chronos_2,electricity,Poland,Europe,True,False,holdout,last12,11,2026-03-01,14560.0,13879.560546875,661.4106359249739,13008.771484375,14704.03515625,0.8,701.6071428571429,
chronos_2,electricity,Poland,Europe,True,False,holdout,last12,12,2026-04-01,13750.0,12348.4111328125,610.9225192236345,11574.4716796875,13140.3291015625,0.8,701.6071428571429,
chronos_2,electricity,Poland,Europe,True,False,rolling,2022-12-01,1,2023-01-01,14000.0,14593.8701171875,506.87726731675014,13967.1474609375,15266.326171875,0.8,693.3333333333334,
chronos_2,electricity,Poland,Europe,True,False,rolling,2022-12-01,2,2023-02-01,12840.0,13190.9013671875,523.0281915120665,12559.11328125,13899.6884765625,0.8,693.3333333333334,
chronos_2,electricity,Poland,Europe,True,False,rolling,2022-12-01,3,2023-03-01,13560.0,13557.4111328125,563.235572484172,12882.3828125,14326.013671875,0.8,693.3333333333334,
chronos_2,electricity,Poland,Europe,True,False,rolling,2022-12-01,4,2023-04-01,11870.0,12292.974609375,638.9426010158488,11522.447265625,13160.123046875,0.8,693.3333333333334,
chronos_2,electricity,Poland,Europe,True,False,rolling,2022-12-01,5,2023-05-01,11800.0,12220.9306640625,666.7797990238274,11379.4765625,13088.501953125,0.8,693.3333333333334,
chronos_2,electricity,Poland,Europe,True,False,rolling,2022-12-01,6,2023-06-01,10980.0,12147.484375,709.5917498897566,11246.66796875,13065.4248046875,0.8,693.3333333333334,
chronos_2,electricity,Poland,Europe,True,False,rolling,2022-12-01,7,2023-07-01,11530.0,12568.1318359375,712.3738694574423,11678.70703125,13504.5947265625,0.8,693.3333333333334,
chronos_2,electricity,Poland,Europe,True,False,rolling,2022-12-01,8,2023-08-01,11850.0,12566.05078125,719.5223393737558,11693.4736328125,13537.68359375,0.8,693.3333333333334,
chronos_2,electricity,Poland,Europe,True,False,rolling,2022-12-01,9,2023-09-01,11890.0,12507.431640625,715.0039668794822,11625.4736328125,13458.1025390625,0.8,693.3333333333334,
chronos_2,electricity,Poland,Europe,True,False,rolling,2022-12-01,10,2023-10-01,13310.0,13292.7705078125,755.9112593341731,12370.3486328125,14307.8271484375,0.8,693.3333333333334,
chronos_2,electricity,Poland,Europe,True,False,rolling,2022-12-01,11,2023-11-01,13580.0,13425.220703125,782.9513888491911,12491.55859375,14498.34375,0.8,693.3333333333334,
chronos_2,electricity,Poland,Europe,True,False,rolling,2022-12-01,12,2023-12-01,14430.0,14101.134765625,826.2197871599419,13066.4423828125,15184.12890625,0.8,693.3333333333334,
chronos_2,electricity,Poland,Europe,True,False,rolling,2023-12-01,1,2024-01-01,14610.0,14669.4375,525.2818531448879,14030.09375,15376.4453125,0.8,712.2916666666666,
chronos_2,electricity,Poland,Europe,True,False,rolling,2023-12-01,2,2024-02-01,12720.0,13209.0029296875,608.8464072646753,12491.984375,14052.5205078125,0.8,712.2916666666666,
chronos_2,electricity,Poland,Europe,True,False,rolling,2023-12-01,3,2024-03-01,13130.0,13671.1953125,709.2892296299999,12836.4990234375,14654.48046875,0.8,712.2916666666666,
chronos_2,electricity,Poland,Europe,True,False,rolling,2023-12-01,4,2024-04-01,12370.0,12177.138671875,753.1131374353668,11306.37109375,13236.677734375,0.8,712.2916666666666,
chronos_2,electricity,Poland,Europe,True,False,rolling,2023-12-01,5,2024-05-01,12120.0,12048.3369140625,751.4382267780746,11171.1953125,13097.208984375,0.8,712.2916666666666,
chronos_2,electricity,Poland,Europe,True,False,rolling,2023-12-01,6,2024-06-01,12470.0,11886.1533203125,788.6375505073864,10930.7109375,12952.0703125,0.8,712.2916666666666,
chronos_2,electricity,Poland,Europe,True,False,rolling,2023-12-01,7,2024-07-01,12640.0,12289.4208984375,817.8749524884198,11315.2138671875,13411.51171875,0.8,712.2916666666666,
chronos_2,electricity,Poland,Europe,True,False,rolling,2023-12-01,8,2024-08-01,12790.0,12385.6083984375,836.894866048934,11413.9482421875,13558.99609375,0.8,712.2916666666666,
chronos_2,electricity,Poland,Europe,True,False,rolling,2023-12-01,9,2024-09-01,12630.0,12405.5927734375,799.5522833553042,11474.1943359375,13523.529296875,0.8,712.2916666666666,
chronos_2,electricity,Poland,Europe,True,False,rolling,2023-12-01,10,2024-10-01,13280.0,13476.650390625,891.2444976528337,12453.9892578125,14738.3408203125,0.8,712.2916666666666,
chronos_2,electricity,Poland,Europe,True,False,rolling,2023-12-01,11,2024-11-01,14070.0,13764.1064453125,928.1382530593185,12725.5556640625,15104.4697265625,0.8,712.2916666666666,
chronos_2,electricity,Poland,Europe,True,False,rolling,2023-12-01,12,2024-12-01,14710.0,14454.99609375,947.2629437878844,13373.0263671875,15800.958984375,0.8,712.2916666666666,
chronos_2,electricity,Poland,Europe,True,False,rolling,2024-12-01,1,2025-01-01,15710.0,14846.9501953125,391.16098191255657,14323.10546875,15325.69140625,0.8,698.5185185185185,
chronos_2,electricity,Poland,Europe,True,False,rolling,2024-12-01,2,2025-02-01,13900.0,13288.2626953125,409.15065015520963,12763.271484375,13811.966796875,0.8,698.5185185185185,
chronos_2,electricity,Poland,Europe,True,False,rolling,2024-12-01,3,2025-03-01,13850.0,13731.677734375,451.4314760310876,13156.361328125,14313.4267578125,0.8,698.5185185185185,
chronos_2,electricity,Poland,Europe,True,False,rolling,2024-12-01,4,2025-04-01,12510.0,12375.6669921875,519.2710727696741,11718.11328125,13049.05859375,0.8,698.5185185185185,
chronos_2,electricity,Poland,Europe,True,False,rolling,2024-12-01,5,2025-05-01,12260.0,12268.181640625,554.4201930761269,11551.4658203125,12972.501953125,0.8,698.5185185185185,
chronos_2,electricity,Poland,Europe,True,False,rolling,2024-12-01,6,2025-06-01,11980.0,12111.5390625,613.6013856548038,11306.1474609375,12878.87109375,0.8,698.5185185185185,
chronos_2,electricity,Poland,Europe,True,False,rolling,2024-12-01,7,2025-07-01,12420.0,12544.7021484375,640.3062282320564,11723.1943359375,13364.365234375,0.8,698.5185185185185,
chronos_2,electricity,Poland,Europe,True,False,rolling,2024-12-01,8,2025-08-01,11690.0,12582.359375,659.522741860624,11770.638671875,13461.0634765625,0.8,698.5185185185185,
chronos_2,electricity,Poland,Europe,True,False,rolling,2024-12-01,9,2025-09-01,12320.0,12579.6484375,665.3944543582419,11753.5361328125,13459.0107421875,0.8,698.5185185185185,
chronos_2,electricity,Poland,Europe,True,False,rolling,2024-12-01,10,2025-10-01,14120.0,13534.7626953125,701.6092537157515,12633.587890625,14431.884765625,0.8,698.5185185185185,
chronos_2,electricity,Poland,Europe,True,False,rolling,2024-12-01,11,2025-11-01,13640.0,13758.482421875,703.447997763088,12897.7841796875,14700.7939453125,0.8,698.5185185185185,
chronos_2,electricity,Poland,Europe,True,False,rolling,2024-12-01,12,2025-12-01,14280.0,14375.0498046875,695.3104313803664,13506.380859375,15288.533203125,0.8,698.5185185185185,
chronos_2,electricity,Portugal,Europe,True,False,holdout,last12,1,2025-05-01,4010.0,3662.51220703125,456.770444255148,3104.252197265625,4275.001953125,0.8,454.73214285714283,
chronos_2,electricity,Portugal,Europe,True,False,holdout,last12,2,2025-06-01,3230.0,3426.828125,527.6042867007396,2795.45947265625,4147.763671875,0.8,454.73214285714283,
chronos_2,electricity,Portugal,Europe,True,False,holdout,last12,3,2025-07-01,3510.0,3408.675048828125,570.3194615641773,2729.66259765625,4191.4501953125,0.8,454.73214285714283,
chronos_2,electricity,Portugal,Europe,True,False,holdout,last12,4,2025-08-01,3330.0,3263.839111328125,590.5679350460833,2567.958984375,4081.6455078125,0.8,454.73214285714283,
chronos_2,electricity,Portugal,Europe,True,False,holdout,last12,5,2025-09-01,3400.0,3307.969970703125,593.0022896678084,2619.459716796875,4139.3857421875,0.8,454.73214285714283,
chronos_2,electricity,Portugal,Europe,True,False,holdout,last12,6,2025-10-01,3190.0,3382.475341796875,603.1735808824137,2649.4462890625,4195.4423828125,0.8,454.73214285714283,
chronos_2,electricity,Portugal,Europe,True,False,holdout,last12,7,2025-11-01,3730.0,3695.737548828125,623.2124047762454,2925.827392578125,4523.18505859375,0.8,454.73214285714283,
chronos_2,electricity,Portugal,Europe,True,False,holdout,last12,8,2025-12-01,4140.0,3796.409423828125,626.6228063443576,3013.703857421875,4619.802734375,0.8,454.73214285714283,
chronos_2,electricity,Portugal,Europe,True,False,holdout,last12,9,2026-01-01,4720.0,4119.05615234375,646.2419500541567,3330.58203125,4986.966796875,0.8,454.73214285714283,
chronos_2,electricity,Portugal,Europe,True,False,holdout,last12,10,2026-02-01,4410.0,3931.833251953125,682.7198353554471,3110.75244140625,4860.6337890625,0.8,454.73214285714283,
chronos_2,electricity,Portugal,Europe,True,False,holdout,last12,11,2026-03-01,4230.0,4024.45166015625,706.1535347461252,3139.505859375,4949.4501953125,0.8,454.73214285714283,
chronos_2,electricity,Portugal,Europe,True,False,holdout,last12,12,2026-04-01,3060.0,3535.5205078125,678.3788220310937,2732.11865234375,4470.87353515625,0.8,454.73214285714283,
chronos_2,electricity,Portugal,Europe,True,False,rolling,2022-12-01,1,2023-01-01,4710.0,4571.69384765625,524.7107223270351,3904.4091796875,5249.296875,0.8,459.64285714285717,
chronos_2,electricity,Portugal,Europe,True,False,rolling,2022-12-01,2,2023-02-01,4110.0,3945.651611328125,625.8727923250493,3173.589111328125,4777.765625,0.8,459.64285714285717,
chronos_2,electricity,Portugal,Europe,True,False,rolling,2022-12-01,3,2023-03-01,3250.0,3817.422607421875,622.688233180074,3080.07861328125,4676.0927734375,0.8,459.64285714285717,
chronos_2,electricity,Portugal,Europe,True,False,rolling,2022-12-01,4,2023-04-01,2530.0,3438.36962890625,596.6627276596804,2737.66845703125,4266.9765625,0.8,459.64285714285717,
chronos_2,electricity,Portugal,Europe,True,False,rolling,2022-12-01,5,2023-05-01,2850.0,3374.670654296875,574.0681981331256,2744.96533203125,4216.361328125,0.8,459.64285714285717,
chronos_2,electricity,Portugal,Europe,True,False,rolling,2022-12-01,6,2023-06-01,3030.0,3366.80029296875,580.4013111780549,2744.52587890625,4232.154296875,0.8,459.64285714285717,
chronos_2,electricity,Portugal,Europe,True,False,rolling,2022-12-01,7,2023-07-01,3270.0,3462.015625,617.2988766633778,2799.18310546875,4381.3837890625,0.8,459.64285714285717,
chronos_2,electricity,Portugal,Europe,True,False,rolling,2022-12-01,8,2023-08-01,3110.0,3300.0498046875,594.0640633880561,2690.07177734375,4212.71923828125,0.8,459.64285714285717,
chronos_2,electricity,Portugal,Europe,True,False,rolling,2022-12-01,9,2023-09-01,2850.0,3361.29833984375,599.6397327599424,2716.49462890625,4253.43310546875,0.8,459.64285714285717,
chronos_2,electricity,Portugal,Europe,True,False,rolling,2022-12-01,10,2023-10-01,3450.0,3375.08740234375,606.6819014766688,2709.64794921875,4264.63623046875,0.8,459.64285714285717,
chronos_2,electricity,Portugal,Europe,True,False,rolling,2022-12-01,11,2023-11-01,4140.0,3654.175537109375,663.2957676821661,2927.735107421875,4627.83056640625,0.8,459.64285714285717,
chronos_2,electricity,Portugal,Europe,True,False,rolling,2022-12-01,12,2023-12-01,3790.0,3854.5908203125,726.6932887552149,2966.70703125,4829.296875,0.8,459.64285714285717,
chronos_2,electricity,Portugal,Europe,True,False,rolling,2023-12-01,1,2024-01-01,4340.0,3932.98779296875,467.97312381126596,3331.77734375,4531.24072265625,0.8,463.5416666666667,
chronos_2,electricity,Portugal,Europe,True,False,rolling,2023-12-01,2,2024-02-01,4070.0000000000005,3484.446533203125,540.5800816962054,2817.6435546875,4203.2060546875,0.8,463.5416666666667,
chronos_2,electricity,Portugal,Europe,True,False,rolling,2023-12-01,3,2024-03-01,4850.0,3416.595703125,562.6548212172528,2736.927978515625,4179.0703125,0.8,463.5416666666667,
chronos_2,electricity,Portugal,Europe,True,False,rolling,2023-12-01,4,2024-04-01,3860.0,3007.579345703125,558.8812238838849,2356.57861328125,3789.048828125,0.8,463.5416666666667,
chronos_2,electricity,Portugal,Europe,True,False,rolling,2023-12-01,5,2024-05-01,3130.0,3026.878662109375,532.1821916768607,2406.39111328125,3770.428955078125,0.8,463.5416666666667,
chronos_2,electricity,Portugal,Europe,True,False,rolling,2023-12-01,6,2024-06-01,2540.0,3022.737548828125,548.1172749059907,2399.974365234375,3804.85546875,0.8,463.5416666666667,
chronos_2,electricity,Portugal,Europe,True,False,rolling,2023-12-01,7,2024-07-01,2900.0,3171.71435546875,566.5653908848554,2502.50830078125,3954.673828125,0.8,463.5416666666667,
chronos_2,electricity,Portugal,Europe,True,False,rolling,2023-12-01,8,2024-08-01,2880.0,3055.143798828125,577.3683931708417,2388.753662109375,3868.6083984375,0.8,463.5416666666667,
chronos_2,electricity,Portugal,Europe,True,False,rolling,2023-12-01,9,2024-09-01,2840.0,3113.762451171875,578.5269428935808,2426.21240234375,3909.03662109375,0.8,463.5416666666667,
chronos_2,electricity,Portugal,Europe,True,False,rolling,2023-12-01,10,2024-10-01,3440.0,3160.802490234375,600.4323244102682,2425.03662109375,3964.006591796875,0.8,463.5416666666667,
chronos_2,electricity,Portugal,Europe,True,False,rolling,2023-12-01,11,2024-11-01,3470.0,3621.214599609375,629.0632570922239,2818.07421875,4430.42822265625,0.8,463.5416666666667,
chronos_2,electricity,Portugal,Europe,True,False,rolling,2023-12-01,12,2024-12-01,3330.0,3769.392822265625,659.4814025052291,2899.27685546875,4589.595703125,0.8,463.5416666666667,
chronos_2,electricity,Portugal,Europe,True,False,rolling,2024-12-01,1,2025-01-01,4420.0,3663.288330078125,421.90774662536023,3156.580078125,4237.97314453125,0.8,466.2962962962963,
chronos_2,electricity,Portugal,Europe,True,False,rolling,2024-12-01,2,2025-02-01,3970.0,3513.4794921875,520.5412578023737,2891.934326171875,4226.13525390625,0.8,466.2962962962963,
chronos_2,electricity,Portugal,Europe,True,False,rolling,2024-12-01,3,2025-03-01,4590.0,3542.671630859375,562.3248683898609,2860.906982421875,4302.20361328125,0.8,466.2962962962963,
chronos_2,electricity,Portugal,Europe,True,False,rolling,2024-12-01,4,2025-04-01,3990.0,3138.5966796875,540.5565544593793,2512.81591796875,3898.318115234375,0.8,466.2962962962963,
chronos_2,electricity,Portugal,Europe,True,False,rolling,2024-12-01,5,2025-05-01,4010.0,3079.4423828125,509.7694029108902,2493.952392578125,3800.5439453125,0.8,466.2962962962963,
chronos_2,electricity,Portugal,Europe,True,False,rolling,2024-12-01,6,2025-06-01,3230.0,2979.973388671875,518.8896838779659,2395.6103515625,3725.578125,0.8,466.2962962962963,
chronos_2,electricity,Portugal,Europe,True,False,rolling,2024-12-01,7,2025-07-01,3510.0,3066.421142578125,532.6682624846497,2441.69677734375,3806.98046875,0.8,466.2962962962963,
chronos_2,electricity,Portugal,Europe,True,False,rolling,2024-12-01,8,2025-08-01,3330.0,2952.47119140625,527.7021104749115,2365.664794921875,3718.2197265625,0.8,466.2962962962963,
chronos_2,electricity,Portugal,Europe,True,False,rolling,2024-12-01,9,2025-09-01,3400.0,3003.124267578125,531.9703512934544,2391.734375,3755.229248046875,0.8,466.2962962962963,
chronos_2,electricity,Portugal,Europe,True,False,rolling,2024-12-01,10,2025-10-01,3190.0,3094.83056640625,558.7961638738211,2426.47314453125,3858.725341796875,0.8,466.2962962962963,
chronos_2,electricity,Portugal,Europe,True,False,rolling,2024-12-01,11,2025-11-01,3730.0,3458.92529296875,604.8233450193734,2734.43359375,4284.658203125,0.8,466.2962962962963,
chronos_2,electricity,Portugal,Europe,True,False,rolling,2024-12-01,12,2025-12-01,4140.0,3566.0341796875,641.4646827028245,2780.302734375,4424.44287109375,0.8,466.2962962962963,
chronos_2,electricity,Romania,Europe,False,False,holdout,last12,1,2025-05-01,3920.0,3750.46923828125,203.72358195331537,3474.029541015625,3996.194091796875,0.8,357.4107142857143,
chronos_2,electricity,Romania,Europe,False,False,holdout,last12,2,2025-06-01,3940.0,3835.040283203125,250.86854497803753,3516.37548828125,4159.37744140625,0.8,357.4107142857143,
chronos_2,electricity,Romania,Europe,False,False,holdout,last12,3,2025-07-01,4230.0,3973.63330078125,281.10266358315545,3609.83203125,4330.3271484375,0.8,357.4107142857143,
chronos_2,electricity,Romania,Europe,False,False,holdout,last12,4,2025-08-01,4110.0,3842.90771484375,300.83982448496914,3475.35791015625,4246.44140625,0.8,357.4107142857143,
chronos_2,electricity,Romania,Europe,False,False,holdout,last12,5,2025-09-01,3850.0,3758.089111328125,310.76555611844964,3359.146728515625,4155.6708984375,0.8,357.4107142857143,
chronos_2,electricity,Romania,Europe,False,False,holdout,last12,6,2025-10-01,4430.0,3921.636962890625,353.6023677487983,3482.25830078125,4388.57763671875,0.8,357.4107142857143,
chronos_2,electricity,Romania,Europe,False,False,holdout,last12,7,2025-11-01,4480.0,4134.83837890625,393.9577702837696,3633.2001953125,4642.95458984375,0.8,357.4107142857143,
chronos_2,electricity,Romania,Europe,False,False,holdout,last12,8,2025-12-01,4720.0,4494.4033203125,446.6496365851494,3907.34716796875,5052.15625,0.8,357.4107142857143,
chronos_2,electricity,Romania,Europe,False,False,holdout,last12,9,2026-01-01,4680.0,4653.1064453125,502.25297463077334,3952.494140625,5239.8203125,0.8,357.4107142857143,
chronos_2,electricity,Romania,Europe,False,False,holdout,last12,10,2026-02-01,4420.0,4239.39111328125,468.1653422886554,3631.30859375,4831.2646484375,0.8,357.4107142857143,
chronos_2,electricity,Romania,Europe,False,False,holdout,last12,11,2026-03-01,4540.0,4289.8203125,467.7280404899959,3675.838623046875,4874.673828125,0.8,357.4107142857143,
chronos_2,electricity,Romania,Europe,False,False,holdout,last12,12,2026-04-01,3750.0,3760.564453125,413.7285551313308,3255.637939453125,4316.06689453125,0.8,357.4107142857143,
chronos_2,electricity,Romania,Europe,False,False,rolling,2022-12-01,1,2023-01-01,5520.0,5137.59033203125,266.5085376011455,4813.72021484375,5496.80908203125,0.8,363.8095238095238,
chronos_2,electricity,Romania,Europe,False,False,rolling,2022-12-01,2,2023-02-01,5020.0,4743.94970703125,315.56482667507277,4377.17919921875,5186.00439453125,0.8,363.8095238095238,
chronos_2,electricity,Romania,Europe,False,False,rolling,2022-12-01,3,2023-03-01,4940.0,4838.21142578125,330.483952381985,4439.77685546875,5286.84130859375,0.8,363.8095238095238,
chronos_2,electricity,Romania,Europe,False,False,rolling,2022-12-01,4,2023-04-01,5140.0,4412.94384765625,348.67079220451717,4016.30859375,4909.98779296875,0.8,363.8095238095238,
chronos_2,electricity,Romania,Europe,False,False,rolling,2022-12-01,5,2023-05-01,4560.0,4302.275390625,355.8815569098359,3903.4775390625,4815.638671875,0.8,363.8095238095238,
chronos_2,electricity,Romania,Europe,False,False,rolling,2022-12-01,6,2023-06-01,4490.0,4342.3974609375,367.79814998826987,3927.0126953125,4869.71728515625,0.8,363.8095238095238,
chronos_2,electricity,Romania,Europe,False,False,rolling,2022-12-01,7,2023-07-01,4660.0,4443.8125,379.6138712294613,3998.825439453125,4971.81494140625,0.8,363.8095238095238,
chronos_2,electricity,Romania,Europe,False,False,rolling,2022-12-01,8,2023-08-01,4380.0,4263.5322265625,365.24520666270445,3843.416015625,4779.5771484375,0.8,363.8095238095238,
chronos_2,electricity,Romania,Europe,False,False,rolling,2022-12-01,9,2023-09-01,4210.0,4137.37060546875,359.55942601239286,3717.7548828125,4639.3427734375,0.8,363.8095238095238,
chronos_2,electricity,Romania,Europe,False,False,rolling,2022-12-01,10,2023-10-01,4350.0,4295.53515625,376.3245349164343,3848.140625,4812.69921875,0.8,363.8095238095238,
chronos_2,electricity,Romania,Europe,False,False,rolling,2022-12-01,11,2023-11-01,4680.0,4486.1572265625,395.73993466035824,4012.7978515625,5027.1201171875,0.8,363.8095238095238,
chronos_2,electricity,Romania,Europe,False,False,rolling,2022-12-01,12,2023-12-01,5320.0,4889.4287109375,394.6033881429101,4395.22509765625,5406.63427734375,0.8,363.8095238095238,
chronos_2,electricity,Romania,Europe,False,False,rolling,2023-12-01,1,2024-01-01,5480.0,5457.341796875,269.64194643771737,5122.96923828125,5814.08935546875,0.8,340.9375,
chronos_2,electricity,Romania,Europe,False,False,rolling,2023-12-01,2,2024-02-01,5040.0,4896.27587890625,334.48548768185077,4498.861328125,5356.18212890625,0.8,340.9375,
chronos_2,electricity,Romania,Europe,False,False,rolling,2023-12-01,3,2024-03-01,4990.0,4907.00341796875,368.4504354853773,4463.6708984375,5408.04736328125,0.8,340.9375,
chronos_2,electricity,Romania,Europe,False,False,rolling,2023-12-01,4,2024-04-01,4150.0,4440.15087890625,370.67361648749267,4008.29052734375,4958.365234375,0.8,340.9375,
chronos_2,electricity,Romania,Europe,False,False,rolling,2023-12-01,5,2024-05-01,3810.0,4317.33203125,366.1868676475765,3890.9658203125,4829.54052734375,0.8,340.9375,
chronos_2,electricity,Romania,Europe,False,False,rolling,2023-12-01,6,2024-06-01,4150.0,4383.857421875,373.7893084574667,3963.2333984375,4921.2939453125,0.8,340.9375,
chronos_2,electricity,Romania,Europe,False,False,rolling,2023-12-01,7,2024-07-01,4510.0,4581.8125,405.33142712775384,4106.095703125,5145.001953125,0.8,340.9375,
chronos_2,electricity,Romania,Europe,False,False,rolling,2023-12-01,8,2024-08-01,4130.0,4425.71435546875,392.67948883353876,3973.431640625,4979.90966796875,0.8,340.9375,
chronos_2,electricity,Romania,Europe,False,False,rolling,2023-12-01,9,2024-09-01,4110.0,4315.09326171875,370.7589622534693,3863.23779296875,4813.53125,0.8,340.9375,
chronos_2,electricity,Romania,Europe,False,False,rolling,2023-12-01,10,2024-10-01,4260.0,4492.994140625,384.89225919999365,4018.998046875,5005.5166015625,0.8,340.9375,
chronos_2,electricity,Romania,Europe,False,False,rolling,2023-12-01,11,2024-11-01,4240.0,4774.09765625,422.3506682903061,4251.6396484375,5334.16796875,0.8,340.9375,
chronos_2,electricity,Romania,Europe,False,False,rolling,2023-12-01,12,2024-12-01,4310.0,5178.35546875,439.9040825059802,4639.45654296875,5766.97607421875,0.8,340.9375,
chronos_2,electricity,Romania,Europe,False,False,rolling,2024-12-01,1,2025-01-01,4270.0,4782.572265625,276.59362578203553,4434.2138671875,5143.15185546875,0.8,342.22222222222223,
chronos_2,electricity,Romania,Europe,False,False,rolling,2024-12-01,2,2025-02-01,4140.0,4430.97900390625,296.0461737946324,4075.5751953125,4834.3720703125,0.8,342.22222222222223,
chronos_2,electricity,Romania,Europe,False,False,rolling,2024-12-01,3,2025-03-01,4360.0,4506.65966796875,329.24262869648504,4115.1318359375,4959.0146484375,0.8,342.22222222222223,
chronos_2,electricity,Romania,Europe,False,False,rolling,2024-12-01,4,2025-04-01,3820.0,4241.34375,326.28657902983343,3858.23828125,4694.54443359375,0.8,342.22222222222223,
chronos_2,electricity,Romania,Europe,False,False,rolling,2024-12-01,5,2025-05-01,3920.0,4072.544677734375,318.8811192958804,3692.236328125,4509.5615234375,0.8,342.22222222222223,
chronos_2,electricity,Romania,Europe,False,False,rolling,2024-12-01,6,2025-06-01,3940.0,4140.46533203125,325.10621660574543,3750.97314453125,4584.25390625,0.8,342.22222222222223,
chronos_2,electricity,Romania,Europe,False,False,rolling,2024-12-01,7,2025-07-01,4230.0,4286.63671875,351.1159102989603,3854.55712890625,4754.50341796875,0.8,342.22222222222223,
chronos_2,electricity,Romania,Europe,False,False,rolling,2024-12-01,8,2025-08-01,4110.0,4099.55224609375,347.1362829524144,3680.5380859375,4570.2841796875,0.8,342.22222222222223,
chronos_2,electricity,Romania,Europe,False,False,rolling,2024-12-01,9,2025-09-01,3850.0,3988.94091796875,346.3475013809269,3566.232177734375,4453.95654296875,0.8,342.22222222222223,
chronos_2,electricity,Romania,Europe,False,False,rolling,2024-12-01,10,2025-10-01,4430.0,4151.9130859375,369.8607361673533,3682.4033203125,4630.39453125,0.8,342.22222222222223,
chronos_2,electricity,Romania,Europe,False,False,rolling,2024-12-01,11,2025-11-01,4480.0,4358.86083984375,394.3978343895868,3860.3212890625,4871.20361328125,0.8,342.22222222222223,
chronos_2,electricity,Romania,Europe,False,False,rolling,2024-12-01,12,2025-12-01,4720.0,4762.1083984375,408.13869321577204,4213.64111328125,5259.74267578125,0.8,342.22222222222223,
chronos_2,electricity,Slovakia,Europe,False,False,holdout,last12,1,2025-05-01,2150.0,2163.76123046875,114.74223874919643,2030.9951171875,2325.09130859375,0.8,182.76785714285714,
chronos_2,electricity,Slovakia,Europe,False,False,holdout,last12,2,2025-06-01,2230.0,2038.90673828125,136.83117081391626,1875.611328125,2226.32373046875,0.8,182.76785714285714,
chronos_2,electricity,Slovakia,Europe,False,False,holdout,last12,3,2025-07-01,2100.0,2182.71484375,155.52251270061743,1996.7760009765625,2395.396240234375,0.8,182.76785714285714,
chronos_2,electricity,Slovakia,Europe,False,False,holdout,last12,4,2025-08-01,2090.0,2289.684814453125,172.06325558707175,2072.787109375,2513.802978515625,0.8,182.76785714285714,
chronos_2,electricity,Slovakia,Europe,False,False,holdout,last12,5,2025-09-01,2220.0,2144.927978515625,177.93406319096556,1930.7786865234375,2386.842041015625,0.8,182.76785714285714,
chronos_2,electricity,Slovakia,Europe,False,False,holdout,last12,6,2025-10-01,2570.0,2243.343017578125,189.68239366270558,2006.298583984375,2492.47412109375,0.8,182.76785714285714,
chronos_2,electricity,Slovakia,Europe,False,False,holdout,last12,7,2025-11-01,2680.0,2416.009765625,209.33887614511943,2161.6298828125,2698.18701171875,0.8,182.76785714285714,
chronos_2,electricity,Slovakia,Europe,False,False,holdout,last12,8,2025-12-01,2740.0,2542.822265625,226.09074502519795,2254.85791015625,2834.351806640625,0.8,182.76785714285714,
chronos_2,electricity,Slovakia,Europe,False,False,holdout,last12,9,2026-01-01,2770.0,2653.7138671875,238.93166322978993,2343.06005859375,2955.466552734375,0.8,182.76785714285714,
chronos_2,electricity,Slovakia,Europe,False,False,holdout,last12,10,2026-02-01,2600.0,2484.435302734375,229.04365137680804,2191.716064453125,2778.778564453125,0.8,182.76785714285714,
chronos_2,electricity,Slovakia,Europe,False,False,holdout,last12,11,2026-03-01,2590.0,2510.098388671875,241.43602805016772,2215.843994140625,2834.66943359375,0.8,182.76785714285714,
chronos_2,electricity,Slovakia,Europe,False,False,holdout,last12,12,2026-04-01,2190.0,2151.77587890625,218.1255847099069,1892.767578125,2451.845947265625,0.8,182.76785714285714,
chronos_2,electricity,Slovakia,Europe,False,False,rolling,2022-12-01,1,2023-01-01,2380.0,2518.85791015625,99.00251731249745,2383.512451171875,2637.26611328125,0.8,149.88095238095238,
chronos_2,electricity,Slovakia,Europe,False,False,rolling,2022-12-01,2,2023-02-01,2420.0,2369.22509765625,132.47291688281985,2187.466796875,2527.008544921875,0.8,149.88095238095238,
chronos_2,electricity,Slovakia,Europe,False,False,rolling,2022-12-01,3,2023-03-01,2560.0,2458.73974609375,129.41942444988013,2284.09521484375,2615.810546875,0.8,149.88095238095238,
chronos_2,electricity,Slovakia,Europe,False,False,rolling,2022-12-01,4,2023-04-01,2200.0,2118.033203125,170.06567887816587,1888.6517333984375,2324.547607421875,0.8,149.88095238095238,
chronos_2,electricity,Slovakia,Europe,False,False,rolling,2022-12-01,5,2023-05-01,2310.0,2182.916748046875,170.2144624567993,1951.2286376953125,2387.505859375,0.8,149.88095238095238,
chronos_2,electricity,Slovakia,Europe,False,False,rolling,2022-12-01,6,2023-06-01,2130.0,2030.8837890625,183.17849383385203,1783.337890625,2252.84326171875,0.8,149.88095238095238,
chronos_2,electricity,Slovakia,Europe,False,False,rolling,2022-12-01,7,2023-07-01,2230.0,2137.211669921875,168.64923444406318,1908.47705078125,2340.742431640625,0.8,149.88095238095238,
chronos_2,electricity,Slovakia,Europe,False,False,rolling,2022-12-01,8,2023-08-01,2540.0,2190.779541015625,167.46134711426964,1962.97265625,2392.193359375,0.8,149.88095238095238,
chronos_2,electricity,Slovakia,Europe,False,False,rolling,2022-12-01,9,2023-09-01,2150.0,2076.190673828125,171.03748711184548,1839.1455078125,2277.5322265625,0.8,149.88095238095238,
chronos_2,electricity,Slovakia,Europe,False,False,rolling,2022-12-01,10,2023-10-01,2470.0,2124.7216796875,162.13047530774048,1902.794921875,2318.35205078125,0.8,149.88095238095238,
chronos_2,electricity,Slovakia,Europe,False,False,rolling,2022-12-01,11,2023-11-01,2680.0,2307.625732421875,154.3024778306262,2098.47216796875,2493.96533203125,0.8,149.88095238095238,
chronos_2,electricity,Slovakia,Europe,False,False,rolling,2022-12-01,12,2023-12-01,2930.0,2416.478759765625,144.17776482981841,2218.092529296875,2587.635009765625,0.8,149.88095238095238,
chronos_2,electricity,Slovakia,Europe,False,False,rolling,2023-12-01,1,2024-01-01,3000.0,2876.26904296875,166.9838489838667,2680.68310546875,3108.679931640625,0.8,168.75,
chronos_2,electricity,Slovakia,Europe,False,False,rolling,2023-12-01,2,2024-02-01,2790.0,2747.49560546875,189.51836976871917,2534.75927734375,3020.514404296875,0.8,168.75,
chronos_2,electricity,Slovakia,Europe,False,False,rolling,2023-12-01,3,2024-03-01,2770.0,2817.10595703125,229.83748130275617,2545.57666015625,3134.673828125,0.8,168.75,
chronos_2,electricity,Slovakia,Europe,False,False,rolling,2023-12-01,4,2024-04-01,2290.0,2448.66357421875,226.35335470912392,2192.75244140625,2772.91943359375,0.8,168.75,
chronos_2,electricity,Slovakia,Europe,False,False,rolling,2023-12-01,5,2024-05-01,2029.9999999999998,2406.823486328125,250.63117706641492,2131.37158203125,2773.76513671875,0.8,168.75,
chronos_2,electricity,Slovakia,Europe,False,False,rolling,2023-12-01,6,2024-06-01,1940.0,2289.12255859375,260.6212037802908,1995.326171875,2663.3251953125,0.8,168.75,
chronos_2,electricity,Slovakia,Europe,False,False,rolling,2023-12-01,7,2024-07-01,2090.0,2434.5087890625,285.3594741651836,2124.384765625,2855.79052734375,0.8,168.75,
chronos_2,electricity,Slovakia,Europe,False,False,rolling,2023-12-01,8,2024-08-01,2160.0,2503.69921875,299.9561719504094,2173.769775390625,2942.58837890625,0.8,168.75,
chronos_2,electricity,Slovakia,Europe,False,False,rolling,2023-12-01,9,2024-09-01,2270.0,2307.608154296875,289.9839097291168,1972.2806396484375,2715.539306640625,0.8,168.75,
chronos_2,electricity,Slovakia,Europe,False,False,rolling,2023-12-01,10,2024-10-01,2470.0,2444.443115234375,298.7644745417776,2118.096435546875,2883.860595703125,0.8,168.75,
chronos_2,electricity,Slovakia,Europe,False,False,rolling,2023-12-01,11,2024-11-01,2420.0,2599.774169921875,305.6514777978166,2268.010498046875,3051.4267578125,0.8,168.75,
chronos_2,electricity,Slovakia,Europe,False,False,rolling,2023-12-01,12,2024-12-01,2570.0,2737.81591796875,314.89987266582824,2375.25048828125,3182.371337890625,0.8,168.75,
chronos_2,electricity,Slovakia,Europe,False,False,rolling,2024-12-01,1,2025-01-01,2680.0,2642.40283203125,136.7672567414047,2468.4755859375,2819.024169921875,0.8,177.96296296296296,
chronos_2,electricity,Slovakia,Europe,False,False,rolling,2024-12-01,2,2025-02-01,2420.0,2550.211669921875,157.83546868535893,2349.3994140625,2753.947998046875,0.8,177.96296296296296,
chronos_2,electricity,Slovakia,Europe,False,False,rolling,2024-12-01,3,2025-03-01,2400.0,2638.2392578125,184.48439835566018,2414.053955078125,2886.906494140625,0.8,177.96296296296296,
chronos_2,electricity,Slovakia,Europe,False,False,rolling,2024-12-01,4,2025-04-01,2100.0,2301.624755859375,178.1702404529512,2081.194091796875,2537.86279296875,0.8,177.96296296296296,
chronos_2,electricity,Slovakia,Europe,False,False,rolling,2024-12-01,5,2025-05-01,2150.0,2317.879150390625,195.10480261332353,2080.2119140625,2580.28564453125,0.8,177.96296296296296,
chronos_2,electricity,Slovakia,Europe,False,False,rolling,2024-12-01,6,2025-06-01,2230.0,2190.06005859375,198.61198018392716,1932.535400390625,2441.598388671875,0.8,177.96296296296296,
chronos_2,electricity,Slovakia,Europe,False,False,rolling,2024-12-01,7,2025-07-01,2100.0,2302.141845703125,205.23061101179732,2044.8568115234375,2570.884033203125,0.8,177.96296296296296,
chronos_2,electricity,Slovakia,Europe,False,False,rolling,2024-12-01,8,2025-08-01,2090.0,2406.55224609375,219.64228184344088,2128.5888671875,2691.5546875,0.8,177.96296296296296,
chronos_2,electricity,Slovakia,Europe,False,False,rolling,2024-12-01,9,2025-09-01,2220.0,2259.951416015625,210.19747741131772,1998.55615234375,2537.31396484375,0.8,177.96296296296296,
chronos_2,electricity,Slovakia,Europe,False,False,rolling,2024-12-01,10,2025-10-01,2570.0,2370.998779296875,219.20612306843287,2094.61474609375,2656.462646484375,0.8,177.96296296296296,
chronos_2,electricity,Slovakia,Europe,False,False,rolling,2024-12-01,11,2025-11-01,2680.0,2537.459716796875,231.1156675010161,2250.26611328125,2842.639404296875,0.8,177.96296296296296,
chronos_2,electricity,Slovakia,Europe,False,False,rolling,2024-12-01,12,2025-12-01,2740.0,2659.02099609375,240.85603879901603,2341.7880859375,2959.126953125,0.8,177.96296296296296,
chronos_2,electricity,Slovenia,Europe,False,False,holdout,last12,1,2025-05-01,1240.0,1221.2650146484375,153.97197730440126,1000.9619750976562,1395.6080322265625,0.8,180.6,
chronos_2,electricity,Slovenia,Europe,False,False,holdout,last12,2,2025-06-01,1140.0,1047.484130859375,228.7143653132128,710.4393310546875,1296.6578369140625,0.8,180.6,
chronos_2,electricity,Slovenia,Europe,False,False,holdout,last12,3,2025-07-01,1090.0,1210.85302734375,182.9818699528059,939.1895141601562,1408.19091796875,0.8,180.6,
chronos_2,electricity,Slovenia,Europe,False,False,holdout,last12,4,2025-08-01,950.0,1224.368896484375,181.551209162038,957.113037109375,1422.447509765625,0.8,180.6,
chronos_2,electricity,Slovenia,Europe,False,False,holdout,last12,5,2025-09-01,980.0,1227.120849609375,174.26155201177485,975.0032348632812,1421.653564453125,0.8,180.6,
chronos_2,electricity,Slovenia,Europe,False,False,holdout,last12,6,2025-10-01,790.0,1203.9373779296875,176.31673235011644,943.46337890625,1395.38134765625,0.8,180.6,
chronos_2,electricity,Slovenia,Europe,False,False,holdout,last12,7,2025-11-01,1310.0,1221.7958984375,163.3758233890133,986.9502563476562,1405.6993408203125,0.8,180.6,
chronos_2,electricity,Slovenia,Europe,False,False,holdout,last12,8,2025-12-01,1250.0,1223.1326904296875,165.0604497473429,982.4712524414062,1405.5382080078125,0.8,180.6,
chronos_2,electricity,Slovenia,Europe,False,False,holdout,last12,9,2026-01-01,1200.0,1209.1634521484375,175.0441422051502,954.3909301757812,1403.047119140625,0.8,180.6,
chronos_2,electricity,Slovenia,Europe,False,False,holdout,last12,10,2026-02-01,1160.0,1196.966552734375,176.59012931975317,937.9335327148438,1390.55224609375,0.8,180.6,
chronos_2,electricity,Slovenia,Europe,False,False,holdout,last12,11,2026-03-01,1260.0,1221.31884765625,171.6794139571114,974.5148315429688,1414.546875,0.8,180.6,
chronos_2,electricity,Slovenia,Europe,False,False,holdout,last12,12,2026-04-01,1040.0,1244.8690185546875,170.28478222435766,1005.6943969726562,1442.15185546875,0.8,180.6,
chronos_2,electricity,Slovenia,Europe,False,False,rolling,2022-12-01,1,2023-01-01,1130.0,1092.02685546875,153.03267380581042,860.3062744140625,1252.5447998046875,0.8,174.30555555555554,
chronos_2,electricity,Slovenia,Europe,False,False,rolling,2022-12-01,2,2023-02-01,1020.0,1075.54638671875,167.78339402807222,823.012939453125,1253.05908203125,0.8,174.30555555555554,
chronos_2,electricity,Slovenia,Europe,False,False,rolling,2022-12-01,3,2023-03-01,1150.0,1060.4739990234375,166.8120144282619,810.9180908203125,1238.4744873046875,0.8,174.30555555555554,
chronos_2,electricity,Slovenia,Europe,False,False,rolling,2022-12-01,4,2023-04-01,1130.0,1024.9962158203125,179.83481627139454,757.7061767578125,1218.641357421875,0.8,174.30555555555554,
chronos_2,electricity,Slovenia,Europe,False,False,rolling,2022-12-01,5,2023-05-01,1250.0,1052.836181640625,173.3155332492316,796.3934326171875,1240.6190185546875,0.8,174.30555555555554,
chronos_2,electricity,Slovenia,Europe,False,False,rolling,2022-12-01,6,2023-06-01,1350.0,1072.5235595703125,165.53394729496569,828.5641479492188,1252.8447265625,0.8,174.30555555555554,
chronos_2,electricity,Slovenia,Europe,False,False,rolling,2022-12-01,7,2023-07-01,1410.0,1075.5567626953125,164.77386037972872,832.739990234375,1255.0723876953125,0.8,174.30555555555554,
chronos_2,electricity,Slovenia,Europe,False,False,rolling,2022-12-01,8,2023-08-01,1400.0,1060.6331787109375,179.42127983948862,795.77490234375,1255.650146484375,0.8,174.30555555555554,
chronos_2,electricity,Slovenia,Europe,False,False,rolling,2022-12-01,9,2023-09-01,1190.0,1111.6322021484375,175.5687900611764,851.4577026367188,1301.4586181640625,0.8,174.30555555555554,
chronos_2,electricity,Slovenia,Europe,False,False,rolling,2022-12-01,10,2023-10-01,850.0,1134.947509765625,172.89423378169278,881.6917724609375,1324.8375244140625,0.8,174.30555555555554,
chronos_2,electricity,Slovenia,Europe,False,False,rolling,2022-12-01,11,2023-11-01,1060.0,1122.9398193359375,180.16743615397326,852.7396240234375,1314.52734375,0.8,174.30555555555554,
chronos_2,electricity,Slovenia,Europe,False,False,rolling,2022-12-01,12,2023-12-01,1320.0,1054.762939453125,195.11813788925738,761.09619140625,1261.2041015625,0.8,174.30555555555554,
chronos_2,electricity,Slovenia,Europe,False,False,rolling,2023-12-01,1,2024-01-01,1360.0,1212.6925048828125,159.7597013766286,982.6251220703125,1392.105712890625,0.8,177.85714285714286,
chronos_2,electricity,Slovenia,Europe,False,False,rolling,2023-12-01,2,2024-02-01,1280.0,1161.8551025390625,186.13940135102243,883.336669921875,1360.43115234375,0.8,177.85714285714286,
chronos_2,electricity,Slovenia,Europe,False,False,rolling,2023-12-01,3,2024-03-01,1380.0,1201.763427734375,182.82294203926566,928.7127075195312,1397.3067626953125,0.8,177.85714285714286,
chronos_2,electricity,Slovenia,Europe,False,False,rolling,2023-12-01,4,2024-04-01,880.0,1200.1715087890625,185.45420629794972,925.1492919921875,1400.487548828125,0.8,177.85714285714286,
chronos_2,electricity,Slovenia,Europe,False,False,rolling,2023-12-01,5,2024-05-01,1290.0,1161.8045654296875,187.55979874191982,884.8499755859375,1365.5850830078125,0.8,177.85714285714286,
chronos_2,electricity,Slovenia,Europe,False,False,rolling,2023-12-01,6,2024-06-01,1510.0,1130.23583984375,186.61818538303328,851.4102783203125,1329.73193359375,0.8,177.85714285714286,
chronos_2,electricity,Slovenia,Europe,False,False,rolling,2023-12-01,7,2024-07-01,1390.0,1155.333984375,184.69014261292537,879.2894287109375,1352.6693115234375,0.8,177.85714285714286,
chronos_2,electricity,Slovenia,Europe,False,False,rolling,2023-12-01,8,2024-08-01,1230.0,1175.3536376953125,184.6829034631327,901.603759765625,1374.965087890625,0.8,177.85714285714286,
chronos_2,electricity,Slovenia,Europe,False,False,rolling,2023-12-01,9,2024-09-01,1290.0,1183.421630859375,187.65447920105018,910.2720947265625,1391.2498779296875,0.8,177.85714285714286,
chronos_2,electricity,Slovenia,Europe,False,False,rolling,2023-12-01,10,2024-10-01,1510.0,1181.5159912109375,183.39495393784978,913.3736572265625,1383.433837890625,0.8,177.85714285714286,
chronos_2,electricity,Slovenia,Europe,False,False,rolling,2023-12-01,11,2024-11-01,1320.0,1177.3988037109375,190.5708564217986,897.1180419921875,1385.57080078125,0.8,177.85714285714286,
chronos_2,electricity,Slovenia,Europe,False,False,rolling,2023-12-01,12,2024-12-01,1240.0,1168.8753662109375,204.00371799989725,867.7413330078125,1390.6239013671875,0.8,177.85714285714286,
chronos_2,electricity,Slovenia,Europe,False,False,rolling,2024-12-01,1,2025-01-01,1240.0,1302.3594970703125,145.70351090059324,1114.259033203125,1487.712158203125,0.8,181.25,
chronos_2,electricity,Slovenia,Europe,False,False,rolling,2024-12-01,2,2025-02-01,1140.0,1297.157958984375,159.85666788306193,1088.7940673828125,1498.523193359375,0.8,181.25,
chronos_2,electricity,Slovenia,Europe,False,False,rolling,2024-12-01,3,2025-03-01,1410.0,1307.7210693359375,163.98250700502544,1093.47216796875,1513.7762451171875,0.8,181.25,
chronos_2,electricity,Slovenia,Europe,False,False,rolling,2024-12-01,4,2025-04-01,1250.0,1270.1627197265625,180.11238051476062,1024.2432861328125,1485.889892578125,0.8,181.25,
chronos_2,electricity,Slovenia,Europe,False,False,rolling,2024-12-01,5,2025-05-01,1240.0,1287.9840087890625,184.2947516814866,1045.298583984375,1517.6650390625,0.8,181.25,
chronos_2,electricity,Slovenia,Europe,False,False,rolling,2024-12-01,6,2025-06-01,1140.0,1234.1346435546875,213.31721759005742,934.8045654296875,1481.55859375,0.8,181.25,
chronos_2,electricity,Slovenia,Europe,False,False,rolling,2024-12-01,7,2025-07-01,1090.0,1270.30517578125,190.79905633121666,1010.8920288085938,1499.9296875,0.8,181.25,
chronos_2,electricity,Slovenia,Europe,False,False,rolling,2024-12-01,8,2025-08-01,950.0,1244.9820556640625,196.66495845860624,974.5394897460938,1478.612060546875,0.8,181.25,
chronos_2,electricity,Slovenia,Europe,False,False,rolling,2024-12-01,9,2025-09-01,980.0,1262.642822265625,193.9842822399887,1000.8056030273438,1498.00732421875,0.8,181.25,
chronos_2,electricity,Slovenia,Europe,False,False,rolling,2024-12-01,10,2025-10-01,790.0,1206.609619140625,215.36132488677535,901.24267578125,1453.2359619140625,0.8,181.25,
chronos_2,electricity,Slovenia,Europe,False,False,rolling,2024-12-01,11,2025-11-01,1310.0,1265.9290771484375,194.05650704696615,1008.1588134765625,1505.545654296875,0.8,181.25,
chronos_2,electricity,Slovenia,Europe,False,False,rolling,2024-12-01,12,2025-12-01,1250.0,1257.3533935546875,181.45862424626867,1013.628173828125,1478.725341796875,0.8,181.25,
chronos_2,electricity,Spain,Europe,True,False,holdout,last12,1,2025-05-01,19940.0,19888.6171875,766.894954609063,18962.8984375,20928.529296875,0.8,1191.875,
chronos_2,electricity,Spain,Europe,True,False,holdout,last12,2,2025-06-01,22450.0,20123.748046875,887.0297884419682,19119.62109375,21393.169921875,0.8,1191.875,
chronos_2,electricity,Spain,Europe,True,False,holdout,last12,3,2025-07-01,23990.0,22665.435546875,1065.9488046386052,21269.82421875,24001.9609375,0.8,1191.875,
chronos_2,electricity,Spain,Europe,True,False,holdout,last12,4,2025-08-01,22240.0,21514.23046875,1057.1155178600204,20246.08203125,22955.578125,0.8,1191.875,
chronos_2,electricity,Spain,Europe,True,False,holdout,last12,5,2025-09-01,20300.0,19954.837890625,943.0379473641556,18897.16015625,21314.263671875,0.8,1191.875,
chronos_2,electricity,Spain,Europe,True,False,holdout,last12,6,2025-10-01,20240.0,19904.83203125,967.5626628301648,18808.0859375,21288.048828125,0.8,1191.875,
chronos_2,electricity,Spain,Europe,True,False,holdout,last12,7,2025-11-01,20870.0,20297.3203125,1053.3016289429381,19118.189453125,21817.91015625,0.8,1191.875,
chronos_2,electricity,Spain,Europe,True,False,holdout,last12,8,2025-12-01,21080.0,21118.490234375,1135.8111722324156,19778.62109375,22689.822265625,0.8,1191.875,
chronos_2,electricity,Spain,Europe,True,False,holdout,last12,9,2026-01-01,23290.0,22427.546875,1253.834460373166,20908.130859375,24121.837890625,0.8,1191.875,
chronos_2,electricity,Spain,Europe,True,False,holdout,last12,10,2026-02-01,19890.0,20410.166015625,1096.4172430922752,19147.5234375,21957.75390625,0.8,1191.875,
chronos_2,electricity,Spain,Europe,True,False,holdout,last12,11,2026-03-01,21120.0,21453.9453125,1214.3117505682928,20009.869140625,23122.275390625,0.8,1191.875,
chronos_2,electricity,Spain,Europe,True,False,holdout,last12,12,2026-04-01,18830.0,19780.46875,1124.9600677010967,18498.15234375,21381.541015625,0.8,1191.875,
chronos_2,electricity,Spain,Europe,True,False,rolling,2022-12-01,1,2023-01-01,22090.0,22612.755859375,1422.073825586205,21033.576171875,24678.498046875,0.8,1270.357142857143,
chronos_2,electricity,Spain,Europe,True,False,rolling,2022-12-01,2,2023-02-01,20210.0,20668.0390625,1302.8656029267609,19245.173828125,22584.552734375,0.8,1270.357142857143,
chronos_2,electricity,Spain,Europe,True,False,rolling,2022-12-01,3,2023-03-01,22430.0,21594.6171875,1427.8674314676389,20007.58984375,23667.361328125,0.8,1270.357142857143,
chronos_2,electricity,Spain,Europe,True,False,rolling,2022-12-01,4,2023-04-01,19930.0,19803.12109375,1292.4648497141222,18331.466796875,21644.1875,0.8,1270.357142857143,
chronos_2,electricity,Spain,Europe,True,False,rolling,2022-12-01,5,2023-05-01,20150.0,19907.59375,1294.1694789863527,18415.423828125,21732.513671875,0.8,1270.357142857143,
chronos_2,electricity,Spain,Europe,True,False,rolling,2022-12-01,6,2023-06-01,19880.0,20071.900390625,1318.5166447784998,18569.142578125,21948.63671875,0.8,1270.357142857143,
chronos_2,electricity,Spain,Europe,True,False,rolling,2022-12-01,7,2023-07-01,22310.0,22410.365234375,1558.3009084003177,20685.626953125,24679.712890625,0.8,1270.357142857143,
chronos_2,electricity,Spain,Europe,True,False,rolling,2022-12-01,8,2023-08-01,22160.0,21350.162109375,1418.8459267944447,19801.9609375,23438.609375,0.8,1270.357142857143,
chronos_2,electricity,Spain,Europe,True,False,rolling,2022-12-01,9,2023-09-01,19390.0,20547.396484375,1316.3776665187095,19106.36328125,22480.375,0.8,1270.357142857143,
chronos_2,electricity,Spain,Europe,True,False,rolling,2022-12-01,10,2023-10-01,19340.0,20514.560546875,1297.3828994785276,19084.458984375,22409.78515625,0.8,1270.357142857143,
chronos_2,electricity,Spain,Europe,True,False,rolling,2022-12-01,11,2023-11-01,19950.0,21135.720703125,1399.4724379177414,19640.06640625,23227.05859375,0.8,1270.357142857143,
chronos_2,electricity,Spain,Europe,True,False,rolling,2022-12-01,12,2023-12-01,20790.0,21569.474609375,1503.2506032980648,19897.06640625,23750.052734375,0.8,1270.357142857143,
chronos_2,electricity,Spain,Europe,True,False,rolling,2023-12-01,1,2024-01-01,21540.0,22219.859375,1039.3399760480766,21018.087890625,23682.0234375,0.8,1276.0416666666667,
chronos_2,electricity,Spain,Europe,True,False,rolling,2023-12-01,2,2024-02-01,20530.0,19942.580078125,1079.0341394006707,18680.32421875,21446.0,0.8,1276.0416666666667,
chronos_2,electricity,Spain,Europe,True,False,rolling,2023-12-01,3,2024-03-01,20900.0,20953.947265625,1224.3802649062366,19557.337890625,22695.55078125,0.8,1276.0416666666667,
chronos_2,electricity,Spain,Europe,True,False,rolling,2023-12-01,4,2024-04-01,19820.0,19251.916015625,1253.3528664080118,17819.287109375,21031.759765625,0.8,1276.0416666666667,
chronos_2,electricity,Spain,Europe,True,False,rolling,2023-12-01,5,2024-05-01,20510.0,19411.392578125,1261.5475839733072,17940.025390625,21173.501953125,0.8,1276.0416666666667,
chronos_2,electricity,Spain,Europe,True,False,rolling,2023-12-01,6,2024-06-01,20470.0,19760.701171875,1337.0427721215774,18193.32421875,21620.302734375,0.8,1276.0416666666667,
chronos_2,electricity,Spain,Europe,True,False,rolling,2023-12-01,7,2024-07-01,23210.0,22025.767578125,1510.686353158782,20289.564453125,24161.609375,0.8,1276.0416666666667,
chronos_2,electricity,Spain,Europe,True,False,rolling,2023-12-01,8,2024-08-01,22030.0,21040.974609375,1360.2316739468984,19431.09765625,22917.51171875,0.8,1276.0416666666667,
chronos_2,electricity,Spain,Europe,True,False,rolling,2023-12-01,9,2024-09-01,20270.0,19970.666015625,1273.431981885558,18447.833984375,21711.771484375,0.8,1276.0416666666667,
chronos_2,electricity,Spain,Europe,True,False,rolling,2023-12-01,10,2024-10-01,20000.0,19858.96875,1218.595041198247,18394.8203125,21518.205078125,0.8,1276.0416666666667,
chronos_2,electricity,Spain,Europe,True,False,rolling,2023-12-01,11,2024-11-01,18860.0,20426.0625,1305.811555884491,18872.9609375,22219.890625,0.8,1276.0416666666667,
chronos_2,electricity,Spain,Europe,True,False,rolling,2023-12-01,12,2024-12-01,20990.0,21016.16015625,1399.987560576672,19340.43359375,22928.74609375,0.8,1276.0416666666667,
chronos_2,electricity,Spain,Europe,True,False,rolling,2024-12-01,1,2025-01-01,22840.0,22367.796875,1069.3573011672984,21146.8359375,23887.708984375,0.8,1202.037037037037,
chronos_2,electricity,Spain,Europe,True,False,rolling,2024-12-01,2,2025-02-01,20170.0,20402.330078125,1012.9940428973867,19244.10546875,21840.513671875,0.8,1202.037037037037,
chronos_2,electricity,Spain,Europe,True,False,rolling,2024-12-01,3,2025-03-01,22500.0,21201.28125,1064.3653358734311,20002.2890625,22730.3671875,0.8,1202.037037037037,
chronos_2,electricity,Spain,Europe,True,False,rolling,2024-12-01,4,2025-04-01,19410.0,19635.259765625,1007.1714804167822,18446.193359375,21027.677734375,0.8,1202.037037037037,
chronos_2,electricity,Spain,Europe,True,False,rolling,2024-12-01,5,2025-05-01,19940.0,19828.47265625,954.3607396556492,18700.84375,21146.96875,0.8,1202.037037037037,
chronos_2,electricity,Spain,Europe,True,False,rolling,2024-12-01,6,2025-06-01,22450.0,20064.287109375,1001.5081792316163,18895.369140625,21462.337890625,0.8,1202.037037037037,
chronos_2,electricity,Spain,Europe,True,False,rolling,2024-12-01,7,2025-07-01,23990.0,22535.48828125,1177.1977726049577,21194.37890625,24211.658203125,0.8,1202.037037037037,
chronos_2,electricity,Spain,Europe,True,False,rolling,2024-12-01,8,2025-08-01,22240.0,21353.1875,1143.652314481522,20007.662109375,22938.9609375,0.8,1202.037037037037,
chronos_2,electricity,Spain,Europe,True,False,rolling,2024-12-01,9,2025-09-01,20300.0,20105.2734375,1055.6966445006583,18879.734375,21585.59375,0.8,1202.037037037037,
chronos_2,electricity,Spain,Europe,True,False,rolling,2024-12-01,10,2025-10-01,20240.0,20052.099609375,1024.9775028594318,18848.46875,21475.591796875,0.8,1202.037037037037,
chronos_2,electricity,Spain,Europe,True,False,rolling,2024-12-01,11,2025-11-01,20870.0,20355.60546875,1078.000084003971,19126.697265625,21889.72265625,0.8,1202.037037037037,
chronos_2,electricity,Spain,Europe,True,False,rolling,2024-12-01,12,2025-12-01,21080.0,21083.92578125,1181.0131855535753,19733.3125,22760.37109375,0.8,1202.037037037037,
chronos_2,electricity,Sweden,Europe,True,False,holdout,last12,1,2025-05-01,11970.0,12646.8115234375,568.4348060668399,11928.041015625,13384.998046875,0.8,790.4464285714286,
chronos_2,electricity,Sweden,Europe,True,False,holdout,last12,2,2025-06-01,10940.0,11127.9111328125,606.748958864222,10398.6220703125,11953.7822265625,0.8,790.4464285714286,
chronos_2,electricity,Sweden,Europe,True,False,holdout,last12,3,2025-07-01,11690.0,10971.642578125,619.4281392221305,10194.10546875,11781.763671875,0.8,790.4464285714286,
chronos_2,electricity,Sweden,Europe,True,False,holdout,last12,4,2025-08-01,11440.0,11163.41015625,628.286191513164,10367.177734375,11977.5400390625,0.8,790.4464285714286,
chronos_2,electricity,Sweden,Europe,True,False,holdout,last12,5,2025-09-01,11180.0,11533.630859375,613.8818074572987,10773.16015625,12346.6025390625,0.8,790.4464285714286,
chronos_2,electricity,Sweden,Europe,True,False,holdout,last12,6,2025-10-01,12640.0,13405.458984375,580.5497137488045,12690.951171875,14178.9599609375,0.8,790.4464285714286,
chronos_2,electricity,Sweden,Europe,True,False,holdout,last12,7,2025-11-01,14690.0,14642.306640625,576.4317805404303,13905.2890625,15382.7431640625,0.8,790.4464285714286,
chronos_2,electricity,Sweden,Europe,True,False,holdout,last12,8,2025-12-01,16820.0,15981.8115234375,563.5388547596963,15296.587890625,16740.99609375,0.8,790.4464285714286,
chronos_2,electricity,Sweden,Europe,True,False,holdout,last12,9,2026-01-01,17680.0,16803.365234375,572.260125220437,16054.923828125,17521.685546875,0.8,790.4464285714286,
chronos_2,electricity,Sweden,Europe,True,False,holdout,last12,10,2026-02-01,15600.0,15770.2734375,608.1647841605135,15001.1171875,16559.90625,0.8,790.4464285714286,
chronos_2,electricity,Sweden,Europe,True,False,holdout,last12,11,2026-03-01,14780.0,15780.42578125,580.9341507035833,15026.4921875,16515.486328125,0.8,790.4464285714286,
chronos_2,electricity,Sweden,Europe,True,False,holdout,last12,12,2026-04-01,12920.0,13896.84375,592.7827338747546,13161.4208984375,14680.7841796875,0.8,790.4464285714286,
chronos_2,electricity,Sweden,Europe,True,False,rolling,2022-12-01,1,2023-01-01,15390.0,16253.1474609375,604.5090135152183,15531.4267578125,17080.845703125,0.8,781.9047619047619,
chronos_2,electricity,Sweden,Europe,True,False,rolling,2022-12-01,2,2023-02-01,14550.0,15583.6552734375,607.788348371295,14884.76171875,16442.5859375,0.8,781.9047619047619,
chronos_2,electricity,Sweden,Europe,True,False,rolling,2022-12-01,3,2023-03-01,15090.0,15668.935546875,596.0906443221181,14963.06640625,16490.908203125,0.8,781.9047619047619,
chronos_2,electricity,Sweden,Europe,True,False,rolling,2022-12-01,4,2023-04-01,12820.0,14215.2880859375,600.9412556910866,13489.6689453125,15029.943359375,0.8,781.9047619047619,
chronos_2,electricity,Sweden,Europe,True,False,rolling,2022-12-01,5,2023-05-01,11840.0,12997.9970703125,639.7328113669006,12222.6259765625,13862.3271484375,0.8,781.9047619047619,
chronos_2,electricity,Sweden,Europe,True,False,rolling,2022-12-01,6,2023-06-01,10180.0,11819.6259765625,667.2888255566168,10985.4892578125,12695.8193359375,0.8,781.9047619047619,
chronos_2,electricity,Sweden,Europe,True,False,rolling,2022-12-01,7,2023-07-01,10290.0,11648.796875,673.2912237583864,10820.08984375,12545.8046875,0.8,781.9047619047619,
chronos_2,electricity,Sweden,Europe,True,False,rolling,2022-12-01,8,2023-08-01,11230.0,11552.3642578125,666.9779231234161,10733.3515625,12442.884765625,0.8,781.9047619047619,
chronos_2,electricity,Sweden,Europe,True,False,rolling,2022-12-01,9,2023-09-01,10810.0,11964.28125,632.2254320240246,11198.220703125,12818.6796875,0.8,781.9047619047619,
chronos_2,electricity,Sweden,Europe,True,False,rolling,2022-12-01,10,2023-10-01,13810.0,13571.5546875,632.4826123456061,12807.384765625,14428.5029296875,0.8,781.9047619047619,
chronos_2,electricity,Sweden,Europe,True,False,rolling,2022-12-01,11,2023-11-01,15320.0,14874.0859375,660.2489428871933,14064.01171875,15756.2978515625,0.8,781.9047619047619,
chronos_2,electricity,Sweden,Europe,True,False,rolling,2022-12-01,12,2023-12-01,15700.0,16035.84765625,629.2878612397384,15286.712890625,16899.642578125,0.8,781.9047619047619,
chronos_2,electricity,Sweden,Europe,True,False,rolling,2023-12-01,1,2024-01-01,16880.0,16455.025390625,618.5377237976329,15658.9599609375,17244.3359375,0.8,825.2083333333334,
chronos_2,electricity,Sweden,Europe,True,False,rolling,2023-12-01,2,2024-02-01,15340.0,15749.125,629.158699567122,14949.7294921875,16562.328125,0.8,825.2083333333334,
chronos_2,electricity,Sweden,Europe,True,False,rolling,2023-12-01,3,2024-03-01,15170.0,15612.8115234375,634.5175754531122,14784.470703125,16410.8046875,0.8,825.2083333333334,
chronos_2,electricity,Sweden,Europe,True,False,rolling,2023-12-01,4,2024-04-01,13120.0,13921.138671875,663.3693974557152,13049.00390625,14749.2880859375,0.8,825.2083333333334,
chronos_2,electricity,Sweden,Europe,True,False,rolling,2023-12-01,5,2024-05-01,12620.0,12695.1494140625,707.347232446147,11762.154296875,13575.158203125,0.8,825.2083333333334,
chronos_2,electricity,Sweden,Europe,True,False,rolling,2023-12-01,6,2024-06-01,10940.0,11376.1630859375,713.1591267060045,10443.58203125,12271.482421875,0.8,825.2083333333334,
chronos_2,electricity,Sweden,Europe,True,False,rolling,2023-12-01,7,2024-07-01,11060.0,11100.3134765625,691.8104929595554,10204.2353515625,11977.4169921875,0.8,825.2083333333334,
chronos_2,electricity,Sweden,Europe,True,False,rolling,2023-12-01,8,2024-08-01,12390.0,11136.3232421875,690.548594848329,10237.462890625,12007.41015625,0.8,825.2083333333334,
chronos_2,electricity,Sweden,Europe,True,False,rolling,2023-12-01,9,2024-09-01,11820.0,11536.125,676.9443273484949,10645.8359375,12380.9140625,0.8,825.2083333333334,
chronos_2,electricity,Sweden,Europe,True,False,rolling,2023-12-01,10,2024-10-01,13640.0,13097.4306640625,673.8471142608863,12210.5927734375,13937.732421875,0.8,825.2083333333334,
chronos_2,electricity,Sweden,Europe,True,False,rolling,2023-12-01,11,2024-11-01,14900.0,14293.193359375,676.2173643061578,13440.3876953125,15173.6025390625,0.8,825.2083333333334,
chronos_2,electricity,Sweden,Europe,True,False,rolling,2023-12-01,12,2024-12-01,16040.0,15578.91796875,671.3598947952805,14750.9853515625,16471.75,0.8,825.2083333333334,
chronos_2,electricity,Sweden,Europe,True,False,rolling,2024-12-01,1,2025-01-01,16590.0,16674.310546875,593.784403601329,15905.3427734375,17427.2734375,0.8,808.2407407407408,
chronos_2,electricity,Sweden,Europe,True,False,rolling,2024-12-01,2,2025-02-01,15310.0,15681.302734375,582.2135751774657,14948.96484375,16441.23828125,0.8,808.2407407407408,
chronos_2,electricity,Sweden,Europe,True,False,rolling,2024-12-01,3,2025-03-01,15780.0,15777.19140625,588.3801877771637,15017.3759765625,16525.455078125,0.8,808.2407407407408,
chronos_2,electricity,Sweden,Europe,True,False,rolling,2024-12-01,4,2025-04-01,13430.0,13815.884765625,604.4282398438476,13053.9375,14603.1494140625,0.8,808.2407407407408,
chronos_2,electricity,Sweden,Europe,True,False,rolling,2024-12-01,5,2025-05-01,11970.0,12592.62109375,628.8649424886934,11787.6259765625,13399.4716796875,0.8,808.2407407407408,
chronos_2,electricity,Sweden,Europe,True,False,rolling,2024-12-01,6,2025-06-01,10940.0,11221.75390625,644.6958200615973,10440.267578125,12092.689453125,0.8,808.2407407407408,
chronos_2,electricity,Sweden,Europe,True,False,rolling,2024-12-01,7,2025-07-01,11690.0,11137.716796875,604.5916922260081,10376.34765625,11925.978515625,0.8,808.2407407407408,
chronos_2,electricity,Sweden,Europe,True,False,rolling,2024-12-01,8,2025-08-01,11440.0,11355.59765625,607.1154884484611,10557.033203125,12113.1328125,0.8,808.2407407407408,
chronos_2,electricity,Sweden,Europe,True,False,rolling,2024-12-01,9,2025-09-01,11180.0,11725.91796875,590.8472138249266,10963.123046875,12477.525390625,0.8,808.2407407407408,
chronos_2,electricity,Sweden,Europe,True,False,rolling,2024-12-01,10,2025-10-01,12640.0,13586.0966796875,619.7920017511827,12777.646484375,14366.2373046875,0.8,808.2407407407408,
chronos_2,electricity,Sweden,Europe,True,False,rolling,2024-12-01,11,2025-11-01,14690.0,14970.9033203125,638.675133481404,14123.427734375,15760.41796875,0.8,808.2407407407408,
chronos_2,electricity,Sweden,Europe,True,False,rolling,2024-12-01,12,2025-12-01,16820.0,16150.263671875,613.8357055033559,15347.173828125,16920.498046875,0.8,808.2407407407408,
