model,resource,zone_id,region,account_zone,window,origin,h,timestamp,actual,mean,sigma,lo,hi,interval_level,mase_scale,seed
sarima_dcf,carbon,AUT,Europe,True,holdout,last12,1,2025-01-01,165.26,147.66576101774297,24.669250935907915,116.05084386001758,179.28067817546835,0.8,32.4912962962963,
sarima_dcf,carbon,AUT,Europe,True,holdout,last12,2,2025-02-01,163.81,130.68791565852177,30.453382112918987,91.66033613558253,169.71549518146102,0.8,32.4912962962963,
sarima_dcf,carbon,AUT,Europe,True,holdout,last12,3,2025-03-01,119.77,110.47917414499827,33.16162009953247,67.98084799044715,152.97750029954938,0.8,32.4912962962963,
sarima_dcf,carbon,AUT,Europe,True,holdout,last12,4,2025-04-01,78.4,72.60565487240842,34.58556732092566,28.28246692702797,116.92884281778888,0.8,32.4912962962963,
sarima_dcf,carbon,AUT,Europe,True,holdout,last12,5,2025-05-01,46.02,39.616472631798324,35.3919853147318,-5.740181556027714,84.97312681962435,0.8,32.4912962962963,
sarima_dcf,carbon,AUT,Europe,True,holdout,last12,6,2025-06-01,43.85,34.38323621074774,35.87977503166791,-11.598545652474336,80.36501807396982,0.8,32.4912962962963,
sarima_dcf,carbon,AUT,Europe,True,holdout,last12,7,2025-07-01,42.55,43.24774675109322,36.19502408024644,-3.13804302387112,89.63353652605755,0.8,32.4912962962963,
sarima_dcf,carbon,AUT,Europe,True,holdout,last12,8,2025-08-01,41.74,42.131543576159174,36.41325187301863,-4.533916368277701,88.79700352059605,0.8,32.4912962962963,
sarima_dcf,carbon,AUT,Europe,True,holdout,last12,9,2025-09-01,55.67,60.1362340299153,36.575375721537384,13.263004013597097,107.0094640462335,0.8,32.4912962962963,
sarima_dcf,carbon,AUT,Europe,True,holdout,last12,10,2025-10-01,100.37,90.78963429514417,36.70459221728916,43.75080667640109,137.82846191388725,0.8,32.4912962962963,
sarima_dcf,carbon,AUT,Europe,True,holdout,last12,11,2025-11-01,114.99,123.65670711580594,36.81460098329223,76.476897590768,170.83651664084388,0.8,32.4912962962963,
sarima_dcf,carbon,AUT,Europe,True,holdout,last12,12,2025-12-01,156.78,129.25812832744464,36.913571959338704,81.95148239311087,176.5647742617784,0.8,32.4912962962963,
sarima_dcf,carbon,AUT,Europe,True,rolling,2022-12-01,1,2023-01-01,133.73,164.6173186535388,25.641983271412105,131.75579484839216,197.47884245868545,0.8,33.069404761904764,
sarima_dcf,carbon,AUT,Europe,True,rolling,2022-12-01,2,2023-02-01,141.99,151.5815826550974,31.837598391932623,110.78005859273591,192.3831067174589,0.8,33.069404761904764,
sarima_dcf,carbon,AUT,Europe,True,rolling,2022-12-01,3,2023-03-01,112.4,131.78252986519024,34.83684813170078,87.13731260336962,176.42774712701086,0.8,33.069404761904764,
sarima_dcf,carbon,AUT,Europe,True,rolling,2022-12-01,4,2023-04-01,95.06,88.13679936573206,36.460698184232214,41.4105345268801,134.86306420458402,0.8,33.069404761904764,
sarima_dcf,carbon,AUT,Europe,True,rolling,2022-12-01,5,2023-05-01,55.73,52.63592718917873,37.40247910473857,4.7027215372518185,100.56913284110564,0.8,33.069404761904764,
sarima_dcf,carbon,AUT,Europe,True,rolling,2022-12-01,6,2023-06-01,42.23,51.631539925284585,37.982005627593146,2.955641150718769,100.3074386998504,0.8,33.069404761904764,
sarima_dcf,carbon,AUT,Europe,True,rolling,2022-12-01,7,2023-07-01,53.89,64.043128833616,38.360670657670795,14.881951296937174,113.20430637029482,0.8,33.069404761904764,
sarima_dcf,carbon,AUT,Europe,True,rolling,2022-12-01,8,2023-08-01,41.74,62.35057406690601,38.62479676652488,12.850905301924037,111.85024283188798,0.8,33.069404761904764,
sarima_dcf,carbon,AUT,Europe,True,rolling,2022-12-01,9,2023-09-01,69.53,84.377540938867,38.82280159870378,34.62411877122076,134.13096310651324,0.8,33.069404761904764,
sarima_dcf,carbon,AUT,Europe,True,rolling,2022-12-01,10,2023-10-01,89.25,124.14355699528191,38.98293870543403,74.18491086780374,174.1022031227601,0.8,33.069404761904764,
sarima_dcf,carbon,AUT,Europe,True,rolling,2022-12-01,11,2023-11-01,97.73,145.56796448838162,39.12181851778086,95.43133671996782,195.70459225679542,0.8,33.069404761904764,
sarima_dcf,carbon,AUT,Europe,True,rolling,2022-12-01,12,2023-12-01,108.55,156.47511957309683,39.247853253473785,106.17697179184276,206.7732673543509,0.8,33.069404761904764,
sarima_dcf,carbon,AUT,Europe,True,rolling,2023-12-01,1,2024-01-01,112.28,118.82870770502241,24.56973975406932,87.34131925817147,150.31609615187335,0.8,33.05260416666667,
sarima_dcf,carbon,AUT,Europe,True,rolling,2023-12-01,2,2024-02-01,90.57,115.47138182857869,30.516563389568105,76.36283224163665,154.57993141552072,0.8,33.05260416666667,
sarima_dcf,carbon,AUT,Europe,True,rolling,2023-12-01,3,2024-03-01,79.79,99.72039254455929,33.402236211266754,56.913704435319836,142.52708065379875,0.8,33.05260416666667,
sarima_dcf,carbon,AUT,Europe,True,rolling,2023-12-01,4,2024-04-01,57.14,62.69693812896633,34.974065001066734,17.87587037339064,107.51800588454202,0.8,33.05260416666667,
sarima_dcf,carbon,AUT,Europe,True,rolling,2023-12-01,5,2024-05-01,41.73,29.397400712907952,35.89490406457262,-16.603769786118328,75.39857121193424,0.8,33.05260416666667,
sarima_dcf,carbon,AUT,Europe,True,rolling,2023-12-01,6,2024-06-01,42.52,28.886153448186022,36.46958788065571,-17.851503995034683,75.62381089140672,0.8,33.05260416666667,
sarima_dcf,carbon,AUT,Europe,True,rolling,2023-12-01,7,2024-07-01,41.6,42.498081983365324,36.85166055405625,-4.729221292603661,89.7253852593343,0.8,33.05260416666667,
sarima_dcf,carbon,AUT,Europe,True,rolling,2023-12-01,8,2024-08-01,53.03,40.55251636086218,37.12321542729315,-7.022798488034816,88.12783120975917,0.8,33.05260416666667,
sarima_dcf,carbon,AUT,Europe,True,rolling,2023-12-01,9,2024-09-01,49.45,63.82094396049891,37.330372012829194,15.980147265095319,111.66174065590249,0.8,33.05260416666667,
sarima_dcf,carbon,AUT,Europe,True,rolling,2023-12-01,10,2024-10-01,66.98,101.79408006418315,37.50019592192084,53.73564527221625,149.85251485615004,0.8,33.05260416666667,
sarima_dcf,carbon,AUT,Europe,True,rolling,2023-12-01,11,2024-11-01,163.08,121.99928725920701,37.64890373742796,73.75027573346826,170.24829878494575,0.8,33.05260416666667,
sarima_dcf,carbon,AUT,Europe,True,rolling,2023-12-01,12,2024-12-01,155.59,133.11569592937678,37.78538505230504,84.69177656088972,181.53961529786386,0.8,33.05260416666667,
sarima_dcf,carbon,AUT,Europe,True,rolling,2024-12-01,1,2025-01-01,165.26,147.66576101774297,24.669250935907915,116.05084386001758,179.28067817546835,0.8,32.4912962962963,
sarima_dcf,carbon,AUT,Europe,True,rolling,2024-12-01,2,2025-02-01,163.81,130.68791565852177,30.453382112918987,91.66033613558253,169.71549518146102,0.8,32.4912962962963,
sarima_dcf,carbon,AUT,Europe,True,rolling,2024-12-01,3,2025-03-01,119.77,110.47917414499827,33.16162009953247,67.98084799044715,152.97750029954938,0.8,32.4912962962963,
sarima_dcf,carbon,AUT,Europe,True,rolling,2024-12-01,4,2025-04-01,78.4,72.60565487240842,34.58556732092566,28.28246692702797,116.92884281778888,0.8,32.4912962962963,
sarima_dcf,carbon,AUT,Europe,True,rolling,2024-12-01,5,2025-05-01,46.02,39.616472631798324,35.3919853147318,-5.740181556027714,84.97312681962435,0.8,32.4912962962963,
sarima_dcf,carbon,AUT,Europe,True,rolling,2024-12-01,6,2025-06-01,43.85,34.38323621074774,35.87977503166791,-11.598545652474336,80.36501807396982,0.8,32.4912962962963,
sarima_dcf,carbon,AUT,Europe,True,rolling,2024-12-01,7,2025-07-01,42.55,43.24774675109322,36.19502408024644,-3.13804302387112,89.63353652605755,0.8,32.4912962962963,
sarima_dcf,carbon,AUT,Europe,True,rolling,2024-12-01,8,2025-08-01,41.74,42.131543576159174,36.41325187301863,-4.533916368277701,88.79700352059605,0.8,32.4912962962963,
sarima_dcf,carbon,AUT,Europe,True,rolling,2024-12-01,9,2025-09-01,55.67,60.1362340299153,36.575375721537384,13.263004013597097,107.0094640462335,0.8,32.4912962962963,
sarima_dcf,carbon,AUT,Europe,True,rolling,2024-12-01,10,2025-10-01,100.37,90.78963429514417,36.70459221728916,43.75080667640109,137.82846191388725,0.8,32.4912962962963,
sarima_dcf,carbon,AUT,Europe,True,rolling,2024-12-01,11,2025-11-01,114.99,123.65670711580594,36.81460098329223,76.476897590768,170.83651664084388,0.8,32.4912962962963,
sarima_dcf,carbon,AUT,Europe,True,rolling,2024-12-01,12,2025-12-01,156.78,129.25812832744464,36.913571959338704,81.95148239311087,176.5647742617784,0.8,32.4912962962963,
sarima_dcf,carbon,BEL,Europe,True,holdout,last12,1,2025-01-01,178.46,162.9114838408777,25.438568981471224,130.31064593745896,195.51232174429646,0.8,40.944629629629624,
sarima_dcf,carbon,BEL,Europe,True,holdout,last12,2,2025-02-01,193.04,155.3943477292001,32.18114397017689,114.15255229320371,196.63614316519647,0.8,40.944629629629624,
sarima_dcf,carbon,BEL,Europe,True,holdout,last12,3,2025-03-01,185.12,156.55042189263406,35.72056538162519,110.77267540567405,202.32816837959408,0.8,40.944629629629624,
sarima_dcf,carbon,BEL,Europe,True,holdout,last12,4,2025-04-01,186.22,156.52928499178824,37.81474458391821,108.06773986959865,204.99083011397784,0.8,40.944629629629624,
sarima_dcf,carbon,BEL,Europe,True,holdout,last12,5,2025-05-01,147.06,153.99203366515303,39.14956571266787,103.81984643569231,204.16422089461375,0.8,40.944629629629624,
sarima_dcf,carbon,BEL,Europe,True,holdout,last12,6,2025-06-01,148.35,156.60781330626546,40.054139662813185,105.27636791484514,207.93925869768577,0.8,40.944629629629624,
sarima_dcf,carbon,BEL,Europe,True,holdout,last12,7,2025-07-01,183.43,155.47906057682147,40.70248623423263,103.31672562178309,207.64139553185984,0.8,40.944629629629624,
sarima_dcf,carbon,BEL,Europe,True,holdout,last12,8,2025-08-01,156.44,156.90132241401994,41.19225222680379,104.11132708445149,209.6913177435884,0.8,40.944629629629624,
sarima_dcf,carbon,BEL,Europe,True,holdout,last12,9,2025-09-01,144.51,160.8830148939598,41.58067030910977,107.59524176292629,214.1707880249933,0.8,40.944629629629624,
sarima_dcf,carbon,BEL,Europe,True,holdout,last12,10,2025-10-01,208.57,163.5789443538307,41.90251303949894,109.8787131678078,217.2791755398536,0.8,40.944629629629624,
sarima_dcf,carbon,BEL,Europe,True,holdout,last12,11,2025-11-01,198.23,167.62505144896494,42.179576838088266,113.56974871810417,221.6803541798257,0.8,40.944629629629624,
sarima_dcf,carbon,BEL,Europe,True,holdout,last12,12,2025-12-01,220.76,161.2862848744263,42.42589252192575,106.91531589332538,215.6572538555272,0.8,40.944629629629624,
sarima_dcf,carbon,BEL,Europe,True,rolling,2022-12-01,1,2023-01-01,164.23,191.3496369728118,25.48015489612767,158.69550457536047,224.00376937026311,0.8,44.41178571428571,
sarima_dcf,carbon,BEL,Europe,True,rolling,2022-12-01,2,2023-02-01,201.45,179.35431193073768,32.97109127854179,137.10015828500852,221.60846557646684,0.8,44.41178571428571,
sarima_dcf,carbon,BEL,Europe,True,rolling,2022-12-01,3,2023-03-01,180.82,182.2163489014482,37.2356652208085,134.49692384362646,229.93577395926997,0.8,44.41178571428571,
sarima_dcf,carbon,BEL,Europe,True,rolling,2022-12-01,4,2023-04-01,174.06,177.612143422861,39.93162334683723,126.43770900798444,228.78657783773758,0.8,44.41178571428571,
sarima_dcf,carbon,BEL,Europe,True,rolling,2022-12-01,5,2023-05-01,167.25,174.43522657547916,41.7344876092575,120.95032864263348,227.92012450832485,0.8,44.41178571428571,
sarima_dcf,carbon,BEL,Europe,True,rolling,2022-12-01,6,2023-06-01,171.57,180.55938768880705,42.989935922242765,125.46556800499478,235.6532073726193,0.8,44.41178571428571,
sarima_dcf,carbon,BEL,Europe,True,rolling,2022-12-01,7,2023-07-01,145.68,182.62163369859246,43.8946352048746,126.3683952327763,238.87487216440863,0.8,44.41178571428571,
sarima_dcf,carbon,BEL,Europe,True,rolling,2022-12-01,8,2023-08-01,168.07,180.90958741414383,44.56746679030454,123.79408057667206,238.0250942516156,0.8,44.41178571428571,
sarima_dcf,carbon,BEL,Europe,True,rolling,2022-12-01,9,2023-09-01,185.74,178.80632542473873,45.08320290741853,121.02987615897163,236.58277469050583,0.8,44.41178571428571,
sarima_dcf,carbon,BEL,Europe,True,rolling,2022-12-01,10,2023-10-01,155.05,179.55877026496194,45.490259551432345,121.2606569197936,237.85688361013027,0.8,44.41178571428571,
sarima_dcf,carbon,BEL,Europe,True,rolling,2022-12-01,11,2023-11-01,141.52,181.64964797974991,45.820726699566386,122.92802394352935,240.37127201597048,0.8,44.41178571428571,
sarima_dcf,carbon,BEL,Europe,True,rolling,2022-12-01,12,2023-12-01,151.38,183.0340629046093,46.09630511835679,123.95927091435757,242.10885489486103,0.8,44.41178571428571,
sarima_dcf,carbon,BEL,Europe,True,rolling,2023-12-01,1,2024-01-01,172.27,153.4934722531039,25.12556275406178,121.29376797044694,185.69317653576087,0.8,41.91822916666666,
sarima_dcf,carbon,BEL,Europe,True,rolling,2023-12-01,2,2024-02-01,107.53,157.11127009270237,32.25626885717482,115.77319824016244,198.44934194524228,0.8,41.91822916666666,
sarima_dcf,carbon,BEL,Europe,True,rolling,2023-12-01,3,2024-03-01,141.49,159.39662419619444,36.21282471503103,112.98802198985422,205.80522640253466,0.8,41.91822916666666,
sarima_dcf,carbon,BEL,Europe,True,rolling,2023-12-01,4,2024-04-01,148.9,159.43243941586732,38.667901381487596,109.87752986409768,208.98734896763696,0.8,41.91822916666666,
sarima_dcf,carbon,BEL,Europe,True,rolling,2023-12-01,5,2024-05-01,153.31,159.46716468364545,40.292674245373604,107.83002492450831,211.1043044427826,0.8,41.91822916666666,
sarima_dcf,carbon,BEL,Europe,True,rolling,2023-12-01,6,2024-06-01,146.67,163.90368781200524,41.42260107713275,110.81848855267631,216.98888707133418,0.8,41.91822916666666,
sarima_dcf,carbon,BEL,Europe,True,rolling,2023-12-01,7,2024-07-01,129.81,163.13277744847207,42.24343854782915,108.99563264351451,217.26992225342963,0.8,41.91822916666666,
sarima_dcf,carbon,BEL,Europe,True,rolling,2023-12-01,8,2024-08-01,127.42,165.80002193615869,42.8644259897867,110.86704970277688,220.7329941695405,0.8,41.91822916666666,
sarima_dcf,carbon,BEL,Europe,True,rolling,2023-12-01,9,2024-09-01,151.92,167.5822684842995,43.352515007713556,112.0237850058684,223.1407519627306,0.8,41.91822916666666,
sarima_dcf,carbon,BEL,Europe,True,rolling,2023-12-01,10,2024-10-01,170.21,165.1106672662306,43.75007350068589,109.04269207873526,221.17864245372593,0.8,41.91822916666666,
sarima_dcf,carbon,BEL,Europe,True,rolling,2023-12-01,11,2024-11-01,215.89,164.89522606292198,44.08464399647454,108.39848153276367,221.3919705930803,0.8,41.91822916666666,
sarima_dcf,carbon,BEL,Europe,True,rolling,2023-12-01,12,2024-12-01,164.09,166.88312547594478,44.374562015371225,110.01483605478984,223.75141489709972,0.8,41.91822916666666,
sarima_dcf,carbon,BEL,Europe,True,rolling,2024-12-01,1,2025-01-01,178.46,162.9114838408777,25.438568981471224,130.31064593745896,195.51232174429646,0.8,40.944629629629624,
sarima_dcf,carbon,BEL,Europe,True,rolling,2024-12-01,2,2025-02-01,193.04,155.3943477292001,32.18114397017689,114.15255229320371,196.63614316519647,0.8,40.944629629629624,
sarima_dcf,carbon,BEL,Europe,True,rolling,2024-12-01,3,2025-03-01,185.12,156.55042189263406,35.72056538162519,110.77267540567405,202.32816837959408,0.8,40.944629629629624,
sarima_dcf,carbon,BEL,Europe,True,rolling,2024-12-01,4,2025-04-01,186.22,156.52928499178824,37.81474458391821,108.06773986959865,204.99083011397784,0.8,40.944629629629624,
sarima_dcf,carbon,BEL,Europe,True,rolling,2024-12-01,5,2025-05-01,147.06,153.99203366515303,39.14956571266787,103.81984643569231,204.16422089461375,0.8,40.944629629629624,
sarima_dcf,carbon,BEL,Europe,True,rolling,2024-12-01,6,2025-06-01,148.35,156.60781330626546,40.054139662813185,105.27636791484514,207.93925869768577,0.8,40.944629629629624,
sarima_dcf,carbon,BEL,Europe,True,rolling,2024-12-01,7,2025-07-01,183.43,155.47906057682147,40.70248623423263,103.31672562178309,207.64139553185984,0.8,40.944629629629624,
sarima_dcf,carbon,BEL,Europe,True,rolling,2024-12-01,8,2025-08-01,156.44,156.90132241401994,41.19225222680379,104.11132708445149,209.6913177435884,0.8,40.944629629629624,
sarima_dcf,carbon,BEL,Europe,True,rolling,2024-12-01,9,2025-09-01,144.51,160.8830148939598,41.58067030910977,107.59524176292629,214.1707880249933,0.8,40.944629629629624,
sarima_dcf,carbon,BEL,Europe,True,rolling,2024-12-01,10,2025-10-01,208.57,163.5789443538307,41.90251303949894,109.8787131678078,217.2791755398536,0.8,40.944629629629624,
sarima_dcf,carbon,BEL,Europe,True,rolling,2024-12-01,11,2025-11-01,198.23,167.62505144896494,42.179576838088266,113.56974871810417,221.6803541798257,0.8,40.944629629629624,
sarima_dcf,carbon,BEL,Europe,True,rolling,2024-12-01,12,2025-12-01,220.76,161.2862848744263,42.42589252192575,106.91531589332538,215.6572538555272,0.8,40.944629629629624,
sarima_dcf,carbon,BGR,Europe,True,holdout,last12,1,2025-01-01,460.53,415.0537788916883,52.53800588889414,347.72361519418456,482.38394258919203,0.8,72.36092592592593,
sarima_dcf,carbon,BGR,Europe,True,holdout,last12,2,2025-02-01,473.55,377.82716382124545,65.93072112048453,293.333544951804,462.3207826906869,0.8,72.36092592592593,
sarima_dcf,carbon,BGR,Europe,True,holdout,last12,3,2025-03-01,291.54,343.73418378514685,72.67820975595765,250.5933102914205,436.8750572788732,0.8,72.36092592592593,
sarima_dcf,carbon,BGR,Europe,True,holdout,last12,4,2025-04-01,243.42,309.13840074080605,76.49057359743861,211.11178639760413,407.16501508400796,0.8,72.36092592592593,
sarima_dcf,carbon,BGR,Europe,True,holdout,last12,5,2025-05-01,244.73,326.1093729688066,78.80139742560195,225.1213187309242,427.097427206689,0.8,72.36092592592593,
sarima_dcf,carbon,BGR,Europe,True,holdout,last12,6,2025-06-01,219.86,255.53473437655464,80.28687859688588,152.64295941802627,358.426509335083,0.8,72.36092592592593,
sarima_dcf,carbon,BGR,Europe,True,holdout,last12,7,2025-07-01,243.33,326.5077114214242,81.29653016562935,222.32201591431806,430.6934069285303,0.8,72.36092592592593,
sarima_dcf,carbon,BGR,Europe,True,holdout,last12,8,2025-08-01,216.5,311.50641115603173,82.02125563134274,206.39194259375057,416.6208797183129,0.8,72.36092592592593,
sarima_dcf,carbon,BGR,Europe,True,holdout,last12,9,2025-09-01,208.79,332.6048230863084,82.56965186060168,226.78755647788168,438.42208969473506,0.8,72.36092592592593,
sarima_dcf,carbon,BGR,Europe,True,holdout,last12,10,2025-10-01,314.88,386.73111489289226,83.00565953589704,280.35508196560136,493.1071478201832,0.8,72.36092592592593,
sarima_dcf,carbon,BGR,Europe,True,holdout,last12,11,2025-11-01,432.0,427.6552064042544,83.36812816613919,320.8146512364158,534.495761572093,0.8,72.36092592592593,
sarima_dcf,carbon,BGR,Europe,True,holdout,last12,12,2025-12-01,387.39,408.0909784260563,83.68136473759702,300.84899443968015,515.3329624124325,0.8,72.36092592592593,
sarima_dcf,carbon,BGR,Europe,True,rolling,2022-12-01,1,2023-01-01,528.47,550.5190097996693,47.00902851606318,490.2745157101778,610.7635038891609,0.8,58.91428571428572,
sarima_dcf,carbon,BGR,Europe,True,rolling,2022-12-01,2,2023-02-01,507.39,517.2426052755774,55.895617552657356,445.6094890938871,588.8757214572677,0.8,58.91428571428572,
sarima_dcf,carbon,BGR,Europe,True,rolling,2022-12-01,3,2023-03-01,416.44,480.82912450511736,59.281515197228316,404.8568058962534,556.8014431139813,0.8,58.91428571428572,
sarima_dcf,carbon,BGR,Europe,True,rolling,2022-12-01,4,2023-04-01,371.62,483.1327474544039,60.72126514963111,405.31531504004533,560.9501798687625,0.8,58.91428571428572,
sarima_dcf,carbon,BGR,Europe,True,rolling,2022-12-01,5,2023-05-01,382.11,508.575556862205,61.38175552965894,429.9116719672947,587.2394417571154,0.8,58.91428571428572,
sarima_dcf,carbon,BGR,Europe,True,rolling,2022-12-01,6,2023-06-01,214.29,396.2686543642056,61.709122656170095,317.185231615807,475.35207711260415,0.8,58.91428571428572,
sarima_dcf,carbon,BGR,Europe,True,rolling,2022-12-01,7,2023-07-01,291.79,448.01255753332765,61.88642684880843,368.70191031927584,527.3232047473795,0.8,58.91428571428572,
sarima_dcf,carbon,BGR,Europe,True,rolling,2022-12-01,8,2023-08-01,298.41,467.4474104416438,61.99295076365326,388.0002473377546,546.8945735455329,0.8,58.91428571428572,
sarima_dcf,carbon,BGR,Europe,True,rolling,2022-12-01,9,2023-09-01,346.03,530.9674430546452,62.0650966144782,451.42782132268377,610.5070647866066,0.8,58.91428571428572,
sarima_dcf,carbon,BGR,Europe,True,rolling,2022-12-01,10,2023-10-01,456.84,610.7345139897517,62.12077582762607,531.1235364750123,690.3454915044911,0.8,58.91428571428572,
sarima_dcf,carbon,BGR,Europe,True,rolling,2022-12-01,11,2023-11-01,456.31,530.3203072298122,62.169258957695,450.6471960838305,609.9934183757939,0.8,58.91428571428572,
sarima_dcf,carbon,BGR,Europe,True,rolling,2022-12-01,12,2023-12-01,429.33,524.5783912987553,62.2144009094807,444.84742841379085,604.3093541837196,0.8,58.91428571428572,
sarima_dcf,carbon,BGR,Europe,True,rolling,2023-12-01,1,2024-01-01,403.79,435.59207931779844,46.36824825117827,376.16877817994026,495.0153804556566,0.8,70.59187500000002,
sarima_dcf,carbon,BGR,Europe,True,rolling,2023-12-01,2,2024-02-01,321.77,420.2698266560012,57.36667500995119,346.75147448690996,493.7881788250925,0.8,70.59187500000002,
sarima_dcf,carbon,BGR,Europe,True,rolling,2023-12-01,3,2024-03-01,288.34,384.2730654430852,62.58341155079114,304.0691963930468,464.4769344931236,0.8,70.59187500000002,
sarima_dcf,carbon,BGR,Europe,True,rolling,2023-12-01,4,2024-04-01,221.52,396.8847015134352,65.34974236135552,313.13563688230374,480.6337661445666,0.8,70.59187500000002,
sarima_dcf,carbon,BGR,Europe,True,rolling,2023-12-01,5,2024-05-01,242.06,425.5335827109741,66.92090541952075,339.77099160292516,511.296173819023,0.8,70.59187500000002,
sarima_dcf,carbon,BGR,Europe,True,rolling,2023-12-01,6,2024-06-01,224.07,316.0174635368129,67.86796056823657,229.04117242027013,402.99375465335567,0.8,70.59187500000002,
sarima_dcf,carbon,BGR,Europe,True,rolling,2023-12-01,7,2024-07-01,340.12,372.6726234570416,68.47454536656726,284.9189626425626,460.4262842715206,0.8,70.59187500000002,
sarima_dcf,carbon,BGR,Europe,True,rolling,2023-12-01,8,2024-08-01,285.29,395.2258084794482,68.88983618958555,306.9399310605737,483.51168589832264,0.8,70.59187500000002,
sarima_dcf,carbon,BGR,Europe,True,rolling,2023-12-01,9,2024-09-01,281.79,465.508038369189,69.19616701109317,376.82958220643695,554.1864945319411,0.8,70.59187500000002,
sarima_dcf,carbon,BGR,Europe,True,rolling,2023-12-01,10,2024-10-01,312.03,547.3668205267422,69.4410157877714,458.3745780309165,636.359063022568,0.8,70.59187500000002,
sarima_dcf,carbon,BGR,Europe,True,rolling,2023-12-01,11,2024-11-01,476.02,473.738254577865,69.65234513892001,384.47518262122924,563.0013265345008,0.8,70.59187500000002,
sarima_dcf,carbon,BGR,Europe,True,rolling,2023-12-01,12,2024-12-01,438.95,464.73538680187926,69.8450657913678,375.22533339138624,554.2454402123723,0.8,70.59187500000002,
sarima_dcf,carbon,BGR,Europe,True,rolling,2024-12-01,1,2025-01-01,460.53,415.0537788916883,52.53800588889414,347.72361519418456,482.38394258919203,0.8,72.36092592592593,
sarima_dcf,carbon,BGR,Europe,True,rolling,2024-12-01,2,2025-02-01,473.55,377.82716382124545,65.93072112048453,293.333544951804,462.3207826906869,0.8,72.36092592592593,
sarima_dcf,carbon,BGR,Europe,True,rolling,2024-12-01,3,2025-03-01,291.54,343.73418378514685,72.67820975595765,250.5933102914205,436.8750572788732,0.8,72.36092592592593,
sarima_dcf,carbon,BGR,Europe,True,rolling,2024-12-01,4,2025-04-01,243.42,309.13840074080605,76.49057359743861,211.11178639760413,407.16501508400796,0.8,72.36092592592593,
sarima_dcf,carbon,BGR,Europe,True,rolling,2024-12-01,5,2025-05-01,244.73,326.1093729688066,78.80139742560195,225.1213187309242,427.097427206689,0.8,72.36092592592593,
sarima_dcf,carbon,BGR,Europe,True,rolling,2024-12-01,6,2025-06-01,219.86,255.53473437655464,80.28687859688588,152.64295941802627,358.426509335083,0.8,72.36092592592593,
sarima_dcf,carbon,BGR,Europe,True,rolling,2024-12-01,7,2025-07-01,243.33,326.5077114214242,81.29653016562935,222.32201591431806,430.6934069285303,0.8,72.36092592592593,
sarima_dcf,carbon,BGR,Europe,True,rolling,2024-12-01,8,2025-08-01,216.5,311.50641115603173,82.02125563134274,206.39194259375057,416.6208797183129,0.8,72.36092592592593,
sarima_dcf,carbon,BGR,Europe,True,rolling,2024-12-01,9,2025-09-01,208.79,332.6048230863084,82.56965186060168,226.78755647788168,438.42208969473506,0.8,72.36092592592593,
sarima_dcf,carbon,BGR,Europe,True,rolling,2024-12-01,10,2025-10-01,314.88,386.73111489289226,83.00565953589704,280.35508196560136,493.1071478201832,0.8,72.36092592592593,
sarima_dcf,carbon,BGR,Europe,True,rolling,2024-12-01,11,2025-11-01,432.0,427.6552064042544,83.36812816613919,320.8146512364158,534.495761572093,0.8,72.36092592592593,
sarima_dcf,carbon,BGR,Europe,True,rolling,2024-12-01,12,2025-12-01,387.39,408.0909784260563,83.68136473759702,300.84899443968015,515.3329624124325,0.8,72.36092592592593,
sarima_dcf,carbon,BIH,Europe,False,holdout,last12,1,2025-01-01,682.54,711.114258520841,76.12340981901711,613.5581834926863,808.6703335489956,0.8,98.8486666666667,
sarima_dcf,carbon,BIH,Europe,False,holdout,last12,2,2025-02-01,686.87,682.2872865191345,87.6922737175717,569.9051158502149,794.669457188054,0.8,98.8486666666667,
sarima_dcf,carbon,BIH,Europe,False,holdout,last12,3,2025-03-01,591.3,662.8862102163113,91.23525498593511,545.9635263562253,779.8088940763972,0.8,98.8486666666667,
sarima_dcf,carbon,BIH,Europe,False,holdout,last12,4,2025-04-01,586.96,688.263175046976,92.41254521169915,569.8317330549618,806.6946170389903,0.8,98.8486666666667,
sarima_dcf,carbon,BIH,Europe,False,holdout,last12,5,2025-05-01,600.0,683.3856386863777,92.82271267145148,564.4285459441824,802.342731428573,0.8,98.8486666666667,
sarima_dcf,carbon,BIH,Europe,False,holdout,last12,6,2025-06-01,636.36,698.0395389922658,92.97235295003891,578.8906745167783,817.1884034677532,0.8,98.8486666666667,
sarima_dcf,carbon,BIH,Europe,False,holdout,last12,7,2025-07-01,632.91,759.5088883498402,93.0290258312941,640.2873946546562,878.7303820450242,0.8,98.8486666666667,
sarima_dcf,carbon,BIH,Europe,False,holdout,last12,8,2025-08-01,712.64,775.9243847166839,93.04923687011164,656.6769895330619,895.1717799003059,0.8,98.8486666666667,
sarima_dcf,carbon,BIH,Europe,False,holdout,last12,9,2025-09-01,734.18,772.5042521214563,93.0509770387448,653.2546268219982,891.7538774209144,0.8,98.8486666666667,
sarima_dcf,carbon,BIH,Europe,False,holdout,last12,10,2025-10-01,730.34,722.363449882245,93.03568534756991,603.133421673552,841.5934780909381,0.8,98.8486666666667,
sarima_dcf,carbon,BIH,Europe,False,holdout,last12,11,2025-11-01,629.63,703.2240943393202,92.98995277484777,584.0526747807957,822.3955138978448,0.8,98.8486666666667,
sarima_dcf,carbon,BIH,Europe,False,holdout,last12,12,2025-12-01,584.75,655.1518552465147,92.86928013980534,536.1350838923471,774.1686266006824,0.8,98.8486666666667,
sarima_dcf,carbon,BIH,Europe,False,rolling,2022-12-01,1,2023-01-01,625.95,698.9774750326176,77.75416009512233,599.331509435108,798.6234406301271,0.8,98.51138888888889,
sarima_dcf,carbon,BIH,Europe,False,rolling,2022-12-01,2,2023-02-01,558.56,693.3428903291733,91.50274953961812,576.0773984050403,810.6083822533063,0.8,98.51138888888889,
sarima_dcf,carbon,BIH,Europe,False,rolling,2022-12-01,3,2023-03-01,534.88,693.6994179221335,96.41660782921015,570.1365632141095,817.2622726301576,0.8,98.51138888888889,
sarima_dcf,carbon,BIH,Europe,False,rolling,2022-12-01,4,2023-04-01,652.17,699.9651960001592,98.35086986413063,573.9234847531093,826.006907247209,0.8,98.51138888888889,
sarima_dcf,carbon,BIH,Europe,False,rolling,2022-12-01,5,2023-05-01,508.33,704.2723497148997,99.1581823591582,577.1960258759635,831.348673553836,0.8,98.51138888888889,
sarima_dcf,carbon,BIH,Europe,False,rolling,2022-12-01,6,2023-06-01,580.36,723.0851753362019,99.51225949772349,595.5550833860138,850.61526728639,0.8,98.51138888888889,
sarima_dcf,carbon,BIH,Europe,False,rolling,2022-12-01,7,2023-07-01,697.25,763.7648315006305,99.67252146240594,636.0293555787064,891.5003074225547,0.8,98.51138888888889,
sarima_dcf,carbon,BIH,Europe,False,rolling,2022-12-01,8,2023-08-01,828.57,765.100076721733,99.74165311845826,637.2760050177664,892.9241484256996,0.8,98.51138888888889,
sarima_dcf,carbon,BIH,Europe,False,rolling,2022-12-01,9,2023-09-01,840.0,755.6590394043152,99.75891262141847,627.8128487573093,883.5052300513211,0.8,98.51138888888889,
sarima_dcf,carbon,BIH,Europe,False,rolling,2022-12-01,10,2023-10-01,813.73,725.9639053826837,99.73334264806383,598.1504839750614,853.777326790306,0.8,98.51138888888889,
sarima_dcf,carbon,BIH,Europe,False,rolling,2022-12-01,11,2023-11-01,603.31,719.926410366144,99.6510810030797,592.2184114984354,847.6344092338525,0.8,98.51138888888889,
sarima_dcf,carbon,BIH,Europe,False,rolling,2022-12-01,12,2023-12-01,553.85,678.1179567435721,99.46404278605026,550.6496569957143,805.5862564914299,0.8,98.51138888888889,
sarima_dcf,carbon,BIH,Europe,False,rolling,2023-12-01,1,2024-01-01,647.06,617.0785299639364,79.21896488814367,515.5553414907131,718.6017184371597,0.8,101.97479166666666,
sarima_dcf,carbon,BIH,Europe,False,rolling,2023-12-01,2,2024-02-01,635.59,627.0253243050042,93.35516293453547,507.38586909457905,746.6647795154295,0.8,101.97479166666666,
sarima_dcf,carbon,BIH,Europe,False,rolling,2023-12-01,3,2024-03-01,555.56,639.4272587561803,98.42761297012997,513.2871972614922,765.5673202508684,0.8,101.97479166666666,
sarima_dcf,carbon,BIH,Europe,False,rolling,2023-12-01,4,2024-04-01,662.92,668.9153219053286,100.41592793878058,540.2271322497705,797.6035115608867,0.8,101.97479166666666,
sarima_dcf,carbon,BIH,Europe,False,rolling,2023-12-01,5,2024-05-01,747.13,662.5076668898737,101.23434319819333,532.7706358773496,792.2446979023978,0.8,101.97479166666666,
sarima_dcf,carbon,BIH,Europe,False,rolling,2023-12-01,6,2024-06-01,656.57,694.474734952315,101.58550021472168,564.2876781155071,824.6617917891228,0.8,101.97479166666666,
sarima_dcf,carbon,BIH,Europe,False,rolling,2023-12-01,7,2024-07-01,750.0,753.7127087543815,101.74106095778271,623.3262928037665,884.0991247049966,0.8,101.97479166666666,
sarima_dcf,carbon,BIH,Europe,False,rolling,2023-12-01,8,2024-08-01,764.71,771.8687141708895,101.80831511234062,641.3961085532113,902.3413197885676,0.8,101.97479166666666,
sarima_dcf,carbon,BIH,Europe,False,rolling,2023-12-01,9,2024-09-01,809.52,764.1438093182146,101.82811900095129,633.6458239960837,894.6417946403456,0.8,101.97479166666666,
sarima_dcf,carbon,BIH,Europe,False,rolling,2023-12-01,10,2024-10-01,641.3,730.2237365081528,101.81016415342872,599.7487612489734,860.6987117673322,0.8,101.97479166666666,
sarima_dcf,carbon,BIH,Europe,False,rolling,2023-12-01,11,2024-11-01,725.49,700.0639661716633,101.74084726365942,569.6778240810866,830.4501082622401,0.8,101.97479166666666,
sarima_dcf,carbon,BIH,Europe,False,rolling,2023-12-01,12,2024-12-01,703.7,650.6110848878163,101.57131156702268,520.44221153468,780.7799582409526,0.8,101.97479166666666,
sarima_dcf,carbon,BIH,Europe,False,rolling,2024-12-01,1,2025-01-01,682.54,711.114258520841,76.12340981901711,613.5581834926863,808.6703335489956,0.8,98.8486666666667,
sarima_dcf,carbon,BIH,Europe,False,rolling,2024-12-01,2,2025-02-01,686.87,682.2872865191345,87.6922737175717,569.9051158502149,794.669457188054,0.8,98.8486666666667,
sarima_dcf,carbon,BIH,Europe,False,rolling,2024-12-01,3,2025-03-01,591.3,662.8862102163113,91.23525498593511,545.9635263562253,779.8088940763972,0.8,98.8486666666667,
sarima_dcf,carbon,BIH,Europe,False,rolling,2024-12-01,4,2025-04-01,586.96,688.263175046976,92.41254521169915,569.8317330549618,806.6946170389903,0.8,98.8486666666667,
sarima_dcf,carbon,BIH,Europe,False,rolling,2024-12-01,5,2025-05-01,600.0,683.3856386863777,92.82271267145148,564.4285459441824,802.342731428573,0.8,98.8486666666667,
sarima_dcf,carbon,BIH,Europe,False,rolling,2024-12-01,6,2025-06-01,636.36,698.0395389922658,92.97235295003891,578.8906745167783,817.1884034677532,0.8,98.8486666666667,
sarima_dcf,carbon,BIH,Europe,False,rolling,2024-12-01,7,2025-07-01,632.91,759.5088883498402,93.0290258312941,640.2873946546562,878.7303820450242,0.8,98.8486666666667,
sarima_dcf,carbon,BIH,Europe,False,rolling,2024-12-01,8,2025-08-01,712.64,775.9243847166839,93.04923687011164,656.6769895330619,895.1717799003059,0.8,98.8486666666667,
sarima_dcf,carbon,BIH,Europe,False,rolling,2024-12-01,9,2025-09-01,734.18,772.5042521214563,93.0509770387448,653.2546268219982,891.7538774209144,0.8,98.8486666666667,
sarima_dcf,carbon,BIH,Europe,False,rolling,2024-12-01,10,2025-10-01,730.34,722.363449882245,93.03568534756991,603.133421673552,841.5934780909381,0.8,98.8486666666667,
sarima_dcf,carbon,BIH,Europe,False,rolling,2024-12-01,11,2025-11-01,629.63,703.2240943393202,92.98995277484777,584.0526747807957,822.3955138978448,0.8,98.8486666666667,
sarima_dcf,carbon,BIH,Europe,False,rolling,2024-12-01,12,2025-12-01,584.75,655.1518552465147,92.86928013980534,536.1350838923471,774.1686266006824,0.8,98.8486666666667,
sarima_dcf,carbon,CHE,Europe,False,holdout,last12,1,2025-01-01,56.67,52.99493540168869,6.0985572486496915,45.17931981211831,60.81055099125908,0.8,5.443809523809524,
sarima_dcf,carbon,CHE,Europe,False,holdout,last12,2,2025-02-01,57.47,57.852541921031715,9.130927208053471,46.15078786267701,69.55429597938642,0.8,5.443809523809524,
sarima_dcf,carbon,CHE,Europe,False,holdout,last12,3,2025-03-01,60.0,52.815338766663814,11.070379445989,38.62807665648384,67.00260087684379,0.8,5.443809523809524,
sarima_dcf,carbon,CHE,Europe,False,holdout,last12,4,2025-04-01,58.18,49.234560960150745,12.923462066866474,32.672477916101755,65.79664400419973,0.8,5.443809523809524,
sarima_dcf,carbon,CHE,Europe,False,holdout,last12,5,2025-05-01,56.57,49.64152273923987,14.402167380997728,31.184402584886854,68.09864289359288,0.8,5.443809523809524,
sarima_dcf,carbon,CHE,Europe,False,holdout,last12,6,2025-06-01,52.63,47.87545629435266,15.83990530401404,27.575800853915247,68.17511173479008,0.8,5.443809523809524,
sarima_dcf,carbon,CHE,Europe,False,holdout,last12,7,2025-07-01,57.99,45.32771419102459,17.088872567024474,23.4274427993622,67.22798558268698,0.8,5.443809523809524,
sarima_dcf,carbon,CHE,Europe,False,holdout,last12,8,2025-08-01,56.39,45.96952859612098,18.301507938876174,22.51520244522729,69.42385474701467,0.8,5.443809523809524,
sarima_dcf,carbon,CHE,Europe,False,holdout,last12,9,2025-09-01,54.2,48.51592744882409,19.403411054934683,23.649455634467138,73.38239926318104,0.8,5.443809523809524,
sarima_dcf,carbon,CHE,Europe,False,holdout,last12,10,2025-10-01,60.08,52.51025764007581,20.471519285364824,26.274950050840037,78.74556522931158,0.8,5.443809523809524,
sarima_dcf,carbon,CHE,Europe,False,holdout,last12,11,2025-11-01,62.5,54.297033820378005,21.467967572505565,26.784726368772784,81.80934127198323,0.8,5.443809523809524,
sarima_dcf,carbon,CHE,Europe,False,holdout,last12,12,2025-12-01,66.1,54.090422320512786,22.43386379736587,25.340269049784222,82.84057559124135,0.8,5.443809523809524,
sarima_dcf,carbon,CHE,Europe,False,rolling,2022-12-01,1,2023-01-01,55.94,52.11891705277082,6.789994833586642,43.41718854374811,60.820645561793526,0.8,5.662666666666667,
sarima_dcf,carbon,CHE,Europe,False,rolling,2022-12-01,2,2023-02-01,64.26,57.62191305927308,10.124458937911573,44.64689685710049,70.59692926144568,0.8,5.662666666666667,
sarima_dcf,carbon,CHE,Europe,False,rolling,2022-12-01,3,2023-03-01,57.04,51.90100050897969,12.279546227419425,36.16412881705304,67.63787220090634,0.8,5.662666666666667,
sarima_dcf,carbon,CHE,Europe,False,rolling,2022-12-01,4,2023-04-01,55.03,47.95967911050903,14.326407855202643,29.599648695043623,66.31970952597443,0.8,5.662666666666667,
sarima_dcf,carbon,CHE,Europe,False,rolling,2022-12-01,5,2023-05-01,57.59,45.600452175444154,15.966520659908873,25.13853262743773,66.06237172345058,0.8,5.662666666666667,
sarima_dcf,carbon,CHE,Europe,False,rolling,2022-12-01,6,2023-06-01,50.08,46.959620034307356,17.557357702776894,24.45896078348708,69.46027928512763,0.8,5.662666666666667,
sarima_dcf,carbon,CHE,Europe,False,rolling,2022-12-01,7,2023-07-01,47.35,45.31482512597996,18.941457376561083,21.040370771351785,69.58927948060813,0.8,5.662666666666667,
sarima_dcf,carbon,CHE,Europe,False,rolling,2022-12-01,8,2023-08-01,48.53,45.144520184413594,20.284277596336516,19.14917247488727,71.13986789393992,0.8,5.662666666666667,
sarima_dcf,carbon,CHE,Europe,False,rolling,2022-12-01,9,2023-09-01,46.62,47.84927147954498,21.504961007520237,20.289555033381834,75.40898792570813,0.8,5.662666666666667,
sarima_dcf,carbon,CHE,Europe,False,rolling,2022-12-01,10,2023-10-01,51.5,52.721255038618104,22.688154959431976,23.645214531039564,81.79729554619664,0.8,5.662666666666667,
sarima_dcf,carbon,CHE,Europe,False,rolling,2022-12-01,11,2023-11-01,49.05,55.99871749311484,23.791877395685106,25.508199769429403,86.48923521680027,0.8,5.662666666666667,
sarima_dcf,carbon,CHE,Europe,False,rolling,2022-12-01,12,2023-12-01,51.02,54.12186921830403,24.86201044270585,22.259920812868145,85.98381762373991,0.8,5.662666666666667,
sarima_dcf,carbon,CHE,Europe,False,rolling,2023-12-01,1,2024-01-01,50.46,48.805773626162434,6.409691274048194,40.591423739248405,57.02012351307646,0.8,5.719166666666666,
sarima_dcf,carbon,CHE,Europe,False,rolling,2023-12-01,2,2024-02-01,55.08,53.40385581997576,9.544742739230161,41.17177581979489,65.63593582015663,0.8,5.719166666666666,
sarima_dcf,carbon,CHE,Europe,False,rolling,2023-12-01,3,2024-03-01,51.89,47.869078650777325,11.57507079031412,33.03502855816069,62.70312874339396,0.8,5.719166666666666,
sarima_dcf,carbon,CHE,Europe,False,rolling,2023-12-01,4,2024-04-01,50.39,42.977004339209714,13.502905844907868,25.6723342142667,60.28167446415273,0.8,5.719166666666666,
sarima_dcf,carbon,CHE,Europe,False,rolling,2023-12-01,5,2024-05-01,55.91,42.42798579571617,15.04734657706645,23.144035232584475,61.711936358847865,0.8,5.719166666666666,
sarima_dcf,carbon,CHE,Europe,False,rolling,2023-12-01,6,2024-06-01,49.79,41.49159589074275,16.54648147927927,20.28642664671767,62.69676513476783,0.8,5.719166666666666,
sarima_dcf,carbon,CHE,Europe,False,rolling,2023-12-01,7,2024-07-01,42.92,40.00676539649731,17.849684269278765,17.13147457672628,62.88205621626834,0.8,5.719166666666666,
sarima_dcf,carbon,CHE,Europe,False,rolling,2023-12-01,8,2024-08-01,45.57,40.14893423177794,19.115300153617802,15.651691394054108,64.64617706950177,0.8,5.719166666666666,
sarima_dcf,carbon,CHE,Europe,False,rolling,2023-12-01,9,2024-09-01,49.77,42.819183096813354,20.26466890583615,16.848964935296053,68.78940125833066,0.8,5.719166666666666,
sarima_dcf,carbon,CHE,Europe,False,rolling,2023-12-01,10,2024-10-01,51.32,47.66758800661622,21.379862197432256,20.26819213636909,75.06698387686335,0.8,5.719166666666666,
sarima_dcf,carbon,CHE,Europe,False,rolling,2023-12-01,11,2024-11-01,53.07,49.616806983106855,22.419164362172456,20.88549179656303,78.34812216965068,0.8,5.719166666666666,
sarima_dcf,carbon,CHE,Europe,False,rolling,2023-12-01,12,2024-12-01,55.36,48.81302541225232,23.427791456945773,18.789102593351053,78.8369482311536,0.8,5.719166666666666,
sarima_dcf,carbon,CHE,Europe,False,rolling,2024-12-01,1,2025-01-01,56.67,52.99493540168869,6.0985572486496915,45.17931981211831,60.81055099125908,0.8,5.443809523809524,
sarima_dcf,carbon,CHE,Europe,False,rolling,2024-12-01,2,2025-02-01,57.47,57.852541921031715,9.130927208053471,46.15078786267701,69.55429597938642,0.8,5.443809523809524,
sarima_dcf,carbon,CHE,Europe,False,rolling,2024-12-01,3,2025-03-01,60.0,52.815338766663814,11.070379445989,38.62807665648384,67.00260087684379,0.8,5.443809523809524,
sarima_dcf,carbon,CHE,Europe,False,rolling,2024-12-01,4,2025-04-01,58.18,49.234560960150745,12.923462066866474,32.672477916101755,65.79664400419973,0.8,5.443809523809524,
sarima_dcf,carbon,CHE,Europe,False,rolling,2024-12-01,5,2025-05-01,56.57,49.64152273923987,14.402167380997728,31.184402584886854,68.09864289359288,0.8,5.443809523809524,
sarima_dcf,carbon,CHE,Europe,False,rolling,2024-12-01,6,2025-06-01,52.63,47.87545629435266,15.83990530401404,27.575800853915247,68.17511173479008,0.8,5.443809523809524,
sarima_dcf,carbon,CHE,Europe,False,rolling,2024-12-01,7,2025-07-01,57.99,45.32771419102459,17.088872567024474,23.4274427993622,67.22798558268698,0.8,5.443809523809524,
sarima_dcf,carbon,CHE,Europe,False,rolling,2024-12-01,8,2025-08-01,56.39,45.96952859612098,18.301507938876174,22.51520244522729,69.42385474701467,0.8,5.443809523809524,
sarima_dcf,carbon,CHE,Europe,False,rolling,2024-12-01,9,2025-09-01,54.2,48.51592744882409,19.403411054934683,23.649455634467138,73.38239926318104,0.8,5.443809523809524,
sarima_dcf,carbon,CHE,Europe,False,rolling,2024-12-01,10,2025-10-01,60.08,52.51025764007581,20.471519285364824,26.274950050840037,78.74556522931158,0.8,5.443809523809524,
sarima_dcf,carbon,CHE,Europe,False,rolling,2024-12-01,11,2025-11-01,62.5,54.297033820378005,21.467967572505565,26.784726368772784,81.80934127198323,0.8,5.443809523809524,
sarima_dcf,carbon,CHE,Europe,False,rolling,2024-12-01,12,2025-12-01,66.1,54.090422320512786,22.43386379736587,25.340269049784222,82.84057559124135,0.8,5.443809523809524,
sarima_dcf,carbon,CYP,Europe,False,holdout,last12,1,2025-01-01,563.64,587.9658506749682,14.94587699079733,568.8119386189749,607.1197627309616,0.8,19.23547619047619,
sarima_dcf,carbon,CYP,Europe,False,holdout,last12,2,2025-02-01,563.64,578.1267849799698,23.133205580044258,548.480389152799,607.7731808071405,0.8,19.23547619047619,
sarima_dcf,carbon,CYP,Europe,False,holdout,last12,3,2025-03-01,510.64,549.3318580826314,28.143219774526653,513.2648707211209,585.3988454441418,0.8,19.23547619047619,
sarima_dcf,carbon,CYP,Europe,False,holdout,last12,4,2025-04-01,500.0,527.8837759007224,32.882468207412124,485.74319729054287,570.024354510902,0.8,19.23547619047619,
sarima_dcf,carbon,CYP,Europe,False,holdout,last12,5,2025-05-01,460.0,530.5416798560825,36.75364637660404,483.439986802673,577.6433729094921,0.8,19.23547619047619,
sarima_dcf,carbon,CYP,Europe,False,holdout,last12,6,2025-06-01,475.41,554.89995113071,40.39949536912679,503.12591459319367,606.6739876682262,0.8,19.23547619047619,
sarima_dcf,carbon,CYP,Europe,False,holdout,last12,7,2025-07-01,506.67,574.6436250065943,43.661671046605136,518.6889421225242,630.5983078906645,0.8,19.23547619047619,
sarima_dcf,carbon,CYP,Europe,False,holdout,last12,8,2025-08-01,527.03,575.0698613295447,46.74181991563649,515.167808840257,634.9719138188324,0.8,19.23547619047619,
sarima_dcf,carbon,CYP,Europe,False,holdout,last12,9,2025-09-01,515.63,559.7185234686773,49.60550719579006,496.1465080622786,623.290538875076,0.8,19.23547619047619,
sarima_dcf,carbon,CYP,Europe,False,holdout,last12,10,2025-10-01,538.46,551.4014572276401,52.32728611235902,484.34134178964615,618.461572665634,0.8,19.23547619047619,
sarima_dcf,carbon,CYP,Europe,False,holdout,last12,11,2025-11-01,530.61,557.9098499534937,54.90593802795481,487.5450591160734,628.274640790914,0.8,19.23547619047619,
sarima_dcf,carbon,CYP,Europe,False,holdout,last12,12,2025-12-01,555.56,580.4135772236783,57.373649001533124,506.8862875247571,653.9408669225995,0.8,19.23547619047619,
sarima_dcf,carbon,CYP,Europe,False,rolling,2022-12-01,1,2023-01-01,600.0,599.4621157012926,15.391337539836618,579.7373229812897,619.1869084212956,0.8,19.00466666666667,
sarima_dcf,carbon,CYP,Europe,False,rolling,2022-12-01,2,2023-02-01,580.0,587.1768849719872,24.138472481637642,556.2421877732892,618.1115821706852,0.8,19.00466666666667,
sarima_dcf,carbon,CYP,Europe,False,rolling,2022-12-01,3,2023-03-01,545.46,570.182506703734,29.000772713309196,533.0165210309895,607.3484923764786,0.8,19.00466666666667,
sarima_dcf,carbon,CYP,Europe,False,rolling,2022-12-01,4,2023-04-01,523.81,542.6076585693953,34.16300738435211,498.82600297226713,586.3893141665235,0.8,19.00466666666667,
sarima_dcf,carbon,CYP,Europe,False,rolling,2022-12-01,5,2023-05-01,511.11,542.8586022012483,37.93769916035645,494.23948444913344,591.4777199533632,0.8,19.00466666666667,
sarima_dcf,carbon,CYP,Europe,False,rolling,2022-12-01,6,2023-06-01,538.46,565.0919769022001,41.873970651449724,511.4283242582661,618.7556295461342,0.8,19.00466666666667,
sarima_dcf,carbon,CYP,Europe,False,rolling,2022-12-01,7,2023-07-01,583.33,587.7162699739191,45.103137499611655,529.9142735003185,645.5182664475197,0.8,19.00466666666667,
sarima_dcf,carbon,CYP,Europe,False,rolling,2022-12-01,8,2023-08-01,591.55,589.5349275970092,48.385916300764144,527.525880811455,651.5439743825634,0.8,19.00466666666667,
sarima_dcf,carbon,CYP,Europe,False,rolling,2022-12-01,9,2023-09-01,559.32,576.404087921043,51.2592974648443,510.71265500625543,642.0955208358306,0.8,19.00466666666667,
sarima_dcf,carbon,CYP,Europe,False,rolling,2022-12-01,10,2023-10-01,540.0,569.6540927006799,54.12921990312463,500.2847061921226,639.0234792092373,0.8,19.00466666666667,
sarima_dcf,carbon,CYP,Europe,False,rolling,2022-12-01,11,2023-11-01,543.48,573.8299952566798,56.74232611297116,501.11177839395936,646.5482121194002,0.8,19.00466666666667,
sarima_dcf,carbon,CYP,Europe,False,rolling,2022-12-01,12,2023-12-01,562.5,590.2337469093997,59.324655968504,514.2061411775685,666.2613526412308,0.8,19.00466666666667,
sarima_dcf,carbon,CYP,Europe,False,rolling,2023-12-01,1,2024-01-01,568.63,566.6833694087288,14.704510534262834,547.8387809129772,585.5279579044804,0.8,19.292500000000004,
sarima_dcf,carbon,CYP,Europe,False,rolling,2023-12-01,2,2024-02-01,571.43,548.5210762706192,22.833733252175776,519.2584696740656,577.7836828671728,0.8,19.292500000000004,
sarima_dcf,carbon,CYP,Europe,False,rolling,2023-12-01,3,2024-03-01,521.74,528.180815642419,27.454027150474232,492.99706416722483,563.3645671176132,0.8,19.292500000000004,
sarima_dcf,carbon,CYP,Europe,False,rolling,2023-12-01,4,2024-04-01,500.0,502.7942215002044,32.30968478188407,461.3876943857283,544.2007486146805,0.8,19.292500000000004,
sarima_dcf,carbon,CYP,Europe,False,rolling,2023-12-01,5,2024-05-01,510.64,499.9663971197692,35.875171497124555,453.99051492344825,545.9422793160902,0.8,19.292500000000004,
sarima_dcf,carbon,CYP,Europe,False,rolling,2023-12-01,6,2024-06-01,544.12,521.2619131378965,39.59444709750594,470.5195874732149,572.0042388025781,0.8,19.292500000000004,
sarima_dcf,carbon,CYP,Europe,False,rolling,2023-12-01,7,2024-07-01,552.63,552.5980798064729,42.637341150150775,497.956128504838,607.2400311081078,0.8,19.292500000000004,
sarima_dcf,carbon,CYP,Europe,False,rolling,2023-12-01,8,2024-08-01,547.95,555.8541299456833,45.74452492360956,497.2301624147375,614.4780974766292,0.8,19.292500000000004,
sarima_dcf,carbon,CYP,Europe,False,rolling,2023-12-01,9,2024-09-01,533.33,536.7816200268362,48.45046902096823,474.6898456016442,598.8733944520282,0.8,19.292500000000004,
sarima_dcf,carbon,CYP,Europe,False,rolling,2023-12-01,10,2024-10-01,528.3,524.6219109214607,51.16801035969052,459.04746713919695,590.1963547037244,0.8,19.292500000000004,
sarima_dcf,carbon,CYP,Europe,False,rolling,2023-12-01,11,2024-11-01,541.67,528.7162630093508,53.629259468206705,459.9876015788729,597.4449244398287,0.8,19.292500000000004,
sarima_dcf,carbon,CYP,Europe,False,rolling,2023-12-01,12,2024-12-01,581.82,544.5112869316991,56.074069412031136,472.6494754902541,616.3730983731442,0.8,19.292500000000004,
sarima_dcf,carbon,CYP,Europe,False,rolling,2024-12-01,1,2025-01-01,563.64,587.9658506749682,14.94587699079733,568.8119386189749,607.1197627309616,0.8,19.23547619047619,
sarima_dcf,carbon,CYP,Europe,False,rolling,2024-12-01,2,2025-02-01,563.64,578.1267849799698,23.133205580044258,548.480389152799,607.7731808071405,0.8,19.23547619047619,
sarima_dcf,carbon,CYP,Europe,False,rolling,2024-12-01,3,2025-03-01,510.64,549.3318580826314,28.143219774526653,513.2648707211209,585.3988454441418,0.8,19.23547619047619,
sarima_dcf,carbon,CYP,Europe,False,rolling,2024-12-01,4,2025-04-01,500.0,527.8837759007224,32.882468207412124,485.74319729054287,570.024354510902,0.8,19.23547619047619,
sarima_dcf,carbon,CYP,Europe,False,rolling,2024-12-01,5,2025-05-01,460.0,530.5416798560825,36.75364637660404,483.439986802673,577.6433729094921,0.8,19.23547619047619,
sarima_dcf,carbon,CYP,Europe,False,rolling,2024-12-01,6,2025-06-01,475.41,554.89995113071,40.39949536912679,503.12591459319367,606.6739876682262,0.8,19.23547619047619,
sarima_dcf,carbon,CYP,Europe,False,rolling,2024-12-01,7,2025-07-01,506.67,574.6436250065943,43.661671046605136,518.6889421225242,630.5983078906645,0.8,19.23547619047619,
sarima_dcf,carbon,CYP,Europe,False,rolling,2024-12-01,8,2025-08-01,527.03,575.0698613295447,46.74181991563649,515.167808840257,634.9719138188324,0.8,19.23547619047619,
sarima_dcf,carbon,CYP,Europe,False,rolling,2024-12-01,9,2025-09-01,515.63,559.7185234686773,49.60550719579006,496.1465080622786,623.290538875076,0.8,19.23547619047619,
sarima_dcf,carbon,CYP,Europe,False,rolling,2024-12-01,10,2025-10-01,538.46,551.4014572276401,52.32728611235902,484.34134178964615,618.461572665634,0.8,19.23547619047619,
sarima_dcf,carbon,CYP,Europe,False,rolling,2024-12-01,11,2025-11-01,530.61,557.9098499534937,54.90593802795481,487.5450591160734,628.274640790914,0.8,19.23547619047619,
sarima_dcf,carbon,CYP,Europe,False,rolling,2024-12-01,12,2025-12-01,555.56,580.4135772236783,57.373649001533124,506.8862875247571,653.9408669225995,0.8,19.23547619047619,
sarima_dcf,carbon,CZE,Europe,False,holdout,last12,1,2025-01-01,522.92,452.874686703123,32.339627337463284,411.42978665966797,494.31958674657807,0.8,38.13833333333335,
sarima_dcf,carbon,CZE,Europe,False,holdout,last12,2,2025-02-01,519.58,445.5653249072165,46.74962568007613,385.6532689282909,505.4773808861421,0.8,38.13833333333335,
sarima_dcf,carbon,CZE,Europe,False,holdout,last12,3,2025-03-01,458.58,430.7523458671988,56.948496438569926,357.76991110093843,503.7347806334592,0.8,38.13833333333335,
sarima_dcf,carbon,CZE,Europe,False,holdout,last12,4,2025-04-01,390.63,409.370153952609,66.1177552920212,324.6368411478244,494.10346675739356,0.8,38.13833333333335,
sarima_dcf,carbon,CZE,Europe,False,holdout,last12,5,2025-05-01,299.07,374.4753698892138,73.74672865781092,279.96513432400343,468.9856054544242,0.8,38.13833333333335,
sarima_dcf,carbon,CZE,Europe,False,holdout,last12,6,2025-06-01,248.87,375.34644770974893,80.98533700860987,271.5595622802079,479.13333313928996,0.8,38.13833333333335,
sarima_dcf,carbon,CZE,Europe,False,holdout,last12,7,2025-07-01,379.58,391.3175868053454,87.3654516442898,279.35425547609475,503.28091813459605,0.8,38.13833333333335,
sarima_dcf,carbon,CZE,Europe,False,holdout,last12,8,2025-08-01,290.32,402.0176898492509,93.52281064559062,282.163385452263,521.8719942462388,0.8,38.13833333333335,
sarima_dcf,carbon,CZE,Europe,False,holdout,last12,9,2025-09-01,332.02,413.2518377623161,99.1257888687435,286.2170278517343,540.2866476728979,0.8,38.13833333333335,
sarima_dcf,carbon,CZE,Europe,False,holdout,last12,10,2025-10-01,418.53,434.5899237706101,104.57079410221313,300.5770588786768,568.6027886625434,0.8,38.13833333333335,
sarima_dcf,carbon,CZE,Europe,False,holdout,last12,11,2025-11-01,455.11,460.4020948814024,109.62862963767796,319.90735294072704,600.8968368220777,0.8,38.13833333333335,
sarima_dcf,carbon,CZE,Europe,False,holdout,last12,12,2025-12-01,453.4,451.0325590735387,114.56038840382003,304.2175139652257,597.8476041818517,0.8,38.13833333333335,
sarima_dcf,carbon,CZE,Europe,False,rolling,2022-12-01,1,2023-01-01,496.52,548.6361256601004,29.286531865393034,511.1039248986342,586.1683264215667,0.8,35.49785714285715,
sarima_dcf,carbon,CZE,Europe,False,rolling,2022-12-01,2,2023-02-01,506.19,523.396412796827,44.605758960938594,466.23183256813104,580.560993025523,0.8,35.49785714285715,
sarima_dcf,carbon,CZE,Europe,False,rolling,2022-12-01,3,2023-03-01,445.67,526.1293303196576,54.003766323328215,456.92071904269153,595.3379415966236,0.8,35.49785714285715,
sarima_dcf,carbon,CZE,Europe,False,rolling,2022-12-01,4,2023-04-01,480.84,494.8609444953093,63.18093219552657,413.89132192756495,575.8305670630536,0.8,35.49785714285715,
sarima_dcf,carbon,CZE,Europe,False,rolling,2022-12-01,5,2023-05-01,377.36,463.9884540517772,70.40598430316888,373.75955464434253,554.2173534592118,0.8,35.49785714285715,
sarima_dcf,carbon,CZE,Europe,False,rolling,2022-12-01,6,2023-06-01,346.94,474.079629836678,77.47608494397849,374.7900318844559,573.3692277889,0.8,35.49785714285715,
sarima_dcf,carbon,CZE,Europe,False,rolling,2022-12-01,7,2023-07-01,392.72,490.9412290760385,83.5988066267033,383.8050475659266,598.0774105861504,0.8,35.49785714285715,
sarima_dcf,carbon,CZE,Europe,False,rolling,2022-12-01,8,2023-08-01,420.58,500.0017343921495,89.54534707646894,385.24475465906613,614.7587141252329,0.8,35.49785714285715,
sarima_dcf,carbon,CZE,Europe,False,rolling,2022-12-01,9,2023-09-01,470.48,498.59396632338434,94.95273620705497,376.9071385844896,620.280794062279,0.8,35.49785714285715,
sarima_dcf,carbon,CZE,Europe,False,rolling,2022-12-01,10,2023-10-01,474.36,509.22965680807033,100.18530799262766,380.8370185055504,637.6222951105902,0.8,35.49785714285715,
sarima_dcf,carbon,CZE,Europe,False,rolling,2022-12-01,11,2023-11-01,496.8,533.5940513885542,105.07586204349309,398.9339158857672,668.2541868913413,0.8,35.49785714285715,
sarima_dcf,carbon,CZE,Europe,False,rolling,2022-12-01,12,2023-12-01,485.36,541.1653185789797,109.80632965422357,400.44284490390305,681.8877922540564,0.8,35.49785714285715,
sarima_dcf,carbon,CZE,Europe,False,rolling,2023-12-01,1,2024-01-01,445.59,481.82272659833484,30.985316689780323,442.11344548565165,521.5320077110181,0.8,37.805625000000006,
sarima_dcf,carbon,CZE,Europe,False,rolling,2023-12-01,2,2024-02-01,457.09,470.15227619834013,44.1102771150317,413.6226815049651,526.6818708917151,0.8,37.805625000000006,
sarima_dcf,carbon,CZE,Europe,False,rolling,2023-12-01,3,2024-03-01,429.05,456.48546971437133,53.87644524327343,387.4400269668763,525.5309124618664,0.8,37.805625000000006,
sarima_dcf,carbon,CZE,Europe,False,rolling,2023-12-01,4,2024-04-01,370.74,438.56857150891096,62.353187309268044,358.6597466960228,518.4773963217991,0.8,37.805625000000006,
sarima_dcf,carbon,CZE,Europe,False,rolling,2023-12-01,5,2024-05-01,365.9,393.18929463648743,69.60777125913161,303.98334640527685,482.395242867698,0.8,37.805625000000006,
sarima_dcf,carbon,CZE,Europe,False,rolling,2023-12-01,6,2024-06-01,357.29,398.99419696174294,76.35525286071481,301.14100312054006,496.8473908029458,0.8,37.805625000000006,
sarima_dcf,carbon,CZE,Europe,False,rolling,2023-12-01,7,2024-07-01,351.46,421.6623291161744,82.38811612183655,316.07770991796446,527.2469483143843,0.8,37.805625000000006,
sarima_dcf,carbon,CZE,Europe,False,rolling,2023-12-01,8,2024-08-01,374.53,428.8462046232283,88.16082273387835,315.8635642289265,541.82884501753,0.8,37.805625000000006,
sarima_dcf,carbon,CZE,Europe,False,rolling,2023-12-01,9,2024-09-01,380.36,444.67590868221805,93.43634908877479,324.9324092287269,564.4194081357092,0.8,37.805625000000006,
sarima_dcf,carbon,CZE,Europe,False,rolling,2023-12-01,10,2024-10-01,467.01,455.25050177347634,98.56235659054572,328.9377593810973,581.5632441658554,0.8,37.805625000000006,
sarima_dcf,carbon,CZE,Europe,False,rolling,2023-12-01,11,2024-11-01,531.0,473.42731745711336,103.30968571188104,341.03062799713155,605.8240069170952,0.8,37.805625000000006,
sarima_dcf,carbon,CZE,Europe,False,rolling,2023-12-01,12,2024-12-01,463.3,476.8624782945439,107.96641670561898,338.49794793921717,615.2270086498706,0.8,37.805625000000006,
sarima_dcf,carbon,CZE,Europe,False,rolling,2024-12-01,1,2025-01-01,522.92,452.874686703123,32.339627337463284,411.42978665966797,494.31958674657807,0.8,38.13833333333335,
sarima_dcf,carbon,CZE,Europe,False,rolling,2024-12-01,2,2025-02-01,519.58,445.5653249072165,46.74962568007613,385.6532689282909,505.4773808861421,0.8,38.13833333333335,
sarima_dcf,carbon,CZE,Europe,False,rolling,2024-12-01,3,2025-03-01,458.58,430.7523458671988,56.948496438569926,357.76991110093843,503.7347806334592,0.8,38.13833333333335,
sarima_dcf,carbon,CZE,Europe,False,rolling,2024-12-01,4,2025-04-01,390.63,409.370153952609,66.1177552920212,324.6368411478244,494.10346675739356,0.8,38.13833333333335,
sarima_dcf,carbon,CZE,Europe,False,rolling,2024-12-01,5,2025-05-01,299.07,374.4753698892138,73.74672865781092,279.96513432400343,468.9856054544242,0.8,38.13833333333335,
sarima_dcf,carbon,CZE,Europe,False,rolling,2024-12-01,6,2025-06-01,248.87,375.34644770974893,80.98533700860987,271.5595622802079,479.13333313928996,0.8,38.13833333333335,
sarima_dcf,carbon,CZE,Europe,False,rolling,2024-12-01,7,2025-07-01,379.58,391.3175868053454,87.3654516442898,279.35425547609475,503.28091813459605,0.8,38.13833333333335,
sarima_dcf,carbon,CZE,Europe,False,rolling,2024-12-01,8,2025-08-01,290.32,402.0176898492509,93.52281064559062,282.163385452263,521.8719942462388,0.8,38.13833333333335,
sarima_dcf,carbon,CZE,Europe,False,rolling,2024-12-01,9,2025-09-01,332.02,413.2518377623161,99.1257888687435,286.2170278517343,540.2866476728979,0.8,38.13833333333335,
sarima_dcf,carbon,CZE,Europe,False,rolling,2024-12-01,10,2025-10-01,418.53,434.5899237706101,104.57079410221313,300.5770588786768,568.6027886625434,0.8,38.13833333333335,
sarima_dcf,carbon,CZE,Europe,False,rolling,2024-12-01,11,2025-11-01,455.11,460.4020948814024,109.62862963767796,319.90735294072704,600.8968368220777,0.8,38.13833333333335,
sarima_dcf,carbon,CZE,Europe,False,rolling,2024-12-01,12,2025-12-01,453.4,451.0325590735387,114.56038840382003,304.2175139652257,597.8476041818517,0.8,38.13833333333335,
sarima_dcf,carbon,DEU,Europe,True,holdout,last12,1,2025-01-01,380.32,379.9639125661294,38.01364633998763,331.2474645870595,428.68036054519933,0.8,48.53851851851852,
sarima_dcf,carbon,DEU,Europe,True,holdout,last12,2,2025-02-01,439.78,363.8591176567884,40.484244682748646,311.9764705037212,415.74176480985557,0.8,48.53851851851852,
sarima_dcf,carbon,DEU,Europe,True,holdout,last12,3,2025-03-01,405.47,364.5024435413969,43.87708955743663,308.2716907275233,420.7331963552704,0.8,48.53851851851852,
sarima_dcf,carbon,DEU,Europe,True,holdout,last12,4,2025-04-01,349.1,347.5151782853975,46.893239982331124,287.4190731725824,407.6112833982126,0.8,48.53851851851852,
sarima_dcf,carbon,DEU,Europe,True,holdout,last12,5,2025-05-01,262.95,335.81030599569533,49.742191999211656,272.06312196548555,399.5574900259051,0.8,48.53851851851852,
sarima_dcf,carbon,DEU,Europe,True,holdout,last12,6,2025-06-01,242.85,351.67134886618237,52.43476479706843,284.4734939515364,418.86920378082834,0.8,48.53851851851852,
sarima_dcf,carbon,DEU,Europe,True,holdout,last12,7,2025-07-01,332.88,349.2706871124498,54.99588330521959,278.7906267641375,419.7507474607621,0.8,48.53851851851852,
sarima_dcf,carbon,DEU,Europe,True,holdout,last12,8,2025-08-01,295.18,360.73861415087765,57.44290048107631,287.12257510993163,434.3546531918237,0.8,48.53851851851852,
sarima_dcf,carbon,DEU,Europe,True,holdout,last12,9,2025-09-01,295.35,374.71022826832336,59.789857918757036,298.0864422488511,451.33401428779564,0.8,48.53851851851852,
sarima_dcf,carbon,DEU,Europe,True,holdout,last12,10,2025-10-01,315.22,370.43126998370457,62.0480862271778,290.9134479402185,449.94909202719066,0.8,48.53851851851852,
sarima_dcf,carbon,DEU,Europe,True,holdout,last12,11,2025-11-01,395.69,390.69268518285975,64.22710989174374,308.38233195069046,473.00303841502904,0.8,48.53851851851852,
sarima_dcf,carbon,DEU,Europe,True,holdout,last12,12,2025-12-01,356.53,368.16323394098987,66.33336339360407,283.1536082360777,453.17285964590207,0.8,48.53851851851852,
sarima_dcf,carbon,DEU,Europe,True,rolling,2022-12-01,1,2023-01-01,421.92,458.11508139010346,39.30319786028588,407.74600664134493,508.484156138862,0.8,45.980714285714285,
sarima_dcf,carbon,DEU,Europe,True,rolling,2022-12-01,2,2023-02-01,456.66,426.3854772571695,42.03509162078269,372.5153397827447,480.2556147315943,0.8,45.980714285714285,
sarima_dcf,carbon,DEU,Europe,True,rolling,2022-12-01,3,2023-03-01,386.57,463.88770348799045,44.42794475922718,406.9510013278738,520.824405648107,0.8,45.980714285714285,
sarima_dcf,carbon,DEU,Europe,True,rolling,2022-12-01,4,2023-04-01,386.32,440.82997928936555,46.69489704348168,380.9880608803477,500.6718976983834,0.8,45.980714285714285,
sarima_dcf,carbon,DEU,Europe,True,rolling,2022-12-01,5,2023-05-01,334.53,438.53839899810964,48.85670518663038,375.9260119788325,501.1507860173868,0.8,45.980714285714285,
sarima_dcf,carbon,DEU,Europe,True,rolling,2022-12-01,6,2023-06-01,361.18,453.4603944532442,50.92682716955763,388.1950393658783,518.7257495406101,0.8,45.980714285714285,
sarima_dcf,carbon,DEU,Europe,True,rolling,2022-12-01,7,2023-07-01,313.94,448.8737681477732,52.916025986958395,381.0591522017879,516.6883840937585,0.8,45.980714285714285,
sarima_dcf,carbon,DEU,Europe,True,rolling,2022-12-01,8,2023-08-01,376.53,462.4901176346769,54.83310940370771,392.21866043467696,532.7615748346768,0.8,45.980714285714285,
sarima_dcf,carbon,DEU,Europe,True,rolling,2022-12-01,9,2023-09-01,404.67,467.9867906444277,56.685394657742705,395.341534377284,540.6320469115714,0.8,45.980714285714285,
sarima_dcf,carbon,DEU,Europe,True,rolling,2022-12-01,10,2023-10-01,385.55,449.85862661860386,58.47903939129884,374.9147221351405,524.8025311020673,0.8,45.980714285714285,
sarima_dcf,carbon,DEU,Europe,True,rolling,2022-12-01,11,2023-11-01,395.76,464.56871267976004,60.219283695126705,387.394595384296,541.7428299752241,0.8,45.980714285714285,
sarima_dcf,carbon,DEU,Europe,True,rolling,2022-12-01,12,2023-12-01,375.81,469.7228875083505,61.910630826869024,390.3812216483227,549.0645533683783,0.8,45.980714285714285,
sarima_dcf,carbon,DEU,Europe,True,rolling,2023-12-01,1,2024-01-01,360.59,378.58421287262235,39.19132035753657,328.3585149126614,428.8099108325833,0.8,49.02385416666667,
sarima_dcf,carbon,DEU,Europe,True,rolling,2023-12-01,2,2024-02-01,334.52,364.40385662907073,41.845195969615176,310.7770802236898,418.0306330344517,0.8,49.02385416666667,
sarima_dcf,carbon,DEU,Europe,True,rolling,2023-12-01,3,2024-03-01,361.1,364.98338087145794,45.578771425025984,306.5718349961164,423.39492674679946,0.8,49.02385416666667,
sarima_dcf,carbon,DEU,Europe,True,rolling,2023-12-01,4,2024-04-01,297.55,354.36917900018915,48.85695923344725,291.7564664068161,416.9818915935622,0.8,49.02385416666667,
sarima_dcf,carbon,DEU,Europe,True,rolling,2023-12-01,5,2024-05-01,304.52,341.6789835967211,51.95082044715601,275.10132832134184,408.2566388721003,0.8,49.02385416666667,
sarima_dcf,carbon,DEU,Europe,True,rolling,2023-12-01,6,2024-06-01,321.54,357.3104107547335,54.867590562185946,286.99476417210394,427.626057337363,0.8,49.02385416666667,
sarima_dcf,carbon,DEU,Europe,True,rolling,2023-12-01,7,2024-07-01,317.59,349.3608555368196,57.637328982957555,275.49564634490116,423.22606472873804,0.8,49.02385416666667,
sarima_dcf,carbon,DEU,Europe,True,rolling,2023-12-01,8,2024-08-01,339.3,364.78128785649676,60.279886547701004,287.5295048804396,442.0330708325539,0.8,49.02385416666667,
sarima_dcf,carbon,DEU,Europe,True,rolling,2023-12-01,9,2024-09-01,327.67,378.66309249644706,62.81137339746982,298.16707858491316,459.15910640798097,0.8,49.02385416666667,
sarima_dcf,carbon,DEU,Europe,True,rolling,2023-12-01,10,2024-10-01,398.78,363.6826917026432,65.24471062977904,280.06823065154543,447.29715275374093,0.8,49.02385416666667,
sarima_dcf,carbon,DEU,Europe,True,rolling,2023-12-01,11,2024-11-01,428.19,380.69273215774024,67.590509623191,294.0720087341824,467.31345558129806,0.8,49.02385416666667,
sarima_dcf,carbon,DEU,Europe,True,rolling,2023-12-01,12,2024-12-01,370.84,370.9374752828265,69.85752249674852,281.41145796205126,460.4634926036017,0.8,49.02385416666667,
sarima_dcf,carbon,DEU,Europe,True,rolling,2024-12-01,1,2025-01-01,380.32,379.9639125661294,38.01364633998763,331.2474645870595,428.68036054519933,0.8,48.53851851851852,
sarima_dcf,carbon,DEU,Europe,True,rolling,2024-12-01,2,2025-02-01,439.78,363.8591176567884,40.484244682748646,311.9764705037212,415.74176480985557,0.8,48.53851851851852,
sarima_dcf,carbon,DEU,Europe,True,rolling,2024-12-01,3,2025-03-01,405.47,364.5024435413969,43.87708955743663,308.2716907275233,420.7331963552704,0.8,48.53851851851852,
sarima_dcf,carbon,DEU,Europe,True,rolling,2024-12-01,4,2025-04-01,349.1,347.5151782853975,46.893239982331124,287.4190731725824,407.6112833982126,0.8,48.53851851851852,
sarima_dcf,carbon,DEU,Europe,True,rolling,2024-12-01,5,2025-05-01,262.95,335.81030599569533,49.742191999211656,272.06312196548555,399.5574900259051,0.8,48.53851851851852,
sarima_dcf,carbon,DEU,Europe,True,rolling,2024-12-01,6,2025-06-01,242.85,351.67134886618237,52.43476479706843,284.4734939515364,418.86920378082834,0.8,48.53851851851852,
sarima_dcf,carbon,DEU,Europe,True,rolling,2024-12-01,7,2025-07-01,332.88,349.2706871124498,54.99588330521959,278.7906267641375,419.7507474607621,0.8,48.53851851851852,
sarima_dcf,carbon,DEU,Europe,True,rolling,2024-12-01,8,2025-08-01,295.18,360.73861415087765,57.44290048107631,287.12257510993163,434.3546531918237,0.8,48.53851851851852,
sarima_dcf,carbon,DEU,Europe,True,rolling,2024-12-01,9,2025-09-01,295.35,374.71022826832336,59.789857918757036,298.0864422488511,451.33401428779564,0.8,48.53851851851852,
sarima_dcf,carbon,DEU,Europe,True,rolling,2024-12-01,10,2025-10-01,315.22,370.43126998370457,62.0480862271778,290.9134479402185,449.94909202719066,0.8,48.53851851851852,
sarima_dcf,carbon,DEU,Europe,True,rolling,2024-12-01,11,2025-11-01,395.69,390.69268518285975,64.22710989174374,308.38233195069046,473.00303841502904,0.8,48.53851851851852,
sarima_dcf,carbon,DEU,Europe,True,rolling,2024-12-01,12,2025-12-01,356.53,368.16323394098987,66.33336339360407,283.1536082360777,453.17285964590207,0.8,48.53851851851852,
sarima_dcf,carbon,DNK,Europe,True,holdout,last12,1,2025-01-01,189.35,194.3077696427466,49.57702511126983,130.77225549635477,257.8432837891384,0.8,68.38342592592593,
sarima_dcf,carbon,DNK,Europe,True,holdout,last12,2,2025-02-01,242.96,181.84321013264082,54.13633215552864,112.4647089058806,251.22171135940104,0.8,68.38342592592593,
sarima_dcf,carbon,DNK,Europe,True,holdout,last12,3,2025-03-01,178.34,201.38385589929624,59.05425136998824,125.70278760402344,277.064924194569,0.8,68.38342592592593,
sarima_dcf,carbon,DNK,Europe,True,holdout,last12,4,2025-04-01,196.26,162.7680936576375,63.547405290735476,81.32881692099824,244.20737039427678,0.8,68.38342592592593,
sarima_dcf,carbon,DNK,Europe,True,holdout,last12,5,2025-05-01,116.94,134.94901188701283,67.74603960592802,48.12896877058928,221.7690550034364,0.8,68.38342592592593,
sarima_dcf,carbon,DNK,Europe,True,holdout,last12,6,2025-06-01,93.5,132.3067476693027,71.69904734381566,40.42072129777931,224.19277404082607,0.8,68.38342592592593,
sarima_dcf,carbon,DNK,Europe,True,holdout,last12,7,2025-07-01,128.57,136.5395463967518,75.4452291884137,39.85259481746904,233.22649797603458,0.8,68.38342592592593,
sarima_dcf,carbon,DNK,Europe,True,holdout,last12,8,2025-08-01,122.17,145.43957920988055,79.01399688437246,44.17906780277684,246.70009061698426,0.8,68.38342592592593,
sarima_dcf,carbon,DNK,Europe,True,holdout,last12,9,2025-09-01,108.95,137.64849240692934,82.42839870914102,32.01224899589515,243.2847358179635,0.8,68.38342592592593,
sarima_dcf,carbon,DNK,Europe,True,holdout,last12,10,2025-10-01,133.33,131.14916161680603,85.70687562380688,21.311380983179973,240.9869422504321,0.8,68.38342592592593,
sarima_dcf,carbon,DNK,Europe,True,holdout,last12,11,2025-11-01,189.71,168.54224563336618,88.86461603210995,54.657657835895876,282.4268334308365,0.8,68.38342592592593,
sarima_dcf,carbon,DNK,Europe,True,holdout,last12,12,2025-12-01,183.49,171.30679746390305,91.91187555575883,53.51698945327985,289.09660547452626,0.8,68.38342592592593,
sarima_dcf,carbon,DNK,Europe,True,rolling,2022-12-01,1,2023-01-01,218.84,252.23346830704932,54.87927528544709,181.90284714903152,322.5640894650671,0.8,74.93095238095238,
sarima_dcf,carbon,DNK,Europe,True,rolling,2022-12-01,2,2023-02-01,222.93,240.14978067143386,60.563377934367914,162.53468886497535,317.76487247789237,0.8,74.93095238095238,
sarima_dcf,carbon,DNK,Europe,True,rolling,2022-12-01,3,2023-03-01,215.19,265.46588931350914,66.60939658002339,180.102512846399,350.82926578061927,0.8,74.93095238095238,
sarima_dcf,carbon,DNK,Europe,True,rolling,2022-12-01,4,2023-04-01,187.05,232.95702895732006,72.0920173477517,140.56739126204036,325.34666665259977,0.8,74.93095238095238,
sarima_dcf,carbon,DNK,Europe,True,rolling,2022-12-01,5,2023-05-01,133.59,215.81161541983474,77.19011974866365,116.88849661135967,314.7347342283098,0.8,74.93095238095238,
sarima_dcf,carbon,DNK,Europe,True,rolling,2022-12-01,6,2023-06-01,175.53,212.6010819043842,81.97149653648385,107.55038218801951,317.65178162074886,0.8,74.93095238095238,
sarima_dcf,carbon,DNK,Europe,True,rolling,2022-12-01,7,2023-07-01,142.86,210.77714056471245,86.48896506872988,99.93707197854941,321.6172091508755,0.8,74.93095238095238,
sarima_dcf,carbon,DNK,Europe,True,rolling,2022-12-01,8,2023-08-01,200.0,218.2835763508642,90.78191274079937,101.94187395475946,334.62527874696895,0.8,74.93095238095238,
sarima_dcf,carbon,DNK,Europe,True,rolling,2022-12-01,9,2023-09-01,156.57,213.84861614841114,94.88082174174684,92.25395050511732,335.443281791705,0.8,74.93095238095238,
sarima_dcf,carbon,DNK,Europe,True,rolling,2022-12-01,10,2023-10-01,121.43,203.10095542305154,98.80984012821938,76.47105011552033,329.7308607305828,0.8,74.93095238095238,
sarima_dcf,carbon,DNK,Europe,True,rolling,2022-12-01,11,2023-11-01,226.95,227.41965450926097,102.58852423847188,95.94717066453714,358.8921383539848,0.8,74.93095238095238,
sarima_dcf,carbon,DNK,Europe,True,rolling,2022-12-01,12,2023-12-01,211.86,245.91851811145625,106.23243328534896,109.77617692300498,382.0608592999075,0.8,74.93095238095238,
sarima_dcf,carbon,DNK,Europe,True,rolling,2023-12-01,1,2024-01-01,212.5,208.83396824349663,52.30460079927886,141.80292520399547,275.8650112829978,0.8,73.74947916666667,
sarima_dcf,carbon,DNK,Europe,True,rolling,2023-12-01,2,2024-02-01,185.19,197.50208210360066,57.136634667210146,124.2785384958876,270.7256257113137,0.8,73.74947916666667,
sarima_dcf,carbon,DNK,Europe,True,rolling,2023-12-01,3,2024-03-01,203.54,217.85625578884765,62.842848847650394,137.3199044648586,298.3926071128367,0.8,73.74947916666667,
sarima_dcf,carbon,DNK,Europe,True,rolling,2023-12-01,4,2024-04-01,151.2,183.95510432208226,67.94125965990193,96.88487663986274,271.0253320043018,0.8,73.74947916666667,
sarima_dcf,carbon,DNK,Europe,True,rolling,2023-12-01,5,2024-05-01,124.0,159.58288384310208,72.69612010521807,66.41905731324157,252.74671037296258,0.8,73.74947916666667,
sarima_dcf,carbon,DNK,Europe,True,rolling,2023-12-01,6,2024-06-01,133.05,160.20284664431753,77.15717058072725,61.32195389359474,259.0837393950403,0.8,73.74947916666667,
sarima_dcf,carbon,DNK,Europe,True,rolling,2023-12-01,7,2024-07-01,177.78,156.68360322009605,81.374164150049,52.39841575871746,260.9687906814746,0.8,73.74947916666667,
sarima_dcf,carbon,DNK,Europe,True,rolling,2023-12-01,8,2024-08-01,186.67,169.11923292312224,85.38312325810419,59.69635764061124,278.5421082056332,0.8,73.74947916666667,
sarima_dcf,carbon,DNK,Europe,True,rolling,2023-12-01,9,2024-09-01,148.15,160.8055367307967,89.21211501175782,46.475611071933514,275.1354623896599,0.8,73.74947916666667,
sarima_dcf,carbon,DNK,Europe,True,rolling,2023-12-01,10,2024-10-01,168.42,148.50344117673953,92.88337973394859,29.468600465624107,267.53828188785496,0.8,73.74947916666667,
sarima_dcf,carbon,DNK,Europe,True,rolling,2023-12-01,11,2024-11-01,211.07,184.86384207750368,96.4150916899346,61.3029303801418,308.42475377486556,0.8,73.74947916666667,
sarima_dcf,carbon,DNK,Europe,True,rolling,2023-12-01,12,2024-12-01,169.59,196.31262445209944,99.82060636307239,68.38737009389273,324.23787881030614,0.8,73.74947916666667,
sarima_dcf,carbon,DNK,Europe,True,rolling,2024-12-01,1,2025-01-01,189.35,194.3077696427466,49.57702511126983,130.77225549635477,257.8432837891384,0.8,68.38342592592593,
sarima_dcf,carbon,DNK,Europe,True,rolling,2024-12-01,2,2025-02-01,242.96,181.84321013264082,54.13633215552864,112.4647089058806,251.22171135940104,0.8,68.38342592592593,
sarima_dcf,carbon,DNK,Europe,True,rolling,2024-12-01,3,2025-03-01,178.34,201.38385589929624,59.05425136998824,125.70278760402344,277.064924194569,0.8,68.38342592592593,
sarima_dcf,carbon,DNK,Europe,True,rolling,2024-12-01,4,2025-04-01,196.26,162.7680936576375,63.547405290735476,81.32881692099824,244.20737039427678,0.8,68.38342592592593,
sarima_dcf,carbon,DNK,Europe,True,rolling,2024-12-01,5,2025-05-01,116.94,134.94901188701283,67.74603960592802,48.12896877058928,221.7690550034364,0.8,68.38342592592593,
sarima_dcf,carbon,DNK,Europe,True,rolling,2024-12-01,6,2025-06-01,93.5,132.3067476693027,71.69904734381566,40.42072129777931,224.19277404082607,0.8,68.38342592592593,
sarima_dcf,carbon,DNK,Europe,True,rolling,2024-12-01,7,2025-07-01,128.57,136.5395463967518,75.4452291884137,39.85259481746904,233.22649797603458,0.8,68.38342592592593,
sarima_dcf,carbon,DNK,Europe,True,rolling,2024-12-01,8,2025-08-01,122.17,145.43957920988055,79.01399688437246,44.17906780277684,246.70009061698426,0.8,68.38342592592593,
sarima_dcf,carbon,DNK,Europe,True,rolling,2024-12-01,9,2025-09-01,108.95,137.64849240692934,82.42839870914102,32.01224899589515,243.2847358179635,0.8,68.38342592592593,
sarima_dcf,carbon,DNK,Europe,True,rolling,2024-12-01,10,2025-10-01,133.33,131.14916161680603,85.70687562380688,21.311380983179973,240.9869422504321,0.8,68.38342592592593,
sarima_dcf,carbon,DNK,Europe,True,rolling,2024-12-01,11,2025-11-01,189.71,168.54224563336618,88.86461603210995,54.657657835895876,282.4268334308365,0.8,68.38342592592593,
sarima_dcf,carbon,DNK,Europe,True,rolling,2024-12-01,12,2025-12-01,183.49,171.30679746390305,91.91187555575883,53.51698945327985,289.09660547452626,0.8,68.38342592592593,
sarima_dcf,carbon,ESP,Europe,True,holdout,last12,1,2025-01-01,126.53,163.41290257442557,35.37036992553674,118.08394962246231,208.74185552638883,0.8,52.780092592592595,
sarima_dcf,carbon,ESP,Europe,True,holdout,last12,2,2025-02-01,137.33,153.2998185927239,44.71599966751196,95.99395921393213,210.6056779715157,0.8,52.780092592592595,
sarima_dcf,carbon,ESP,Europe,True,holdout,last12,3,2025-03-01,101.78,135.69200875641494,49.62844817551074,72.09059330154008,199.2934242112898,0.8,52.780092592592595,
sarima_dcf,carbon,ESP,Europe,True,holdout,last12,4,2025-04-01,116.95,131.84857185357478,52.552867530163496,64.49936219643575,199.1977815107138,0.8,52.780092592592595,
sarima_dcf,carbon,ESP,Europe,True,holdout,last12,5,2025-05-01,130.39,133.78263850892733,54.437563012546,64.01809440576618,203.54718261208848,0.8,52.780092592592595,
sarima_dcf,carbon,ESP,Europe,True,holdout,last12,6,2025-06-01,156.79,146.7251664970131,55.73472762501915,75.29823905396793,218.15209394005828,0.8,52.780092592592595,
sarima_dcf,carbon,ESP,Europe,True,holdout,last12,7,2025-07-01,132.97,149.06797479997823,56.68223654324287,76.42676581941598,221.70918378054049,0.8,52.780092592592595,
sarima_dcf,carbon,ESP,Europe,True,holdout,last12,8,2025-08-01,138.94,150.79004237313447,57.413119290793084,77.2121694632197,224.36791528304923,0.8,52.780092592592595,
sarima_dcf,carbon,ESP,Europe,True,holdout,last12,9,2025-09-01,138.42,151.90158922319216,58.005231470101926,77.56489402290612,226.2382844234782,0.8,52.780092592592595,
sarima_dcf,carbon,ESP,Europe,True,holdout,last12,10,2025-10-01,176.38,144.2249935544248,58.505879985715374,69.24669146516676,219.20329564368285,0.8,52.780092592592595,
sarima_dcf,carbon,ESP,Europe,True,holdout,last12,11,2025-11-01,142.31,146.34317621896804,58.94475721822447,70.80243032530609,221.88392211263,0.8,52.780092592592595,
sarima_dcf,carbon,ESP,Europe,True,holdout,last12,12,2025-12-01,162.71,146.03107279093774,59.341033776145466,69.98247805408351,222.07966752779197,0.8,52.780092592592595,
sarima_dcf,carbon,ESP,Europe,True,rolling,2022-12-01,1,2023-01-01,114.08,186.99594540974138,36.48919041249713,140.23316631115065,233.7587245083321,0.8,53.38345238095237,
sarima_dcf,carbon,ESP,Europe,True,rolling,2022-12-01,2,2023-02-01,184.07,179.05344897332796,46.478342200702905,119.4890567620995,238.61784118455643,0.8,53.38345238095237,
sarima_dcf,carbon,ESP,Europe,True,rolling,2022-12-01,3,2023-03-01,139.55,169.9030270072331,51.85841174973536,103.44379824270325,236.36225577176296,0.8,53.38345238095237,
sarima_dcf,carbon,ESP,Europe,True,rolling,2022-12-01,4,2023-04-01,137.48,172.3445976239202,55.110765648474,101.71730962875677,242.97188561908365,0.8,53.38345238095237,
sarima_dcf,carbon,ESP,Europe,True,rolling,2022-12-01,5,2023-05-01,150.37,173.37241598472912,57.21759576010974,100.0451165616624,246.69971540779585,0.8,53.38345238095237,
sarima_dcf,carbon,ESP,Europe,True,rolling,2022-12-01,6,2023-06-01,188.63,206.37072969655335,58.659772904767806,131.19520589595743,281.5462534971493,0.8,53.38345238095237,
sarima_dcf,carbon,ESP,Europe,True,rolling,2022-12-01,7,2023-07-01,175.26,208.07107830543765,59.69727548377587,131.5659414504574,284.5762151604179,0.8,53.38345238095237,
sarima_dcf,carbon,ESP,Europe,True,rolling,2022-12-01,8,2023-08-01,178.25,207.27986599186346,60.47923850854988,129.77260319828608,284.7871287854408,0.8,53.38345238095237,
sarima_dcf,carbon,ESP,Europe,True,rolling,2022-12-01,9,2023-09-01,197.52,211.45556239221992,61.09488193142749,133.1593208062365,289.7518039782033,0.8,53.38345238095237,
sarima_dcf,carbon,ESP,Europe,True,rolling,2022-12-01,10,2023-10-01,171.15,206.86484419222288,61.5994081249415,127.92202627308332,285.80766211136245,0.8,53.38345238095237,
sarima_dcf,carbon,ESP,Europe,True,rolling,2022-12-01,11,2023-11-01,120.8,190.5381637030286,62.02797861714772,111.04611059865594,270.03021680740125,0.8,53.38345238095237,
sarima_dcf,carbon,ESP,Europe,True,rolling,2022-12-01,12,2023-12-01,126.02,182.51104825200304,62.403578049198025,102.53764510746865,262.48445139653745,0.8,53.38345238095237,
sarima_dcf,carbon,ESP,Europe,True,rolling,2023-12-01,1,2024-01-01,136.96,113.5122048612362,36.0603682334484,67.29898349754563,159.72542622492676,0.8,53.216666666666676,
sarima_dcf,carbon,ESP,Europe,True,rolling,2023-12-01,2,2024-02-01,104.73,143.51383281622475,45.61488401061637,85.05600680028398,201.97165883216553,0.8,53.216666666666676,
sarima_dcf,carbon,ESP,Europe,True,rolling,2023-12-01,3,2024-03-01,103.35,127.03281315691734,50.639572434419264,62.13558982507814,191.93003648875654,0.8,53.216666666666676,
sarima_dcf,carbon,ESP,Europe,True,rolling,2023-12-01,4,2024-04-01,101.92,130.65452399164454,53.62570772771484,61.93041429975442,199.37863368353464,0.8,53.216666666666676,
sarima_dcf,carbon,ESP,Europe,True,rolling,2023-12-01,5,2024-05-01,110.19,138.46546660047423,55.54252868090397,67.28485201515588,209.64608118579258,0.8,53.216666666666676,
sarima_dcf,carbon,ESP,Europe,True,rolling,2023-12-01,6,2024-06-01,111.87,168.07315441602162,56.853809951896274,95.21206526499377,240.93424356704946,0.8,53.216666666666676,
sarima_dcf,carbon,ESP,Europe,True,rolling,2023-12-01,7,2024-07-01,130.12,164.8545373564753,57.80425772451839,90.7754003744752,238.9336743384754,0.8,53.216666666666676,
sarima_dcf,carbon,ESP,Europe,True,rolling,2023-12-01,8,2024-08-01,139.36,166.62758502464052,58.531025483574275,91.61705768323502,241.63811236604602,0.8,53.216666666666676,
sarima_dcf,carbon,ESP,Europe,True,rolling,2023-12-01,9,2024-09-01,131.23,176.47374956115482,59.11448808468943,100.71548480985346,252.23201431245616,0.8,53.216666666666676,
sarima_dcf,carbon,ESP,Europe,True,rolling,2023-12-01,10,2024-10-01,127.0,164.88937567342288,59.603509484930626,88.5044047810576,241.27434656578816,0.8,53.216666666666676,
sarima_dcf,carbon,ESP,Europe,True,rolling,2023-12-01,11,2024-11-01,172.32,139.5069112801732,60.02876036502321,62.57695945667605,216.43686310367036,0.8,53.216666666666676,
sarima_dcf,carbon,ESP,Europe,True,rolling,2023-12-01,12,2024-12-01,180.56,138.41190004473023,60.41004017425976,60.993318484795424,215.83048160466504,0.8,53.216666666666676,
sarima_dcf,carbon,ESP,Europe,True,rolling,2024-12-01,1,2025-01-01,126.53,163.41290257442557,35.37036992553674,118.08394962246231,208.74185552638883,0.8,52.780092592592595,
sarima_dcf,carbon,ESP,Europe,True,rolling,2024-12-01,2,2025-02-01,137.33,153.2998185927239,44.71599966751196,95.99395921393213,210.6056779715157,0.8,52.780092592592595,
sarima_dcf,carbon,ESP,Europe,True,rolling,2024-12-01,3,2025-03-01,101.78,135.69200875641494,49.62844817551074,72.09059330154008,199.2934242112898,0.8,52.780092592592595,
sarima_dcf,carbon,ESP,Europe,True,rolling,2024-12-01,4,2025-04-01,116.95,131.84857185357478,52.552867530163496,64.49936219643575,199.1977815107138,0.8,52.780092592592595,
sarima_dcf,carbon,ESP,Europe,True,rolling,2024-12-01,5,2025-05-01,130.39,133.78263850892733,54.437563012546,64.01809440576618,203.54718261208848,0.8,52.780092592592595,
sarima_dcf,carbon,ESP,Europe,True,rolling,2024-12-01,6,2025-06-01,156.79,146.7251664970131,55.73472762501915,75.29823905396793,218.15209394005828,0.8,52.780092592592595,
sarima_dcf,carbon,ESP,Europe,True,rolling,2024-12-01,7,2025-07-01,132.97,149.06797479997823,56.68223654324287,76.42676581941598,221.70918378054049,0.8,52.780092592592595,
sarima_dcf,carbon,ESP,Europe,True,rolling,2024-12-01,8,2025-08-01,138.94,150.79004237313447,57.413119290793084,77.2121694632197,224.36791528304923,0.8,52.780092592592595,
sarima_dcf,carbon,ESP,Europe,True,rolling,2024-12-01,9,2025-09-01,138.42,151.90158922319216,58.005231470101926,77.56489402290612,226.2382844234782,0.8,52.780092592592595,
sarima_dcf,carbon,ESP,Europe,True,rolling,2024-12-01,10,2025-10-01,176.38,144.2249935544248,58.505879985715374,69.24669146516676,219.20329564368285,0.8,52.780092592592595,
sarima_dcf,carbon,ESP,Europe,True,rolling,2024-12-01,11,2025-11-01,142.31,146.34317621896804,58.94475721822447,70.80243032530609,221.88392211263,0.8,52.780092592592595,
sarima_dcf,carbon,ESP,Europe,True,rolling,2024-12-01,12,2025-12-01,162.71,146.03107279093774,59.341033776145466,69.98247805408351,222.07966752779197,0.8,52.780092592592595,
sarima_dcf,carbon,EST,Europe,False,holdout,last12,1,2025-01-01,347.83,323.169374904762,42.88786816853411,268.2063603105066,378.13238949901734,0.8,56.75861111111111,
sarima_dcf,carbon,EST,Europe,False,holdout,last12,2,2025-02-01,489.36,311.6456706112903,50.81271061913993,246.5265617677668,376.76477945481383,0.8,56.75861111111111,
sarima_dcf,carbon,EST,Europe,False,holdout,last12,3,2025-03-01,313.73,298.96058849838954,56.95119457822429,225.97469592703106,371.946481069748,0.8,56.75861111111111,
sarima_dcf,carbon,EST,Europe,False,holdout,last12,4,2025-04-01,340.0,264.7393938004613,62.42808321980613,184.73458601617017,344.74420158475243,0.8,56.75861111111111,
sarima_dcf,carbon,EST,Europe,False,holdout,last12,5,2025-05-01,272.73,269.62621028860275,67.45623381017236,183.17756824343377,356.07485233377173,0.8,56.75861111111111,
sarima_dcf,carbon,EST,Europe,False,holdout,last12,6,2025-06-01,263.16,278.6819494669716,72.1342367099126,186.23820548201834,371.1256934519249,0.8,56.75861111111111,
sarima_dcf,carbon,EST,Europe,False,holdout,last12,7,2025-07-01,166.67,261.6806576412958,76.52676369192795,163.60766382584384,359.7536514567478,0.8,56.75861111111111,
sarima_dcf,carbon,EST,Europe,False,holdout,last12,8,2025-08-01,160.0,253.34363979936242,80.68049525723667,149.94742479353704,356.7398548051878,0.8,56.75861111111111,
sarima_dcf,carbon,EST,Europe,False,holdout,last12,9,2025-09-01,225.81,278.26282444338636,84.63060321258129,169.8043424033189,386.7213064834538,0.8,56.75861111111111,
sarima_dcf,carbon,EST,Europe,False,holdout,last12,10,2025-10-01,411.77,263.59741512833955,88.40438721563264,150.3026342911345,376.8921959655446,0.8,56.75861111111111,
sarima_dcf,carbon,EST,Europe,False,holdout,last12,11,2025-11-01,432.43,294.4305599222718,92.02354242888636,176.49764505557255,412.3634747889711,0.8,56.75861111111111,
sarima_dcf,carbon,EST,Europe,False,holdout,last12,12,2025-12-01,342.11,295.16407583037756,95.5056494839955,172.7686612158093,417.5594904449458,0.8,56.75861111111111,
sarima_dcf,carbon,EST,Europe,False,rolling,2022-12-01,1,2023-01-01,530.61,567.1842763929345,38.2590065686807,518.1533866286607,616.2151661572084,0.8,46.911904761904765,
sarima_dcf,carbon,EST,Europe,False,rolling,2022-12-01,2,2023-02-01,534.88,558.9522491113217,43.55099370046365,503.1394049534695,614.7650932691739,0.8,46.911904761904765,
sarima_dcf,carbon,EST,Europe,False,rolling,2022-12-01,3,2023-03-01,477.27,552.7435884157461,47.62477851347491,491.7099789530875,613.7771978784048,0.8,46.911904761904765,
sarima_dcf,carbon,EST,Europe,False,rolling,2022-12-01,4,2023-04-01,363.64,544.5637855396083,51.32608228136915,478.7867644386487,610.3408066405678,0.8,46.911904761904765,
sarima_dcf,carbon,EST,Europe,False,rolling,2022-12-01,5,2023-05-01,384.62,555.0670808349461,54.77371513224223,484.87174045652705,625.2624212133651,0.8,46.911904761904765,
sarima_dcf,carbon,EST,Europe,False,rolling,2022-12-01,6,2023-06-01,390.24,557.8454237328283,58.01648992777473,483.49430023848606,632.1965472271705,0.8,46.911904761904765,
sarima_dcf,carbon,EST,Europe,False,rolling,2022-12-01,7,2023-07-01,300.0,555.0534894938537,61.08733770658841,476.7669162210236,633.3400627666838,0.8,46.911904761904765,
sarima_dcf,carbon,EST,Europe,False,rolling,2022-12-01,8,2023-08-01,363.64,555.5624560878388,64.01103220543291,473.5290175528404,637.5958946228371,0.8,46.911904761904765,
sarima_dcf,carbon,EST,Europe,False,rolling,2022-12-01,9,2023-09-01,342.86,565.6086627232884,66.80689809305522,479.9921778829549,651.2251475636219,0.8,46.911904761904765,
sarima_dcf,carbon,EST,Europe,False,rolling,2022-12-01,10,2023-10-01,333.33,557.772017139498,69.49036637906836,468.71652931613505,646.8275049628609,0.8,46.911904761904765,
sarima_dcf,carbon,EST,Europe,False,rolling,2022-12-01,11,2023-11-01,512.82,569.5775646870557,72.0739925970668,477.2110266392348,661.9441027348765,0.8,46.911904761904765,
sarima_dcf,carbon,EST,Europe,False,rolling,2022-12-01,12,2023-12-01,522.73,569.013661367178,74.56815560654474,473.4507248098372,664.5765979245188,0.8,46.911904761904765,
sarima_dcf,carbon,EST,Europe,False,rolling,2023-12-01,1,2024-01-01,471.7,486.3619177577103,43.12944586854043,431.0893088838112,541.6345266316093,0.8,54.774375,
sarima_dcf,carbon,EST,Europe,False,rolling,2023-12-01,2,2024-02-01,432.43,477.87503153685293,51.558464787659396,411.8002002711519,543.949862802554,0.8,54.774375,
sarima_dcf,carbon,EST,Europe,False,rolling,2023-12-01,3,2024-03-01,421.05,459.4256864806817,58.35974680479331,384.63466159821235,534.216711363151,0.8,54.774375,
sarima_dcf,carbon,EST,Europe,False,rolling,2023-12-01,4,2024-04-01,342.86,428.2207121784602,64.4236763570064,345.658448885,510.7829754719204,0.8,54.774375,
sarima_dcf,carbon,EST,Europe,False,rolling,2023-12-01,5,2024-05-01,325.58,443.4327289243375,69.96266767103748,353.7719626408428,533.0934952078321,0.8,54.774375,
sarima_dcf,carbon,EST,Europe,False,rolling,2023-12-01,6,2024-06-01,357.14,447.6699530225575,75.09412987650929,351.43295331610744,543.9069527290075,0.8,54.774375,
sarima_dcf,carbon,EST,Europe,False,rolling,2023-12-01,7,2024-07-01,333.33,426.55566366961443,79.89669032313047,324.16393510417447,528.9473922350544,0.8,54.774375,
sarima_dcf,carbon,EST,Europe,False,rolling,2023-12-01,8,2024-08-01,257.14,440.40774804825344,84.42649977946965,332.2108350824233,548.6046610140836,0.8,54.774375,
sarima_dcf,carbon,EST,Europe,False,rolling,2023-12-01,9,2024-09-01,358.97,446.3699732142541,88.72534363345234,332.66387017732063,560.0760762511876,0.8,54.774375,
sarima_dcf,carbon,EST,Europe,False,rolling,2023-12-01,10,2024-10-01,317.07,436.03423362592315,92.82531627159864,317.07380423588324,554.994663015963,0.8,54.774375,
sarima_dcf,carbon,EST,Europe,False,rolling,2023-12-01,11,2024-11-01,333.33,484.46255589359384,96.75170326456154,360.4702591057884,608.4548526813993,0.8,54.774375,
sarima_dcf,carbon,EST,Europe,False,rolling,2023-12-01,12,2024-12-01,333.33,485.72557235836115,100.52484727271204,356.8977969598852,614.5533477568371,0.8,54.774375,
sarima_dcf,carbon,EST,Europe,False,rolling,2024-12-01,1,2025-01-01,347.83,323.169374904762,42.88786816853411,268.2063603105066,378.13238949901734,0.8,56.75861111111111,
sarima_dcf,carbon,EST,Europe,False,rolling,2024-12-01,2,2025-02-01,489.36,311.6456706112903,50.81271061913993,246.5265617677668,376.76477945481383,0.8,56.75861111111111,
sarima_dcf,carbon,EST,Europe,False,rolling,2024-12-01,3,2025-03-01,313.73,298.96058849838954,56.95119457822429,225.97469592703106,371.946481069748,0.8,56.75861111111111,
sarima_dcf,carbon,EST,Europe,False,rolling,2024-12-01,4,2025-04-01,340.0,264.7393938004613,62.42808321980613,184.73458601617017,344.74420158475243,0.8,56.75861111111111,
sarima_dcf,carbon,EST,Europe,False,rolling,2024-12-01,5,2025-05-01,272.73,269.62621028860275,67.45623381017236,183.17756824343377,356.07485233377173,0.8,56.75861111111111,
sarima_dcf,carbon,EST,Europe,False,rolling,2024-12-01,6,2025-06-01,263.16,278.6819494669716,72.1342367099126,186.23820548201834,371.1256934519249,0.8,56.75861111111111,
sarima_dcf,carbon,EST,Europe,False,rolling,2024-12-01,7,2025-07-01,166.67,261.6806576412958,76.52676369192795,163.60766382584384,359.7536514567478,0.8,56.75861111111111,
sarima_dcf,carbon,EST,Europe,False,rolling,2024-12-01,8,2025-08-01,160.0,253.34363979936242,80.68049525723667,149.94742479353704,356.7398548051878,0.8,56.75861111111111,
sarima_dcf,carbon,EST,Europe,False,rolling,2024-12-01,9,2025-09-01,225.81,278.26282444338636,84.63060321258129,169.8043424033189,386.7213064834538,0.8,56.75861111111111,
sarima_dcf,carbon,EST,Europe,False,rolling,2024-12-01,10,2025-10-01,411.77,263.59741512833955,88.40438721563264,150.3026342911345,376.8921959655446,0.8,56.75861111111111,
sarima_dcf,carbon,EST,Europe,False,rolling,2024-12-01,11,2025-11-01,432.43,294.4305599222718,92.02354242888636,176.49764505557255,412.3634747889711,0.8,56.75861111111111,
sarima_dcf,carbon,EST,Europe,False,rolling,2024-12-01,12,2025-12-01,342.11,295.16407583037756,95.5056494839955,172.7686612158093,417.5594904449458,0.8,56.75861111111111,
sarima_dcf,carbon,FIN,Europe,True,holdout,last12,1,2025-01-01,99.28,82.51985215993037,26.712241691791206,48.2867370006096,116.75296731925113,0.8,33.03595238095239,
sarima_dcf,carbon,FIN,Europe,True,holdout,last12,2,2025-02-01,99.34,83.21901439041825,39.649536997483764,32.40608817817438,134.03194060266213,0.8,33.03595238095239,
sarima_dcf,carbon,FIN,Europe,True,holdout,last12,3,2025-03-01,103.79,72.75667512846697,48.56723280418285,10.515261894097364,134.99808836283657,0.8,33.03595238095239,
sarima_dcf,carbon,FIN,Europe,True,holdout,last12,4,2025-04-01,86.88,52.92255602587026,56.38086269346744,-19.3324268256981,125.17753887743862,0.8,33.03595238095239,
sarima_dcf,carbon,FIN,Europe,True,holdout,last12,5,2025-05-01,64.41,31.64474528368154,63.111762551347084,-49.23623281827639,112.52572338563948,0.8,33.03595238095239,
sarima_dcf,carbon,FIN,Europe,True,holdout,last12,6,2025-06-01,52.54,12.036483263311304,69.24417635998024,-76.70349935566779,100.77646588229038,0.8,33.03595238095239,
sarima_dcf,carbon,FIN,Europe,True,holdout,last12,7,2025-07-01,49.3,7.778277048675427,74.85284034634118,-88.14949768263813,103.706051779989,0.8,33.03595238095239,
sarima_dcf,carbon,FIN,Europe,True,holdout,last12,8,2025-08-01,50.09,13.923300086664943,80.07984908189636,-88.70315587281466,116.54975604614454,0.8,33.03595238095239,
sarima_dcf,carbon,FIN,Europe,True,holdout,last12,9,2025-09-01,52.82,28.297949371059712,84.98125086113664,-80.60990571196837,137.2058044540878,0.8,33.03595238095239,
sarima_dcf,carbon,FIN,Europe,True,holdout,last12,10,2025-10-01,60.27,37.27330170280201,89.6174651583967,-77.57610107107996,152.12270447668396,0.8,33.03595238095239,
sarima_dcf,carbon,FIN,Europe,True,holdout,last12,11,2025-11-01,75.4,56.48590635052864,94.02345168243374,-64.00999535100142,176.98180805205868,0.8,33.03595238095239,
sarima_dcf,carbon,FIN,Europe,True,holdout,last12,12,2025-12-01,69.31,71.97423280900034,98.23445513893505,-53.91828696472268,197.86675258272336,0.8,33.03595238095239,
sarima_dcf,carbon,FIN,Europe,True,rolling,2022-12-01,1,2023-01-01,146.47,220.11222005025053,28.203557578665798,183.96790668138408,256.256533419117,0.8,31.437999999999995,
sarima_dcf,carbon,FIN,Europe,True,rolling,2022-12-01,2,2023-02-01,156.25,223.4246523427224,42.165928477261964,169.3868406900457,277.4624639953991,0.8,31.437999999999995,
sarima_dcf,carbon,FIN,Europe,True,rolling,2022-12-01,3,2023-03-01,140.35,209.6908884366203,51.92633190351251,143.14461649268532,276.2371603805553,0.8,31.437999999999995,
sarima_dcf,carbon,FIN,Europe,True,rolling,2022-12-01,4,2023-04-01,92.48,191.94335070187327,60.28742211296705,114.68191051035218,269.2047908933944,0.8,31.437999999999995,
sarima_dcf,carbon,FIN,Europe,True,rolling,2022-12-01,5,2023-05-01,59.56,171.86152457146798,67.57636979238008,85.25892207022245,258.4641270727135,0.8,31.437999999999995,
sarima_dcf,carbon,FIN,Europe,True,rolling,2022-12-01,6,2023-06-01,47.27,150.57485760747412,74.16541693524056,55.528051424848556,245.62166379009966,0.8,31.437999999999995,
sarima_dcf,carbon,FIN,Europe,True,rolling,2022-12-01,7,2023-07-01,45.03,145.57144337712336,80.211217419807,42.77663211853138,248.36625463571534,0.8,31.437999999999995,
sarima_dcf,carbon,FIN,Europe,True,rolling,2022-12-01,8,2023-08-01,67.36,149.32099731239214,85.83337489510973,39.32110133958767,259.3208932851966,0.8,31.437999999999995,
sarima_dcf,carbon,FIN,Europe,True,rolling,2022-12-01,9,2023-09-01,44.14,171.30020661053138,91.10880145913436,54.53957946568558,288.0608337553772,0.8,31.437999999999995,
sarima_dcf,carbon,FIN,Europe,True,rolling,2022-12-01,10,2023-10-01,64.94,181.1256757169568,96.09554125795736,57.97428437596581,304.2770670579478,0.8,31.437999999999995,
sarima_dcf,carbon,FIN,Europe,True,rolling,2022-12-01,11,2023-11-01,109.31,196.5079484299614,100.8347444759946,67.28302378546078,325.732873074462,0.8,31.437999999999995,
sarima_dcf,carbon,FIN,Europe,True,rolling,2022-12-01,12,2023-12-01,122.14,213.74908472277772,105.36461394012211,78.7188987748118,348.77927067074364,0.8,31.437999999999995,
sarima_dcf,carbon,FIN,Europe,True,rolling,2023-12-01,1,2024-01-01,123.18,110.17390391569339,28.418838621695993,73.75369678909954,146.59411104228724,0.8,35.36638888888889,
sarima_dcf,carbon,FIN,Europe,True,rolling,2023-12-01,2,2024-02-01,101.67,113.01289844717313,42.61286114316637,58.4023195368136,167.62347735753266,0.8,35.36638888888889,
sarima_dcf,carbon,FIN,Europe,True,rolling,2023-12-01,3,2024-03-01,118.11,98.91143978560439,52.3230933456646,31.85669759433165,165.96618197687712,0.8,35.36638888888889,
sarima_dcf,carbon,FIN,Europe,True,rolling,2023-12-01,4,2024-04-01,100.83,79.64057951571239,60.78395703739083,1.7428042144484408,157.53835481697632,0.8,35.36638888888889,
sarima_dcf,carbon,FIN,Europe,True,rolling,2023-12-01,5,2024-05-01,73.35,61.05504041880162,68.09634922576153,-26.213942539344906,148.32402337694813,0.8,35.36638888888889,
sarima_dcf,carbon,FIN,Europe,True,rolling,2023-12-01,6,2024-06-01,53.38,42.72049041289185,74.73636624295821,-53.058016748885876,138.49899757466957,0.8,35.36638888888889,
sarima_dcf,carbon,FIN,Europe,True,rolling,2023-12-01,7,2024-07-01,52.81,37.79625056619407,80.81747157341329,-65.77550665206996,141.36800778445811,0.8,35.36638888888889,
sarima_dcf,carbon,FIN,Europe,True,rolling,2023-12-01,8,2024-08-01,57.59,46.09786014085545,86.47789552749643,-64.72802225741,156.9237425391209,0.8,35.36638888888889,
sarima_dcf,carbon,FIN,Europe,True,rolling,2023-12-01,9,2024-09-01,60.98,58.215055429715974,91.78755664191358,-59.415431482242056,175.845542341674,0.8,35.36638888888889,
sarima_dcf,carbon,FIN,Europe,True,rolling,2023-12-01,10,2024-10-01,60.56,66.76248529457062,96.8074980036011,-57.301315328400136,190.82628591754138,0.8,35.36638888888889,
sarima_dcf,carbon,FIN,Europe,True,rolling,2023-12-01,11,2024-11-01,80.97,88.56277982967316,101.57890272042997,-41.61582197799652,218.74138163734284,0.8,35.36638888888889,
sarima_dcf,carbon,FIN,Europe,True,rolling,2023-12-01,12,2024-12-01,88.97,104.79041943146102,106.13710095408213,-31.229748458608228,240.81058732153025,0.8,35.36638888888889,
sarima_dcf,carbon,FIN,Europe,True,rolling,2024-12-01,1,2025-01-01,99.28,82.51985215993037,26.712241691791206,48.2867370006096,116.75296731925113,0.8,33.03595238095239,
sarima_dcf,carbon,FIN,Europe,True,rolling,2024-12-01,2,2025-02-01,99.34,83.21901439041825,39.649536997483764,32.40608817817438,134.03194060266213,0.8,33.03595238095239,
sarima_dcf,carbon,FIN,Europe,True,rolling,2024-12-01,3,2025-03-01,103.79,72.75667512846697,48.56723280418285,10.515261894097364,134.99808836283657,0.8,33.03595238095239,
sarima_dcf,carbon,FIN,Europe,True,rolling,2024-12-01,4,2025-04-01,86.88,52.92255602587026,56.38086269346744,-19.3324268256981,125.17753887743862,0.8,33.03595238095239,
sarima_dcf,carbon,FIN,Europe,True,rolling,2024-12-01,5,2025-05-01,64.41,31.64474528368154,63.111762551347084,-49.23623281827639,112.52572338563948,0.8,33.03595238095239,
sarima_dcf,carbon,FIN,Europe,True,rolling,2024-12-01,6,2025-06-01,52.54,12.036483263311304,69.24417635998024,-76.70349935566779,100.77646588229038,0.8,33.03595238095239,
sarima_dcf,carbon,FIN,Europe,True,rolling,2024-12-01,7,2025-07-01,49.3,7.778277048675427,74.85284034634118,-88.14949768263813,103.706051779989,0.8,33.03595238095239,
sarima_dcf,carbon,FIN,Europe,True,rolling,2024-12-01,8,2025-08-01,50.09,13.923300086664943,80.07984908189636,-88.70315587281466,116.54975604614454,0.8,33.03595238095239,
sarima_dcf,carbon,FIN,Europe,True,rolling,2024-12-01,9,2025-09-01,52.82,28.297949371059712,84.98125086113664,-80.60990571196837,137.2058044540878,0.8,33.03595238095239,
sarima_dcf,carbon,FIN,Europe,True,rolling,2024-12-01,10,2025-10-01,60.27,37.27330170280201,89.6174651583967,-77.57610107107996,152.12270447668396,0.8,33.03595238095239,
sarima_dcf,carbon,FIN,Europe,True,rolling,2024-12-01,11,2025-11-01,75.4,56.48590635052864,94.02345168243374,-64.00999535100142,176.98180805205868,0.8,33.03595238095239,
sarima_dcf,carbon,FIN,Europe,True,rolling,2024-12-01,12,2025-12-01,69.31,71.97423280900034,98.23445513893505,-53.91828696472268,197.86675258272336,0.8,33.03595238095239,
sarima_dcf,carbon,FRA,Europe,True,holdout,last12,1,2025-01-01,45.22,42.0906806503467,10.962593379835743,28.04155194198933,56.13980935870407,0.8,16.29888888888889,
sarima_dcf,carbon,FRA,Europe,True,holdout,last12,2,2025-02-01,49.54,44.282092026378756,13.701678763774751,26.722684156074017,61.841499896683494,0.8,16.29888888888889,
sarima_dcf,carbon,FRA,Europe,True,holdout,last12,3,2025-03-01,36.3,43.243005649722974,15.040498548675924,23.967831188096053,62.51818011134989,0.8,16.29888888888889,
sarima_dcf,carbon,FRA,Europe,True,holdout,last12,4,2025-04-01,24.67,31.878661062481612,15.763225765134562,11.677274405140434,52.08004771982279,0.8,16.29888888888889,
sarima_dcf,carbon,FRA,Europe,True,holdout,last12,5,2025-05-01,22.41,28.428889275343717,16.17455031328643,7.700368999371584,49.15740955131585,0.8,16.29888888888889,
sarima_dcf,carbon,FRA,Europe,True,holdout,last12,6,2025-06-01,26.14,32.26585093152494,16.418307236208644,11.22494358936951,53.306758273680366,0.8,16.29888888888889,
sarima_dcf,carbon,FRA,Europe,True,holdout,last12,7,2025-07-01,27.64,38.3025710923243,16.56840172485136,17.069309923269184,59.53583226137941,0.8,16.29888888888889,
sarima_dcf,carbon,FRA,Europe,True,holdout,last12,8,2025-08-01,27.52,36.25305002956355,16.66463268820375,14.896463918770316,57.60963614035679,0.8,16.29888888888889,
sarima_dcf,carbon,FRA,Europe,True,holdout,last12,9,2025-09-01,21.81,41.137515910163124,16.729122576099115,19.698282682575783,62.57674913775047,0.8,16.29888888888889,
sarima_dcf,carbon,FRA,Europe,True,holdout,last12,10,2025-10-01,28.25,42.882391059667846,16.774484297167113,21.385024447430016,64.37975767190568,0.8,16.29888888888889,
sarima_dcf,carbon,FRA,Europe,True,holdout,last12,11,2025-11-01,39.66,56.371315238019896,16.80806521064243,34.83091295354536,77.91171752249443,0.8,16.29888888888889,
sarima_dcf,carbon,FRA,Europe,True,holdout,last12,12,2025-12-01,39.57,51.51282874546131,16.834198512738052,29.93893528677328,73.08672220414934,0.8,16.29888888888889,
sarima_dcf,carbon,FRA,Europe,True,rolling,2022-12-01,1,2023-01-01,58.62,76.75310899213827,11.0729025088731,62.56261344676921,90.94360453750733,0.8,15.497857142857145,
sarima_dcf,carbon,FRA,Europe,True,rolling,2022-12-01,2,2023-02-01,73.12,70.82742688598009,13.305798965100026,53.77535939143443,87.87949438052576,0.8,15.497857142857145,
sarima_dcf,carbon,FRA,Europe,True,rolling,2022-12-01,3,2023-03-01,57.85,64.67649360838872,14.197381638456259,46.481816942990946,82.8711702737865,0.8,15.497857142857145,
sarima_dcf,carbon,FRA,Europe,True,rolling,2022-12-01,4,2023-04-01,37.58,49.554100825935066,14.583781170570925,30.86423323523003,68.2439684166401,0.8,15.497857142857145,
sarima_dcf,carbon,FRA,Europe,True,rolling,2022-12-01,5,2023-05-01,30.08,41.909942118804445,14.757365088451328,22.997617786386414,60.822266451222475,0.8,15.497857142857145,
sarima_dcf,carbon,FRA,Europe,True,rolling,2022-12-01,6,2023-06-01,39.16,43.327215329798676,14.837251738383435,24.312512136094043,62.34191852350331,0.8,15.497857142857145,
sarima_dcf,carbon,FRA,Europe,True,rolling,2022-12-01,7,2023-07-01,39.37,51.93442457019781,14.874790567090454,32.871613431794984,70.99723570860064,0.8,15.497857142857145,
sarima_dcf,carbon,FRA,Europe,True,rolling,2022-12-01,8,2023-08-01,38.69,46.863822999951005,14.89262073802401,27.77816157807435,65.94948442182766,0.8,15.497857142857145,
sarima_dcf,carbon,FRA,Europe,True,rolling,2022-12-01,9,2023-09-01,31.16,57.050271633285845,14.900648071915002,37.95432276909405,76.14622049747764,0.8,15.497857142857145,
sarima_dcf,carbon,FRA,Europe,True,rolling,2022-12-01,10,2023-10-01,28.2,63.38503347169253,14.902714186648657,44.286436774929214,82.48363016845585,0.8,15.497857142857145,
sarima_dcf,carbon,FRA,Europe,True,rolling,2022-12-01,11,2023-11-01,42.64,75.64857245192849,14.89905033260784,56.55467117304711,94.74247373080986,0.8,15.497857142857145,
sarima_dcf,carbon,FRA,Europe,True,rolling,2022-12-01,12,2023-12-01,41.86,66.89713186428061,14.8862799741502,47.81959645827318,85.97466727028804,0.8,15.497857142857145,
sarima_dcf,carbon,FRA,Europe,True,rolling,2023-12-01,1,2024-01-01,45.73,47.303580736496095,11.273411873738567,32.85612210067735,61.75103937231484,0.8,16.81052083333333,
sarima_dcf,carbon,FRA,Europe,True,rolling,2023-12-01,2,2024-02-01,40.76,51.885113640454634,13.718777998720483,34.30379221883558,69.46643506207369,0.8,16.81052083333333,
sarima_dcf,carbon,FRA,Europe,True,rolling,2023-12-01,3,2024-03-01,39.44,51.09393377475399,14.756339861082951,32.18292332407495,70.00494422543304,0.8,16.81052083333333,
sarima_dcf,carbon,FRA,Europe,True,rolling,2023-12-01,4,2024-04-01,23.36,40.27431367637176,15.234300551638567,20.75077195444239,59.79785539830114,0.8,16.81052083333333,
sarima_dcf,carbon,FRA,Europe,True,rolling,2023-12-01,5,2024-05-01,20.93,36.22061804085244,15.46198229151331,16.405290428740674,56.035945652964216,0.8,16.81052083333333,
sarima_dcf,carbon,FRA,Europe,True,rolling,2023-12-01,6,2024-06-01,22.38,40.527069575937475,15.572481772919646,20.57013118043755,60.4840079714374,0.8,16.81052083333333,
sarima_dcf,carbon,FRA,Europe,True,rolling,2023-12-01,7,2024-07-01,24.5,48.00810423716152,15.6267933895376,27.981562704357597,68.03464576996544,0.8,16.81052083333333,
sarima_dcf,carbon,FRA,Europe,True,rolling,2023-12-01,8,2024-08-01,24.59,45.041607573014254,15.653658225486796,24.98063736764154,65.10257777838697,0.8,16.81052083333333,
sarima_dcf,carbon,FRA,Europe,True,rolling,2023-12-01,9,2024-09-01,25.99,51.55623797329808,15.666755317380352,31.4784831693051,71.63399277729107,0.8,16.81052083333333,
sarima_dcf,carbon,FRA,Europe,True,rolling,2023-12-01,10,2024-10-01,24.36,54.82250217633665,15.672506584590783,34.73737682684627,74.90762752582702,0.8,16.81052083333333,
sarima_dcf,carbon,FRA,Europe,True,rolling,2023-12-01,11,2024-11-01,44.08,67.387802937674,15.67363938636161,47.30122584430076,87.47438003104723,0.8,16.81052083333333,
sarima_dcf,carbon,FRA,Europe,True,rolling,2023-12-01,12,2024-12-01,38.62,61.74402668061448,15.67067297692549,41.66125119389815,81.82680216733081,0.8,16.81052083333333,
sarima_dcf,carbon,FRA,Europe,True,rolling,2024-12-01,1,2025-01-01,45.22,42.0906806503467,10.962593379835743,28.04155194198933,56.13980935870407,0.8,16.29888888888889,
sarima_dcf,carbon,FRA,Europe,True,rolling,2024-12-01,2,2025-02-01,49.54,44.282092026378756,13.701678763774751,26.722684156074017,61.841499896683494,0.8,16.29888888888889,
sarima_dcf,carbon,FRA,Europe,True,rolling,2024-12-01,3,2025-03-01,36.3,43.243005649722974,15.040498548675924,23.967831188096053,62.51818011134989,0.8,16.29888888888889,
sarima_dcf,carbon,FRA,Europe,True,rolling,2024-12-01,4,2025-04-01,24.67,31.878661062481612,15.763225765134562,11.677274405140434,52.08004771982279,0.8,16.29888888888889,
sarima_dcf,carbon,FRA,Europe,True,rolling,2024-12-01,5,2025-05-01,22.41,28.428889275343717,16.17455031328643,7.700368999371584,49.15740955131585,0.8,16.29888888888889,
sarima_dcf,carbon,FRA,Europe,True,rolling,2024-12-01,6,2025-06-01,26.14,32.26585093152494,16.418307236208644,11.22494358936951,53.306758273680366,0.8,16.29888888888889,
sarima_dcf,carbon,FRA,Europe,True,rolling,2024-12-01,7,2025-07-01,27.64,38.3025710923243,16.56840172485136,17.069309923269184,59.53583226137941,0.8,16.29888888888889,
sarima_dcf,carbon,FRA,Europe,True,rolling,2024-12-01,8,2025-08-01,27.52,36.25305002956355,16.66463268820375,14.896463918770316,57.60963614035679,0.8,16.29888888888889,
sarima_dcf,carbon,FRA,Europe,True,rolling,2024-12-01,9,2025-09-01,21.81,41.137515910163124,16.729122576099115,19.698282682575783,62.57674913775047,0.8,16.29888888888889,
sarima_dcf,carbon,FRA,Europe,True,rolling,2024-12-01,10,2025-10-01,28.25,42.882391059667846,16.774484297167113,21.385024447430016,64.37975767190568,0.8,16.29888888888889,
sarima_dcf,carbon,FRA,Europe,True,rolling,2024-12-01,11,2025-11-01,39.66,56.371315238019896,16.80806521064243,34.83091295354536,77.91171752249443,0.8,16.29888888888889,
sarima_dcf,carbon,FRA,Europe,True,rolling,2024-12-01,12,2025-12-01,39.57,51.51282874546131,16.834198512738052,29.93893528677328,73.08672220414934,0.8,16.29888888888889,
sarima_dcf,carbon,GBR,Europe,False,holdout,last12,1,2025-01-01,260.34,210.04399831071197,32.52057765317705,168.36720110686818,251.72079551455576,0.8,40.67314814814816,
sarima_dcf,carbon,GBR,Europe,False,holdout,last12,2,2025-02-01,226.59,196.86600519851203,37.31391597469287,149.0462977645447,244.68571263247935,0.8,40.67314814814816,
sarima_dcf,carbon,GBR,Europe,False,holdout,last12,3,2025-03-01,225.67,199.46887199089988,39.614850737516505,148.70039800941993,250.23734597237984,0.8,40.67314814814816,
sarima_dcf,carbon,GBR,Europe,False,holdout,last12,4,2025-04-01,206.97,187.94451868251764,41.265073537317505,135.06119908845534,240.82783827657994,0.8,40.67314814814816,
sarima_dcf,carbon,GBR,Europe,False,holdout,last12,5,2025-05-01,170.83,201.8603346899499,42.69019542275366,147.150647912515,256.5700214673848,0.8,40.67314814814816,
sarima_dcf,carbon,GBR,Europe,False,holdout,last12,6,2025-06-01,154.06,194.15464107978727,44.01622058094626,137.74558468491912,250.5636974746554,0.8,40.67314814814816,
sarima_dcf,carbon,GBR,Europe,False,holdout,last12,7,2025-07-01,209.0,199.22873332641055,45.285597431122724,141.1929050419327,257.2645616108884,0.8,40.67314814814816,
sarima_dcf,carbon,GBR,Europe,False,holdout,last12,8,2025-08-01,196.53,189.72103345541493,46.51427974731227,130.11058542506737,249.33148148576248,0.8,40.67314814814816,
sarima_dcf,carbon,GBR,Europe,False,holdout,last12,9,2025-09-01,179.46,201.3576183592451,47.7092575884577,140.2157446057865,262.49949211270365,0.8,40.67314814814816,
sarima_dcf,carbon,GBR,Europe,False,holdout,last12,10,2025-10-01,211.84,196.8650768305138,48.874317546421935,134.23011866397283,259.50003499705474,0.8,40.67314814814816,
sarima_dcf,carbon,GBR,Europe,False,holdout,last12,11,2025-11-01,201.13,213.9377476584137,50.01200087122055,149.8447896458831,278.0307056709443,0.8,40.67314814814816,
sarima_dcf,carbon,GBR,Europe,False,holdout,last12,12,2025-12-01,191.73,194.2484031193849,51.12428981646328,128.7299894677405,259.7668167710293,0.8,40.67314814814816,
sarima_dcf,carbon,GBR,Europe,False,rolling,2022-12-01,1,2023-01-01,204.9,259.6076144897531,31.472514221932457,219.27396461701085,299.9412643624953,0.8,41.377261904761895,
sarima_dcf,carbon,GBR,Europe,False,rolling,2022-12-01,2,2023-02-01,241.05,226.9789880050706,37.24419756421884,179.24862830919355,274.70934770094766,0.8,41.377261904761895,
sarima_dcf,carbon,GBR,Europe,False,rolling,2022-12-01,3,2023-03-01,234.39,252.35361966709192,40.050824206250546,201.02642320421995,303.6808161299639,0.8,41.377261904761895,
sarima_dcf,carbon,GBR,Europe,False,rolling,2022-12-01,4,2023-04-01,235.08,253.29283723663036,41.92691979052149,199.56132754062466,307.02434693263604,0.8,41.377261904761895,
sarima_dcf,carbon,GBR,Europe,False,rolling,2022-12-01,5,2023-05-01,237.73,249.81464627901892,43.437913332021,194.14672044437674,305.4825721136611,0.8,41.377261904761895,
sarima_dcf,carbon,GBR,Europe,False,rolling,2022-12-01,6,2023-06-01,247.55,250.35653167711004,44.781835250962985,192.96630060327806,307.746762750942,0.8,41.377261904761895,
sarima_dcf,carbon,GBR,Europe,False,rolling,2022-12-01,7,2023-07-01,208.56,267.0496178478212,46.03735191477003,208.05037742791995,326.04885826772244,0.8,41.377261904761895,
sarima_dcf,carbon,GBR,Europe,False,rolling,2022-12-01,8,2023-08-01,240.98,266.6637989941982,47.238292604770194,206.12549115290105,327.2021068354954,0.8,41.377261904761895,
sarima_dcf,carbon,GBR,Europe,False,rolling,2022-12-01,9,2023-09-01,235.98,264.8008191161814,48.40020875061282,202.77345581914807,326.82818241321473,0.8,41.377261904761895,
sarima_dcf,carbon,GBR,Europe,False,rolling,2022-12-01,10,2023-10-01,206.51,233.66213295794316,49.53083743095532,170.18581070556726,297.138455210319,0.8,41.377261904761895,
sarima_dcf,carbon,GBR,Europe,False,rolling,2022-12-01,11,2023-11-01,243.43,246.84428212073124,50.63445603886437,181.95361571362537,311.7349485278371,0.8,41.377261904761895,
sarima_dcf,carbon,GBR,Europe,False,rolling,2022-12-01,12,2023-12-01,188.06,252.5999789558274,51.71375065305192,186.3261408462256,318.8738170654292,0.8,41.377261904761895,
sarima_dcf,carbon,GBR,Europe,False,rolling,2023-12-01,1,2024-01-01,251.33,194.8951387233408,31.583040689877198,154.41984348256986,235.37043396411175,0.8,40.76166666666666,
sarima_dcf,carbon,GBR,Europe,False,rolling,2023-12-01,2,2024-02-01,203.28,200.56128313755056,36.82154564347815,153.3725736723792,247.74999260272193,0.8,40.76166666666666,
sarima_dcf,carbon,GBR,Europe,False,rolling,2023-12-01,3,2024-03-01,200.0,210.02638701840755,39.38980235011275,159.54632415012816,260.50644988668694,0.8,40.76166666666666,
sarima_dcf,carbon,GBR,Europe,False,rolling,2023-12-01,4,2024-04-01,150.94,211.5793160385287,41.19529107107233,158.78542627333047,264.37320580372693,0.8,40.76166666666666,
sarima_dcf,carbon,GBR,Europe,False,rolling,2023-12-01,5,2024-05-01,210.94,211.6005697265707,42.7194952662197,156.85333368887171,266.3478057642697,0.8,40.76166666666666,
sarima_dcf,carbon,GBR,Europe,False,rolling,2023-12-01,6,2024-06-01,173.56,214.51745665863805,44.11687416192804,157.97940750948504,271.05550580779106,0.8,40.76166666666666,
sarima_dcf,carbon,GBR,Europe,False,rolling,2023-12-01,7,2024-07-01,200.72,209.69230463884065,45.44367881266495,151.45388691236388,267.9307223653174,0.8,40.76166666666666,
sarima_dcf,carbon,GBR,Europe,False,rolling,2023-12-01,8,2024-08-01,146.81,218.36755471491807,46.722404380387566,158.4903842352245,278.24472519461165,0.8,40.76166666666666,
sarima_dcf,carbon,GBR,Europe,False,rolling,2023-12-01,9,2024-09-01,198.98,216.35971073187645,47.96310014402963,154.89252465392283,277.8268968098301,0.8,40.76166666666666,
sarima_dcf,carbon,GBR,Europe,False,rolling,2023-12-01,10,2024-10-01,215.53,198.089908812324,49.17099763564948,135.07473981296758,261.1050778116804,0.8,40.76166666666666,
sarima_dcf,carbon,GBR,Europe,False,rolling,2023-12-01,11,2024-11-01,260.31,212.21279002240829,50.34935295302208,147.68749792130518,276.7380821235114,0.8,40.76166666666666,
sarima_dcf,carbon,GBR,Europe,False,rolling,2023-12-01,12,2024-12-01,199.22,199.39795712986387,51.50053551506676,133.39736521414477,265.39854904558297,0.8,40.76166666666666,
sarima_dcf,carbon,GBR,Europe,False,rolling,2024-12-01,1,2025-01-01,260.34,210.04399831071197,32.52057765317705,168.36720110686818,251.72079551455576,0.8,40.67314814814816,
sarima_dcf,carbon,GBR,Europe,False,rolling,2024-12-01,2,2025-02-01,226.59,196.86600519851203,37.31391597469287,149.0462977645447,244.68571263247935,0.8,40.67314814814816,
sarima_dcf,carbon,GBR,Europe,False,rolling,2024-12-01,3,2025-03-01,225.67,199.46887199089988,39.614850737516505,148.70039800941993,250.23734597237984,0.8,40.67314814814816,
sarima_dcf,carbon,GBR,Europe,False,rolling,2024-12-01,4,2025-04-01,206.97,187.94451868251764,41.265073537317505,135.06119908845534,240.82783827657994,0.8,40.67314814814816,
sarima_dcf,carbon,GBR,Europe,False,rolling,2024-12-01,5,2025-05-01,170.83,201.8603346899499,42.69019542275366,147.150647912515,256.5700214673848,0.8,40.67314814814816,
sarima_dcf,carbon,GBR,Europe,False,rolling,2024-12-01,6,2025-06-01,154.06,194.15464107978727,44.01622058094626,137.74558468491912,250.5636974746554,0.8,40.67314814814816,
sarima_dcf,carbon,GBR,Europe,False,rolling,2024-12-01,7,2025-07-01,209.0,199.22873332641055,45.285597431122724,141.1929050419327,257.2645616108884,0.8,40.67314814814816,
sarima_dcf,carbon,GBR,Europe,False,rolling,2024-12-01,8,2025-08-01,196.53,189.72103345541493,46.51427974731227,130.11058542506737,249.33148148576248,0.8,40.67314814814816,
sarima_dcf,carbon,GBR,Europe,False,rolling,2024-12-01,9,2025-09-01,179.46,201.3576183592451,47.7092575884577,140.2157446057865,262.49949211270365,0.8,40.67314814814816,
sarima_dcf,carbon,GBR,Europe,False,rolling,2024-12-01,10,2025-10-01,211.84,196.8650768305138,48.874317546421935,134.23011866397283,259.50003499705474,0.8,40.67314814814816,
sarima_dcf,carbon,GBR,Europe,False,rolling,2024-12-01,11,2025-11-01,201.13,213.9377476584137,50.01200087122055,149.8447896458831,278.0307056709443,0.8,40.67314814814816,
sarima_dcf,carbon,GBR,Europe,False,rolling,2024-12-01,12,2025-12-01,191.73,194.2484031193849,51.12428981646328,128.7299894677405,259.7668167710293,0.8,40.67314814814816,
sarima_dcf,carbon,GRC,Europe,True,holdout,last12,1,2025-01-01,414.1,344.7595340691489,46.31328520391657,285.40667091055604,404.1123972277418,0.8,63.509074074074064,
sarima_dcf,carbon,GRC,Europe,True,holdout,last12,2,2025-02-01,415.18,323.0273079424525,51.83806072486575,256.5941600657047,389.4604558192003,0.8,63.509074074074064,
sarima_dcf,carbon,GRC,Europe,True,holdout,last12,3,2025-03-01,277.05,308.3598787632692,54.00925539436567,239.14423295872172,377.5755245678167,0.8,63.509074074074064,
sarima_dcf,carbon,GRC,Europe,True,holdout,last12,4,2025-04-01,262.46,285.44103868970177,55.38852713596103,214.45778502540134,356.4242923540022,0.8,63.509074074074064,
sarima_dcf,carbon,GRC,Europe,True,holdout,last12,5,2025-05-01,253.6,290.7690942701298,56.52271149850683,218.3323248603926,363.20586367986704,0.8,63.509074074074064,
sarima_dcf,carbon,GRC,Europe,True,holdout,last12,6,2025-06-01,267.9,310.070832277994,57.56533078360058,236.2978924911779,383.8437720648101,0.8,63.509074074074064,
sarima_dcf,carbon,GRC,Europe,True,holdout,last12,7,2025-07-01,306.54,318.7582587100566,58.565876058472966,243.70306855982955,393.8134488602837,0.8,63.509074074074064,
sarima_dcf,carbon,GRC,Europe,True,holdout,last12,8,2025-08-01,252.99,311.9282607468156,59.54156638025756,235.6226731372188,388.2338483564124,0.8,63.509074074074064,
sarima_dcf,carbon,GRC,Europe,True,holdout,last12,9,2025-09-01,274.23,302.7302774617135,60.49892541685091,225.19778487998224,380.2627700434448,0.8,63.509074074074064,
sarima_dcf,carbon,GRC,Europe,True,holdout,last12,10,2025-10-01,347.71,294.74919306453813,61.44098254729429,216.00940569245466,373.4889804366216,0.8,63.509074074074064,
sarima_dcf,carbon,GRC,Europe,True,holdout,last12,11,2025-11-01,322.25,321.30699734940214,62.369953688178654,241.37668555737258,401.2373091414317,0.8,63.509074074074064,
sarima_dcf,carbon,GRC,Europe,True,holdout,last12,12,2025-12-01,405.23,331.47144350611524,63.28794499242714,250.36467852096968,412.5782084912608,0.8,63.509074074074064,
sarima_dcf,carbon,GRC,Europe,True,rolling,2022-12-01,1,2023-01-01,366.55,416.2504486326336,49.10428326825182,353.32077753525994,479.1801197300073,0.8,66.60892857142856,
sarima_dcf,carbon,GRC,Europe,True,rolling,2022-12-01,2,2023-02-01,402.56,384.1809693393127,56.29306147892761,312.0385082716946,456.3234304069308,0.8,66.60892857142856,
sarima_dcf,carbon,GRC,Europe,True,rolling,2022-12-01,3,2023-03-01,358.55,368.28280383002743,59.28739067281296,292.30295549622963,444.26265216382524,0.8,66.60892857142856,
sarima_dcf,carbon,GRC,Europe,True,rolling,2022-12-01,4,2023-04-01,358.7,350.0024685935919,61.12920235644076,271.6622436132026,428.34269357398125,0.8,66.60892857142856,
sarima_dcf,carbon,GRC,Europe,True,rolling,2022-12-01,5,2023-05-01,298.11,360.7013255996028,62.56986772339966,280.5148136627614,440.8878375364442,0.8,66.60892857142856,
sarima_dcf,carbon,GRC,Europe,True,rolling,2022-12-01,6,2023-06-01,348.77,376.07525784138966,63.84743903407652,294.25147239125545,457.89904329152387,0.8,66.60892857142856,
sarima_dcf,carbon,GRC,Europe,True,rolling,2022-12-01,7,2023-07-01,394.4,379.52465849257715,65.04861707688436,296.1615014411848,462.8878155439695,0.8,66.60892857142856,
sarima_dcf,carbon,GRC,Europe,True,rolling,2022-12-01,8,2023-08-01,329.49,376.199941883615,66.20767266536609,291.35139532825065,461.04848843897935,0.8,66.60892857142856,
sarima_dcf,carbon,GRC,Europe,True,rolling,2022-12-01,9,2023-09-01,294.87,372.07959082531397,67.3392089164034,285.7809222159623,458.37825943466567,0.8,66.60892857142856,
sarima_dcf,carbon,GRC,Europe,True,rolling,2022-12-01,10,2023-10-01,340.72,366.91456824319584,68.45046983108237,279.1917614689088,454.6373750174829,0.8,66.60892857142856,
sarima_dcf,carbon,GRC,Europe,True,rolling,2022-12-01,11,2023-11-01,325.88,386.21266227239767,69.54638832396158,297.085379437852,475.33994510694333,0.8,66.60892857142856,
sarima_dcf,carbon,GRC,Europe,True,rolling,2022-12-01,12,2023-12-01,353.76,392.6174097890857,70.63050148288104,302.10078003849924,483.13403953967213,0.8,66.60892857142856,
sarima_dcf,carbon,GRC,Europe,True,rolling,2023-12-01,1,2024-01-01,317.62,340.87860636360455,47.92884906065132,279.455314815176,402.3018979120331,0.8,66.06822916666667,
sarima_dcf,carbon,GRC,Europe,True,rolling,2023-12-01,2,2024-02-01,333.33,328.8994413309267,54.19155213375797,259.45017285461734,398.3487098072361,0.8,66.06822916666667,
sarima_dcf,carbon,GRC,Europe,True,rolling,2023-12-01,3,2024-03-01,340.06,317.5942526972946,56.7358527466221,244.88433178735315,390.30417360723607,0.8,66.06822916666667,
sarima_dcf,carbon,GRC,Europe,True,rolling,2023-12-01,4,2024-04-01,280.0,300.7368784306815,58.345221839460336,225.96446804027408,375.5092888210889,0.8,66.06822916666667,
sarima_dcf,carbon,GRC,Europe,True,rolling,2023-12-01,5,2024-05-01,298.59,303.83913596831167,59.650458606926684,227.39399735515138,380.28427458147195,0.8,66.06822916666667,
sarima_dcf,carbon,GRC,Europe,True,rolling,2023-12-01,6,2024-06-01,312.91,322.536604215271,60.837606996271354,244.5700737252123,400.50313470532967,0.8,66.06822916666667,
sarima_dcf,carbon,GRC,Europe,True,rolling,2023-12-01,7,2024-07-01,331.54,329.99333536037705,61.96965128178613,250.5760317439511,409.410638976803,0.8,66.06822916666667,
sarima_dcf,carbon,GRC,Europe,True,rolling,2023-12-01,8,2024-08-01,330.61,323.40869831000305,63.06962507544331,242.5817215562577,404.23567506374843,0.8,66.06822916666667,
sarima_dcf,carbon,GRC,Europe,True,rolling,2023-12-01,9,2024-09-01,325.2,313.3931220637538,64.14660786171866,231.18593633419272,395.6003077933149,0.8,66.06822916666667,
sarima_dcf,carbon,GRC,Europe,True,rolling,2023-12-01,10,2024-10-01,256.07,311.9061320239717,65.20476446910386,228.34286403762468,395.4694000103187,0.8,66.06822916666667,
sarima_dcf,carbon,GRC,Europe,True,rolling,2023-12-01,11,2024-11-01,377.53,326.8604438019783,66.24675620673156,241.96180967299,411.7590779309666,0.8,66.06822916666667,
sarima_dcf,carbon,GRC,Europe,True,rolling,2023-12-01,12,2024-12-01,387.89,336.94729365204597,67.274770290403,250.73120646472665,423.1633808393653,0.8,66.06822916666667,
sarima_dcf,carbon,GRC,Europe,True,rolling,2024-12-01,1,2025-01-01,414.1,344.7595340691489,46.31328520391657,285.40667091055604,404.1123972277418,0.8,63.509074074074064,
sarima_dcf,carbon,GRC,Europe,True,rolling,2024-12-01,2,2025-02-01,415.18,323.0273079424525,51.83806072486575,256.5941600657047,389.4604558192003,0.8,63.509074074074064,
sarima_dcf,carbon,GRC,Europe,True,rolling,2024-12-01,3,2025-03-01,277.05,308.3598787632692,54.00925539436567,239.14423295872172,377.5755245678167,0.8,63.509074074074064,
sarima_dcf,carbon,GRC,Europe,True,rolling,2024-12-01,4,2025-04-01,262.46,285.44103868970177,55.38852713596103,214.45778502540134,356.4242923540022,0.8,63.509074074074064,
sarima_dcf,carbon,GRC,Europe,True,rolling,2024-12-01,5,2025-05-01,253.6,290.7690942701298,56.52271149850683,218.3323248603926,363.20586367986704,0.8,63.509074074074064,
sarima_dcf,carbon,GRC,Europe,True,rolling,2024-12-01,6,2025-06-01,267.9,310.070832277994,57.56533078360058,236.2978924911779,383.8437720648101,0.8,63.509074074074064,
sarima_dcf,carbon,GRC,Europe,True,rolling,2024-12-01,7,2025-07-01,306.54,318.7582587100566,58.565876058472966,243.70306855982955,393.8134488602837,0.8,63.509074074074064,
sarima_dcf,carbon,GRC,Europe,True,rolling,2024-12-01,8,2025-08-01,252.99,311.9282607468156,59.54156638025756,235.6226731372188,388.2338483564124,0.8,63.509074074074064,
sarima_dcf,carbon,GRC,Europe,True,rolling,2024-12-01,9,2025-09-01,274.23,302.7302774617135,60.49892541685091,225.19778487998224,380.2627700434448,0.8,63.509074074074064,
sarima_dcf,carbon,GRC,Europe,True,rolling,2024-12-01,10,2025-10-01,347.71,294.74919306453813,61.44098254729429,216.00940569245466,373.4889804366216,0.8,63.509074074074064,
sarima_dcf,carbon,GRC,Europe,True,rolling,2024-12-01,11,2025-11-01,322.25,321.30699734940214,62.369953688178654,241.37668555737258,401.2373091414317,0.8,63.509074074074064,
sarima_dcf,carbon,GRC,Europe,True,rolling,2024-12-01,12,2025-12-01,405.23,331.47144350611524,63.28794499242714,250.36467852096968,412.5782084912608,0.8,63.509074074074064,
sarima_dcf,carbon,HRV,Europe,True,holdout,last12,1,2025-01-01,138.46,205.66201481795613,47.36861911949677,144.95668682767916,266.3673428082331,0.8,55.8327868852459,
sarima_dcf,carbon,HRV,Europe,True,holdout,last12,2,2025-02-01,161.91,207.53543692094257,52.875896103879185,139.77224948944257,275.2986243524426,0.8,55.8327868852459,
sarima_dcf,carbon,HRV,Europe,True,holdout,last12,3,2025-03-01,98.49,178.38010468024717,54.394572277594285,108.6706554207673,248.08955393972704,0.8,55.8327868852459,
sarima_dcf,carbon,HRV,Europe,True,holdout,last12,4,2025-04-01,111.11,135.5875641950032,54.96301150482372,65.14963075395049,206.02549763605595,0.8,55.8327868852459,
sarima_dcf,carbon,HRV,Europe,True,holdout,last12,5,2025-05-01,46.51,136.16795952935774,55.25126509508827,65.36061424842764,206.97530481028787,0.8,55.8327868852459,
sarima_dcf,carbon,HRV,Europe,True,holdout,last12,6,2025-06-01,72.29,188.60277284429662,55.44261540875878,117.55020226931462,259.6553434192786,0.8,55.8327868852459,
sarima_dcf,carbon,HRV,Europe,True,holdout,last12,7,2025-07-01,180.95,228.09777136730372,55.59760831301846,156.84656939321943,299.34897334138805,0.8,55.8327868852459,
sarima_dcf,carbon,HRV,Europe,True,holdout,last12,8,2025-08-01,180.95,238.08269750952834,55.74075065696509,166.64805124046353,309.51734377859316,0.8,55.8327868852459,
sarima_dcf,carbon,HRV,Europe,True,holdout,last12,9,2025-09-01,265.06,231.64200539995784,55.88567075209038,160.02163655610633,303.26237424380935,0.8,55.8327868852459,
sarima_dcf,carbon,HRV,Europe,True,holdout,last12,10,2025-10-01,259.26,237.7291657316163,56.043506800183536,165.90652185323162,309.551809610001,0.8,55.8327868852459,
sarima_dcf,carbon,HRV,Europe,True,holdout,last12,11,2025-11-01,185.84,193.15538094218732,56.2172945108718,121.11001915109769,265.20074273327697,0.8,55.8327868852459,
sarima_dcf,carbon,HRV,Europe,True,holdout,last12,12,2025-12-01,248.0,160.10643119320005,56.337644256225985,87.90683499753888,232.30602738886122,0.8,55.8327868852459,
sarima_dcf,carbon,HRV,Europe,True,rolling,2022-12-01,1,2023-01-01,194.44,211.21411126697242,51.27306791499571,145.50503081023504,276.9231917237098,0.8,55.4491891891892,
sarima_dcf,carbon,HRV,Europe,True,rolling,2022-12-01,2,2023-02-01,228.35,240.32690282832115,55.41333152826564,169.31186105623038,311.3419446004119,0.8,55.4491891891892,
sarima_dcf,carbon,HRV,Europe,True,rolling,2022-12-01,3,2023-03-01,220.78,218.8400676040041,56.103328833281424,146.9407587054488,290.7393765025594,0.8,55.4491891891892,
sarima_dcf,carbon,HRV,Europe,True,rolling,2022-12-01,4,2023-04-01,178.86,177.704750908439,56.232231146371845,105.64024704874032,249.76925476813767,0.8,55.4491891891892,
sarima_dcf,carbon,HRV,Europe,True,rolling,2022-12-01,5,2023-05-01,102.94,192.68359112049365,56.26004804831867,120.58343846655642,264.7837437744309,0.8,55.4491891891892,
sarima_dcf,carbon,HRV,Europe,True,rolling,2022-12-01,6,2023-06-01,211.86,249.0437716854334,56.2671605223212,176.93450402930333,321.1530393415635,0.8,55.4491891891892,
sarima_dcf,carbon,HRV,Europe,True,rolling,2022-12-01,7,2023-07-01,235.29,278.8451921920916,56.26884887387751,206.73376082638134,350.95662355780183,0.8,55.4491891891892,
sarima_dcf,carbon,HRV,Europe,True,rolling,2022-12-01,8,2023-08-01,235.77,285.67058818672376,56.26782416239812,213.56047004161417,357.78070633183336,0.8,55.4491891891892,
sarima_dcf,carbon,HRV,Europe,True,rolling,2022-12-01,9,2023-09-01,275.23,281.0329521385186,56.26219914501692,208.9300427432401,353.13586153379714,0.8,55.4491891891892,
sarima_dcf,carbon,HRV,Europe,True,rolling,2022-12-01,10,2023-10-01,268.52,287.38125718167026,56.239929386758256,215.30688762995243,359.4556267333881,0.8,55.4491891891892,
sarima_dcf,carbon,HRV,Europe,True,rolling,2022-12-01,11,2023-11-01,183.1,242.3860811702902,56.13808447136357,170.44223112933918,314.3299312112412,0.8,55.4491891891892,
sarima_dcf,carbon,HRV,Europe,True,rolling,2022-12-01,12,2023-12-01,137.68,206.0526251934163,55.60778933352635,134.7883757165613,277.3168746702713,0.8,55.4491891891892,
sarima_dcf,carbon,HRV,Europe,True,rolling,2023-12-01,1,2024-01-01,128.57,192.87927199492773,47.4259492450374,132.1004724925113,253.65807149734417,0.8,54.48612244897961,
sarima_dcf,carbon,HRV,Europe,True,rolling,2023-12-01,2,2024-02-01,140.35,230.7252151995823,51.74155930779592,164.41573886495763,297.03469153420696,0.8,54.48612244897961,
sarima_dcf,carbon,HRV,Europe,True,rolling,2023-12-01,3,2024-03-01,130.77,213.85233170864237,52.53810067457144,146.5220465384055,281.18261687887923,0.8,54.48612244897961,
sarima_dcf,carbon,HRV,Europe,True,rolling,2023-12-01,4,2024-04-01,115.39,172.48233961902548,52.697917371808515,104.94724111024429,240.01743812780666,0.8,54.48612244897961,
sarima_dcf,carbon,HRV,Europe,True,rolling,2023-12-01,5,2024-05-01,129.03,174.10922532982735,52.73296002213045,106.52921785766526,241.68923280198945,0.8,54.48612244897961,
sarima_dcf,carbon,HRV,Europe,True,rolling,2023-12-01,6,2024-06-01,108.43,241.46546837234817,52.74164698054123,173.87432811503493,309.0566086296614,0.8,54.48612244897961,
sarima_dcf,carbon,HRV,Europe,True,rolling,2023-12-01,7,2024-07-01,219.3,271.5829072890542,52.74383247038956,203.98896621380436,339.1768483643041,0.8,54.48612244897961,
sarima_dcf,carbon,HRV,Europe,True,rolling,2023-12-01,8,2024-08-01,256.88,277.7911783119703,52.74336306752484,210.19783880069662,345.38451782324404,0.8,54.48612244897961,
sarima_dcf,carbon,HRV,Europe,True,rolling,2023-12-01,9,2024-09-01,196.08,280.250024643645,52.73909404079499,212.6621561102603,347.83789317702974,0.8,54.48612244897961,
sarima_dcf,carbon,HRV,Europe,True,rolling,2023-12-01,10,2024-10-01,215.52,285.03442392993156,52.7215407353822,217.46905086257908,352.59979699728405,0.8,54.48612244897961,
sarima_dcf,carbon,HRV,Europe,True,rolling,2023-12-01,11,2024-11-01,219.3,232.23781604670248,52.64382586303589,164.77203859567152,299.70359349773344,0.8,54.48612244897961,
sarima_dcf,carbon,HRV,Europe,True,rolling,2023-12-01,12,2024-12-01,231.34,193.68051104687893,52.27073816817453,126.69286471528297,260.6681573784749,0.8,54.48612244897961,
sarima_dcf,carbon,HRV,Europe,True,rolling,2024-12-01,1,2025-01-01,138.46,205.66201481795613,47.36861911949677,144.95668682767916,266.3673428082331,0.8,55.8327868852459,
sarima_dcf,carbon,HRV,Europe,True,rolling,2024-12-01,2,2025-02-01,161.91,207.53543692094257,52.875896103879185,139.77224948944257,275.2986243524426,0.8,55.8327868852459,
sarima_dcf,carbon,HRV,Europe,True,rolling,2024-12-01,3,2025-03-01,98.49,178.38010468024717,54.394572277594285,108.6706554207673,248.08955393972704,0.8,55.8327868852459,
sarima_dcf,carbon,HRV,Europe,True,rolling,2024-12-01,4,2025-04-01,111.11,135.5875641950032,54.96301150482372,65.14963075395049,206.02549763605595,0.8,55.8327868852459,
sarima_dcf,carbon,HRV,Europe,True,rolling,2024-12-01,5,2025-05-01,46.51,136.16795952935774,55.25126509508827,65.36061424842764,206.97530481028787,0.8,55.8327868852459,
sarima_dcf,carbon,HRV,Europe,True,rolling,2024-12-01,6,2025-06-01,72.29,188.60277284429662,55.44261540875878,117.55020226931462,259.6553434192786,0.8,55.8327868852459,
sarima_dcf,carbon,HRV,Europe,True,rolling,2024-12-01,7,2025-07-01,180.95,228.09777136730372,55.59760831301846,156.84656939321943,299.34897334138805,0.8,55.8327868852459,
sarima_dcf,carbon,HRV,Europe,True,rolling,2024-12-01,8,2025-08-01,180.95,238.08269750952834,55.74075065696509,166.64805124046353,309.51734377859316,0.8,55.8327868852459,
sarima_dcf,carbon,HRV,Europe,True,rolling,2024-12-01,9,2025-09-01,265.06,231.64200539995784,55.88567075209038,160.02163655610633,303.26237424380935,0.8,55.8327868852459,
sarima_dcf,carbon,HRV,Europe,True,rolling,2024-12-01,10,2025-10-01,259.26,237.7291657316163,56.043506800183536,165.90652185323162,309.551809610001,0.8,55.8327868852459,
sarima_dcf,carbon,HRV,Europe,True,rolling,2024-12-01,11,2025-11-01,185.84,193.15538094218732,56.2172945108718,121.11001915109769,265.20074273327697,0.8,55.8327868852459,
sarima_dcf,carbon,HRV,Europe,True,rolling,2024-12-01,12,2025-12-01,248.0,160.10643119320005,56.337644256225985,87.90683499753888,232.30602738886122,0.8,55.8327868852459,
sarima_dcf,carbon,HUN,Europe,True,holdout,last12,1,2025-01-01,233.23,217.31496075113915,23.54163450603614,187.14514219444976,247.48477930782855,0.8,26.62092592592593,
sarima_dcf,carbon,HUN,Europe,True,holdout,last12,2,2025-02-01,240.26,220.26743120552536,26.0617688996712,186.86793047129015,253.66693193976056,0.8,26.62092592592593,
sarima_dcf,carbon,HUN,Europe,True,holdout,last12,3,2025-03-01,176.1,199.7740698451433,26.772324576380516,165.46395537101466,234.0841843192719,0.8,26.62092592592593,
sarima_dcf,carbon,HUN,Europe,True,holdout,last12,4,2025-04-01,135.95,165.0047675276579,27.078524828136427,130.30224164152133,199.70729341379445,0.8,26.62092592592593,
sarima_dcf,carbon,HUN,Europe,True,holdout,last12,5,2025-05-01,123.46,166.38929245596944,27.268787925870775,131.44293459906606,201.33565031287281,0.8,26.62092592592593,
sarima_dcf,carbon,HUN,Europe,True,holdout,last12,6,2025-06-01,133.33,163.70924366493495,27.41941120099156,128.56985431399306,198.84863301587683,0.8,26.62092592592593,
sarima_dcf,carbon,HUN,Europe,True,holdout,last12,7,2025-07-01,148.69,167.4726890448484,27.554861757862177,132.1597128206951,202.78566526900173,0.8,26.62092592592593,
sarima_dcf,carbon,HUN,Europe,True,holdout,last12,8,2025-08-01,136.65,178.89094166373266,27.684019813813748,143.41244273077191,214.3694405966934,0.8,26.62092592592593,
sarima_dcf,carbon,HUN,Europe,True,holdout,last12,9,2025-09-01,137.71,186.14939683369715,27.81032834111622,150.50902700983028,221.78976665756403,0.8,26.62092592592593,
sarima_dcf,carbon,HUN,Europe,True,holdout,last12,10,2025-10-01,185.29,190.88948682131618,27.935172668500382,155.0891225542408,226.68985108839158,0.8,26.62092592592593,
sarima_dcf,carbon,HUN,Europe,True,holdout,last12,11,2025-11-01,245.73,225.5918134852403,28.059136745222492,189.63258286157037,261.5510441089102,0.8,26.62092592592593,
sarima_dcf,carbon,HUN,Europe,True,holdout,last12,12,2025-12-01,259.65,221.15641403873317,28.182496774812645,185.03909117601637,257.27373690145,0.8,26.62092592592593,
sarima_dcf,carbon,HUN,Europe,True,rolling,2022-12-01,1,2023-01-01,235.96,245.02781943377,24.17707462029826,214.04365160383813,276.0119872637018,0.8,27.60238095238096,
sarima_dcf,carbon,HUN,Europe,True,rolling,2022-12-01,2,2023-02-01,260.38,253.1145771287742,26.383813550230002,219.3023595684401,286.9267946891083,0.8,27.60238095238096,
sarima_dcf,carbon,HUN,Europe,True,rolling,2022-12-01,3,2023-03-01,235.09,231.64404515416157,26.957578428745133,197.0965183155119,266.19157199281125,0.8,27.60238095238096,
sarima_dcf,carbon,HUN,Europe,True,rolling,2022-12-01,4,2023-04-01,209.79,186.02128904066583,27.204591413493528,151.157202324702,220.88537575662966,0.8,27.60238095238096,
sarima_dcf,carbon,HUN,Europe,True,rolling,2022-12-01,5,2023-05-01,204.72,204.52525836654078,27.364907180141017,169.45571872884838,239.59479800423318,0.8,27.60238095238096,
sarima_dcf,carbon,HUN,Europe,True,rolling,2022-12-01,6,2023-06-01,187.02,208.3828445675154,27.49750259165609,173.14337707261183,243.62231206241898,0.8,27.60238095238096,
sarima_dcf,carbon,HUN,Europe,True,rolling,2022-12-01,7,2023-07-01,196.77,223.6373788152683,27.620221862135562,188.24064024715926,259.03411738337735,0.8,27.60238095238096,
sarima_dcf,carbon,HUN,Europe,True,rolling,2022-12-01,8,2023-08-01,185.67,254.44638474310716,27.73918044756548,218.89719461360545,289.99557487260887,0.8,27.60238095238096,
sarima_dcf,carbon,HUN,Europe,True,rolling,2022-12-01,9,2023-09-01,192.44,242.46850709106226,27.85673778514922,206.76866117153887,278.1683530105857,0.8,27.60238095238096,
sarima_dcf,carbon,HUN,Europe,True,rolling,2022-12-01,10,2023-10-01,198.61,246.56635223416376,27.974197018682585,210.715976250018,282.4167282183095,0.8,27.60238095238096,
sarima_dcf,carbon,HUN,Europe,True,rolling,2022-12-01,11,2023-11-01,251.88,276.5788646414163,28.09301143303442,240.5762218585487,312.5815074242839,0.8,27.60238095238096,
sarima_dcf,carbon,HUN,Europe,True,rolling,2022-12-01,12,2023-12-01,264.46,250.53009343702544,28.214785023837322,214.37139151822237,286.6887953558285,0.8,27.60238095238096,
sarima_dcf,carbon,HUN,Europe,True,rolling,2023-12-01,1,2024-01-01,234.11,233.13272290971582,24.424263495699158,201.83176978952872,264.4336760299029,0.8,27.85104166666667,
sarima_dcf,carbon,HUN,Europe,True,rolling,2023-12-01,2,2024-02-01,232.56,239.67755551393168,27.08311861583426,204.96914245197917,274.3859685758842,0.8,27.85104166666667,
sarima_dcf,carbon,HUN,Europe,True,rolling,2023-12-01,3,2024-03-01,221.82,214.29040191465265,27.83966360263415,178.61243744046183,249.96836638884346,0.8,27.85104166666667,
sarima_dcf,carbon,HUN,Europe,True,rolling,2023-12-01,4,2024-04-01,177.05,180.10956126375177,28.165555567855087,144.01394943133366,216.2051730961699,0.8,27.85104166666667,
sarima_dcf,carbon,HUN,Europe,True,rolling,2023-12-01,5,2024-05-01,172.19,186.4066693779931,28.366791758488105,150.053162990425,222.7601757655612,0.8,27.85104166666667,
sarima_dcf,carbon,HUN,Europe,True,rolling,2023-12-01,6,2024-06-01,170.97,183.80896699497447,28.52508359617738,147.25260145500275,220.3653325349462,0.8,27.85104166666667,
sarima_dcf,carbon,HUN,Europe,True,rolling,2023-12-01,7,2024-07-01,165.19,193.36467738329935,28.666825467660054,156.62666232602578,230.10269244057292,0.8,27.85104166666667,
sarima_dcf,carbon,HUN,Europe,True,rolling,2023-12-01,8,2024-08-01,169.87,210.32745685501388,28.80167541415703,173.4166246376935,247.23828907233425,0.8,27.85104166666667,
sarima_dcf,carbon,HUN,Europe,True,rolling,2023-12-01,9,2024-09-01,197.08,207.31241158365074,28.933427354071227,170.2327324614698,244.3920907058317,0.8,27.85104166666667,
sarima_dcf,carbon,HUN,Europe,True,rolling,2023-12-01,10,2024-10-01,199.32,213.2074184701596,29.063661510281392,175.96083756120015,250.45399937911907,0.8,27.85104166666667,
sarima_dcf,carbon,HUN,Europe,True,rolling,2023-12-01,11,2024-11-01,241.16,246.58953334760352,29.19313002019137,209.1770318670802,284.00203482812685,0.8,27.85104166666667,
sarima_dcf,carbon,HUN,Europe,True,rolling,2023-12-01,12,2024-12-01,250.81,233.58518975150062,29.322297122405672,196.0071539689177,271.16322553408355,0.8,27.85104166666667,
sarima_dcf,carbon,HUN,Europe,True,rolling,2024-12-01,1,2025-01-01,233.23,217.31496075113915,23.54163450603614,187.14514219444976,247.48477930782855,0.8,26.62092592592593,
sarima_dcf,carbon,HUN,Europe,True,rolling,2024-12-01,2,2025-02-01,240.26,220.26743120552536,26.0617688996712,186.86793047129015,253.66693193976056,0.8,26.62092592592593,
sarima_dcf,carbon,HUN,Europe,True,rolling,2024-12-01,3,2025-03-01,176.1,199.7740698451433,26.772324576380516,165.46395537101466,234.0841843192719,0.8,26.62092592592593,
sarima_dcf,carbon,HUN,Europe,True,rolling,2024-12-01,4,2025-04-01,135.95,165.0047675276579,27.078524828136427,130.30224164152133,199.70729341379445,0.8,26.62092592592593,
sarima_dcf,carbon,HUN,Europe,True,rolling,2024-12-01,5,2025-05-01,123.46,166.38929245596944,27.268787925870775,131.44293459906606,201.33565031287281,0.8,26.62092592592593,
sarima_dcf,carbon,HUN,Europe,True,rolling,2024-12-01,6,2025-06-01,133.33,163.70924366493495,27.41941120099156,128.56985431399306,198.84863301587683,0.8,26.62092592592593,
sarima_dcf,carbon,HUN,Europe,True,rolling,2024-12-01,7,2025-07-01,148.69,167.4726890448484,27.554861757862177,132.1597128206951,202.78566526900173,0.8,26.62092592592593,
sarima_dcf,carbon,HUN,Europe,True,rolling,2024-12-01,8,2025-08-01,136.65,178.89094166373266,27.684019813813748,143.41244273077191,214.3694405966934,0.8,26.62092592592593,
sarima_dcf,carbon,HUN,Europe,True,rolling,2024-12-01,9,2025-09-01,137.71,186.14939683369715,27.81032834111622,150.50902700983028,221.78976665756403,0.8,26.62092592592593,
sarima_dcf,carbon,HUN,Europe,True,rolling,2024-12-01,10,2025-10-01,185.29,190.88948682131618,27.935172668500382,155.0891225542408,226.68985108839158,0.8,26.62092592592593,
sarima_dcf,carbon,HUN,Europe,True,rolling,2024-12-01,11,2025-11-01,245.73,225.5918134852403,28.059136745222492,189.63258286157037,261.5510441089102,0.8,26.62092592592593,
sarima_dcf,carbon,HUN,Europe,True,rolling,2024-12-01,12,2025-12-01,259.65,221.15641403873317,28.182496774812645,185.03909117601637,257.27373690145,0.8,26.62092592592593,
sarima_dcf,carbon,IND|delhi,India,True,holdout,last12,1,2024-12-01,192.37,351.1742457406788,19.53186369063613,326.1431552499404,376.2053362314173,0.8,21.43559322033899,
sarima_dcf,carbon,IND|delhi,India,True,holdout,last12,2,2025-01-01,327.65,373.94190054712107,23.940422107512195,343.2610151154403,404.62278597880186,0.8,21.43559322033899,
sarima_dcf,carbon,IND|delhi,India,True,holdout,last12,3,2025-02-01,399.12,384.7252183298042,26.094650799808097,351.28357774497044,418.16685891463794,0.8,21.43559322033899,
sarima_dcf,carbon,IND|delhi,India,True,holdout,last12,4,2025-03-01,381.48,402.83484270714234,27.368263302768018,367.76100202524316,437.9086833890415,0.8,21.43559322033899,
sarima_dcf,carbon,IND|delhi,India,True,holdout,last12,5,2025-04-01,428.02,409.34926612334624,28.233065523163777,373.1671368020124,445.5313954446801,0.8,21.43559322033899,
sarima_dcf,carbon,IND|delhi,India,True,holdout,last12,6,2025-05-01,420.77,408.4470035850554,28.888584778213794,371.4247925361676,445.46921463394324,0.8,21.43559322033899,
sarima_dcf,carbon,IND|delhi,India,True,holdout,last12,7,2025-06-01,437.75,408.424963176753,29.4290878097494,370.71006962161914,446.1398567318869,0.8,21.43559322033899,
sarima_dcf,carbon,IND|delhi,India,True,holdout,last12,8,2025-07-01,423.86,410.24565395151143,29.902655459238566,371.92385903378346,448.5674488692394,0.8,21.43559322033899,
sarima_dcf,carbon,IND|delhi,India,True,holdout,last12,9,2025-08-01,398.91,394.1750875761286,30.33513929994418,355.2990423152716,433.0511328369856,0.8,21.43559322033899,
sarima_dcf,carbon,IND|delhi,India,True,holdout,last12,10,2025-09-01,374.35,390.5888764381751,30.740783783074086,351.1929768549084,429.98477602144175,0.8,21.43559322033899,
sarima_dcf,carbon,IND|delhi,India,True,holdout,last12,11,2025-10-01,249.39,383.5892343588781,31.127144375275936,343.6981937538104,423.4802749639458,0.8,21.43559322033899,
sarima_dcf,carbon,IND|delhi,India,True,holdout,last12,12,2025-11-01,323.17,379.7817988462706,31.497107094732318,339.4166319388904,420.14696575365076,0.8,21.43559322033899,
sarima_dcf,carbon,IND|delhi,India,True,rolling,2022-12-01,1,2023-01-01,433.94,430.18135336761,9.405067583147193,418.1282742823749,442.23443245284506,0.8,10.761944444444445,
sarima_dcf,carbon,IND|delhi,India,True,rolling,2022-12-01,2,2023-02-01,418.66,431.6417051939368,10.847442119182318,417.74014876394426,445.5432616239293,0.8,10.761944444444445,
sarima_dcf,carbon,IND|delhi,India,True,rolling,2022-12-01,3,2023-03-01,336.74,430.6635001881902,11.645851743722107,415.73874065392283,445.58825972245756,0.8,10.761944444444445,
sarima_dcf,carbon,IND|delhi,India,True,rolling,2022-12-01,4,2023-04-01,352.77,427.64781927490185,12.280636078711794,411.90955088234523,443.38608766745847,0.8,10.761944444444445,
sarima_dcf,carbon,IND|delhi,India,True,rolling,2022-12-01,5,2023-05-01,411.45,429.4979395029729,12.8544666701687,413.0242776175773,445.97160138836847,0.8,10.761944444444445,
sarima_dcf,carbon,IND|delhi,India,True,rolling,2022-12-01,6,2023-06-01,416.71,431.30369703665826,13.395563255772482,414.1365919748713,448.47080209844523,0.8,10.761944444444445,
sarima_dcf,carbon,IND|delhi,India,True,rolling,2022-12-01,7,2023-07-01,400.75,431.876773605962,13.913345514811674,414.04610387949214,449.70744333243186,0.8,10.761944444444445,
sarima_dcf,carbon,IND|delhi,India,True,rolling,2022-12-01,8,2023-08-01,447.37,433.1193216384191,14.411894138851297,414.64973614231116,451.588907134527,0.8,10.761944444444445,
sarima_dcf,carbon,IND|delhi,India,True,rolling,2022-12-01,9,2023-09-01,436.29,434.5773207600153,14.893583615903442,415.49042536048483,453.6642161595458,0.8,10.761944444444445,
sarima_dcf,carbon,IND|delhi,India,True,rolling,2022-12-01,10,2023-10-01,439.41,442.26599473243266,15.36012888070148,422.58119751840286,461.95079194646246,0.8,10.761944444444445,
sarima_dcf,carbon,IND|delhi,India,True,rolling,2022-12-01,11,2023-11-01,393.84,436.2305243429045,15.812918257725903,415.96545419388707,456.49559449192196,0.8,10.761944444444445,
sarima_dcf,carbon,IND|delhi,India,True,rolling,2022-12-01,12,2023-12-01,402.2,434.5026959745362,16.253148702686534,413.6734478095791,455.3319441394933,0.8,10.761944444444445,
sarima_dcf,carbon,IND|delhi,India,True,rolling,2023-12-01,1,2024-01-01,424.92,406.786701789026,16.81903845469006,385.2322367264631,428.34116685158887,0.8,18.07854166666667,
sarima_dcf,carbon,IND|delhi,India,True,rolling,2023-12-01,2,2024-02-01,406.4,414.551506777379,20.096492560688947,388.79681527427266,440.3061982804854,0.8,18.07854166666667,
sarima_dcf,carbon,IND|delhi,India,True,rolling,2023-12-01,3,2024-03-01,384.36,440.38626259360416,21.723599073443957,412.54635019176885,468.22617499543946,0.8,18.07854166666667,
sarima_dcf,carbon,IND|delhi,India,True,rolling,2023-12-01,4,2024-04-01,409.0,434.6036057447159,22.8079576649142,405.3740318923701,463.83317959706164,0.8,18.07854166666667,
sarima_dcf,carbon,IND|delhi,India,True,rolling,2023-12-01,5,2024-05-01,449.78,417.8405392594323,23.671272553077507,387.5045828606029,448.17649565826173,0.8,18.07854166666667,
sarima_dcf,carbon,IND|delhi,India,True,rolling,2023-12-01,6,2024-06-01,456.78,417.298542809865,24.430727455902844,385.98930579135924,448.6077798283708,0.8,18.07854166666667,
sarima_dcf,carbon,IND|delhi,India,True,rolling,2023-12-01,7,2024-07-01,439.63,422.4490856525872,25.134664204652704,390.2377173916767,454.6604539134977,0.8,18.07854166666667,
sarima_dcf,carbon,IND|delhi,India,True,rolling,2023-12-01,8,2024-08-01,425.08,408.7303183567194,25.804651700362264,375.66032657178704,441.8003101416518,0.8,18.07854166666667,
sarima_dcf,carbon,IND|delhi,India,True,rolling,2023-12-01,9,2024-09-01,399.95,412.75738396830013,26.45092555745123,378.8591589100448,446.65560902655545,0.8,18.07854166666667,
sarima_dcf,carbon,IND|delhi,India,True,rolling,2023-12-01,10,2024-10-01,413.07,415.70699481024025,27.078676334252243,381.00427476120376,450.40971485927673,0.8,18.07854166666667,
sarima_dcf,carbon,IND|delhi,India,True,rolling,2023-12-01,11,2024-11-01,324.29,426.5400655762926,27.69076980118325,391.05291618645106,462.0272149661341,0.8,18.07854166666667,
sarima_dcf,carbon,IND|delhi,India,True,rolling,2023-12-01,12,2024-12-01,192.37,423.31371690736245,28.288965089300152,387.05994940953326,459.56748440519164,0.8,18.07854166666667,
sarima_dcf,carbon,IND|gujarat,India,True,holdout,last12,1,2024-12-01,455.6,514.7316338204283,38.104776967413805,465.89839724311133,563.5648703977453,0.8,55.910508474576275,
sarima_dcf,carbon,IND|gujarat,India,True,holdout,last12,2,2025-01-01,479.02,511.2221799532016,45.01492209858659,453.5332360648897,568.9111238415135,0.8,55.910508474576275,
sarima_dcf,carbon,IND|gujarat,India,True,holdout,last12,3,2025-02-01,488.51,505.9976390731721,48.31020916993919,444.08561487964937,567.9096632666948,0.8,55.910508474576275,
sarima_dcf,carbon,IND|gujarat,India,True,holdout,last12,4,2025-03-01,448.19,496.681673522749,50.46982107979981,432.0019953051757,561.3613517403223,0.8,55.910508474576275,
sarima_dcf,carbon,IND|gujarat,India,True,holdout,last12,5,2025-04-01,451.02,500.42454071566186,52.18193857579036,433.55069564070556,567.2983857906181,0.8,55.910508474576275,
sarima_dcf,carbon,IND|gujarat,India,True,holdout,last12,6,2025-05-01,442.48,455.7859000386896,53.69045392516414,386.97881475609523,524.5929853212839,0.8,55.910508474576275,
sarima_dcf,carbon,IND|gujarat,India,True,holdout,last12,7,2025-06-01,397.66,463.8975647553026,55.09343807099344,393.2924829441865,534.5026465664188,0.8,55.910508474576275,
sarima_dcf,carbon,IND|gujarat,India,True,holdout,last12,8,2025-07-01,365.98,446.36191635948217,56.4336570125393,374.03927486565544,518.6845578533089,0.8,55.910508474576275,
sarima_dcf,carbon,IND|gujarat,India,True,holdout,last12,9,2025-08-01,349.18,425.9306651469498,57.73125113762473,351.9450898706784,499.91624042322127,0.8,55.910508474576275,
sarima_dcf,carbon,IND|gujarat,India,True,holdout,last12,10,2025-09-01,347.7,448.53495011019993,58.997025687152,372.92721947835525,524.1426807420446,0.8,55.910508474576275,
sarima_dcf,carbon,IND|gujarat,India,True,holdout,last12,11,2025-10-01,284.17,494.4466360888207,60.23848376567494,417.247912912887,571.6453592647545,0.8,55.910508474576275,
sarima_dcf,carbon,IND|gujarat,India,True,holdout,last12,12,2025-11-01,348.23,498.00654584890526,61.46280188574558,419.23879586947044,576.7742958283401,0.8,55.910508474576275,
sarima_dcf,carbon,IND|gujarat,India,True,rolling,2022-12-01,1,2023-01-01,440.37,511.49871009111064,39.618301234511996,460.7258141198042,562.271606062417,0.8,65.0888888888889,
sarima_dcf,carbon,IND|gujarat,India,True,rolling,2022-12-01,2,2023-02-01,479.11,506.58400924570947,49.17982371543968,443.5575291699803,569.6104893214386,0.8,65.0888888888889,
sarima_dcf,carbon,IND|gujarat,India,True,rolling,2022-12-01,3,2023-03-01,474.47,498.81106352607424,54.30697851659705,429.2138701881323,568.4082568640162,0.8,65.0888888888889,
sarima_dcf,carbon,IND|gujarat,India,True,rolling,2022-12-01,4,2023-04-01,522.54,493.98776097584295,57.652214363401015,420.10347540131346,567.8720465503724,0.8,65.0888888888889,
sarima_dcf,carbon,IND|gujarat,India,True,rolling,2022-12-01,5,2023-05-01,439.61,461.74313386571873,60.14431610131752,384.665091407466,538.8211763239715,0.8,65.0888888888889,
sarima_dcf,carbon,IND|gujarat,India,True,rolling,2022-12-01,6,2023-06-01,480.77,464.22480264660084,62.18500115961553,384.53151705710275,543.9180882360989,0.8,65.0888888888889,
sarima_dcf,carbon,IND|gujarat,India,True,rolling,2022-12-01,7,2023-07-01,476.76,447.19982240938776,63.969473189736,365.2196438960183,529.1800009227572,0.8,65.0888888888889,
sarima_dcf,carbon,IND|gujarat,India,True,rolling,2022-12-01,8,2023-08-01,424.99,442.92545829731057,65.60057564834263,358.8549378745501,526.9959787200711,0.8,65.0888888888889,
sarima_dcf,carbon,IND|gujarat,India,True,rolling,2022-12-01,9,2023-09-01,501.58,456.59193898722765,67.13627379410894,370.5533422015564,542.6305357728988,0.8,65.0888888888889,
sarima_dcf,carbon,IND|gujarat,India,True,rolling,2022-12-01,10,2023-10-01,572.0,479.34218661633867,68.61160230637933,391.4128802660747,567.2714929666026,0.8,65.0888888888889,
sarima_dcf,carbon,IND|gujarat,India,True,rolling,2022-12-01,11,2023-11-01,535.35,487.4551298209494,70.04927980982812,397.6833656153924,577.2268940265064,0.8,65.0888888888889,
sarima_dcf,carbon,IND|gujarat,India,True,rolling,2022-12-01,12,2023-12-01,501.14,480.6436212168563,71.46364887116574,389.0592701264842,572.2279723072284,0.8,65.0888888888889,
sarima_dcf,carbon,IND|gujarat,India,True,rolling,2023-12-01,1,2024-01-01,556.03,496.13950475932467,39.08789732557585,446.0463487478863,546.232660770763,0.8,59.99875,
sarima_dcf,carbon,IND|gujarat,India,True,rolling,2023-12-01,2,2024-02-01,519.3,498.78425240241216,47.16305841253125,438.3423610579613,559.226143746863,0.8,59.99875,
sarima_dcf,carbon,IND|gujarat,India,True,rolling,2023-12-01,3,2024-03-01,508.49,491.85632906570913,51.17078659460995,426.2783273952381,557.4343307361802,0.8,59.99875,
sarima_dcf,carbon,IND|gujarat,India,True,rolling,2023-12-01,4,2024-04-01,524.9,494.3918069397949,53.73124352653852,425.53244767970125,563.2511661998885,0.8,59.99875,
sarima_dcf,carbon,IND|gujarat,India,True,rolling,2023-12-01,5,2024-05-01,489.45,451.95584079222124,55.66810497653339,380.6142937086437,523.2973878757988,0.8,59.99875,
sarima_dcf,carbon,IND|gujarat,India,True,rolling,2023-12-01,6,2024-06-01,493.73,460.2193378162477,57.302835379698294,386.7827994252508,533.6558762072445,0.8,59.99875,
sarima_dcf,carbon,IND|gujarat,India,True,rolling,2023-12-01,7,2024-07-01,483.12,443.08059015389284,58.77746375990739,367.7542394536425,518.4069408541432,0.8,59.99875,
sarima_dcf,carbon,IND|gujarat,India,True,rolling,2023-12-01,8,2024-08-01,404.63,431.9776020465344,60.16037605370059,354.8789779311625,509.0762261619063,0.8,59.99875,
sarima_dcf,carbon,IND|gujarat,India,True,rolling,2023-12-01,9,2024-09-01,407.34,455.7801234982235,61.487261534250756,376.98102721795414,534.5792197784929,0.8,59.99875,
sarima_dcf,carbon,IND|gujarat,India,True,rolling,2023-12-01,10,2024-10-01,533.83,487.6527882283716,62.77902636677278,407.19822870466817,568.107347752075,0.8,59.99875,
sarima_dcf,carbon,IND|gujarat,India,True,rolling,2023-12-01,11,2024-11-01,539.97,490.7584960530788,64.05006089102933,408.67504024495315,572.8419518612044,0.8,59.99875,
sarima_dcf,carbon,IND|gujarat,India,True,rolling,2023-12-01,12,2024-12-01,455.6,479.60229779012536,65.31011061358247,395.90402328739776,563.300572292853,0.8,59.99875,
sarima_dcf,carbon,IND|karnataka,India,True,holdout,last12,1,2024-12-01,413.15,380.57834350326794,53.43078170470888,312.1040415613265,449.0526454452094,0.8,67.29084745762714,
sarima_dcf,carbon,IND|karnataka,India,True,holdout,last12,2,2025-01-01,398.82,403.18579871742173,72.98299281461411,309.6543300177227,496.71726741712075,0.8,67.29084745762714,
sarima_dcf,carbon,IND|karnataka,India,True,holdout,last12,3,2025-02-01,414.87,409.31279329480157,89.87381161489917,294.1348693182671,524.490717271336,0.8,67.29084745762714,
sarima_dcf,carbon,IND|karnataka,India,True,holdout,last12,4,2025-03-01,434.13,423.2890617437627,102.9175936663374,291.39485845858496,555.1832650289405,0.8,67.29084745762714,
sarima_dcf,carbon,IND|karnataka,India,True,holdout,last12,5,2025-04-01,426.0,423.3060338888761,115.2901227527435,275.5557965832685,571.0562711944837,0.8,67.29084745762714,
sarima_dcf,carbon,IND|karnataka,India,True,holdout,last12,6,2025-05-01,364.92,380.56231749243426,125.8783251534571,219.24275282388908,541.8818821609794,0.8,67.29084745762714,
sarima_dcf,carbon,IND|karnataka,India,True,holdout,last12,7,2025-06-01,252.32,357.16992832221007,136.06475336198065,182.79593063572383,531.5439260086963,0.8,67.29084745762714,
sarima_dcf,carbon,IND|karnataka,India,True,holdout,last12,8,2025-07-01,247.33,313.5084875703106,145.2291384273337,127.38985785606761,499.6271172845536,0.8,67.29084745762714,
sarima_dcf,carbon,IND|karnataka,India,True,holdout,last12,9,2025-08-01,261.48,312.1733554778155,154.0784445673603,114.71388362583801,509.63282732979303,0.8,67.29084745762714,
sarima_dcf,carbon,IND|karnataka,India,True,holdout,last12,10,2025-09-01,293.28,322.55434108839427,162.27560818118673,114.58978137409227,530.5189008026963,0.8,67.29084745762714,
sarima_dcf,carbon,IND|karnataka,India,True,holdout,last12,11,2025-10-01,360.9,353.914523883297,170.20492050891127,135.78814154170752,572.0409062248865,0.8,67.29084745762714,
sarima_dcf,carbon,IND|karnataka,India,True,holdout,last12,12,2025-11-01,391.72,362.01033897005976,177.68703761975127,134.29523773148523,589.7254402086343,0.8,67.29084745762714,
sarima_dcf,carbon,IND|karnataka,India,True,rolling,2022-12-01,1,2023-01-01,398.07,378.02094364247466,56.405006644305466,305.7350190729114,450.3068682120379,0.8,75.85472222222224,
sarima_dcf,carbon,IND|karnataka,India,True,rolling,2022-12-01,2,2023-02-01,422.54,373.0330495600131,70.81354804228681,282.2818362046527,463.7842629153736,0.8,75.85472222222224,
sarima_dcf,carbon,IND|karnataka,India,True,rolling,2022-12-01,3,2023-03-01,410.35,394.76063673007087,78.1299988582474,294.6330143772861,494.88825908285565,0.8,75.85472222222224,
sarima_dcf,carbon,IND|karnataka,India,True,rolling,2022-12-01,4,2023-04-01,427.9,377.7768705724172,82.21495988060697,272.4141600262388,483.1395811185956,0.8,75.85472222222224,
sarima_dcf,carbon,IND|karnataka,India,True,rolling,2022-12-01,5,2023-05-01,422.54,324.5612181661751,84.60586361828567,216.13444119190814,432.987995140442,0.8,75.85472222222224,
sarima_dcf,carbon,IND|karnataka,India,True,rolling,2022-12-01,6,2023-06-01,417.43,288.9141270575433,86.04952643782971,178.63722173677115,399.1910323783154,0.8,75.85472222222224,
sarima_dcf,carbon,IND|karnataka,India,True,rolling,2022-12-01,7,2023-07-01,315.29,267.57359766672937,86.94085710814511,156.1544061299966,378.99278920346217,0.8,75.85472222222224,
sarima_dcf,carbon,IND|karnataka,India,True,rolling,2022-12-01,8,2023-08-01,322.74,258.9575811101777,87.497073122381,146.82557006961997,371.0895921507355,0.8,75.85472222222224,
sarima_dcf,carbon,IND|karnataka,India,True,rolling,2022-12-01,9,2023-09-01,393.42,269.2820418633788,87.83840655542292,156.7125944273335,381.85148929942414,0.8,75.85472222222224,
sarima_dcf,carbon,IND|karnataka,India,True,rolling,2022-12-01,10,2023-10-01,461.97,284.2345525049184,88.02802549158467,171.42209862437807,397.0470063854587,0.8,75.85472222222224,
sarima_dcf,carbon,IND|karnataka,India,True,rolling,2022-12-01,11,2023-11-01,443.41,302.81730086383857,88.09125621669261,189.92381354854564,415.7107881791315,0.8,75.85472222222224,
sarima_dcf,carbon,IND|karnataka,India,True,rolling,2022-12-01,12,2023-12-01,438.27,328.2934779454865,88.02234235321389,215.48830729982245,441.0986485911505,0.8,75.85472222222224,
sarima_dcf,carbon,IND|karnataka,India,True,rolling,2023-12-01,1,2024-01-01,468.91,445.0992986764657,55.03155651873473,374.5735212655251,515.6250760874063,0.8,71.31375000000001,
sarima_dcf,carbon,IND|karnataka,India,True,rolling,2023-12-01,2,2024-02-01,449.54,438.44882713476926,70.47409148734897,348.1326448588238,528.7650094107147,0.8,71.31375000000001,
sarima_dcf,carbon,IND|karnataka,India,True,rolling,2023-12-01,3,2024-03-01,468.52,436.4039750337573,78.94381939048921,335.2333997038057,537.5745503637089,0.8,71.31375000000001,
sarima_dcf,carbon,IND|karnataka,India,True,rolling,2023-12-01,4,2024-04-01,482.56,432.0899213567554,84.12755886960682,324.27611658196525,539.9037261315456,0.8,71.31375000000001,
sarima_dcf,carbon,IND|karnataka,India,True,rolling,2023-12-01,5,2024-05-01,439.63,402.16483441935884,87.50444923471058,290.0233705104975,514.3062983282202,0.8,71.31375000000001,
sarima_dcf,carbon,IND|karnataka,India,True,rolling,2023-12-01,6,2024-06-01,411.33,388.11883437847257,89.81217443133298,273.01990163103306,503.2177671259121,0.8,71.31375000000001,
sarima_dcf,carbon,IND|karnataka,India,True,rolling,2023-12-01,7,2024-07-01,313.17,345.6701934439619,91.4576449468397,228.4625053813173,462.8778815066065,0.8,71.31375000000001,
sarima_dcf,carbon,IND|karnataka,India,True,rolling,2023-12-01,8,2024-08-01,312.36,347.46358900623534,92.67887083955229,228.6908369889013,466.23634102356937,0.8,71.31375000000001,
sarima_dcf,carbon,IND|karnataka,India,True,rolling,2023-12-01,9,2024-09-01,277.98,367.262689553007,93.6207468172077,247.28287490195981,487.2425042040542,0.8,71.31375000000001,
sarima_dcf,carbon,IND|karnataka,India,True,rolling,2023-12-01,10,2024-10-01,366.13,383.21885629619044,94.37423809227809,262.2734037219526,504.1643088704283,0.8,71.31375000000001,
sarima_dcf,carbon,IND|karnataka,India,True,rolling,2023-12-01,11,2024-11-01,353.95,389.2068882246503,94.99793426994141,267.46213683750386,510.95163961179674,0.8,71.31375000000001,
sarima_dcf,carbon,IND|karnataka,India,True,rolling,2023-12-01,12,2024-12-01,413.15,396.1120427014591,95.53039664153485,273.68491332840347,518.5391720745147,0.8,71.31375000000001,
sarima_dcf,carbon,IND|kerala,India,False,holdout,last12,1,2024-12-01,29.96,28.15838652078366,6.986768062558669,19.204482972114583,37.11229006945274,0.8,3.834067796610169,
sarima_dcf,carbon,IND|kerala,India,False,holdout,last12,2,2025-01-01,30.06,28.1743861680663,6.99564397492412,19.20910768000964,37.13966465612296,0.8,3.834067796610169,
sarima_dcf,carbon,IND|kerala,India,False,holdout,last12,3,2025-02-01,30.26,28.136279104446455,6.9971373213221435,19.16908681597551,37.1034713929174,0.8,3.834067796610169,
sarima_dcf,carbon,IND|kerala,India,False,holdout,last12,4,2025-03-01,30.12,28.220630694656023,6.998495853359385,19.25169737732591,37.189564011986135,0.8,3.834067796610169,
sarima_dcf,carbon,IND|kerala,India,False,holdout,last12,5,2025-04-01,30.6,28.091548292367108,6.999850196296749,19.12087931472533,37.06221727000889,0.8,3.834067796610169,
sarima_dcf,carbon,IND|kerala,India,False,holdout,last12,6,2025-05-01,28.42,28.152852224672937,7.0012041605453375,19.18044807202869,37.125256377317186,0.8,3.834067796610169,
sarima_dcf,carbon,IND|kerala,India,False,holdout,last12,7,2025-06-01,26.6,28.208007794990866,7.002557859529889,19.23386880729369,37.182146782688044,0.8,3.834067796610169,
sarima_dcf,carbon,IND|kerala,India,False,holdout,last12,8,2025-07-01,26.22,28.30313777620147,7.003911296771537,19.327264288888394,37.27901126351455,0.8,3.834067796610169,
sarima_dcf,carbon,IND|kerala,India,False,holdout,last12,9,2025-08-01,26.38,28.29234516256598,7.005264472522195,19.314737510751193,37.269952814380765,0.8,3.834067796610169,
sarima_dcf,carbon,IND|kerala,India,False,holdout,last12,10,2025-09-01,27.61,28.301756598441766,7.006617386937826,19.32241511703958,37.28109807984396,0.8,3.834067796610169,
sarima_dcf,carbon,IND|kerala,India,False,holdout,last12,11,2025-10-01,27.83,28.224457935212126,7.007970040219542,19.243382958879117,37.205532911545134,0.8,3.834067796610169,
sarima_dcf,carbon,IND|kerala,India,False,holdout,last12,12,2025-11-01,29.48,28.234799917097572,7.0093224341876565,19.25199177815749,37.217608056037655,0.8,3.834067796610169,
sarima_dcf,carbon,IND|kerala,India,False,rolling,2023-12-01,1,2024-01-01,30.85,27.510456586374268,7.514096247674511,17.88075477651419,37.14015839623434,0.8,4.3133333333333335,
sarima_dcf,carbon,IND|kerala,India,False,rolling,2023-12-01,2,2024-02-01,30.88,27.727109468868594,7.517241808095667,18.09337646112627,37.36084247661092,0.8,4.3133333333333335,
sarima_dcf,carbon,IND|kerala,India,False,rolling,2023-12-01,3,2024-03-01,30.69,25.461011904945117,7.517277827200492,15.827232736862614,35.09479107302762,0.8,4.3133333333333335,
sarima_dcf,carbon,IND|kerala,India,False,rolling,2023-12-01,4,2024-04-01,32.52,27.509714850021975,7.517278506451229,17.87593481144463,37.14349488859932,0.8,4.3133333333333335,
sarima_dcf,carbon,IND|kerala,India,False,rolling,2023-12-01,5,2024-05-01,30.45,27.583658490583336,7.517278595872356,17.9498783374082,37.21743864375847,0.8,4.3133333333333335,
sarima_dcf,carbon,IND|kerala,India,False,rolling,2023-12-01,6,2024-06-01,29.17,27.79474265021867,7.517278675370218,18.160962395162926,37.42852290527441,0.8,4.3133333333333335,
sarima_dcf,carbon,IND|kerala,India,False,rolling,2023-12-01,7,2024-07-01,26.05,27.893688437122123,7.51727875470099,18.259908080399903,37.52746879384434,0.8,4.3133333333333335,
sarima_dcf,carbon,IND|kerala,India,False,rolling,2023-12-01,8,2024-08-01,26.17,27.848610983007703,7.517278834022951,18.2148305246303,37.482391441385104,0.8,4.3133333333333335,
sarima_dcf,carbon,IND|kerala,India,False,rolling,2023-12-01,9,2024-09-01,27.14,27.62368880125764,7.517278912990203,17.989908241679636,37.25746936083564,0.8,4.3133333333333335,
sarima_dcf,carbon,IND|kerala,India,False,rolling,2023-12-01,10,2024-10-01,28.65,27.745082160086177,7.517278970881498,18.11130152631749,37.378862793854864,0.8,4.3133333333333335,
sarima_dcf,carbon,IND|kerala,India,False,rolling,2023-12-01,11,2024-11-01,28.95,27.726567694762632,7.517277775772809,18.092788592587357,37.360346796937904,0.8,4.3133333333333335,
sarima_dcf,carbon,IND|kerala,India,False,rolling,2023-12-01,12,2024-12-01,29.96,27.908687689994903,7.517200578348286,18.27500752029988,37.542367859689925,0.8,4.3133333333333335,
sarima_dcf,carbon,IND|maharashtra,India,True,holdout,last12,1,2024-12-01,659.36,671.7657512854303,24.697733785873115,640.1143318867408,703.4171706841197,0.8,23.36322033898304,
sarima_dcf,carbon,IND|maharashtra,India,True,holdout,last12,2,2025-01-01,668.96,678.7676131404265,26.876973161550165,644.3233861081417,713.2118401727114,0.8,23.36322033898304,
sarima_dcf,carbon,IND|maharashtra,India,True,holdout,last12,3,2025-02-01,677.2,678.8867580197473,27.410948925718074,643.7582135109302,714.0153025285643,0.8,23.36322033898304,
sarima_dcf,carbon,IND|maharashtra,India,True,holdout,last12,4,2025-03-01,663.44,673.3054422714241,27.608092075208962,637.9242486507405,708.6866358921077,0.8,23.36322033898304,
sarima_dcf,carbon,IND|maharashtra,India,True,holdout,last12,5,2025-04-01,654.09,666.2387829194519,27.71780406724375,630.7169877236172,701.7605781152865,0.8,23.36322033898304,
sarima_dcf,carbon,IND|maharashtra,India,True,holdout,last12,6,2025-05-01,655.89,652.3450662131719,27.79992162294369,616.7180331352712,687.9720992910726,0.8,23.36322033898304,
sarima_dcf,carbon,IND|maharashtra,India,True,holdout,last12,7,2025-06-01,632.08,655.0384537162543,27.87228060772822,619.3186888681217,690.7582185643868,0.8,23.36322033898304,
sarima_dcf,carbon,IND|maharashtra,India,True,holdout,last12,8,2025-07-01,610.57,637.110535776821,27.941062366452343,601.3026235581148,672.9184479955273,0.8,23.36322033898304,
sarima_dcf,carbon,IND|maharashtra,India,True,holdout,last12,9,2025-08-01,633.35,631.8650246963005,28.008752626175585,595.9703639192737,667.7596854733272,0.8,23.36322033898304,
sarima_dcf,carbon,IND|maharashtra,India,True,holdout,last12,10,2025-09-01,646.63,660.4255175919648,28.076840119113744,624.4435991817691,696.4074360021605,0.8,23.36322033898304,
sarima_dcf,carbon,IND|maharashtra,India,True,holdout,last12,11,2025-10-01,658.41,680.1508303950967,28.147172176795443,644.0787778262711,716.2228829639223,0.8,23.36322033898304,
sarima_dcf,carbon,IND|maharashtra,India,True,holdout,last12,12,2025-11-01,650.39,678.7210934897298,28.222809118815398,642.5521082794455,714.8900787000141,0.8,23.36322033898304,
sarima_dcf,carbon,IND|maharashtra,India,True,rolling,2022-12-01,1,2023-01-01,665.68,667.2950559203329,29.913001308180974,628.9600022636959,705.6301095769699,0.8,30.15888888888887,
sarima_dcf,carbon,IND|maharashtra,India,True,rolling,2022-12-01,2,2023-02-01,670.14,659.0740156222529,33.222370183267195,616.4978351027846,701.6501961417212,0.8,30.15888888888887,
sarima_dcf,carbon,IND|maharashtra,India,True,rolling,2022-12-01,3,2023-03-01,686.55,651.4868014539082,33.989848837212776,607.9270574639539,695.0465454438626,0.8,30.15888888888887,
sarima_dcf,carbon,IND|maharashtra,India,True,rolling,2022-12-01,4,2023-04-01,692.46,642.8064777314502,34.19123812746047,598.988642981295,686.6243124816053,0.8,30.15888888888887,
sarima_dcf,carbon,IND|maharashtra,India,True,rolling,2022-12-01,5,2023-05-01,655.51,636.1448213460728,34.25096592276094,592.2504423463438,680.0392003458019,0.8,30.15888888888887,
sarima_dcf,carbon,IND|maharashtra,India,True,rolling,2022-12-01,6,2023-06-01,650.02,638.1679545921203,34.27117627677277,594.2476749815671,682.0882342026734,0.8,30.15888888888887,
sarima_dcf,carbon,IND|maharashtra,India,True,rolling,2022-12-01,7,2023-07-01,620.78,629.9613283843646,34.27860917987393,586.0315231252057,673.8911336435235,0.8,30.15888888888887,
sarima_dcf,carbon,IND|maharashtra,India,True,rolling,2022-12-01,8,2023-08-01,627.61,623.400901726581,34.28081760960431,579.4682662508436,667.3335372023183,0.8,30.15888888888887,
sarima_dcf,carbon,IND|maharashtra,India,True,rolling,2022-12-01,9,2023-09-01,654.8,644.1861804558863,34.27956254813086,600.2551534061452,688.1172075056274,0.8,30.15888888888887,
sarima_dcf,carbon,IND|maharashtra,India,True,rolling,2022-12-01,10,2023-10-01,683.54,656.5512723038656,34.273487111447885,612.6280312395169,700.4745133682144,0.8,30.15888888888887,
sarima_dcf,carbon,IND|maharashtra,India,True,rolling,2022-12-01,11,2023-11-01,677.09,655.279077103771,34.25603075973159,611.378207254293,699.179946953249,0.8,30.15888888888887,
sarima_dcf,carbon,IND|maharashtra,India,True,rolling,2022-12-01,12,2023-12-01,674.03,654.3250145561047,34.203910262348934,610.4909398116445,698.159089300565,0.8,30.15888888888887,
sarima_dcf,carbon,IND|maharashtra,India,True,rolling,2023-12-01,1,2024-01-01,679.0,668.9133095131563,27.513151811866376,633.6537867355927,704.1728322907198,0.8,25.964791666666656,
sarima_dcf,carbon,IND|maharashtra,India,True,rolling,2023-12-01,2,2024-02-01,692.64,662.6188360261311,30.778634313041515,623.174429036928,702.0632430153343,0.8,25.964791666666656,
sarima_dcf,carbon,IND|maharashtra,India,True,rolling,2023-12-01,3,2024-03-01,672.5,657.528900159125,31.578358796354102,617.0596050063283,697.9981953119217,0.8,25.964791666666656,
sarima_dcf,carbon,IND|maharashtra,India,True,rolling,2023-12-01,4,2024-04-01,673.95,649.7893418428337,31.795437590882937,609.041849021062,690.5368346646053,0.8,25.964791666666656,
sarima_dcf,carbon,IND|maharashtra,India,True,rolling,2023-12-01,5,2024-05-01,652.29,639.1969357007516,31.860321625134034,598.3662906433066,680.0275807581967,0.8,25.964791666666656,
sarima_dcf,carbon,IND|maharashtra,India,True,rolling,2023-12-01,6,2024-06-01,658.94,640.6104679586153,31.88220892924104,599.7517731923265,681.4691627249042,0.8,25.964791666666656,
sarima_dcf,carbon,IND|maharashtra,India,True,rolling,2023-12-01,7,2024-07-01,615.31,629.2640997775361,31.890541405405163,588.3947265133742,670.133473041698,0.8,25.964791666666656,
sarima_dcf,carbon,IND|maharashtra,India,True,rolling,2023-12-01,8,2024-08-01,623.1,623.489359898418,31.893697607495778,582.6159417985257,664.3627779983103,0.8,25.964791666666656,
sarima_dcf,carbon,IND|maharashtra,India,True,rolling,2023-12-01,9,2024-09-01,642.54,647.0445300774855,31.89380497645512,606.1709743787353,687.9180857762358,0.8,25.964791666666656,
sarima_dcf,carbon,IND|maharashtra,India,True,rolling,2023-12-01,10,2024-10-01,663.07,662.4571025488104,31.890017013061502,621.5884013204775,703.3258037771434,0.8,25.964791666666656,
sarima_dcf,carbon,IND|maharashtra,India,True,rolling,2023-12-01,11,2024-11-01,668.2,660.4344880793101,31.877005656143055,619.5824615758058,701.2865145828143,0.8,25.964791666666656,
sarima_dcf,carbon,IND|maharashtra,India,True,rolling,2023-12-01,12,2024-12-01,659.36,659.0478365757756,31.835412995231398,618.2491132119778,699.8465599395734,0.8,25.964791666666656,
sarima_dcf,carbon,IND|odisha,India,True,holdout,last12,1,2024-12-01,777.49,771.1459305887076,19.250604138509264,746.4752887173217,795.8165724600935,0.8,19.652372881355937,
sarima_dcf,carbon,IND|odisha,India,True,holdout,last12,2,2025-01-01,764.78,763.3580032173942,22.413052970198468,734.6345200948023,792.0814863399861,0.8,19.652372881355937,
sarima_dcf,carbon,IND|odisha,India,True,holdout,last12,3,2025-02-01,754.79,761.4553883454346,23.684168805085026,731.1029047346553,791.8078719562138,0.8,19.652372881355937,
sarima_dcf,carbon,IND|odisha,India,True,holdout,last12,4,2025-03-01,759.38,763.019142463069,24.369413345049274,731.7884826393176,794.2498022868203,0.8,19.652372881355937,
sarima_dcf,carbon,IND|odisha,India,True,holdout,last12,5,2025-04-01,758.35,753.0135265243654,24.831806557358206,721.1902859554823,784.8367670932485,0.8,19.652372881355937,
sarima_dcf,carbon,IND|odisha,India,True,holdout,last12,6,2025-05-01,768.82,757.3089181110394,25.19819527610716,725.0161315060457,789.601704716033,0.8,19.652372881355937,
sarima_dcf,carbon,IND|odisha,India,True,holdout,last12,7,2025-06-01,750.02,759.2439433680166,25.519562999787695,726.5393074536247,791.9485792824086,0.8,19.652372881355937,
sarima_dcf,carbon,IND|odisha,India,True,holdout,last12,8,2025-07-01,694.51,739.7383625189304,25.818582236642076,706.6505180334198,772.8262070044411,0.8,19.652372881355937,
sarima_dcf,carbon,IND|odisha,India,True,holdout,last12,9,2025-08-01,697.64,707.0697931338281,26.106299669690927,673.6132239215592,740.5263623460969,0.8,19.652372881355937,
sarima_dcf,carbon,IND|odisha,India,True,holdout,last12,10,2025-09-01,673.11,712.8364181801905,26.38893347338264,679.0176391743247,746.6551971860564,0.8,19.652372881355937,
sarima_dcf,carbon,IND|odisha,India,True,holdout,last12,11,2025-10-01,671.94,715.7775030804355,26.671047000295015,681.5971810424938,749.9578251183772,0.8,19.652372881355937,
sarima_dcf,carbon,IND|odisha,India,True,holdout,last12,12,2025-11-01,745.33,760.1821030393421,26.95687534571034,725.6354772378564,794.7287288408278,0.8,19.652372881355937,
sarima_dcf,carbon,IND|odisha,India,True,rolling,2022-12-01,1,2023-01-01,764.6,774.1079072284201,22.714197111961347,744.9984923594974,803.2173220973428,0.8,22.486666666666665,
sarima_dcf,carbon,IND|odisha,India,True,rolling,2022-12-01,2,2023-02-01,760.88,770.6107416009631,26.39234259442639,736.7875936306866,804.4338895712397,0.8,22.486666666666665,
sarima_dcf,carbon,IND|odisha,India,True,rolling,2022-12-01,3,2023-03-01,771.04,767.9419191742174,27.851273883865268,732.2490755259385,803.6347628224964,0.8,22.486666666666665,
sarima_dcf,carbon,IND|odisha,India,True,rolling,2022-12-01,4,2023-04-01,760.46,757.6062597421808,28.609557518423127,720.9416365149074,794.2708829694542,0.8,22.486666666666665,
sarima_dcf,carbon,IND|odisha,India,True,rolling,2022-12-01,5,2023-05-01,758.97,761.8515765431926,29.100142415784852,724.5582434726726,799.1449096137125,0.8,22.486666666666665,
sarima_dcf,carbon,IND|odisha,India,True,rolling,2022-12-01,6,2023-06-01,750.29,767.2514328781585,29.475669326189927,729.4768427077049,805.0260230486122,0.8,22.486666666666665,
sarima_dcf,carbon,IND|odisha,India,True,rolling,2022-12-01,7,2023-07-01,705.04,752.6942838058349,29.798311042508676,714.5062116387229,790.8823559729468,0.8,22.486666666666665,
sarima_dcf,carbon,IND|odisha,India,True,rolling,2022-12-01,8,2023-08-01,674.37,719.4868368042479,30.0967583783347,680.9162889866755,758.0573846218203,0.8,22.486666666666665,
sarima_dcf,carbon,IND|odisha,India,True,rolling,2022-12-01,9,2023-09-01,710.02,725.3553456870203,30.3865755862038,686.4133821729815,764.2973092010591,0.8,22.486666666666665,
sarima_dcf,carbon,IND|odisha,India,True,rolling,2022-12-01,10,2023-10-01,707.03,728.9888979465378,30.67879192573632,689.6724441250934,768.3053517679822,0.8,22.486666666666665,
sarima_dcf,carbon,IND|odisha,India,True,rolling,2022-12-01,11,2023-11-01,761.34,767.5142301841599,30.983432183235834,727.8073641637891,807.2210962045308,0.8,22.486666666666665,
sarima_dcf,carbon,IND|odisha,India,True,rolling,2022-12-01,12,2023-12-01,773.92,788.4041321991078,31.306230016681738,748.28358410993,828.5246802882857,0.8,22.486666666666665,
sarima_dcf,carbon,IND|odisha,India,True,rolling,2023-12-01,1,2024-01-01,752.72,768.6542830499947,20.60770236584764,742.2444498207655,795.0641162792239,0.8,20.617916666666666,
sarima_dcf,carbon,IND|odisha,India,True,rolling,2023-12-01,2,2024-02-01,750.78,766.7406186201555,24.05741351104655,735.90980267212,797.571434568191,0.8,20.617916666666666,
sarima_dcf,carbon,IND|odisha,India,True,rolling,2023-12-01,3,2024-03-01,759.22,767.092636016631,25.426742438959767,734.5069544372827,799.6783175959793,0.8,20.617916666666666,
sarima_dcf,carbon,IND|odisha,India,True,rolling,2023-12-01,4,2024-04-01,750.9,756.8554379544837,26.126383763892072,723.3731299398488,790.3377459691186,0.8,20.617916666666666,
sarima_dcf,carbon,IND|odisha,India,True,rolling,2023-12-01,5,2024-05-01,759.04,760.4657046150952,26.56667398402671,726.4191419795528,794.5122672506376,0.8,20.617916666666666,
sarima_dcf,carbon,IND|odisha,India,True,rolling,2023-12-01,6,2024-06-01,753.44,763.7453443527463,26.89418311414328,729.2790618787728,798.2116268267198,0.8,20.617916666666666,
sarima_dcf,carbon,IND|odisha,India,True,rolling,2023-12-01,7,2024-07-01,738.74,743.5352852109748,27.169094474536216,708.7166896527038,778.3538807692458,0.8,20.617916666666666,
sarima_dcf,carbon,IND|odisha,India,True,rolling,2023-12-01,8,2024-08-01,713.39,709.6946321190175,27.419272437461707,674.5554206006944,744.8338436373405,0.8,20.617916666666666,
sarima_dcf,carbon,IND|odisha,India,True,rolling,2023-12-01,9,2024-09-01,687.91,720.9238178741675,27.659576496982435,685.476644312159,756.370991436176,0.8,20.617916666666666,
sarima_dcf,carbon,IND|odisha,India,True,rolling,2023-12-01,10,2024-10-01,692.75,723.5372464665002,27.89982750786887,687.7821788453665,759.2923140876338,0.8,20.617916666666666,
sarima_dcf,carbon,IND|odisha,India,True,rolling,2023-12-01,11,2024-11-01,747.2,765.9860562618438,28.147956803203236,729.912998153817,802.0591143698707,0.8,20.617916666666666,
sarima_dcf,carbon,IND|odisha,India,True,rolling,2023-12-01,12,2024-12-01,777.49,786.0220904327227,28.40775200784951,749.6160913734604,822.428089491985,0.8,20.617916666666666,
sarima_dcf,carbon,IND|rajasthan,India,False,holdout,last12,1,2024-12-01,441.25,449.4318326389503,25.920445518044307,416.21344510568713,482.6502201722135,0.8,37.943050847457634,
sarima_dcf,carbon,IND|rajasthan,India,False,holdout,last12,2,2025-01-01,456.82,452.8304565191357,32.45561473697294,411.2369126422556,494.42400039601574,0.8,37.943050847457634,
sarima_dcf,carbon,IND|rajasthan,India,False,holdout,last12,3,2025-02-01,459.85,444.17677376448296,35.87619245927847,398.19958315251523,490.1539643764507,0.8,37.943050847457634,
sarima_dcf,carbon,IND|rajasthan,India,False,holdout,last12,4,2025-03-01,397.78,423.536901831104,38.010299267929035,374.8247432974708,472.2490603647372,0.8,37.943050847457634,
sarima_dcf,carbon,IND|rajasthan,India,False,holdout,last12,5,2025-04-01,373.59,408.425064436396,39.50361786709669,357.79914111414257,459.0509877586494,0.8,37.943050847457634,
sarima_dcf,carbon,IND|rajasthan,India,False,holdout,last12,6,2025-05-01,356.79,398.0843954585262,40.647778438538914,345.9921713647066,450.1766195523458,0.8,37.943050847457634,
sarima_dcf,carbon,IND|rajasthan,India,False,holdout,last12,7,2025-06-01,343.2,396.84103887106977,41.58974372138128,343.5416376943349,450.14044004780465,0.8,37.943050847457634,
sarima_dcf,carbon,IND|rajasthan,India,False,holdout,last12,8,2025-07-01,339.63,402.9824570927226,42.40938892452844,348.6326383227033,457.3322758627419,0.8,37.943050847457634,
sarima_dcf,carbon,IND|rajasthan,India,False,holdout,last12,9,2025-08-01,340.29,401.2081855644717,43.15279678779641,345.9056512834432,456.5107198455002,0.8,37.943050847457634,
sarima_dcf,carbon,IND|rajasthan,India,False,holdout,last12,10,2025-09-01,340.71,416.272301370907,43.847973115794424,360.07886277840305,472.4657399634109,0.8,37.943050847457634,
sarima_dcf,carbon,IND|rajasthan,India,False,holdout,last12,11,2025-10-01,363.5,418.0658086364005,44.512756679647445,361.02041562689243,475.1112016459086,0.8,37.943050847457634,
sarima_dcf,carbon,IND|rajasthan,India,False,holdout,last12,12,2025-11-01,400.53,433.92158336057577,45.15880546995277,376.0482455124337,491.7949212087178,0.8,37.943050847457634,
sarima_dcf,carbon,IND|rajasthan,India,False,rolling,2022-12-01,1,2023-01-01,475.46,476.6500748995167,30.465332326767655,437.6071805613111,515.6929692377223,0.8,46.550833333333344,
sarima_dcf,carbon,IND|rajasthan,India,False,rolling,2022-12-01,2,2023-02-01,474.78,468.36906694786984,44.27189534287906,411.6323501615765,525.1057837341632,0.8,46.550833333333344,
sarima_dcf,carbon,IND|rajasthan,India,False,rolling,2022-12-01,3,2023-03-01,444.97,466.43737655306677,54.50451375924875,396.5870316156543,536.2877214904793,0.8,46.550833333333344,
sarima_dcf,carbon,IND|rajasthan,India,False,rolling,2022-12-01,4,2023-04-01,424.56,459.52959980721016,63.13183583992309,378.622896750852,540.4363028635684,0.8,46.550833333333344,
sarima_dcf,carbon,IND|rajasthan,India,False,rolling,2022-12-01,5,2023-05-01,424.56,459.7184653656173,70.70854111622296,369.101823800747,550.3351069304875,0.8,46.550833333333344,
sarima_dcf,carbon,IND|rajasthan,India,False,rolling,2022-12-01,6,2023-06-01,425.41,468.64027626685623,77.54951946576679,369.25656818827133,568.0239843454411,0.8,46.550833333333344,
sarima_dcf,carbon,IND|rajasthan,India,False,rolling,2022-12-01,7,2023-07-01,422.12,472.7573298595735,83.83392159023009,365.31983639987084,580.1948233192761,0.8,46.550833333333344,
sarima_dcf,carbon,IND|rajasthan,India,False,rolling,2022-12-01,8,2023-08-01,423.75,466.30272737702137,89.6790448378404,351.3744070685426,581.2310476855001,0.8,46.550833333333344,
sarima_dcf,carbon,IND|rajasthan,India,False,rolling,2022-12-01,9,2023-09-01,451.4,466.6166251369361,95.1658270439097,344.6567105024669,588.5765397714052,0.8,46.550833333333344,
sarima_dcf,carbon,IND|rajasthan,India,False,rolling,2022-12-01,10,2023-10-01,470.33,466.43628278047066,100.35306602382639,337.8286539104353,595.0439116505061,0.8,46.550833333333344,
sarima_dcf,carbon,IND|rajasthan,India,False,rolling,2022-12-01,11,2023-11-01,482.75,470.6230058463503,105.28506040552423,335.69477185519287,605.5512398375076,0.8,46.550833333333344,
sarima_dcf,carbon,IND|rajasthan,India,False,rolling,2022-12-01,12,2023-12-01,459.49,469.32625320136805,109.99606922487814,328.3606184824732,610.2918879202629,0.8,46.550833333333344,
sarima_dcf,carbon,IND|rajasthan,India,False,rolling,2023-12-01,1,2024-01-01,503.74,464.9591624025808,27.616810918637523,429.56679513445164,500.3515296707099,0.8,42.23916666666667,
sarima_dcf,carbon,IND|rajasthan,India,False,rolling,2023-12-01,2,2024-02-01,453.49,471.99246601611696,40.6148623427592,419.9424255963755,524.0425064358585,0.8,42.23916666666667,
sarima_dcf,carbon,IND|rajasthan,India,False,rolling,2023-12-01,3,2024-03-01,437.24,465.76555177907596,50.22669848942047,401.39744769782254,530.1336558603293,0.8,42.23916666666667,
sarima_dcf,carbon,IND|rajasthan,India,False,rolling,2023-12-01,4,2024-04-01,450.63,469.72791587033174,58.28599993624103,395.03140140270955,544.4244303379539,0.8,42.23916666666667,
sarima_dcf,carbon,IND|rajasthan,India,False,rolling,2023-12-01,5,2024-05-01,422.24,460.7470821740544,65.35789600796177,376.98756822434984,544.506596123759,0.8,42.23916666666667,
sarima_dcf,carbon,IND|rajasthan,India,False,rolling,2023-12-01,6,2024-06-01,427.79,450.7368163462758,71.73608212260528,358.803327996015,542.6703046965366,0.8,42.23916666666667,
sarima_dcf,carbon,IND|rajasthan,India,False,rolling,2023-12-01,7,2024-07-01,422.85,442.762373865631,77.59171965739128,343.3245840654034,542.2001636658586,0.8,42.23916666666667,
sarima_dcf,carbon,IND|rajasthan,India,False,rolling,2023-12-01,8,2024-08-01,419.85,450.09523126580075,83.03544167350533,343.6810309934326,556.5094315381689,0.8,42.23916666666667,
sarima_dcf,carbon,IND|rajasthan,India,False,rolling,2023-12-01,9,2024-09-01,427.85,458.4597666626794,88.14360034279973,345.4991976506268,571.420335674732,0.8,42.23916666666667,
sarima_dcf,carbon,IND|rajasthan,India,False,rolling,2023-12-01,10,2024-10-01,413.11,463.6864260350969,92.97151674743952,344.53863319635974,582.8342188738341,0.8,42.23916666666667,
sarima_dcf,carbon,IND|rajasthan,India,False,rolling,2023-12-01,11,2024-11-01,445.06,465.9549338088276,97.56086354269759,340.9256563998004,590.9842112178549,0.8,42.23916666666667,
sarima_dcf,carbon,IND|rajasthan,India,False,rolling,2023-12-01,12,2024-12-01,441.25,462.83971618219294,101.94330195463021,332.1941179654507,593.4853143989352,0.8,42.23916666666667,
sarima_dcf,carbon,IND|tamil nadu,India,True,holdout,last12,1,2024-12-01,461.54,494.1031046902906,37.7730939133899,445.6949370501226,542.5112723304586,0.8,39.45525423728814,
sarima_dcf,carbon,IND|tamil nadu,India,True,holdout,last12,2,2025-01-01,457.98,514.4507261884656,45.53578781581422,456.0942660248022,572.8071863521291,0.8,39.45525423728814,
sarima_dcf,carbon,IND|tamil nadu,India,True,holdout,last12,3,2025-02-01,491.62,541.9467775928313,48.688054820130695,479.5505247147714,604.3430304708911,0.8,39.45525423728814,
sarima_dcf,carbon,IND|tamil nadu,India,True,holdout,last12,4,2025-03-01,514.26,558.6996128300065,50.07397894524002,494.5272267196867,622.8719989403262,0.8,39.45525423728814,
sarima_dcf,carbon,IND|tamil nadu,India,True,holdout,last12,5,2025-04-01,489.4,570.7230652806154,50.70424781825445,505.74295710937,635.7031734518607,0.8,39.45525423728814,
sarima_dcf,carbon,IND|tamil nadu,India,True,holdout,last12,6,2025-05-01,374.19,515.2897911637433,50.996819295360034,449.9347375579796,580.644844769507,0.8,39.45525423728814,
sarima_dcf,carbon,IND|tamil nadu,India,True,holdout,last12,7,2025-06-01,356.97,460.24324565995806,51.134910964784005,394.71122045905537,525.7752708608607,0.8,39.45525423728814,
sarima_dcf,carbon,IND|tamil nadu,India,True,holdout,last12,8,2025-07-01,312.84,419.24276197573363,51.20097121050426,353.6260771635079,484.85944678795937,0.8,39.45525423728814,
sarima_dcf,carbon,IND|tamil nadu,India,True,holdout,last12,9,2025-08-01,364.08,431.98408143840925,51.23254250415209,366.32693638538285,497.64122649143565,0.8,39.45525423728814,
sarima_dcf,carbon,IND|tamil nadu,India,True,holdout,last12,10,2025-09-01,388.66,421.4936282184196,51.24663813420279,355.81841888863437,487.1688375482048,0.8,39.45525423728814,
sarima_dcf,carbon,IND|tamil nadu,India,True,holdout,last12,11,2025-10-01,440.08,496.05452223450294,51.25047466828347,430.37439618846037,561.7346482805456,0.8,39.45525423728814,
sarima_dcf,carbon,IND|tamil nadu,India,True,holdout,last12,12,2025-11-01,505.5,508.5435365577814,51.24592622844192,442.8692395719386,574.2178335436242,0.8,39.45525423728814,
sarima_dcf,carbon,IND|tamil nadu,India,True,rolling,2022-12-01,1,2023-01-01,470.99,521.8930604315137,41.72041789340736,468.4261935650426,575.3599272979849,0.8,48.13722222222222,
sarima_dcf,carbon,IND|tamil nadu,India,True,rolling,2022-12-01,2,2023-02-01,512.77,537.6006794490091,51.63902410484517,471.42260726424945,603.7787516337688,0.8,48.13722222222222,
sarima_dcf,carbon,IND|tamil nadu,India,True,rolling,2022-12-01,3,2023-03-01,531.4,544.1523448050784,56.53145381924056,471.7043716605184,616.6003179496385,0.8,48.13722222222222,
sarima_dcf,carbon,IND|tamil nadu,India,True,rolling,2022-12-01,4,2023-04-01,585.97,549.9266560070371,59.24810945383985,473.9971485809108,625.8561634331634,0.8,48.13722222222222,
sarima_dcf,carbon,IND|tamil nadu,India,True,rolling,2022-12-01,5,2023-05-01,533.64,479.64026683566294,60.87871833576437,401.62105004411535,557.6594836272105,0.8,48.13722222222222,
sarima_dcf,carbon,IND|tamil nadu,India,True,rolling,2022-12-01,6,2023-06-01,455.07,429.43475623796036,61.92779193751104,350.0710975297228,508.7984149461979,0.8,48.13722222222222,
sarima_dcf,carbon,IND|tamil nadu,India,True,rolling,2022-12-01,7,2023-07-01,398.07,417.09135761989046,62.65187936013235,336.7997435416014,497.3829716981795,0.8,48.13722222222222,
sarima_dcf,carbon,IND|tamil nadu,India,True,rolling,2022-12-01,8,2023-08-01,426.07,402.4166145446948,63.18994812592595,321.43543759723235,483.3977914921573,0.8,48.13722222222222,
sarima_dcf,carbon,IND|tamil nadu,India,True,rolling,2022-12-01,9,2023-09-01,421.73,399.9437038425949,63.62101485463823,318.410092654097,481.4773150310928,0.8,48.13722222222222,
sarima_dcf,carbon,IND|tamil nadu,India,True,rolling,2022-12-01,10,2023-10-01,530.63,450.878037671955,63.990855635230375,368.87045645208696,532.885618891823,0.8,48.13722222222222,
sarima_dcf,carbon,IND|tamil nadu,India,True,rolling,2022-12-01,11,2023-11-01,538.12,483.6760890005216,64.32320033112951,401.2425909153236,566.1095870857196,0.8,48.13722222222222,
sarima_dcf,carbon,IND|tamil nadu,India,True,rolling,2022-12-01,12,2023-12-01,513.25,481.37200781068424,64.62060534437458,398.5573698651612,564.1866457562072,0.8,48.13722222222222,
sarima_dcf,carbon,IND|tamil nadu,India,True,rolling,2023-12-01,1,2024-01-01,533.89,535.4310117654254,38.96305548726992,485.4978470073135,585.3641765235373,0.8,41.88083333333333,
sarima_dcf,carbon,IND|tamil nadu,India,True,rolling,2023-12-01,2,2024-02-01,570.74,554.0273020935731,47.90004054135502,492.6409301481498,615.4136740389964,0.8,41.88083333333333,
sarima_dcf,carbon,IND|tamil nadu,India,True,rolling,2023-12-01,3,2024-03-01,604.04,561.4802099196212,52.02498253894824,494.8075120994016,628.1529077398408,0.8,41.88083333333333,
sarima_dcf,carbon,IND|tamil nadu,India,True,rolling,2023-12-01,4,2024-04-01,576.35,574.8268599552317,54.11425561010636,505.47665095981927,644.1770689506442,0.8,41.88083333333333,
sarima_dcf,carbon,IND|tamil nadu,India,True,rolling,2023-12-01,5,2024-05-01,537.6,506.16830928020954,55.22472684072544,435.39497414070496,576.9416444197142,0.8,41.88083333333333,
sarima_dcf,carbon,IND|tamil nadu,India,True,rolling,2023-12-01,6,2024-06-01,473.34,450.03687867057744,55.83717485952922,378.47865981376015,521.5950975273947,0.8,41.88083333333333,
sarima_dcf,carbon,IND|tamil nadu,India,True,rolling,2023-12-01,7,2024-07-01,388.17,429.6594723690029,56.18699264311331,357.6529439839781,501.6660007540277,0.8,41.88083333333333,
sarima_dcf,carbon,IND|tamil nadu,India,True,rolling,2023-12-01,8,2024-08-01,425.9,422.1404344400289,56.39332594251356,349.86947929213375,494.4113895879241,0.8,41.88083333333333,
sarima_dcf,carbon,IND|tamil nadu,India,True,rolling,2023-12-01,9,2024-09-01,398.7,419.5023909507819,56.5163487479445,347.073775733989,491.93100616757476,0.8,41.88083333333333,
sarima_dcf,carbon,IND|tamil nadu,India,True,rolling,2023-12-01,10,2024-10-01,511.82,481.5070346484515,56.58346508178945,408.992406388946,554.021662907957,0.8,41.88083333333333,
sarima_dcf,carbon,IND|tamil nadu,India,True,rolling,2023-12-01,11,2024-11-01,497.81,510.92500025797455,56.59974666321097,438.38950631230875,583.4604942036403,0.8,41.88083333333333,
sarima_dcf,carbon,IND|tamil nadu,India,True,rolling,2023-12-01,12,2024-12-01,461.54,505.5056958598326,56.54802635783213,433.0364841524955,577.9749075671697,0.8,41.88083333333333,
sarima_dcf,carbon,IND|telangana,India,True,holdout,last12,1,2024-12-01,711.36,699.8876730904876,22.915252076518243,670.5205959169765,729.2547502639987,0.8,34.24677966101694,
sarima_dcf,carbon,IND|telangana,India,True,holdout,last12,2,2025-01-01,708.93,699.4358468834621,37.21673216115459,651.7406855178804,747.1310082490438,0.8,34.24677966101694,
sarima_dcf,carbon,IND|telangana,India,True,holdout,last12,3,2025-02-01,712.82,692.73157854299,47.313270414399405,632.0971827723814,753.3659743135985,0.8,34.24677966101694,
sarima_dcf,carbon,IND|telangana,India,True,holdout,last12,4,2025-03-01,706.15,701.6880085350532,55.60580994709157,630.4262957439825,772.949721326124,0.8,34.24677966101694,
sarima_dcf,carbon,IND|telangana,India,True,holdout,last12,5,2025-04-01,727.04,708.8992771480629,62.81294964035649,628.4012431999898,789.3973110961359,0.8,34.24677966101694,
sarima_dcf,carbon,IND|telangana,India,True,holdout,last12,6,2025-05-01,718.22,706.9319079906937,69.27428949597315,618.1533338351395,795.710482146248,0.8,34.24677966101694,
sarima_dcf,carbon,IND|telangana,India,True,holdout,last12,7,2025-06-01,693.28,704.4911348697798,75.18236314337167,608.1410596820492,800.8412100575104,0.8,34.24677966101694,
sarima_dcf,carbon,IND|telangana,India,True,holdout,last12,8,2025-07-01,610.41,681.010793885934,80.65883876223185,577.6423327951863,784.3792549766818,0.8,34.24677966101694,
sarima_dcf,carbon,IND|telangana,India,True,holdout,last12,9,2025-08-01,592.36,607.9797549779828,85.78641391923091,498.0400419173353,717.9194680386303,0.8,34.24677966101694,
sarima_dcf,carbon,IND|telangana,India,True,holdout,last12,10,2025-09-01,587.33,615.1938220364045,90.62433092592467,499.0540688618538,731.3335752109552,0.8,34.24677966101694,
sarima_dcf,carbon,IND|telangana,India,True,holdout,last12,11,2025-10-01,539.4,607.0705562051637,95.216752194246,485.0453783645555,729.0957340457719,0.8,34.24677966101694,
sarima_dcf,carbon,IND|telangana,India,True,holdout,last12,12,2025-11-01,615.77,662.7237040110115,99.59764274076204,535.0841890320361,790.3632189899869,0.8,34.24677966101694,
sarima_dcf,carbon,IND|telangana,India,True,rolling,2022-12-01,1,2023-01-01,699.96,692.4373652280675,20.32082565050041,666.3951793025099,718.4795511536252,0.8,21.136666666666656,
sarima_dcf,carbon,IND|telangana,India,True,rolling,2022-12-01,2,2023-02-01,689.69,689.0011054282478,33.23035449690478,646.4146925991374,731.5875182573582,0.8,21.136666666666656,
sarima_dcf,carbon,IND|telangana,India,True,rolling,2022-12-01,3,2023-03-01,713.44,697.7249284092552,41.549663737631164,644.4768917984422,750.9729650200682,0.8,21.136666666666656,
sarima_dcf,carbon,IND|telangana,India,True,rolling,2022-12-01,4,2023-04-01,717.88,709.3819059784279,48.61906802074906,647.0740632411175,771.6897487157382,0.8,21.136666666666656,
sarima_dcf,carbon,IND|telangana,India,True,rolling,2022-12-01,5,2023-05-01,713.42,705.2484228365622,54.75193194266932,635.0809987388429,775.4158469342815,0.8,21.136666666666656,
sarima_dcf,carbon,IND|telangana,India,True,rolling,2022-12-01,6,2023-06-01,703.62,700.7280093826363,60.27038870788444,623.4883983780653,777.9676203872073,0.8,21.136666666666656,
sarima_dcf,carbon,IND|telangana,India,True,rolling,2022-12-01,7,2023-07-01,723.76,645.360124549471,65.32295079166074,561.6453946964253,729.0748544025167,0.8,21.136666666666656,
sarima_dcf,carbon,IND|telangana,India,True,rolling,2022-12-01,8,2023-08-01,691.35,572.3619502861956,70.01211463892743,482.63781516359006,662.0860854088011,0.8,21.136666666666656,
sarima_dcf,carbon,IND|telangana,India,True,rolling,2022-12-01,9,2023-09-01,716.22,584.2307484516667,74.40628543000946,488.8752568724797,679.5862400308538,0.8,21.136666666666656,
sarima_dcf,carbon,IND|telangana,India,True,rolling,2022-12-01,10,2023-10-01,709.81,574.8263404880067,78.55505694875886,474.1539842738796,675.4986967021339,0.8,21.136666666666656,
sarima_dcf,carbon,IND|telangana,India,True,rolling,2022-12-01,11,2023-11-01,728.97,646.3585952148159,82.49543001100619,540.6364477339358,752.0807426956959,0.8,21.136666666666656,
sarima_dcf,carbon,IND|telangana,India,True,rolling,2022-12-01,12,2023-12-01,719.55,693.4743545145496,86.25604177302657,582.932789142647,804.0159198864523,0.8,21.136666666666656,
sarima_dcf,carbon,IND|telangana,India,True,rolling,2023-12-01,1,2024-01-01,728.05,703.788298200102,23.415185901697264,673.780530050264,733.7960663499399,0.8,29.774374999999992,
sarima_dcf,carbon,IND|telangana,India,True,rolling,2023-12-01,2,2024-02-01,719.27,696.2455975656013,39.714707734211764,645.3491516936759,747.1420434375267,0.8,29.774374999999992,
sarima_dcf,carbon,IND|telangana,India,True,rolling,2023-12-01,3,2024-03-01,726.78,710.0498666195446,51.49652420429564,644.054415405424,776.0453178336651,0.8,29.774374999999992,
sarima_dcf,carbon,IND|telangana,India,True,rolling,2023-12-01,4,2024-04-01,729.32,716.7228788154181,61.07598616598672,638.4508531272174,794.9949045036187,0.8,29.774374999999992,
sarima_dcf,carbon,IND|telangana,India,True,rolling,2023-12-01,5,2024-05-01,728.38,713.2219067868316,69.34670120582238,624.3505332911564,802.0932802825068,0.8,29.774374999999992,
sarima_dcf,carbon,IND|telangana,India,True,rolling,2023-12-01,6,2024-06-01,732.39,706.9917576916222,76.73121009362985,608.6567552699992,805.3267601132452,0.8,29.774374999999992,
sarima_dcf,carbon,IND|telangana,India,True,rolling,2023-12-01,7,2024-07-01,700.0,696.8223209373557,83.46492824327693,589.8577114791165,803.7869303955949,0.8,29.774374999999992,
sarima_dcf,carbon,IND|telangana,India,True,rolling,2023-12-01,8,2024-08-01,573.07,654.4033470711885,89.69453747982081,539.4551721431253,769.3515219992516,0.8,29.774374999999992,
sarima_dcf,carbon,IND|telangana,India,True,rolling,2023-12-01,9,2024-09-01,587.69,669.157589719939,95.51871999492015,546.7454245716327,791.5697548682452,0.8,29.774374999999992,
sarima_dcf,carbon,IND|telangana,India,True,rolling,2023-12-01,10,2024-10-01,584.75,662.1940694184591,101.00763154355829,532.7475810818598,791.6405577550584,0.8,29.774374999999992,
sarima_dcf,carbon,IND|telangana,India,True,rolling,2023-12-01,11,2024-11-01,659.39,698.0705074065805,106.21326046036619,561.9527371820018,834.1882776311593,0.8,29.774374999999992,
sarima_dcf,carbon,IND|telangana,India,True,rolling,2023-12-01,12,2024-12-01,711.36,712.217790954472,111.17537129602353,569.7408198200508,854.6947620888932,0.8,29.774374999999992,
sarima_dcf,carbon,IND|uttar pradesh,India,True,holdout,last12,1,2024-12-01,753.61,747.7482802824921,6.2290486602270665,739.7654332201247,755.7311273448596,0.8,9.720508474576265,
sarima_dcf,carbon,IND|uttar pradesh,India,True,holdout,last12,2,2025-01-01,751.35,752.8228525264125,10.241386174307648,739.6979880413817,765.9477170114433,0.8,9.720508474576265,
sarima_dcf,carbon,IND|uttar pradesh,India,True,holdout,last12,3,2025-02-01,747.96,743.1772942873781,12.487104138652462,727.1744264293696,759.1801621453866,0.8,9.720508474576265,
sarima_dcf,carbon,IND|uttar pradesh,India,True,holdout,last12,4,2025-03-01,761.62,744.1430681159709,14.608466326103747,725.421565225547,762.8645710063947,0.8,9.720508474576265,
sarima_dcf,carbon,IND|uttar pradesh,India,True,holdout,last12,5,2025-04-01,770.6,753.928321082867,16.362625672193694,732.9587725362469,774.8978696294871,0.8,9.720508474576265,
sarima_dcf,carbon,IND|uttar pradesh,India,True,holdout,last12,6,2025-05-01,777.9,763.5110436483868,17.98809907648939,740.4583671157404,786.5637201810332,0.8,9.720508474576265,
sarima_dcf,carbon,IND|uttar pradesh,India,True,holdout,last12,7,2025-06-01,779.01,768.9497590654258,19.459704803130258,744.0111439099385,793.8883742209132,0.8,9.720508474576265,
sarima_dcf,carbon,IND|uttar pradesh,India,True,holdout,last12,8,2025-07-01,777.63,771.6984983263733,20.835899826700317,744.996218283935,798.4007783688115,0.8,9.720508474576265,
sarima_dcf,carbon,IND|uttar pradesh,India,True,holdout,last12,9,2025-08-01,772.55,770.8675715714272,22.123085854647375,742.5156962597263,799.2194468831282,0.8,9.720508474576265,
sarima_dcf,carbon,IND|uttar pradesh,India,True,holdout,last12,10,2025-09-01,767.31,767.3159542792591,23.340637624482344,737.4037235907946,797.2281849677237,0.8,9.720508474576265,
sarima_dcf,carbon,IND|uttar pradesh,India,True,holdout,last12,11,2025-10-01,765.24,764.1153586182588,24.497937792932106,732.7199880871125,795.5107291494052,0.8,9.720508474576265,
sarima_dcf,carbon,IND|uttar pradesh,India,True,holdout,last12,12,2025-11-01,757.15,755.2387951018754,25.60135502836658,722.4293384852091,788.0482517185418,0.8,9.720508474576265,
sarima_dcf,carbon,IND|uttar pradesh,India,True,rolling,2022-12-01,1,2023-01-01,753.3,758.5195003952789,5.81173837227737,751.0714579857512,765.9675428048066,0.8,10.561388888888892,
sarima_dcf,carbon,IND|uttar pradesh,India,True,rolling,2022-12-01,2,2023-02-01,746.99,750.1901782850981,9.219951153851985,738.3743354496344,762.0060211205619,0.8,10.561388888888892,
sarima_dcf,carbon,IND|uttar pradesh,India,True,rolling,2022-12-01,3,2023-03-01,750.43,749.2890585321187,11.1858498282413,734.9538151727893,763.6243018914481,0.8,10.561388888888892,
sarima_dcf,carbon,IND|uttar pradesh,India,True,rolling,2022-12-01,4,2023-04-01,760.54,759.910750834538,13.08619951828054,743.1401113548566,776.6813903142195,0.8,10.561388888888892,
sarima_dcf,carbon,IND|uttar pradesh,India,True,rolling,2022-12-01,5,2023-05-01,767.67,771.7344307895387,14.62833029712569,752.9874711959537,790.4813903831237,0.8,10.561388888888892,
sarima_dcf,carbon,IND|uttar pradesh,India,True,rolling,2022-12-01,6,2023-06-01,771.37,778.671972872776,16.081056969105695,758.0632691384067,799.2806766071453,0.8,10.561388888888892,
sarima_dcf,carbon,IND|uttar pradesh,India,True,rolling,2022-12-01,7,2023-07-01,771.21,781.8413736413362,17.38249225232486,759.5648134823024,804.11793380037,0.8,10.561388888888892,
sarima_dcf,carbon,IND|uttar pradesh,India,True,rolling,2022-12-01,8,2023-08-01,773.35,782.4793778556683,18.609744484402235,758.6300306772977,806.3287250340389,0.8,10.561388888888892,
sarima_dcf,carbon,IND|uttar pradesh,India,True,rolling,2022-12-01,9,2023-09-01,775.41,778.6899248411129,19.750657145532454,753.3784392557211,804.0014104265047,0.8,10.561388888888892,
sarima_dcf,carbon,IND|uttar pradesh,India,True,rolling,2022-12-01,10,2023-10-01,770.42,773.4378522539032,20.837180826077635,746.7339305447075,800.1417739630989,0.8,10.561388888888892,
sarima_dcf,carbon,IND|uttar pradesh,India,True,rolling,2022-12-01,11,2023-11-01,778.17,759.9889412503828,21.86098754524354,731.972958437425,788.0049240633407,0.8,10.561388888888892,
sarima_dcf,carbon,IND|uttar pradesh,India,True,rolling,2022-12-01,12,2023-12-01,775.66,752.1490341077906,22.851270527900112,722.863952588077,781.4341156275042,0.8,10.561388888888892,
sarima_dcf,carbon,IND|uttar pradesh,India,True,rolling,2023-12-01,1,2024-01-01,768.21,777.2463982660182,6.301417986768062,769.1708061799247,785.3219903521117,0.8,10.131249999999994,
sarima_dcf,carbon,IND|uttar pradesh,India,True,rolling,2023-12-01,2,2024-02-01,750.25,773.649528280129,10.173191399913769,760.6120589149846,786.6869976452733,0.8,10.131249999999994,
sarima_dcf,carbon,IND|uttar pradesh,India,True,rolling,2023-12-01,3,2024-03-01,754.68,773.9927052768811,12.379705884293571,758.127473819883,789.8579367338792,0.8,10.131249999999994,
sarima_dcf,carbon,IND|uttar pradesh,India,True,rolling,2023-12-01,4,2024-04-01,765.27,784.1744510276675,14.51027438222573,765.5787861766444,802.7701158786906,0.8,10.131249999999994,
sarima_dcf,carbon,IND|uttar pradesh,India,True,rolling,2023-12-01,5,2024-05-01,771.38,791.4646883357005,16.236295538638736,770.6570383695133,812.2723383018878,0.8,10.131249999999994,
sarima_dcf,carbon,IND|uttar pradesh,India,True,rolling,2023-12-01,6,2024-06-01,774.86,795.3813241575729,17.860505424244668,772.4921654697143,818.2704828454314,0.8,10.131249999999994,
sarima_dcf,carbon,IND|uttar pradesh,India,True,rolling,2023-12-01,7,2024-07-01,779.75,795.6997115407229,19.31568268327608,770.9456681584077,820.4537549230381,0.8,10.131249999999994,
sarima_dcf,carbon,IND|uttar pradesh,India,True,rolling,2023-12-01,8,2024-08-01,769.94,796.8562798186503,20.68575107248638,770.3464231472394,823.3661364900611,0.8,10.131249999999994,
sarima_dcf,carbon,IND|uttar pradesh,India,True,rolling,2023-12-01,9,2024-09-01,760.53,796.0887707597797,21.961630238051246,767.9438091462935,824.2337323732659,0.8,10.131249999999994,
sarima_dcf,carbon,IND|uttar pradesh,India,True,rolling,2023-12-01,10,2024-10-01,766.32,791.3295190778824,23.172053808109936,761.6333372432155,821.0257009125494,0.8,10.131249999999994,
sarima_dcf,carbon,IND|uttar pradesh,India,True,rolling,2023-12-01,11,2024-11-01,756.24,789.1289819148936,24.319770020106464,757.9619425719416,820.2960212578457,0.8,10.131249999999994,
sarima_dcf,carbon,IND|uttar pradesh,India,True,rolling,2023-12-01,12,2024-12-01,753.61,785.1707929634069,25.417170907620207,752.5973777950315,817.7442081317823,0.8,10.131249999999994,
sarima_dcf,carbon,IND|west bengal,India,True,holdout,last12,1,2024-12-01,787.47,784.3883621980157,4.759611477847996,778.2886746571955,790.4880497388358,0.8,5.506440677966108,
sarima_dcf,carbon,IND|west bengal,India,True,holdout,last12,2,2025-01-01,786.84,785.6486700595703,5.885053690766511,778.1066702888545,793.1906698302862,0.8,5.506440677966108,
sarima_dcf,carbon,IND|west bengal,India,True,holdout,last12,3,2025-02-01,786.52,787.1102303783911,6.40242685427896,778.9051902200051,795.315270536777,0.8,5.506440677966108,
sarima_dcf,carbon,IND|west bengal,India,True,holdout,last12,4,2025-03-01,789.24,790.1919241773153,6.661701484075952,781.654610211207,798.7292381434236,0.8,5.506440677966108,
sarima_dcf,carbon,IND|west bengal,India,True,holdout,last12,5,2025-04-01,785.97,787.7484274317173,6.796546194627769,779.038303015696,796.4585518477387,0.8,5.506440677966108,
sarima_dcf,carbon,IND|west bengal,India,True,holdout,last12,6,2025-05-01,782.43,783.1260897591486,6.868222419952515,774.3241085643499,791.9280709539473,0.8,5.506440677966108,
sarima_dcf,carbon,IND|west bengal,India,True,holdout,last12,7,2025-06-01,778.17,777.6266035445597,6.906960625785129,768.7749773414298,786.4782297476895,0.8,5.506440677966108,
sarima_dcf,carbon,IND|west bengal,India,True,holdout,last12,8,2025-07-01,776.2,772.5425370125786,6.928226477755612,763.6636575235633,781.4214165015939,0.8,5.506440677966108,
sarima_dcf,carbon,IND|west bengal,India,True,holdout,last12,9,2025-08-01,771.09,768.6559417670203,6.940093474876124,759.7618541092669,777.5500294247737,0.8,5.506440677966108,
sarima_dcf,carbon,IND|west bengal,India,True,holdout,last12,10,2025-09-01,766.65,770.4513118084883,6.946832366501114,761.5485879136229,779.3540357033537,0.8,5.506440677966108,
sarima_dcf,carbon,IND|west bengal,India,True,holdout,last12,11,2025-10-01,771.76,774.9525281016155,6.9507257236347995,766.0448146688202,783.8602415344108,0.8,5.506440677966108,
sarima_dcf,carbon,IND|west bengal,India,True,holdout,last12,12,2025-11-01,774.84,783.8781854360707,6.953004335306176,774.9675518449206,792.7888190272207,0.8,5.506440677966108,
sarima_dcf,carbon,IND|west bengal,India,True,rolling,2022-12-01,1,2023-01-01,783.28,781.8820672692962,5.847819453717823,774.3877850933619,789.3763494452304,0.8,5.5222222222222275,
sarima_dcf,carbon,IND|west bengal,India,True,rolling,2022-12-01,2,2023-02-01,786.61,783.4214764805353,7.869741910656195,773.3359964145019,793.5069565465686,0.8,5.5222222222222275,
sarima_dcf,carbon,IND|west bengal,India,True,rolling,2022-12-01,3,2023-03-01,792.01,785.3223491105031,9.590299438971057,773.0318858504482,797.6128123705579,0.8,5.5222222222222275,
sarima_dcf,carbon,IND|west bengal,India,True,rolling,2022-12-01,4,2023-04-01,788.89,779.3413878294208,11.005327372462979,765.23749330591,793.4452823529316,0.8,5.5222222222222275,
sarima_dcf,carbon,IND|west bengal,India,True,rolling,2022-12-01,5,2023-05-01,780.39,771.4873592989925,12.272096310661052,755.7600350595507,787.2146835384343,0.8,5.5222222222222275,
sarima_dcf,carbon,IND|west bengal,India,True,rolling,2022-12-01,6,2023-06-01,773.86,763.9250244150368,13.41487854625865,746.7331658124883,781.1168830175852,0.8,5.5222222222222275,
sarima_dcf,carbon,IND|west bengal,India,True,rolling,2022-12-01,7,2023-07-01,766.18,760.9085395651663,14.469436529736013,742.3652105279349,779.4518686023977,0.8,5.5222222222222275,
sarima_dcf,carbon,IND|west bengal,India,True,rolling,2022-12-01,8,2023-08-01,766.47,756.8226799589426,15.451550366164025,737.0207213970938,776.6246385207913,0.8,5.5222222222222275,
sarima_dcf,carbon,IND|west bengal,India,True,rolling,2022-12-01,9,2023-09-01,767.19,756.9517403642662,16.375112866572962,735.9661888341401,777.9372918943924,0.8,5.5222222222222275,
sarima_dcf,carbon,IND|west bengal,India,True,rolling,2022-12-01,10,2023-10-01,777.26,760.3964673566511,17.249170377520066,738.2907660549947,782.5021686583075,0.8,5.5222222222222275,
sarima_dcf,carbon,IND|west bengal,India,True,rolling,2022-12-01,11,2023-11-01,789.22,773.2411951100353,18.081159382676756,750.0692569963045,796.4131332237661,0.8,5.5222222222222275,
sarima_dcf,carbon,IND|west bengal,India,True,rolling,2022-12-01,12,2023-12-01,786.23,776.3056178164468,18.87624081271923,752.1147418513095,800.496493781584,0.8,5.5222222222222275,
sarima_dcf,carbon,IND|west bengal,India,True,rolling,2023-12-01,1,2024-01-01,786.22,789.3132679350282,4.83683890004778,783.114609470385,795.5119263996714,0.8,5.809375000000007,
sarima_dcf,carbon,IND|west bengal,India,True,rolling,2023-12-01,2,2024-02-01,788.06,792.5257445644733,5.885484270186094,784.9831929840282,800.0682961449183,0.8,5.809375000000007,
sarima_dcf,carbon,IND|west bengal,India,True,rolling,2023-12-01,3,2024-03-01,791.54,792.9251774739773,6.34683863529054,784.7913764846618,801.0589784632929,0.8,5.809375000000007,
sarima_dcf,carbon,IND|west bengal,India,True,rolling,2023-12-01,4,2024-04-01,790.48,786.9684650847988,6.569326719199519,778.5495341432347,795.3873960263629,0.8,5.809375000000007,
sarima_dcf,carbon,IND|west bengal,India,True,rolling,2023-12-01,5,2024-05-01,787.6,777.1786375456542,6.681982375106766,768.6153325718947,785.7419425194137,0.8,5.809375000000007,
sarima_dcf,carbon,IND|west bengal,India,True,rolling,2023-12-01,6,2024-06-01,782.19,769.2722752274434,6.741354617551989,760.6328816634283,777.9116687914585,0.8,5.809375000000007,
sarima_dcf,carbon,IND|west bengal,India,True,rolling,2023-12-01,7,2024-07-01,776.41,764.7861597891045,6.773988188336742,756.1049446213609,773.4673749568482,0.8,5.809375000000007,
sarima_dcf,carbon,IND|west bengal,India,True,rolling,2023-12-01,8,2024-08-01,769.79,759.9956547302397,6.792738448414176,751.2904101373396,768.7008993231399,0.8,5.809375000000007,
sarima_dcf,carbon,IND|west bengal,India,True,rolling,2023-12-01,9,2024-09-01,773.43,761.8298360909596,6.803785924650866,753.110433587593,770.5492385943262,0.8,5.809375000000007,
sarima_dcf,carbon,IND|west bengal,India,True,rolling,2023-12-01,10,2024-10-01,776.96,765.9583037100236,6.809679080770538,757.2313488232058,774.6852585968414,0.8,5.809375000000007,
sarima_dcf,carbon,IND|west bengal,India,True,rolling,2023-12-01,11,2024-11-01,785.27,779.9338127629086,6.81035624621619,771.2059900536537,788.6616354721634,0.8,5.809375000000007,
sarima_dcf,carbon,IND|west bengal,India,True,rolling,2023-12-01,12,2024-12-01,787.47,782.410880916123,6.8027297250261825,773.6928319870389,791.1289298452072,0.8,5.809375000000007,
sarima_dcf,carbon,IRL,Europe,True,holdout,last12,1,2025-01-01,303.14,275.93168814118184,41.297099290316154,223.00732589322638,328.8560503891373,0.8,48.998511904761905,
sarima_dcf,carbon,IRL,Europe,True,holdout,last12,2,2025-02-01,215.69,247.1187624804509,44.67767802815781,189.86201425856768,304.3755107023341,0.8,48.998511904761905,
sarima_dcf,carbon,IRL,Europe,True,holdout,last12,3,2025-03-01,274.19,275.39562460657703,46.25183775114906,216.1215095272771,334.66973968587695,0.8,48.998511904761905,
sarima_dcf,carbon,IRL,Europe,True,holdout,last12,4,2025-04-01,331.88,294.2739937065735,47.51838977058188,233.37672690392577,355.1712605092212,0.8,48.998511904761905,
sarima_dcf,carbon,IRL,Europe,True,holdout,last12,5,2025-05-01,333.33,309.64203290076534,48.702567273958316,247.22718156478285,372.05688423674786,0.8,48.998511904761905,
sarima_dcf,carbon,IRL,Europe,True,holdout,last12,6,2025-06-01,268.66,314.4483498803212,49.84861402035437,250.56478054230752,378.33191921833486,0.8,48.998511904761905,
sarima_dcf,carbon,IRL,Europe,True,holdout,last12,7,2025-07-01,314.41,325.1957012915843,50.96684992214348,259.87905498298466,390.512347600184,0.8,48.998511904761905,
sarima_dcf,carbon,IRL,Europe,True,holdout,last12,8,2025-08-01,297.67,297.8761521138216,52.060652332202466,231.1577416142144,364.5945626134288,0.8,48.998511904761905,
sarima_dcf,carbon,IRL,Europe,True,holdout,last12,9,2025-09-01,250.0,307.9737053995962,53.131856202404116,239.8824919031146,376.0649188960778,0.8,48.998511904761905,
sarima_dcf,carbon,IRL,Europe,True,holdout,last12,10,2025-10-01,252.03,274.28702523781493,54.181871059160144,204.85016355781258,343.72388691781725,0.8,48.998511904761905,
sarima_dcf,carbon,IRL,Europe,True,holdout,last12,11,2025-11-01,264.59,276.6445971138059,55.21192965116363,205.88766223261882,347.401531994993,0.8,48.998511904761905,
sarima_dcf,carbon,IRL,Europe,True,holdout,last12,12,2025-12-01,261.03,254.7004109820665,56.22316824018393,182.64752170398134,326.75330026015166,0.8,48.998511904761905,
sarima_dcf,carbon,IRL,Europe,True,rolling,2022-12-01,1,2023-01-01,294.96,370.37345847991776,41.486730665389814,317.20607384636025,423.54084311347526,0.8,47.93534722222223,
sarima_dcf,carbon,IRL,Europe,True,rolling,2022-12-01,2,2023-02-01,292.0,310.05141363189887,45.360095200799556,251.92011261406208,368.18271464973566,0.8,47.93534722222223,
sarima_dcf,carbon,IRL,Europe,True,rolling,2022-12-01,3,2023-03-01,307.69,360.69790562901267,46.91928595398676,300.56842126044614,420.8273899975792,0.8,47.93534722222223,
sarima_dcf,carbon,IRL,Europe,True,rolling,2022-12-01,4,2023-04-01,305.79,378.69729226387506,48.02695525183031,317.14827257255143,440.2463119551987,0.8,47.93534722222223,
sarima_dcf,carbon,IRL,Europe,True,rolling,2022-12-01,5,2023-05-01,374.45,374.6906686460696,49.01225596064207,311.87893528883603,437.50240200330313,0.8,47.93534722222223,
sarima_dcf,carbon,IRL,Europe,True,rolling,2022-12-01,6,2023-06-01,384.26,385.2850817078716,49.952712586080146,321.2681046899811,449.3020587257621,0.8,47.93534722222223,
sarima_dcf,carbon,IRL,Europe,True,rolling,2022-12-01,7,2023-07-01,305.31,411.9823706113721,50.86900028608209,346.79112365705487,477.17361756568937,0.8,47.93534722222223,
sarima_dcf,carbon,IRL,Europe,True,rolling,2022-12-01,8,2023-08-01,292.58,398.06259464204055,51.767248382545006,331.7201964334538,464.4049928506273,0.8,47.93534722222223,
sarima_dcf,carbon,IRL,Europe,True,rolling,2022-12-01,9,2023-09-01,318.39,396.0326454168996,52.64968260316952,328.55936225138134,463.5059285824178,0.8,47.93534722222223,
sarima_dcf,carbon,IRL,Europe,True,rolling,2022-12-01,10,2023-10-01,314.41,338.81912813675905,53.51743643615373,270.2337736880726,407.4044825854455,0.8,47.93534722222223,
sarima_dcf,carbon,IRL,Europe,True,rolling,2022-12-01,11,2023-11-01,281.85,341.38537431305303,54.371308325086645,271.70573900833006,411.065009617776,0.8,47.93534722222223,
sarima_dcf,carbon,IRL,Europe,True,rolling,2022-12-01,12,2023-12-01,225.46,346.96863736992657,55.211970241039594,276.2116504707204,417.72562426913277,0.8,47.93534722222223,
sarima_dcf,carbon,IRL,Europe,True,rolling,2023-12-01,1,2024-01-01,286.22,264.0322446595187,41.801739908966624,210.46115943669435,317.6033298823431,0.8,50.05967948717948,
sarima_dcf,carbon,IRL,Europe,True,rolling,2023-12-01,2,2024-02-01,248.0,239.14363365580508,45.588292467181255,180.71988607398384,297.5673812376263,0.8,50.05967948717948,
sarima_dcf,carbon,IRL,Europe,True,rolling,2023-12-01,3,2024-03-01,238.64,277.3453014188067,47.329437355266585,216.6901868798197,338.0004159577937,0.8,50.05967948717948,
sarima_dcf,carbon,IRL,Europe,True,rolling,2023-12-01,4,2024-04-01,278.26,293.17497503347516,48.69507776313429,230.76972189181436,355.58022817513597,0.8,50.05967948717948,
sarima_dcf,carbon,IRL,Europe,True,rolling,2023-12-01,5,2024-05-01,344.04,300.5700940313262,49.95700109405653,236.54762106932475,364.5925669933277,0.8,50.05967948717948,
sarima_dcf,carbon,IRL,Europe,True,rolling,2023-12-01,6,2024-06-01,319.8,310.8604574030471,51.17302378764502,245.27958865433956,376.44132615175465,0.8,50.05967948717948,
sarima_dcf,carbon,IRL,Europe,True,rolling,2023-12-01,7,2024-07-01,368.42,314.65411152493937,52.357473382078894,247.55530954417642,381.7529135057023,0.8,50.05967948717948,
sarima_dcf,carbon,IRL,Europe,True,rolling,2023-12-01,8,2024-08-01,274.88,299.03308738802696,53.514957871568335,230.45090934766523,367.6152654283887,0.8,50.05967948717948,
sarima_dcf,carbon,IRL,Europe,True,rolling,2023-12-01,9,2024-09-01,327.35,301.8386822836865,54.647760717191304,231.8047589830633,371.8726055843098,0.8,50.05967948717948,
sarima_dcf,carbon,IRL,Europe,True,rolling,2023-12-01,10,2024-10-01,296.0,265.5296446842109,55.757518528262594,194.0735095234339,336.98577984498786,0.8,50.05967948717948,
sarima_dcf,carbon,IRL,Europe,True,rolling,2023-12-01,11,2024-11-01,328.3,262.174355854942,56.84562233802697,189.32375955328644,335.0249521565976,0.8,50.05967948717948,
sarima_dcf,carbon,IRL,Europe,True,rolling,2023-12-01,12,2024-12-01,249.08,250.45073086473823,57.91333817404485,176.23180166187717,324.6696600675993,0.8,50.05967948717948,
sarima_dcf,carbon,IRL,Europe,True,rolling,2024-12-01,1,2025-01-01,303.14,275.93168814118184,41.297099290316154,223.00732589322638,328.8560503891373,0.8,48.998511904761905,
sarima_dcf,carbon,IRL,Europe,True,rolling,2024-12-01,2,2025-02-01,215.69,247.1187624804509,44.67767802815781,189.86201425856768,304.3755107023341,0.8,48.998511904761905,
sarima_dcf,carbon,IRL,Europe,True,rolling,2024-12-01,3,2025-03-01,274.19,275.39562460657703,46.25183775114906,216.1215095272771,334.66973968587695,0.8,48.998511904761905,
sarima_dcf,carbon,IRL,Europe,True,rolling,2024-12-01,4,2025-04-01,331.88,294.2739937065735,47.51838977058188,233.37672690392577,355.1712605092212,0.8,48.998511904761905,
sarima_dcf,carbon,IRL,Europe,True,rolling,2024-12-01,5,2025-05-01,333.33,309.64203290076534,48.702567273958316,247.22718156478285,372.05688423674786,0.8,48.998511904761905,
sarima_dcf,carbon,IRL,Europe,True,rolling,2024-12-01,6,2025-06-01,268.66,314.4483498803212,49.84861402035437,250.56478054230752,378.33191921833486,0.8,48.998511904761905,
sarima_dcf,carbon,IRL,Europe,True,rolling,2024-12-01,7,2025-07-01,314.41,325.1957012915843,50.96684992214348,259.87905498298466,390.512347600184,0.8,48.998511904761905,
sarima_dcf,carbon,IRL,Europe,True,rolling,2024-12-01,8,2025-08-01,297.67,297.8761521138216,52.060652332202466,231.1577416142144,364.5945626134288,0.8,48.998511904761905,
sarima_dcf,carbon,IRL,Europe,True,rolling,2024-12-01,9,2025-09-01,250.0,307.9737053995962,53.131856202404116,239.8824919031146,376.0649188960778,0.8,48.998511904761905,
sarima_dcf,carbon,IRL,Europe,True,rolling,2024-12-01,10,2025-10-01,252.03,274.28702523781493,54.181871059160144,204.85016355781258,343.72388691781725,0.8,48.998511904761905,
sarima_dcf,carbon,IRL,Europe,True,rolling,2024-12-01,11,2025-11-01,264.59,276.6445971138059,55.21192965116363,205.88766223261882,347.401531994993,0.8,48.998511904761905,
sarima_dcf,carbon,IRL,Europe,True,rolling,2024-12-01,12,2025-12-01,261.03,254.7004109820665,56.22316824018393,182.64752170398134,326.75330026015166,0.8,48.998511904761905,
sarima_dcf,carbon,ITA,Europe,True,holdout,last12,1,2025-01-01,333.33,348.72154053270526,21.53889411058181,321.1183370651898,376.32474400022073,0.8,35.58385416666667,
sarima_dcf,carbon,ITA,Europe,True,holdout,last12,2,2025-02-01,356.05,340.45168739773544,27.872841172341783,304.7312041571448,376.17217063832607,0.8,35.58385416666667,
sarima_dcf,carbon,ITA,Europe,True,holdout,last12,3,2025-03-01,295.93,320.9927675343277,31.502012823810247,280.6213136821676,361.36422138648777,0.8,35.58385416666667,
sarima_dcf,carbon,ITA,Europe,True,holdout,last12,4,2025-04-01,242.36,294.9467457814585,33.80523299775696,251.62359650958308,338.2698950533339,0.8,35.58385416666667,
sarima_dcf,carbon,ITA,Europe,True,holdout,last12,5,2025-05-01,202.42,275.5678989073293,35.347983607093944,230.2676351768132,320.86816263784544,0.8,35.58385416666667,
sarima_dcf,carbon,ITA,Europe,True,holdout,last12,6,2025-06-01,242.56,285.7850264865759,36.42184363811909,239.10855575212372,332.461497221028,0.8,35.58385416666667,
sarima_dcf,carbon,ITA,Europe,True,holdout,last12,7,2025-07-01,268.96,314.4415668285342,37.19419563226725,266.7752871868299,362.1078464702384,0.8,35.58385416666667,
sarima_dcf,carbon,ITA,Europe,True,holdout,last12,8,2025-08-01,263.74,314.819649415973,37.767232934458974,266.4189929225295,363.2203059094165,0.8,35.58385416666667,
sarima_dcf,carbon,ITA,Europe,True,holdout,last12,9,2025-09-01,291.81,337.60445461090325,38.20589017188968,288.641636248093,386.5672729737135,0.8,35.58385416666667,
sarima_dcf,carbon,ITA,Europe,True,holdout,last12,10,2025-10-01,299.17,342.58149669239276,38.552563126888415,293.1743990613719,391.9885943234136,0.8,35.58385416666667,
sarima_dcf,carbon,ITA,Europe,True,holdout,last12,11,2025-11-01,345.15,346.2646956311953,38.83536333471896,296.49517495109285,396.03421631129777,0.8,35.58385416666667,
sarima_dcf,carbon,ITA,Europe,True,holdout,last12,12,2025-12-01,374.01,351.15405556703763,39.07285869823109,301.0801723320166,401.22793880205865,0.8,35.58385416666667,
sarima_dcf,carbon,ITA,Europe,True,rolling,2022-12-01,1,2023-01-01,416.3,420.9629766573393,20.309655425444365,394.9351059511897,446.9908473634889,0.8,27.91027777777778,
sarima_dcf,carbon,ITA,Europe,True,rolling,2022-12-01,2,2023-02-01,411.64,400.08540571885214,24.81398222809812,368.2850079470371,431.8858034906672,0.8,27.91027777777778,
sarima_dcf,carbon,ITA,Europe,True,rolling,2022-12-01,3,2023-03-01,376.44,379.34723817378415,26.791148766289215,345.0129995296079,413.6814768179604,0.8,27.91027777777778,
sarima_dcf,carbon,ITA,Europe,True,rolling,2022-12-01,4,2023-04-01,310.31,353.7933309899467,27.73815872151927,318.24545025505904,389.34121172483435,0.8,27.91027777777778,
sarima_dcf,carbon,ITA,Europe,True,rolling,2022-12-01,5,2023-05-01,284.13,329.82727395772724,28.210572258976512,293.67397091432684,365.98057700112764,0.8,27.91027777777778,
sarima_dcf,carbon,ITA,Europe,True,rolling,2022-12-01,6,2023-06-01,301.89,335.58352772600256,28.452921910799198,299.11964110689956,372.04741434510555,0.8,27.91027777777778,
sarima_dcf,carbon,ITA,Europe,True,rolling,2022-12-01,7,2023-07-01,327.8,360.4933256523502,28.580333375734185,323.8661546708915,397.12049663380895,0.8,27.91027777777778,
sarima_dcf,carbon,ITA,Europe,True,rolling,2022-12-01,8,2023-08-01,297.74,359.46630379548935,28.64863608740114,322.75159936696286,396.18100822401584,0.8,27.91027777777778,
sarima_dcf,carbon,ITA,Europe,True,rolling,2022-12-01,9,2023-09-01,329.62,383.9802383744798,28.684942829035197,347.2190049843724,420.74147176458723,0.8,27.91027777777778,
sarima_dcf,carbon,ITA,Europe,True,rolling,2022-12-01,10,2023-10-01,322.07,392.0926456088847,28.701517858473245,355.31017046385205,428.8751207539174,0.8,27.91027777777778,
sarima_dcf,carbon,ITA,Europe,True,rolling,2022-12-01,11,2023-11-01,292.51,392.903409179054,28.701631828860425,356.1207879750932,429.6860303830148,0.8,27.91027777777778,
sarima_dcf,carbon,ITA,Europe,True,rolling,2022-12-01,12,2023-12-01,333.17,393.31701875980826,28.680744513461047,356.56116572759754,430.072871792019,0.8,27.91027777777778,
sarima_dcf,carbon,ITA,Europe,True,rolling,2023-12-01,1,2024-01-01,325.67,347.91379507739344,20.829139093510598,321.2201792631587,374.6074108916282,0.8,32.63726190476191,
sarima_dcf,carbon,ITA,Europe,True,rolling,2023-12-01,2,2024-02-01,326.29,346.04980202217854,26.29718417638638,312.3486044715159,379.7509995728412,0.8,32.63726190476191,
sarima_dcf,carbon,ITA,Europe,True,rolling,2023-12-01,3,2024-03-01,270.67,336.2280521203497,29.10881150400739,298.9236091662463,373.53249507445304,0.8,32.63726190476191,
sarima_dcf,carbon,ITA,Europe,True,rolling,2023-12-01,4,2024-04-01,232.0,315.6199553541715,30.697660228870355,276.27932082930647,354.96058987903655,0.8,32.63726190476191,
sarima_dcf,carbon,ITA,Europe,True,rolling,2023-12-01,5,2024-05-01,219.44,298.51853838404463,31.638130890158404,257.97264221085715,339.0644345572321,0.8,32.63726190476191,
sarima_dcf,carbon,ITA,Europe,True,rolling,2023-12-01,6,2024-06-01,235.99,310.58037907128346,32.212727171248254,269.29810813450916,351.86265000805776,0.8,32.63726190476191,
sarima_dcf,carbon,ITA,Europe,True,rolling,2023-12-01,7,2024-07-01,280.12,339.50706561057837,32.573404206219216,297.7625684549811,381.25156276617565,0.8,32.63726190476191,
sarima_dcf,carbon,ITA,Europe,True,rolling,2023-12-01,8,2024-08-01,307.66,338.15245172241134,32.80577832047495,296.1101551568976,380.1947482879251,0.8,32.63726190476191,
sarima_dcf,carbon,ITA,Europe,True,rolling,2023-12-01,9,2024-09-01,301.04,365.57586903596876,32.95923673743978,323.3369075959477,407.8148304759898,0.8,32.63726190476191,
sarima_dcf,carbon,ITA,Europe,True,rolling,2023-12-01,10,2024-10-01,286.49,373.6468054016003,33.0622941293107,331.27577059968615,416.0178402035145,0.8,32.63726190476191,
sarima_dcf,carbon,ITA,Europe,True,rolling,2023-12-01,11,2024-11-01,342.27,372.10684918461266,33.13063213001328,329.6482357109119,414.56546265831344,0.8,32.63726190476191,
sarima_dcf,carbon,ITA,Europe,True,rolling,2023-12-01,12,2024-12-01,345.52,377.9047977139098,33.17105182684833,335.3943843144512,420.41521111336834,0.8,32.63726190476191,
sarima_dcf,carbon,ITA,Europe,True,rolling,2024-12-01,1,2025-01-01,333.33,348.72154053270526,21.53889411058181,321.1183370651898,376.32474400022073,0.8,35.58385416666667,
sarima_dcf,carbon,ITA,Europe,True,rolling,2024-12-01,2,2025-02-01,356.05,340.45168739773544,27.872841172341783,304.7312041571448,376.17217063832607,0.8,35.58385416666667,
sarima_dcf,carbon,ITA,Europe,True,rolling,2024-12-01,3,2025-03-01,295.93,320.9927675343277,31.502012823810247,280.6213136821676,361.36422138648777,0.8,35.58385416666667,
sarima_dcf,carbon,ITA,Europe,True,rolling,2024-12-01,4,2025-04-01,242.36,294.9467457814585,33.80523299775696,251.62359650958308,338.2698950533339,0.8,35.58385416666667,
sarima_dcf,carbon,ITA,Europe,True,rolling,2024-12-01,5,2025-05-01,202.42,275.5678989073293,35.347983607093944,230.2676351768132,320.86816263784544,0.8,35.58385416666667,
sarima_dcf,carbon,ITA,Europe,True,rolling,2024-12-01,6,2025-06-01,242.56,285.7850264865759,36.42184363811909,239.10855575212372,332.461497221028,0.8,35.58385416666667,
sarima_dcf,carbon,ITA,Europe,True,rolling,2024-12-01,7,2025-07-01,268.96,314.4415668285342,37.19419563226725,266.7752871868299,362.1078464702384,0.8,35.58385416666667,
sarima_dcf,carbon,ITA,Europe,True,rolling,2024-12-01,8,2025-08-01,263.74,314.819649415973,37.767232934458974,266.4189929225295,363.2203059094165,0.8,35.58385416666667,
sarima_dcf,carbon,ITA,Europe,True,rolling,2024-12-01,9,2025-09-01,291.81,337.60445461090325,38.20589017188968,288.641636248093,386.5672729737135,0.8,35.58385416666667,
sarima_dcf,carbon,ITA,Europe,True,rolling,2024-12-01,10,2025-10-01,299.17,342.58149669239276,38.552563126888415,293.1743990613719,391.9885943234136,0.8,35.58385416666667,
sarima_dcf,carbon,ITA,Europe,True,rolling,2024-12-01,11,2025-11-01,345.15,346.2646956311953,38.83536333471896,296.49517495109285,396.03421631129777,0.8,35.58385416666667,
sarima_dcf,carbon,ITA,Europe,True,rolling,2024-12-01,12,2025-12-01,374.01,351.15405556703763,39.07285869823109,301.0801723320166,401.22793880205865,0.8,35.58385416666667,
sarima_dcf,carbon,LTU,Europe,True,holdout,last12,1,2025-01-01,209.88,166.37439056823317,44.674961809468975,109.12112332066297,223.62765781580336,0.8,56.58712962962962,
sarima_dcf,carbon,LTU,Europe,True,holdout,last12,2,2025-02-01,274.19,157.60356568156564,51.93093193145397,91.05139856462073,224.15573279851054,0.8,56.58712962962962,
sarima_dcf,carbon,LTU,Europe,True,holdout,last12,3,2025-03-01,185.19,152.41713332243046,55.15510632944724,81.73302045814845,223.10124618671247,0.8,56.58712962962962,
sarima_dcf,carbon,LTU,Europe,True,holdout,last12,4,2025-04-01,176.47,159.32162574698253,57.19975773759251,86.01718666959898,232.6260648243661,0.8,56.58712962962962,
sarima_dcf,carbon,LTU,Europe,True,holdout,last12,5,2025-05-01,197.53,156.2022143537786,58.81083394784939,80.83309803692869,231.57133067062853,0.8,56.58712962962962,
sarima_dcf,carbon,LTU,Europe,True,holdout,last12,6,2025-06-01,77.92,162.2646016437628,60.23630018277202,85.06867684191683,239.46052644560876,0.8,56.58712962962962,
sarima_dcf,carbon,LTU,Europe,True,holdout,last12,7,2025-07-01,147.54,158.6914152254199,61.57032425102455,79.7858697904307,237.59696066040908,0.8,56.58712962962962,
sarima_dcf,carbon,LTU,Europe,True,holdout,last12,8,2025-08-01,150.0,167.719412060336,62.85157986040434,87.17187149328333,248.26695262738866,0.8,56.58712962962962,
sarima_dcf,carbon,LTU,Europe,True,holdout,last12,9,2025-09-01,161.29,163.29205682966963,64.09689433711402,81.14858154539432,245.43553211394493,0.8,56.58712962962962,
sarima_dcf,carbon,LTU,Europe,True,holdout,last12,10,2025-10-01,162.16,165.36899096481795,65.3140825325289,81.6656262431463,249.0723556864896,0.8,56.58712962962962,
sarima_dcf,carbon,LTU,Europe,True,holdout,last12,11,2025-11-01,181.82,164.7615190014285,66.50713151169077,79.52920049274056,249.99383751011644,0.8,56.58712962962962,
sarima_dcf,carbon,LTU,Europe,True,holdout,last12,12,2025-12-01,150.69,173.18670219425172,67.67835723014677,86.4533975324704,259.92000685603307,0.8,56.58712962962962,
sarima_dcf,carbon,LTU,Europe,True,rolling,2022-12-01,1,2023-01-01,138.89,202.43140136276926,48.067290712807335,140.8306896982836,264.0321130272549,0.8,62.30095238095238,
sarima_dcf,carbon,LTU,Europe,True,rolling,2022-12-01,2,2023-02-01,125.0,182.17750205937426,56.920317538755505,109.23118000628637,255.12382411246216,0.8,62.30095238095238,
sarima_dcf,carbon,LTU,Europe,True,rolling,2022-12-01,3,2023-03-01,119.05,193.93418084204694,60.979381581247196,115.78595891065802,272.0824027734359,0.8,62.30095238095238,
sarima_dcf,carbon,LTU,Europe,True,rolling,2022-12-01,4,2023-04-01,111.11,179.7236019447967,63.484666489049815,98.36472821767809,261.08247567191535,0.8,62.30095238095238,
sarima_dcf,carbon,LTU,Europe,True,rolling,2022-12-01,5,2023-05-01,121.21,176.57008719322786,65.37146993198498,92.79317755994074,260.346996826515,0.8,62.30095238095238,
sarima_dcf,carbon,LTU,Europe,True,rolling,2022-12-01,6,2023-06-01,171.43,186.75547120265324,66.977786411671,100.9199841700644,272.59095823524206,0.8,62.30095238095238,
sarima_dcf,carbon,LTU,Europe,True,rolling,2022-12-01,7,2023-07-01,105.26,196.7744163488082,68.44275936401624,109.06149093566081,284.4873417619556,0.8,62.30095238095238,
sarima_dcf,carbon,LTU,Europe,True,rolling,2022-12-01,8,2023-08-01,170.73,202.13431608483202,69.82849798611517,112.64549517109816,291.6231369985659,0.8,62.30095238095238,
sarima_dcf,carbon,LTU,Europe,True,rolling,2022-12-01,9,2023-09-01,162.79,176.59756267145673,71.16424138962611,85.39691770778754,267.7982076351259,0.8,62.30095238095238,
sarima_dcf,carbon,LTU,Europe,True,rolling,2022-12-01,10,2023-10-01,135.59,180.03556635128382,72.46436538656228,87.16874544393899,272.90238725862866,0.8,62.30095238095238,
sarima_dcf,carbon,LTU,Europe,True,rolling,2022-12-01,11,2023-11-01,150.0,185.2946255393302,73.73628972936183,90.79776799921632,279.7914830794441,0.8,62.30095238095238,
sarima_dcf,carbon,LTU,Europe,True,rolling,2022-12-01,12,2023-12-01,178.57,198.4818487186234,74.98410309733856,102.38585400327146,294.5778434339754,0.8,62.30095238095238,
sarima_dcf,carbon,LTU,Europe,True,rolling,2023-12-01,1,2024-01-01,151.52,142.26462854995077,46.63908027582465,82.4942422069074,202.03501489299413,0.8,61.1353125,
sarima_dcf,carbon,LTU,Europe,True,rolling,2023-12-01,2,2024-02-01,134.62,135.51381833480556,54.3208576233547,65.89883820587,205.12879846374113,0.8,61.1353125,
sarima_dcf,carbon,LTU,Europe,True,rolling,2023-12-01,3,2024-03-01,105.26,142.28672472048748,57.74503700336827,68.28348214639,216.28996729458498,0.8,61.1353125,
sarima_dcf,carbon,LTU,Europe,True,rolling,2023-12-01,4,2024-04-01,155.17,135.75693509349887,59.90961745266089,58.97967105586319,212.53419913113453,0.8,61.1353125,
sarima_dcf,carbon,LTU,Europe,True,rolling,2023-12-01,5,2024-05-01,137.93,137.1491245278905,61.60718759037832,58.1963368226413,216.10191223313973,0.8,61.1353125,
sarima_dcf,carbon,LTU,Europe,True,rolling,2023-12-01,6,2024-06-01,145.46,152.20831734107486,63.10364528288058,71.33774193722812,233.0788927449216,0.8,61.1353125,
sarima_dcf,carbon,LTU,Europe,True,rolling,2023-12-01,7,2024-07-01,142.86,144.17915120500447,64.50088821599117,61.517936932783726,226.84036547722522,0.8,61.1353125,
sarima_dcf,carbon,LTU,Europe,True,rolling,2023-12-01,8,2024-08-01,163.64,159.0731461209723,65.84115517370402,74.69431063084694,243.45198161109766,0.8,61.1353125,
sarima_dcf,carbon,LTU,Europe,True,rolling,2023-12-01,9,2024-09-01,160.71,146.1775712737256,67.1429774482615,60.13038340958026,232.22475913787093,0.8,61.1353125,
sarima_dcf,carbon,LTU,Europe,True,rolling,2023-12-01,10,2024-10-01,178.57,142.18630389003172,68.4150029361516,54.50894977046822,229.8636580095952,0.8,61.1353125,
sarima_dcf,carbon,LTU,Europe,True,rolling,2023-12-01,11,2024-11-01,166.67,146.8637157776403,69.66163669667529,57.5887362106169,236.1386953446637,0.8,61.1353125,
sarima_dcf,carbon,LTU,Europe,True,rolling,2023-12-01,12,2024-12-01,191.78,158.1064560653793,70.88541370271415,67.2631431603893,248.9497689703693,0.8,61.1353125,
sarima_dcf,carbon,LTU,Europe,True,rolling,2024-12-01,1,2025-01-01,209.88,166.37439056823317,44.674961809468975,109.12112332066297,223.62765781580336,0.8,56.58712962962962,
sarima_dcf,carbon,LTU,Europe,True,rolling,2024-12-01,2,2025-02-01,274.19,157.60356568156564,51.93093193145397,91.05139856462073,224.15573279851054,0.8,56.58712962962962,
sarima_dcf,carbon,LTU,Europe,True,rolling,2024-12-01,3,2025-03-01,185.19,152.41713332243046,55.15510632944724,81.73302045814845,223.10124618671247,0.8,56.58712962962962,
sarima_dcf,carbon,LTU,Europe,True,rolling,2024-12-01,4,2025-04-01,176.47,159.32162574698253,57.19975773759251,86.01718666959898,232.6260648243661,0.8,56.58712962962962,
sarima_dcf,carbon,LTU,Europe,True,rolling,2024-12-01,5,2025-05-01,197.53,156.2022143537786,58.81083394784939,80.83309803692869,231.57133067062853,0.8,56.58712962962962,
sarima_dcf,carbon,LTU,Europe,True,rolling,2024-12-01,6,2025-06-01,77.92,162.2646016437628,60.23630018277202,85.06867684191683,239.46052644560876,0.8,56.58712962962962,
sarima_dcf,carbon,LTU,Europe,True,rolling,2024-12-01,7,2025-07-01,147.54,158.6914152254199,61.57032425102455,79.7858697904307,237.59696066040908,0.8,56.58712962962962,
sarima_dcf,carbon,LTU,Europe,True,rolling,2024-12-01,8,2025-08-01,150.0,167.719412060336,62.85157986040434,87.17187149328333,248.26695262738866,0.8,56.58712962962962,
sarima_dcf,carbon,LTU,Europe,True,rolling,2024-12-01,9,2025-09-01,161.29,163.29205682966963,64.09689433711402,81.14858154539432,245.43553211394493,0.8,56.58712962962962,
sarima_dcf,carbon,LTU,Europe,True,rolling,2024-12-01,10,2025-10-01,162.16,165.36899096481795,65.3140825325289,81.6656262431463,249.0723556864896,0.8,56.58712962962962,
sarima_dcf,carbon,LTU,Europe,True,rolling,2024-12-01,11,2025-11-01,181.82,164.7615190014285,66.50713151169077,79.52920049274056,249.99383751011644,0.8,56.58712962962962,
sarima_dcf,carbon,LTU,Europe,True,rolling,2024-12-01,12,2025-12-01,150.69,173.18670219425172,67.67835723014677,86.4533975324704,259.92000685603307,0.8,56.58712962962962,
sarima_dcf,carbon,LUX,Europe,True,holdout,last12,1,2025-01-01,166.67,127.39521345605834,53.008495775476256,59.46209270783241,195.32833420428426,0.8,58.45986111111112,
sarima_dcf,carbon,LUX,Europe,True,holdout,last12,2,2025-02-01,125.0,120.6586963946471,60.28925945655864,43.39490155256976,197.92249123672443,0.8,58.45986111111112,
sarima_dcf,carbon,LUX,Europe,True,holdout,last12,3,2025-03-01,142.86,123.70571056123505,62.54048116435332,43.55685901514546,203.85456210732463,0.8,58.45986111111112,
sarima_dcf,carbon,LUX,Europe,True,holdout,last12,4,2025-04-01,83.33,112.72726475913022,63.433808679798304,31.433567937078053,194.0209615811824,0.8,58.45986111111112,
sarima_dcf,carbon,LUX,Europe,True,holdout,last12,5,2025-05-01,76.92,116.34195714129245,63.88874401155127,34.46523723261072,198.2186770499742,0.8,58.45986111111112,
sarima_dcf,carbon,LUX,Europe,True,holdout,last12,6,2025-06-01,83.33,117.89642505687225,64.18103081126947,35.64512454242363,200.14772557132085,0.8,58.45986111111112,
sarima_dcf,carbon,LUX,Europe,True,holdout,last12,7,2025-07-01,90.91,113.84040772317113,64.40572119772065,31.301154892203172,196.3796605541391,0.8,58.45986111111112,
sarima_dcf,carbon,LUX,Europe,True,holdout,last12,8,2025-08-01,90.91,147.34704139974417,64.59991106278652,64.55892424318816,230.13515855630018,0.8,58.45986111111112,
sarima_dcf,carbon,LUX,Europe,True,holdout,last12,9,2025-09-01,100.0,144.06862012973323,64.77954923384057,61.05028739383134,227.0869528656351,0.8,58.45986111111112,
sarima_dcf,carbon,LUX,Europe,True,holdout,last12,10,2025-10-01,0.0,147.07819517262092,64.9519482928288,63.83892415277424,230.3174661924676,0.8,58.45986111111112,
sarima_dcf,carbon,LUX,Europe,True,holdout,last12,11,2025-11-01,100.0,124.85648300010686,65.12059090665187,41.4010877744977,208.31187822571604,0.8,58.45986111111112,
sarima_dcf,carbon,LUX,Europe,True,holdout,last12,12,2025-12-01,83.33,125.04277276312274,65.28717100319547,41.37389655399956,208.71164897224594,0.8,58.45986111111112,
sarima_dcf,carbon,LUX,Europe,True,rolling,2022-12-01,1,2023-01-01,100.0,158.87913371062123,56.03676162647153,87.06513412016706,230.69313330107542,0.8,56.19208333333333,
sarima_dcf,carbon,LUX,Europe,True,rolling,2022-12-01,2,2023-02-01,100.0,152.66824684490786,61.22037840133441,74.2111750614449,231.1253186283708,0.8,56.19208333333333,
sarima_dcf,carbon,LUX,Europe,True,rolling,2022-12-01,3,2023-03-01,83.33,203.03248900742375,62.23294082374692,123.27776626630641,282.7872117485411,0.8,56.19208333333333,
sarima_dcf,carbon,LUX,Europe,True,rolling,2022-12-01,4,2023-04-01,90.91,142.2310069454812,62.46309496309901,62.181329806760615,222.28068408420177,0.8,56.19208333333333,
sarima_dcf,carbon,LUX,Europe,True,rolling,2022-12-01,5,2023-05-01,90.91,181.21020029918216,62.524984651847696,101.08120833295463,261.3391922654097,0.8,56.19208333333333,
sarima_dcf,carbon,LUX,Europe,True,rolling,2022-12-01,6,2023-06-01,125.0,184.34332148780527,62.54481473800525,104.18891624361764,264.4977267319929,0.8,56.19208333333333,
sarima_dcf,carbon,LUX,Europe,True,rolling,2022-12-01,7,2023-07-01,125.0,184.75638978696622,62.55211036050564,104.59263482634161,264.9201447475908,0.8,56.19208333333333,
sarima_dcf,carbon,LUX,Europe,True,rolling,2022-12-01,8,2023-08-01,111.11,194.20822132969954,62.55504109725724,114.04071047880271,274.3757321805964,0.8,56.19208333333333,
sarima_dcf,carbon,LUX,Europe,True,rolling,2022-12-01,9,2023-09-01,142.86,148.0882939584655,62.556286040499664,67.91918764860732,228.2574002683237,0.8,56.19208333333333,
sarima_dcf,carbon,LUX,Europe,True,rolling,2022-12-01,10,2023-10-01,111.11,199.66110232137123,62.556842284407566,119.49128315626206,279.8309214864804,0.8,56.19208333333333,
sarima_dcf,carbon,LUX,Europe,True,rolling,2022-12-01,11,2023-11-01,0.0,153.90959203588707,62.55710907694975,73.7394309623778,234.07975310939634,0.8,56.19208333333333,
sarima_dcf,carbon,LUX,Europe,True,rolling,2022-12-01,12,2023-12-01,0.0,156.91273216598938,62.55725164666269,76.74238838204128,237.0830759499375,0.8,56.19208333333333,
sarima_dcf,carbon,LUX,Europe,True,rolling,2023-12-01,1,2024-01-01,90.91,38.59161987194986,55.80339309686708,-32.923305914040895,110.10654565794061,0.8,62.87766666666667,
sarima_dcf,carbon,LUX,Europe,True,rolling,2023-12-01,2,2024-02-01,90.91,65.90726911790999,63.314288596146994,-15.23325655382483,147.0477947896448,0.8,62.87766666666667,
sarima_dcf,carbon,LUX,Europe,True,rolling,2023-12-01,3,2024-03-01,100.0,57.09179120223078,65.86922240965171,-27.32301389806385,141.5065963025254,0.8,62.87766666666667,
sarima_dcf,carbon,LUX,Europe,True,rolling,2023-12-01,4,2024-04-01,83.33,85.6658856476953,67.10917907702408,-0.3379878608778455,171.66975915626847,0.8,62.87766666666667,
sarima_dcf,carbon,LUX,Europe,True,rolling,2023-12-01,5,2024-05-01,90.91,75.08563548736669,67.91406696825544,-11.949743358301902,162.12101433303528,0.8,62.87766666666667,
sarima_dcf,carbon,LUX,Europe,True,rolling,2023-12-01,6,2024-06-01,100.0,83.87900020229148,68.55182565212445,-3.9736992831291076,171.73169968771208,0.8,62.87766666666667,
sarima_dcf,carbon,LUX,Europe,True,rolling,2023-12-01,7,2024-07-01,90.91,84.09732910244301,69.11844004777446,-4.481515948782942,172.67617415366897,0.8,62.87766666666667,
sarima_dcf,carbon,LUX,Europe,True,rolling,2023-12-01,8,2024-08-01,166.67,74.92241846557572,69.65223272494707,-14.340509426757052,164.1853463579085,0.8,62.87766666666667,
sarima_dcf,carbon,LUX,Europe,True,rolling,2023-12-01,9,2024-09-01,166.67,99.59754958734199,70.16950006901577,9.67171692041289,189.5233822542711,0.8,62.87766666666667,
sarima_dcf,carbon,LUX,Europe,True,rolling,2023-12-01,10,2024-10-01,166.67,78.88201931782751,70.67741716215627,-11.694735294982664,169.45877393063768,0.8,62.87766666666667,
sarima_dcf,carbon,LUX,Europe,True,rolling,2023-12-01,11,2024-11-01,100.0,48.78376532215031,71.17921348614813,-42.43606715525616,140.0035977995568,0.8,62.87766666666667,
sarima_dcf,carbon,LUX,Europe,True,rolling,2023-12-01,12,2024-12-01,100.0,46.16151150860516,71.67637377439348,-45.69545751452874,138.01848053173904,0.8,62.87766666666667,
sarima_dcf,carbon,LUX,Europe,True,rolling,2024-12-01,1,2025-01-01,166.67,127.39521345605834,53.008495775476256,59.46209270783241,195.32833420428426,0.8,58.45986111111112,
sarima_dcf,carbon,LUX,Europe,True,rolling,2024-12-01,2,2025-02-01,125.0,120.6586963946471,60.28925945655864,43.39490155256976,197.92249123672443,0.8,58.45986111111112,
sarima_dcf,carbon,LUX,Europe,True,rolling,2024-12-01,3,2025-03-01,142.86,123.70571056123505,62.54048116435332,43.55685901514546,203.85456210732463,0.8,58.45986111111112,
sarima_dcf,carbon,LUX,Europe,True,rolling,2024-12-01,4,2025-04-01,83.33,112.72726475913022,63.433808679798304,31.433567937078053,194.0209615811824,0.8,58.45986111111112,
sarima_dcf,carbon,LUX,Europe,True,rolling,2024-12-01,5,2025-05-01,76.92,116.34195714129245,63.88874401155127,34.46523723261072,198.2186770499742,0.8,58.45986111111112,
sarima_dcf,carbon,LUX,Europe,True,rolling,2024-12-01,6,2025-06-01,83.33,117.89642505687225,64.18103081126947,35.64512454242363,200.14772557132085,0.8,58.45986111111112,
sarima_dcf,carbon,LUX,Europe,True,rolling,2024-12-01,7,2025-07-01,90.91,113.84040772317113,64.40572119772065,31.301154892203172,196.3796605541391,0.8,58.45986111111112,
sarima_dcf,carbon,LUX,Europe,True,rolling,2024-12-01,8,2025-08-01,90.91,147.34704139974417,64.59991106278652,64.55892424318816,230.13515855630018,0.8,58.45986111111112,
sarima_dcf,carbon,LUX,Europe,True,rolling,2024-12-01,9,2025-09-01,100.0,144.06862012973323,64.77954923384057,61.05028739383134,227.0869528656351,0.8,58.45986111111112,
sarima_dcf,carbon,LUX,Europe,True,rolling,2024-12-01,10,2025-10-01,0.0,147.07819517262092,64.9519482928288,63.83892415277424,230.3174661924676,0.8,58.45986111111112,
sarima_dcf,carbon,LUX,Europe,True,rolling,2024-12-01,11,2025-11-01,100.0,124.85648300010686,65.12059090665187,41.4010877744977,208.31187822571604,0.8,58.45986111111112,
sarima_dcf,carbon,LUX,Europe,True,rolling,2024-12-01,12,2025-12-01,83.33,125.04277276312274,65.28717100319547,41.37389655399956,208.71164897224594,0.8,58.45986111111112,
sarima_dcf,carbon,LVA,Europe,True,holdout,last12,1,2025-01-01,163.93,152.52030025371357,53.9906851588538,83.32845316355886,221.71214734386828,0.8,67.84648148148149,
sarima_dcf,carbon,LVA,Europe,True,holdout,last12,2,2025-02-01,250.0,136.15300543998282,62.935734363692916,55.49761653749306,216.80839434247258,0.8,67.84648148148149,
sarima_dcf,carbon,LVA,Europe,True,holdout,last12,3,2025-03-01,145.46,89.71497844569429,66.36348810729935,4.666746366784338,174.76321052460423,0.8,67.84648148148149,
sarima_dcf,carbon,LVA,Europe,True,holdout,last12,4,2025-04-01,95.24,57.81066848021077,68.0664148876528,-29.41995208006896,145.0412890404905,0.8,67.84648148148149,
sarima_dcf,carbon,LVA,Europe,True,holdout,last12,5,2025-05-01,75.0,78.54637778004667,69.11978888344557,-10.03419587364526,167.1269514337386,0.8,67.84648148148149,
sarima_dcf,carbon,LVA,Europe,True,holdout,last12,6,2025-06-01,41.67,125.90001585993285,69.89632819379135,36.32426703736036,215.47576468250534,0.8,67.84648148148149,
sarima_dcf,carbon,LVA,Europe,True,holdout,last12,7,2025-07-01,104.17,137.05242914698186,70.54398044226993,46.64668057144317,227.45817772252056,0.8,67.84648148148149,
sarima_dcf,carbon,LVA,Europe,True,holdout,last12,8,2025-08-01,113.64,157.9736737747474,71.12800501927231,66.81946758823477,249.12787996126002,0.8,67.84648148148149,
sarima_dcf,carbon,LVA,Europe,True,holdout,last12,9,2025-09-01,121.21,172.05038489400616,71.67974204464858,80.18909925885366,263.91167052915864,0.8,67.84648148148149,
sarima_dcf,carbon,LVA,Europe,True,holdout,last12,10,2025-10-01,181.82,140.9027135673026,72.21556762191848,48.35473982474103,233.45068730986418,0.8,67.84648148148149,
sarima_dcf,carbon,LVA,Europe,True,holdout,last12,11,2025-11-01,212.77,155.72707703823974,72.74475976119062,62.500916281120055,248.95323779535943,0.8,67.84648148148149,
sarima_dcf,carbon,LVA,Europe,True,holdout,last12,12,2025-12-01,137.26,145.9256087967053,73.27113660908965,52.02486896609416,239.8263486273164,0.8,67.84648148148149,
sarima_dcf,carbon,LVA,Europe,True,rolling,2022-12-01,1,2023-01-01,123.6,258.4123370196302,56.01569491483351,186.62533550645657,330.1993385328038,0.8,74.40988095238095,
sarima_dcf,carbon,LVA,Europe,True,rolling,2022-12-01,2,2023-02-01,169.23,232.3182498161781,67.29807940234207,146.07229079996182,318.5642088323944,0.8,74.40988095238095,
sarima_dcf,carbon,LVA,Europe,True,rolling,2022-12-01,3,2023-03-01,109.76,190.66367132529558,71.89218435997073,98.53012990835406,282.7972127422371,0.8,74.40988095238095,
sarima_dcf,carbon,LVA,Europe,True,rolling,2022-12-01,4,2023-04-01,31.25,163.13245902139477,73.99437168859261,68.30485614238985,257.9600619003997,0.8,74.40988095238095,
sarima_dcf,carbon,LVA,Europe,True,rolling,2022-12-01,5,2023-05-01,58.82,183.65907777013754,75.03903231651775,87.49268842795236,279.8254671123227,0.8,74.40988095238095,
sarima_dcf,carbon,LVA,Europe,True,rolling,2022-12-01,6,2023-06-01,157.9,225.16721516497643,75.60300410622169,128.27806689277315,322.0563634371797,0.8,74.40988095238095,
sarima_dcf,carbon,LVA,Europe,True,rolling,2022-12-01,7,2023-07-01,76.92,235.0302123937911,75.9365942971042,137.71355109021204,332.34687369737014,0.8,74.40988095238095,
sarima_dcf,carbon,LVA,Europe,True,rolling,2022-12-01,8,2023-08-01,173.91,245.55610318956377,76.15452865692825,147.96014776596624,343.15205861316133,0.8,74.40988095238095,
sarima_dcf,carbon,LVA,Europe,True,rolling,2022-12-01,9,2023-09-01,222.22,251.96326664804064,76.31211965339375,154.16535023620702,349.76118305987427,0.8,74.40988095238095,
sarima_dcf,carbon,LVA,Europe,True,rolling,2022-12-01,10,2023-10-01,185.19,226.78513786746342,76.43707929690429,128.82707922885896,324.7431965060679,0.8,74.40988095238095,
sarima_dcf,carbon,LVA,Europe,True,rolling,2022-12-01,11,2023-11-01,191.49,236.39544968741959,76.54249182477743,138.3022994586913,334.4885999161479,0.8,74.40988095238095,
sarima_dcf,carbon,LVA,Europe,True,rolling,2022-12-01,12,2023-12-01,157.9,232.80576109345537,76.63009173389979,134.60034706404974,331.011175122861,0.8,74.40988095238095,
sarima_dcf,carbon,LVA,Europe,True,rolling,2023-12-01,1,2024-01-01,225.0,144.72142569219864,55.699004840896535,73.3402788390714,216.10257254532587,0.8,71.71729166666667,
sarima_dcf,carbon,LVA,Europe,True,rolling,2023-12-01,2,2024-02-01,186.67,137.16093765443702,65.22991472618459,53.56543831675438,220.75643699211966,0.8,71.71729166666667,
sarima_dcf,carbon,LVA,Europe,True,rolling,2023-12-01,3,2024-03-01,97.83,98.53166079464656,68.9858330821874,10.122758407770817,186.9405631815223,0.8,71.71729166666667,
sarima_dcf,carbon,LVA,Europe,True,rolling,2023-12-01,4,2024-04-01,62.5,68.70527167437635,70.89609067362385,-22.151724319398227,159.56226766815092,0.8,71.71729166666667,
sarima_dcf,carbon,LVA,Europe,True,rolling,2023-12-01,5,2024-05-01,41.67,93.1824276891081,72.09671661832878,0.7867676362634342,185.57808774195274,0.8,71.71729166666667,
sarima_dcf,carbon,LVA,Europe,True,rolling,2023-12-01,6,2024-06-01,45.46,142.29207790631222,72.98933540700567,48.75248084740417,235.83167496522026,0.8,71.71729166666667,
sarima_dcf,carbon,LVA,Europe,True,rolling,2023-12-01,7,2024-07-01,137.93,141.82128680518332,73.73609674369082,47.32467658615823,236.3178970242084,0.8,71.71729166666667,
sarima_dcf,carbon,LVA,Europe,True,rolling,2023-12-01,8,2024-08-01,161.29,166.44601296816495,74.40944642998146,71.08647040451514,261.8055555318148,0.8,71.71729166666667,
sarima_dcf,carbon,LVA,Europe,True,rolling,2023-12-01,9,2024-09-01,200.0,179.4075206917256,75.0443935142379,83.23426069820898,275.58078068524225,0.8,71.71729166666667,
sarima_dcf,carbon,LVA,Europe,True,rolling,2023-12-01,10,2024-10-01,142.86,148.08517183294668,75.6591035807693,51.124129191310715,245.04621447458265,0.8,71.71729166666667,
sarima_dcf,carbon,LVA,Europe,True,rolling,2023-12-01,11,2024-11-01,200.0,161.84998504983108,76.2636909349027,64.11413253799698,259.5858375616652,0.8,71.71729166666667,
sarima_dcf,carbon,LVA,Europe,True,rolling,2023-12-01,12,2024-12-01,162.16,156.32079578712654,76.86310018665462,57.816769410307856,254.8248221639452,0.8,71.71729166666667,
sarima_dcf,carbon,LVA,Europe,True,rolling,2024-12-01,1,2025-01-01,163.93,152.52030025371357,53.9906851588538,83.32845316355886,221.71214734386828,0.8,67.84648148148149,
sarima_dcf,carbon,LVA,Europe,True,rolling,2024-12-01,2,2025-02-01,250.0,136.15300543998282,62.935734363692916,55.49761653749306,216.80839434247258,0.8,67.84648148148149,
sarima_dcf,carbon,LVA,Europe,True,rolling,2024-12-01,3,2025-03-01,145.46,89.71497844569429,66.36348810729935,4.666746366784338,174.76321052460423,0.8,67.84648148148149,
sarima_dcf,carbon,LVA,Europe,True,rolling,2024-12-01,4,2025-04-01,95.24,57.81066848021077,68.0664148876528,-29.41995208006896,145.0412890404905,0.8,67.84648148148149,
sarima_dcf,carbon,LVA,Europe,True,rolling,2024-12-01,5,2025-05-01,75.0,78.54637778004667,69.11978888344557,-10.03419587364526,167.1269514337386,0.8,67.84648148148149,
sarima_dcf,carbon,LVA,Europe,True,rolling,2024-12-01,6,2025-06-01,41.67,125.90001585993285,69.89632819379135,36.32426703736036,215.47576468250534,0.8,67.84648148148149,
sarima_dcf,carbon,LVA,Europe,True,rolling,2024-12-01,7,2025-07-01,104.17,137.05242914698186,70.54398044226993,46.64668057144317,227.45817772252056,0.8,67.84648148148149,
sarima_dcf,carbon,LVA,Europe,True,rolling,2024-12-01,8,2025-08-01,113.64,157.9736737747474,71.12800501927231,66.81946758823477,249.12787996126002,0.8,67.84648148148149,
sarima_dcf,carbon,LVA,Europe,True,rolling,2024-12-01,9,2025-09-01,121.21,172.05038489400616,71.67974204464858,80.18909925885366,263.91167052915864,0.8,67.84648148148149,
sarima_dcf,carbon,LVA,Europe,True,rolling,2024-12-01,10,2025-10-01,181.82,140.9027135673026,72.21556762191848,48.35473982474103,233.45068730986418,0.8,67.84648148148149,
sarima_dcf,carbon,LVA,Europe,True,rolling,2024-12-01,11,2025-11-01,212.77,155.72707703823974,72.74475976119062,62.500916281120055,248.95323779535943,0.8,67.84648148148149,
sarima_dcf,carbon,LVA,Europe,True,rolling,2024-12-01,12,2025-12-01,137.26,145.9256087967053,73.27113660908965,52.02486896609416,239.8263486273164,0.8,67.84648148148149,
sarima_dcf,carbon,MDA,Europe,False,holdout,last12,1,2023-09-01,720.93,714.1416215949987,15.14063363949001,694.738118850973,733.5451243390244,0.8,14.626562500000013,
sarima_dcf,carbon,MDA,Europe,False,holdout,last12,2,2023-10-01,708.33,713.4584473033291,15.669881023360077,693.3766867459443,733.5402078607138,0.8,14.626562500000013,
sarima_dcf,carbon,MDA,Europe,False,holdout,last12,3,2023-11-01,702.13,706.8315709424903,15.76879860614935,686.6230424020221,727.0400994829586,0.8,14.626562500000013,
sarima_dcf,carbon,MDA,Europe,False,holdout,last12,4,2023-12-01,702.13,716.2140921149489,15.822636426098875,695.9365676320389,736.491616597859,0.8,14.626562500000013,
sarima_dcf,carbon,MDA,Europe,False,holdout,last12,5,2024-01-01,717.39,716.9555885513965,15.78486414638479,696.7264711926883,737.1847059101048,0.8,14.626562500000013,
sarima_dcf,carbon,MDA,Europe,False,holdout,last12,6,2024-02-01,711.11,718.3174516125184,15.826772943337897,698.0346259694649,738.600277255572,0.8,14.626562500000013,
sarima_dcf,carbon,MDA,Europe,False,holdout,last12,7,2024-03-01,714.29,711.4390097966196,15.868267198351614,691.103007126092,731.7750124671472,0.8,14.626562500000013,
sarima_dcf,carbon,MDA,Europe,False,holdout,last12,8,2024-04-01,704.55,705.3319391413205,15.909591317411218,684.9429774813174,725.7209008013236,0.8,14.626562500000013,
sarima_dcf,carbon,MDA,Europe,False,holdout,last12,9,2024-05-01,697.67,702.0152864646045,15.95079584451978,681.5735190783779,722.4570538508311,0.8,14.626562500000013,
sarima_dcf,carbon,MDA,Europe,False,holdout,last12,10,2024-06-01,720.93,701.8970792550008,15.99189216406475,681.4026448161231,722.3915136938784,0.8,14.626562500000013,
sarima_dcf,carbon,MDA,Europe,False,holdout,last12,11,2024-07-01,714.29,701.7461734569683,16.032885252689066,681.1992042611877,722.293142652749,0.8,14.626562500000013,
sarima_dcf,carbon,MDA,Europe,False,holdout,last12,12,2024-08-01,702.13,713.9022490989751,16.07378652338123,693.3028628157061,734.501635382244,0.8,14.626562500000013,
sarima_dcf,carbon,MDA,Europe,False,rolling,2022-12-01,1,2023-01-01,733.33,715.4176749543857,16.361225433363625,694.4499208860304,736.3854290227409,0.8,15.044166666666683,
sarima_dcf,carbon,MDA,Europe,False,rolling,2022-12-01,2,2023-02-01,717.95,718.9916767584507,17.089500435810866,697.0906007205622,740.8927527963392,0.8,15.044166666666683,
sarima_dcf,carbon,MDA,Europe,False,rolling,2022-12-01,3,2023-03-01,717.39,716.2767997653293,17.20388035454411,694.2291399635213,738.3244595671373,0.8,15.044166666666683,
sarima_dcf,carbon,MDA,Europe,False,rolling,2022-12-01,4,2023-04-01,690.48,712.4592735319818,17.24653532147587,690.3569491905241,734.5615978734395,0.8,15.044166666666683,
sarima_dcf,carbon,MDA,Europe,False,rolling,2022-12-01,5,2023-05-01,697.67,710.1208498939365,17.276211949495636,687.98049342338,732.2612063644929,0.8,15.044166666666683,
sarima_dcf,carbon,MDA,Europe,False,rolling,2022-12-01,6,2023-06-01,697.67,711.6818803741916,17.302879169676235,689.507348485864,733.8564122625191,0.8,15.044166666666683,
sarima_dcf,carbon,MDA,Europe,False,rolling,2022-12-01,7,2023-07-01,702.13,711.6129099137607,17.328765361567093,689.4052035356895,733.820616291832,0.8,15.044166666666683,
sarima_dcf,carbon,MDA,Europe,False,rolling,2022-12-01,8,2023-08-01,717.39,715.5025618031337,17.354420954619886,693.2619764596207,737.7431471466468,0.8,15.044166666666683,
sarima_dcf,carbon,MDA,Europe,False,rolling,2022-12-01,9,2023-09-01,720.93,715.047556889433,17.37997913629919,692.7742174181764,737.3208963606897,0.8,15.044166666666683,
sarima_dcf,carbon,MDA,Europe,False,rolling,2022-12-01,10,2023-10-01,708.33,716.0205343529435,17.4054449352927,693.7145591471188,738.3265095587682,0.8,15.044166666666683,
sarima_dcf,carbon,MDA,Europe,False,rolling,2022-12-01,11,2023-11-01,702.13,709.0032503358441,17.430699237669806,686.6649104392712,731.3415902324169,0.8,15.044166666666683,
sarima_dcf,carbon,MDA,Europe,False,rolling,2022-12-01,12,2023-12-01,702.13,716.5942693468941,17.4551400991177,694.2246072260695,738.9639314677187,0.8,15.044166666666683,
sarima_dcf,carbon,MKD,Europe,False,holdout,last12,1,2024-03-01,555.56,666.1515582995619,73.29459486255178,572.2207555075014,760.0823610916224,0.8,118.73324324324322,
sarima_dcf,carbon,MKD,Europe,False,holdout,last12,2,2024-04-01,617.02,660.562131063635,88.29611815528885,547.4061026102136,773.7181595170564,0.8,118.73324324324322,
sarima_dcf,carbon,MKD,Europe,False,holdout,last12,3,2024-05-01,565.22,657.0454541886351,94.37643455428316,536.097186735076,777.9937216421941,0.8,118.73324324324322,
sarima_dcf,carbon,MKD,Europe,False,holdout,last12,4,2024-06-01,600.0,655.4248707629046,97.09078164955203,530.9980275399722,779.8517139858369,0.8,118.73324324324322,
sarima_dcf,carbon,MKD,Europe,False,holdout,last12,5,2024-07-01,456.14,663.4120692682296,98.36976507903752,537.3461428289345,789.4779957075248,0.8,118.73324324324322,
sarima_dcf,carbon,MKD,Europe,False,holdout,last12,6,2024-08-01,517.86,656.5880165957905,99.00043467777886,529.713854544887,783.4621786466939,0.8,118.73324324324322,
sarima_dcf,carbon,MKD,Europe,False,holdout,last12,7,2024-09-01,530.61,651.4734759011285,99.32583649620729,524.182294640387,778.76465716187,0.8,118.73324324324322,
sarima_dcf,carbon,MKD,Europe,False,holdout,last12,8,2024-10-01,595.24,656.7189973351077,99.50168704387566,529.2024545296999,784.2355401405155,0.8,118.73324324324322,
sarima_dcf,carbon,MKD,Europe,False,holdout,last12,9,2024-11-01,639.34,652.6365892057961,99.60114378885058,524.9925874531618,780.2805909584304,0.8,118.73324324324322,
sarima_dcf,carbon,MKD,Europe,False,holdout,last12,10,2024-12-01,571.43,651.9438835812916,99.65982900091208,524.2246737032656,779.6630934593177,0.8,118.73324324324322,
sarima_dcf,carbon,MKD,Europe,False,holdout,last12,11,2025-01-01,515.15,653.6344314088536,99.69578699314152,525.8691395095921,781.3997233081152,0.8,118.73324324324322,
sarima_dcf,carbon,MKD,Europe,False,holdout,last12,12,2025-02-01,608.7,642.4693515967675,99.71861899005178,514.6747993161212,770.2639038774139,0.8,118.73324324324322,
sarima_dcf,carbon,MKD,Europe,False,rolling,2022-12-01,1,2023-01-01,604.94,625.4599530799534,76.81523610270234,527.0172669948571,723.9026391650497,0.8,125.03083333333333,
sarima_dcf,carbon,MKD,Europe,False,rolling,2022-12-01,2,2023-02-01,610.39,625.6089194611212,92.08507638778134,507.5971456530659,743.6206932691765,0.8,125.03083333333333,
sarima_dcf,carbon,MKD,Europe,False,rolling,2022-12-01,3,2023-03-01,565.79,641.2830119668264,98.12403772914021,515.5319977974893,767.0340261361634,0.8,125.03083333333333,
sarima_dcf,carbon,MKD,Europe,False,rolling,2022-12-01,4,2023-04-01,558.82,652.0437748060166,100.76323571690794,522.9104923236737,781.1770572883595,0.8,125.03083333333333,
sarima_dcf,carbon,MKD,Europe,False,rolling,2022-12-01,5,2023-05-01,600.0,646.726995276463,101.98642780824942,516.0261290544995,777.4278614984264,0.8,125.03083333333333,
sarima_dcf,carbon,MKD,Europe,False,rolling,2022-12-01,6,2023-06-01,614.04,644.1867293266971,102.58292207326117,512.7214249455695,775.6520337078247,0.8,125.03083333333333,
sarima_dcf,carbon,MKD,Europe,False,rolling,2022-12-01,7,2023-07-01,491.53,647.564686278172,102.88874514277256,515.7074538635324,779.4219186928116,0.8,125.03083333333333,
sarima_dcf,carbon,MKD,Europe,False,rolling,2022-12-01,8,2023-08-01,550.0,652.5998987079362,103.05341013388868,520.5316396161413,784.668157799731,0.8,125.03083333333333,
sarima_dcf,carbon,MKD,Europe,False,rolling,2022-12-01,9,2023-09-01,584.91,658.8623139994315,103.14616558179104,526.6751840181646,791.0494439806985,0.8,125.03083333333333,
sarima_dcf,carbon,MKD,Europe,False,rolling,2022-12-01,10,2023-10-01,566.67,645.8912508733978,103.20048646484378,513.6345058794129,778.1479958673826,0.8,125.03083333333333,
sarima_dcf,carbon,MKD,Europe,False,rolling,2022-12-01,11,2023-11-01,578.13,655.6522509988012,103.23332553771469,523.3534210395675,787.9510809580348,0.8,125.03083333333333,
sarima_dcf,carbon,MKD,Europe,False,rolling,2022-12-01,12,2023-12-01,578.13,657.554491772515,103.25369318900977,525.2295596178777,789.8794239271523,0.8,125.03083333333333,
sarima_dcf,carbon,MKD,Europe,False,rolling,2023-12-01,1,2024-01-01,545.46,598.4037768724778,73.3880605324747,504.35319300480296,692.4543607401527,0.8,120.35458333333332,
sarima_dcf,carbon,MKD,Europe,False,rolling,2023-12-01,2,2024-02-01,671.64,612.1204458879328,88.68776640141962,498.46250001153965,725.7783917643259,0.8,120.35458333333332,
sarima_dcf,carbon,MKD,Europe,False,rolling,2023-12-01,3,2024-03-01,555.56,622.316508928302,95.11483443323307,500.42194395387673,744.2110739027273,0.8,120.35458333333332,
sarima_dcf,carbon,MKD,Europe,False,rolling,2023-12-01,4,2024-04-01,617.02,627.1326232296025,98.16492529860491,501.3292095316066,752.9360369275984,0.8,120.35458333333332,
sarima_dcf,carbon,MKD,Europe,False,rolling,2023-12-01,5,2024-05-01,565.22,628.5206848180293,99.74386124733918,500.69378328303833,756.3475863530202,0.8,120.35458333333332,
sarima_dcf,carbon,MKD,Europe,False,rolling,2023-12-01,6,2024-06-01,600.0,630.6591576853336,100.63377118316821,501.69179067888734,759.6265246917799,0.8,120.35458333333332,
sarima_dcf,carbon,MKD,Europe,False,rolling,2023-12-01,7,2024-07-01,456.14,641.5754606371459,101.18213583391395,511.905336054047,771.2455852202447,0.8,120.35458333333332,
sarima_dcf,carbon,MKD,Europe,False,rolling,2023-12-01,8,2024-08-01,517.86,637.1040347988471,101.55216223908593,506.95970229690727,767.248367300787,0.8,120.35458333333332,
sarima_dcf,carbon,MKD,Europe,False,rolling,2023-12-01,9,2024-09-01,530.61,633.9121175683362,101.82443604521806,503.41885214389094,764.4053829927814,0.8,120.35458333333332,
sarima_dcf,carbon,MKD,Europe,False,rolling,2023-12-01,10,2024-10-01,595.24,638.0980297655185,102.04074883806948,507.3275483427472,768.8685111882899,0.8,120.35458333333332,
sarima_dcf,carbon,MKD,Europe,False,rolling,2023-12-01,11,2024-11-01,639.34,635.5526725704163,102.22382828812538,504.54756539180687,766.5577797490258,0.8,120.35458333333332,
sarima_dcf,carbon,MKD,Europe,False,rolling,2023-12-01,12,2024-12-01,571.43,635.3767139507678,102.38658291417714,504.16302832634204,766.5903995751935,0.8,120.35458333333332,
sarima_dcf,carbon,MLT,Europe,True,holdout,last12,1,2025-01-01,538.46,514.6265635873559,30.706308005697508,475.2748464905596,553.9782806841522,0.8,33.61149999999999,
sarima_dcf,carbon,MLT,Europe,True,holdout,last12,2,2025-02-01,520.0,518.3978483770177,31.32671819566983,478.2510436299825,558.5446531240528,0.8,33.61149999999999,
sarima_dcf,carbon,MLT,Europe,True,holdout,last12,3,2025-03-01,480.0,508.4237764715521,32.36533489419677,466.945930868519,549.9016220745852,0.8,33.61149999999999,
sarima_dcf,carbon,MLT,Europe,True,holdout,last12,4,2025-04-01,480.0,490.54389028728895,33.33493089445261,447.82345741218217,533.2643231623957,0.8,33.61149999999999,
sarima_dcf,carbon,MLT,Europe,True,holdout,last12,5,2025-05-01,481.48,504.37596857495464,34.279899672032165,460.44450948355,548.3074276663593,0.8,33.61149999999999,
sarima_dcf,carbon,MLT,Europe,True,holdout,last12,6,2025-06-01,466.67,503.97426664360205,35.1992948488134,458.86455522403924,549.0839780631649,0.8,33.61149999999999,
sarima_dcf,carbon,MLT,Europe,True,holdout,last12,7,2025-07-01,500.0,510.26044972040125,36.09529582594799,464.0024668458621,556.5184325949404,0.8,33.61149999999999,
sarima_dcf,carbon,MLT,Europe,True,holdout,last12,8,2025-08-01,500.0,511.07225002811134,36.96958628554675,463.6938188463327,558.4506812098899,0.8,33.61149999999999,
sarima_dcf,carbon,MLT,Europe,True,holdout,last12,9,2025-09-01,500.0,506.57039401909884,37.823673117443505,458.0974065207919,555.0433815174058,0.8,33.61149999999999,
sarima_dcf,carbon,MLT,Europe,True,holdout,last12,10,2025-10-01,518.52,507.58241325504736,38.658895090456994,458.03904572964774,557.125780780447,0.8,33.61149999999999,
sarima_dcf,carbon,MLT,Europe,True,holdout,last12,11,2025-11-01,538.46,514.771177207937,39.476452368057856,464.18006787350555,565.3622865423683,0.8,33.61149999999999,
sarima_dcf,carbon,MLT,Europe,True,holdout,last12,12,2025-12-01,538.46,522.496012663561,40.27738428709242,470.87846777439626,574.1135575527258,0.8,33.61149999999999,
sarima_dcf,carbon,MLT,Europe,True,rolling,2022-12-01,1,2023-01-01,551.72,589.8340743399073,28.827128302917476,552.8906229331483,626.7775257466662,0.8,24.878055555555544,
sarima_dcf,carbon,MLT,Europe,True,rolling,2022-12-01,2,2023-02-01,535.71,595.4884861809844,28.968593249850393,558.3637401500139,632.6132322119549,0.8,24.878055555555544,
sarima_dcf,carbon,MLT,Europe,True,rolling,2022-12-01,3,2023-03-01,517.24,594.9392941083369,29.051989478156326,557.7076715104204,632.1709167062534,0.8,24.878055555555544,
sarima_dcf,carbon,MLT,Europe,True,rolling,2022-12-01,4,2023-04-01,482.76,599.7859494044043,29.08501480649391,562.5120031452541,637.0598956635545,0.8,24.878055555555544,
sarima_dcf,carbon,MLT,Europe,True,rolling,2022-12-01,5,2023-05-01,517.24,594.4436200619722,29.124503449412146,557.119067070669,631.7681730532754,0.8,24.878055555555544,
sarima_dcf,carbon,MLT,Europe,True,rolling,2022-12-01,6,2023-06-01,500.0,594.4798343631453,29.162861121361843,557.1061240373043,631.8535446889863,0.8,24.878055555555544,
sarima_dcf,carbon,MLT,Europe,True,rolling,2022-12-01,7,2023-07-01,515.15,594.3147250185709,29.20133968768867,556.8917024258138,631.737747611328,0.8,24.878055555555544,
sarima_dcf,carbon,MLT,Europe,True,rolling,2022-12-01,8,2023-08-01,515.15,597.7330816023908,29.239739695344845,560.260847419705,635.2053157850767,0.8,24.878055555555544,
sarima_dcf,carbon,MLT,Europe,True,rolling,2022-12-01,9,2023-09-01,516.13,594.4685637223772,29.27809707999322,556.9471725733451,631.9899548714093,0.8,24.878055555555544,
sarima_dcf,carbon,MLT,Europe,True,rolling,2022-12-01,10,2023-10-01,535.71,597.8635657885325,29.31638232616992,560.2931101223254,635.4340214547395,0.8,24.878055555555544,
sarima_dcf,carbon,MLT,Europe,True,rolling,2022-12-01,11,2023-11-01,520.0,594.7920117067295,29.354740858673544,557.1723976031403,632.4116258103186,0.8,24.878055555555544,
sarima_dcf,carbon,MLT,Europe,True,rolling,2022-12-01,12,2023-12-01,541.67,593.0723586219792,29.391908749159764,555.4051119501495,630.739605293809,0.8,24.878055555555544,
sarima_dcf,carbon,MLT,Europe,True,rolling,2023-12-01,1,2024-01-01,518.52,524.7547381016242,31.640151487395517,484.2062524288841,565.3032237743643,0.8,37.187708333333326,
sarima_dcf,carbon,MLT,Europe,True,rolling,2023-12-01,2,2024-02-01,538.46,521.7046234743807,32.36015395244178,480.23341751536464,563.1758294333968,0.8,37.187708333333326,
sarima_dcf,carbon,MLT,Europe,True,rolling,2023-12-01,3,2024-03-01,500.0,519.048947470902,33.47742627290446,476.1458994204574,561.9519955213467,0.8,37.187708333333326,
sarima_dcf,carbon,MLT,Europe,True,rolling,2023-12-01,4,2024-04-01,458.33,506.7219711592763,34.52687924831334,462.47399500523096,550.9699473133217,0.8,37.187708333333326,
sarima_dcf,carbon,MLT,Europe,True,rolling,2023-12-01,5,2024-05-01,481.48,517.9148968220758,35.54756442456523,472.35885998247664,563.4709336616748,0.8,37.187708333333326,
sarima_dcf,carbon,MLT,Europe,True,rolling,2023-12-01,6,2024-06-01,482.76,517.0726009608064,36.53959499236187,470.24522579397944,563.8999761276334,0.8,37.187708333333326,
sarima_dcf,carbon,MLT,Europe,True,rolling,2023-12-01,7,2024-07-01,500.0,521.3958335791835,37.50540600940122,473.33072179144955,569.4609453669175,0.8,37.187708333333326,
sarima_dcf,carbon,MLT,Europe,True,rolling,2023-12-01,8,2024-08-01,529.41,515.6929708290293,38.44696214482161,466.42120630189913,564.9647353561594,0.8,37.187708333333326,
sarima_dcf,carbon,MLT,Europe,True,rolling,2023-12-01,9,2024-09-01,481.48,520.6911948837374,39.36600481460397,470.2416297843454,571.1407599831293,0.8,37.187708333333326,
sarima_dcf,carbon,MLT,Europe,True,rolling,2023-12-01,10,2024-10-01,518.52,511.9169681720602,40.26407295278458,460.3164824442171,563.5174538999033,0.8,37.187708333333326,
sarima_dcf,carbon,MLT,Europe,True,rolling,2023-12-01,11,2024-11-01,518.52,523.8763624105844,41.14257623066632,471.1500294316359,576.6026953895329,0.8,37.187708333333326,
sarima_dcf,carbon,MLT,Europe,True,rolling,2023-12-01,12,2024-12-01,560.0,522.209694959869,42.00220802026451,468.3816995151691,576.0376904045689,0.8,37.187708333333326,
sarima_dcf,carbon,MLT,Europe,True,rolling,2024-12-01,1,2025-01-01,538.46,514.6265635873559,30.706308005697508,475.2748464905596,553.9782806841522,0.8,33.61149999999999,
sarima_dcf,carbon,MLT,Europe,True,rolling,2024-12-01,2,2025-02-01,520.0,518.3978483770177,31.32671819566983,478.2510436299825,558.5446531240528,0.8,33.61149999999999,
sarima_dcf,carbon,MLT,Europe,True,rolling,2024-12-01,3,2025-03-01,480.0,508.4237764715521,32.36533489419677,466.945930868519,549.9016220745852,0.8,33.61149999999999,
sarima_dcf,carbon,MLT,Europe,True,rolling,2024-12-01,4,2025-04-01,480.0,490.54389028728895,33.33493089445261,447.82345741218217,533.2643231623957,0.8,33.61149999999999,
sarima_dcf,carbon,MLT,Europe,True,rolling,2024-12-01,5,2025-05-01,481.48,504.37596857495464,34.279899672032165,460.44450948355,548.3074276663593,0.8,33.61149999999999,
sarima_dcf,carbon,MLT,Europe,True,rolling,2024-12-01,6,2025-06-01,466.67,503.97426664360205,35.1992948488134,458.86455522403924,549.0839780631649,0.8,33.61149999999999,
sarima_dcf,carbon,MLT,Europe,True,rolling,2024-12-01,7,2025-07-01,500.0,510.26044972040125,36.09529582594799,464.0024668458621,556.5184325949404,0.8,33.61149999999999,
sarima_dcf,carbon,MLT,Europe,True,rolling,2024-12-01,8,2025-08-01,500.0,511.07225002811134,36.96958628554675,463.6938188463327,558.4506812098899,0.8,33.61149999999999,
sarima_dcf,carbon,MLT,Europe,True,rolling,2024-12-01,9,2025-09-01,500.0,506.57039401909884,37.823673117443505,458.0974065207919,555.0433815174058,0.8,33.61149999999999,
sarima_dcf,carbon,MLT,Europe,True,rolling,2024-12-01,10,2025-10-01,518.52,507.58241325504736,38.658895090456994,458.03904572964774,557.125780780447,0.8,33.61149999999999,
sarima_dcf,carbon,MLT,Europe,True,rolling,2024-12-01,11,2025-11-01,538.46,514.771177207937,39.476452368057856,464.18006787350555,565.3622865423683,0.8,33.61149999999999,
sarima_dcf,carbon,MLT,Europe,True,rolling,2024-12-01,12,2025-12-01,538.46,522.496012663561,40.27738428709242,470.87846777439626,574.1135575527258,0.8,33.61149999999999,
sarima_dcf,carbon,NLD,Europe,True,holdout,last12,1,2025-01-01,351.2,291.37800959524515,29.430879296599834,253.66082015733346,329.09519903315686,0.8,45.02601851851852,
sarima_dcf,carbon,NLD,Europe,True,holdout,last12,2,2025-02-01,341.26,279.4061653127859,36.405255587709924,232.75095302030493,326.06137760526684,0.8,45.02601851851852,
sarima_dcf,carbon,NLD,Europe,True,holdout,last12,3,2025-03-01,306.33,273.81438316297834,40.18117437939958,222.32013623163823,325.30863009431846,0.8,45.02601851851852,
sarima_dcf,carbon,NLD,Europe,True,holdout,last12,4,2025-04-01,249.53,257.5921647201914,42.738206130607125,202.82094974494402,312.3633796954388,0.8,45.02601851851852,
sarima_dcf,carbon,NLD,Europe,True,holdout,last12,5,2025-05-01,156.28,253.82288093106635,44.7332900746079,196.49486300399187,311.15089885814086,0.8,45.02601851851852,
sarima_dcf,carbon,NLD,Europe,True,holdout,last12,6,2025-06-01,159.59,249.8336616494729,46.43719856079785,190.32199713437694,309.34532616456886,0.8,45.02601851851852,
sarima_dcf,carbon,NLD,Europe,True,holdout,last12,7,2025-07-01,225.5,249.33709799541822,47.97546432794258,187.85406657821426,310.8201294126222,0.8,45.02601851851852,
sarima_dcf,carbon,NLD,Europe,True,holdout,last12,8,2025-08-01,237.61,257.9035653769603,49.41086150648728,194.58099845841406,321.2261322955065,0.8,45.02601851851852,
sarima_dcf,carbon,NLD,Europe,True,holdout,last12,9,2025-09-01,203.88,264.1973627548321,50.77654390513198,199.12460342026608,329.2701220893981,0.8,45.02601851851852,
sarima_dcf,carbon,NLD,Europe,True,holdout,last12,10,2025-10-01,253.65,272.17468926620774,52.09085533326703,205.4175720633021,338.9318064691134,0.8,45.02601851851852,
sarima_dcf,carbon,NLD,Europe,True,holdout,last12,11,2025-11-01,292.58,281.2785009753723,53.3644399329408,212.88921943490124,349.6677825158434,0.8,45.02601851851852,
sarima_dcf,carbon,NLD,Europe,True,holdout,last12,12,2025-12-01,269.98,276.3738090042222,54.60381975254451,206.39619831563363,346.3514196928108,0.8,45.02601851851852,
sarima_dcf,carbon,NLD,Europe,True,rolling,2022-12-01,1,2023-01-01,320.35,355.06935497008607,26.295078847036002,321.37085550754836,388.7678544326238,0.8,40.212142857142865,
sarima_dcf,carbon,NLD,Europe,True,rolling,2022-12-01,2,2023-02-01,356.5,316.7356317013073,31.540644266711794,276.31466966301747,357.1565937395971,0.8,40.212142857142865,
sarima_dcf,carbon,NLD,Europe,True,rolling,2022-12-01,3,2023-03-01,306.36,338.5572551762208,34.155764263532355,294.78488201191857,382.329628340523,0.8,40.212142857142865,
sarima_dcf,carbon,NLD,Europe,True,rolling,2022-12-01,4,2023-04-01,298.78,316.8569053939411,35.88779475776257,270.86484583818714,362.848964949695,0.8,40.212142857142865,
sarima_dcf,carbon,NLD,Europe,True,rolling,2022-12-01,5,2023-05-01,226.91,302.1427249768883,37.25448986468587,254.39917516723466,349.88627478654195,0.8,40.212142857142865,
sarima_dcf,carbon,NLD,Europe,True,rolling,2022-12-01,6,2023-06-01,213.75,321.31283487955295,38.44783955832487,272.0399459017741,370.5857238573318,0.8,40.212142857142865,
sarima_dcf,carbon,NLD,Europe,True,rolling,2022-12-01,7,2023-07-01,198.81,327.38107085149744,39.54843111051436,276.69771704698496,378.0644246560099,0.8,40.212142857142865,
sarima_dcf,carbon,NLD,Europe,True,rolling,2022-12-01,8,2023-08-01,256.26,328.6786153261025,40.59283352942891,276.65680596657154,380.70042468563344,0.8,40.212142857142865,
sarima_dcf,carbon,NLD,Europe,True,rolling,2022-12-01,9,2023-09-01,272.54,344.6955656864221,41.59864672676492,291.3847548491998,398.00637652364446,0.8,40.212142857142865,
sarima_dcf,carbon,NLD,Europe,True,rolling,2022-12-01,10,2023-10-01,249.47,329.42470635092775,42.57485923578969,274.86282884446047,383.98658385739503,0.8,40.212142857142865,
sarima_dcf,carbon,NLD,Europe,True,rolling,2022-12-01,11,2023-11-01,258.03,324.7581767505582,43.526412438127835,268.9768347479355,380.5395187531809,0.8,40.212142857142865,
sarima_dcf,carbon,NLD,Europe,True,rolling,2022-12-01,12,2023-12-01,263.51,348.9640700243771,44.45628738777545,291.9910453242728,405.9370947244814,0.8,40.212142857142865,
sarima_dcf,carbon,NLD,Europe,True,rolling,2023-12-01,1,2024-01-01,288.51,251.20266361389696,28.133161884597115,215.14856595697185,287.2567612708221,0.8,44.44145833333334,
sarima_dcf,carbon,NLD,Europe,True,rolling,2023-12-01,2,2024-02-01,260.36,254.0340508741051,34.269863110978044,210.11545415323204,297.95264759497815,0.8,44.44145833333334,
sarima_dcf,carbon,NLD,Europe,True,rolling,2023-12-01,3,2024-03-01,256.29,248.5164260122315,37.58642382005965,200.3474857224112,296.6853663020518,0.8,44.44145833333334,
sarima_dcf,carbon,NLD,Europe,True,rolling,2023-12-01,4,2024-04-01,190.29,242.72919291714115,39.91850919811179,191.57156496009446,293.88682087418783,0.8,44.44145833333334,
sarima_dcf,carbon,NLD,Europe,True,rolling,2023-12-01,5,2024-05-01,214.67,223.65724779863197,41.82468546867221,170.0567566578446,277.2577389394193,0.8,44.44145833333334,
sarima_dcf,carbon,NLD,Europe,True,rolling,2023-12-01,6,2024-06-01,187.96,224.9377608930381,43.5172945452199,169.16810394034604,280.70741784573016,0.8,44.44145833333334,
sarima_dcf,carbon,NLD,Europe,True,rolling,2023-12-01,7,2024-07-01,188.81,223.00333031559938,45.087425681467636,165.2214693471387,280.78519128406003,0.8,44.44145833333334,
sarima_dcf,carbon,NLD,Europe,True,rolling,2023-12-01,8,2024-08-01,214.84,236.2227431626568,46.577479979443645,176.53130077587852,295.9141855494351,0.8,44.44145833333334,
sarima_dcf,carbon,NLD,Europe,True,rolling,2023-12-01,9,2024-09-01,233.37,243.47273469098533,48.008671423925534,181.94714666793726,304.9983227140334,0.8,44.44145833333334,
sarima_dcf,carbon,NLD,Europe,True,rolling,2023-12-01,10,2024-10-01,298.98,235.07270283698642,49.39250252166833,171.77366390417677,298.3717417697961,0.8,44.44145833333334,
sarima_dcf,carbon,NLD,Europe,True,rolling,2023-12-01,11,2024-11-01,349.18,236.231037697683,50.73583283107511,171.21045170380955,301.25162369155646,0.8,44.44145833333334,
sarima_dcf,carbon,NLD,Europe,True,rolling,2023-12-01,12,2024-12-01,304.12,242.53303946500318,52.043198743304224,175.83699663957287,309.2290822904335,0.8,44.44145833333334,
sarima_dcf,carbon,NLD,Europe,True,rolling,2024-12-01,1,2025-01-01,351.2,291.37800959524515,29.430879296599834,253.66082015733346,329.09519903315686,0.8,45.02601851851852,
sarima_dcf,carbon,NLD,Europe,True,rolling,2024-12-01,2,2025-02-01,341.26,279.4061653127859,36.405255587709924,232.75095302030493,326.06137760526684,0.8,45.02601851851852,
sarima_dcf,carbon,NLD,Europe,True,rolling,2024-12-01,3,2025-03-01,306.33,273.81438316297834,40.18117437939958,222.32013623163823,325.30863009431846,0.8,45.02601851851852,
sarima_dcf,carbon,NLD,Europe,True,rolling,2024-12-01,4,2025-04-01,249.53,257.5921647201914,42.738206130607125,202.82094974494402,312.3633796954388,0.8,45.02601851851852,
sarima_dcf,carbon,NLD,Europe,True,rolling,2024-12-01,5,2025-05-01,156.28,253.82288093106635,44.7332900746079,196.49486300399187,311.15089885814086,0.8,45.02601851851852,
sarima_dcf,carbon,NLD,Europe,True,rolling,2024-12-01,6,2025-06-01,159.59,249.8336616494729,46.43719856079785,190.32199713437694,309.34532616456886,0.8,45.02601851851852,
sarima_dcf,carbon,NLD,Europe,True,rolling,2024-12-01,7,2025-07-01,225.5,249.33709799541822,47.97546432794258,187.85406657821426,310.8201294126222,0.8,45.02601851851852,
sarima_dcf,carbon,NLD,Europe,True,rolling,2024-12-01,8,2025-08-01,237.61,257.9035653769603,49.41086150648728,194.58099845841406,321.2261322955065,0.8,45.02601851851852,
sarima_dcf,carbon,NLD,Europe,True,rolling,2024-12-01,9,2025-09-01,203.88,264.1973627548321,50.77654390513198,199.12460342026608,329.2701220893981,0.8,45.02601851851852,
sarima_dcf,carbon,NLD,Europe,True,rolling,2024-12-01,10,2025-10-01,253.65,272.17468926620774,52.09085533326703,205.4175720633021,338.9318064691134,0.8,45.02601851851852,
sarima_dcf,carbon,NLD,Europe,True,rolling,2024-12-01,11,2025-11-01,292.58,281.2785009753723,53.3644399329408,212.88921943490124,349.6677825158434,0.8,45.02601851851852,
sarima_dcf,carbon,NLD,Europe,True,rolling,2024-12-01,12,2025-12-01,269.98,276.3738090042222,54.60381975254451,206.39619831563363,346.3514196928108,0.8,45.02601851851852,
sarima_dcf,carbon,NOR,Europe,False,holdout,last12,1,2025-01-01,26.71,26.36347115693961,2.0559762829465456,23.728631532806897,28.998310781072323,0.8,3.146111111111111,
sarima_dcf,carbon,NOR,Europe,False,holdout,last12,2,2025-02-01,26.64,26.360462478702182,2.6898166272199004,22.91332376906062,29.807601188343742,0.8,3.146111111111111,
sarima_dcf,carbon,NOR,Europe,False,holdout,last12,3,2025-03-01,27.16,26.634829296044256,3.0754909810086546,22.693429014514315,30.576229577574196,0.8,3.146111111111111,
sarima_dcf,carbon,NOR,Europe,False,holdout,last12,4,2025-04-01,27.03,27.680330628345438,3.3409939327190017,23.398674623394392,31.961986633296483,0.8,3.146111111111111,
sarima_dcf,carbon,NOR,Europe,False,holdout,last12,5,2025-05-01,24.15,28.00548495697909,3.537666362066777,23.47178309229794,32.53918682166024,0.8,3.146111111111111,
sarima_dcf,carbon,NOR,Europe,False,holdout,last12,6,2025-06-01,25.94,28.129959438416066,3.6915026794929404,23.399108400299802,32.86081047653233,0.8,3.146111111111111,
sarima_dcf,carbon,NOR,Europe,False,holdout,last12,7,2025-07-01,26.22,29.104486585848687,3.817251942045384,24.21248138344226,33.99649178825511,0.8,3.146111111111111,
sarima_dcf,carbon,NOR,Europe,False,holdout,last12,8,2025-08-01,26.78,28.3701273154726,3.923885834959631,23.341465280661804,33.398789350283394,0.8,3.146111111111111,
sarima_dcf,carbon,NOR,Europe,False,holdout,last12,9,2025-09-01,28.34,27.489302159705833,4.017132470757138,22.341139752806974,32.63746456660469,0.8,3.146111111111111,
sarima_dcf,carbon,NOR,Europe,False,holdout,last12,10,2025-10-01,26.58,27.033637566953743,4.100784155992874,21.778271211880583,32.2890039220269,0.8,3.146111111111111,
sarima_dcf,carbon,NOR,Europe,False,holdout,last12,11,2025-11-01,27.05,26.360022765608907,4.177421644809824,21.006441516762976,31.713604014454837,0.8,3.146111111111111,
sarima_dcf,carbon,NOR,Europe,False,holdout,last12,12,2025-12-01,27.29,26.477090123886555,4.248833787543737,21.031990531721085,31.922189716052024,0.8,3.146111111111111,
sarima_dcf,carbon,NOR,Europe,False,rolling,2022-12-01,1,2023-01-01,27.6,27.28263741277312,2.2156024658802838,24.443228603999763,30.122046221546476,0.8,3.5854761904761907,
sarima_dcf,carbon,NOR,Europe,False,rolling,2022-12-01,2,2023-02-01,26.77,27.167124387787364,2.9196081617217846,23.425495977356018,30.90875279821871,0.8,3.5854761904761907,
sarima_dcf,carbon,NOR,Europe,False,rolling,2022-12-01,3,2023-03-01,27.76,27.199391109194085,3.357901400537921,22.896067312390308,31.502714905997863,0.8,3.5854761904761907,
sarima_dcf,carbon,NOR,Europe,False,rolling,2022-12-01,4,2023-04-01,29.54,28.089460275742113,3.6650432004412465,23.39251842442804,32.786402127056185,0.8,3.5854761904761907,
sarima_dcf,carbon,NOR,Europe,False,rolling,2022-12-01,5,2023-05-01,25.81,28.49551657441343,3.895461465783412,23.503281834420033,33.48775131440682,0.8,3.5854761904761907,
sarima_dcf,carbon,NOR,Europe,False,rolling,2022-12-01,6,2023-06-01,25.48,28.691110569311082,4.077111770156823,23.466081597366287,33.91613954125587,0.8,3.5854761904761907,
sarima_dcf,carbon,NOR,Europe,False,rolling,2022-12-01,7,2023-07-01,28.44,29.40048840066577,4.226131322291323,23.98448318838625,34.81649361294529,0.8,3.5854761904761907,
sarima_dcf,carbon,NOR,Europe,False,rolling,2022-12-01,8,2023-08-01,30.83,28.520123291133473,4.35251674771669,22.942148639038056,34.098097943228886,0.8,3.5854761904761907,
sarima_dcf,carbon,NOR,Europe,False,rolling,2022-12-01,9,2023-09-01,28.91,27.67284444313874,4.462767755257868,21.953577439726057,33.392111446551425,0.8,3.5854761904761907,
sarima_dcf,carbon,NOR,Europe,False,rolling,2022-12-01,10,2023-10-01,29.07,27.161866392935753,4.561264323391245,21.316370958430973,33.00736182744053,0.8,3.5854761904761907,
sarima_dcf,carbon,NOR,Europe,False,rolling,2022-12-01,11,2023-11-01,28.02,26.50845232683317,4.651038964319172,20.547906060700996,32.46899859296534,0.8,3.5854761904761907,
sarima_dcf,carbon,NOR,Europe,False,rolling,2022-12-01,12,2023-12-01,28.53,26.640266240373233,4.734231135119979,20.573104917510236,32.70742756323623,0.8,3.5854761904761907,
sarima_dcf,carbon,NOR,Europe,False,rolling,2023-12-01,1,2024-01-01,27.76,28.19226910226733,2.1668152504956377,25.415383625748728,30.96915457878593,0.8,3.3395833333333336,
sarima_dcf,carbon,NOR,Europe,False,rolling,2023-12-01,2,2024-02-01,27.42,27.839588679712364,2.8447352693459877,24.193913741722074,31.485263617702653,0.8,3.3395833333333336,
sarima_dcf,carbon,NOR,Europe,False,rolling,2023-12-01,3,2024-03-01,28.27,27.834600823887982,3.2600684323000677,23.6566550206913,32.01254662708467,0.8,3.3395833333333336,
sarima_dcf,carbon,NOR,Europe,False,rolling,2023-12-01,4,2024-04-01,28.74,28.568051814133646,3.5468904392399967,24.02252881891045,33.11357480935684,0.8,3.3395833333333336,
sarima_dcf,carbon,NOR,Europe,False,rolling,2023-12-01,5,2024-05-01,30.41,28.380338598571427,3.759259104834155,23.562654207483423,33.198022989659435,0.8,3.3395833333333336,
sarima_dcf,carbon,NOR,Europe,False,rolling,2023-12-01,6,2024-06-01,28.88,28.532704065359376,3.9247728173909273,23.502905316825142,33.56250281389361,0.8,3.3395833333333336,
sarima_dcf,carbon,NOR,Europe,False,rolling,2023-12-01,7,2024-07-01,30.58,29.24499832125877,4.059236318552359,24.042877662302494,34.447118980215045,0.8,3.3395833333333336,
sarima_dcf,carbon,NOR,Europe,False,rolling,2023-12-01,8,2024-08-01,28.65,28.89246043748858,4.17235105311776,23.545377413363852,34.23954346161331,0.8,3.3395833333333336,
sarima_dcf,carbon,NOR,Europe,False,rolling,2023-12-01,9,2024-09-01,28.24,28.160121820408367,4.270363305954321,22.687431040218392,33.63281260059834,0.8,3.3395833333333336,
sarima_dcf,carbon,NOR,Europe,False,rolling,2023-12-01,10,2024-10-01,27.8,27.66456360363431,4.357440979633335,22.080278294417013,33.24884891285161,0.8,3.3395833333333336,
sarima_dcf,carbon,NOR,Europe,False,rolling,2023-12-01,11,2024-11-01,27.25,27.187537630602776,4.43644424942181,21.502005557304916,32.87306970390064,0.8,3.3395833333333336,
sarima_dcf,carbon,NOR,Europe,False,rolling,2023-12-01,12,2024-12-01,26.5,27.311864395483948,4.509380128781072,21.53286123180885,33.090867559159044,0.8,3.3395833333333336,
sarima_dcf,carbon,NOR,Europe,False,rolling,2024-12-01,1,2025-01-01,26.71,26.36347115693961,2.0559762829465456,23.728631532806897,28.998310781072323,0.8,3.146111111111111,
sarima_dcf,carbon,NOR,Europe,False,rolling,2024-12-01,2,2025-02-01,26.64,26.360462478702182,2.6898166272199004,22.91332376906062,29.807601188343742,0.8,3.146111111111111,
sarima_dcf,carbon,NOR,Europe,False,rolling,2024-12-01,3,2025-03-01,27.16,26.634829296044256,3.0754909810086546,22.693429014514315,30.576229577574196,0.8,3.146111111111111,
sarima_dcf,carbon,NOR,Europe,False,rolling,2024-12-01,4,2025-04-01,27.03,27.680330628345438,3.3409939327190017,23.398674623394392,31.961986633296483,0.8,3.146111111111111,
sarima_dcf,carbon,NOR,Europe,False,rolling,2024-12-01,5,2025-05-01,24.15,28.00548495697909,3.537666362066777,23.47178309229794,32.53918682166024,0.8,3.146111111111111,
sarima_dcf,carbon,NOR,Europe,False,rolling,2024-12-01,6,2025-06-01,25.94,28.129959438416066,3.6915026794929404,23.399108400299802,32.86081047653233,0.8,3.146111111111111,
sarima_dcf,carbon,NOR,Europe,False,rolling,2024-12-01,7,2025-07-01,26.22,29.104486585848687,3.817251942045384,24.21248138344226,33.99649178825511,0.8,3.146111111111111,
sarima_dcf,carbon,NOR,Europe,False,rolling,2024-12-01,8,2025-08-01,26.78,28.3701273154726,3.923885834959631,23.341465280661804,33.398789350283394,0.8,3.146111111111111,
sarima_dcf,carbon,NOR,Europe,False,rolling,2024-12-01,9,2025-09-01,28.34,27.489302159705833,4.017132470757138,22.341139752806974,32.63746456660469,0.8,3.146111111111111,
sarima_dcf,carbon,NOR,Europe,False,rolling,2024-12-01,10,2025-10-01,26.58,27.033637566953743,4.100784155992874,21.778271211880583,32.2890039220269,0.8,3.146111111111111,
sarima_dcf,carbon,NOR,Europe,False,rolling,2024-12-01,11,2025-11-01,27.05,26.360022765608907,4.177421644809824,21.006441516762976,31.713604014454837,0.8,3.146111111111111,
sarima_dcf,carbon,NOR,Europe,False,rolling,2024-12-01,12,2025-12-01,27.29,26.477090123886555,4.248833787543737,21.031990531721085,31.922189716052024,0.8,3.146111111111111,
sarima_dcf,carbon,POL,Europe,True,holdout,last12,1,2025-01-01,681.1,670.9093302509094,27.728259239640245,635.374136212522,706.4445242892969,0.8,37.36083333333334,
sarima_dcf,carbon,POL,Europe,True,holdout,last12,2,2025-02-01,746.76,652.6533097498698,32.0910659989396,611.5269538789337,693.7796656208059,0.8,37.36083333333334,
sarima_dcf,carbon,POL,Europe,True,holdout,last12,3,2025-03-01,648.38,654.1087819795923,34.12295491778471,610.3784556836976,697.8391082754871,0.8,37.36083333333334,
sarima_dcf,carbon,POL,Europe,True,holdout,last12,4,2025-04-01,597.92,638.8266261578831,35.503933836212134,593.3265041670935,684.3267481486727,0.8,37.36083333333334,
sarima_dcf,carbon,POL,Europe,True,holdout,last12,5,2025-05-01,581.57,631.0542256248472,36.65155456333158,584.0833684945662,678.0250827551281,0.8,37.36083333333334,
sarima_dcf,carbon,POL,Europe,True,holdout,last12,6,2025-06-01,535.89,645.3486021583069,37.69832059765557,597.0362603779791,693.6609439386347,0.8,37.36083333333334,
sarima_dcf,carbon,POL,Europe,True,holdout,last12,7,2025-07-01,623.19,637.8471474251589,38.69201782192192,588.2613314113953,687.4329634389226,0.8,37.36083333333334,
sarima_dcf,carbon,POL,Europe,True,holdout,last12,8,2025-08-01,598.8,645.925197237615,39.65138899196593,595.1098975989431,696.7404968762868,0.8,37.36083333333334,
sarima_dcf,carbon,POL,Europe,True,holdout,last12,9,2025-09-01,608.77,638.3866355695947,40.58447303602537,586.3755406134737,690.3977305257156,0.8,37.36083333333334,
sarima_dcf,carbon,POL,Europe,True,holdout,last12,10,2025-10-01,617.56,641.5694406117042,41.49519069619787,588.39121401242,694.7476672109883,0.8,37.36083333333334,
sarima_dcf,carbon,POL,Europe,True,holdout,last12,11,2025-11-01,711.88,664.1150325380194,42.38580988698587,609.7954315204768,718.434633555562,0.8,37.36083333333334,
sarima_dcf,carbon,POL,Europe,True,holdout,last12,12,2025-12-01,707.98,656.7358031278897,43.25789087811373,601.2985853508856,712.1730209048937,0.8,37.36083333333334,
sarima_dcf,carbon,POL,Europe,True,rolling,2022-12-01,1,2023-01-01,752.14,798.9337768326335,25.80028545259497,765.8693806193628,831.9981730459042,0.8,28.87309523809524,
sarima_dcf,carbon,POL,Europe,True,rolling,2022-12-01,2,2023-02-01,735.98,779.2107568971843,27.934176917908815,743.4116687358385,815.0098450585301,0.8,28.87309523809524,
sarima_dcf,carbon,POL,Europe,True,rolling,2022-12-01,3,2023-03-01,699.12,799.0808351893215,28.588632276419542,762.4430287386972,835.7186416399459,0.8,28.87309523809524,
sarima_dcf,carbon,POL,Europe,True,rolling,2022-12-01,4,2023-04-01,709.35,780.371506514648,28.966502769493285,743.2494395420518,817.4935734872441,0.8,28.87309523809524,
sarima_dcf,carbon,POL,Europe,True,rolling,2022-12-01,5,2023-05-01,680.51,782.7404104502639,29.273519349863072,745.2248858984467,820.2559350020811,0.8,28.87309523809524,
sarima_dcf,carbon,POL,Europe,True,rolling,2022-12-01,6,2023-06-01,702.19,803.2515820274855,29.55857939215099,765.3707383322001,841.1324257227709,0.8,28.87309523809524,
sarima_dcf,carbon,POL,Europe,True,rolling,2022-12-01,7,2023-07-01,683.44,802.1693448087454,29.835334739634952,763.933824864619,840.4048647528718,0.8,28.87309523809524,
sarima_dcf,carbon,POL,Europe,True,rolling,2022-12-01,8,2023-08-01,713.92,817.7785209453957,30.107864496803217,779.1937400643128,856.3633018264786,0.8,28.87309523809524,
sarima_dcf,carbon,POL,Europe,True,rolling,2022-12-01,9,2023-09-01,735.91,809.3234060246838,30.377448152025593,770.3931397882054,848.2536722611621,0.8,28.87309523809524,
sarima_dcf,carbon,POL,Europe,True,rolling,2022-12-01,10,2023-10-01,700.23,785.049302472389,30.644535743131968,745.7767497153907,824.3218552293872,0.8,28.87309523809524,
sarima_dcf,carbon,POL,Europe,True,rolling,2022-12-01,11,2023-11-01,741.53,805.1179128174903,30.909360976916204,765.5059728675401,844.7298527674404,0.8,28.87309523809524,
sarima_dcf,carbon,POL,Europe,True,rolling,2022-12-01,12,2023-12-01,702.01,791.5344933263949,31.17215652862604,751.5857673257328,831.483219327057,0.8,28.87309523809524,
sarima_dcf,carbon,POL,Europe,True,rolling,2023-12-01,1,2024-01-01,689.25,688.9647813558837,27.583586543739578,653.6149928374193,724.3145698743481,0.8,35.71885416666667,
sarima_dcf,carbon,POL,Europe,True,rolling,2023-12-01,2,2024-02-01,675.31,679.2674974681037,31.583268278323015,638.7919105610036,719.7430843752037,0.8,35.71885416666667,
sarima_dcf,carbon,POL,Europe,True,rolling,2023-12-01,3,2024-03-01,686.22,684.7367544435295,33.41815006789264,641.9096719064173,727.5638369806418,0.8,35.71885416666667,
sarima_dcf,carbon,POL,Europe,True,rolling,2023-12-01,4,2024-04-01,647.53,676.8774931237796,34.6851022913556,632.4267459812182,721.3282402663409,0.8,35.71885416666667,
sarima_dcf,carbon,POL,Europe,True,rolling,2023-12-01,5,2024-05-01,636.96,669.9952047634195,35.757591098683456,624.170007910798,715.820401616041,0.8,35.71885416666667,
sarima_dcf,carbon,POL,Europe,True,rolling,2023-12-01,6,2024-06-01,660.79,686.8990743645059,36.74787083821519,639.8047829613604,733.9933657676513,0.8,35.71885416666667,
sarima_dcf,carbon,POL,Europe,True,rolling,2023-12-01,7,2024-07-01,644.78,681.3219046006287,37.69429033768969,633.0147278062698,729.6290813949877,0.8,35.71885416666667,
sarima_dcf,carbon,POL,Europe,True,rolling,2023-12-01,8,2024-08-01,641.13,698.4988893157491,38.611183673413635,649.0166664315558,747.9811121999425,0.8,35.71885416666667,
sarima_dcf,carbon,POL,Europe,True,rolling,2023-12-01,9,2024-09-01,607.28,699.7555867299064,39.50454339553197,649.1284772952379,750.382696164575,0.8,35.71885416666667,
sarima_dcf,carbon,POL,Europe,True,rolling,2023-12-01,10,2024-10-01,661.9,677.3504400016567,40.37733762524897,625.604799755496,729.0960802478174,0.8,35.71885416666667,
sarima_dcf,carbon,POL,Europe,True,rolling,2023-12-01,11,2024-11-01,702.2,699.9467624093178,41.23138009317524,647.1066227013446,752.786902117291,0.8,35.71885416666667,
sarima_dcf,carbon,POL,Europe,True,rolling,2023-12-01,12,2024-12-01,707.0,682.998422655593,42.06800426541643,629.0861059299117,736.9107393812743,0.8,35.71885416666667,
sarima_dcf,carbon,POL,Europe,True,rolling,2024-12-01,1,2025-01-01,681.1,670.9093302509094,27.728259239640245,635.374136212522,706.4445242892969,0.8,37.36083333333334,
sarima_dcf,carbon,POL,Europe,True,rolling,2024-12-01,2,2025-02-01,746.76,652.6533097498698,32.0910659989396,611.5269538789337,693.7796656208059,0.8,37.36083333333334,
sarima_dcf,carbon,POL,Europe,True,rolling,2024-12-01,3,2025-03-01,648.38,654.1087819795923,34.12295491778471,610.3784556836976,697.8391082754871,0.8,37.36083333333334,
sarima_dcf,carbon,POL,Europe,True,rolling,2024-12-01,4,2025-04-01,597.92,638.8266261578831,35.503933836212134,593.3265041670935,684.3267481486727,0.8,37.36083333333334,
sarima_dcf,carbon,POL,Europe,True,rolling,2024-12-01,5,2025-05-01,581.57,631.0542256248472,36.65155456333158,584.0833684945662,678.0250827551281,0.8,37.36083333333334,
sarima_dcf,carbon,POL,Europe,True,rolling,2024-12-01,6,2025-06-01,535.89,645.3486021583069,37.69832059765557,597.0362603779791,693.6609439386347,0.8,37.36083333333334,
sarima_dcf,carbon,POL,Europe,True,rolling,2024-12-01,7,2025-07-01,623.19,637.8471474251589,38.69201782192192,588.2613314113953,687.4329634389226,0.8,37.36083333333334,
sarima_dcf,carbon,POL,Europe,True,rolling,2024-12-01,8,2025-08-01,598.8,645.925197237615,39.65138899196593,595.1098975989431,696.7404968762868,0.8,37.36083333333334,
sarima_dcf,carbon,POL,Europe,True,rolling,2024-12-01,9,2025-09-01,608.77,638.3866355695947,40.58447303602537,586.3755406134737,690.3977305257156,0.8,37.36083333333334,
sarima_dcf,carbon,POL,Europe,True,rolling,2024-12-01,10,2025-10-01,617.56,641.5694406117042,41.49519069619787,588.39121401242,694.7476672109883,0.8,37.36083333333334,
sarima_dcf,carbon,POL,Europe,True,rolling,2024-12-01,11,2025-11-01,711.88,664.1150325380194,42.38580988698587,609.7954315204768,718.434633555562,0.8,37.36083333333334,
sarima_dcf,carbon,POL,Europe,True,rolling,2024-12-01,12,2025-12-01,707.98,656.7358031278897,43.25789087811373,601.2985853508856,712.1730209048937,0.8,37.36083333333334,
sarima_dcf,carbon,PRT,Europe,True,holdout,last12,1,2025-01-01,108.6,141.65834950907524,59.943817559126714,64.8372562714565,218.47944274669396,0.8,81.61703703703704,
sarima_dcf,carbon,PRT,Europe,True,holdout,last12,2,2025-02-01,103.28,122.94586827050745,87.12124777543445,11.295496791700387,234.59623974931452,0.8,81.61703703703704,
sarima_dcf,carbon,PRT,Europe,True,holdout,last12,3,2025-03-01,80.61,108.10475665452319,105.9676045447035,-27.698192846752704,243.90770615579908,0.8,81.61703703703704,
sarima_dcf,carbon,PRT,Europe,True,holdout,last12,4,2025-04-01,77.69,114.22897371612319,123.18054462196687,-43.63324608879495,272.0911935210413,0.8,81.61703703703704,
sarima_dcf,carbon,PRT,Europe,True,holdout,last12,5,2025-05-01,119.7,139.9269739885227,137.31580104443853,-36.05030581398839,315.90425379103374,0.8,81.61703703703704,
sarima_dcf,carbon,PRT,Europe,True,holdout,last12,6,2025-06-01,145.51,181.06938279160408,150.86984780228224,-12.27810685288631,374.4168724360945,0.8,81.61703703703704,
sarima_dcf,carbon,PRT,Europe,True,holdout,last12,7,2025-07-01,145.3,194.71256533404886,162.71334893276446,-13.812981725740258,403.238112393838,0.8,81.61703703703704,
sarima_dcf,carbon,PRT,Europe,True,holdout,last12,8,2025-08-01,153.15,187.6075821832106,174.2236205252125,-35.66897145572386,410.8841358221451,0.8,81.61703703703704,
sarima_dcf,carbon,PRT,Europe,True,holdout,last12,9,2025-09-01,141.18,193.0524944467039,184.63770058470845,-43.57023979618441,429.6752286895922,0.8,81.61703703703704,
sarima_dcf,carbon,PRT,Europe,True,holdout,last12,10,2025-10-01,163.01,167.848430720188,194.805124541044,-81.8043816114978,417.50124305187376,0.8,81.61703703703704,
sarima_dcf,carbon,PRT,Europe,True,holdout,last12,11,2025-11-01,128.69,155.79242686343406,204.21382360695594,-105.91811848590919,417.5029722127773,0.8,81.61703703703704,
sarima_dcf,carbon,PRT,Europe,True,holdout,last12,12,2025-12-01,108.7,131.54103724923522,213.41624143274896,-141.96288107154862,405.04495557001906,0.8,81.61703703703704,
sarima_dcf,carbon,PRT,Europe,True,rolling,2022-12-01,1,2023-01-01,93.42,124.59613804099676,64.74003060195564,41.62845046965518,207.56382561233835,0.8,83.82892857142858,
sarima_dcf,carbon,PRT,Europe,True,rolling,2022-12-01,2,2023-02-01,189.78,99.1598432979606,94.7326347681519,-22.244913097329302,220.5645996932505,0.8,83.82892857142858,
sarima_dcf,carbon,PRT,Europe,True,rolling,2022-12-01,3,2023-03-01,135.39,83.55443488557626,115.15801002714112,-64.02649314970722,231.13536292085973,0.8,83.82892857142858,
sarima_dcf,carbon,PRT,Europe,True,rolling,2022-12-01,4,2023-04-01,150.2,93.67739260712216,133.96272254537925,-78.00274419552557,265.3575294097699,0.8,83.82892857142858,
sarima_dcf,carbon,PRT,Europe,True,rolling,2022-12-01,5,2023-05-01,161.4,121.47547943412556,149.36141236908477,-69.93887241942767,312.8898312876788,0.8,83.82892857142858,
sarima_dcf,carbon,PRT,Europe,True,rolling,2022-12-01,6,2023-06-01,214.52,166.1607140317638,164.1043680390728,-44.14749574141723,376.46892380494484,0.8,83.82892857142858,
sarima_dcf,carbon,PRT,Europe,True,rolling,2022-12-01,7,2023-07-01,220.18,179.10843025313176,177.03809875290426,-47.77502236469226,405.9918828709558,0.8,83.82892857142858,
sarima_dcf,carbon,PRT,Europe,True,rolling,2022-12-01,8,2023-08-01,196.14,173.06062796555062,189.53413080843433,-69.83713409613347,415.9583900272347,0.8,83.82892857142858,
sarima_dcf,carbon,PRT,Europe,True,rolling,2022-12-01,9,2023-09-01,217.54,177.1578714379681,200.9167353193672,-80.32728525467704,434.6430281306133,0.8,83.82892857142858,
sarima_dcf,carbon,PRT,Europe,True,rolling,2022-12-01,10,2023-10-01,139.13,155.27565111346968,211.9482353314087,-116.34694168991251,426.89824391685187,0.8,83.82892857142858,
sarima_dcf,carbon,PRT,Europe,True,rolling,2022-12-01,11,2023-11-01,99.03,141.46906960553937,222.23209869904363,-143.33282439648215,426.27096360756093,0.8,83.82892857142858,
sarima_dcf,carbon,PRT,Europe,True,rolling,2022-12-01,12,2023-12-01,100.26,108.72353003983372,232.21736585467997,-188.8749987178746,406.322058797542,0.8,83.82892857142858,
sarima_dcf,carbon,PRT,Europe,True,rolling,2023-12-01,1,2024-01-01,110.6,93.36702830755235,62.70585935441533,13.006236083081859,173.72782053202283,0.8,82.50416666666666,
sarima_dcf,carbon,PRT,Europe,True,rolling,2023-12-01,2,2024-02-01,86.0,75.62322168053996,90.19531129543303,-39.966720714904824,191.21316407598474,0.8,82.50416666666666,
sarima_dcf,carbon,PRT,Europe,True,rolling,2023-12-01,3,2024-03-01,80.41,58.663526872996826,109.8664201842929,-82.13595591496464,199.46300966095828,0.8,82.50416666666666,
sarima_dcf,carbon,PRT,Europe,True,rolling,2023-12-01,4,2024-04-01,59.59,67.44454610640584,127.49558093703541,-95.9476152434702,230.83670745628189,0.8,82.50416666666666,
sarima_dcf,carbon,PRT,Europe,True,rolling,2023-12-01,5,2024-05-01,67.09,95.74838548852983,142.15281648117838,-86.42777901949859,277.92454999655826,0.8,82.50416666666666,
sarima_dcf,carbon,PRT,Europe,True,rolling,2023-12-01,6,2024-06-01,86.61,140.22078126886404,156.12736419641598,-59.864486741404846,340.30604927913294,0.8,82.50416666666666,
sarima_dcf,carbon,PRT,Europe,True,rolling,2023-12-01,7,2024-07-01,110.35,153.96747409470146,168.35292165241597,-61.78547621295968,369.7204244023626,0.8,82.50416666666666,
sarima_dcf,carbon,PRT,Europe,True,rolling,2023-12-01,8,2024-08-01,114.58,145.1723266603836,180.2693729233123,-85.85217042923065,376.19682374999786,0.8,82.50416666666666,
sarima_dcf,carbon,PRT,Europe,True,rolling,2023-12-01,9,2024-09-01,112.68,151.8379307992797,190.98881067121735,-92.92407851792018,396.59994011647956,0.8,82.50416666666666,
sarima_dcf,carbon,PRT,Europe,True,rolling,2023-12-01,10,2024-10-01,95.93,123.97313600589322,201.54144492745405,-134.31261826300639,382.25889027479286,0.8,82.50416666666666,
sarima_dcf,carbon,PRT,Europe,True,rolling,2023-12-01,11,2024-11-01,118.16,108.6581047099179,211.21004626855947,-162.018460744302,379.3346701641378,0.8,82.50416666666666,
sarima_dcf,carbon,PRT,Europe,True,rolling,2023-12-01,12,2024-12-01,147.15,77.81897510790259,220.77459831783736,-205.11505699880217,360.75300721460735,0.8,82.50416666666666,
sarima_dcf,carbon,PRT,Europe,True,rolling,2024-12-01,1,2025-01-01,108.6,141.65834950907524,59.943817559126714,64.8372562714565,218.47944274669396,0.8,81.61703703703704,
sarima_dcf,carbon,PRT,Europe,True,rolling,2024-12-01,2,2025-02-01,103.28,122.94586827050745,87.12124777543445,11.295496791700387,234.59623974931452,0.8,81.61703703703704,
sarima_dcf,carbon,PRT,Europe,True,rolling,2024-12-01,3,2025-03-01,80.61,108.10475665452319,105.9676045447035,-27.698192846752704,243.90770615579908,0.8,81.61703703703704,
sarima_dcf,carbon,PRT,Europe,True,rolling,2024-12-01,4,2025-04-01,77.69,114.22897371612319,123.18054462196687,-43.63324608879495,272.0911935210413,0.8,81.61703703703704,
sarima_dcf,carbon,PRT,Europe,True,rolling,2024-12-01,5,2025-05-01,119.7,139.9269739885227,137.31580104443853,-36.05030581398839,315.90425379103374,0.8,81.61703703703704,
sarima_dcf,carbon,PRT,Europe,True,rolling,2024-12-01,6,2025-06-01,145.51,181.06938279160408,150.86984780228224,-12.27810685288631,374.4168724360945,0.8,81.61703703703704,
sarima_dcf,carbon,PRT,Europe,True,rolling,2024-12-01,7,2025-07-01,145.3,194.71256533404886,162.71334893276446,-13.812981725740258,403.238112393838,0.8,81.61703703703704,
sarima_dcf,carbon,PRT,Europe,True,rolling,2024-12-01,8,2025-08-01,153.15,187.6075821832106,174.2236205252125,-35.66897145572386,410.8841358221451,0.8,81.61703703703704,
sarima_dcf,carbon,PRT,Europe,True,rolling,2024-12-01,9,2025-09-01,141.18,193.0524944467039,184.63770058470845,-43.57023979618441,429.6752286895922,0.8,81.61703703703704,
sarima_dcf,carbon,PRT,Europe,True,rolling,2024-12-01,10,2025-10-01,163.01,167.848430720188,194.805124541044,-81.8043816114978,417.50124305187376,0.8,81.61703703703704,
sarima_dcf,carbon,PRT,Europe,True,rolling,2024-12-01,11,2025-11-01,128.69,155.79242686343406,204.21382360695594,-105.91811848590919,417.5029722127773,0.8,81.61703703703704,
sarima_dcf,carbon,PRT,Europe,True,rolling,2024-12-01,12,2025-12-01,108.7,131.54103724923522,213.41624143274896,-141.96288107154862,405.04495557001906,0.8,81.61703703703704,
sarima_dcf,carbon,ROU,Europe,False,holdout,last12,1,2025-01-01,316.16,280.6491236046541,30.931012950970402,241.0094355334577,320.2888116758505,0.8,40.26805555555555,
sarima_dcf,carbon,ROU,Europe,False,holdout,last12,2,2025-02-01,328.5,260.57219214667805,36.787164262037145,213.42754419471797,307.7168400986381,0.8,40.26805555555555,
sarima_dcf,carbon,ROU,Europe,False,holdout,last12,3,2025-03-01,254.59,236.82759574648347,39.18917508750181,186.60464706069408,287.0505444322729,0.8,40.26805555555555,
sarima_dcf,carbon,ROU,Europe,False,holdout,last12,4,2025-04-01,183.25,202.74091271980996,40.382883049725464,150.9881657262298,254.49365971339012,0.8,40.26805555555555,
sarima_dcf,carbon,ROU,Europe,False,holdout,last12,5,2025-05-01,214.29,218.7502305607998,41.07939707218537,166.10486493131236,271.3955961902872,0.8,40.26805555555555,
sarima_dcf,carbon,ROU,Europe,False,holdout,last12,6,2025-06-01,238.58,228.6794287983244,41.549292389978284,175.4318680886774,281.9269895079714,0.8,40.26805555555555,
sarima_dcf,carbon,ROU,Europe,False,holdout,last12,7,2025-07-01,264.78,269.2418320237008,41.90775812628548,215.5348789884952,322.9487850589064,0.8,40.26805555555555,
sarima_dcf,carbon,ROU,Europe,False,holdout,last12,8,2025-08-01,245.74,274.2310116283081,42.208621704338114,220.1384864036338,328.32353685298244,0.8,40.26805555555555,
sarima_dcf,carbon,ROU,Europe,False,holdout,last12,9,2025-09-01,254.55,272.60404311095925,42.47929056612606,218.16464178271644,327.04344443920206,0.8,40.26805555555555,
sarima_dcf,carbon,ROU,Europe,False,holdout,last12,10,2025-10-01,268.62,270.2815022470314,42.734919610738515,215.51449911646682,325.04850537759603,0.8,40.26805555555555,
sarima_dcf,carbon,ROU,Europe,False,holdout,last12,11,2025-11-01,285.71,284.1602191937871,42.98427940556957,229.07364862777288,339.2467897598013,0.8,40.26805555555555,
sarima_dcf,carbon,ROU,Europe,False,holdout,last12,12,2025-12-01,266.95,273.75253726016416,43.2309381755429,218.34986076133532,329.155213758993,0.8,40.26805555555555,
sarima_dcf,carbon,ROU,Europe,False,rolling,2022-12-01,1,2023-01-01,277.17,328.5257492688544,32.933592624948254,286.31965208134386,370.7318464563649,0.8,39.39785714285715,
sarima_dcf,carbon,ROU,Europe,False,rolling,2022-12-01,2,2023-02-01,276.89,309.81494599437485,39.03950153919177,259.78381167874284,359.84608031000687,0.8,39.39785714285715,
sarima_dcf,carbon,ROU,Europe,False,rolling,2022-12-01,3,2023-03-01,248.99,287.112329090223,41.4833346536375,233.94929662084328,340.2753615596027,0.8,39.39785714285715,
sarima_dcf,carbon,ROU,Europe,False,rolling,2022-12-01,4,2023-04-01,221.79,257.5340816571804,42.65947479997712,202.86376494195932,312.20439837240156,0.8,39.39785714285715,
sarima_dcf,carbon,ROU,Europe,False,rolling,2022-12-01,5,2023-05-01,228.07,272.89127840247187,43.321125728775755,217.37302190360484,328.40953490133893,0.8,39.39785714285715,
sarima_dcf,carbon,ROU,Europe,False,rolling,2022-12-01,6,2023-06-01,193.76,282.0334495877792,43.751867468266155,225.96317533832286,338.1037238372356,0.8,39.39785714285715,
sarima_dcf,carbon,ROU,Europe,False,rolling,2022-12-01,7,2023-07-01,246.78,323.58940633940176,44.07098124739012,267.11017132672225,380.0686413520813,0.8,39.39785714285715,
sarima_dcf,carbon,ROU,Europe,False,rolling,2022-12-01,8,2023-08-01,285.39,326.5974405882364,44.333701879311036,269.78151553841775,383.41336563805504,0.8,39.39785714285715,
sarima_dcf,carbon,ROU,Europe,False,rolling,2022-12-01,9,2023-09-01,275.53,328.5645516634511,44.568176131257026,271.44813576897116,385.680967557931,0.8,39.39785714285715,
sarima_dcf,carbon,ROU,Europe,False,rolling,2022-12-01,10,2023-10-01,285.06,323.0391220201082,44.790251993547024,265.63810445664086,380.44013958357556,0.8,39.39785714285715,
sarima_dcf,carbon,ROU,Europe,False,rolling,2022-12-01,11,2023-11-01,290.6,336.0499101393307,45.00930659234058,278.36816281183974,393.7316574668216,0.8,39.39785714285715,
sarima_dcf,carbon,ROU,Europe,False,rolling,2022-12-01,12,2023-12-01,295.11,325.08778432457325,45.228424106267035,267.1252266040716,383.0503420450749,0.8,39.39785714285715,
sarima_dcf,carbon,ROU,Europe,False,rolling,2023-12-01,1,2024-01-01,275.55,294.3826294276476,31.964229005839695,253.41882170378761,335.3464371515076,0.8,42.648020833333334,
sarima_dcf,carbon,ROU,Europe,False,rolling,2023-12-01,2,2024-02-01,255.95,275.81427406104757,38.33102878687018,226.69108411029896,324.9374640117962,0.8,42.648020833333334,
sarima_dcf,carbon,ROU,Europe,False,rolling,2023-12-01,3,2024-03-01,248.5,251.58621505755056,41.03685687259835,198.99536688744246,304.17706322765866,0.8,42.648020833333334,
sarima_dcf,carbon,ROU,Europe,False,rolling,2023-12-01,4,2024-04-01,183.13,221.51773121639678,42.407272099591424,167.17062526668954,275.86483716610405,0.8,42.648020833333334,
sarima_dcf,carbon,ROU,Europe,False,rolling,2023-12-01,5,2024-05-01,217.85,235.7902359401691,43.207512615365005,180.41758050466,291.1628913756782,0.8,42.648020833333334,
sarima_dcf,carbon,ROU,Europe,False,rolling,2023-12-01,6,2024-06-01,279.52,240.68970394642025,43.73992561261267,184.63473380077212,296.7446740920684,0.8,42.648020833333334,
sarima_dcf,carbon,ROU,Europe,False,rolling,2023-12-01,7,2024-07-01,292.68,283.5081248313835,44.137405039260834,226.94376430424265,340.0724853585244,0.8,42.648020833333334,
sarima_dcf,carbon,ROU,Europe,False,rolling,2023-12-01,8,2024-08-01,283.29,289.87884495859026,44.463682109890286,232.89634354078294,346.8613463763976,0.8,42.648020833333334,
sarima_dcf,carbon,ROU,Europe,False,rolling,2023-12-01,9,2024-09-01,257.91,290.65615321726597,44.751919475671855,233.3042607520928,348.0080456824391,0.8,42.648020833333334,
sarima_dcf,carbon,ROU,Europe,False,rolling,2023-12-01,10,2024-10-01,274.65,286.49403670667766,45.02077540745973,228.7975915012158,344.19048191213955,0.8,42.648020833333334,
sarima_dcf,carbon,ROU,Europe,False,rolling,2023-12-01,11,2024-11-01,301.89,298.86903930804897,45.281160551243126,240.83889711392695,356.899181502171,0.8,42.648020833333334,
sarima_dcf,carbon,ROU,Europe,False,rolling,2023-12-01,12,2024-12-01,285.38,289.2326987102391,45.537750854649964,230.87372281108247,347.59167460939574,0.8,42.648020833333334,
sarima_dcf,carbon,ROU,Europe,False,rolling,2024-12-01,1,2025-01-01,316.16,280.6491236046541,30.931012950970402,241.0094355334577,320.2888116758505,0.8,40.26805555555555,
sarima_dcf,carbon,ROU,Europe,False,rolling,2024-12-01,2,2025-02-01,328.5,260.57219214667805,36.787164262037145,213.42754419471797,307.7168400986381,0.8,40.26805555555555,
sarima_dcf,carbon,ROU,Europe,False,rolling,2024-12-01,3,2025-03-01,254.59,236.82759574648347,39.18917508750181,186.60464706069408,287.0505444322729,0.8,40.26805555555555,
sarima_dcf,carbon,ROU,Europe,False,rolling,2024-12-01,4,2025-04-01,183.25,202.74091271980996,40.382883049725464,150.9881657262298,254.49365971339012,0.8,40.26805555555555,
sarima_dcf,carbon,ROU,Europe,False,rolling,2024-12-01,5,2025-05-01,214.29,218.7502305607998,41.07939707218537,166.10486493131236,271.3955961902872,0.8,40.26805555555555,
sarima_dcf,carbon,ROU,Europe,False,rolling,2024-12-01,6,2025-06-01,238.58,228.6794287983244,41.549292389978284,175.4318680886774,281.9269895079714,0.8,40.26805555555555,
sarima_dcf,carbon,ROU,Europe,False,rolling,2024-12-01,7,2025-07-01,264.78,269.2418320237008,41.90775812628548,215.5348789884952,322.9487850589064,0.8,40.26805555555555,
sarima_dcf,carbon,ROU,Europe,False,rolling,2024-12-01,8,2025-08-01,245.74,274.2310116283081,42.208621704338114,220.1384864036338,328.32353685298244,0.8,40.26805555555555,
sarima_dcf,carbon,ROU,Europe,False,rolling,2024-12-01,9,2025-09-01,254.55,272.60404311095925,42.47929056612606,218.16464178271644,327.04344443920206,0.8,40.26805555555555,
sarima_dcf,carbon,ROU,Europe,False,rolling,2024-12-01,10,2025-10-01,268.62,270.2815022470314,42.734919610738515,215.51449911646682,325.04850537759603,0.8,40.26805555555555,
sarima_dcf,carbon,ROU,Europe,False,rolling,2024-12-01,11,2025-11-01,285.71,284.1602191937871,42.98427940556957,229.07364862777288,339.2467897598013,0.8,40.26805555555555,
sarima_dcf,carbon,ROU,Europe,False,rolling,2024-12-01,12,2025-12-01,266.95,273.75253726016416,43.2309381755429,218.34986076133532,329.155213758993,0.8,40.26805555555555,
sarima_dcf,carbon,SRB,Europe,False,holdout,last12,1,2025-01-01,712.61,727.7844375212882,58.534136817922864,652.7699228444773,802.7989521980991,0.8,69.39571428571428,
sarima_dcf,carbon,SRB,Europe,False,holdout,last12,2,2025-02-01,738.32,741.3004041244735,93.6363333509014,621.3006145267698,861.3001937221773,0.8,69.39571428571428,
sarima_dcf,carbon,SRB,Europe,False,holdout,last12,3,2025-03-01,683.87,718.3383474873602,113.01106595417438,573.508838989924,863.1678559847965,0.8,69.39571428571428,
sarima_dcf,carbon,SRB,Europe,False,holdout,last12,4,2025-04-01,600.75,715.9272477838092,132.85549594710272,545.6660789615954,886.188416606023,0.8,69.39571428571428,
sarima_dcf,carbon,SRB,Europe,False,holdout,last12,5,2025-05-01,650.66,679.0499656656434,148.09946388149697,489.25286587199497,868.8470654592918,0.8,69.39571428571428,
sarima_dcf,carbon,SRB,Europe,False,holdout,last12,6,2025-06-01,761.91,704.4750643925381,163.13112104395432,495.4141208296128,913.5360079554634,0.8,69.39571428571428,
sarima_dcf,carbon,SRB,Europe,False,holdout,last12,7,2025-07-01,843.87,774.781147170198,176.1331307937413,549.057457657207,1000.504836683189,0.8,69.39571428571428,
sarima_dcf,carbon,SRB,Europe,False,holdout,last12,8,2025-08-01,797.67,801.6397214901174,188.71303657239932,559.7942340320836,1043.4852089481512,0.8,69.39571428571428,
sarima_dcf,carbon,SRB,Europe,False,holdout,last12,9,2025-09-01,792.53,800.4125081690227,200.2039423455882,543.8408324278332,1056.984183910212,0.8,69.39571428571428,
sarima_dcf,carbon,SRB,Europe,False,holdout,last12,10,2025-10-01,804.78,804.7352300920635,211.26356878244331,533.9900727763838,1075.4803874077431,0.8,69.39571428571428,
sarima_dcf,carbon,SRB,Europe,False,holdout,last12,11,2025-11-01,748.3,778.8952725050976,221.64547312476375,494.845169426183,1062.9453755840123,0.8,69.39571428571428,
sarima_dcf,carbon,SRB,Europe,False,holdout,last12,12,2025-12-01,730.65,740.2014495758903,231.64817422493508,443.3323692423764,1037.070529909404,0.8,69.39571428571428,
sarima_dcf,carbon,SRB,Europe,False,rolling,2022-12-01,1,2023-01-01,643.51,627.8131058911279,55.655677948317646,556.4874846850153,699.1387270972405,0.8,66.2815,
sarima_dcf,carbon,SRB,Europe,False,rolling,2022-12-01,2,2023-02-01,697.25,631.9862530192285,89.61724474205704,517.1371327202517,746.8353733182053,0.8,66.2815,
sarima_dcf,carbon,SRB,Europe,False,rolling,2022-12-01,3,2023-03-01,636.89,615.3099118789869,107.94595680672718,476.9716019391159,753.6482218188579,0.8,66.2815,
sarima_dcf,carbon,SRB,Europe,False,rolling,2022-12-01,4,2023-04-01,625.41,608.3991918733221,127.08370950422318,445.5348650029697,771.2635187436746,0.8,66.2815,
sarima_dcf,carbon,SRB,Europe,False,rolling,2022-12-01,5,2023-05-01,530.08,575.7584006453413,141.55430032921657,394.3492654488633,757.1675358418194,0.8,66.2815,
sarima_dcf,carbon,SRB,Europe,False,rolling,2022-12-01,6,2023-06-01,525.29,615.2429778968955,156.00775719002232,415.31099243292044,815.1749633608705,0.8,66.2815,
sarima_dcf,carbon,SRB,Europe,False,rolling,2022-12-01,7,2023-07-01,758.24,660.6757166932103,168.38517969069065,444.88142604609686,876.4700073403238,0.8,66.2815,
sarima_dcf,carbon,SRB,Europe,False,rolling,2022-12-01,8,2023-08-01,766.42,682.9910828720256,180.45440092238795,451.7294628605263,914.2527028835248,0.8,66.2815,
sarima_dcf,carbon,SRB,Europe,False,rolling,2022-12-01,9,2023-09-01,802.42,682.4915069924053,191.41346424205358,437.1852822266862,927.7977317581244,0.8,66.2815,
sarima_dcf,carbon,SRB,Europe,False,rolling,2022-12-01,10,2023-10-01,850.98,685.0923889599229,202.00942041080418,426.2068999776995,943.9778779421463,0.8,66.2815,
sarima_dcf,carbon,SRB,Europe,False,rolling,2022-12-01,11,2023-11-01,656.25,664.818985252932,211.9211713312921,393.23107636126906,936.4068941445948,0.8,66.2815,
sarima_dcf,carbon,SRB,Europe,False,rolling,2022-12-01,12,2023-12-01,594.03,627.2115658459079,221.497362887523,343.3512736734023,911.0718580184134,0.8,66.2815,
sarima_dcf,carbon,SRB,Europe,False,rolling,2023-12-01,1,2024-01-01,656.89,597.8556111819308,58.0160596606108,523.5050390971461,672.2061832667156,0.8,68.2976388888889,
sarima_dcf,carbon,SRB,Europe,False,rolling,2023-12-01,2,2024-02-01,636.66,579.5101596076839,94.03503080694038,458.9994186610148,700.0209005543531,0.8,68.2976388888889,
sarima_dcf,carbon,SRB,Europe,False,rolling,2023-12-01,3,2024-03-01,662.46,573.9249111736599,113.12355301240568,428.9512447106438,718.898577636676,0.8,68.2976388888889,
sarima_dcf,carbon,SRB,Europe,False,rolling,2023-12-01,4,2024-04-01,653.99,552.7833236088337,133.32710609041283,381.91776206913414,723.6488851485333,0.8,68.2976388888889,
sarima_dcf,carbon,SRB,Europe,False,rolling,2023-12-01,5,2024-05-01,646.81,518.0643669075879,148.4421136341404,327.8281437870058,708.3005900281701,0.8,68.2976388888889,
sarima_dcf,carbon,SRB,Europe,False,rolling,2023-12-01,6,2024-06-01,618.64,546.5912566569182,163.66301284664488,336.8486663215544,756.3338469922819,0.8,68.2976388888889,
sarima_dcf,carbon,SRB,Europe,False,rolling,2023-12-01,7,2024-07-01,716.42,628.5663325116271,176.6165500273237,402.2231163230242,854.9095487002301,0.8,68.2976388888889,
sarima_dcf,carbon,SRB,Europe,False,rolling,2023-12-01,8,2024-08-01,787.88,646.8864922232619,189.30706990372397,404.2797204194834,889.4932640270405,0.8,68.2976388888889,
sarima_dcf,carbon,SRB,Europe,False,rolling,2023-12-01,9,2024-09-01,744.68,654.924961117501,200.78932144736362,397.60309187199414,912.2468303630078,0.8,68.2976388888889,
sarima_dcf,carbon,SRB,Europe,False,rolling,2023-12-01,10,2024-10-01,714.75,663.9076848393573,211.9205903888536,392.320520455386,935.4948492233286,0.8,68.2976388888889,
sarima_dcf,carbon,SRB,Europe,False,rolling,2023-12-01,11,2024-11-01,803.23,615.2830109084026,222.3121451938631,330.37853319562885,900.1874886211764,0.8,68.2976388888889,
sarima_dcf,carbon,SRB,Europe,False,rolling,2023-12-01,12,2024-12-01,763.41,570.948571323253,232.36699519293865,273.1582848528478,868.7388577936581,0.8,68.2976388888889,
sarima_dcf,carbon,SRB,Europe,False,rolling,2024-12-01,1,2025-01-01,712.61,727.7844375212882,58.534136817922864,652.7699228444773,802.7989521980991,0.8,69.39571428571428,
sarima_dcf,carbon,SRB,Europe,False,rolling,2024-12-01,2,2025-02-01,738.32,741.3004041244735,93.6363333509014,621.3006145267698,861.3001937221773,0.8,69.39571428571428,
sarima_dcf,carbon,SRB,Europe,False,rolling,2024-12-01,3,2025-03-01,683.87,718.3383474873602,113.01106595417438,573.508838989924,863.1678559847965,0.8,69.39571428571428,
sarima_dcf,carbon,SRB,Europe,False,rolling,2024-12-01,4,2025-04-01,600.75,715.9272477838092,132.85549594710272,545.6660789615954,886.188416606023,0.8,69.39571428571428,
sarima_dcf,carbon,SRB,Europe,False,rolling,2024-12-01,5,2025-05-01,650.66,679.0499656656434,148.09946388149697,489.25286587199497,868.8470654592918,0.8,69.39571428571428,
sarima_dcf,carbon,SRB,Europe,False,rolling,2024-12-01,6,2025-06-01,761.91,704.4750643925381,163.13112104395432,495.4141208296128,913.5360079554634,0.8,69.39571428571428,
sarima_dcf,carbon,SRB,Europe,False,rolling,2024-12-01,7,2025-07-01,843.87,774.781147170198,176.1331307937413,549.057457657207,1000.504836683189,0.8,69.39571428571428,
sarima_dcf,carbon,SRB,Europe,False,rolling,2024-12-01,8,2025-08-01,797.67,801.6397214901174,188.71303657239932,559.7942340320836,1043.4852089481512,0.8,69.39571428571428,
sarima_dcf,carbon,SRB,Europe,False,rolling,2024-12-01,9,2025-09-01,792.53,800.4125081690227,200.2039423455882,543.8408324278332,1056.984183910212,0.8,69.39571428571428,
sarima_dcf,carbon,SRB,Europe,False,rolling,2024-12-01,10,2025-10-01,804.78,804.7352300920635,211.26356878244331,533.9900727763838,1075.4803874077431,0.8,69.39571428571428,
sarima_dcf,carbon,SRB,Europe,False,rolling,2024-12-01,11,2025-11-01,748.3,778.8952725050976,221.64547312476375,494.845169426183,1062.9453755840123,0.8,69.39571428571428,
sarima_dcf,carbon,SRB,Europe,False,rolling,2024-12-01,12,2025-12-01,730.65,740.2014495758903,231.64817422493508,443.3323692423764,1037.070529909404,0.8,69.39571428571428,
sarima_dcf,carbon,SVK,Europe,False,holdout,last12,1,2025-01-01,104.48,105.0528757563996,18.04966330193782,81.92130149424827,128.18445001855093,0.8,25.02342592592593,
sarima_dcf,carbon,SVK,Europe,False,holdout,last12,2,2025-02-01,107.44,98.68030759426982,20.315318904271713,72.6451788479626,124.71543634057704,0.8,25.02342592592593,
sarima_dcf,carbon,SVK,Europe,False,holdout,last12,3,2025-03-01,108.33,94.02064160411342,21.536947804022624,66.41993242881588,121.62135077941096,0.8,25.02342592592593,
sarima_dcf,carbon,SVK,Europe,False,holdout,last12,4,2025-04-01,100.0,86.4192174352697,22.52822391350337,57.54813680998015,115.29029806055925,0.8,25.02342592592593,
sarima_dcf,carbon,SVK,Europe,False,holdout,last12,5,2025-05-01,79.07,72.33800994019852,23.440089581572998,42.298326440427964,102.37769343996908,0.8,25.02342592592593,
sarima_dcf,carbon,SVK,Europe,False,holdout,last12,6,2025-06-01,67.27,82.11053689562786,24.308867818803723,50.957469285823194,113.26360450543253,0.8,25.02342592592593,
sarima_dcf,carbon,SVK,Europe,False,holdout,last12,7,2025-07-01,85.71,78.10562235694054,25.14550961400799,45.880355144691805,110.33088956918928,0.8,25.02342592592593,
sarima_dcf,carbon,SVK,Europe,False,holdout,last12,8,2025-08-01,81.34,68.9605824552795,25.95468169868995,35.69831949111161,102.2228454194474,0.8,25.02342592592593,
sarima_dcf,carbon,SVK,Europe,False,holdout,last12,9,2025-09-01,90.09,82.71036438725461,26.739256845374783,48.44262791556539,116.97810085894383,0.8,25.02342592592593,
sarima_dcf,carbon,SVK,Europe,False,holdout,last12,10,2025-10-01,89.49,87.36400730156922,27.50144108812948,52.11949242034429,122.60852218279415,0.8,25.02342592592593,
sarima_dcf,carbon,SVK,Europe,False,holdout,last12,11,2025-11-01,104.48,94.72499372301708,28.243105704442204,58.52999739164754,130.91999005438663,0.8,25.02342592592593,
sarima_dcf,carbon,SVK,Europe,False,holdout,last12,12,2025-12-01,105.84,93.97089620215993,28.965949959190805,56.8495376844724,131.09225471984746,0.8,25.02342592592593,
sarima_dcf,carbon,SVK,Europe,False,rolling,2022-12-01,1,2023-01-01,155.46,159.73244836198242,18.984397385567735,135.40296417158726,184.06193255237758,0.8,24.798095238095236,
sarima_dcf,carbon,SVK,Europe,False,rolling,2022-12-01,2,2023-02-01,152.89,149.66430096222996,21.349576044351974,122.30371835887719,177.02488356558274,0.8,24.798095238095236,
sarima_dcf,carbon,SVK,Europe,False,rolling,2022-12-01,3,2023-03-01,128.91,144.13442949901741,22.553062649111425,115.23151675322322,173.0373422448116,0.8,24.798095238095236,
sarima_dcf,carbon,SVK,Europe,False,rolling,2022-12-01,4,2023-04-01,109.09,143.4434674938738,23.496314640127803,113.33172868228951,173.5552063054581,0.8,24.798095238095236,
sarima_dcf,carbon,SVK,Europe,False,rolling,2022-12-01,5,2023-05-01,99.57,121.43731458311078,24.354061522638478,90.22632891140393,152.64830025481763,0.8,24.798095238095236,
sarima_dcf,carbon,SVK,Europe,False,rolling,2022-12-01,6,2023-06-01,107.98,134.30737068994844,25.169945941498064,102.05078706394863,166.56395431594825,0.8,24.798095238095236,
sarima_dcf,carbon,SVK,Europe,False,rolling,2022-12-01,7,2023-07-01,116.59,125.28708809556183,25.95688592517053,92.02200030149694,158.5521758896267,0.8,24.798095238095236,
sarima_dcf,carbon,SVK,Europe,False,rolling,2022-12-01,8,2023-08-01,98.43,112.49179029502143,26.719791992066465,78.24899903656258,146.73458155348027,0.8,24.798095238095236,
sarima_dcf,carbon,SVK,Europe,False,rolling,2022-12-01,9,2023-09-01,102.33,139.42118346667726,27.461299949780226,104.22811152414656,174.61425540920797,0.8,24.798095238095236,
sarima_dcf,carbon,SVK,Europe,False,rolling,2022-12-01,10,2023-10-01,109.31,144.55443006326254,28.183310026961834,108.43606497598077,180.67279515054432,0.8,24.798095238095236,
sarima_dcf,carbon,SVK,Europe,False,rolling,2022-12-01,11,2023-11-01,108.21,146.5978448185503,28.88748948666051,109.57703744226734,183.61865219483326,0.8,24.798095238095236,
sarima_dcf,carbon,SVK,Europe,False,rolling,2022-12-01,12,2023-12-01,102.39,150.26778391149952,29.575586556336397,112.36514465832678,188.17042316467226,0.8,24.798095238095236,
sarima_dcf,carbon,SVK,Europe,False,rolling,2023-12-01,1,2024-01-01,106.67,109.37555479488405,18.363794309801477,85.84140544781894,132.90970414194916,0.8,25.072187500000002,
sarima_dcf,carbon,SVK,Europe,False,rolling,2023-12-01,2,2024-02-01,100.36,105.44153693389255,20.75482216111393,78.84316210071722,132.03991176706788,0.8,25.072187500000002,
sarima_dcf,carbon,SVK,Europe,False,rolling,2023-12-01,3,2024-03-01,108.3,98.23787446850623,22.07750800106103,69.94440952642303,126.53133941058944,0.8,25.072187500000002,
sarima_dcf,carbon,SVK,Europe,False,rolling,2023-12-01,4,2024-04-01,82.97,95.07921218361693,23.15965475205299,65.39892037865098,124.75950398858288,0.8,25.072187500000002,
sarima_dcf,carbon,SVK,Europe,False,rolling,2023-12-01,5,2024-05-01,78.82,76.66885010723169,24.155870708544207,45.711856183603906,107.62584403085947,0.8,25.072187500000002,
sarima_dcf,carbon,SVK,Europe,False,rolling,2023-12-01,6,2024-06-01,87.63,88.21779962399407,25.103761664394614,56.046034561930625,120.38956468605751,0.8,25.072187500000002,
sarima_dcf,carbon,SVK,Europe,False,rolling,2023-12-01,7,2024-07-01,86.12,82.04880065716736,26.015040347596038,48.70918497199972,115.388416342335,0.8,25.072187500000002,
sarima_dcf,carbon,SVK,Europe,False,rolling,2023-12-01,8,2024-08-01,87.96,69.23533059484664,26.89496313704779,34.768048481298734,103.70261270839455,0.8,25.072187500000002,
sarima_dcf,carbon,SVK,Europe,False,rolling,2023-12-01,9,2024-09-01,79.3,90.15115601094655,27.746893352289792,54.5920813963205,125.71023062557259,0.8,25.072187500000002,
sarima_dcf,carbon,SVK,Europe,False,rolling,2023-12-01,10,2024-10-01,85.02,97.47792056080813,28.573475784037214,60.85953793672451,134.09630318489175,0.8,25.072187500000002,
sarima_dcf,carbon,SVK,Europe,False,rolling,2023-12-01,11,2024-11-01,119.84,97.07017717638017,29.377070827450932,59.42194606634582,134.71840828641453,0.8,25.072187500000002,
sarima_dcf,carbon,SVK,Europe,False,rolling,2023-12-01,12,2024-12-01,108.95,99.1413130791459,30.160168080621858,60.48950245833667,137.79312369995512,0.8,25.072187500000002,
sarima_dcf,carbon,SVK,Europe,False,rolling,2024-12-01,1,2025-01-01,104.48,105.0528757563996,18.04966330193782,81.92130149424827,128.18445001855093,0.8,25.02342592592593,
sarima_dcf,carbon,SVK,Europe,False,rolling,2024-12-01,2,2025-02-01,107.44,98.68030759426982,20.315318904271713,72.6451788479626,124.71543634057704,0.8,25.02342592592593,
sarima_dcf,carbon,SVK,Europe,False,rolling,2024-12-01,3,2025-03-01,108.33,94.02064160411342,21.536947804022624,66.41993242881588,121.62135077941096,0.8,25.02342592592593,
sarima_dcf,carbon,SVK,Europe,False,rolling,2024-12-01,4,2025-04-01,100.0,86.4192174352697,22.52822391350337,57.54813680998015,115.29029806055925,0.8,25.02342592592593,
sarima_dcf,carbon,SVK,Europe,False,rolling,2024-12-01,5,2025-05-01,79.07,72.33800994019852,23.440089581572998,42.298326440427964,102.37769343996908,0.8,25.02342592592593,
sarima_dcf,carbon,SVK,Europe,False,rolling,2024-12-01,6,2025-06-01,67.27,82.11053689562786,24.308867818803723,50.957469285823194,113.26360450543253,0.8,25.02342592592593,
sarima_dcf,carbon,SVK,Europe,False,rolling,2024-12-01,7,2025-07-01,85.71,78.10562235694054,25.14550961400799,45.880355144691805,110.33088956918928,0.8,25.02342592592593,
sarima_dcf,carbon,SVK,Europe,False,rolling,2024-12-01,8,2025-08-01,81.34,68.9605824552795,25.95468169868995,35.69831949111161,102.2228454194474,0.8,25.02342592592593,
sarima_dcf,carbon,SVK,Europe,False,rolling,2024-12-01,9,2025-09-01,90.09,82.71036438725461,26.739256845374783,48.44262791556539,116.97810085894383,0.8,25.02342592592593,
sarima_dcf,carbon,SVK,Europe,False,rolling,2024-12-01,10,2025-10-01,89.49,87.36400730156922,27.50144108812948,52.11949242034429,122.60852218279415,0.8,25.02342592592593,
sarima_dcf,carbon,SVK,Europe,False,rolling,2024-12-01,11,2025-11-01,104.48,94.72499372301708,28.243105704442204,58.52999739164754,130.91999005438663,0.8,25.02342592592593,
sarima_dcf,carbon,SVK,Europe,False,rolling,2024-12-01,12,2025-12-01,105.84,93.97089620215993,28.965949959190805,56.8495376844724,131.09225471984746,0.8,25.02342592592593,
sarima_dcf,carbon,SVN,Europe,False,holdout,last12,1,2025-01-01,258.07,276.66026615494326,71.38318262749694,185.17903670511845,368.14149560476807,0.8,74.96635416666668,
sarima_dcf,carbon,SVN,Europe,False,holdout,last12,2,2025-02-01,307.02,267.5534261452295,73.32492931625902,173.58374818653056,361.5231041039284,0.8,74.96635416666668,
sarima_dcf,carbon,SVN,Europe,False,holdout,last12,3,2025-03-01,262.41,243.60471775382342,73.58773344245597,149.29824275576522,337.91119275188163,0.8,74.96635416666668,
sarima_dcf,carbon,SVN,Europe,False,holdout,last12,4,2025-04-01,168.0,236.20085988511065,73.70251719041475,141.7472835951568,330.65443617506446,0.8,74.96635416666668,
sarima_dcf,carbon,SVN,Europe,False,holdout,last12,5,2025-05-01,40.32,143.20501628876212,73.79509786151846,48.63279309481615,237.7772394827081,0.8,74.96635416666668,
sarima_dcf,carbon,SVN,Europe,False,holdout,last12,6,2025-06-01,43.86,174.00929483100924,73.88356919422503,79.32369106212734,268.69489859989113,0.8,74.96635416666668,
sarima_dcf,carbon,SVN,Europe,False,holdout,last12,7,2025-07-01,45.87,225.51049731533155,73.97118253884098,130.71261252749449,320.3083821031686,0.8,74.96635416666668,
sarima_dcf,carbon,SVN,Europe,False,holdout,last12,8,2025-08-01,42.11,234.13396142056916,74.05857373410703,139.22408030962407,329.04384253151426,0.8,74.96635416666668,
sarima_dcf,carbon,SVN,Europe,False,holdout,last12,9,2025-09-01,40.82,216.17048099450463,74.1459709107141,121.14859589505458,311.19236609395466,0.8,74.96635416666668,
sarima_dcf,carbon,SVN,Europe,False,holdout,last12,10,2025-10-01,392.41,321.5010456065665,74.2339626079115,226.3663946098182,416.6356966033148,0.8,74.96635416666668,
sarima_dcf,carbon,SVN,Europe,False,holdout,last12,11,2025-11-01,229.01,238.28235745399508,74.3252638969269,143.03069914737284,333.5340157606173,0.8,74.96635416666668,
sarima_dcf,carbon,SVN,Europe,False,holdout,last12,12,2025-12-01,312.0,235.98693117962856,74.42763986689474,140.6040727884199,331.3697895708372,0.8,74.96635416666668,
sarima_dcf,carbon,SVN,Europe,False,rolling,2022-12-01,1,2023-01-01,230.09,273.70215130249943,75.99904857942855,176.30545161563265,371.0988509893662,0.8,78.04097222222222,
sarima_dcf,carbon,SVN,Europe,False,rolling,2022-12-01,2,2023-02-01,284.31,286.366246492036,78.82583782818973,185.34687061795466,387.38562236611733,0.8,78.04097222222222,
sarima_dcf,carbon,SVN,Europe,False,rolling,2022-12-01,3,2023-03-01,252.17,275.23689167005597,79.22267715083385,173.70894574077042,376.7648375993415,0.8,78.04097222222222,
sarima_dcf,carbon,SVN,Europe,False,rolling,2022-12-01,4,2023-04-01,203.54,266.42920458052487,79.36395266592012,164.72020679370738,368.1382023673424,0.8,78.04097222222222,
sarima_dcf,carbon,SVN,Europe,False,rolling,2022-12-01,5,2023-05-01,96.0,189.77373945547947,79.46198847509612,87.93910372393304,291.6083751870259,0.8,78.04097222222222,
sarima_dcf,carbon,SVN,Europe,False,rolling,2022-12-01,6,2023-06-01,244.44,197.2601525599137,79.55072681945828,95.31179406422612,299.2085110556013,0.8,78.04097222222222,
sarima_dcf,carbon,SVN,Europe,False,rolling,2022-12-01,7,2023-07-01,226.95,260.9983913435707,79.63728292454388,158.9391067359032,363.05767595123814,0.8,78.04097222222222,
sarima_dcf,carbon,SVN,Europe,False,rolling,2022-12-01,8,2023-08-01,228.57,265.8949470785502,79.72335222086416,163.72536022943817,368.0645339276623,0.8,78.04097222222222,
sarima_dcf,carbon,SVN,Europe,False,rolling,2022-12-01,9,2023-09-01,226.89,249.0184278515967,79.80963318633466,146.73826749610922,351.2985882070842,0.8,78.04097222222222,
sarima_dcf,carbon,SVN,Europe,False,rolling,2022-12-01,10,2023-10-01,400.0,355.3460266765177,79.89753814465136,252.9532115840803,457.73884176895507,0.8,78.04097222222222,
sarima_dcf,carbon,SVN,Europe,False,rolling,2022-12-01,11,2023-11-01,301.89,251.97520991877377,79.99203911677229,149.4612869575693,354.48913287997823,0.8,78.04097222222222,
sarima_dcf,carbon,SVN,Europe,False,rolling,2022-12-01,12,2023-12-01,219.7,260.821059970473,80.10209786640463,158.16609104637536,363.4760288945707,0.8,78.04097222222222,
sarima_dcf,carbon,SVN,Europe,False,rolling,2023-12-01,1,2024-01-01,279.41,264.5785999848433,72.13337531632236,172.13595992019418,357.02124004949246,0.8,78.28619047619048,
sarima_dcf,carbon,SVN,Europe,False,rolling,2023-12-01,2,2024-02-01,289.06,272.3458787754159,74.73990533105734,176.5628360897441,368.12892146108766,0.8,78.28619047619048,
sarima_dcf,carbon,SVN,Europe,False,rolling,2023-12-01,3,2024-03-01,224.64,256.30919432510706,75.11666934057625,160.04330913319546,352.57507951701865,0.8,78.28619047619048,
sarima_dcf,carbon,SVN,Europe,False,rolling,2023-12-01,4,2024-04-01,284.09,242.41021600661958,75.26088459697519,145.95951152709452,338.86092048614466,0.8,78.28619047619048,
sarima_dcf,carbon,SVN,Europe,False,rolling,2023-12-01,5,2024-05-01,77.52,160.1189649977735,75.36590621962345,63.53366989332753,256.70426010221945,0.8,78.28619047619048,
sarima_dcf,carbon,SVN,Europe,False,rolling,2023-12-01,6,2024-06-01,192.05,182.93692344646456,75.46262611784702,86.22767680503087,279.64617008789827,0.8,78.28619047619048,
sarima_dcf,carbon,SVN,Europe,False,rolling,2023-12-01,7,2024-07-01,194.25,239.77092522104684,75.55741623207692,142.94020016032368,336.60165028177,0.8,78.28619047619048,
sarima_dcf,carbon,SVN,Europe,False,rolling,2023-12-01,8,2024-08-01,243.9,244.44200508928373,75.65174840663056,147.4903884825801,341.39362169598735,0.8,78.28619047619048,
sarima_dcf,carbon,SVN,Europe,False,rolling,2023-12-01,9,2024-09-01,201.55,228.72270904427688,75.7461934634806,131.65005622710913,325.79536186144463,0.8,78.28619047619048,
sarima_dcf,carbon,SVN,Europe,False,rolling,2023-12-01,10,2024-10-01,211.92,345.2855651127219,75.84189273373858,248.09026874593354,442.4808614795102,0.8,78.28619047619048,
sarima_dcf,carbon,SVN,Europe,False,rolling,2023-12-01,11,2024-11-01,333.33,239.51346349184035,75.94304792937143,142.18853152572578,336.8383954579549,0.8,78.28619047619048,
sarima_dcf,carbon,SVN,Europe,False,rolling,2023-12-01,12,2024-12-01,314.52,238.82600774827702,76.0586196598418,141.35296465004546,336.2990508465086,0.8,78.28619047619048,
sarima_dcf,carbon,SVN,Europe,False,rolling,2024-12-01,1,2025-01-01,258.07,276.66026615494326,71.38318262749694,185.17903670511845,368.14149560476807,0.8,74.96635416666668,
sarima_dcf,carbon,SVN,Europe,False,rolling,2024-12-01,2,2025-02-01,307.02,267.5534261452295,73.32492931625902,173.58374818653056,361.5231041039284,0.8,74.96635416666668,
sarima_dcf,carbon,SVN,Europe,False,rolling,2024-12-01,3,2025-03-01,262.41,243.60471775382342,73.58773344245597,149.29824275576522,337.91119275188163,0.8,74.96635416666668,
sarima_dcf,carbon,SVN,Europe,False,rolling,2024-12-01,4,2025-04-01,168.0,236.20085988511065,73.70251719041475,141.7472835951568,330.65443617506446,0.8,74.96635416666668,
sarima_dcf,carbon,SVN,Europe,False,rolling,2024-12-01,5,2025-05-01,40.32,143.20501628876212,73.79509786151846,48.63279309481615,237.7772394827081,0.8,74.96635416666668,
sarima_dcf,carbon,SVN,Europe,False,rolling,2024-12-01,6,2025-06-01,43.86,174.00929483100924,73.88356919422503,79.32369106212734,268.69489859989113,0.8,74.96635416666668,
sarima_dcf,carbon,SVN,Europe,False,rolling,2024-12-01,7,2025-07-01,45.87,225.51049731533155,73.97118253884098,130.71261252749449,320.3083821031686,0.8,74.96635416666668,
sarima_dcf,carbon,SVN,Europe,False,rolling,2024-12-01,8,2025-08-01,42.11,234.13396142056916,74.05857373410703,139.22408030962407,329.04384253151426,0.8,74.96635416666668,
sarima_dcf,carbon,SVN,Europe,False,rolling,2024-12-01,9,2025-09-01,40.82,216.17048099450463,74.1459709107141,121.14859589505458,311.19236609395466,0.8,74.96635416666668,
sarima_dcf,carbon,SVN,Europe,False,rolling,2024-12-01,10,2025-10-01,392.41,321.5010456065665,74.2339626079115,226.3663946098182,416.6356966033148,0.8,74.96635416666668,
sarima_dcf,carbon,SVN,Europe,False,rolling,2024-12-01,11,2025-11-01,229.01,238.28235745399508,74.3252638969269,143.03069914737284,333.5340157606173,0.8,74.96635416666668,
sarima_dcf,carbon,SVN,Europe,False,rolling,2024-12-01,12,2025-12-01,312.0,235.98693117962856,74.42763986689474,140.6040727884199,331.3697895708372,0.8,74.96635416666668,
sarima_dcf,carbon,SWE,Europe,True,holdout,last12,1,2025-01-01,24.11,18.91768516841634,2.0686659726116394,16.266583052627052,21.56878728420563,0.8,2.0722222222222224,
sarima_dcf,carbon,SWE,Europe,True,holdout,last12,2,2025-02-01,26.13,18.401953720732507,3.0910823698260637,14.440572270454602,22.363335171010412,0.8,2.0722222222222224,
sarima_dcf,carbon,SWE,Europe,True,holdout,last12,3,2025-03-01,23.45,19.787370942696185,3.755643184689328,14.97432053973067,24.6004213456617,0.8,2.0722222222222224,
sarima_dcf,carbon,SWE,Europe,True,holdout,last12,4,2025-04-01,25.32,19.824845443648492,4.3783590056159785,14.213752605485034,25.43593828181195,0.8,2.0722222222222224,
sarima_dcf,carbon,SWE,Europe,True,holdout,last12,5,2025-05-01,25.06,18.84302739156383,4.884950298608259,12.582711688774852,25.10334309435281,0.8,2.0722222222222224,
sarima_dcf,carbon,SWE,Europe,True,holdout,last12,6,2025-06-01,21.94,16.71825145746829,5.368547612127389,9.83818086044571,23.598322054490872,0.8,2.0722222222222224,
sarima_dcf,carbon,SWE,Europe,True,holdout,last12,7,2025-07-01,23.1,16.045453614957207,5.795544717712673,8.61816420878879,23.472743021125623,0.8,2.0722222222222224,
sarima_dcf,carbon,SWE,Europe,True,holdout,last12,8,2025-08-01,21.85,14.752894191816416,6.204227657191184,6.801856524747947,22.703931858884886,0.8,2.0722222222222224,
sarima_dcf,carbon,SWE,Europe,True,holdout,last12,9,2025-09-01,21.47,15.026883571143856,6.580120136068123,6.594120309294203,23.459646832993506,0.8,2.0722222222222224,
sarima_dcf,carbon,SWE,Europe,True,holdout,last12,10,2025-10-01,23.73,14.833224895184927,6.940760203263091,5.938282790623454,23.7281669997464,0.8,2.0722222222222224,
sarima_dcf,carbon,SWE,Europe,True,holdout,last12,11,2025-11-01,24.51,17.65823251621874,7.280081269537403,8.328432967951159,26.98803206448632,0.8,2.0722222222222224,
sarima_dcf,carbon,SWE,Europe,True,holdout,last12,12,2025-12-01,23.78,18.262988068217698,7.606668184192301,8.514650548187753,28.011325588247644,0.8,2.0722222222222224,
sarima_dcf,carbon,SWE,Europe,True,rolling,2022-12-01,1,2023-01-01,28.59,33.202437712822885,2.066000195248541,30.55475192818667,35.8501234974591,0.8,2.1272619047619052,
sarima_dcf,carbon,SWE,Europe,True,rolling,2022-12-01,2,2023-02-01,28.18,31.996332693335802,3.1729041667050333,27.930092391171982,36.06257299549962,0.8,2.1272619047619052,
sarima_dcf,carbon,SWE,Europe,True,rolling,2022-12-01,3,2023-03-01,30.48,32.066279523500334,3.8434380352843096,27.140715492308065,36.99184355469261,0.8,2.1272619047619052,
sarima_dcf,carbon,SWE,Europe,True,rolling,2022-12-01,4,2023-04-01,28.86,31.35508830749176,4.497682361296682,25.59107643604966,37.119100178933856,0.8,2.1272619047619052,
sarima_dcf,carbon,SWE,Europe,True,rolling,2022-12-01,5,2023-05-01,27.03,30.363654875653978,5.015450428098982,23.936096527612392,36.791213223695564,0.8,2.1272619047619052,
sarima_dcf,carbon,SWE,Europe,True,rolling,2022-12-01,6,2023-06-01,23.58,28.414771337484925,5.5180442283689475,21.343113117874353,35.4864295570955,0.8,2.1272619047619052,
sarima_dcf,carbon,SWE,Europe,True,rolling,2022-12-01,7,2023-07-01,22.35,27.406580647872396,5.956849665183699,19.772570633742397,35.040590662002394,0.8,2.1272619047619052,
sarima_dcf,carbon,SWE,Europe,True,rolling,2022-12-01,8,2023-08-01,21.37,27.626399654484302,6.379611723128862,19.450598263141824,35.80220104582678,0.8,2.1272619047619052,
sarima_dcf,carbon,SWE,Europe,True,rolling,2022-12-01,9,2023-09-01,20.35,29.511707454345846,6.766730336152759,20.839793598431136,38.183621310260556,0.8,2.1272619047619052,
sarima_dcf,carbon,SWE,Europe,True,rolling,2022-12-01,10,2023-10-01,21.0,29.116029886590685,7.139036901325753,19.966985969215994,38.26507380396538,0.8,2.1272619047619052,
sarima_dcf,carbon,SWE,Europe,True,rolling,2022-12-01,11,2023-11-01,26.11,31.40414861591815,7.4887558595256225,21.80692182016179,41.00137541167451,0.8,2.1272619047619052,
sarima_dcf,carbon,SWE,Europe,True,rolling,2022-12-01,12,2023-12-01,28.03,34.6763972949469,7.825605745041916,24.647480001053616,44.70531458884019,0.8,2.1272619047619052,
sarima_dcf,carbon,SWE,Europe,True,rolling,2023-12-01,1,2024-01-01,25.47,25.681333676389514,2.0562484187465953,23.046145296196205,28.316522056582823,0.8,2.066666666666667,
sarima_dcf,carbon,SWE,Europe,True,rolling,2023-12-01,2,2024-02-01,23.47,25.08981905977398,3.1546025111632754,21.047033272921755,29.132604846626204,0.8,2.066666666666667,
sarima_dcf,carbon,SWE,Europe,True,rolling,2023-12-01,3,2024-03-01,27.03,25.80417289009077,3.8152275983399293,20.914761988529264,30.693583791652273,0.8,2.066666666666667,
sarima_dcf,carbon,SWE,Europe,True,rolling,2023-12-01,4,2024-04-01,27.44,25.02165274385543,4.468701349730436,19.29478153315712,30.74852395455374,0.8,2.066666666666667,
sarima_dcf,carbon,SWE,Europe,True,rolling,2023-12-01,5,2024-05-01,26.94,23.77267355091617,4.978240584176001,17.39280153660775,30.152545565224592,0.8,2.066666666666667,
sarima_dcf,carbon,SWE,Europe,True,rolling,2023-12-01,6,2024-06-01,23.77,21.588157152996512,5.480233710337719,14.564955061962914,28.611359244030112,0.8,2.066666666666667,
sarima_dcf,carbon,SWE,Europe,True,rolling,2023-12-01,7,2024-07-01,23.51,20.57718712629603,5.9127832939651706,12.999650439189008,28.154723813403056,0.8,2.066666666666667,
sarima_dcf,carbon,SWE,Europe,True,rolling,2023-12-01,8,2024-08-01,20.18,20.387897554606653,6.334373120456281,12.270071765342271,28.505723343871033,0.8,2.066666666666667,
sarima_dcf,carbon,SWE,Europe,True,rolling,2023-12-01,9,2024-09-01,20.31,21.068152305190477,6.716730645887133,12.460315630612426,29.675988979768526,0.8,2.066666666666667,
sarima_dcf,carbon,SWE,Europe,True,rolling,2023-12-01,10,2024-10-01,19.8,21.017786900201322,7.087407068170991,11.934909276334922,30.100664524067724,0.8,2.066666666666667,
sarima_dcf,carbon,SWE,Europe,True,rolling,2023-12-01,11,2024-11-01,23.49,23.995368170476407,7.433379087097401,14.469109564120242,33.521626776832576,0.8,2.066666666666667,
sarima_dcf,carbon,SWE,Europe,True,rolling,2023-12-01,12,2024-12-01,21.82,26.51715574003608,7.7683402168747175,16.561627173417207,36.472684306654955,0.8,2.066666666666667,
sarima_dcf,carbon,SWE,Europe,True,rolling,2024-12-01,1,2025-01-01,24.11,18.91768516841634,2.0686659726116394,16.266583052627052,21.56878728420563,0.8,2.0722222222222224,
sarima_dcf,carbon,SWE,Europe,True,rolling,2024-12-01,2,2025-02-01,26.13,18.401953720732507,3.0910823698260637,14.440572270454602,22.363335171010412,0.8,2.0722222222222224,
sarima_dcf,carbon,SWE,Europe,True,rolling,2024-12-01,3,2025-03-01,23.45,19.787370942696185,3.755643184689328,14.97432053973067,24.6004213456617,0.8,2.0722222222222224,
sarima_dcf,carbon,SWE,Europe,True,rolling,2024-12-01,4,2025-04-01,25.32,19.824845443648492,4.3783590056159785,14.213752605485034,25.43593828181195,0.8,2.0722222222222224,
sarima_dcf,carbon,SWE,Europe,True,rolling,2024-12-01,5,2025-05-01,25.06,18.84302739156383,4.884950298608259,12.582711688774852,25.10334309435281,0.8,2.0722222222222224,
sarima_dcf,carbon,SWE,Europe,True,rolling,2024-12-01,6,2025-06-01,21.94,16.71825145746829,5.368547612127389,9.83818086044571,23.598322054490872,0.8,2.0722222222222224,
sarima_dcf,carbon,SWE,Europe,True,rolling,2024-12-01,7,2025-07-01,23.1,16.045453614957207,5.795544717712673,8.61816420878879,23.472743021125623,0.8,2.0722222222222224,
sarima_dcf,carbon,SWE,Europe,True,rolling,2024-12-01,8,2025-08-01,21.85,14.752894191816416,6.204227657191184,6.801856524747947,22.703931858884886,0.8,2.0722222222222224,
sarima_dcf,carbon,SWE,Europe,True,rolling,2024-12-01,9,2025-09-01,21.47,15.026883571143856,6.580120136068123,6.594120309294203,23.459646832993506,0.8,2.0722222222222224,
sarima_dcf,carbon,SWE,Europe,True,rolling,2024-12-01,10,2025-10-01,23.73,14.833224895184927,6.940760203263091,5.938282790623454,23.7281669997464,0.8,2.0722222222222224,
sarima_dcf,carbon,SWE,Europe,True,rolling,2024-12-01,11,2025-11-01,24.51,17.65823251621874,7.280081269537403,8.328432967951159,26.98803206448632,0.8,2.0722222222222224,
sarima_dcf,carbon,SWE,Europe,True,rolling,2024-12-01,12,2025-12-01,23.78,18.262988068217698,7.606668184192301,8.514650548187753,28.011325588247644,0.8,2.0722222222222224,
sarima_dcf,carbon,TUR,Europe,False,holdout,last12,1,2025-01-01,515.89,495.0211551843375,32.268522881488124,453.66737916775463,536.3749312009204,0.8,38.00555555555557,
sarima_dcf,carbon,TUR,Europe,False,holdout,last12,2,2025-02-01,504.08,492.4768481599617,46.223213110200554,433.2394170340825,551.7142792858409,0.8,38.00555555555557,
sarima_dcf,carbon,TUR,Europe,False,holdout,last12,3,2025-03-01,446.11,447.2952409974915,56.24666314478417,375.21224178763356,519.3782402073494,0.8,38.00555555555557,
sarima_dcf,carbon,TUR,Europe,False,holdout,last12,4,2025-04-01,386.81,388.2210656360933,65.24902680665899,304.60107318175784,471.8410580904287,0.8,38.00555555555557,
sarima_dcf,carbon,TUR,Europe,False,holdout,last12,5,2025-05-01,386.75,406.1892605111948,72.7050321407316,313.0140127482697,499.3645082741199,0.8,38.00555555555557,
sarima_dcf,carbon,TUR,Europe,False,holdout,last12,6,2025-06-01,428.26,453.71405950851096,79.86424847405773,351.3639068455393,556.0642121714826,0.8,38.00555555555557,
sarima_dcf,carbon,TUR,Europe,False,holdout,last12,7,2025-07-01,462.65,470.30222202087594,86.07129390889716,359.99742056347935,580.6070234782725,0.8,38.00555555555557,
sarima_dcf,carbon,TUR,Europe,False,holdout,last12,8,2025-08-01,472.3,485.9494628341703,92.19096973156064,367.8019812456139,604.0969444227267,0.8,38.00555555555557,
sarima_dcf,carbon,TUR,Europe,False,holdout,last12,9,2025-09-01,490.85,507.3497986831061,97.6239242877967,382.23970567747267,632.4598916887395,0.8,38.00555555555557,
sarima_dcf,carbon,TUR,Europe,False,holdout,last12,10,2025-10-01,534.24,524.535758579907,103.05370813402016,392.46711758557717,656.6043995742368,0.8,38.00555555555557,
sarima_dcf,carbon,TUR,Europe,False,holdout,last12,11,2025-11-01,530.21,530.708316747368,107.9468186052712,392.36890236822376,669.0477311265123,0.8,38.00555555555557,
sarima_dcf,carbon,TUR,Europe,False,holdout,last12,12,2025-12-01,532.04,517.379147714656,112.87592574794485,372.7228283600813,662.0354670692308,0.8,38.00555555555557,
sarima_dcf,carbon,TUR,Europe,False,rolling,2022-12-01,1,2023-01-01,576.1,558.8885817200937,33.11054633745583,516.4557092252902,601.3214542148972,0.8,40.46020833333334,
sarima_dcf,carbon,TUR,Europe,False,rolling,2022-12-01,2,2023-02-01,547.71,546.4501343152817,49.40697645643987,483.132546288706,609.7677223418575,0.8,40.46020833333334,
sarima_dcf,carbon,TUR,Europe,False,rolling,2022-12-01,3,2023-03-01,486.05,499.27484903796517,59.759550630139955,422.68990337166747,575.8597947042629,0.8,40.46020833333334,
sarima_dcf,carbon,TUR,Europe,False,rolling,2022-12-01,4,2023-04-01,396.6,456.8904190185495,69.84621640228472,367.37889104083456,546.4019469962644,0.8,40.46020833333334,
sarima_dcf,carbon,TUR,Europe,False,rolling,2022-12-01,5,2023-05-01,418.25,469.97040292069033,77.70181286900018,370.3915229927696,569.549282848611,0.8,40.46020833333334,
sarima_dcf,carbon,TUR,Europe,False,rolling,2022-12-01,6,2023-06-01,437.73,518.46631110534,85.55292442141689,408.8258268761543,628.1067953345257,0.8,40.46020833333334,
sarima_dcf,carbon,TUR,Europe,False,rolling,2022-12-01,7,2023-07-01,483.6,526.0348801994169,92.1876541674142,407.891647677283,644.1781127215507,0.8,40.46020833333334,
sarima_dcf,carbon,TUR,Europe,False,rolling,2022-12-01,8,2023-08-01,500.0,542.0988245369161,98.80688677978534,415.47270409769413,668.7249449761381,0.8,40.46020833333334,
sarima_dcf,carbon,TUR,Europe,False,rolling,2022-12-01,9,2023-09-01,517.02,563.2419801891008,104.67130696173795,429.1003028846861,697.3836574935156,0.8,40.46020833333334,
sarima_dcf,carbon,TUR,Europe,False,rolling,2022-12-01,10,2023-10-01,546.07,573.1796002352085,110.49132589946662,431.57926854964836,714.7799319207686,0.8,40.46020833333334,
sarima_dcf,carbon,TUR,Europe,False,rolling,2022-12-01,11,2023-11-01,526.52,590.765685315599,115.80720688070487,442.35277803628423,739.1785925949137,0.8,40.46020833333334,
sarima_dcf,carbon,TUR,Europe,False,rolling,2022-12-01,12,2023-12-01,478.76,584.4562466435942,121.05931007523597,429.31249829292636,739.599994994262,0.8,40.46020833333334,
sarima_dcf,carbon,TUR,Europe,False,rolling,2023-12-01,1,2024-01-01,425.64,453.3268788304267,31.18630976408678,413.3600147287025,493.29374293215096,0.8,38.58716666666667,
sarima_dcf,carbon,TUR,Europe,False,rolling,2023-12-01,2,2024-02-01,459.39,444.94115310337287,45.216018987389184,386.9944931823899,502.88781302435586,0.8,38.58716666666667,
sarima_dcf,carbon,TUR,Europe,False,rolling,2023-12-01,3,2024-03-01,476.82,390.3153225087736,54.83277810515271,320.04428988495545,460.58635513259173,0.8,38.58716666666667,
sarima_dcf,carbon,TUR,Europe,False,rolling,2023-12-01,4,2024-04-01,340.16,342.3335095254837,63.79559512733569,260.57616471519714,424.09085433577025,0.8,38.58716666666667,
sarima_dcf,carbon,TUR,Europe,False,rolling,2023-12-01,5,2024-05-01,402.62,354.1938430902166,70.9900970809319,263.21637303798514,445.17131314244807,0.8,38.58716666666667,
sarima_dcf,carbon,TUR,Europe,False,rolling,2023-12-01,6,2024-06-01,439.6,402.7194871631131,78.07405492494892,302.6635598456297,502.7754144805965,0.8,38.58716666666667,
sarima_dcf,carbon,TUR,Europe,False,rolling,2023-12-01,7,2024-07-01,469.8,418.1607968977066,84.09326761542793,310.3909381333939,525.9306556620193,0.8,38.58716666666667,
sarima_dcf,carbon,TUR,Europe,False,rolling,2023-12-01,8,2024-08-01,498.2,431.00808633982405,90.11952577252437,315.5152669999085,546.5009056797396,0.8,38.58716666666667,
sarima_dcf,carbon,TUR,Europe,False,rolling,2023-12-01,9,2024-09-01,523.0,453.0251831447933,95.40989396288792,330.75248416820995,575.2978821213766,0.8,38.58716666666667,
sarima_dcf,carbon,TUR,Europe,False,rolling,2023-12-01,10,2024-10-01,516.77,472.61199084875943,100.73618137349479,343.5133799025724,601.7106017949465,0.8,38.58716666666667,
sarima_dcf,carbon,TUR,Europe,False,rolling,2023-12-01,11,2024-11-01,528.3,479.31943549266987,105.51696813063971,344.09399979332886,614.5448711920109,0.8,38.58716666666667,
sarima_dcf,carbon,TUR,Europe,False,rolling,2023-12-01,12,2024-12-01,525.32,462.90316186198095,110.33714737322434,321.50041790809996,604.3059058158619,0.8,38.58716666666667,
sarima_dcf,carbon,TUR,Europe,False,rolling,2024-12-01,1,2025-01-01,515.89,495.0211551843375,32.268522881488124,453.66737916775463,536.3749312009204,0.8,38.00555555555557,
sarima_dcf,carbon,TUR,Europe,False,rolling,2024-12-01,2,2025-02-01,504.08,492.4768481599617,46.223213110200554,433.2394170340825,551.7142792858409,0.8,38.00555555555557,
sarima_dcf,carbon,TUR,Europe,False,rolling,2024-12-01,3,2025-03-01,446.11,447.2952409974915,56.24666314478417,375.21224178763356,519.3782402073494,0.8,38.00555555555557,
sarima_dcf,carbon,TUR,Europe,False,rolling,2024-12-01,4,2025-04-01,386.81,388.2210656360933,65.24902680665899,304.60107318175784,471.8410580904287,0.8,38.00555555555557,
sarima_dcf,carbon,TUR,Europe,False,rolling,2024-12-01,5,2025-05-01,386.75,406.1892605111948,72.7050321407316,313.0140127482697,499.3645082741199,0.8,38.00555555555557,
sarima_dcf,carbon,TUR,Europe,False,rolling,2024-12-01,6,2025-06-01,428.26,453.71405950851096,79.86424847405773,351.3639068455393,556.0642121714826,0.8,38.00555555555557,
sarima_dcf,carbon,TUR,Europe,False,rolling,2024-12-01,7,2025-07-01,462.65,470.30222202087594,86.07129390889716,359.99742056347935,580.6070234782725,0.8,38.00555555555557,
sarima_dcf,carbon,TUR,Europe,False,rolling,2024-12-01,8,2025-08-01,472.3,485.9494628341703,92.19096973156064,367.8019812456139,604.0969444227267,0.8,38.00555555555557,
sarima_dcf,carbon,TUR,Europe,False,rolling,2024-12-01,9,2025-09-01,490.85,507.3497986831061,97.6239242877967,382.23970567747267,632.4598916887395,0.8,38.00555555555557,
sarima_dcf,carbon,TUR,Europe,False,rolling,2024-12-01,10,2025-10-01,534.24,524.535758579907,103.05370813402016,392.46711758557717,656.6043995742368,0.8,38.00555555555557,
sarima_dcf,carbon,TUR,Europe,False,rolling,2024-12-01,11,2025-11-01,530.21,530.708316747368,107.9468186052712,392.36890236822376,669.0477311265123,0.8,38.00555555555557,
sarima_dcf,carbon,TUR,Europe,False,rolling,2024-12-01,12,2025-12-01,532.04,517.379147714656,112.87592574794485,372.7228283600813,662.0354670692308,0.8,38.00555555555557,
sarima_dcf,carbon,USA|alabama,US,True,holdout,last12,1,2025-01-01,373.6,337.5569274788662,23.38464944616661,307.5882933714197,367.52556158631273,0.8,30.192282608695653,
sarima_dcf,carbon,USA|alabama,US,True,holdout,last12,2,2025-02-01,347.25,331.895909677612,27.183602372450697,297.05872150005587,366.7330978551681,0.8,30.192282608695653,
sarima_dcf,carbon,USA|alabama,US,True,holdout,last12,3,2025-03-01,354.01,334.66317611116745,28.658668798190405,297.93561424642235,371.39073797591254,0.8,30.192282608695653,
sarima_dcf,carbon,USA|alabama,US,True,holdout,last12,4,2025-04-01,358.88,329.8846068595702,29.42487219917124,292.1751158267725,367.5940978923679,0.8,30.192282608695653,
sarima_dcf,carbon,USA|alabama,US,True,holdout,last12,5,2025-05-01,352.28,338.9429284544754,29.927596331359755,300.58917052303445,377.29668638591636,0.8,30.192282608695653,
sarima_dcf,carbon,USA|alabama,US,True,holdout,last12,6,2025-06-01,370.61,353.7123806890986,30.31882629105653,314.8572413903203,392.5675199878769,0.8,30.192282608695653,
sarima_dcf,carbon,USA|alabama,US,True,holdout,last12,7,2025-07-01,371.0,362.4419389700382,30.65829172119056,323.1517572178234,401.73212072225306,0.8,30.192282608695653,
sarima_dcf,carbon,USA|alabama,US,True,holdout,last12,8,2025-08-01,360.84,360.4023973988656,30.97192067864001,320.7102839652313,400.0945108324999,0.8,30.192282608695653,
sarima_dcf,carbon,USA|alabama,US,True,holdout,last12,9,2025-09-01,359.64,350.6379347922842,31.27172897767023,310.5616015636645,390.71426802090394,0.8,30.192282608695653,
sarima_dcf,carbon,USA|alabama,US,True,holdout,last12,10,2025-10-01,362.49,347.93036584599713,31.563534094563938,307.48006931298835,388.3806623790059,0.8,30.192282608695653,
sarima_dcf,carbon,USA|alabama,US,True,holdout,last12,11,2025-11-01,342.94,336.3656587487013,31.850249529144058,295.5479216016406,377.18339589576203,0.8,30.192282608695653,
sarima_dcf,carbon,USA|alabama,US,True,holdout,last12,12,2025-12-01,349.54,321.61096417240145,32.13330543321669,280.4304762883398,362.79145205646313,0.8,30.192282608695653,
sarima_dcf,carbon,USA|alabama,US,True,rolling,2022-12-01,1,2023-01-01,316.68,364.5085945023409,23.8325747287013,333.9659210478151,395.0512679568667,0.8,30.70218253968254,
sarima_dcf,carbon,USA|alabama,US,True,rolling,2022-12-01,2,2023-02-01,321.39,356.7809970029883,27.867245220200665,321.0676852636248,392.49430874235173,0.8,30.70218253968254,
sarima_dcf,carbon,USA|alabama,US,True,rolling,2022-12-01,3,2023-03-01,331.58,357.4624071381862,29.4914086867907,319.667646165514,395.25716811085846,0.8,30.70218253968254,
sarima_dcf,carbon,USA|alabama,US,True,rolling,2022-12-01,4,2023-04-01,317.51,348.0971046976648,30.359198108073905,309.190226833584,387.0039825617456,0.8,30.70218253968254,
sarima_dcf,carbon,USA|alabama,US,True,rolling,2022-12-01,5,2023-05-01,324.07,357.42771494501415,30.93845635500588,317.77848776772305,397.07694212230524,0.8,30.70218253968254,
sarima_dcf,carbon,USA|alabama,US,True,rolling,2022-12-01,6,2023-06-01,370.0,370.0286322627959,31.392836139220314,329.797093961693,410.2601705638988,0.8,30.70218253968254,
sarima_dcf,carbon,USA|alabama,US,True,rolling,2022-12-01,7,2023-07-01,375.07,380.5673545849549,31.78802393461033,339.8293627459858,421.305346423924,0.8,30.70218253968254,
sarima_dcf,carbon,USA|alabama,US,True,rolling,2022-12-01,8,2023-08-01,364.98,379.17921695160635,32.15303572852793,337.9734436766999,420.3849902265128,0.8,30.70218253968254,
sarima_dcf,carbon,USA|alabama,US,True,rolling,2022-12-01,9,2023-09-01,336.98,369.8948889753423,32.501520585513795,328.2425143863971,411.54726356428756,0.8,30.70218253968254,
sarima_dcf,carbon,USA|alabama,US,True,rolling,2022-12-01,10,2023-10-01,315.81,370.39894308737564,32.84016939427313,328.31257258739504,412.48531358735625,0.8,30.70218253968254,
sarima_dcf,carbon,USA|alabama,US,True,rolling,2022-12-01,11,2023-11-01,340.45,356.1498554309967,33.17236482660666,313.6377593546423,398.6619515073511,0.8,30.70218253968254,
sarima_dcf,carbon,USA|alabama,US,True,rolling,2022-12-01,12,2023-12-01,313.47,341.5117499648325,33.49982782939064,298.57999316460234,384.4435067650627,0.8,30.70218253968254,
sarima_dcf,carbon,USA|alabama,US,True,rolling,2023-12-01,1,2024-01-01,338.63,317.5431533617882,23.62113784952556,287.2714471707839,347.8148595527925,0.8,30.80643939393939,
sarima_dcf,carbon,USA|alabama,US,True,rolling,2023-12-01,2,2024-02-01,319.25,319.4123733000032,27.511487237574766,284.15498376022896,354.66976283977743,0.8,30.80643939393939,
sarima_dcf,carbon,USA|alabama,US,True,rolling,2023-12-01,3,2024-03-01,320.21,325.63133381573203,29.03139825314821,288.42609993446115,362.8365676970029,0.8,30.80643939393939,
sarima_dcf,carbon,USA|alabama,US,True,rolling,2023-12-01,4,2024-04-01,349.94,319.7640683213203,29.820334683998944,281.5477717219775,357.9803649206631,0.8,30.80643939393939,
sarima_dcf,carbon,USA|alabama,US,True,rolling,2023-12-01,5,2024-05-01,347.41,330.508955266934,30.335264986863507,291.63274893180875,369.3851616020592,0.8,30.80643939393939,
sarima_dcf,carbon,USA|alabama,US,True,rolling,2023-12-01,6,2024-06-01,374.43,345.38851880213434,30.733454214003558,306.0020124395848,384.7750251646839,0.8,30.80643939393939,
sarima_dcf,carbon,USA|alabama,US,True,rolling,2023-12-01,7,2024-07-01,376.72,355.10205625348726,31.07712265761026,315.27512105900524,394.9289914479693,0.8,30.80643939393939,
sarima_dcf,carbon,USA|alabama,US,True,rolling,2023-12-01,8,2024-08-01,367.59,353.5241034980689,31.393455237774734,313.29177179024435,393.7564352058934,0.8,30.80643939393939,
sarima_dcf,carbon,USA|alabama,US,True,rolling,2023-12-01,9,2024-09-01,373.39,342.6492499369462,31.695141544592655,302.03029167031576,383.26820820357665,0.8,30.80643939393939,
sarima_dcf,carbon,USA|alabama,US,True,rolling,2023-12-01,10,2024-10-01,340.37,341.8478891841497,31.98837364378723,300.85313886172855,382.8426395065709,0.8,30.80643939393939,
sarima_dcf,carbon,USA|alabama,US,True,rolling,2023-12-01,11,2024-11-01,332.09,330.0231120365278,32.276275807116576,288.65940024596824,371.3868238270873,0.8,30.80643939393939,
sarima_dcf,carbon,USA|alabama,US,True,rolling,2023-12-01,12,2024-12-01,344.39,313.4514908555299,32.56039550354956,271.7236650232046,355.17931668785525,0.8,30.80643939393939,
sarima_dcf,carbon,USA|alabama,US,True,rolling,2024-12-01,1,2025-01-01,373.6,337.5569274788662,23.38464944616661,307.5882933714197,367.52556158631273,0.8,30.192282608695653,
sarima_dcf,carbon,USA|alabama,US,True,rolling,2024-12-01,2,2025-02-01,347.25,331.895909677612,27.183602372450697,297.05872150005587,366.7330978551681,0.8,30.192282608695653,
sarima_dcf,carbon,USA|alabama,US,True,rolling,2024-12-01,3,2025-03-01,354.01,334.66317611116745,28.658668798190405,297.93561424642235,371.39073797591254,0.8,30.192282608695653,
sarima_dcf,carbon,USA|alabama,US,True,rolling,2024-12-01,4,2025-04-01,358.88,329.8846068595702,29.42487219917124,292.1751158267725,367.5940978923679,0.8,30.192282608695653,
sarima_dcf,carbon,USA|alabama,US,True,rolling,2024-12-01,5,2025-05-01,352.28,338.9429284544754,29.927596331359755,300.58917052303445,377.29668638591636,0.8,30.192282608695653,
sarima_dcf,carbon,USA|alabama,US,True,rolling,2024-12-01,6,2025-06-01,370.61,353.7123806890986,30.31882629105653,314.8572413903203,392.5675199878769,0.8,30.192282608695653,
sarima_dcf,carbon,USA|alabama,US,True,rolling,2024-12-01,7,2025-07-01,371.0,362.4419389700382,30.65829172119056,323.1517572178234,401.73212072225306,0.8,30.192282608695653,
sarima_dcf,carbon,USA|alabama,US,True,rolling,2024-12-01,8,2025-08-01,360.84,360.4023973988656,30.97192067864001,320.7102839652313,400.0945108324999,0.8,30.192282608695653,
sarima_dcf,carbon,USA|alabama,US,True,rolling,2024-12-01,9,2025-09-01,359.64,350.6379347922842,31.27172897767023,310.5616015636645,390.71426802090394,0.8,30.192282608695653,
sarima_dcf,carbon,USA|alabama,US,True,rolling,2024-12-01,10,2025-10-01,362.49,347.93036584599713,31.563534094563938,307.48006931298835,388.3806623790059,0.8,30.192282608695653,
sarima_dcf,carbon,USA|alabama,US,True,rolling,2024-12-01,11,2025-11-01,342.94,336.3656587487013,31.850249529144058,295.5479216016406,377.18339589576203,0.8,30.192282608695653,
sarima_dcf,carbon,USA|alabama,US,True,rolling,2024-12-01,12,2025-12-01,349.54,321.61096417240145,32.13330543321669,280.4304762883398,362.79145205646313,0.8,30.192282608695653,
sarima_dcf,carbon,USA|arizona,US,True,holdout,last12,1,2025-01-01,292.87,290.70815490566264,17.794837618102918,267.9031528975709,313.51315691375436,0.8,20.813007246376817,
sarima_dcf,carbon,USA|arizona,US,True,holdout,last12,2,2025-02-01,273.88,274.9891226297237,20.353841310729347,248.90462543311213,301.07361982633523,0.8,20.813007246376817,
sarima_dcf,carbon,USA|arizona,US,True,holdout,last12,3,2025-03-01,226.26,235.45748231036424,21.348307046815894,208.0985259927905,262.816438627938,0.8,20.813007246376817,
sarima_dcf,carbon,USA|arizona,US,True,holdout,last12,4,2025-04-01,231.91,266.12103656142017,21.913341177296658,238.03795986934267,294.20411325349767,0.8,20.813007246376817,
sarima_dcf,carbon,USA|arizona,US,True,holdout,last12,5,2025-05-01,241.64,265.1026315639936,22.330071311725014,236.48549371572986,293.7197694122574,0.8,20.813007246376817,
sarima_dcf,carbon,USA|arizona,US,True,holdout,last12,6,2025-06-01,261.97,284.1713683875387,22.687487010692866,255.09618389071244,313.2465528843649,0.8,20.813007246376817,
sarima_dcf,carbon,USA|arizona,US,True,holdout,last12,7,2025-07-01,294.69,314.3984317814496,23.018282590261006,284.8993156917526,343.89754787114657,0.8,20.813007246376817,
sarima_dcf,carbon,USA|arizona,US,True,holdout,last12,8,2025-08-01,314.63,317.28207524927603,23.335552804885666,287.3763610193261,347.18778947922596,0.8,20.813007246376817,
sarima_dcf,carbon,USA|arizona,US,True,holdout,last12,9,2025-09-01,312.12,307.78318144188404,23.64481211559716,277.48113545813254,338.08522742563554,0.8,20.813007246376817,
sarima_dcf,carbon,USA|arizona,US,True,holdout,last12,10,2025-10-01,306.55,323.124948675631,23.948473775241844,292.433744616566,353.816152734696,0.8,20.813007246376817,
sarima_dcf,carbon,USA|arizona,US,True,holdout,last12,11,2025-11-01,317.21,295.2326423519296,24.247645363640643,264.15803447538565,326.30725022847355,0.8,20.813007246376817,
sarima_dcf,carbon,USA|arizona,US,True,holdout,last12,12,2025-12-01,288.72,287.72243148715035,24.5428754249452,256.26947106334575,319.17539191095494,0.8,20.813007246376817,
sarima_dcf,carbon,USA|arizona,US,True,rolling,2022-12-01,1,2023-01-01,317.47,301.7717341302365,18.2153006254457,278.427887096831,325.115581163642,0.8,21.251626984126986,
sarima_dcf,carbon,USA|arizona,US,True,rolling,2022-12-01,2,2023-02-01,302.25,288.68277127244966,20.84401057270124,261.9700968907762,315.39544565412314,0.8,21.251626984126986,
sarima_dcf,carbon,USA|arizona,US,True,rolling,2022-12-01,3,2023-03-01,264.89,251.43865025716812,21.869788522409266,223.4113885381452,279.465911976191,0.8,21.251626984126986,
sarima_dcf,carbon,USA|arizona,US,True,rolling,2022-12-01,4,2023-04-01,293.95,280.67230961494045,22.454717453400587,251.89543130867327,309.4491879212076,0.8,21.251626984126986,
sarima_dcf,carbon,USA|arizona,US,True,rolling,2022-12-01,5,2023-05-01,281.39,286.7692848164891,22.88710943833294,257.43827388500296,316.1002957479753,0.8,21.251626984126986,
sarima_dcf,carbon,USA|arizona,US,True,rolling,2022-12-01,6,2023-06-01,288.13,306.23914552881206,23.25837981421016,276.4323324658801,336.045958591744,0.8,21.251626984126986,
sarima_dcf,carbon,USA|arizona,US,True,rolling,2022-12-01,7,2023-07-01,345.24,327.8130242202114,23.602152208628066,297.5656491070221,358.06039933340065,0.8,21.251626984126986,
sarima_dcf,carbon,USA|arizona,US,True,rolling,2022-12-01,8,2023-08-01,351.17,331.4070901259266,23.931903478479317,300.73712175661916,362.077058495234,0.8,21.251626984126986,
sarima_dcf,carbon,USA|arizona,US,True,rolling,2022-12-01,9,2023-09-01,326.71,325.2259653318352,24.25331311120403,294.14409394452827,356.30783671914213,0.8,21.251626984126986,
sarima_dcf,carbon,USA|arizona,US,True,rolling,2022-12-01,10,2023-10-01,355.42,335.5337460047534,24.568869590668513,304.04747271717105,367.0200192923358,0.8,21.251626984126986,
sarima_dcf,carbon,USA|arizona,US,True,rolling,2022-12-01,11,2023-11-01,337.87,310.0413132490812,24.879717686649588,278.15667209744777,341.92595440071466,0.8,21.251626984126986,
sarima_dcf,carbon,USA|arizona,US,True,rolling,2022-12-01,12,2023-12-01,316.23,300.29646231529057,25.18642667859063,268.01875777486845,332.5741668557127,0.8,21.251626984126986,
sarima_dcf,carbon,USA|arizona,US,True,rolling,2023-12-01,1,2024-01-01,319.49,302.2072796359411,18.023166305409376,279.10966264117303,325.3048966307092,0.8,20.9125,
sarima_dcf,carbon,USA|arizona,US,True,rolling,2023-12-01,2,2024-02-01,289.08,290.4947912879442,20.633882976862758,264.0514062556817,316.93817632020676,0.8,20.9125,
sarima_dcf,carbon,USA|arizona,US,True,rolling,2023-12-01,3,2024-03-01,233.76,255.03300055994845,21.660808436600686,227.27355759706114,282.79244352283575,0.8,20.9125,
sarima_dcf,carbon,USA|arizona,US,True,rolling,2023-12-01,4,2024-04-01,271.57,284.1097066790315,22.251608510993975,255.5931229558816,312.6262904021814,0.8,20.9125,
sarima_dcf,carbon,USA|arizona,US,True,rolling,2023-12-01,5,2024-05-01,261.91,285.756550348225,22.691236933855,256.6765601314997,314.8365405649503,0.8,20.9125,
sarima_dcf,carbon,USA|arizona,US,True,rolling,2023-12-01,6,2024-06-01,291.95,301.7701838542283,23.070154687098196,272.20459099762155,331.3357767108351,0.8,20.9125,
sarima_dcf,carbon,USA|arizona,US,True,rolling,2023-12-01,7,2024-07-01,326.76,331.13910877245866,23.421640137529977,301.12306918658487,361.15514835833244,0.8,20.9125,
sarima_dcf,carbon,USA|arizona,US,True,rolling,2023-12-01,8,2024-08-01,326.14,335.1662547023458,23.759019765156513,304.7178457265044,365.6146636781872,0.8,20.9125,
sarima_dcf,carbon,USA|arizona,US,True,rolling,2023-12-01,9,2024-09-01,318.54,324.9049972285758,24.087904205289227,294.035105883599,355.7748885735526,0.8,20.9125,
sarima_dcf,carbon,USA|arizona,US,True,rolling,2023-12-01,10,2024-10-01,337.36,339.5127153056705,24.410752955063185,308.2290766399868,370.7963539713542,0.8,20.9125,
sarima_dcf,carbon,USA|arizona,US,True,rolling,2023-12-01,11,2024-11-01,292.3,316.3890469958349,24.728702016271924,284.6979402129957,348.0801537786741,0.8,20.9125,
sarima_dcf,carbon,USA|arizona,US,True,rolling,2023-12-01,12,2024-12-01,300.05,303.91547573150933,25.04232189411362,271.8224489032362,336.00850255978247,0.8,20.9125,
sarima_dcf,carbon,USA|arizona,US,True,rolling,2024-12-01,1,2025-01-01,292.87,290.70815490566264,17.794837618102918,267.9031528975709,313.51315691375436,0.8,20.813007246376817,
sarima_dcf,carbon,USA|arizona,US,True,rolling,2024-12-01,2,2025-02-01,273.88,274.9891226297237,20.353841310729347,248.90462543311213,301.07361982633523,0.8,20.813007246376817,
sarima_dcf,carbon,USA|arizona,US,True,rolling,2024-12-01,3,2025-03-01,226.26,235.45748231036424,21.348307046815894,208.0985259927905,262.816438627938,0.8,20.813007246376817,
sarima_dcf,carbon,USA|arizona,US,True,rolling,2024-12-01,4,2025-04-01,231.91,266.12103656142017,21.913341177296658,238.03795986934267,294.20411325349767,0.8,20.813007246376817,
sarima_dcf,carbon,USA|arizona,US,True,rolling,2024-12-01,5,2025-05-01,241.64,265.1026315639936,22.330071311725014,236.48549371572986,293.7197694122574,0.8,20.813007246376817,
sarima_dcf,carbon,USA|arizona,US,True,rolling,2024-12-01,6,2025-06-01,261.97,284.1713683875387,22.687487010692866,255.09618389071244,313.2465528843649,0.8,20.813007246376817,
sarima_dcf,carbon,USA|arizona,US,True,rolling,2024-12-01,7,2025-07-01,294.69,314.3984317814496,23.018282590261006,284.8993156917526,343.89754787114657,0.8,20.813007246376817,
sarima_dcf,carbon,USA|arizona,US,True,rolling,2024-12-01,8,2025-08-01,314.63,317.28207524927603,23.335552804885666,287.3763610193261,347.18778947922596,0.8,20.813007246376817,
sarima_dcf,carbon,USA|arizona,US,True,rolling,2024-12-01,9,2025-09-01,312.12,307.78318144188404,23.64481211559716,277.48113545813254,338.08522742563554,0.8,20.813007246376817,
sarima_dcf,carbon,USA|arizona,US,True,rolling,2024-12-01,10,2025-10-01,306.55,323.124948675631,23.948473775241844,292.433744616566,353.816152734696,0.8,20.813007246376817,
sarima_dcf,carbon,USA|arizona,US,True,rolling,2024-12-01,11,2025-11-01,317.21,295.2326423519296,24.247645363640643,264.15803447538565,326.30725022847355,0.8,20.813007246376817,
sarima_dcf,carbon,USA|arizona,US,True,rolling,2024-12-01,12,2025-12-01,288.72,287.72243148715035,24.5428754249452,256.26947106334575,319.17539191095494,0.8,20.813007246376817,
sarima_dcf,carbon,USA|arkansas,US,True,holdout,last12,1,2025-01-01,468.61,416.8880932128813,41.83519780549384,363.27412997038266,470.50205645537994,0.8,47.66137681159421,
sarima_dcf,carbon,USA|arkansas,US,True,holdout,last12,2,2025-02-01,422.75,415.904216655835,48.06946784256289,354.3007148873027,477.5077184243673,0.8,47.66137681159421,
sarima_dcf,carbon,USA|arkansas,US,True,holdout,last12,3,2025-03-01,347.2,416.7079274975899,50.12192334331199,352.47409816886193,480.9417568263178,0.8,47.66137681159421,
sarima_dcf,carbon,USA|arkansas,US,True,holdout,last12,4,2025-04-01,286.12,399.5800863417805,50.968172187941626,334.26174548137715,464.8984272021838,0.8,47.66137681159421,
sarima_dcf,carbon,USA|arkansas,US,True,holdout,last12,5,2025-05-01,386.67,401.74092218592034,51.40238948807842,335.86610946474013,467.61573490710055,0.8,47.66137681159421,
sarima_dcf,carbon,USA|arkansas,US,True,holdout,last12,6,2025-06-01,412.08,411.1387719694887,51.67691029364103,344.91214668016516,477.3653972588122,0.8,47.66137681159421,
sarima_dcf,carbon,USA|arkansas,US,True,holdout,last12,7,2025-07-01,460.66,416.646415130798,51.88267532106483,350.15609134844516,483.13673891315085,0.8,47.66137681159421,
sarima_dcf,carbon,USA|arkansas,US,True,holdout,last12,8,2025-08-01,432.6,422.56071861279946,52.05637718645555,355.84778693291713,489.2736502926818,0.8,47.66137681159421,
sarima_dcf,carbon,USA|arkansas,US,True,holdout,last12,9,2025-09-01,419.79,416.82042135655917,52.21426206867082,349.90515205869804,483.7356906544203,0.8,47.66137681159421,
sarima_dcf,carbon,USA|arkansas,US,True,holdout,last12,10,2025-10-01,456.23,428.93307463923435,52.36401604810473,361.82588789458316,496.04026138388554,0.8,47.66137681159421,
sarima_dcf,carbon,USA|arkansas,US,True,holdout,last12,11,2025-11-01,431.12,417.02315571351164,52.509429118718046,349.7296146205653,484.31669680645797,0.8,47.66137681159421,
sarima_dcf,carbon,USA|arkansas,US,True,holdout,last12,12,2025-12-01,447.74,439.9850678336612,52.65240746840727,372.50829261283167,507.46184305449077,0.8,47.66137681159421,
sarima_dcf,carbon,USA|arkansas,US,True,rolling,2022-12-01,1,2023-01-01,436.57,468.8755165748091,41.09624413104282,416.2085605706681,521.5424725789502,0.8,48.01357142857143,
sarima_dcf,carbon,USA|arkansas,US,True,rolling,2022-12-01,2,2023-02-01,362.11,456.7783953790472,47.46851012156957,395.94505191868,517.6117388394144,0.8,48.01357142857143,
sarima_dcf,carbon,USA|arkansas,US,True,rolling,2022-12-01,3,2023-03-01,350.18,456.2636346477249,49.569911016375436,392.73723758078245,519.7900317146674,0.8,48.01357142857143,
sarima_dcf,carbon,USA|arkansas,US,True,rolling,2022-12-01,4,2023-04-01,362.8,443.5469629654531,50.39826934993319,378.95898197930774,508.1349439515984,0.8,48.01357142857143,
sarima_dcf,carbon,USA|arkansas,US,True,rolling,2022-12-01,5,2023-05-01,475.85,440.0161855651677,50.78660445481203,374.93053311740897,505.1018380129264,0.8,48.01357142857143,
sarima_dcf,carbon,USA|arkansas,US,True,rolling,2022-12-01,6,2023-06-01,453.63,439.2682483945501,51.00552792857221,373.9020342262595,504.63446256284067,0.8,48.01357142857143,
sarima_dcf,carbon,USA|arkansas,US,True,rolling,2022-12-01,7,2023-07-01,473.27,448.9610355955938,51.15247783548121,383.4064975440474,514.5155736471402,0.8,48.01357142857143,
sarima_dcf,carbon,USA|arkansas,US,True,rolling,2022-12-01,8,2023-08-01,465.72,463.88091777231836,51.26614015993532,398.18071559092436,529.5811199537123,0.8,48.01357142857143,
sarima_dcf,carbon,USA|arkansas,US,True,rolling,2022-12-01,9,2023-09-01,440.06,453.1061465502388,51.363358119623,387.28135454040796,518.9309385600696,0.8,48.01357142857143,
sarima_dcf,carbon,USA|arkansas,US,True,rolling,2022-12-01,10,2023-10-01,409.97,460.7719702422361,51.452030882259606,394.83353951462715,526.710400969845,0.8,48.01357142857143,
sarima_dcf,carbon,USA|arkansas,US,True,rolling,2022-12-01,11,2023-11-01,397.16,468.5903585182456,51.535998730922955,402.5443186627267,534.6363983737645,0.8,48.01357142857143,
sarima_dcf,carbon,USA|arkansas,US,True,rolling,2022-12-01,12,2023-12-01,387.23,487.555780066779,51.616942587207895,421.40600648551697,553.705553648041,0.8,48.01357142857143,
sarima_dcf,carbon,USA|arkansas,US,True,rolling,2023-12-01,1,2024-01-01,457.35,405.6428077823476,41.341599169582366,352.66141664445195,458.6241989202432,0.8,48.448371212121216,
sarima_dcf,carbon,USA|arkansas,US,True,rolling,2023-12-01,2,2024-02-01,381.55,412.9964955823668,47.74864217324723,351.8041484526129,474.1888427121207,0.8,48.448371212121216,
sarima_dcf,carbon,USA|arkansas,US,True,rolling,2023-12-01,3,2024-03-01,344.67,415.9100396834673,49.89859409132644,351.96241830725336,479.8576610596812,0.8,48.448371212121216,
sarima_dcf,carbon,USA|arkansas,US,True,rolling,2023-12-01,4,2024-04-01,301.93,432.6412328115056,50.7805207868726,367.5633768979189,497.71908872509226,0.8,48.448371212121216,
sarima_dcf,carbon,USA|arkansas,US,True,rolling,2023-12-01,5,2024-05-01,410.44,453.36019526001155,51.219707032238865,387.71949952611004,519.000890993913,0.8,48.448371212121216,
sarima_dcf,carbon,USA|arkansas,US,True,rolling,2023-12-01,6,2024-06-01,445.89,451.04105672327825,51.485230418829616,385.06007907760267,517.0220343689539,0.8,48.448371212121216,
sarima_dcf,carbon,USA|arkansas,US,True,rolling,2023-12-01,7,2024-07-01,445.73,445.7644636952256,51.67542605413127,379.5397405353694,511.98918685508175,0.8,48.448371212121216,
sarima_dcf,carbon,USA|arkansas,US,True,rolling,2023-12-01,8,2024-08-01,434.44,435.9456720124902,51.83019542668077,369.5226039209449,502.3687401040355,0.8,48.448371212121216,
sarima_dcf,carbon,USA|arkansas,US,True,rolling,2023-12-01,9,2024-09-01,425.47,441.1208891173974,51.967289651958865,374.5221277068198,507.719650527975,0.8,48.448371212121216,
sarima_dcf,carbon,USA|arkansas,US,True,rolling,2023-12-01,10,2024-10-01,451.61,431.6796452229495,52.09518439658532,364.91698010217095,498.442310343728,0.8,48.448371212121216,
sarima_dcf,carbon,USA|arkansas,US,True,rolling,2023-12-01,11,2024-11-01,330.1,423.0097814835135,52.21811731851608,356.0895714841776,489.9299914828494,0.8,48.448371212121216,
sarima_dcf,carbon,USA|arkansas,US,True,rolling,2023-12-01,12,2024-12-01,389.54,407.20233023629487,52.33823842662998,340.12817884280065,474.2764816297891,0.8,48.448371212121216,
sarima_dcf,carbon,USA|arkansas,US,True,rolling,2024-12-01,1,2025-01-01,468.61,416.8880932128813,41.83519780549384,363.27412997038266,470.50205645537994,0.8,47.66137681159421,
sarima_dcf,carbon,USA|arkansas,US,True,rolling,2024-12-01,2,2025-02-01,422.75,415.904216655835,48.06946784256289,354.3007148873027,477.5077184243673,0.8,47.66137681159421,
sarima_dcf,carbon,USA|arkansas,US,True,rolling,2024-12-01,3,2025-03-01,347.2,416.7079274975899,50.12192334331199,352.47409816886193,480.9417568263178,0.8,47.66137681159421,
sarima_dcf,carbon,USA|arkansas,US,True,rolling,2024-12-01,4,2025-04-01,286.12,399.5800863417805,50.968172187941626,334.26174548137715,464.8984272021838,0.8,47.66137681159421,
sarima_dcf,carbon,USA|arkansas,US,True,rolling,2024-12-01,5,2025-05-01,386.67,401.74092218592034,51.40238948807842,335.86610946474013,467.61573490710055,0.8,47.66137681159421,
sarima_dcf,carbon,USA|arkansas,US,True,rolling,2024-12-01,6,2025-06-01,412.08,411.1387719694887,51.67691029364103,344.91214668016516,477.3653972588122,0.8,47.66137681159421,
sarima_dcf,carbon,USA|arkansas,US,True,rolling,2024-12-01,7,2025-07-01,460.66,416.646415130798,51.88267532106483,350.15609134844516,483.13673891315085,0.8,47.66137681159421,
sarima_dcf,carbon,USA|arkansas,US,True,rolling,2024-12-01,8,2025-08-01,432.6,422.56071861279946,52.05637718645555,355.84778693291713,489.2736502926818,0.8,47.66137681159421,
sarima_dcf,carbon,USA|arkansas,US,True,rolling,2024-12-01,9,2025-09-01,419.79,416.82042135655917,52.21426206867082,349.90515205869804,483.7356906544203,0.8,47.66137681159421,
sarima_dcf,carbon,USA|arkansas,US,True,rolling,2024-12-01,10,2025-10-01,456.23,428.93307463923435,52.36401604810473,361.82588789458316,496.04026138388554,0.8,47.66137681159421,
sarima_dcf,carbon,USA|arkansas,US,True,rolling,2024-12-01,11,2025-11-01,431.12,417.02315571351164,52.509429118718046,349.7296146205653,484.31669680645797,0.8,47.66137681159421,
sarima_dcf,carbon,USA|arkansas,US,True,rolling,2024-12-01,12,2025-12-01,447.74,439.9850678336612,52.65240746840727,372.50829261283167,507.46184305449077,0.8,47.66137681159421,
sarima_dcf,carbon,USA|california,US,True,holdout,last12,1,2025-01-01,220.25,220.1236047377607,17.42383689728583,197.79405928425027,242.45315019127113,0.8,25.847789855072467,
sarima_dcf,carbon,USA|california,US,True,holdout,last12,2,2025-02-01,184.33,196.521052169065,25.74175849783775,163.53166126629,229.51044307184,0.8,25.847789855072467,
sarima_dcf,carbon,USA|california,US,True,holdout,last12,3,2025-03-01,140.14,165.9314909487741,31.474499135169474,125.59529730736548,206.2676845901827,0.8,25.847789855072467,
sarima_dcf,carbon,USA|california,US,True,holdout,last12,4,2025-04-01,129.27,141.77252319348318,36.54489783701398,94.93835215779043,188.60669422917593,0.8,25.847789855072467,
sarima_dcf,carbon,USA|california,US,True,holdout,last12,5,2025-05-01,133.59,123.07697064541169,40.878964309964424,70.68846993613494,175.46547135468845,0.8,25.847789855072467,
sarima_dcf,carbon,USA|california,US,True,holdout,last12,6,2025-06-01,141.8,146.87486348516356,44.85261407961011,89.39392569267143,204.3558012776557,0.8,25.847789855072467,
sarima_dcf,carbon,USA|california,US,True,holdout,last12,7,2025-07-01,160.38,190.53328350735052,48.472815644528424,128.41287073175033,252.6536962829507,0.8,25.847789855072467,
sarima_dcf,carbon,USA|california,US,True,holdout,last12,8,2025-08-01,203.9,198.04472665369417,51.85569591931982,131.5889783658851,264.5004749415032,0.8,25.847789855072467,
sarima_dcf,carbon,USA|california,US,True,holdout,last12,9,2025-09-01,205.58,196.31855671291478,55.02331079876653,125.80334661730842,266.83376680852115,0.8,25.847789855072467,
sarima_dcf,carbon,USA|california,US,True,holdout,last12,10,2025-10-01,195.96,216.01612395058402,58.02225342743417,141.6576142342302,290.3746336669378,0.8,25.847789855072467,
sarima_dcf,carbon,USA|california,US,True,holdout,last12,11,2025-11-01,221.32,218.775325021222,60.87153029093107,140.76532007978372,296.7853299626603,0.8,25.847789855072467,
sarima_dcf,carbon,USA|california,US,True,holdout,last12,12,2025-12-01,201.61,227.27870957906438,63.59437933131487,145.77923318718064,308.77818597094813,0.8,25.847789855072467,
sarima_dcf,carbon,USA|california,US,True,rolling,2022-12-01,1,2023-01-01,249.03,270.1475182052527,17.162872529202012,248.15241204621145,292.14262436429397,0.8,26.149166666666666,
sarima_dcf,carbon,USA|california,US,True,rolling,2022-12-01,2,2023-02-01,237.55,253.98951603285474,25.3473680332307,221.50555684743279,286.4734752182767,0.8,26.149166666666666,
sarima_dcf,carbon,USA|california,US,True,rolling,2022-12-01,3,2023-03-01,207.4,228.2654045836264,31.058258080983553,188.4626453168537,268.0681638503991,0.8,26.149166666666666,
sarima_dcf,carbon,USA|california,US,True,rolling,2022-12-01,4,2023-04-01,170.92,202.90663289562838,36.03918561727038,156.72055814686308,249.09270764439367,0.8,26.149166666666666,
sarima_dcf,carbon,USA|california,US,True,rolling,2022-12-01,5,2023-05-01,130.7,188.49604133106493,40.33964806301438,136.79870220239064,240.19338045973922,0.8,26.149166666666666,
sarima_dcf,carbon,USA|california,US,True,rolling,2022-12-01,6,2023-06-01,149.78,212.64128570087755,44.254517927585034,155.92683896835936,269.3557324333957,0.8,26.149166666666666,
sarima_dcf,carbon,USA|california,US,True,rolling,2022-12-01,7,2023-07-01,229.25,243.11058795009208,47.83673948442185,181.80533957328205,304.4158363269021,0.8,26.149166666666666,
sarima_dcf,carbon,USA|california,US,True,rolling,2022-12-01,8,2023-08-01,236.04,257.5450265982621,51.17472040618638,191.96198354540672,323.12806965111747,0.8,26.149166666666666,
sarima_dcf,carbon,USA|california,US,True,rolling,2022-12-01,9,2023-09-01,205.83,260.9881065380695,54.305276828324864,191.39309400139683,330.5831190747421,0.8,26.149166666666666,
sarima_dcf,carbon,USA|california,US,True,rolling,2022-12-01,10,2023-10-01,249.36,276.3909061210098,57.26613388263604,203.00140259103088,349.78040965098864,0.8,26.149166666666666,
sarima_dcf,carbon,USA|california,US,True,rolling,2022-12-01,11,2023-11-01,259.39,279.6892750283191,60.0807185294232,202.69273613789233,356.6858139187459,0.8,26.149166666666666,
sarima_dcf,carbon,USA|california,US,True,rolling,2022-12-01,12,2023-12-01,273.67,285.2913960323696,62.76946650660844,204.8490879624262,365.733704102313,0.8,26.149166666666666,
sarima_dcf,carbon,USA|california,US,True,rolling,2023-12-01,1,2024-01-01,269.22,253.97847037557355,17.350363302285224,231.74308512276235,276.21385562838475,0.8,26.007803030303027,
sarima_dcf,carbon,USA|california,US,True,rolling,2023-12-01,2,2024-02-01,210.55,237.89133039495383,25.63739245097256,205.03568996292861,270.746970826979,0.8,26.007803030303027,
sarima_dcf,carbon,USA|california,US,True,rolling,2023-12-01,3,2024-03-01,158.74,212.08008354168328,31.37715008021744,171.86864773405273,252.29151934931383,0.8,26.007803030303027,
sarima_dcf,carbon,USA|california,US,True,rolling,2023-12-01,4,2024-04-01,145.24,184.67130852458422,36.42171385968248,137.99500410789068,231.34761294127776,0.8,26.007803030303027,
sarima_dcf,carbon,USA|california,US,True,rolling,2023-12-01,5,2024-05-01,126.88,165.6549238895945,40.75435195935261,113.42612033333052,217.88372744585848,0.8,26.007803030303027,
sarima_dcf,carbon,USA|california,US,True,rolling,2023-12-01,6,2024-06-01,155.86,188.60134347339078,44.712571164173255,131.2998778984202,245.90280904836138,0.8,26.007803030303027,
sarima_dcf,carbon,USA|california,US,True,rolling,2023-12-01,7,2024-07-01,220.38,228.01225095964193,48.32690962510927,166.07882427165072,289.94567764763315,0.8,26.007803030303027,
sarima_dcf,carbon,USA|california,US,True,rolling,2023-12-01,8,2024-08-01,206.75,240.84027802649803,51.6991827593702,174.58510942385072,307.09544662914533,0.8,26.007803030303027,
sarima_dcf,carbon,USA|california,US,True,rolling,2023-12-01,9,2024-09-01,210.49,237.8866109436183,54.859692186782716,167.58108653635202,308.1921353508846,0.8,26.007803030303027,
sarima_dcf,carbon,USA|california,US,True,rolling,2023-12-01,10,2024-10-01,227.96,258.44366103659974,57.850163632021314,184.3056932669715,332.58162880622797,0.8,26.007803030303027,
sarima_dcf,carbon,USA|california,US,True,rolling,2023-12-01,11,2024-11-01,223.21,263.01855950060366,60.6923003983205,185.23824690863285,340.79887209257447,0.8,26.007803030303027,
sarima_dcf,carbon,USA|california,US,True,rolling,2023-12-01,12,2024-12-01,237.57,270.22263776123816,63.407745632270114,188.9623420785486,351.4829334439277,0.8,26.007803030303027,
sarima_dcf,carbon,USA|california,US,True,rolling,2024-12-01,1,2025-01-01,220.25,220.1236047377607,17.42383689728583,197.79405928425027,242.45315019127113,0.8,25.847789855072467,
sarima_dcf,carbon,USA|california,US,True,rolling,2024-12-01,2,2025-02-01,184.33,196.521052169065,25.74175849783775,163.53166126629,229.51044307184,0.8,25.847789855072467,
sarima_dcf,carbon,USA|california,US,True,rolling,2024-12-01,3,2025-03-01,140.14,165.9314909487741,31.474499135169474,125.59529730736548,206.2676845901827,0.8,25.847789855072467,
sarima_dcf,carbon,USA|california,US,True,rolling,2024-12-01,4,2025-04-01,129.27,141.77252319348318,36.54489783701398,94.93835215779043,188.60669422917593,0.8,25.847789855072467,
sarima_dcf,carbon,USA|california,US,True,rolling,2024-12-01,5,2025-05-01,133.59,123.07697064541169,40.878964309964424,70.68846993613494,175.46547135468845,0.8,25.847789855072467,
sarima_dcf,carbon,USA|california,US,True,rolling,2024-12-01,6,2025-06-01,141.8,146.87486348516356,44.85261407961011,89.39392569267143,204.3558012776557,0.8,25.847789855072467,
sarima_dcf,carbon,USA|california,US,True,rolling,2024-12-01,7,2025-07-01,160.38,190.53328350735052,48.472815644528424,128.41287073175033,252.6536962829507,0.8,25.847789855072467,
sarima_dcf,carbon,USA|california,US,True,rolling,2024-12-01,8,2025-08-01,203.9,198.04472665369417,51.85569591931982,131.5889783658851,264.5004749415032,0.8,25.847789855072467,
sarima_dcf,carbon,USA|california,US,True,rolling,2024-12-01,9,2025-09-01,205.58,196.31855671291478,55.02331079876653,125.80334661730842,266.83376680852115,0.8,25.847789855072467,
sarima_dcf,carbon,USA|california,US,True,rolling,2024-12-01,10,2025-10-01,195.96,216.01612395058402,58.02225342743417,141.6576142342302,290.3746336669378,0.8,25.847789855072467,
sarima_dcf,carbon,USA|california,US,True,rolling,2024-12-01,11,2025-11-01,221.32,218.775325021222,60.87153029093107,140.76532007978372,296.7853299626603,0.8,25.847789855072467,
sarima_dcf,carbon,USA|california,US,True,rolling,2024-12-01,12,2025-12-01,201.61,227.27870957906438,63.59437933131487,145.77923318718064,308.77818597094813,0.8,25.847789855072467,
sarima_dcf,carbon,USA|colorado,US,True,holdout,last12,1,2025-01-01,409.29,397.9959713674232,19.61440381862797,372.8591014464365,423.13284128840985,0.8,24.53539855072464,
sarima_dcf,carbon,USA|colorado,US,True,holdout,last12,2,2025-02-01,394.75,376.47584897312674,22.76987342025325,347.2950820441488,405.6566159021047,0.8,24.53539855072464,
sarima_dcf,carbon,USA|colorado,US,True,holdout,last12,3,2025-03-01,337.83,345.11242236756476,23.966809616101113,314.397719982941,375.8271247521885,0.8,24.53539855072464,
sarima_dcf,carbon,USA|colorado,US,True,holdout,last12,4,2025-04-01,348.54,307.8760478013048,24.568937710459526,276.38968721469763,339.362408387912,0.8,24.53539855072464,
sarima_dcf,carbon,USA|colorado,US,True,holdout,last12,5,2025-05-01,346.1,314.1553503819594,24.951705960003174,282.1784525459088,346.13224821801003,0.8,24.53539855072464,
sarima_dcf,carbon,USA|colorado,US,True,holdout,last12,6,2025-06-01,354.68,361.14825567048894,25.242377750105774,328.7988469467727,393.4976643942052,0.8,24.53539855072464,
sarima_dcf,carbon,USA|colorado,US,True,holdout,last12,7,2025-07-01,373.05,388.8580766551077,25.490597811802488,356.1905611227245,421.52559218749093,0.8,24.53539855072464,
sarima_dcf,carbon,USA|colorado,US,True,holdout,last12,8,2025-08-01,384.31,387.6319109074419,25.71781840987217,354.6732004618785,420.59062135300536,0.8,24.53539855072464,
sarima_dcf,carbon,USA|colorado,US,True,holdout,last12,9,2025-09-01,350.0,373.0684525638073,25.9339623944827,339.8327424563832,406.3041626712314,0.8,24.53539855072464,
sarima_dcf,carbon,USA|colorado,US,True,holdout,last12,10,2025-10-01,304.8,362.20481596631384,26.143816121077556,328.70016748703677,395.7094644455909,0.8,24.53539855072464,
sarima_dcf,carbon,USA|colorado,US,True,holdout,last12,11,2025-11-01,323.54,359.27104859271236,26.349749063156114,325.50248642911725,393.03961075630747,0.8,24.53539855072464,
sarima_dcf,carbon,USA|colorado,US,True,holdout,last12,12,2025-12-01,317.06,365.00938746952306,26.55295664381475,330.98040431280435,399.0383706262418,0.8,24.53539855072464,
sarima_dcf,carbon,USA|colorado,US,True,rolling,2022-12-01,1,2023-01-01,458.49,439.4728085151181,19.251988284318664,414.80039278950323,464.145224240733,0.8,23.739166666666662,
sarima_dcf,carbon,USA|colorado,US,True,rolling,2022-12-01,2,2023-02-01,391.5,439.14217602481403,22.381587621661428,410.45901736890016,467.8253346807279,0.8,23.739166666666662,
sarima_dcf,carbon,USA|colorado,US,True,rolling,2022-12-01,3,2023-03-01,391.14,414.0380912352046,23.6098426702336,383.780860398905,444.2953220715042,0.8,23.739166666666662,
sarima_dcf,carbon,USA|colorado,US,True,rolling,2022-12-01,4,2023-04-01,356.16,386.4703863586402,24.25944405612927,355.3806578492661,417.56011486801435,0.8,23.739166666666662,
sarima_dcf,carbon,USA|colorado,US,True,rolling,2022-12-01,5,2023-05-01,355.43,391.777109139597,24.693856338377696,360.1306588898156,423.42355938937834,0.8,23.739166666666662,
sarima_dcf,carbon,USA|colorado,US,True,rolling,2022-12-01,6,2023-06-01,404.78,424.94684168285255,25.037088827212763,392.8605212996588,457.0331620660463,0.8,23.739166666666662,
sarima_dcf,carbon,USA|colorado,US,True,rolling,2022-12-01,7,2023-07-01,447.45,444.4579767336787,25.337896833448216,411.9861553791656,476.92979808819183,0.8,23.739166666666662,
sarima_dcf,carbon,USA|colorado,US,True,rolling,2022-12-01,8,2023-08-01,435.8,448.954168559868,25.617406110735494,416.1241416534631,481.7841954662729,0.8,23.739166666666662,
sarima_dcf,carbon,USA|colorado,US,True,rolling,2022-12-01,9,2023-09-01,434.22,431.1603268399058,25.88535167534231,397.9869138756983,464.3337398041133,0.8,23.739166666666662,
sarima_dcf,carbon,USA|colorado,US,True,rolling,2022-12-01,10,2023-10-01,421.17,427.1127697521662,26.146392057753552,393.6048200772092,460.62071942712316,0.8,23.739166666666662,
sarima_dcf,carbon,USA|colorado,US,True,rolling,2022-12-01,11,2023-11-01,417.5,415.369047367402,26.402814778194127,381.5324787536232,449.2056159811808,0.8,23.739166666666662,
sarima_dcf,carbon,USA|colorado,US,True,rolling,2022-12-01,12,2023-12-01,421.99,419.8400875735192,26.655770277840606,385.67934344315535,454.0008317038831,0.8,23.739166666666662,
sarima_dcf,carbon,USA|colorado,US,True,rolling,2023-12-01,1,2024-01-01,453.18,421.9299560854671,19.298237300037673,397.1982698613526,446.66164230958157,0.8,23.807575757575755,
sarima_dcf,carbon,USA|colorado,US,True,rolling,2023-12-01,2,2024-02-01,412.17,407.63501478457874,22.318030583726447,379.0333077501318,436.23672181902566,0.8,23.807575757575755,
sarima_dcf,carbon,USA|colorado,US,True,rolling,2023-12-01,3,2024-03-01,341.29,388.6184500942575,23.471271880835957,358.53880487004926,418.6980953184658,0.8,23.807575757575755,
sarima_dcf,carbon,USA|colorado,US,True,rolling,2023-12-01,4,2024-04-01,276.68,360.45237169738675,24.07193285054002,329.6029484670927,391.3017949276808,0.8,23.807575757575755,
sarima_dcf,carbon,USA|colorado,US,True,rolling,2023-12-01,5,2024-05-01,291.44,364.29529320614506,24.471895137863253,332.93329768037313,395.657288731917,0.8,23.807575757575755,
sarima_dcf,carbon,USA|colorado,US,True,rolling,2023-12-01,6,2024-06-01,374.26,399.70998774598075,24.78849647353098,367.94225128283034,431.47772420913117,0.8,23.807575757575755,
sarima_dcf,carbon,USA|colorado,US,True,rolling,2023-12-01,7,2024-07-01,413.71,423.38268144282733,25.067001144076592,391.2580268831277,455.507336002527,0.8,23.807575757575755,
sarima_dcf,carbon,USA|colorado,US,True,rolling,2023-12-01,8,2024-08-01,406.83,424.28822439119006,25.32669231036555,391.8307622107747,456.7456865716054,0.8,23.807575757575755,
sarima_dcf,carbon,USA|colorado,US,True,rolling,2023-12-01,9,2024-09-01,388.17,410.60700988315506,25.576307708939055,377.8296526979138,443.38436706839633,0.8,23.807575757575755,
sarima_dcf,carbon,USA|colorado,US,True,rolling,2023-12-01,10,2024-10-01,360.64,404.8636246142046,25.819956177110033,371.7740193531362,437.95322987527294,0.8,23.807575757575755,
sarima_dcf,carbon,USA|colorado,US,True,rolling,2023-12-01,11,2024-11-01,381.28,395.1092972531811,26.05961906896258,361.7125516378562,428.50604286850603,0.8,23.807575757575755,
sarima_dcf,carbon,USA|colorado,US,True,rolling,2023-12-01,12,2024-12-01,390.75,399.47253408682536,26.29627486572909,365.77250186465915,433.1725663089916,0.8,23.807575757575755,
sarima_dcf,carbon,USA|colorado,US,True,rolling,2024-12-01,1,2025-01-01,409.29,397.9959713674232,19.61440381862797,372.8591014464365,423.13284128840985,0.8,24.53539855072464,
sarima_dcf,carbon,USA|colorado,US,True,rolling,2024-12-01,2,2025-02-01,394.75,376.47584897312674,22.76987342025325,347.2950820441488,405.6566159021047,0.8,24.53539855072464,
sarima_dcf,carbon,USA|colorado,US,True,rolling,2024-12-01,3,2025-03-01,337.83,345.11242236756476,23.966809616101113,314.397719982941,375.8271247521885,0.8,24.53539855072464,
sarima_dcf,carbon,USA|colorado,US,True,rolling,2024-12-01,4,2025-04-01,348.54,307.8760478013048,24.568937710459526,276.38968721469763,339.362408387912,0.8,24.53539855072464,
sarima_dcf,carbon,USA|colorado,US,True,rolling,2024-12-01,5,2025-05-01,346.1,314.1553503819594,24.951705960003174,282.1784525459088,346.13224821801003,0.8,24.53539855072464,
sarima_dcf,carbon,USA|colorado,US,True,rolling,2024-12-01,6,2025-06-01,354.68,361.14825567048894,25.242377750105774,328.7988469467727,393.4976643942052,0.8,24.53539855072464,
sarima_dcf,carbon,USA|colorado,US,True,rolling,2024-12-01,7,2025-07-01,373.05,388.8580766551077,25.490597811802488,356.1905611227245,421.52559218749093,0.8,24.53539855072464,
sarima_dcf,carbon,USA|colorado,US,True,rolling,2024-12-01,8,2025-08-01,384.31,387.6319109074419,25.71781840987217,354.6732004618785,420.59062135300536,0.8,24.53539855072464,
sarima_dcf,carbon,USA|colorado,US,True,rolling,2024-12-01,9,2025-09-01,350.0,373.0684525638073,25.9339623944827,339.8327424563832,406.3041626712314,0.8,24.53539855072464,
sarima_dcf,carbon,USA|colorado,US,True,rolling,2024-12-01,10,2025-10-01,304.8,362.20481596631384,26.143816121077556,328.70016748703677,395.7094644455909,0.8,24.53539855072464,
sarima_dcf,carbon,USA|colorado,US,True,rolling,2024-12-01,11,2025-11-01,323.54,359.27104859271236,26.349749063156114,325.50248642911725,393.03961075630747,0.8,24.53539855072464,
sarima_dcf,carbon,USA|colorado,US,True,rolling,2024-12-01,12,2025-12-01,317.06,365.00938746952306,26.55295664381475,330.98040431280435,399.0383706262418,0.8,24.53539855072464,
sarima_dcf,carbon,USA|connecticut,US,False,holdout,last12,1,2025-01-01,287.97,297.7436758712119,32.94144572209047,255.52751453476438,339.9598372076594,0.8,33.26054347826087,
sarima_dcf,carbon,USA|connecticut,US,False,holdout,last12,2,2025-02-01,284.05,291.6682172444601,35.40081146948386,246.3002518841938,337.0361826047264,0.8,33.26054347826087,
sarima_dcf,carbon,USA|connecticut,US,False,holdout,last12,3,2025-03-01,273.17,290.4134168509643,35.891630253767296,244.41644190930091,336.41039179262776,0.8,33.26054347826087,
sarima_dcf,carbon,USA|connecticut,US,False,holdout,last12,4,2025-04-01,303.99,293.5876869014691,36.05496131738562,247.38139477952356,339.79397902341464,0.8,33.26054347826087,
sarima_dcf,carbon,USA|connecticut,US,False,holdout,last12,5,2025-05-01,266.01,294.01579561092154,36.145043490932295,247.6940585384396,340.3375326834035,0.8,33.26054347826087,
sarima_dcf,carbon,USA|connecticut,US,False,holdout,last12,6,2025-06-01,274.02,311.60426751710094,36.21442143712518,265.1936190290612,358.01491600514066,0.8,33.26054347826087,
sarima_dcf,carbon,USA|connecticut,US,False,holdout,last12,7,2025-07-01,301.22,302.5967906953485,36.27708213923416,256.1058392864229,349.08774210427407,0.8,33.26054347826087,
sarima_dcf,carbon,USA|connecticut,US,False,holdout,last12,8,2025-08-01,301.18,300.8857666412258,36.337393499950515,254.31752311355405,347.4540101688976,0.8,33.26054347826087,
sarima_dcf,carbon,USA|connecticut,US,False,holdout,last12,9,2025-09-01,277.87,301.6700432132441,36.396825079729744,255.0256350514635,348.31445137502476,0.8,33.26054347826087,
sarima_dcf,carbon,USA|connecticut,US,False,holdout,last12,10,2025-10-01,283.68,303.59771061731,36.455886250504065,256.8776125196606,350.31780871495937,0.8,33.26054347826087,
sarima_dcf,carbon,USA|connecticut,US,False,holdout,last12,11,2025-11-01,279.34,307.9686506937124,36.51475568264627,261.17310838313847,354.7641930042863,0.8,33.26054347826087,
sarima_dcf,carbon,USA|connecticut,US,False,holdout,last12,12,2025-12-01,289.29,298.0951167639576,36.57349648243993,251.2242950894468,344.9659384384684,0.8,33.26054347826087,
sarima_dcf,carbon,USA|connecticut,US,False,rolling,2022-12-01,1,2023-01-01,282.62,286.9697075845231,32.08991798939718,245.84482294701334,328.09459222203293,0.8,32.96373015873016,
sarima_dcf,carbon,USA|connecticut,US,False,rolling,2022-12-01,2,2023-02-01,278.48,286.9779790747802,34.692422707867735,242.51785044097727,331.4381077085831,0.8,32.96373015873016,
sarima_dcf,carbon,USA|connecticut,US,False,rolling,2022-12-01,3,2023-03-01,280.64,282.50968355542733,35.24025725437847,237.34747670088416,327.6718904099705,0.8,32.96373015873016,
sarima_dcf,carbon,USA|connecticut,US,False,rolling,2022-12-01,4,2023-04-01,304.72,293.55336767258837,35.423921634866154,248.1557854436964,338.9509499014803,0.8,32.96373015873016,
sarima_dcf,carbon,USA|connecticut,US,False,rolling,2022-12-01,5,2023-05-01,300.74,294.3891614329902,35.52257501798272,248.86514980651893,339.9131730594614,0.8,32.96373015873016,
sarima_dcf,carbon,USA|connecticut,US,False,rolling,2022-12-01,6,2023-06-01,457.02,293.4324696017622,35.59641406999901,247.81382942258114,339.05110978094325,0.8,32.96373015873016,
sarima_dcf,carbon,USA|connecticut,US,False,rolling,2022-12-01,7,2023-07-01,307.52,296.1335816747249,35.661927077313585,250.4309831984563,341.83618015099347,0.8,32.96373015873016,
sarima_dcf,carbon,USA|connecticut,US,False,rolling,2022-12-01,8,2023-08-01,287.51,296.8665808605819,35.724423275332256,251.0838902839019,342.6492714372619,0.8,32.96373015873016,
sarima_dcf,carbon,USA|connecticut,US,False,rolling,2022-12-01,9,2023-09-01,298.99,289.9982782679464,35.78575724111913,244.13698505139115,335.8595714845016,0.8,32.96373015873016,
sarima_dcf,carbon,USA|connecticut,US,False,rolling,2022-12-01,10,2023-10-01,294.87,293.79923414082015,35.84659964161247,247.85996825066118,339.73850003097914,0.8,32.96373015873016,
sarima_dcf,carbon,USA|connecticut,US,False,rolling,2022-12-01,11,2023-11-01,365.33,295.46711991349764,35.90719648464197,249.45019604428717,341.4840437827081,0.8,32.96373015873016,
sarima_dcf,carbon,USA|connecticut,US,False,rolling,2022-12-01,12,2023-12-01,306.96,289.7121014590302,35.9676386707071,243.617717811643,335.80648510641737,0.8,32.96373015873016,
sarima_dcf,carbon,USA|connecticut,US,False,rolling,2023-12-01,1,2024-01-01,306.79,305.3340607796902,33.29058509854138,262.6704593287588,347.99766223062164,0.8,32.99272727272727,
sarima_dcf,carbon,USA|connecticut,US,False,rolling,2023-12-01,2,2024-02-01,267.61,300.4655558379778,35.63240537775972,254.80079094199,346.13032073396556,0.8,32.99272727272727,
sarima_dcf,carbon,USA|connecticut,US,False,rolling,2023-12-01,3,2024-03-01,273.35,296.40943920540224,36.09748756187893,250.14864750824955,342.6702309025549,0.8,32.99272727272727,
sarima_dcf,carbon,USA|connecticut,US,False,rolling,2023-12-01,4,2024-04-01,246.12,306.2163687991524,36.26139201776726,259.7455250899563,352.6872125083485,0.8,32.99272727272727,
sarima_dcf,carbon,USA|connecticut,US,False,rolling,2023-12-01,5,2024-05-01,250.22,306.1838224419403,36.358747111475175,259.5882131599891,352.77943172389155,0.8,32.99272727272727,
sarima_dcf,carbon,USA|connecticut,US,False,rolling,2023-12-01,6,2024-06-01,285.71,327.3816578201667,36.43752711740191,280.68508789828644,374.078227742047,0.8,32.99272727272727,
sarima_dcf,carbon,USA|connecticut,US,False,rolling,2023-12-01,7,2024-07-01,306.14,307.97505620988545,36.51041394323424,261.1850780622522,354.7650343575187,0.8,32.99272727272727,
sarima_dcf,carbon,USA|connecticut,US,False,rolling,2023-12-01,8,2024-08-01,303.87,305.65032521044407,36.581281511373085,258.7695266199161,352.531123800972,0.8,32.99272727272727,
sarima_dcf,carbon,USA|connecticut,US,False,rolling,2023-12-01,9,2024-09-01,325.09,302.9140031573194,36.65138799632015,255.94335949125275,349.8846468233861,0.8,32.99272727272727,
sarima_dcf,carbon,USA|connecticut,US,False,rolling,2023-12-01,10,2024-10-01,329.69,304.57199021113786,36.72115161596647,257.5119408690954,351.63203955318033,0.8,32.99272727272727,
sarima_dcf,carbon,USA|connecticut,US,False,rolling,2023-12-01,11,2024-11-01,311.31,315.5693113291324,36.79071280052244,268.4201157421211,362.7185069161437,0.8,32.99272727272727,
sarima_dcf,carbon,USA|connecticut,US,False,rolling,2023-12-01,12,2024-12-01,292.57,303.6974218108424,36.860119154795235,256.4592784018541,350.9355652198307,0.8,32.99272727272727,
sarima_dcf,carbon,USA|connecticut,US,False,rolling,2024-12-01,1,2025-01-01,287.97,297.7436758712119,32.94144572209047,255.52751453476438,339.9598372076594,0.8,33.26054347826087,
sarima_dcf,carbon,USA|connecticut,US,False,rolling,2024-12-01,2,2025-02-01,284.05,291.6682172444601,35.40081146948386,246.3002518841938,337.0361826047264,0.8,33.26054347826087,
sarima_dcf,carbon,USA|connecticut,US,False,rolling,2024-12-01,3,2025-03-01,273.17,290.4134168509643,35.891630253767296,244.41644190930091,336.41039179262776,0.8,33.26054347826087,
sarima_dcf,carbon,USA|connecticut,US,False,rolling,2024-12-01,4,2025-04-01,303.99,293.5876869014691,36.05496131738562,247.38139477952356,339.79397902341464,0.8,33.26054347826087,
sarima_dcf,carbon,USA|connecticut,US,False,rolling,2024-12-01,5,2025-05-01,266.01,294.01579561092154,36.145043490932295,247.6940585384396,340.3375326834035,0.8,33.26054347826087,
sarima_dcf,carbon,USA|connecticut,US,False,rolling,2024-12-01,6,2025-06-01,274.02,311.60426751710094,36.21442143712518,265.1936190290612,358.01491600514066,0.8,33.26054347826087,
sarima_dcf,carbon,USA|connecticut,US,False,rolling,2024-12-01,7,2025-07-01,301.22,302.5967906953485,36.27708213923416,256.1058392864229,349.08774210427407,0.8,33.26054347826087,
sarima_dcf,carbon,USA|connecticut,US,False,rolling,2024-12-01,8,2025-08-01,301.18,300.8857666412258,36.337393499950515,254.31752311355405,347.4540101688976,0.8,33.26054347826087,
sarima_dcf,carbon,USA|connecticut,US,False,rolling,2024-12-01,9,2025-09-01,277.87,301.6700432132441,36.396825079729744,255.0256350514635,348.31445137502476,0.8,33.26054347826087,
sarima_dcf,carbon,USA|connecticut,US,False,rolling,2024-12-01,10,2025-10-01,283.68,303.59771061731,36.455886250504065,256.8776125196606,350.31780871495937,0.8,33.26054347826087,
sarima_dcf,carbon,USA|connecticut,US,False,rolling,2024-12-01,11,2025-11-01,279.34,307.9686506937124,36.51475568264627,261.17310838313847,354.7641930042863,0.8,33.26054347826087,
sarima_dcf,carbon,USA|connecticut,US,False,rolling,2024-12-01,12,2025-12-01,289.29,298.0951167639576,36.57349648243993,251.2242950894468,344.9659384384684,0.8,33.26054347826087,
sarima_dcf,carbon,USA|delaware,US,False,holdout,last12,1,2025-01-01,598.41,512.5185474152681,29.258415021087757,475.0223798396395,550.0147149908968,0.8,31.041485507246374,
sarima_dcf,carbon,USA|delaware,US,False,holdout,last12,2,2025-02-01,523.69,491.5403787558628,34.14080872352788,447.7871718872669,535.2935856244587,0.8,31.041485507246374,
sarima_dcf,carbon,USA|delaware,US,False,holdout,last12,3,2025-03-01,414.25,476.87639743613744,36.2846389374216,430.37576160066425,523.3770332716107,0.8,31.041485507246374,
sarima_dcf,carbon,USA|delaware,US,False,holdout,last12,4,2025-04-01,457.07,470.81675143014263,37.604001762137756,422.62528410113305,519.0082187591522,0.8,31.041485507246374,
sarima_dcf,carbon,USA|delaware,US,False,holdout,last12,5,2025-05-01,415.49,467.4706102764224,38.61435511734577,417.9843230232928,516.9568975295521,0.8,31.041485507246374,
sarima_dcf,carbon,USA|delaware,US,False,holdout,last12,6,2025-06-01,456.55,476.0749114620511,39.491241475459134,425.4648491238766,526.6849738002256,0.8,31.041485507246374,
sarima_dcf,carbon,USA|delaware,US,False,holdout,last12,7,2025-07-01,472.41,483.6595898374624,40.30307993027185,432.0091146565534,535.3100650183715,0.8,31.041485507246374,
sarima_dcf,carbon,USA|delaware,US,False,holdout,last12,8,2025-08-01,459.02,478.3819135732624,41.07876568739896,425.73735709593643,531.0264700505884,0.8,31.041485507246374,
sarima_dcf,carbon,USA|delaware,US,False,holdout,last12,9,2025-09-01,460.94,472.48602585820686,41.8311688480341,418.87722593244825,526.0948257839655,0.8,31.041485507246374,
sarima_dcf,carbon,USA|delaware,US,False,holdout,last12,10,2025-10-01,471.01,471.0012346128533,42.566312370130845,416.4503103554516,525.552158870255,0.8,31.041485507246374,
sarima_dcf,carbon,USA|delaware,US,False,holdout,last12,11,2025-11-01,472.81,474.87704520334495,43.28720437452108,419.4022606691284,530.3518297375615,0.8,31.041485507246374,
sarima_dcf,carbon,USA|delaware,US,False,holdout,last12,12,2025-12-01,472.08,484.1103694032299,43.99549574373769,427.72787295593207,540.4928658505278,0.8,31.041485507246374,
sarima_dcf,carbon,USA|delaware,US,False,rolling,2022-12-01,1,2023-01-01,471.7,524.603529066485,29.960882184113817,486.20711359833655,562.9999445346333,0.8,31.87392857142857,
sarima_dcf,carbon,USA|delaware,US,False,rolling,2022-12-01,2,2023-02-01,444.88,509.97304046971425,35.06673594255499,465.0332101239938,554.9128708154348,0.8,31.87392857142857,
sarima_dcf,carbon,USA|delaware,US,False,rolling,2022-12-01,3,2023-03-01,446.13,492.7508800492408,37.32447450443601,444.9176413149513,540.5841187835302,0.8,31.87392857142857,
sarima_dcf,carbon,USA|delaware,US,False,rolling,2022-12-01,4,2023-04-01,459.36,482.5368330985848,38.71061172911951,432.9271880339425,532.1464781632271,0.8,31.87392857142857,
sarima_dcf,carbon,USA|delaware,US,False,rolling,2022-12-01,5,2023-05-01,434.05,481.25324270000397,39.76581510459945,430.29130009754743,532.2151853024606,0.8,31.87392857142857,
sarima_dcf,carbon,USA|delaware,US,False,rolling,2022-12-01,6,2023-06-01,456.61,488.92070653318694,40.67664591656714,436.79148727770695,541.049925788667,0.8,31.87392857142857,
sarima_dcf,carbon,USA|delaware,US,False,rolling,2022-12-01,7,2023-07-01,476.15,495.96110694264996,41.5167279560938,442.7552792342287,549.1669346510713,0.8,31.87392857142857,
sarima_dcf,carbon,USA|delaware,US,False,rolling,2022-12-01,8,2023-08-01,465.38,491.4190048053911,42.31755759731597,437.18687261652707,545.6511369942552,0.8,31.87392857142857,
sarima_dcf,carbon,USA|delaware,US,False,rolling,2022-12-01,9,2023-09-01,468.4,484.6764503631662,43.09334234869121,429.4501100116516,539.9027907146809,0.8,31.87392857142857,
sarima_dcf,carbon,USA|delaware,US,False,rolling,2022-12-01,10,2023-10-01,464.77,481.43023345519805,43.85080020273722,425.2331718049967,537.6272951053994,0.8,31.87392857142857,
sarima_dcf,carbon,USA|delaware,US,False,rolling,2022-12-01,11,2023-11-01,463.29,486.7038469772563,44.59330248941936,429.555230359137,543.8524635953756,0.8,31.87392857142857,
sarima_dcf,carbon,USA|delaware,US,False,rolling,2022-12-01,12,2023-12-01,451.54,493.03496453092833,45.32269177571945,434.9515979310597,551.118331130797,0.8,31.87392857142857,
sarima_dcf,carbon,USA|delaware,US,False,rolling,2023-12-01,1,2024-01-01,494.58,466.28173780949356,29.635997124871547,428.30167929763917,504.26179632134796,0.8,31.74878787878788,
sarima_dcf,carbon,USA|delaware,US,False,rolling,2023-12-01,2,2024-02-01,459.93,461.5634583611686,34.621368492578846,417.1943893682077,505.93252735412955,0.8,31.74878787878788,
sarima_dcf,carbon,USA|delaware,US,False,rolling,2023-12-01,3,2024-03-01,449.9,452.93685021839184,36.81245179527537,405.75979498862154,500.11390544816214,0.8,31.74878787878788,
sarima_dcf,carbon,USA|delaware,US,False,rolling,2023-12-01,4,2024-04-01,452.61,448.5385619623203,38.156454478883326,399.6390979892761,497.43802593536446,0.8,31.74878787878788,
sarima_dcf,carbon,USA|delaware,US,False,rolling,2023-12-01,5,2024-05-01,455.27,445.62321603977506,39.18131453119354,395.41034106222855,495.83609101732156,0.8,31.74878787878788,
sarima_dcf,carbon,USA|delaware,US,False,rolling,2023-12-01,6,2024-06-01,470.8,454.61771689944584,40.06783084520475,403.26872555179744,505.96670824709423,0.8,31.74878787878788,
sarima_dcf,carbon,USA|delaware,US,False,rolling,2023-12-01,7,2024-07-01,482.21,462.5233005630702,40.8868606650881,410.12468026752265,514.9219208586178,0.8,31.74878787878788,
sarima_dcf,carbon,USA|delaware,US,False,rolling,2023-12-01,8,2024-08-01,471.26,457.893669175229,41.66850529823786,404.4933309763688,511.2940073740892,0.8,31.74878787878788,
sarima_dcf,carbon,USA|delaware,US,False,rolling,2023-12-01,9,2024-09-01,455.9,453.0648894309887,42.426247759067365,398.69346519517285,507.4363136668046,0.8,31.74878787878788,
sarima_dcf,carbon,USA|delaware,US,False,rolling,2023-12-01,10,2024-10-01,464.4,450.1453588650526,43.16642300124163,394.8253618888509,505.4653558412542,0.8,31.74878787878788,
sarima_dcf,carbon,USA|delaware,US,False,rolling,2023-12-01,11,2024-11-01,468.36,453.98638555413567,43.89219604443142,397.7362729982041,510.23649811006726,0.8,31.74878787878788,
sarima_dcf,carbon,USA|delaware,US,False,rolling,2023-12-01,12,2024-12-01,523.57,457.60622439185397,44.60529504317917,400.44223869768894,514.770210086019,0.8,31.74878787878788,
sarima_dcf,carbon,USA|delaware,US,False,rolling,2024-12-01,1,2025-01-01,598.41,512.5185474152681,29.258415021087757,475.0223798396395,550.0147149908968,0.8,31.041485507246374,
sarima_dcf,carbon,USA|delaware,US,False,rolling,2024-12-01,2,2025-02-01,523.69,491.5403787558628,34.14080872352788,447.7871718872669,535.2935856244587,0.8,31.041485507246374,
sarima_dcf,carbon,USA|delaware,US,False,rolling,2024-12-01,3,2025-03-01,414.25,476.87639743613744,36.2846389374216,430.37576160066425,523.3770332716107,0.8,31.041485507246374,
sarima_dcf,carbon,USA|delaware,US,False,rolling,2024-12-01,4,2025-04-01,457.07,470.81675143014263,37.604001762137756,422.62528410113305,519.0082187591522,0.8,31.041485507246374,
sarima_dcf,carbon,USA|delaware,US,False,rolling,2024-12-01,5,2025-05-01,415.49,467.4706102764224,38.61435511734577,417.9843230232928,516.9568975295521,0.8,31.041485507246374,
sarima_dcf,carbon,USA|delaware,US,False,rolling,2024-12-01,6,2025-06-01,456.55,476.0749114620511,39.491241475459134,425.4648491238766,526.6849738002256,0.8,31.041485507246374,
sarima_dcf,carbon,USA|delaware,US,False,rolling,2024-12-01,7,2025-07-01,472.41,483.6595898374624,40.30307993027185,432.0091146565534,535.3100650183715,0.8,31.041485507246374,
sarima_dcf,carbon,USA|delaware,US,False,rolling,2024-12-01,8,2025-08-01,459.02,478.3819135732624,41.07876568739896,425.73735709593643,531.0264700505884,0.8,31.041485507246374,
sarima_dcf,carbon,USA|delaware,US,False,rolling,2024-12-01,9,2025-09-01,460.94,472.48602585820686,41.8311688480341,418.87722593244825,526.0948257839655,0.8,31.041485507246374,
sarima_dcf,carbon,USA|delaware,US,False,rolling,2024-12-01,10,2025-10-01,471.01,471.0012346128533,42.566312370130845,416.4503103554516,525.552158870255,0.8,31.041485507246374,
sarima_dcf,carbon,USA|delaware,US,False,rolling,2024-12-01,11,2025-11-01,472.81,474.87704520334495,43.28720437452108,419.4022606691284,530.3518297375615,0.8,31.041485507246374,
sarima_dcf,carbon,USA|delaware,US,False,rolling,2024-12-01,12,2025-12-01,472.08,484.1103694032299,43.99549574373769,427.72787295593207,540.4928658505278,0.8,31.041485507246374,
sarima_dcf,carbon,USA|florida,US,True,holdout,last12,1,2025-01-01,403.21,391.3361037332269,11.012319117003953,377.22324892855374,405.4489585379,0.8,14.52355072463768,
sarima_dcf,carbon,USA|florida,US,True,holdout,last12,2,2025-02-01,375.13,385.5824439129808,12.831043313459203,369.1388002670466,402.02608755891504,0.8,14.52355072463768,
sarima_dcf,carbon,USA|florida,US,True,holdout,last12,3,2025-03-01,374.66,392.11844968755275,13.518799794456774,374.7934106466827,409.44348872842284,0.8,14.52355072463768,
sarima_dcf,carbon,USA|florida,US,True,holdout,last12,4,2025-04-01,377.2,394.20186576573695,13.854790809511336,376.4462369135148,411.9574946179591,0.8,14.52355072463768,
sarima_dcf,carbon,USA|florida,US,True,holdout,last12,5,2025-05-01,395.79,397.82133665627265,14.059226631225243,379.8037127566796,415.8389605558657,0.8,14.52355072463768,
sarima_dcf,carbon,USA|florida,US,True,holdout,last12,6,2025-06-01,406.24,406.02958450670945,14.207936249685009,387.8213815627678,424.2377874506511,0.8,14.52355072463768,
sarima_dcf,carbon,USA|florida,US,True,holdout,last12,7,2025-07-01,409.98,409.1595141822414,14.33075823740408,390.79390852765505,427.5251198368278,0.8,14.52355072463768,
sarima_dcf,carbon,USA|florida,US,True,holdout,last12,8,2025-08-01,413.24,410.51357281126957,14.440705182133021,392.00706447753896,429.0200811450002,0.8,14.52355072463768,
sarima_dcf,carbon,USA|florida,US,True,holdout,last12,9,2025-09-01,413.88,413.4842653312863,14.543884178089757,394.845527793756,432.12300286881657,0.8,14.52355072463768,
sarima_dcf,carbon,USA|florida,US,True,holdout,last12,10,2025-10-01,413.26,406.41074152761706,14.643301419001038,387.6445956693548,425.1768873858793,0.8,14.52355072463768,
sarima_dcf,carbon,USA|florida,US,True,holdout,last12,11,2025-11-01,379.33,398.15838708337793,14.740480928330499,379.2677006727956,417.04907349396024,0.8,14.52355072463768,
sarima_dcf,carbon,USA|florida,US,True,holdout,last12,12,2025-12-01,388.5,389.905431637876,14.836210054826132,370.89206341536504,408.91879986038697,0.8,14.52355072463768,
sarima_dcf,carbon,USA|florida,US,True,rolling,2022-12-01,1,2023-01-01,405.31,426.6613712990472,11.158392054398291,412.36131649277263,440.9614261053217,0.8,14.799563492063491,
sarima_dcf,carbon,USA|florida,US,True,rolling,2022-12-01,2,2023-02-01,404.04,420.7277728115875,13.188838089846092,403.82559670983096,437.62994891334404,0.8,14.799563492063491,
sarima_dcf,carbon,USA|florida,US,True,rolling,2022-12-01,3,2023-03-01,413.27,419.0601649517811,14.013936497065625,401.100582694524,437.01974720903814,0.8,14.799563492063491,
sarima_dcf,carbon,USA|florida,US,True,rolling,2022-12-01,4,2023-04-01,417.32,422.11588579114186,14.435520265939514,403.6160221948763,440.61574938740745,0.8,14.799563492063491,
sarima_dcf,carbon,USA|florida,US,True,rolling,2022-12-01,5,2023-05-01,407.88,423.48281614804387,14.696074814082879,404.6490384626954,442.31659383339235,0.8,14.799563492063491,
sarima_dcf,carbon,USA|florida,US,True,rolling,2022-12-01,6,2023-06-01,418.28,427.6239010513622,14.884609601116637,408.548506314531,446.69929578819347,0.8,14.799563492063491,
sarima_dcf,carbon,USA|florida,US,True,rolling,2022-12-01,7,2023-07-01,430.44,428.45701505935074,15.03807378006889,409.18494806372826,447.7290820549732,0.8,14.799563492063491,
sarima_dcf,carbon,USA|florida,US,True,rolling,2022-12-01,8,2023-08-01,431.45,430.6114439221491,15.173323823265585,411.1660470219279,450.05684082237025,0.8,14.799563492063491,
sarima_dcf,carbon,USA|florida,US,True,rolling,2022-12-01,9,2023-09-01,426.6,433.0791581891698,15.298609687815613,413.4732009930939,452.6851153852457,0.8,14.799563492063491,
sarima_dcf,carbon,USA|florida,US,True,rolling,2022-12-01,10,2023-10-01,421.49,425.98162970043455,15.418169942768703,406.22244987244665,445.74080952842246,0.8,14.799563492063491,
sarima_dcf,carbon,USA|florida,US,True,rolling,2022-12-01,11,2023-11-01,416.69,420.43702277120474,15.534252652399177,400.5290769649572,440.3449685774523,0.8,14.799563492063491,
sarima_dcf,carbon,USA|florida,US,True,rolling,2022-12-01,12,2023-12-01,410.15,415.3398240647637,15.648075467320089,395.28600845185963,435.3936396776678,0.8,14.799563492063491,
sarima_dcf,carbon,USA|florida,US,True,rolling,2023-12-01,1,2024-01-01,412.56,408.2340492388762,11.011184472961705,394.12264853905174,422.34544993870065,0.8,14.592840909090908,
sarima_dcf,carbon,USA|florida,US,True,rolling,2023-12-01,2,2024-02-01,380.4,405.53290332738334,12.909594066231227,388.98859284125945,422.0772138135072,0.8,14.592840909090908,
sarima_dcf,carbon,USA|florida,US,True,rolling,2023-12-01,3,2024-03-01,394.85,407.77566363663715,13.654603275017196,390.2765854326484,425.2747418406259,0.8,14.592840909090908,
sarima_dcf,carbon,USA|florida,US,True,rolling,2023-12-01,4,2024-04-01,385.86,411.55776937413265,14.029378553251776,393.578397325595,429.5371414226703,0.8,14.592840909090908,
sarima_dcf,carbon,USA|florida,US,True,rolling,2023-12-01,5,2024-05-01,402.43,410.59575295367506,14.261578319852712,392.3188049307309,428.8727009766192,0.8,14.592840909090908,
sarima_dcf,carbon,USA|florida,US,True,rolling,2023-12-01,6,2024-06-01,419.28,416.23012064633184,14.431842694513593,397.7349700474845,434.72527124517916,0.8,14.592840909090908,
sarima_dcf,carbon,USA|florida,US,True,rolling,2023-12-01,7,2024-07-01,421.34,419.84754299214376,14.572696336569146,401.1718811878075,438.52320479648,0.8,14.592840909090908,
sarima_dcf,carbon,USA|florida,US,True,rolling,2023-12-01,8,2024-08-01,420.89,421.60226961146657,14.698620413256595,402.7652296095118,440.43930961342136,0.8,14.592840909090908,
sarima_dcf,carbon,USA|florida,US,True,rolling,2023-12-01,9,2024-09-01,433.85,421.85565815619105,14.816536516344401,402.86750258772116,440.84381372466095,0.8,14.592840909090908,
sarima_dcf,carbon,USA|florida,US,True,rolling,2023-12-01,10,2024-10-01,417.28,416.666993178093,14.929911612018351,397.53354157826834,435.8004447779176,0.8,14.592840909090908,
sarima_dcf,carbon,USA|florida,US,True,rolling,2023-12-01,11,2024-11-01,403.55,410.68677224303013,15.040534492658864,391.4115517173356,429.96199276872466,0.8,14.592840909090908,
sarima_dcf,carbon,USA|florida,US,True,rolling,2023-12-01,12,2024-12-01,385.64,405.2252163323574,15.149346314642095,385.81054784585046,424.6398848188643,0.8,14.592840909090908,
sarima_dcf,carbon,USA|florida,US,True,rolling,2024-12-01,1,2025-01-01,403.21,391.3361037332269,11.012319117003953,377.22324892855374,405.4489585379,0.8,14.52355072463768,
sarima_dcf,carbon,USA|florida,US,True,rolling,2024-12-01,2,2025-02-01,375.13,385.5824439129808,12.831043313459203,369.1388002670466,402.02608755891504,0.8,14.52355072463768,
sarima_dcf,carbon,USA|florida,US,True,rolling,2024-12-01,3,2025-03-01,374.66,392.11844968755275,13.518799794456774,374.7934106466827,409.44348872842284,0.8,14.52355072463768,
sarima_dcf,carbon,USA|florida,US,True,rolling,2024-12-01,4,2025-04-01,377.2,394.20186576573695,13.854790809511336,376.4462369135148,411.9574946179591,0.8,14.52355072463768,
sarima_dcf,carbon,USA|florida,US,True,rolling,2024-12-01,5,2025-05-01,395.79,397.82133665627265,14.059226631225243,379.8037127566796,415.8389605558657,0.8,14.52355072463768,
sarima_dcf,carbon,USA|florida,US,True,rolling,2024-12-01,6,2025-06-01,406.24,406.02958450670945,14.207936249685009,387.8213815627678,424.2377874506511,0.8,14.52355072463768,
sarima_dcf,carbon,USA|florida,US,True,rolling,2024-12-01,7,2025-07-01,409.98,409.1595141822414,14.33075823740408,390.79390852765505,427.5251198368278,0.8,14.52355072463768,
sarima_dcf,carbon,USA|florida,US,True,rolling,2024-12-01,8,2025-08-01,413.24,410.51357281126957,14.440705182133021,392.00706447753896,429.0200811450002,0.8,14.52355072463768,
sarima_dcf,carbon,USA|florida,US,True,rolling,2024-12-01,9,2025-09-01,413.88,413.4842653312863,14.543884178089757,394.845527793756,432.12300286881657,0.8,14.52355072463768,
sarima_dcf,carbon,USA|florida,US,True,rolling,2024-12-01,10,2025-10-01,413.26,406.41074152761706,14.643301419001038,387.6445956693548,425.1768873858793,0.8,14.52355072463768,
sarima_dcf,carbon,USA|florida,US,True,rolling,2024-12-01,11,2025-11-01,379.33,398.15838708337793,14.740480928330499,379.2677006727956,417.04907349396024,0.8,14.52355072463768,
sarima_dcf,carbon,USA|florida,US,True,rolling,2024-12-01,12,2025-12-01,388.5,389.905431637876,14.836210054826132,370.89206341536504,408.91879986038697,0.8,14.52355072463768,
sarima_dcf,carbon,USA|georgia,US,True,holdout,last12,1,2025-01-01,348.89,312.4548808820141,24.238787296460682,281.39162507533234,343.51813668869585,0.8,28.06677536231884,
sarima_dcf,carbon,USA|georgia,US,True,holdout,last12,2,2025-02-01,303.29,316.3511565128258,27.410331152207814,281.22340371261794,351.4789093130337,0.8,28.06677536231884,
sarima_dcf,carbon,USA|georgia,US,True,holdout,last12,3,2025-03-01,302.63,298.74963068391065,28.543898348818715,262.1691530682361,335.3301082995852,0.8,28.06677536231884,
sarima_dcf,carbon,USA|georgia,US,True,holdout,last12,4,2025-04-01,298.5,287.60492503507135,29.15155684310205,250.2457017247315,324.9641483454112,0.8,28.06677536231884,
sarima_dcf,carbon,USA|georgia,US,True,holdout,last12,5,2025-05-01,300.12,303.0298300597955,29.587045543763782,265.1125055233456,340.94715459624535,0.8,28.06677536231884,
sarima_dcf,carbon,USA|georgia,US,True,holdout,last12,6,2025-06-01,324.92,333.48742844731834,29.956894902504875,295.0961228861581,371.87873400847855,0.8,28.06677536231884,
sarima_dcf,carbon,USA|georgia,US,True,holdout,last12,7,2025-07-01,360.83,342.00755814980545,30.298752324638034,303.17814467411745,380.83697162549345,0.8,28.06677536231884,
sarima_dcf,carbon,USA|georgia,US,True,holdout,last12,8,2025-08-01,329.44,341.1263829123018,30.6272097716728,301.87603428115165,380.3767315434519,0.8,28.06677536231884,
sarima_dcf,carbon,USA|georgia,US,True,holdout,last12,9,2025-09-01,317.0,329.869779309723,30.948213912361993,290.2080473195263,369.5315112999197,0.8,28.06677536231884,
sarima_dcf,carbon,USA|georgia,US,True,holdout,last12,10,2025-10-01,295.39,288.8683320596546,31.264269843953755,248.80155809552684,328.9351060237824,0.8,28.06677536231884,
sarima_dcf,carbon,USA|georgia,US,True,holdout,last12,11,2025-11-01,283.84,293.9118970653698,31.57647234923585,253.44501949183083,334.3787746389088,0.8,28.06677536231884,
sarima_dcf,carbon,USA|georgia,US,True,holdout,last12,12,2025-12-01,329.76,303.0776109303245,31.88532958584188,262.2149168816833,343.94030497896574,0.8,28.06677536231884,
sarima_dcf,carbon,USA|georgia,US,True,rolling,2022-12-01,1,2023-01-01,325.67,359.50310952832274,24.720855482357344,327.82205848330585,391.1841605733396,0.8,28.258849206349208,
sarima_dcf,carbon,USA|georgia,US,True,rolling,2022-12-01,2,2023-02-01,337.96,361.38334863995095,28.115546798392884,325.35182562432806,397.41487165557385,0.8,28.258849206349208,
sarima_dcf,carbon,USA|georgia,US,True,rolling,2022-12-01,3,2023-03-01,362.23,334.73416818456377,29.345363507523754,297.1265716400213,372.3417647291062,0.8,28.258849206349208,
sarima_dcf,carbon,USA|georgia,US,True,rolling,2022-12-01,4,2023-04-01,319.99,320.75060598699184,29.9955513194587,282.30976023416616,359.1914517398175,0.8,28.258849206349208,
sarima_dcf,carbon,USA|georgia,US,True,rolling,2022-12-01,5,2023-05-01,339.25,341.1319130705672,30.45073652935436,302.10772399938696,380.1561021417474,0.8,28.258849206349208,
sarima_dcf,carbon,USA|georgia,US,True,rolling,2022-12-01,6,2023-06-01,370.73,370.05641706328356,30.82987619321944,330.546340962317,409.5664931642501,0.8,28.258849206349208,
sarima_dcf,carbon,USA|georgia,US,True,rolling,2022-12-01,7,2023-07-01,393.12,373.30682421624414,31.176044231174618,333.35311592429457,413.2605325081937,0.8,28.258849206349208,
sarima_dcf,carbon,USA|georgia,US,True,rolling,2022-12-01,8,2023-08-01,388.4,376.92673215764034,31.506405021604493,336.54964947752086,417.30381483775983,0.8,28.258849206349208,
sarima_dcf,carbon,USA|georgia,US,True,rolling,2022-12-01,9,2023-09-01,364.7,362.8638320980997,31.82817357267434,322.0743864276136,403.6532777685858,0.8,28.258849206349208,
sarima_dcf,carbon,USA|georgia,US,True,rolling,2022-12-01,10,2023-10-01,305.69,322.963758981302,32.144483802465025,281.7689454406299,364.1585725219741,0.8,28.258849206349208,
sarima_dcf,carbon,USA|georgia,US,True,rolling,2022-12-01,11,2023-11-01,320.47,329.4770587338292,32.45673862594705,287.88207453527485,371.07204293238357,0.8,28.258849206349208,
sarima_dcf,carbon,USA|georgia,US,True,rolling,2022-12-01,12,2023-12-01,335.37,340.20974127671576,32.76559413352633,298.21894281889615,382.20053973453537,0.8,28.258849206349208,
sarima_dcf,carbon,USA|georgia,US,True,rolling,2023-12-01,1,2024-01-01,364.2,331.4112603554403,24.437660265554985,300.0931385838712,362.72938212700933,0.8,27.94049242424242,
sarima_dcf,carbon,USA|georgia,US,True,rolling,2023-12-01,2,2024-02-01,333.79,341.21361956970367,27.664783635366398,305.75977279134725,376.6674663480601,0.8,27.94049242424242,
sarima_dcf,carbon,USA|georgia,US,True,rolling,2023-12-01,3,2024-03-01,285.22,329.21784658656685,28.818537507779542,292.2854047267662,366.1502884463675,0.8,27.94049242424242,
sarima_dcf,carbon,USA|georgia,US,True,rolling,2023-12-01,4,2024-04-01,294.82,311.25233438190986,29.433336018057265,273.53199652876833,348.9726722350514,0.8,27.94049242424242,
sarima_dcf,carbon,USA|georgia,US,True,rolling,2023-12-01,5,2024-05-01,295.33,331.1126591351839,29.870789837392227,292.83170165502014,369.39361661534764,0.8,27.94049242424242,
sarima_dcf,carbon,USA|georgia,US,True,rolling,2023-12-01,6,2024-06-01,342.91,359.10280583011587,30.240349561042283,320.34823850754617,397.85737315268557,0.8,27.94049242424242,
sarima_dcf,carbon,USA|georgia,US,True,rolling,2023-12-01,7,2024-07-01,358.12,366.3735789404045,30.580887292254804,327.1825949552724,405.5645629255366,0.8,27.94049242424242,
sarima_dcf,carbon,USA|georgia,US,True,rolling,2023-12-01,8,2024-08-01,347.33,368.03420078629136,30.907562749699462,328.424565357246,407.6438362153367,0.8,27.94049242424242,
sarima_dcf,carbon,USA|georgia,US,True,rolling,2023-12-01,9,2024-09-01,346.59,353.04188233700035,31.22659732773989,313.02338764500445,393.06037702899624,0.8,27.94049242424242,
sarima_dcf,carbon,USA|georgia,US,True,rolling,2023-12-01,10,2024-10-01,299.08,311.12065756712656,31.540629239783133,270.6997147866207,351.5416003476324,0.8,27.94049242424242,
sarima_dcf,carbon,USA|georgia,US,True,rolling,2023-12-01,11,2024-11-01,299.53,318.2674261321834,31.850816369006793,277.44896255060917,359.08588971375764,0.8,27.94049242424242,
sarima_dcf,carbon,USA|georgia,US,True,rolling,2023-12-01,12,2024-12-01,303.58,329.3377224878405,32.15769555996935,288.12597739865515,370.54946757702584,0.8,27.94049242424242,
sarima_dcf,carbon,USA|georgia,US,True,rolling,2024-12-01,1,2025-01-01,348.89,312.4548808820141,24.238787296460682,281.39162507533234,343.51813668869585,0.8,28.06677536231884,
sarima_dcf,carbon,USA|georgia,US,True,rolling,2024-12-01,2,2025-02-01,303.29,316.3511565128258,27.410331152207814,281.22340371261794,351.4789093130337,0.8,28.06677536231884,
sarima_dcf,carbon,USA|georgia,US,True,rolling,2024-12-01,3,2025-03-01,302.63,298.74963068391065,28.543898348818715,262.1691530682361,335.3301082995852,0.8,28.06677536231884,
sarima_dcf,carbon,USA|georgia,US,True,rolling,2024-12-01,4,2025-04-01,298.5,287.60492503507135,29.15155684310205,250.2457017247315,324.9641483454112,0.8,28.06677536231884,
sarima_dcf,carbon,USA|georgia,US,True,rolling,2024-12-01,5,2025-05-01,300.12,303.0298300597955,29.587045543763782,265.1125055233456,340.94715459624535,0.8,28.06677536231884,
sarima_dcf,carbon,USA|georgia,US,True,rolling,2024-12-01,6,2025-06-01,324.92,333.48742844731834,29.956894902504875,295.0961228861581,371.87873400847855,0.8,28.06677536231884,
sarima_dcf,carbon,USA|georgia,US,True,rolling,2024-12-01,7,2025-07-01,360.83,342.00755814980545,30.298752324638034,303.17814467411745,380.83697162549345,0.8,28.06677536231884,
sarima_dcf,carbon,USA|georgia,US,True,rolling,2024-12-01,8,2025-08-01,329.44,341.1263829123018,30.6272097716728,301.87603428115165,380.3767315434519,0.8,28.06677536231884,
sarima_dcf,carbon,USA|georgia,US,True,rolling,2024-12-01,9,2025-09-01,317.0,329.869779309723,30.948213912361993,290.2080473195263,369.5315112999197,0.8,28.06677536231884,
sarima_dcf,carbon,USA|georgia,US,True,rolling,2024-12-01,10,2025-10-01,295.39,288.8683320596546,31.264269843953755,248.80155809552684,328.9351060237824,0.8,28.06677536231884,
sarima_dcf,carbon,USA|georgia,US,True,rolling,2024-12-01,11,2025-11-01,283.84,293.9118970653698,31.57647234923585,253.44501949183083,334.3787746389088,0.8,28.06677536231884,
sarima_dcf,carbon,USA|georgia,US,True,rolling,2024-12-01,12,2025-12-01,329.76,303.0776109303245,31.88532958584188,262.2149168816833,343.94030497896574,0.8,28.06677536231884,
sarima_dcf,carbon,USA|idaho,US,False,holdout,last12,1,2025-01-01,173.24,174.56097691251878,28.11245645375533,138.53341433290424,210.58853949213332,0.8,33.89942028985508,
sarima_dcf,carbon,USA|idaho,US,False,holdout,last12,2,2025-02-01,170.25,164.98711666355322,33.33898120115769,122.2614931115476,207.71274021555885,0.8,33.89942028985508,
sarima_dcf,carbon,USA|idaho,US,False,holdout,last12,3,2025-03-01,109.99,153.23141544812756,35.280620419787994,108.01748111576347,198.44534978049165,0.8,33.89942028985508,
sarima_dcf,carbon,USA|idaho,US,False,holdout,last12,4,2025-04-01,87.98,123.86457808896301,36.079459253888864,77.62689059813911,170.10226557978692,0.8,33.89942028985508,
sarima_dcf,carbon,USA|idaho,US,False,holdout,last12,5,2025-05-01,128.12,94.94710390531058,36.43132195445581,48.25848621971837,141.6357215909028,0.8,33.89942028985508,
sarima_dcf,carbon,USA|idaho,US,False,holdout,last12,6,2025-06-01,161.79,138.50230863244025,36.5978032075923,91.60033663625714,185.40428062862335,0.8,33.89942028985508,
sarima_dcf,carbon,USA|idaho,US,False,holdout,last12,7,2025-07-01,195.15,184.07335857472518,36.68360980285696,137.0614210020466,231.08529614740377,0.8,33.89942028985508,
sarima_dcf,carbon,USA|idaho,US,False,holdout,last12,8,2025-08-01,191.19,189.72382067442442,36.73249978104504,142.64922807365946,236.79841327518938,0.8,33.89942028985508,
sarima_dcf,carbon,USA|idaho,US,False,holdout,last12,9,2025-09-01,211.49,197.37443799133712,36.763552810517936,150.26004933203626,244.48882665063798,0.8,33.89942028985508,
sarima_dcf,carbon,USA|idaho,US,False,holdout,last12,10,2025-10-01,143.77,165.63759258617446,36.785496097714145,118.49508247281412,212.7801026995348,0.8,33.89942028985508,
sarima_dcf,carbon,USA|idaho,US,False,holdout,last12,11,2025-11-01,158.84,184.1154206191744,36.80254042629921,136.9510673198322,231.27977391851658,0.8,33.89942028985508,
sarima_dcf,carbon,USA|idaho,US,False,holdout,last12,12,2025-12-01,151.97,191.3567356131632,36.816832799116476,144.17406590106168,238.53940532526474,0.8,33.89942028985508,
sarima_dcf,carbon,USA|idaho,US,False,rolling,2022-12-01,1,2023-01-01,197.82,191.16965776911886,27.8913762535764,155.42542086615452,226.9138946720832,0.8,34.736111111111114,
sarima_dcf,carbon,USA|idaho,US,False,rolling,2022-12-01,2,2023-02-01,165.84,168.0023084248984,33.34305319925864,125.27146639735159,210.7331504524452,0.8,34.736111111111114,
sarima_dcf,carbon,USA|idaho,US,False,rolling,2022-12-01,3,2023-03-01,174.75,140.98041184930682,35.4549738307394,95.5430346301799,186.41778906843373,0.8,34.736111111111114,
sarima_dcf,carbon,USA|idaho,US,False,rolling,2022-12-01,4,2023-04-01,135.91,108.70856215614454,36.35426280446105,62.11869974486764,155.29842456742142,0.8,34.736111111111114,
sarima_dcf,carbon,USA|idaho,US,False,rolling,2022-12-01,5,2023-05-01,94.95,107.1073410615584,36.75892862622074,59.99887853288299,154.2158035902338,0.8,34.736111111111114,
sarima_dcf,carbon,USA|idaho,US,False,rolling,2022-12-01,6,2023-06-01,167.12,111.0386410546054,36.9508409526095,63.68423298359917,158.39304912561164,0.8,34.736111111111114,
sarima_dcf,carbon,USA|idaho,US,False,rolling,2022-12-01,7,2023-07-01,214.69,161.73371815416817,37.04763607080193,114.25526214790536,209.212174160431,0.8,34.736111111111114,
sarima_dcf,carbon,USA|idaho,US,False,rolling,2022-12-01,8,2023-08-01,208.46,170.49146886025434,37.10024490027621,122.94559192621729,218.0373457942914,0.8,34.736111111111114,
sarima_dcf,carbon,USA|idaho,US,False,rolling,2022-12-01,9,2023-09-01,218.5,178.2386676768644,37.13143577654187,130.6528180265184,225.8245173272104,0.8,34.736111111111114,
sarima_dcf,carbon,USA|idaho,US,False,rolling,2022-12-01,10,2023-10-01,182.62,155.24641936939798,37.15175005906574,107.6345359184806,202.85830282031537,0.8,34.736111111111114,
sarima_dcf,carbon,USA|idaho,US,False,rolling,2022-12-01,11,2023-11-01,193.95,176.12798554054064,37.16627104503,128.4974926973275,223.75847838375378,0.8,34.736111111111114,
sarima_dcf,carbon,USA|idaho,US,False,rolling,2022-12-01,12,2023-12-01,207.21,185.9721147495947,37.17756520491402,138.3271478581007,233.61708164108873,0.8,34.736111111111114,
sarima_dcf,carbon,USA|idaho,US,False,rolling,2023-12-01,1,2024-01-01,213.73,190.3753278831345,27.71778671260042,154.85355492817013,225.89710083809888,0.8,34.49128787878788,
sarima_dcf,carbon,USA|idaho,US,False,rolling,2023-12-01,2,2024-02-01,203.92,168.87698409697205,33.13416316521487,126.4138454195807,211.3401227743634,0.8,34.49128787878788,
sarima_dcf,carbon,USA|idaho,US,False,rolling,2023-12-01,3,2024-03-01,180.51,152.53794171031555,35.24150340662611,107.37413784740849,197.7017455732226,0.8,34.49128787878788,
sarima_dcf,carbon,USA|idaho,US,False,rolling,2023-12-01,4,2024-04-01,137.3,121.47809576328834,36.148622425891176,75.15177210110684,167.80441942546983,0.8,34.49128787878788,
sarima_dcf,carbon,USA|idaho,US,False,rolling,2023-12-01,5,2024-05-01,33.05,112.137682898426,36.564998248278876,65.27775214920862,158.99761364764336,0.8,34.49128787878788,
sarima_dcf,carbon,USA|idaho,US,False,rolling,2023-12-01,6,2024-06-01,155.25,131.15938467029866,36.768733167240676,84.03835711672971,178.28041222386761,0.8,34.49128787878788,
sarima_dcf,carbon,USA|idaho,US,False,rolling,2023-12-01,7,2024-07-01,197.6,178.9872426060879,36.876117272039956,131.72859678489883,226.24588842727698,0.8,34.49128787878788,
sarima_dcf,carbon,USA|idaho,US,False,rolling,2023-12-01,8,2024-08-01,204.34,184.39673657685512,36.93784696236605,137.05898097438805,231.7344921793222,0.8,34.49128787878788,
sarima_dcf,carbon,USA|idaho,US,False,rolling,2023-12-01,9,2024-09-01,211.26,192.47651780231087,36.97688281596362,145.08873574055346,239.86429986406827,0.8,34.49128787878788,
sarima_dcf,carbon,USA|idaho,US,False,rolling,2023-12-01,10,2024-10-01,150.25,167.8261864556663,37.00406525432118,120.40356869747643,215.24880421385615,0.8,34.49128787878788,
sarima_dcf,carbon,USA|idaho,US,False,rolling,2023-12-01,11,2024-11-01,173.8,185.7112546589836,37.02475533590214,138.2621214943524,233.16038782361477,0.8,34.49128787878788,
sarima_dcf,carbon,USA|idaho,US,False,rolling,2023-12-01,12,2024-12-01,172.55,195.84605255579973,37.041738002984616,148.37515522758187,243.3169498840176,0.8,34.49128787878788,
sarima_dcf,carbon,USA|idaho,US,False,rolling,2024-12-01,1,2025-01-01,173.24,174.56097691251878,28.11245645375533,138.53341433290424,210.58853949213332,0.8,33.89942028985508,
sarima_dcf,carbon,USA|idaho,US,False,rolling,2024-12-01,2,2025-02-01,170.25,164.98711666355322,33.33898120115769,122.2614931115476,207.71274021555885,0.8,33.89942028985508,
sarima_dcf,carbon,USA|idaho,US,False,rolling,2024-12-01,3,2025-03-01,109.99,153.23141544812756,35.280620419787994,108.01748111576347,198.44534978049165,0.8,33.89942028985508,
sarima_dcf,carbon,USA|idaho,US,False,rolling,2024-12-01,4,2025-04-01,87.98,123.86457808896301,36.079459253888864,77.62689059813911,170.10226557978692,0.8,33.89942028985508,
sarima_dcf,carbon,USA|idaho,US,False,rolling,2024-12-01,5,2025-05-01,128.12,94.94710390531058,36.43132195445581,48.25848621971837,141.6357215909028,0.8,33.89942028985508,
sarima_dcf,carbon,USA|idaho,US,False,rolling,2024-12-01,6,2025-06-01,161.79,138.50230863244025,36.5978032075923,91.60033663625714,185.40428062862335,0.8,33.89942028985508,
sarima_dcf,carbon,USA|idaho,US,False,rolling,2024-12-01,7,2025-07-01,195.15,184.07335857472518,36.68360980285696,137.0614210020466,231.08529614740377,0.8,33.89942028985508,
sarima_dcf,carbon,USA|idaho,US,False,rolling,2024-12-01,8,2025-08-01,191.19,189.72382067442442,36.73249978104504,142.64922807365946,236.79841327518938,0.8,33.89942028985508,
sarima_dcf,carbon,USA|idaho,US,False,rolling,2024-12-01,9,2025-09-01,211.49,197.37443799133712,36.763552810517936,150.26004933203626,244.48882665063798,0.8,33.89942028985508,
sarima_dcf,carbon,USA|idaho,US,False,rolling,2024-12-01,10,2025-10-01,143.77,165.63759258617446,36.785496097714145,118.49508247281412,212.7801026995348,0.8,33.89942028985508,
sarima_dcf,carbon,USA|idaho,US,False,rolling,2024-12-01,11,2025-11-01,158.84,184.1154206191744,36.80254042629921,136.9510673198322,231.27977391851658,0.8,33.89942028985508,
sarima_dcf,carbon,USA|idaho,US,False,rolling,2024-12-01,12,2025-12-01,151.97,191.3567356131632,36.816832799116476,144.17406590106168,238.53940532526474,0.8,33.89942028985508,
sarima_dcf,carbon,USA|illinois,US,True,holdout,last12,1,2025-01-01,235.97,207.9550082654577,19.70891536804423,182.6970169203546,233.21299961056081,0.8,24.27438405797102,
sarima_dcf,carbon,USA|illinois,US,True,holdout,last12,2,2025-02-01,239.1,200.01244560146742,22.292589311905708,171.44334286875184,228.581548334183,0.8,24.27438405797102,
sarima_dcf,carbon,USA|illinois,US,True,holdout,last12,3,2025-03-01,166.99,178.55052617536614,23.35414324655015,148.62098733579694,208.48006501493535,0.8,24.27438405797102,
sarima_dcf,carbon,USA|illinois,US,True,holdout,last12,4,2025-04-01,178.02,165.27697508954225,24.033877258255153,134.47632206311857,196.07762811596592,0.8,24.27438405797102,
sarima_dcf,carbon,USA|illinois,US,True,holdout,last12,5,2025-05-01,182.4,171.26500871332692,24.58941302327793,139.7524079575223,202.77760946913153,0.8,24.27438405797102,
sarima_dcf,carbon,USA|illinois,US,True,holdout,last12,6,2025-06-01,241.91,210.5033490985718,25.09649282593138,178.3408994278206,242.66579876932298,0.8,24.27438405797102,
sarima_dcf,carbon,USA|illinois,US,True,holdout,last12,7,2025-07-01,283.44,242.12435533449974,25.580634579477525,209.34145304154598,274.90725762745353,0.8,24.27438405797102,
sarima_dcf,carbon,USA|illinois,US,True,holdout,last12,8,2025-08-01,248.26,237.15626176845296,26.051115193364154,203.7704143082144,270.5421092286915,0.8,24.27438405797102,
sarima_dcf,carbon,USA|illinois,US,True,holdout,last12,9,2025-09-01,238.12,207.5074400296131,26.51154910983464,173.53152276289194,241.48335729633425,0.8,24.27438405797102,
sarima_dcf,carbon,USA|illinois,US,True,holdout,last12,10,2025-10-01,229.63,187.90051798675273,26.96350311374353,153.345398358768,222.45563761473747,0.8,24.27438405797102,
sarima_dcf,carbon,USA|illinois,US,True,holdout,last12,11,2025-11-01,209.49,176.83600780718197,27.407783662909043,141.71151974587318,211.96049586849077,0.8,24.27438405797102,
sarima_dcf,carbon,USA|illinois,US,True,holdout,last12,12,2025-12-01,219.75,186.58393484097107,27.84490321554152,150.89925553265596,222.26861414928618,0.8,24.27438405797102,
sarima_dcf,carbon,USA|illinois,US,True,rolling,2022-12-01,1,2023-01-01,208.13,245.51057301069937,19.841665020127227,220.08245614114378,270.93868988025497,0.8,24.273214285714293,
sarima_dcf,carbon,USA|illinois,US,True,rolling,2022-12-01,2,2023-02-01,201.18,240.99542575807556,22.450800511107662,212.223567215336,269.7672843008151,0.8,24.273214285714293,
sarima_dcf,carbon,USA|illinois,US,True,rolling,2022-12-01,3,2023-03-01,181.46,216.3658361698911,23.54063321750097,186.1973008160915,246.5343715236907,0.8,24.273214285714293,
sarima_dcf,carbon,USA|illinois,US,True,rolling,2022-12-01,4,2023-04-01,161.48,200.38960244851393,24.250221979525506,169.31169250584892,231.46751239117893,0.8,24.273214285714293,
sarima_dcf,carbon,USA|illinois,US,True,rolling,2022-12-01,5,2023-05-01,184.77,200.64202285873066,24.836057481157937,168.81333451179702,232.4707112056643,0.8,24.273214285714293,
sarima_dcf,carbon,USA|illinois,US,True,rolling,2022-12-01,6,2023-06-01,216.3,239.26893399913408,25.373245640684573,206.75181132536704,271.7860566729011,0.8,24.273214285714293,
sarima_dcf,carbon,USA|illinois,US,True,rolling,2022-12-01,7,2023-07-01,273.1,266.25668863519405,25.886929791825473,233.08125323333695,299.43212403705115,0.8,24.273214285714293,
sarima_dcf,carbon,USA|illinois,US,True,rolling,2022-12-01,8,2023-08-01,259.25,261.01072604857274,26.386204482646303,227.1954443850574,294.8260077120881,0.8,24.273214285714293,
sarima_dcf,carbon,USA|illinois,US,True,rolling,2022-12-01,9,2023-09-01,221.7,232.67876895717535,26.87462461585071,198.23755170730843,267.1199862070423,0.8,24.273214285714293,
sarima_dcf,carbon,USA|illinois,US,True,rolling,2022-12-01,10,2023-10-01,221.94,213.7381635342898,27.35376453619217,178.68290376939436,248.79342329918526,0.8,24.273214285714293,
sarima_dcf,carbon,USA|illinois,US,True,rolling,2022-12-01,11,2023-11-01,197.31,210.37351606849933,27.824473198429068,174.7150188805988,246.03201325639986,0.8,24.273214285714293,
sarima_dcf,carbon,USA|illinois,US,True,rolling,2022-12-01,12,2023-12-01,198.42,217.91783666590712,28.28732137342794,181.6661756747273,254.16949765708694,0.8,24.273214285714293,
sarima_dcf,carbon,USA|illinois,US,True,rolling,2023-12-01,1,2024-01-01,228.81,210.8577447364136,19.740171141955067,185.55969750532273,236.15579196750446,0.8,24.742954545454545,
sarima_dcf,carbon,USA|illinois,US,True,rolling,2023-12-01,2,2024-02-01,183.83,210.22960630050895,22.310558801597765,181.63747474014647,238.82173786087142,0.8,24.742954545454545,
sarima_dcf,carbon,USA|illinois,US,True,rolling,2023-12-01,3,2024-03-01,166.42,187.98550615121798,23.398294027461905,157.9993858092513,217.97162649318466,0.8,24.742954545454545,
sarima_dcf,carbon,USA|illinois,US,True,rolling,2023-12-01,4,2024-04-01,164.48,172.29632583922307,24.119337909345088,141.38615058160264,203.2065010968435,0.8,24.742954545454545,
sarima_dcf,carbon,USA|illinois,US,True,rolling,2023-12-01,5,2024-05-01,181.53,175.8960930962784,24.72181414685701,144.21381347327116,207.57837271928565,0.8,24.742954545454545,
sarima_dcf,carbon,USA|illinois,US,True,rolling,2023-12-01,6,2024-06-01,232.33,213.45595795506094,25.27748845320318,181.06155305482284,245.85036285529904,0.8,24.742954545454545,
sarima_dcf,carbon,USA|illinois,US,True,rolling,2023-12-01,7,2024-07-01,266.49,244.3227248107281,25.81004090293523,211.24582648480128,277.3996231366549,0.8,24.742954545454545,
sarima_dcf,carbon,USA|illinois,US,True,rolling,2023-12-01,8,2024-08-01,271.99,237.88080988773598,26.327933457976425,204.14020554711223,271.62141422835975,0.8,24.742954545454545,
sarima_dcf,carbon,USA|illinois,US,True,rolling,2023-12-01,9,2024-09-01,244.03,208.32911596076727,26.834471588417184,173.93935688606913,242.7188750354654,0.8,24.742954545454545,
sarima_dcf,carbon,USA|illinois,US,True,rolling,2023-12-01,10,2024-10-01,205.81,191.9104463217731,27.331150222908736,156.88416796546974,226.93672467807644,0.8,24.742954545454545,
sarima_dcf,carbon,USA|illinois,US,True,rolling,2023-12-01,11,2024-11-01,167.01,185.76857664647704,27.81880805384151,150.11733963349172,221.41981365946236,0.8,24.742954545454545,
sarima_dcf,carbon,USA|illinois,US,True,rolling,2023-12-01,12,2024-12-01,194.28,192.47203210417786,28.29803145999598,156.20664558478967,228.73741862356604,0.8,24.742954545454545,
sarima_dcf,carbon,USA|illinois,US,True,rolling,2024-12-01,1,2025-01-01,235.97,207.9550082654577,19.70891536804423,182.6970169203546,233.21299961056081,0.8,24.27438405797102,
sarima_dcf,carbon,USA|illinois,US,True,rolling,2024-12-01,2,2025-02-01,239.1,200.01244560146742,22.292589311905708,171.44334286875184,228.581548334183,0.8,24.27438405797102,
sarima_dcf,carbon,USA|illinois,US,True,rolling,2024-12-01,3,2025-03-01,166.99,178.55052617536614,23.35414324655015,148.62098733579694,208.48006501493535,0.8,24.27438405797102,
sarima_dcf,carbon,USA|illinois,US,True,rolling,2024-12-01,4,2025-04-01,178.02,165.27697508954225,24.033877258255153,134.47632206311857,196.07762811596592,0.8,24.27438405797102,
sarima_dcf,carbon,USA|illinois,US,True,rolling,2024-12-01,5,2025-05-01,182.4,171.26500871332692,24.58941302327793,139.7524079575223,202.77760946913153,0.8,24.27438405797102,
sarima_dcf,carbon,USA|illinois,US,True,rolling,2024-12-01,6,2025-06-01,241.91,210.5033490985718,25.09649282593138,178.3408994278206,242.66579876932298,0.8,24.27438405797102,
sarima_dcf,carbon,USA|illinois,US,True,rolling,2024-12-01,7,2025-07-01,283.44,242.12435533449974,25.580634579477525,209.34145304154598,274.90725762745353,0.8,24.27438405797102,
sarima_dcf,carbon,USA|illinois,US,True,rolling,2024-12-01,8,2025-08-01,248.26,237.15626176845296,26.051115193364154,203.7704143082144,270.5421092286915,0.8,24.27438405797102,
sarima_dcf,carbon,USA|illinois,US,True,rolling,2024-12-01,9,2025-09-01,238.12,207.5074400296131,26.51154910983464,173.53152276289194,241.48335729633425,0.8,24.27438405797102,
sarima_dcf,carbon,USA|illinois,US,True,rolling,2024-12-01,10,2025-10-01,229.63,187.90051798675273,26.96350311374353,153.345398358768,222.45563761473747,0.8,24.27438405797102,
sarima_dcf,carbon,USA|illinois,US,True,rolling,2024-12-01,11,2025-11-01,209.49,176.83600780718197,27.407783662909043,141.71151974587318,211.96049586849077,0.8,24.27438405797102,
sarima_dcf,carbon,USA|illinois,US,True,rolling,2024-12-01,12,2025-12-01,219.75,186.58393484097107,27.84490321554152,150.89925553265596,222.26861414928618,0.8,24.27438405797102,
sarima_dcf,carbon,USA|indiana,US,True,holdout,last12,1,2025-01-01,611.48,582.0721680625217,13.595953436124113,564.6482526513853,599.496083473658,0.8,16.833623188405795,
sarima_dcf,carbon,USA|indiana,US,True,holdout,last12,2,2025-02-01,589.95,552.6408381464756,16.256910401699077,531.8067691702598,573.4749071226914,0.8,16.833623188405795,
sarima_dcf,carbon,USA|indiana,US,True,holdout,last12,3,2025-03-01,532.87,527.2456974904651,17.442707670151414,504.8919681684457,549.5994268124845,0.8,16.833623188405795,
sarima_dcf,carbon,USA|indiana,US,True,holdout,last12,4,2025-04-01,529.94,525.141740687474,18.11456031467651,501.92699755704825,548.3564838178997,0.8,16.833623188405795,
sarima_dcf,carbon,USA|indiana,US,True,holdout,last12,5,2025-05-01,524.18,542.9321661500845,18.571503024257165,519.1318273748315,566.7325049253376,0.8,16.833623188405795,
sarima_dcf,carbon,USA|indiana,US,True,holdout,last12,6,2025-06-01,559.14,566.0558167828179,18.927817540407943,541.7988425815656,590.3127909840703,0.8,16.833623188405795,
sarima_dcf,carbon,USA|indiana,US,True,holdout,last12,7,2025-07-01,597.3,585.1610083637863,19.23296994325649,560.5129656229337,609.8090511046389,0.8,16.833623188405795,
sarima_dcf,carbon,USA|indiana,US,True,holdout,last12,8,2025-08-01,582.01,587.4848707388805,19.510325939103282,562.4813819873373,612.4883594904238,0.8,16.833623188405795,
sarima_dcf,carbon,USA|indiana,US,True,holdout,last12,9,2025-09-01,581.48,566.2688305357763,19.77160848088803,540.9304947337594,591.6071663377932,0.8,16.833623188405795,
sarima_dcf,carbon,USA|indiana,US,True,holdout,last12,10,2025-10-01,560.87,530.6917644322856,20.02294281659348,505.0313307188702,556.352198145701,0.8,16.833623188405795,
sarima_dcf,carbon,USA|indiana,US,True,holdout,last12,11,2025-11-01,544.24,537.3200390890944,20.267621765367668,511.3460366858216,563.2940414923671,0.8,16.833623188405795,
sarima_dcf,carbon,USA|indiana,US,True,holdout,last12,12,2025-12-01,571.62,553.6854432214583,20.50745714254243,527.4040794150942,579.9668070278224,0.8,16.833623188405795,
sarima_dcf,carbon,USA|indiana,US,True,rolling,2022-12-01,1,2023-01-01,587.49,614.7721467105828,12.88357887823809,598.2611760293594,631.2831173918062,0.8,15.713293650793654,
sarima_dcf,carbon,USA|indiana,US,True,rolling,2022-12-01,2,2023-02-01,565.94,608.1698251723732,15.533577592190417,588.262744490593,628.0769058541533,0.8,15.713293650793654,
sarima_dcf,carbon,USA|indiana,US,True,rolling,2022-12-01,3,2023-03-01,544.33,586.3301753247736,16.772500278774633,564.8353513344127,607.8249993151344,0.8,15.713293650793654,
sarima_dcf,carbon,USA|indiana,US,True,rolling,2022-12-01,4,2023-04-01,541.98,586.4204100019258,17.505309173265395,563.9864536255852,608.8543663782664,0.8,15.713293650793654,
sarima_dcf,carbon,USA|indiana,US,True,rolling,2022-12-01,5,2023-05-01,558.04,599.8426864326398,18.02020523475907,576.7488642025993,622.9365086626802,0.8,15.713293650793654,
sarima_dcf,carbon,USA|indiana,US,True,rolling,2022-12-01,6,2023-06-01,585.63,616.2743393563712,18.430237503817004,592.6550396299957,639.8936390827467,0.8,15.713293650793654,
sarima_dcf,carbon,USA|indiana,US,True,rolling,2022-12-01,7,2023-07-01,605.62,631.6496087966349,18.78552478141334,607.5749901034377,655.7242274898321,0.8,15.713293650793654,
sarima_dcf,carbon,USA|indiana,US,True,rolling,2022-12-01,8,2023-08-01,622.39,634.7049816855111,19.110222616344622,610.2142459736289,659.1957173973934,0.8,15.713293650793654,
sarima_dcf,carbon,USA|indiana,US,True,rolling,2022-12-01,9,2023-09-01,605.19,613.0751846926286,19.416658485027355,588.1917356134969,637.9586337717602,0.8,15.713293650793654,
sarima_dcf,carbon,USA|indiana,US,True,rolling,2022-12-01,10,2023-10-01,580.84,579.3680435703707,19.711376203580983,554.1068985376329,604.6291886031084,0.8,15.713293650793654,
sarima_dcf,carbon,USA|indiana,US,True,rolling,2022-12-01,11,2023-11-01,560.99,578.772374548386,19.997953101059814,553.1439664440353,604.4007826527367,0.8,15.713293650793654,
sarima_dcf,carbon,USA|indiana,US,True,rolling,2022-12-01,12,2023-12-01,586.38,588.518268785725,20.27839715809767,562.5304571610297,614.5060804104203,0.8,15.713293650793654,
sarima_dcf,carbon,USA|indiana,US,True,rolling,2023-12-01,1,2024-01-01,617.03,581.5710476296558,12.935888349649908,564.9930396634518,598.1490555958599,0.8,16.610984848484854,
sarima_dcf,carbon,USA|indiana,US,True,rolling,2023-12-01,2,2024-02-01,546.02,572.4094919774018,15.63775379526162,552.3689041194832,592.4500798353204,0.8,16.610984848484854,
sarima_dcf,carbon,USA|indiana,US,True,rolling,2023-12-01,3,2024-03-01,512.11,552.4803848223904,16.912594847037607,530.8060224187478,574.154747226033,0.8,16.610984848484854,
sarima_dcf,carbon,USA|indiana,US,True,rolling,2023-12-01,4,2024-04-01,509.03,552.2036729408705,17.66969791849609,529.5590439107217,574.8483019710194,0.8,16.610984848484854,
sarima_dcf,carbon,USA|indiana,US,True,rolling,2023-12-01,5,2024-05-01,541.29,565.4534884078395,18.201633631399474,542.1271563320503,588.7798204836287,0.8,16.610984848484854,
sarima_dcf,carbon,USA|indiana,US,True,rolling,2023-12-01,6,2024-06-01,579.34,583.844977190014,18.62427951225046,559.9770026239491,607.7129517560788,0.8,16.610984848484854,
sarima_dcf,carbon,USA|indiana,US,True,rolling,2023-12-01,7,2024-07-01,609.27,599.6559525130332,18.989446657558275,575.3199974202137,623.9919076058527,0.8,16.610984848484854,
sarima_dcf,carbon,USA|indiana,US,True,rolling,2023-12-01,8,2024-08-01,601.29,605.8240515016018,19.32230310883102,581.0615237025521,630.5865793006516,0.8,16.610984848484854,
sarima_dcf,carbon,USA|indiana,US,True,rolling,2023-12-01,9,2024-09-01,573.67,586.7108635354597,19.635793728008707,561.5465813426192,611.8751457283001,0.8,16.610984848484854,
sarima_dcf,carbon,USA|indiana,US,True,rolling,2023-12-01,10,2024-10-01,519.55,557.4117912163023,19.93684520161271,531.8616960361552,582.9618863964494,0.8,16.610984848484854,
sarima_dcf,carbon,USA|indiana,US,True,rolling,2023-12-01,11,2024-11-01,558.18,551.8350101789855,20.229274605060173,525.910151639039,577.759868718932,0.8,16.610984848484854,
sarima_dcf,carbon,USA|indiana,US,True,rolling,2023-12-01,12,2024-12-01,583.64,564.6026793758036,20.515240659926587,538.3113405905505,590.8940181610568,0.8,16.610984848484854,
sarima_dcf,carbon,USA|indiana,US,True,rolling,2024-12-01,1,2025-01-01,611.48,582.0721680625217,13.595953436124113,564.6482526513853,599.496083473658,0.8,16.833623188405795,
sarima_dcf,carbon,USA|indiana,US,True,rolling,2024-12-01,2,2025-02-01,589.95,552.6408381464756,16.256910401699077,531.8067691702598,573.4749071226914,0.8,16.833623188405795,
sarima_dcf,carbon,USA|indiana,US,True,rolling,2024-12-01,3,2025-03-01,532.87,527.2456974904651,17.442707670151414,504.8919681684457,549.5994268124845,0.8,16.833623188405795,
sarima_dcf,carbon,USA|indiana,US,True,rolling,2024-12-01,4,2025-04-01,529.94,525.141740687474,18.11456031467651,501.92699755704825,548.3564838178997,0.8,16.833623188405795,
sarima_dcf,carbon,USA|indiana,US,True,rolling,2024-12-01,5,2025-05-01,524.18,542.9321661500845,18.571503024257165,519.1318273748315,566.7325049253376,0.8,16.833623188405795,
sarima_dcf,carbon,USA|indiana,US,True,rolling,2024-12-01,6,2025-06-01,559.14,566.0558167828179,18.927817540407943,541.7988425815656,590.3127909840703,0.8,16.833623188405795,
sarima_dcf,carbon,USA|indiana,US,True,rolling,2024-12-01,7,2025-07-01,597.3,585.1610083637863,19.23296994325649,560.5129656229337,609.8090511046389,0.8,16.833623188405795,
sarima_dcf,carbon,USA|indiana,US,True,rolling,2024-12-01,8,2025-08-01,582.01,587.4848707388805,19.510325939103282,562.4813819873373,612.4883594904238,0.8,16.833623188405795,
sarima_dcf,carbon,USA|indiana,US,True,rolling,2024-12-01,9,2025-09-01,581.48,566.2688305357763,19.77160848088803,540.9304947337594,591.6071663377932,0.8,16.833623188405795,
sarima_dcf,carbon,USA|indiana,US,True,rolling,2024-12-01,10,2025-10-01,560.87,530.6917644322856,20.02294281659348,505.0313307188702,556.352198145701,0.8,16.833623188405795,
sarima_dcf,carbon,USA|indiana,US,True,rolling,2024-12-01,11,2025-11-01,544.24,537.3200390890944,20.267621765367668,511.3460366858216,563.2940414923671,0.8,16.833623188405795,
sarima_dcf,carbon,USA|indiana,US,True,rolling,2024-12-01,12,2025-12-01,571.62,553.6854432214583,20.50745714254243,527.4040794150942,579.9668070278224,0.8,16.833623188405795,
sarima_dcf,carbon,USA|iowa,US,True,holdout,last12,1,2025-01-01,240.07,277.3509496331249,42.36804644085296,223.05411338778347,331.6477858784664,0.8,46.30340579710144,
sarima_dcf,carbon,USA|iowa,US,True,holdout,last12,2,2025-02-01,245.48,203.7773606331872,48.10004014297506,142.13467888519938,265.420042381175,0.8,46.30340579710144,
sarima_dcf,carbon,USA|iowa,US,True,holdout,last12,3,2025-03-01,123.34,156.50132788322384,49.87696324040906,92.58142755786713,220.42122820858054,0.8,46.30340579710144,
sarima_dcf,carbon,USA|iowa,US,True,holdout,last12,4,2025-04-01,146.42,100.80718357557645,50.59837804601584,35.96275297668731,165.65161417446558,0.8,46.30340579710144,
sarima_dcf,carbon,USA|iowa,US,True,holdout,last12,5,2025-05-01,231.69,197.22432276542094,50.97999481505715,131.89083059872883,262.55781493211305,0.8,46.30340579710144,
sarima_dcf,carbon,USA|iowa,US,True,holdout,last12,6,2025-06-01,331.08,286.43755809462925,51.2352554115772,220.77693631084503,352.0981798784135,0.8,46.30340579710144,
sarima_dcf,carbon,USA|iowa,US,True,holdout,last12,7,2025-07-01,449.82,383.974962002401,51.43791386586538,318.0546229592529,449.8953010455491,0.8,46.30340579710144,
sarima_dcf,carbon,USA|iowa,US,True,holdout,last12,8,2025-08-01,418.9,359.46175019996554,51.61687101509952,293.312068342051,425.61143205788005,0.8,46.30340579710144,
sarima_dcf,carbon,USA|iowa,US,True,holdout,last12,9,2025-09-01,381.73,275.03584943641863,51.78455078651211,208.67127730494016,341.40042156789707,0.8,46.30340579710144,
sarima_dcf,carbon,USA|iowa,US,True,holdout,last12,10,2025-10-01,253.47,182.00261859903355,51.94661515012216,115.43035262865163,248.57488456941547,0.8,46.30340579710144,
sarima_dcf,carbon,USA|iowa,US,True,holdout,last12,11,2025-11-01,253.24,173.28440884483365,52.105731445248665,106.50822713732872,240.06059055233857,0.8,46.30340579710144,
sarima_dcf,carbon,USA|iowa,US,True,holdout,last12,12,2025-12-01,264.08,221.7943995701917,52.26317919854733,154.8164404479554,288.77235869242804,0.8,46.30340579710144,
sarima_dcf,carbon,USA|iowa,US,True,rolling,2022-12-01,1,2023-01-01,260.05,272.3309503865028,41.502529907376164,219.1433182096433,325.5185825633623,0.8,46.26805555555556,
sarima_dcf,carbon,USA|iowa,US,True,rolling,2022-12-01,2,2023-02-01,180.96,255.20174324224934,47.64798294112887,194.13839610900322,316.26509037549545,0.8,46.26805555555556,
sarima_dcf,carbon,USA|iowa,US,True,rolling,2022-12-01,3,2023-03-01,230.16,176.66488163328438,49.68895414170098,112.98592466271364,240.34383860385512,0.8,46.26805555555556,
sarima_dcf,carbon,USA|iowa,US,True,rolling,2022-12-01,4,2023-04-01,107.57,142.3032717900426,50.552327093354926,77.51785786163087,207.08868571845431,0.8,46.26805555555556,
sarima_dcf,carbon,USA|iowa,US,True,rolling,2022-12-01,5,2023-05-01,260.85,198.68618043601606,51.012600125110495,133.31090288318,264.0614579888521,0.8,46.26805555555556,
sarima_dcf,carbon,USA|iowa,US,True,rolling,2022-12-01,6,2023-06-01,407.13,298.50116233101113,51.31561316366983,232.73755794422897,364.2647667177933,0.8,46.26805555555556,
sarima_dcf,carbon,USA|iowa,US,True,rolling,2022-12-01,7,2023-07-01,476.73,389.2510006297983,51.550496929452656,323.18638058525613,455.31562067434044,0.8,46.26805555555556,
sarima_dcf,carbon,USA|iowa,US,True,rolling,2022-12-01,8,2023-08-01,421.07,378.8955733141914,51.75350363361783,312.57078971011026,445.2203569182725,0.8,46.26805555555556,
sarima_dcf,carbon,USA|iowa,US,True,rolling,2022-12-01,9,2023-09-01,331.83,282.89218809468866,51.940763485392885,216.3274213344016,349.4569548549757,0.8,46.26805555555556,
sarima_dcf,carbon,USA|iowa,US,True,rolling,2022-12-01,10,2023-10-01,188.83,212.32143082546006,52.11990512474874,145.52708481680227,279.1157768341178,0.8,46.26805555555556,
sarima_dcf,carbon,USA|iowa,US,True,rolling,2022-12-01,11,2023-11-01,178.08,172.2050013026952,52.29467350502592,105.1866806026855,239.2233220027049,0.8,46.26805555555556,
sarima_dcf,carbon,USA|iowa,US,True,rolling,2022-12-01,12,2023-12-01,229.99,228.42839111762007,52.46694708436671,161.1892929423042,295.6674892929359,0.8,46.26805555555556,
sarima_dcf,carbon,USA|iowa,US,True,rolling,2023-12-01,1,2024-01-01,317.6,240.33846483142705,42.07206321868149,186.4209463478344,294.2559833150197,0.8,45.929204545454546,
sarima_dcf,carbon,USA|iowa,US,True,rolling,2023-12-01,2,2024-02-01,168.87,214.7987432189972,48.01351757223023,153.26694460700236,276.33054183099205,0.8,45.929204545454546,
sarima_dcf,carbon,USA|iowa,US,True,rolling,2023-12-01,3,2024-03-01,116.09,177.36829910470647,49.91555415422834,113.39894253332886,241.33765567608407,0.8,45.929204545454546,
sarima_dcf,carbon,USA|iowa,US,True,rolling,2023-12-01,4,2024-04-01,66.87,121.99349237001339,50.70185792548652,57.01644696958623,186.97053777044056,0.8,45.929204545454546,
sarima_dcf,carbon,USA|iowa,US,True,rolling,2023-12-01,5,2024-05-01,214.61,204.23722814954544,51.11851271343621,138.7262181533297,269.7482381457612,0.8,45.929204545454546,
sarima_dcf,carbon,USA|iowa,US,True,rolling,2023-12-01,6,2024-06-01,263.66,314.49814340034425,51.39463072386207,248.63327393559217,380.3630128650963,0.8,45.929204545454546,
sarima_dcf,carbon,USA|iowa,US,True,rolling,2023-12-01,7,2024-07-01,410.27,397.26359033382266,51.611151305951466,331.12123857812134,463.405942089524,0.8,45.929204545454546,
sarima_dcf,carbon,USA|iowa,US,True,rolling,2023-12-01,8,2024-08-01,378.75,374.9725469951878,51.80033828268394,308.5877423732743,441.35735161710136,0.8,45.929204545454546,
sarima_dcf,carbon,USA|iowa,US,True,rolling,2023-12-01,9,2024-09-01,302.46,283.6029987246182,51.97628754909065,216.99270604488476,350.21329140435165,0.8,45.929204545454546,
sarima_dcf,carbon,USA|iowa,US,True,rolling,2023-12-01,10,2024-10-01,188.14,195.31639131150237,52.14553833577762,128.48919502112057,262.1435876018842,0.8,45.929204545454546,
sarima_dcf,carbon,USA|iowa,US,True,rolling,2023-12-01,11,2024-11-01,234.14,164.28197711431827,52.311233244382976,97.24243425441053,231.32151997422602,0.8,45.929204545454546,
sarima_dcf,carbon,USA|iowa,US,True,rolling,2023-12-01,12,2024-12-01,275.4,217.80906428018366,52.474912692179565,150.55975776770472,285.0583707926626,0.8,45.929204545454546,
sarima_dcf,carbon,USA|iowa,US,True,rolling,2024-12-01,1,2025-01-01,240.07,277.3509496331249,42.36804644085296,223.05411338778347,331.6477858784664,0.8,46.30340579710144,
sarima_dcf,carbon,USA|iowa,US,True,rolling,2024-12-01,2,2025-02-01,245.48,203.7773606331872,48.10004014297506,142.13467888519938,265.420042381175,0.8,46.30340579710144,
sarima_dcf,carbon,USA|iowa,US,True,rolling,2024-12-01,3,2025-03-01,123.34,156.50132788322384,49.87696324040906,92.58142755786713,220.42122820858054,0.8,46.30340579710144,
sarima_dcf,carbon,USA|iowa,US,True,rolling,2024-12-01,4,2025-04-01,146.42,100.80718357557645,50.59837804601584,35.96275297668731,165.65161417446558,0.8,46.30340579710144,
sarima_dcf,carbon,USA|iowa,US,True,rolling,2024-12-01,5,2025-05-01,231.69,197.22432276542094,50.97999481505715,131.89083059872883,262.55781493211305,0.8,46.30340579710144,
sarima_dcf,carbon,USA|iowa,US,True,rolling,2024-12-01,6,2025-06-01,331.08,286.43755809462925,51.2352554115772,220.77693631084503,352.0981798784135,0.8,46.30340579710144,
sarima_dcf,carbon,USA|iowa,US,True,rolling,2024-12-01,7,2025-07-01,449.82,383.974962002401,51.43791386586538,318.0546229592529,449.8953010455491,0.8,46.30340579710144,
sarima_dcf,carbon,USA|iowa,US,True,rolling,2024-12-01,8,2025-08-01,418.9,359.46175019996554,51.61687101509952,293.312068342051,425.61143205788005,0.8,46.30340579710144,
sarima_dcf,carbon,USA|iowa,US,True,rolling,2024-12-01,9,2025-09-01,381.73,275.03584943641863,51.78455078651211,208.67127730494016,341.40042156789707,0.8,46.30340579710144,
sarima_dcf,carbon,USA|iowa,US,True,rolling,2024-12-01,10,2025-10-01,253.47,182.00261859903355,51.94661515012216,115.43035262865163,248.57488456941547,0.8,46.30340579710144,
sarima_dcf,carbon,USA|iowa,US,True,rolling,2024-12-01,11,2025-11-01,253.24,173.28440884483365,52.105731445248665,106.50822713732872,240.06059055233857,0.8,46.30340579710144,
sarima_dcf,carbon,USA|iowa,US,True,rolling,2024-12-01,12,2025-12-01,264.08,221.7943995701917,52.26317919854733,154.8164404479554,288.77235869242804,0.8,46.30340579710144,
sarima_dcf,carbon,USA|kansas,US,True,holdout,last12,1,2025-01-01,345.0,267.31233244431047,48.63898995796495,204.9789587171724,329.6457061714485,0.8,51.21057971014493,
sarima_dcf,carbon,USA|kansas,US,True,holdout,last12,2,2025-02-01,287.12,223.30301732569566,56.06254613579239,151.45597355695455,295.15006109443675,0.8,51.21057971014493,
sarima_dcf,carbon,USA|kansas,US,True,holdout,last12,3,2025-03-01,163.23,192.77628027443146,58.65422633381877,117.60786469051868,267.94469585834423,0.8,51.21057971014493,
sarima_dcf,carbon,USA|kansas,US,True,holdout,last12,4,2025-04-01,174.05,168.4960878872809,59.82797091034755,91.82345810376819,245.16871767079363,0.8,51.21057971014493,
sarima_dcf,carbon,USA|kansas,US,True,holdout,last12,5,2025-05-01,266.78,220.12106222250577,60.50116829862247,142.58569527212882,297.6564291728827,0.8,51.21057971014493,
sarima_dcf,carbon,USA|kansas,US,True,holdout,last12,6,2025-06-01,317.97,259.9153480340682,60.97285658645659,181.77548821996834,338.05520784816804,0.8,51.21057971014493,
sarima_dcf,carbon,USA|kansas,US,True,holdout,last12,7,2025-07-01,356.77,307.49022575969406,61.35492118503621,228.86073046114535,386.11972105824276,0.8,51.21057971014493,
sarima_dcf,carbon,USA|kansas,US,True,holdout,last12,8,2025-08-01,375.81,300.2221550971858,61.69415575460792,221.15791320491562,379.28639698945597,0.8,51.21057971014493,
sarima_dcf,carbon,USA|kansas,US,True,holdout,last12,9,2025-09-01,367.1,256.13415344402716,62.011785797351074,176.6628522732155,335.60545461483883,0.8,51.21057971014493,
sarima_dcf,carbon,USA|kansas,US,True,holdout,last12,10,2025-10-01,282.98,209.09774487208833,62.317957341077694,129.2340690800886,288.96142066408805,0.8,51.21057971014493,
sarima_dcf,carbon,USA|kansas,US,True,holdout,last12,11,2025-11-01,231.6,197.44282956254096,62.61767447958573,117.1950508024657,277.69060832261624,0.8,51.21057971014493,
sarima_dcf,carbon,USA|kansas,US,True,holdout,last12,12,2025-12-01,258.65,227.241533998918,62.913451462238484,146.61470178367205,307.8683662141639,0.8,51.21057971014493,
sarima_dcf,carbon,USA|kansas,US,True,rolling,2022-12-01,1,2023-01-01,300.88,289.1456041866153,47.72964914782328,227.97759759832786,350.3136107749027,0.8,51.71261904761905,
sarima_dcf,carbon,USA|kansas,US,True,rolling,2022-12-01,2,2023-02-01,228.65,293.7051457859238,55.89644251037255,222.07097237838207,365.3393191934655,0.8,51.71261904761905,
sarima_dcf,carbon,USA|kansas,US,True,rolling,2022-12-01,3,2023-03-01,234.06,251.3197542332706,59.01728789676795,175.68605653497124,326.95345193156993,0.8,51.71261904761905,
sarima_dcf,carbon,USA|kansas,US,True,rolling,2022-12-01,4,2023-04-01,125.19,236.93268533227402,60.52077576028276,159.37219040870994,314.49318025583807,0.8,51.71261904761905,
sarima_dcf,carbon,USA|kansas,US,True,rolling,2022-12-01,5,2023-05-01,227.24,269.1754966582502,61.406637138896,190.47972469806882,347.8712686184316,0.8,51.71261904761905,
sarima_dcf,carbon,USA|kansas,US,True,rolling,2022-12-01,6,2023-06-01,353.65,305.07887480953275,62.02709114565499,225.58795904564096,384.56979057342454,0.8,51.71261904761905,
sarima_dcf,carbon,USA|kansas,US,True,rolling,2022-12-01,7,2023-07-01,384.89,345.08001727754277,62.522739165410904,264.95390301797374,425.2061315371118,0.8,51.71261904761905,
sarima_dcf,carbon,USA|kansas,US,True,rolling,2022-12-01,8,2023-08-01,401.58,330.3726702800368,62.95560228686584,249.69181960950067,411.05352095057293,0.8,51.71261904761905,
sarima_dcf,carbon,USA|kansas,US,True,rolling,2022-12-01,9,2023-09-01,296.33,293.6433198970698,63.35520101231771,212.45036285434117,374.8362769397984,0.8,51.71261904761905,
sarima_dcf,carbon,USA|kansas,US,True,rolling,2022-12-01,10,2023-10-01,230.62,278.6247710576705,63.73634598706847,196.9433570758506,360.3061850394904,0.8,51.71261904761905,
sarima_dcf,carbon,USA|kansas,US,True,rolling,2022-12-01,11,2023-11-01,238.18,250.6831191648922,64.10672371243538,168.52704702928548,332.8391913004989,0.8,51.71261904761905,
sarima_dcf,carbon,USA|kansas,US,True,rolling,2022-12-01,12,2023-12-01,220.11,276.0239624834861,64.47040916984375,193.4018086805719,358.64611628640034,0.8,51.71261904761905,
sarima_dcf,carbon,USA|kansas,US,True,rolling,2023-12-01,1,2024-01-01,319.92,240.63477639712977,47.798463711182606,179.37858039743693,301.8909723968226,0.8,51.115530303030305,
sarima_dcf,carbon,USA|kansas,US,True,rolling,2023-12-01,2,2024-02-01,143.8,245.19947121829534,55.69228337415025,173.82693827139957,316.5720041651911,0.8,51.115530303030305,
sarima_dcf,carbon,USA|kansas,US,True,rolling,2023-12-01,3,2024-03-01,133.17,218.9990298207438,58.614601581006106,143.88139540083242,294.11666424065515,0.8,51.115530303030305,
sarima_dcf,carbon,USA|kansas,US,True,rolling,2023-12-01,4,2024-04-01,136.85,192.7470518768474,59.985337215175825,115.87274905901803,269.62135469467677,0.8,51.115530303030305,
sarima_dcf,carbon,USA|kansas,US,True,rolling,2023-12-01,5,2024-05-01,238.75,238.06537120927115,60.7784191719597,160.17469296812024,315.95604945042203,0.8,51.115530303030305,
sarima_dcf,carbon,USA|kansas,US,True,rolling,2023-12-01,6,2024-06-01,242.35,289.5097947122862,61.32869310035199,210.91391205672574,368.1056773678466,0.8,51.115530303030305,
sarima_dcf,carbon,USA|kansas,US,True,rolling,2023-12-01,7,2024-07-01,344.75,327.6726492207739,61.76693017931367,248.51514315059046,406.83015529095735,0.8,51.115530303030305,
sarima_dcf,carbon,USA|kansas,US,True,rolling,2023-12-01,8,2024-08-01,343.78,318.9646059075295,62.14976308490622,239.31647972784194,398.61273208721707,0.8,51.115530303030305,
sarima_dcf,carbon,USA|kansas,US,True,rolling,2023-12-01,9,2024-09-01,305.39,271.6718927705145,62.50372573049117,191.5701452082332,351.77364033279576,0.8,51.115530303030305,
sarima_dcf,carbon,USA|kansas,US,True,rolling,2023-12-01,10,2024-10-01,145.52,248.48224759747467,62.841938586074235,167.94706282063362,329.0174323743157,0.8,51.115530303030305,
sarima_dcf,carbon,USA|kansas,US,True,rolling,2023-12-01,11,2024-11-01,172.91,227.32030565147437,63.171114445675904,146.3632650364213,308.27734626652745,0.8,51.115530303030305,
sarima_dcf,carbon,USA|kansas,US,True,rolling,2023-12-01,12,2024-12-01,263.11,244.69820112831877,63.494760534329835,163.32639136166887,326.0700108949687,0.8,51.115530303030305,
sarima_dcf,carbon,USA|kansas,US,True,rolling,2024-12-01,1,2025-01-01,345.0,267.31233244431047,48.63898995796495,204.9789587171724,329.6457061714485,0.8,51.21057971014493,
sarima_dcf,carbon,USA|kansas,US,True,rolling,2024-12-01,2,2025-02-01,287.12,223.30301732569566,56.06254613579239,151.45597355695455,295.15006109443675,0.8,51.21057971014493,
sarima_dcf,carbon,USA|kansas,US,True,rolling,2024-12-01,3,2025-03-01,163.23,192.77628027443146,58.65422633381877,117.60786469051868,267.94469585834423,0.8,51.21057971014493,
sarima_dcf,carbon,USA|kansas,US,True,rolling,2024-12-01,4,2025-04-01,174.05,168.4960878872809,59.82797091034755,91.82345810376819,245.16871767079363,0.8,51.21057971014493,
sarima_dcf,carbon,USA|kansas,US,True,rolling,2024-12-01,5,2025-05-01,266.78,220.12106222250577,60.50116829862247,142.58569527212882,297.6564291728827,0.8,51.21057971014493,
sarima_dcf,carbon,USA|kansas,US,True,rolling,2024-12-01,6,2025-06-01,317.97,259.9153480340682,60.97285658645659,181.77548821996834,338.05520784816804,0.8,51.21057971014493,
sarima_dcf,carbon,USA|kansas,US,True,rolling,2024-12-01,7,2025-07-01,356.77,307.49022575969406,61.35492118503621,228.86073046114535,386.11972105824276,0.8,51.21057971014493,
sarima_dcf,carbon,USA|kansas,US,True,rolling,2024-12-01,8,2025-08-01,375.81,300.2221550971858,61.69415575460792,221.15791320491562,379.28639698945597,0.8,51.21057971014493,
sarima_dcf,carbon,USA|kansas,US,True,rolling,2024-12-01,9,2025-09-01,367.1,256.13415344402716,62.011785797351074,176.6628522732155,335.60545461483883,0.8,51.21057971014493,
sarima_dcf,carbon,USA|kansas,US,True,rolling,2024-12-01,10,2025-10-01,282.98,209.09774487208833,62.317957341077694,129.2340690800886,288.96142066408805,0.8,51.21057971014493,
sarima_dcf,carbon,USA|kansas,US,True,rolling,2024-12-01,11,2025-11-01,231.6,197.44282956254096,62.61767447958573,117.1950508024657,277.69060832261624,0.8,51.21057971014493,
sarima_dcf,carbon,USA|kansas,US,True,rolling,2024-12-01,12,2025-12-01,258.65,227.241533998918,62.913451462238484,146.61470178367205,307.8683662141639,0.8,51.21057971014493,
sarima_dcf,carbon,USA|kentucky,US,True,holdout,last12,1,2025-01-01,686.88,680.5042416250657,11.89175284109575,665.26434715449,695.7441360956414,0.8,13.730471014492753,
sarima_dcf,carbon,USA|kentucky,US,True,holdout,last12,2,2025-02-01,694.37,678.5879164638874,13.663781629055638,661.0770757259115,696.0987572018632,0.8,13.730471014492753,
sarima_dcf,carbon,USA|kentucky,US,True,holdout,last12,3,2025-03-01,685.18,678.6279593673432,14.380047252713481,660.1991872980229,697.0567314366635,0.8,13.730471014492753,
sarima_dcf,carbon,USA|kentucky,US,True,holdout,last12,4,2025-04-01,682.3,679.3870202073651,14.800630582242412,660.4192489136451,698.3547915010852,0.8,13.730471014492753,
sarima_dcf,carbon,USA|kentucky,US,True,holdout,last12,5,2025-05-01,649.11,671.1107404366198,15.117141164973964,651.7373445100887,690.4841363631509,0.8,13.730471014492753,
sarima_dcf,carbon,USA|kentucky,US,True,holdout,last12,6,2025-06-01,661.8,676.7552034030389,15.391232575607743,657.0305452001077,696.4798616059701,0.8,13.730471014492753,
sarima_dcf,carbon,USA|kentucky,US,True,holdout,last12,7,2025-07-01,659.39,676.5262667981418,15.645816276329628,656.4753464549884,696.5771871412952,0.8,13.730471014492753,
sarima_dcf,carbon,USA|kentucky,US,True,holdout,last12,8,2025-08-01,665.39,675.7658232950178,15.890143214484663,655.401785381767,696.1298612082685,0.8,13.730471014492753,
sarima_dcf,carbon,USA|kentucky,US,True,holdout,last12,9,2025-09-01,662.55,673.4474263646604,16.128142509673395,652.778380082062,694.1164726472588,0.8,13.730471014492753,
sarima_dcf,carbon,USA|kentucky,US,True,holdout,last12,10,2025-10-01,659.51,672.7355345454521,16.361557255723266,651.7673552296324,693.7037138612718,0.8,13.730471014492753,
sarima_dcf,carbon,USA|kentucky,US,True,holdout,last12,11,2025-11-01,664.93,673.9724447657974,16.591207200466584,652.7099572037646,695.2349323278302,0.8,13.730471014492753,
sarima_dcf,carbon,USA|kentucky,US,True,holdout,last12,12,2025-12-01,681.63,676.2271968363843,16.817514892216334,654.6746842976949,697.7797093750738,0.8,13.730471014492753,
sarima_dcf,carbon,USA|kentucky,US,True,rolling,2022-12-01,1,2023-01-01,676.06,683.6980375658178,11.791555489289106,668.5865511683133,698.8095239633222,0.8,14.005238095238097,
sarima_dcf,carbon,USA|kentucky,US,True,rolling,2022-12-01,2,2023-02-01,667.23,686.080880108407,13.78396475960259,668.4160184913267,703.7457417254873,0.8,14.005238095238097,
sarima_dcf,carbon,USA|kentucky,US,True,rolling,2022-12-01,3,2023-03-01,672.92,684.9116127084623,14.633869094837259,666.1575548599989,703.6656705569256,0.8,14.005238095238097,
sarima_dcf,carbon,USA|kentucky,US,True,rolling,2022-12-01,4,2023-04-01,707.18,680.6372626455579,15.132257913133394,661.2444938267572,700.0300314643587,0.8,14.005238095238097,
sarima_dcf,carbon,USA|kentucky,US,True,rolling,2022-12-01,5,2023-05-01,660.13,677.163863491936,15.497265415340173,657.3033187372466,697.0244082466254,0.8,14.005238095238097,
sarima_dcf,carbon,USA|kentucky,US,True,rolling,2022-12-01,6,2023-06-01,685.69,677.8764185695085,15.8044493239168,657.6222017958726,698.1306353431444,0.8,14.005238095238097,
sarima_dcf,carbon,USA|kentucky,US,True,rolling,2022-12-01,7,2023-07-01,681.99,679.1540678559838,16.08383816281815,658.5417998784583,699.7663358335094,0.8,14.005238095238097,
sarima_dcf,carbon,USA|kentucky,US,True,rolling,2022-12-01,8,2023-08-01,679.89,682.0727639297893,16.34842800068373,661.1214104313199,703.0241174282587,0.8,14.005238095238097,
sarima_dcf,carbon,USA|kentucky,US,True,rolling,2022-12-01,9,2023-09-01,676.22,682.6896073395985,16.604148997806462,661.4105341969239,703.9686804822732,0.8,14.005238095238097,
sarima_dcf,carbon,USA|kentucky,US,True,rolling,2022-12-01,10,2023-10-01,664.72,674.8984074214204,16.853813986330803,653.2993757218406,696.4974391210002,0.8,14.005238095238097,
sarima_dcf,carbon,USA|kentucky,US,True,rolling,2022-12-01,11,2023-11-01,678.1,675.7465259294911,17.09881190326929,653.8335167659037,697.6595350930785,0.8,14.005238095238097,
sarima_dcf,carbon,USA|kentucky,US,True,rolling,2022-12-01,12,2023-12-01,683.56,676.6578577814256,17.33986761083389,654.4359232984253,698.8797922644259,0.8,14.005238095238097,
sarima_dcf,carbon,USA|kentucky,US,True,rolling,2023-12-01,1,2024-01-01,687.02,681.0023185081097,11.987566420186342,665.63963399525,696.3650030209694,0.8,13.922424242424244,
sarima_dcf,carbon,USA|kentucky,US,True,rolling,2023-12-01,2,2024-02-01,682.51,680.3497374555279,13.80428860724749,662.6588297796804,698.0406451313754,0.8,13.922424242424244,
sarima_dcf,carbon,USA|kentucky,US,True,rolling,2023-12-01,3,2024-03-01,683.04,680.7013868044232,14.545472758525353,662.0606134191487,699.3421601896978,0.8,13.922424242424244,
sarima_dcf,carbon,USA|kentucky,US,True,rolling,2023-12-01,4,2024-04-01,676.95,683.6130393851198,14.981851098195598,664.4130246554712,702.8130541147684,0.8,13.922424242424244,
sarima_dcf,carbon,USA|kentucky,US,True,rolling,2023-12-01,5,2024-05-01,661.26,673.8761775800863,15.309901168912667,654.2557497687332,693.4966053914394,0.8,13.922424242424244,
sarima_dcf,carbon,USA|kentucky,US,True,rolling,2023-12-01,6,2024-06-01,683.47,677.7013747107712,15.59342973980938,657.7175904155088,697.6851590060337,0.8,13.922424242424244,
sarima_dcf,carbon,USA|kentucky,US,True,rolling,2023-12-01,7,2024-07-01,680.97,678.0182910215777,15.85634401132824,657.6975685300463,698.3390135131092,0.8,13.922424242424244,
sarima_dcf,carbon,USA|kentucky,US,True,rolling,2023-12-01,8,2024-08-01,671.33,679.4003194064898,16.108376996077666,658.7566036487838,700.0440351641957,0.8,13.922424242424244,
sarima_dcf,carbon,USA|kentucky,US,True,rolling,2023-12-01,9,2024-09-01,657.5,679.1769866535109,16.353697940564942,658.2188794553364,700.1350938516854,0.8,13.922424242424244,
sarima_dcf,carbon,USA|kentucky,US,True,rolling,2023-12-01,10,2024-10-01,675.36,672.9366838384025,16.59417189704376,651.6703968648299,694.2029708119751,0.8,13.922424242424244,
sarima_dcf,carbon,USA|kentucky,US,True,rolling,2023-12-01,11,2024-11-01,673.19,675.6101601944015,16.830682083061987,654.04077322167,697.179547167133,0.8,13.922424242424244,
sarima_dcf,carbon,USA|kentucky,US,True,rolling,2023-12-01,12,2024-12-01,683.26,676.8193981978447,17.06368550461237,654.951405325448,698.6873910702415,0.8,13.922424242424244,
sarima_dcf,carbon,USA|kentucky,US,True,rolling,2024-12-01,1,2025-01-01,686.88,680.5042416250657,11.89175284109575,665.26434715449,695.7441360956414,0.8,13.730471014492753,
sarima_dcf,carbon,USA|kentucky,US,True,rolling,2024-12-01,2,2025-02-01,694.37,678.5879164638874,13.663781629055638,661.0770757259115,696.0987572018632,0.8,13.730471014492753,
sarima_dcf,carbon,USA|kentucky,US,True,rolling,2024-12-01,3,2025-03-01,685.18,678.6279593673432,14.380047252713481,660.1991872980229,697.0567314366635,0.8,13.730471014492753,
sarima_dcf,carbon,USA|kentucky,US,True,rolling,2024-12-01,4,2025-04-01,682.3,679.3870202073651,14.800630582242412,660.4192489136451,698.3547915010852,0.8,13.730471014492753,
sarima_dcf,carbon,USA|kentucky,US,True,rolling,2024-12-01,5,2025-05-01,649.11,671.1107404366198,15.117141164973964,651.7373445100887,690.4841363631509,0.8,13.730471014492753,
sarima_dcf,carbon,USA|kentucky,US,True,rolling,2024-12-01,6,2025-06-01,661.8,676.7552034030389,15.391232575607743,657.0305452001077,696.4798616059701,0.8,13.730471014492753,
sarima_dcf,carbon,USA|kentucky,US,True,rolling,2024-12-01,7,2025-07-01,659.39,676.5262667981418,15.645816276329628,656.4753464549884,696.5771871412952,0.8,13.730471014492753,
sarima_dcf,carbon,USA|kentucky,US,True,rolling,2024-12-01,8,2025-08-01,665.39,675.7658232950178,15.890143214484663,655.401785381767,696.1298612082685,0.8,13.730471014492753,
sarima_dcf,carbon,USA|kentucky,US,True,rolling,2024-12-01,9,2025-09-01,662.55,673.4474263646604,16.128142509673395,652.778380082062,694.1164726472588,0.8,13.730471014492753,
sarima_dcf,carbon,USA|kentucky,US,True,rolling,2024-12-01,10,2025-10-01,659.51,672.7355345454521,16.361557255723266,651.7673552296324,693.7037138612718,0.8,13.730471014492753,
sarima_dcf,carbon,USA|kentucky,US,True,rolling,2024-12-01,11,2025-11-01,664.93,673.9724447657974,16.591207200466584,652.7099572037646,695.2349323278302,0.8,13.730471014492753,
sarima_dcf,carbon,USA|kentucky,US,True,rolling,2024-12-01,12,2025-12-01,681.63,676.2271968363843,16.817514892216334,654.6746842976949,697.7797093750738,0.8,13.730471014492753,
sarima_dcf,carbon,USA|louisiana,US,True,holdout,last12,1,2025-01-01,423.9,417.4433254148458,19.487096482147543,392.46960641023094,442.41704441946064,0.8,23.006268115942028,
sarima_dcf,carbon,USA|louisiana,US,True,holdout,last12,2,2025-02-01,436.36,417.7942716256878,21.894208522750752,389.73571441699664,445.852828834379,0.8,23.006268115942028,
sarima_dcf,carbon,USA|louisiana,US,True,holdout,last12,3,2025-03-01,416.19,409.5781178645139,22.593310904694377,380.62362490376694,438.53261082526086,0.8,23.006268115942028,
sarima_dcf,carbon,USA|louisiana,US,True,holdout,last12,4,2025-04-01,410.84,411.2247848794373,22.868438357207598,381.91770190119774,440.5318678576769,0.8,23.006268115942028,
sarima_dcf,carbon,USA|louisiana,US,True,holdout,last12,5,2025-05-01,455.77,424.48271659558196,23.01478367299512,394.98808454878474,453.9773486423792,0.8,23.006268115942028,
sarima_dcf,carbon,USA|louisiana,US,True,holdout,last12,6,2025-06-01,426.79,428.18746853788076,23.115293566929825,398.5640278791588,457.8109091966027,0.8,23.006268115942028,
sarima_dcf,carbon,USA|louisiana,US,True,holdout,last12,7,2025-07-01,413.1,425.9658578861744,23.197426417878532,396.23715974373647,455.6945560286123,0.8,23.006268115942028,
sarima_dcf,carbon,USA|louisiana,US,True,holdout,last12,8,2025-08-01,420.48,426.46569358161776,23.271587338027846,396.6419543958603,456.2894327673752,0.8,23.006268115942028,
sarima_dcf,carbon,USA|louisiana,US,True,holdout,last12,9,2025-09-01,410.98,422.2669324662137,23.342104753894795,392.35282157575375,452.1810433566736,0.8,23.006268115942028,
sarima_dcf,carbon,USA|louisiana,US,True,holdout,last12,10,2025-10-01,395.81,415.24461866768274,23.410886837697362,385.24235999004424,445.24687734532125,0.8,23.006268115942028,
sarima_dcf,carbon,USA|louisiana,US,True,holdout,last12,11,2025-11-01,410.91,419.2322674091631,23.478808704413357,389.1429633569,449.32157146142623,0.8,23.006268115942028,
sarima_dcf,carbon,USA|louisiana,US,True,holdout,last12,12,2025-12-01,414.22,419.39555586924524,23.546258029820695,389.2198120284114,449.5712997100791,0.8,23.006268115942028,
sarima_dcf,carbon,USA|louisiana,US,True,rolling,2022-12-01,1,2023-01-01,403.9,426.44011408952355,19.331580709242186,401.66569656714245,451.21453161190465,0.8,22.233253968253972,
sarima_dcf,carbon,USA|louisiana,US,True,rolling,2022-12-01,2,2023-02-01,419.5,426.5694483035555,21.506004692333835,399.0083943214855,454.1305022856254,0.8,22.233253968253972,
sarima_dcf,carbon,USA|louisiana,US,True,rolling,2022-12-01,3,2023-03-01,432.3,412.78056707228995,22.104518506943183,384.45248677410734,441.10864737047257,0.8,22.233253968253972,
sarima_dcf,carbon,USA|louisiana,US,True,rolling,2022-12-01,4,2023-04-01,424.79,413.2076686798874,22.339282230525217,384.5787265642151,441.83661079555964,0.8,22.233253968253972,
sarima_dcf,carbon,USA|louisiana,US,True,rolling,2022-12-01,5,2023-05-01,442.17,425.93778547491365,22.469105694308965,397.1424678959849,454.7331030538424,0.8,22.233253968253972,
sarima_dcf,carbon,USA|louisiana,US,True,rolling,2022-12-01,6,2023-06-01,440.35,431.12508437250966,22.562931630293015,402.20952401843186,460.04064472658746,0.8,22.233253968253972,
sarima_dcf,carbon,USA|louisiana,US,True,rolling,2022-12-01,7,2023-07-01,431.48,430.44852229039486,22.642817656349923,401.4305838745587,459.46646070623103,0.8,22.233253968253972,
sarima_dcf,carbon,USA|louisiana,US,True,rolling,2022-12-01,8,2023-08-01,436.11,430.6233929585979,22.71687412145956,401.5105473639618,459.736238553234,0.8,22.233253968253972,
sarima_dcf,carbon,USA|louisiana,US,True,rolling,2022-12-01,9,2023-09-01,415.5,426.91747556035244,22.788350466937672,397.71302934326945,456.12192177743543,0.8,22.233253968253972,
sarima_dcf,carbon,USA|louisiana,US,True,rolling,2022-12-01,10,2023-10-01,443.03,417.59929003484336,22.858613646202123,388.30479793037387,446.89378213931286,0.8,22.233253968253972,
sarima_dcf,carbon,USA|louisiana,US,True,rolling,2022-12-01,11,2023-11-01,491.15,417.34989294726165,22.928259846570345,387.966145645676,446.7336402488473,0.8,22.233253968253972,
sarima_dcf,carbon,USA|louisiana,US,True,rolling,2022-12-01,12,2023-12-01,477.03,417.8170853851372,22.997545668634455,388.34454472981525,447.28962604045915,0.8,22.233253968253972,
sarima_dcf,carbon,USA|louisiana,US,True,rolling,2023-12-01,1,2024-01-01,467.3,456.0177410853634,19.48060683872747,431.0523388934334,480.98314327729344,0.8,22.631287878787877,
sarima_dcf,carbon,USA|louisiana,US,True,rolling,2023-12-01,2,2024-02-01,402.4,444.7449570049705,21.861763923354765,416.72797922342875,472.76193478651226,0.8,22.631287878787877,
sarima_dcf,carbon,USA|louisiana,US,True,rolling,2023-12-01,3,2024-03-01,407.47,427.3290923225449,22.56431337304029,398.41176119388615,456.24642345120367,0.8,22.631287878787877,
sarima_dcf,carbon,USA|louisiana,US,True,rolling,2023-12-01,4,2024-04-01,433.12,423.4512581327013,22.852818213541394,394.1641931740312,452.7383230913714,0.8,22.631287878787877,
sarima_dcf,carbon,USA|louisiana,US,True,rolling,2023-12-01,5,2024-05-01,442.58,436.8887760073514,23.01497878754115,407.39389391120227,466.3836581035005,0.8,22.631287878787877,
sarima_dcf,carbon,USA|louisiana,US,True,rolling,2023-12-01,6,2024-06-01,437.71,440.56862105535504,23.131840592892488,410.9239745296055,470.21326758110456,0.8,22.631287878787877,
sarima_dcf,carbon,USA|louisiana,US,True,rolling,2023-12-01,7,2024-07-01,416.19,439.62392648110796,23.230482702191285,409.85286500575796,469.39498795645795,0.8,22.631287878787877,
sarima_dcf,carbon,USA|louisiana,US,True,rolling,2023-12-01,8,2024-08-01,418.38,439.74956610482394,23.321226782306045,409.86221141153896,469.6369207981089,0.8,22.631287878787877,
sarima_dcf,carbon,USA|louisiana,US,True,rolling,2023-12-01,9,2024-09-01,408.88,436.3926792564155,23.408360485093883,406.39365822991107,466.3917002829199,0.8,22.631287878787877,
sarima_dcf,carbon,USA|louisiana,US,True,rolling,2023-12-01,10,2024-10-01,390.23,429.50679517262984,23.493767337496553,399.39832086072056,459.6152694845391,0.8,22.631287878787877,
sarima_dcf,carbon,USA|louisiana,US,True,rolling,2023-12-01,11,2024-11-01,396.83,433.611603308831,23.578315926331243,403.394775620536,463.82843099712596,0.8,22.631287878787877,
sarima_dcf,carbon,USA|louisiana,US,True,rolling,2023-12-01,12,2024-12-01,405.43,433.3657079906006,23.66236603984882,403.0411657477429,463.69025023345824,0.8,22.631287878787877,
sarima_dcf,carbon,USA|louisiana,US,True,rolling,2024-12-01,1,2025-01-01,423.9,417.4433254148458,19.487096482147543,392.46960641023094,442.41704441946064,0.8,23.006268115942028,
sarima_dcf,carbon,USA|louisiana,US,True,rolling,2024-12-01,2,2025-02-01,436.36,417.7942716256878,21.894208522750752,389.73571441699664,445.852828834379,0.8,23.006268115942028,
sarima_dcf,carbon,USA|louisiana,US,True,rolling,2024-12-01,3,2025-03-01,416.19,409.5781178645139,22.593310904694377,380.62362490376694,438.53261082526086,0.8,23.006268115942028,
sarima_dcf,carbon,USA|louisiana,US,True,rolling,2024-12-01,4,2025-04-01,410.84,411.2247848794373,22.868438357207598,381.91770190119774,440.5318678576769,0.8,23.006268115942028,
sarima_dcf,carbon,USA|louisiana,US,True,rolling,2024-12-01,5,2025-05-01,455.77,424.48271659558196,23.01478367299512,394.98808454878474,453.9773486423792,0.8,23.006268115942028,
sarima_dcf,carbon,USA|louisiana,US,True,rolling,2024-12-01,6,2025-06-01,426.79,428.18746853788076,23.115293566929825,398.5640278791588,457.8109091966027,0.8,23.006268115942028,
sarima_dcf,carbon,USA|louisiana,US,True,rolling,2024-12-01,7,2025-07-01,413.1,425.9658578861744,23.197426417878532,396.23715974373647,455.6945560286123,0.8,23.006268115942028,
sarima_dcf,carbon,USA|louisiana,US,True,rolling,2024-12-01,8,2025-08-01,420.48,426.46569358161776,23.271587338027846,396.6419543958603,456.2894327673752,0.8,23.006268115942028,
sarima_dcf,carbon,USA|louisiana,US,True,rolling,2024-12-01,9,2025-09-01,410.98,422.2669324662137,23.342104753894795,392.35282157575375,452.1810433566736,0.8,23.006268115942028,
sarima_dcf,carbon,USA|louisiana,US,True,rolling,2024-12-01,10,2025-10-01,395.81,415.24461866768274,23.410886837697362,385.24235999004424,445.24687734532125,0.8,23.006268115942028,
sarima_dcf,carbon,USA|louisiana,US,True,rolling,2024-12-01,11,2025-11-01,410.91,419.2322674091631,23.478808704413357,389.1429633569,449.32157146142623,0.8,23.006268115942028,
sarima_dcf,carbon,USA|louisiana,US,True,rolling,2024-12-01,12,2025-12-01,414.22,419.39555586924524,23.546258029820695,389.2198120284114,449.5712997100791,0.8,23.006268115942028,
sarima_dcf,carbon,USA|maine,US,False,holdout,last12,1,2025-01-01,190.03,195.82615327232315,25.67104770224568,162.9273819003401,228.7249246443062,0.8,30.318079710144932,
sarima_dcf,carbon,USA|maine,US,False,holdout,last12,2,2025-02-01,196.4,178.54812573085425,29.58363050614484,140.63517774121135,216.46107372049715,0.8,30.318079710144932,
sarima_dcf,carbon,USA|maine,US,False,holdout,last12,3,2025-03-01,189.48,165.9722316159881,30.966871507819057,126.28658895512412,205.6578742768521,0.8,30.318079710144932,
sarima_dcf,carbon,USA|maine,US,False,holdout,last12,4,2025-04-01,157.5,150.49136849205706,31.60958029869077,109.98206137406214,191.00067561005199,0.8,30.318079710144932,
sarima_dcf,carbon,USA|maine,US,False,holdout,last12,5,2025-05-01,186.21,174.90064317407183,31.990099727823,133.90368078595236,215.8976055621913,0.8,30.318079710144932,
sarima_dcf,carbon,USA|maine,US,False,holdout,last12,6,2025-06-01,224.76,215.0543259201789,32.26456485605149,173.70562231729082,256.403029523067,0.8,30.318079710144932,
sarima_dcf,carbon,USA|maine,US,False,holdout,last12,7,2025-07-01,250.13,243.70332822490903,32.49168881770385,202.06355355339267,285.34310289642536,0.8,30.318079710144932,
sarima_dcf,carbon,USA|maine,US,False,holdout,last12,8,2025-08-01,237.46,244.02033280395545,32.69612734658189,202.11855961569782,285.9221059922131,0.8,30.318079710144932,
sarima_dcf,carbon,USA|maine,US,False,holdout,last12,9,2025-09-01,242.4,222.41368228552548,32.889066402348604,180.26464774829532,264.56271682275565,0.8,30.318079710144932,
sarima_dcf,carbon,USA|maine,US,False,holdout,last12,10,2025-10-01,212.0,195.02953373006727,33.07583243502842,152.64114889126574,237.4179185688688,0.8,30.318079710144932,
sarima_dcf,carbon,USA|maine,US,False,holdout,last12,11,2025-11-01,237.87,172.7753856462628,33.25903534649056,130.15221682946463,215.39855446306098,0.8,30.318079710144932,
sarima_dcf,carbon,USA|maine,US,False,holdout,last12,12,2025-12-01,268.91,176.77841842204052,33.43997641374353,133.92336429723298,219.63347254684805,0.8,30.318079710144932,
sarima_dcf,carbon,USA|maine,US,False,rolling,2022-12-01,1,2023-01-01,189.16,231.2340961562203,25.953318648456815,197.9735800112126,264.494612301228,0.8,30.37952380952381,
sarima_dcf,carbon,USA|maine,US,False,rolling,2022-12-01,2,2023-02-01,179.33,211.59782629821575,29.797356695591304,173.41097717588983,249.78467542054167,0.8,30.37952380952381,
sarima_dcf,carbon,USA|maine,US,False,rolling,2022-12-01,3,2023-03-01,174.95,184.09927515869236,31.15806194399937,144.16861209502434,224.02993822236039,0.8,30.37952380952381,
sarima_dcf,carbon,USA|maine,US,False,rolling,2022-12-01,4,2023-04-01,155.72,165.79193808686983,31.80905130224661,125.0269985919872,206.55687758175247,0.8,30.37952380952381,
sarima_dcf,carbon,USA|maine,US,False,rolling,2022-12-01,5,2023-05-01,191.6,196.8896200976954,32.212123971258485,155.60812219281235,238.17111800257845,0.8,30.37952380952381,
sarima_dcf,carbon,USA|maine,US,False,rolling,2022-12-01,6,2023-06-01,235.41,242.60442924533055,32.51575697406376,200.9338099903514,284.2750485003097,0.8,30.37952380952381,
sarima_dcf,carbon,USA|maine,US,False,rolling,2022-12-01,7,2023-07-01,251.51,279.107834590784,32.775365072033516,237.10451417142366,321.1111550101444,0.8,30.37952380952381,
sarima_dcf,carbon,USA|maine,US,False,rolling,2022-12-01,8,2023-08-01,214.1,291.60084550010396,33.014021483154494,249.29167458344426,333.91001641676365,0.8,30.37952380952381,
sarima_dcf,carbon,USA|maine,US,False,rolling,2022-12-01,9,2023-09-01,214.65,256.15592530862307,33.24204215893744,213.5545341379372,298.75731647930894,0.8,30.37952380952381,
sarima_dcf,carbon,USA|maine,US,False,rolling,2022-12-01,10,2023-10-01,197.17,228.3397051678247,33.46423772247742,185.45355892482706,271.2258514108223,0.8,30.37952380952381,
sarima_dcf,carbon,USA|maine,US,False,rolling,2022-12-01,11,2023-11-01,216.85,190.57685699943082,33.682907890529506,147.41047366022815,233.74324033863348,0.8,30.37952380952381,
sarima_dcf,carbon,USA|maine,US,False,rolling,2022-12-01,12,2023-12-01,201.05,199.24077263433264,33.899171123650255,155.79723681015435,242.68430845851094,0.8,30.37952380952381,
sarima_dcf,carbon,USA|maine,US,False,rolling,2023-12-01,1,2024-01-01,221.21,214.85365979227743,25.988783607999082,181.54769347284636,248.1596261117085,0.8,30.787045454545456,
sarima_dcf,carbon,USA|maine,US,False,rolling,2023-12-01,2,2024-02-01,174.23,196.74074766444332,29.98032102399526,158.3194203206125,235.16207500827414,0.8,30.787045454545456,
sarima_dcf,carbon,USA|maine,US,False,rolling,2023-12-01,3,2024-03-01,190.47,174.135591776705,31.40023408617781,133.8945726250969,214.3766109283131,0.8,30.787045454545456,
sarima_dcf,carbon,USA|maine,US,False,rolling,2023-12-01,4,2024-04-01,173.54,156.61239333429216,32.062802982064014,115.52225797687996,197.70252869170437,0.8,30.787045454545456,
sarima_dcf,carbon,USA|maine,US,False,rolling,2023-12-01,5,2024-05-01,182.03,184.73995843144345,32.455835776285554,143.14613128128624,226.33378558160067,0.8,30.787045454545456,
sarima_dcf,carbon,USA|maine,US,False,rolling,2023-12-01,6,2024-06-01,221.56,226.39129079782492,32.73937325003395,184.4340957542949,268.34848584135494,0.8,30.787045454545456,
sarima_dcf,carbon,USA|maine,US,False,rolling,2023-12-01,7,2024-07-01,243.65,257.46563466253855,32.973852022273476,215.20794298135797,299.7233263437191,0.8,30.787045454545456,
sarima_dcf,carbon,USA|maine,US,False,rolling,2023-12-01,8,2024-08-01,234.84,259.64645181256395,33.18474077013514,217.11849532640554,302.17440829872237,0.8,30.787045454545456,
sarima_dcf,carbon,USA|maine,US,False,rolling,2023-12-01,9,2024-09-01,231.67,233.07104707072588,33.383631698016664,190.2882016045683,275.8538925368835,0.8,30.787045454545456,
sarima_dcf,carbon,USA|maine,US,False,rolling,2023-12-01,10,2024-10-01,178.82,209.9099020482289,33.57606286202475,166.88044612257715,252.93935797388065,0.8,30.787045454545456,
sarima_dcf,carbon,USA|maine,US,False,rolling,2023-12-01,11,2024-11-01,164.48,184.9784544224359,33.764757304336705,141.70717683882972,228.24973200604208,0.8,30.787045454545456,
sarima_dcf,carbon,USA|maine,US,False,rolling,2023-12-01,12,2024-12-01,171.29,188.5386199094369,33.95107760780743,145.02856324922507,232.04867656964873,0.8,30.787045454545456,
sarima_dcf,carbon,USA|maine,US,False,rolling,2024-12-01,1,2025-01-01,190.03,195.82615327232315,25.67104770224568,162.9273819003401,228.7249246443062,0.8,30.318079710144932,
sarima_dcf,carbon,USA|maine,US,False,rolling,2024-12-01,2,2025-02-01,196.4,178.54812573085425,29.58363050614484,140.63517774121135,216.46107372049715,0.8,30.318079710144932,
sarima_dcf,carbon,USA|maine,US,False,rolling,2024-12-01,3,2025-03-01,189.48,165.9722316159881,30.966871507819057,126.28658895512412,205.6578742768521,0.8,30.318079710144932,
sarima_dcf,carbon,USA|maine,US,False,rolling,2024-12-01,4,2025-04-01,157.5,150.49136849205706,31.60958029869077,109.98206137406214,191.00067561005199,0.8,30.318079710144932,
sarima_dcf,carbon,USA|maine,US,False,rolling,2024-12-01,5,2025-05-01,186.21,174.90064317407183,31.990099727823,133.90368078595236,215.8976055621913,0.8,30.318079710144932,
sarima_dcf,carbon,USA|maine,US,False,rolling,2024-12-01,6,2025-06-01,224.76,215.0543259201789,32.26456485605149,173.70562231729082,256.403029523067,0.8,30.318079710144932,
sarima_dcf,carbon,USA|maine,US,False,rolling,2024-12-01,7,2025-07-01,250.13,243.70332822490903,32.49168881770385,202.06355355339267,285.34310289642536,0.8,30.318079710144932,
sarima_dcf,carbon,USA|maine,US,False,rolling,2024-12-01,8,2025-08-01,237.46,244.02033280395545,32.69612734658189,202.11855961569782,285.9221059922131,0.8,30.318079710144932,
sarima_dcf,carbon,USA|maine,US,False,rolling,2024-12-01,9,2025-09-01,242.4,222.41368228552548,32.889066402348604,180.26464774829532,264.56271682275565,0.8,30.318079710144932,
sarima_dcf,carbon,USA|maine,US,False,rolling,2024-12-01,10,2025-10-01,212.0,195.02953373006727,33.07583243502842,152.64114889126574,237.4179185688688,0.8,30.318079710144932,
sarima_dcf,carbon,USA|maine,US,False,rolling,2024-12-01,11,2025-11-01,237.87,172.7753856462628,33.25903534649056,130.15221682946463,215.39855446306098,0.8,30.318079710144932,
sarima_dcf,carbon,USA|maine,US,False,rolling,2024-12-01,12,2025-12-01,268.91,176.77841842204052,33.43997641374353,133.92336429723298,219.63347254684805,0.8,30.318079710144932,
sarima_dcf,carbon,USA|maryland,US,True,holdout,last12,1,2025-01-01,317.75,260.94467357549826,40.83426052103294,208.6134630769124,313.2758840740841,0.8,43.74163043478261,
sarima_dcf,carbon,USA|maryland,US,True,holdout,last12,2,2025-02-01,254.36,259.781022254961,44.757437569381885,202.4220580681549,317.13998644176706,0.8,43.74163043478261,
sarima_dcf,carbon,USA|maryland,US,True,holdout,last12,3,2025-03-01,285.78,238.38325599144108,45.73216703369853,179.77512573365755,296.9913862492246,0.8,43.74163043478261,
sarima_dcf,carbon,USA|maryland,US,True,holdout,last12,4,2025-04-01,225.45,222.56949094691782,46.104377187062184,163.48435418437953,281.6546277094561,0.8,43.74163043478261,
sarima_dcf,carbon,USA|maryland,US,True,holdout,last12,5,2025-05-01,216.82,227.4281018733642,46.31764996435467,168.06964504919867,286.78655869752976,0.8,43.74163043478261,
sarima_dcf,carbon,USA|maryland,US,True,holdout,last12,6,2025-06-01,277.54,258.0780402086892,46.47999567453581,198.51152898548156,317.6445514318968,0.8,43.74163043478261,
sarima_dcf,carbon,USA|maryland,US,True,holdout,last12,7,2025-07-01,339.89,300.29447590255364,46.6238608774841,240.54359400328025,360.04535780182704,0.8,43.74163043478261,
sarima_dcf,carbon,USA|maryland,US,True,holdout,last12,8,2025-08-01,258.56,278.9975438836378,46.760484679489096,219.07157153701422,338.9235162302613,0.8,43.74163043478261,
sarima_dcf,carbon,USA|maryland,US,True,holdout,last12,9,2025-09-01,253.22,256.7675207369999,46.894065626448736,196.6703575186733,316.86468395532654,0.8,43.74163043478261,
sarima_dcf,carbon,USA|maryland,US,True,holdout,last12,10,2025-10-01,283.71,244.12876547074268,47.026227723347176,183.86222971023022,304.39530123125513,0.8,43.74163043478261,
sarima_dcf,carbon,USA|maryland,US,True,holdout,last12,11,2025-11-01,232.15,219.36662017016445,47.157609393174795,158.93171202500054,279.80152831532837,0.8,43.74163043478261,
sarima_dcf,carbon,USA|maryland,US,True,holdout,last12,12,2025-12-01,269.5,228.84634588381238,47.28846426398254,168.24374047410566,289.4489512935191,0.8,43.74163043478261,
sarima_dcf,carbon,USA|maryland,US,True,rolling,2022-12-01,1,2023-01-01,184.58,293.2618857616231,40.75881419121015,241.02736362513625,345.4964078981099,0.8,43.518055555555556,
sarima_dcf,carbon,USA|maryland,US,True,rolling,2022-12-01,2,2023-02-01,243.62,295.2417866091699,45.0238413002909,237.54141230395044,352.9421609143893,0.8,43.518055555555556,
sarima_dcf,carbon,USA|maryland,US,True,rolling,2022-12-01,3,2023-03-01,268.61,273.21884347624206,46.14447376335925,214.08232088357727,332.35536606890685,0.8,43.518055555555556,
sarima_dcf,carbon,USA|maryland,US,True,rolling,2022-12-01,4,2023-04-01,258.84,229.3681677325871,46.578872370351455,169.67494092506107,289.06139454011316,0.8,43.518055555555556,
sarima_dcf,carbon,USA|maryland,US,True,rolling,2022-12-01,5,2023-05-01,191.57,248.85479643382027,46.82331299381598,188.84830636261057,308.86128650502997,0.8,43.518055555555556,
sarima_dcf,carbon,USA|maryland,US,True,rolling,2022-12-01,6,2023-06-01,244.7,290.2235226125354,47.00459425429534,229.9847112581545,350.46233396691633,0.8,43.518055555555556,
sarima_dcf,carbon,USA|maryland,US,True,rolling,2022-12-01,7,2023-07-01,317.1,323.3699847781008,47.162125935844706,262.9292884506074,383.8106811055942,0.8,43.518055555555556,
sarima_dcf,carbon,USA|maryland,US,True,rolling,2022-12-01,8,2023-08-01,316.94,308.21207831938557,47.31001344840286,247.58185651864878,368.84230012012233,0.8,43.518055555555556,
sarima_dcf,carbon,USA|maryland,US,True,rolling,2022-12-01,9,2023-09-01,280.85,288.9932069316154,47.45372938839699,228.17880574298545,349.8076081202454,0.8,43.518055555555556,
sarima_dcf,carbon,USA|maryland,US,True,rolling,2022-12-01,10,2023-10-01,254.86,257.13579929085955,47.59548320632578,196.13973327494102,318.1318653067781,0.8,43.518055555555556,
sarima_dcf,carbon,USA|maryland,US,True,rolling,2022-12-01,11,2023-11-01,252.55,244.0526780768389,47.73618441784166,182.87629620302818,305.2290599506496,0.8,43.518055555555556,
sarima_dcf,carbon,USA|maryland,US,True,rolling,2022-12-01,12,2023-12-01,215.0,248.0634218612467,47.87621191775739,186.70758752569967,309.41925619679375,0.8,43.518055555555556,
sarima_dcf,carbon,USA|maryland,US,True,rolling,2023-12-01,1,2024-01-01,255.12,242.5314457579515,40.78370681221043,190.26502244405123,294.7978690718518,0.8,43.800871212121216,
sarima_dcf,carbon,USA|maryland,US,True,rolling,2023-12-01,2,2024-02-01,242.16,261.0361053550574,44.92529271314278,203.46202614597982,318.61018456413495,0.8,43.800871212121216,
sarima_dcf,carbon,USA|maryland,US,True,rolling,2023-12-01,3,2024-03-01,193.78,251.20887595566745,45.99021899612197,192.27003880144832,310.1477131098866,0.8,43.800871212121216,
sarima_dcf,carbon,USA|maryland,US,True,rolling,2023-12-01,4,2024-04-01,247.11,216.2615594942626,46.399251667137854,156.79852588014418,275.72459310838104,0.8,43.800871212121216,
sarima_dcf,carbon,USA|maryland,US,True,rolling,2023-12-01,5,2024-05-01,271.1,219.9234975359329,46.62996368696847,160.1647945716106,279.68220050025525,0.8,43.800871212121216,
sarima_dcf,carbon,USA|maryland,US,True,rolling,2023-12-01,6,2024-06-01,271.6,261.50640868351576,46.802199856993596,201.52697618585435,321.4858411811772,0.8,43.800871212121216,
sarima_dcf,carbon,USA|maryland,US,True,rolling,2023-12-01,7,2024-07-01,343.56,300.11736661553874,46.952727077105294,239.9450257232861,360.2897075077914,0.8,43.800871212121216,
sarima_dcf,carbon,USA|maryland,US,True,rolling,2023-12-01,8,2024-08-01,274.58,288.3325991889784,47.09455104649196,227.97850356672654,348.68669481123027,0.8,43.800871212121216,
sarima_dcf,carbon,USA|maryland,US,True,rolling,2023-12-01,9,2024-09-01,241.32,267.0861238763528,47.232653221133056,206.55504319598452,327.6172045567211,0.8,43.800871212121216,
sarima_dcf,carbon,USA|maryland,US,True,rolling,2023-12-01,10,2024-10-01,286.81,237.76176403373756,47.3690162720565,177.0559270719759,298.4676009954992,0.8,43.800871212121216,
sarima_dcf,carbon,USA|maryland,US,True,rolling,2023-12-01,11,2024-11-01,198.23,227.37605133681072,47.50444398333178,166.49665677964612,288.2554458939753,0.8,43.800871212121216,
sarima_dcf,carbon,USA|maryland,US,True,rolling,2023-12-01,12,2024-12-01,264.65,223.77736016136686,47.639265949613,162.72518430224474,284.82953602048894,0.8,43.800871212121216,
sarima_dcf,carbon,USA|maryland,US,True,rolling,2024-12-01,1,2025-01-01,317.75,260.94467357549826,40.83426052103294,208.6134630769124,313.2758840740841,0.8,43.74163043478261,
sarima_dcf,carbon,USA|maryland,US,True,rolling,2024-12-01,2,2025-02-01,254.36,259.781022254961,44.757437569381885,202.4220580681549,317.13998644176706,0.8,43.74163043478261,
sarima_dcf,carbon,USA|maryland,US,True,rolling,2024-12-01,3,2025-03-01,285.78,238.38325599144108,45.73216703369853,179.77512573365755,296.9913862492246,0.8,43.74163043478261,
sarima_dcf,carbon,USA|maryland,US,True,rolling,2024-12-01,4,2025-04-01,225.45,222.56949094691782,46.104377187062184,163.48435418437953,281.6546277094561,0.8,43.74163043478261,
sarima_dcf,carbon,USA|maryland,US,True,rolling,2024-12-01,5,2025-05-01,216.82,227.4281018733642,46.31764996435467,168.06964504919867,286.78655869752976,0.8,43.74163043478261,
sarima_dcf,carbon,USA|maryland,US,True,rolling,2024-12-01,6,2025-06-01,277.54,258.0780402086892,46.47999567453581,198.51152898548156,317.6445514318968,0.8,43.74163043478261,
sarima_dcf,carbon,USA|maryland,US,True,rolling,2024-12-01,7,2025-07-01,339.89,300.29447590255364,46.6238608774841,240.54359400328025,360.04535780182704,0.8,43.74163043478261,
sarima_dcf,carbon,USA|maryland,US,True,rolling,2024-12-01,8,2025-08-01,258.56,278.9975438836378,46.760484679489096,219.07157153701422,338.9235162302613,0.8,43.74163043478261,
sarima_dcf,carbon,USA|maryland,US,True,rolling,2024-12-01,9,2025-09-01,253.22,256.7675207369999,46.894065626448736,196.6703575186733,316.86468395532654,0.8,43.74163043478261,
sarima_dcf,carbon,USA|maryland,US,True,rolling,2024-12-01,10,2025-10-01,283.71,244.12876547074268,47.026227723347176,183.86222971023022,304.39530123125513,0.8,43.74163043478261,
sarima_dcf,carbon,USA|maryland,US,True,rolling,2024-12-01,11,2025-11-01,232.15,219.36662017016445,47.157609393174795,158.93171202500054,279.80152831532837,0.8,43.74163043478261,
sarima_dcf,carbon,USA|maryland,US,True,rolling,2024-12-01,12,2025-12-01,269.5,228.84634588381238,47.28846426398254,168.24374047410566,289.4489512935191,0.8,43.74163043478261,
sarima_dcf,carbon,USA|massachusetts,US,True,holdout,last12,1,2025-01-01,404.92,399.69430646324514,25.96863935843182,366.41415603838374,432.97445688810654,0.8,30.422898550724636,
sarima_dcf,carbon,USA|massachusetts,US,True,holdout,last12,2,2025-02-01,376.99,380.3400059209729,30.08510264737738,341.7843955236564,418.89561631828934,0.8,30.422898550724636,
sarima_dcf,carbon,USA|massachusetts,US,True,holdout,last12,3,2025-03-01,333.7,348.5210594084534,31.568192553875964,308.06479281962027,388.9773259972866,0.8,30.422898550724636,
sarima_dcf,carbon,USA|massachusetts,US,True,holdout,last12,4,2025-04-01,313.88,332.3053972472564,32.255598275568026,290.9681847796245,373.6426097148883,0.8,30.422898550724636,
sarima_dcf,carbon,USA|massachusetts,US,True,holdout,last12,5,2025-05-01,316.29,325.8496780694513,32.654618110101175,284.00110110819,367.6982550307125,0.8,30.422898550724636,
sarima_dcf,carbon,USA|massachusetts,US,True,holdout,last12,6,2025-06-01,361.62,347.1193378343005,32.93495905574302,304.9114894952657,389.3271861733353,0.8,30.422898550724636,
sarima_dcf,carbon,USA|massachusetts,US,True,holdout,last12,7,2025-07-01,380.36,374.805350715213,33.16151731454185,332.30715628492754,417.3035451454985,0.8,30.422898550724636,
sarima_dcf,carbon,USA|massachusetts,US,True,holdout,last12,8,2025-08-01,369.05,370.1722082461769,33.36192543988136,327.4171804691147,412.9272360232391,0.8,30.422898550724636,
sarima_dcf,carbon,USA|massachusetts,US,True,holdout,last12,9,2025-09-01,352.75,352.2682471407535,33.54891972445166,309.2735765455524,395.2629177359546,0.8,30.422898550724636,
sarima_dcf,carbon,USA|massachusetts,US,True,holdout,last12,10,2025-10-01,380.75,358.6752811423377,33.728685156325035,315.45023187648843,401.900330408187,0.8,30.422898550724636,
sarima_dcf,carbon,USA|massachusetts,US,True,holdout,last12,11,2025-11-01,402.83,366.36827568619816,33.90432261873952,322.91813795542333,409.818413416973,0.8,30.422898550724636,
sarima_dcf,carbon,USA|massachusetts,US,True,holdout,last12,12,2025-12-01,422.41,382.47341789529787,34.07741702718048,338.8014507543985,426.14538503619724,0.8,30.422898550724636,
sarima_dcf,carbon,USA|massachusetts,US,True,rolling,2022-12-01,1,2023-01-01,391.02,430.0213393999909,26.480526129820667,396.08517968187454,463.95749911810725,0.8,31.43329365079364,
sarima_dcf,carbon,USA|massachusetts,US,True,rolling,2022-12-01,2,2023-02-01,392.8,405.325546143623,30.770065757400083,365.89212020031664,444.75897208692936,0.8,31.43329365079364,
sarima_dcf,carbon,USA|massachusetts,US,True,rolling,2022-12-01,3,2023-03-01,342.89,365.19982615307185,32.35400227018365,323.73650389208444,406.66314841405926,0.8,31.43329365079364,
sarima_dcf,carbon,USA|massachusetts,US,True,rolling,2022-12-01,4,2023-04-01,337.72,350.8798827351971,33.10752417487727,308.45088329757743,393.30888217281677,0.8,31.43329365079364,
sarima_dcf,carbon,USA|massachusetts,US,True,rolling,2022-12-01,5,2023-05-01,330.64,346.29699260632515,33.55502700636474,303.29449521442706,389.29948999822324,0.8,31.43329365079364,
sarima_dcf,carbon,USA|massachusetts,US,True,rolling,2022-12-01,6,2023-06-01,346.08,371.1983207858902,33.874667366633176,327.78618778987885,414.6104537819015,0.8,31.43329365079364,
sarima_dcf,carbon,USA|massachusetts,US,True,rolling,2022-12-01,7,2023-07-01,379.22,396.23679255286726,34.1356072074142,352.49025169539004,439.98333341034447,0.8,31.43329365079364,
sarima_dcf,carbon,USA|massachusetts,US,True,rolling,2022-12-01,8,2023-08-01,356.59,399.46506075486803,34.367670519991954,355.4211187958513,443.50900271388474,0.8,31.43329365079364,
sarima_dcf,carbon,USA|massachusetts,US,True,rolling,2022-12-01,9,2023-09-01,361.75,376.54650291177745,34.58473900201461,332.22437649979423,420.8686293237607,0.8,31.43329365079364,
sarima_dcf,carbon,USA|massachusetts,US,True,rolling,2022-12-01,10,2023-10-01,377.51,374.2174367812491,34.79360561415164,329.62763703549166,418.8072365270065,0.8,31.43329365079364,
sarima_dcf,carbon,USA|massachusetts,US,True,rolling,2022-12-01,11,2023-11-01,383.4,374.2622092405825,34.997698322255516,329.4108541652383,419.1135643159267,0.8,31.43329365079364,
sarima_dcf,carbon,USA|massachusetts,US,True,rolling,2022-12-01,12,2023-12-01,405.3,395.33945999665866,35.19878022845243,350.23040808962514,440.4485119036922,0.8,31.43329365079364,
sarima_dcf,carbon,USA|massachusetts,US,True,rolling,2023-12-01,1,2024-01-01,418.1,403.86271071315565,26.15186361813291,370.34774895142857,437.37767247488273,0.8,30.953409090909087,
sarima_dcf,carbon,USA|massachusetts,US,True,rolling,2023-12-01,2,2024-02-01,377.32,389.31207090028056,30.298844557140075,350.4825392238852,428.1416025766759,0.8,30.953409090909087,
sarima_dcf,carbon,USA|massachusetts,US,True,rolling,2023-12-01,3,2024-03-01,363.68,352.54852934431256,31.80411457955615,311.7899165141225,393.3071421745026,0.8,30.953409090909087,
sarima_dcf,carbon,USA|massachusetts,US,True,rolling,2023-12-01,4,2024-04-01,318.78,341.82905040236085,32.51165877365401,300.1636832025327,383.494417602189,0.8,30.953409090909087,
sarima_dcf,carbon,USA|massachusetts,US,True,rolling,2023-12-01,5,2024-05-01,300.17,337.7349266834108,32.929471868555176,295.534110457707,379.93574290911454,0.8,30.953409090909087,
sarima_dcf,carbon,USA|massachusetts,US,True,rolling,2023-12-01,6,2024-06-01,324.06,359.61959291763765,33.227688422041574,317.0365968009421,402.2025890343332,0.8,30.953409090909087,
sarima_dcf,carbon,USA|massachusetts,US,True,rolling,2023-12-01,7,2024-07-01,373.16,384.50258676915206,33.471569643125335,341.6070442917697,427.39812924653444,0.8,30.953409090909087,
sarima_dcf,carbon,USA|massachusetts,US,True,rolling,2023-12-01,8,2024-08-01,350.95,383.4043988109134,33.68897902214472,340.2302350034846,426.5785626183422,0.8,30.953409090909087,
sarima_dcf,carbon,USA|massachusetts,US,True,rolling,2023-12-01,9,2024-09-01,322.62,366.6400255712262,33.892769166217796,323.204694185618,410.0753569568344,0.8,30.953409090909087,
sarima_dcf,carbon,USA|massachusetts,US,True,rolling,2023-12-01,10,2024-10-01,356.83,367.3476375950818,34.08917293280492,323.660604654925,411.03467053523855,0.8,30.953409090909087,
sarima_dcf,carbon,USA|massachusetts,US,True,rolling,2023-12-01,11,2024-11-01,397.72,368.25138144492286,34.281306131843436,324.3181199027452,412.1846429871005,0.8,30.953409090909087,
sarima_dcf,carbon,USA|massachusetts,US,True,rolling,2023-12-01,12,2024-12-01,400.89,388.01617833207905,34.470755598020254,343.8401275299309,432.1922291342272,0.8,30.953409090909087,
sarima_dcf,carbon,USA|massachusetts,US,True,rolling,2024-12-01,1,2025-01-01,404.92,399.69430646324514,25.96863935843182,366.41415603838374,432.97445688810654,0.8,30.422898550724636,
sarima_dcf,carbon,USA|massachusetts,US,True,rolling,2024-12-01,2,2025-02-01,376.99,380.3400059209729,30.08510264737738,341.7843955236564,418.89561631828934,0.8,30.422898550724636,
sarima_dcf,carbon,USA|massachusetts,US,True,rolling,2024-12-01,3,2025-03-01,333.7,348.5210594084534,31.568192553875964,308.06479281962027,388.9773259972866,0.8,30.422898550724636,
sarima_dcf,carbon,USA|massachusetts,US,True,rolling,2024-12-01,4,2025-04-01,313.88,332.3053972472564,32.255598275568026,290.9681847796245,373.6426097148883,0.8,30.422898550724636,
sarima_dcf,carbon,USA|massachusetts,US,True,rolling,2024-12-01,5,2025-05-01,316.29,325.8496780694513,32.654618110101175,284.00110110819,367.6982550307125,0.8,30.422898550724636,
sarima_dcf,carbon,USA|massachusetts,US,True,rolling,2024-12-01,6,2025-06-01,361.62,347.1193378343005,32.93495905574302,304.9114894952657,389.3271861733353,0.8,30.422898550724636,
sarima_dcf,carbon,USA|massachusetts,US,True,rolling,2024-12-01,7,2025-07-01,380.36,374.805350715213,33.16151731454185,332.30715628492754,417.3035451454985,0.8,30.422898550724636,
sarima_dcf,carbon,USA|massachusetts,US,True,rolling,2024-12-01,8,2025-08-01,369.05,370.1722082461769,33.36192543988136,327.4171804691147,412.9272360232391,0.8,30.422898550724636,
sarima_dcf,carbon,USA|massachusetts,US,True,rolling,2024-12-01,9,2025-09-01,352.75,352.2682471407535,33.54891972445166,309.2735765455524,395.2629177359546,0.8,30.422898550724636,
sarima_dcf,carbon,USA|massachusetts,US,True,rolling,2024-12-01,10,2025-10-01,380.75,358.6752811423377,33.728685156325035,315.45023187648843,401.900330408187,0.8,30.422898550724636,
sarima_dcf,carbon,USA|massachusetts,US,True,rolling,2024-12-01,11,2025-11-01,402.83,366.36827568619816,33.90432261873952,322.91813795542333,409.818413416973,0.8,30.422898550724636,
sarima_dcf,carbon,USA|massachusetts,US,True,rolling,2024-12-01,12,2025-12-01,422.41,382.47341789529787,34.07741702718048,338.8014507543985,426.14538503619724,0.8,30.422898550724636,
sarima_dcf,carbon,USA|michigan,US,True,holdout,last12,1,2025-01-01,407.72,404.85347929644894,30.43519646385236,365.84920562054145,443.8577529723564,0.8,34.51221014492753,
sarima_dcf,carbon,USA|michigan,US,True,holdout,last12,2,2025-02-01,420.15,390.1542829181384,34.26340895626293,346.24395752934475,434.06460830693203,0.8,34.51221014492753,
sarima_dcf,carbon,USA|michigan,US,True,holdout,last12,3,2025-03-01,380.18,384.69816687770464,35.45368708983818,339.2624386833941,430.13389507201515,0.8,34.51221014492753,
sarima_dcf,carbon,USA|michigan,US,True,holdout,last12,4,2025-04-01,418.42,393.2728677080913,35.978049505526755,347.1651420390424,439.38059337714026,0.8,34.51221014492753,
sarima_dcf,carbon,USA|michigan,US,True,holdout,last12,5,2025-05-01,364.77,394.55452306101057,36.2931357078701,348.042998176067,441.06604794595415,0.8,34.51221014492753,
sarima_dcf,carbon,USA|michigan,US,True,holdout,last12,6,2025-06-01,407.07,407.554011092913,36.5312217162238,360.7373667112295,454.3706554745965,0.8,34.51221014492753,
sarima_dcf,carbon,USA|michigan,US,True,holdout,last12,7,2025-07-01,435.01,423.14835334945883,36.737721941552316,376.06706828072026,470.2296384181974,0.8,34.51221014492753,
sarima_dcf,carbon,USA|michigan,US,True,holdout,last12,8,2025-08-01,420.27,418.61463623485594,36.930251963059774,371.2866140156401,465.94265845407176,0.8,34.51221014492753,
sarima_dcf,carbon,USA|michigan,US,True,holdout,last12,9,2025-09-01,427.23,411.5654571964965,37.11616714025939,363.999175090882,459.131739302111,0.8,34.51221014492753,
sarima_dcf,carbon,USA|michigan,US,True,holdout,last12,10,2025-10-01,430.56,405.2332999312243,37.29866313823874,357.4331397936937,453.03346006875483,0.8,34.51221014492753,
sarima_dcf,carbon,USA|michigan,US,True,holdout,last12,11,2025-11-01,379.01,390.78624784436107,37.47915876308473,342.7547732562352,438.81772243248696,0.8,34.51221014492753,
sarima_dcf,carbon,USA|michigan,US,True,holdout,last12,12,2025-12-01,386.03,394.6626093870754,37.65829305024557,346.4015649727959,442.92365380135493,0.8,34.51221014492753,
sarima_dcf,carbon,USA|michigan,US,True,rolling,2022-12-01,1,2023-01-01,434.01,413.8367611152849,30.908524194948217,374.22589354457585,453.44762868599395,0.8,34.86503968253969,
sarima_dcf,carbon,USA|michigan,US,True,rolling,2022-12-01,2,2023-02-01,368.98,409.5303037510302,34.883692130418915,364.825053489316,454.2355540127444,0.8,34.86503968253969,
sarima_dcf,carbon,USA|michigan,US,True,rolling,2022-12-01,3,2023-03-01,377.53,406.47028106454763,36.15583381373523,360.1347156369849,452.8058464921104,0.8,34.86503968253969,
sarima_dcf,carbon,USA|michigan,US,True,rolling,2022-12-01,4,2023-04-01,356.27,408.31967370249765,36.733949793728385,361.2432228357083,455.396124569287,0.8,34.86503968253969,
sarima_dcf,carbon,USA|michigan,US,True,rolling,2022-12-01,5,2023-05-01,342.23,418.1381804814727,37.090109549635685,370.6052925219164,465.67106844102904,0.8,34.86503968253969,
sarima_dcf,carbon,USA|michigan,US,True,rolling,2022-12-01,6,2023-06-01,400.75,425.1459251988936,37.36340220322727,377.2627986112751,473.0290517865121,0.8,34.86503968253969,
sarima_dcf,carbon,USA|michigan,US,True,rolling,2022-12-01,7,2023-07-01,423.47,439.16240158721706,37.60228826570246,390.9731301922467,487.35167298218744,0.8,34.86503968253969,
sarima_dcf,carbon,USA|michigan,US,True,rolling,2022-12-01,8,2023-08-01,443.64,432.19721056514123,37.82576008418878,383.7215485113346,480.67287261894785,0.8,34.86503968253969,
sarima_dcf,carbon,USA|michigan,US,True,rolling,2022-12-01,9,2023-09-01,441.35,424.33661015116775,38.04180215798861,375.5840790394595,473.089141262876,0.8,34.86503968253969,
sarima_dcf,carbon,USA|michigan,US,True,rolling,2022-12-01,10,2023-10-01,423.53,422.81113254291256,38.25390096973332,373.7867858669627,471.8354792188624,0.8,34.86503968253969,
sarima_dcf,carbon,USA|michigan,US,True,rolling,2022-12-01,11,2023-11-01,393.13,409.310224726568,38.46361178176474,360.0171228311476,458.60332662198834,0.8,34.86503968253969,
sarima_dcf,carbon,USA|michigan,US,True,rolling,2022-12-01,12,2023-12-01,396.81,410.8065140230499,38.67163950995833,361.2468138668864,460.3662141792134,0.8,34.86503968253969,
sarima_dcf,carbon,USA|michigan,US,True,rolling,2023-12-01,1,2024-01-01,403.71,403.1988166776918,30.674089435948964,363.8883893393963,442.5092440159873,0.8,34.88613636363636,
sarima_dcf,carbon,USA|michigan,US,True,rolling,2023-12-01,2,2024-02-01,373.79,392.1401173335069,34.67253120582539,347.70548068528734,436.5747539817265,0.8,34.88613636363636,
sarima_dcf,carbon,USA|michigan,US,True,rolling,2023-12-01,3,2024-03-01,347.21,390.43824527542114,35.94406639155939,344.37407071927913,436.50241983156315,0.8,34.88613636363636,
sarima_dcf,carbon,USA|michigan,US,True,rolling,2023-12-01,4,2024-04-01,431.69,389.7908285804982,36.508115154801054,343.00379644878035,436.5778607122161,0.8,34.88613636363636,
sarima_dcf,carbon,USA|michigan,US,True,rolling,2023-12-01,5,2024-05-01,401.12,396.0229196006537,36.845054821254635,348.8040819118982,443.24175728940924,0.8,34.88613636363636,
sarima_dcf,carbon,USA|michigan,US,True,rolling,2023-12-01,6,2024-06-01,420.26,408.85099122101605,37.09702033630135,361.30924673198916,456.3927357100429,0.8,34.88613636363636,
sarima_dcf,carbon,USA|michigan,US,True,rolling,2023-12-01,7,2024-07-01,449.65,423.40172696480056,37.31358966407443,375.5824377147172,471.22101621488395,0.8,34.88613636363636,
sarima_dcf,carbon,USA|michigan,US,True,rolling,2023-12-01,8,2024-08-01,438.93,419.6653151785277,37.514274194549564,371.5888383542333,467.7417920028221,0.8,34.88613636363636,
sarima_dcf,carbon,USA|michigan,US,True,rolling,2023-12-01,9,2024-09-01,428.71,412.7185508391381,37.70735180644864,364.39463509904283,461.0424665792334,0.8,34.88613636363636,
sarima_dcf,carbon,USA|michigan,US,True,rolling,2023-12-01,10,2024-10-01,395.75,409.43695208379006,37.896483684739934,360.8706540889762,458.0032500786039,0.8,34.88613636363636,
sarima_dcf,carbon,USA|michigan,US,True,rolling,2023-12-01,11,2024-11-01,375.55,394.7530447474502,38.083326475134314,345.9472980820957,443.5587914128047,0.8,34.88613636363636,
sarima_dcf,carbon,USA|michigan,US,True,rolling,2023-12-01,12,2024-12-01,404.1,396.06547501164323,38.26864084253405,347.0222384286297,445.10871159465677,0.8,34.88613636363636,
sarima_dcf,carbon,USA|michigan,US,True,rolling,2024-12-01,1,2025-01-01,407.72,404.85347929644894,30.43519646385236,365.84920562054145,443.8577529723564,0.8,34.51221014492753,
sarima_dcf,carbon,USA|michigan,US,True,rolling,2024-12-01,2,2025-02-01,420.15,390.1542829181384,34.26340895626293,346.24395752934475,434.06460830693203,0.8,34.51221014492753,
sarima_dcf,carbon,USA|michigan,US,True,rolling,2024-12-01,3,2025-03-01,380.18,384.69816687770464,35.45368708983818,339.2624386833941,430.13389507201515,0.8,34.51221014492753,
sarima_dcf,carbon,USA|michigan,US,True,rolling,2024-12-01,4,2025-04-01,418.42,393.2728677080913,35.978049505526755,347.1651420390424,439.38059337714026,0.8,34.51221014492753,
sarima_dcf,carbon,USA|michigan,US,True,rolling,2024-12-01,5,2025-05-01,364.77,394.55452306101057,36.2931357078701,348.042998176067,441.06604794595415,0.8,34.51221014492753,
sarima_dcf,carbon,USA|michigan,US,True,rolling,2024-12-01,6,2025-06-01,407.07,407.554011092913,36.5312217162238,360.7373667112295,454.3706554745965,0.8,34.51221014492753,
sarima_dcf,carbon,USA|michigan,US,True,rolling,2024-12-01,7,2025-07-01,435.01,423.14835334945883,36.737721941552316,376.06706828072026,470.2296384181974,0.8,34.51221014492753,
sarima_dcf,carbon,USA|michigan,US,True,rolling,2024-12-01,8,2025-08-01,420.27,418.61463623485594,36.930251963059774,371.2866140156401,465.94265845407176,0.8,34.51221014492753,
sarima_dcf,carbon,USA|michigan,US,True,rolling,2024-12-01,9,2025-09-01,427.23,411.5654571964965,37.11616714025939,363.999175090882,459.131739302111,0.8,34.51221014492753,
sarima_dcf,carbon,USA|michigan,US,True,rolling,2024-12-01,10,2025-10-01,430.56,405.2332999312243,37.29866313823874,357.4331397936937,453.03346006875483,0.8,34.51221014492753,
sarima_dcf,carbon,USA|michigan,US,True,rolling,2024-12-01,11,2025-11-01,379.01,390.78624784436107,37.47915876308473,342.7547732562352,438.81772243248696,0.8,34.51221014492753,
sarima_dcf,carbon,USA|michigan,US,True,rolling,2024-12-01,12,2025-12-01,386.03,394.6626093870754,37.65829305024557,346.4015649727959,442.92365380135493,0.8,34.51221014492753,
sarima_dcf,carbon,USA|minnesota,US,True,holdout,last12,1,2025-01-01,328.65,345.7619061928382,31.128389440777195,305.86926997212817,385.6545424135482,0.8,34.071775362318846,
sarima_dcf,carbon,USA|minnesota,US,True,holdout,last12,2,2025-02-01,310.74,290.39224788902106,34.96393265944986,245.5841652517071,335.200330526335,0.8,34.071775362318846,
sarima_dcf,carbon,USA|minnesota,US,True,holdout,last12,3,2025-03-01,252.61,253.79779956462332,36.087419678301,207.54991037943165,300.045688749815,0.8,34.071775362318846,
sarima_dcf,carbon,USA|minnesota,US,True,holdout,last12,4,2025-04-01,241.76,221.14667468313309,36.53855923493092,174.32062689286323,267.97272247340294,0.8,34.071775362318846,
sarima_dcf,carbon,USA|minnesota,US,True,holdout,last12,5,2025-05-01,260.87,239.53607251665272,36.784769005637536,192.39449420928145,286.677650824024,0.8,34.071775362318846,
sarima_dcf,carbon,USA|minnesota,US,True,holdout,last12,6,2025-06-01,297.22,299.6123963377395,36.957702384041966,252.2491949885391,346.97559768693986,0.8,34.071775362318846,
sarima_dcf,carbon,USA|minnesota,US,True,holdout,last12,7,2025-07-01,393.28,347.39440155026875,37.101171994077546,299.8473364977192,394.9414666028183,0.8,34.071775362318846,
sarima_dcf,carbon,USA|minnesota,US,True,holdout,last12,8,2025-08-01,385.78,330.98771401124907,37.231837677203615,283.27319414792635,378.7022338745718,0.8,34.071775362318846,
sarima_dcf,carbon,USA|minnesota,US,True,holdout,last12,9,2025-09-01,311.76,282.7807799510078,37.35661928848878,234.9063460183914,330.6552138836242,0.8,34.071775362318846,
sarima_dcf,carbon,USA|minnesota,US,True,holdout,last12,10,2025-10-01,259.0,275.27040806249494,37.47853861221417,227.23972822968813,323.30108789530175,0.8,34.071775362318846,
sarima_dcf,carbon,USA|minnesota,US,True,holdout,last12,11,2025-11-01,279.09,287.83879100777574,37.59895021354368,239.65379749877536,336.0237845167761,0.8,34.071775362318846,
sarima_dcf,carbon,USA|minnesota,US,True,holdout,last12,12,2025-12-01,304.58,312.61658535467245,37.71846988033765,264.2784212295789,360.954749479766,0.8,34.071775362318846,
sarima_dcf,carbon,USA|minnesota,US,True,rolling,2022-12-01,1,2023-01-01,334.68,331.73946094989003,30.228193121933003,293.0004727308923,370.4784491688878,0.8,33.015079365079366,
sarima_dcf,carbon,USA|minnesota,US,True,rolling,2022-12-01,2,2023-02-01,217.12,317.2025783316049,34.110824393319135,273.4877979283298,360.91735873488,0.8,33.015079365079366,
sarima_dcf,carbon,USA|minnesota,US,True,rolling,2022-12-01,3,2023-03-01,261.24,262.60399619908196,35.28992995642978,217.3781312154601,307.82986118270384,0.8,33.015079365079366,
sarima_dcf,carbon,USA|minnesota,US,True,rolling,2022-12-01,4,2023-04-01,237.6,222.2763750714716,35.77617965236182,176.4273560287824,268.12539411416077,0.8,33.015079365079366,
sarima_dcf,carbon,USA|minnesota,US,True,rolling,2022-12-01,5,2023-05-01,257.37,241.07443199172397,36.04499785704088,194.88090855798146,287.2679554254665,0.8,33.015079365079366,
sarima_dcf,carbon,USA|minnesota,US,True,rolling,2022-12-01,6,2023-06-01,362.49,301.9651920347155,36.234225511854376,255.52916360370244,348.4012204657286,0.8,33.015079365079366,
sarima_dcf,carbon,USA|minnesota,US,True,rolling,2022-12-01,7,2023-07-01,376.39,355.37748256559047,36.3908115984193,308.7407809901976,402.01418414098333,0.8,33.015079365079366,
sarima_dcf,carbon,USA|minnesota,US,True,rolling,2022-12-01,8,2023-08-01,339.99,345.29559105303184,36.5329455507216,298.4767374885489,392.1144446175148,0.8,33.015079365079366,
sarima_dcf,carbon,USA|minnesota,US,True,rolling,2022-12-01,9,2023-09-01,303.39,289.5346746642398,36.66831254438784,242.54234131710083,336.5270080113787,0.8,33.015079365079366,
sarima_dcf,carbon,USA|minnesota,US,True,rolling,2022-12-01,10,2023-10-01,336.15,291.54303507770044,36.800326938294425,244.3815184773761,338.7045516780248,0.8,33.015079365079366,
sarima_dcf,carbon,USA|minnesota,US,True,rolling,2022-12-01,11,2023-11-01,353.31,281.54489616834127,36.93054708254769,234.2164957382837,328.87329659839884,0.8,33.015079365079366,
sarima_dcf,carbon,USA|minnesota,US,True,rolling,2022-12-01,12,2023-12-01,367.45,306.60318226650196,37.05969483110697,259.1092723370917,354.09709219591224,0.8,33.015079365079366,
sarima_dcf,carbon,USA|minnesota,US,True,rolling,2023-12-01,1,2024-01-01,428.51,348.0679923041933,30.858360444071337,308.5214121669541,387.6145724414325,0.8,33.69564393939394,
sarima_dcf,carbon,USA|minnesota,US,True,rolling,2023-12-01,2,2024-02-01,306.83,304.0011428168733,34.790689780712874,259.4150798620242,348.58720577172244,0.8,33.69564393939394,
sarima_dcf,carbon,USA|minnesota,US,True,rolling,2023-12-01,3,2024-03-01,250.51,269.1664295691516,35.980315966783074,223.0557993131314,315.2770598251718,0.8,33.69564393939394,
sarima_dcf,carbon,USA|minnesota,US,True,rolling,2023-12-01,4,2024-04-01,222.43,233.03279797997664,36.47135247524126,186.29287911780227,279.772716842151,0.8,33.69564393939394,
sarima_dcf,carbon,USA|minnesota,US,True,rolling,2023-12-01,5,2024-05-01,244.82,250.44284637744641,36.744077639013604,203.35341615467618,297.5322766002166,0.8,33.69564393939394,
sarima_dcf,carbon,USA|minnesota,US,True,rolling,2023-12-01,6,2024-06-01,293.73,315.31299681259253,36.93712452801517,267.97616704699885,362.6498265781862,0.8,33.69564393939394,
sarima_dcf,carbon,USA|minnesota,US,True,rolling,2023-12-01,7,2024-07-01,369.5,356.9557925167874,37.09758481979758,309.4133246130522,404.4982604205226,0.8,33.69564393939394,
sarima_dcf,carbon,USA|minnesota,US,True,rolling,2023-12-01,8,2024-08-01,345.11,342.1333174926295,37.24366000185555,294.4036467106407,389.86298827461826,0.8,33.69564393939394,
sarima_dcf,carbon,USA|minnesota,US,True,rolling,2023-12-01,9,2024-09-01,291.17,293.8219760396887,37.383016465655544,245.91371276334826,341.73023931602916,0.8,33.69564393939394,
sarima_dcf,carbon,USA|minnesota,US,True,rolling,2023-12-01,10,2024-10-01,226.02,301.7915033103123,37.5190464939608,253.70891053823618,349.8740960823884,0.8,33.69564393939394,
sarima_dcf,carbon,USA|minnesota,US,True,rolling,2023-12-01,11,2024-11-01,297.94,298.55816691726966,37.653291088989846,250.30353277426818,346.81280106027117,0.8,33.69564393939394,
sarima_dcf,carbon,USA|minnesota,US,True,rolling,2023-12-01,12,2024-12-01,339.77,319.5037207583597,37.78646048464565,271.07842316787287,367.9290183488465,0.8,33.69564393939394,
sarima_dcf,carbon,USA|minnesota,US,True,rolling,2024-12-01,1,2025-01-01,328.65,345.7619061928382,31.128389440777195,305.86926997212817,385.6545424135482,0.8,34.071775362318846,
sarima_dcf,carbon,USA|minnesota,US,True,rolling,2024-12-01,2,2025-02-01,310.74,290.39224788902106,34.96393265944986,245.5841652517071,335.200330526335,0.8,34.071775362318846,
sarima_dcf,carbon,USA|minnesota,US,True,rolling,2024-12-01,3,2025-03-01,252.61,253.79779956462332,36.087419678301,207.54991037943165,300.045688749815,0.8,34.071775362318846,
sarima_dcf,carbon,USA|minnesota,US,True,rolling,2024-12-01,4,2025-04-01,241.76,221.14667468313309,36.53855923493092,174.32062689286323,267.97272247340294,0.8,34.071775362318846,
sarima_dcf,carbon,USA|minnesota,US,True,rolling,2024-12-01,5,2025-05-01,260.87,239.53607251665272,36.784769005637536,192.39449420928145,286.677650824024,0.8,34.071775362318846,
sarima_dcf,carbon,USA|minnesota,US,True,rolling,2024-12-01,6,2025-06-01,297.22,299.6123963377395,36.957702384041966,252.2491949885391,346.97559768693986,0.8,34.071775362318846,
sarima_dcf,carbon,USA|minnesota,US,True,rolling,2024-12-01,7,2025-07-01,393.28,347.39440155026875,37.101171994077546,299.8473364977192,394.9414666028183,0.8,34.071775362318846,
sarima_dcf,carbon,USA|minnesota,US,True,rolling,2024-12-01,8,2025-08-01,385.78,330.98771401124907,37.231837677203615,283.27319414792635,378.7022338745718,0.8,34.071775362318846,
sarima_dcf,carbon,USA|minnesota,US,True,rolling,2024-12-01,9,2025-09-01,311.76,282.7807799510078,37.35661928848878,234.9063460183914,330.6552138836242,0.8,34.071775362318846,
sarima_dcf,carbon,USA|minnesota,US,True,rolling,2024-12-01,10,2025-10-01,259.0,275.27040806249494,37.47853861221417,227.23972822968813,323.30108789530175,0.8,34.071775362318846,
sarima_dcf,carbon,USA|minnesota,US,True,rolling,2024-12-01,11,2025-11-01,279.09,287.83879100777574,37.59895021354368,239.65379749877536,336.0237845167761,0.8,34.071775362318846,
sarima_dcf,carbon,USA|minnesota,US,True,rolling,2024-12-01,12,2025-12-01,304.58,312.61658535467245,37.71846988033765,264.2784212295789,360.954749479766,0.8,34.071775362318846,
sarima_dcf,carbon,USA|mississippi,US,True,holdout,last12,1,2025-01-01,417.07,416.1908131799425,32.73521884234895,374.2389422240851,458.14268413579987,0.8,37.87673913043478,
sarima_dcf,carbon,USA|mississippi,US,True,holdout,last12,2,2025-02-01,426.6,413.9826842007534,36.49633865354915,367.2107442626516,460.7546241388552,0.8,37.87673913043478,
sarima_dcf,carbon,USA|mississippi,US,True,holdout,last12,3,2025-03-01,400.72,405.2541835389037,37.54266747720338,357.14131925877336,453.36704781903404,0.8,37.87673913043478,
sarima_dcf,carbon,USA|mississippi,US,True,holdout,last12,4,2025-04-01,398.44,422.3301581713979,37.95203908828224,373.6926630621999,470.96765328059587,0.8,37.87673913043478,
sarima_dcf,carbon,USA|mississippi,US,True,holdout,last12,5,2025-05-01,388.53,411.40127937626045,38.175655814515416,362.4772079014764,460.3253508510445,0.8,37.87673913043478,
sarima_dcf,carbon,USA|mississippi,US,True,holdout,last12,6,2025-06-01,424.95,418.3920980904744,38.335063280445524,369.2637377281681,467.5204584527807,0.8,37.87673913043478,
sarima_dcf,carbon,USA|mississippi,US,True,holdout,last12,7,2025-07-01,427.26,418.1691286151047,38.469408790237026,368.8685975544012,467.46965967580815,0.8,37.87673913043478,
sarima_dcf,carbon,USA|mississippi,US,True,holdout,last12,8,2025-08-01,422.52,423.28499986187325,38.593175600373584,373.8258552518768,472.7441444718697,0.8,37.87673913043478,
sarima_dcf,carbon,USA|mississippi,US,True,holdout,last12,9,2025-09-01,411.96,421.7610782056275,38.712203955415276,372.1493926208832,471.3727637903718,0.8,37.87673913043478,
sarima_dcf,carbon,USA|mississippi,US,True,holdout,last12,10,2025-10-01,404.73,423.47214470319994,38.828938056586786,373.71085834834685,473.23343105805304,0.8,37.87673913043478,
sarima_dcf,carbon,USA|mississippi,US,True,holdout,last12,11,2025-11-01,401.86,419.28269475661807,38.94432987992225,369.3735278299184,469.19186168331777,0.8,37.87673913043478,
sarima_dcf,carbon,USA|mississippi,US,True,holdout,last12,12,2025-12-01,409.28,419.7378300367984,39.058324147423995,369.6825735781187,469.7930864954781,0.8,37.87673913043478,
sarima_dcf,carbon,USA|mississippi,US,True,rolling,2022-12-01,1,2023-01-01,419.34,439.9942962587873,33.732684026288354,396.76412223487614,483.22447028269846,0.8,38.592261904761905,
sarima_dcf,carbon,USA|mississippi,US,True,rolling,2022-12-01,2,2023-02-01,400.79,439.2270772837453,37.744989022754346,390.8549275101707,487.5992270573199,0.8,38.592261904761905,
sarima_dcf,carbon,USA|mississippi,US,True,rolling,2022-12-01,3,2023-03-01,418.96,442.44911414339487,38.851641099571395,392.6587326682622,492.23949561852754,0.8,38.592261904761905,
sarima_dcf,carbon,USA|mississippi,US,True,rolling,2022-12-01,4,2023-04-01,414.82,443.98249233500826,39.26052521163085,393.6681047859395,494.29687988407704,0.8,38.592261904761905,
sarima_dcf,carbon,USA|mississippi,US,True,rolling,2022-12-01,5,2023-05-01,407.35,442.15667885202396,39.465364458313054,391.5797792456846,492.7335784583633,0.8,38.592261904761905,
sarima_dcf,carbon,USA|mississippi,US,True,rolling,2022-12-01,6,2023-06-01,429.0,442.09728407016286,39.60004447907755,391.34778507236524,492.8467830679605,0.8,38.592261904761905,
sarima_dcf,carbon,USA|mississippi,US,True,rolling,2022-12-01,7,2023-07-01,440.16,444.2164154231339,39.707334295220825,393.3294189934909,495.10341185277696,0.8,38.592261904761905,
sarima_dcf,carbon,USA|mississippi,US,True,rolling,2022-12-01,8,2023-08-01,444.03,442.76158869691335,39.80298242924081,391.75201425137556,493.77116314245114,0.8,38.592261904761905,
sarima_dcf,carbon,USA|mississippi,US,True,rolling,2022-12-01,9,2023-09-01,420.97,439.96938528899346,39.893403449949716,388.84393164280806,491.09483893517887,0.8,38.592261904761905,
sarima_dcf,carbon,USA|mississippi,US,True,rolling,2022-12-01,10,2023-10-01,415.45,436.45269770609093,39.98137093347432,385.21450919367754,487.6908862185043,0.8,38.592261904761905,
sarima_dcf,carbon,USA|mississippi,US,True,rolling,2022-12-01,11,2023-11-01,390.13,439.12065450646963,40.06812264412246,387.77128920346144,490.47001980947783,0.8,38.592261904761905,
sarima_dcf,carbon,USA|mississippi,US,True,rolling,2022-12-01,12,2023-12-01,453.66,439.4227207632118,40.154219833826055,387.96301747195,490.88242405447363,0.8,38.592261904761905,
sarima_dcf,carbon,USA|mississippi,US,True,rolling,2023-12-01,1,2024-01-01,436.16,442.6155286471526,33.27476894186493,399.97219641657074,485.25886087773443,0.8,38.49060606060606,
sarima_dcf,carbon,USA|mississippi,US,True,rolling,2023-12-01,2,2024-02-01,402.69,435.6202692995779,37.2094577984685,387.93443040488484,483.30610819427096,0.8,38.49060606060606,
sarima_dcf,carbon,USA|mississippi,US,True,rolling,2023-12-01,3,2024-03-01,489.53,436.3281197165565,38.29163094918228,387.2554201263759,485.4008193067371,0.8,38.49060606060606,
sarima_dcf,carbon,USA|mississippi,US,True,rolling,2023-12-01,4,2024-04-01,395.19,436.30629265787803,38.69189600621718,386.72063275722155,485.8919525585345,0.8,38.49060606060606,
sarima_dcf,carbon,USA|mississippi,US,True,rolling,2023-12-01,5,2024-05-01,420.18,434.33754268810384,38.89331630800684,384.49375228435633,484.18133309185134,0.8,38.49060606060606,
sarima_dcf,carbon,USA|mississippi,US,True,rolling,2023-12-01,6,2024-06-01,418.55,434.88014573970355,39.026475204979775,384.8657053430742,484.8945861363329,0.8,38.49060606060606,
sarima_dcf,carbon,USA|mississippi,US,True,rolling,2023-12-01,7,2024-07-01,424.55,436.92324389215037,39.13302521182167,386.772254167444,487.07423361685676,0.8,38.49060606060606,
sarima_dcf,carbon,USA|mississippi,US,True,rolling,2023-12-01,8,2024-08-01,423.26,435.5246128443459,39.22828792920045,385.2515390350447,485.7976866536471,0.8,38.49060606060606,
sarima_dcf,carbon,USA|mississippi,US,True,rolling,2023-12-01,9,2024-09-01,422.18,432.3455713332639,39.31849366145806,381.9568942265669,482.7342484399609,0.8,38.49060606060606,
sarima_dcf,carbon,USA|mississippi,US,True,rolling,2023-12-01,10,2024-10-01,383.13,428.4703587504871,39.406329579057584,377.96911538607935,478.97160211489484,0.8,38.49060606060606,
sarima_dcf,carbon,USA|mississippi,US,True,rolling,2023-12-01,11,2024-11-01,433.34,429.95382757874233,39.492991329788644,379.34152271201236,480.5661324454723,0.8,38.49060606060606,
sarima_dcf,carbon,USA|mississippi,US,True,rolling,2023-12-01,12,2024-12-01,406.52,432.2027095833578,39.57901896808824,381.48015586208487,482.9252633046307,0.8,38.49060606060606,
sarima_dcf,carbon,USA|mississippi,US,True,rolling,2024-12-01,1,2025-01-01,417.07,416.1908131799425,32.73521884234895,374.2389422240851,458.14268413579987,0.8,37.87673913043478,
sarima_dcf,carbon,USA|mississippi,US,True,rolling,2024-12-01,2,2025-02-01,426.6,413.9826842007534,36.49633865354915,367.2107442626516,460.7546241388552,0.8,37.87673913043478,
sarima_dcf,carbon,USA|mississippi,US,True,rolling,2024-12-01,3,2025-03-01,400.72,405.2541835389037,37.54266747720338,357.14131925877336,453.36704781903404,0.8,37.87673913043478,
sarima_dcf,carbon,USA|mississippi,US,True,rolling,2024-12-01,4,2025-04-01,398.44,422.3301581713979,37.95203908828224,373.6926630621999,470.96765328059587,0.8,37.87673913043478,
sarima_dcf,carbon,USA|mississippi,US,True,rolling,2024-12-01,5,2025-05-01,388.53,411.40127937626045,38.175655814515416,362.4772079014764,460.3253508510445,0.8,37.87673913043478,
sarima_dcf,carbon,USA|mississippi,US,True,rolling,2024-12-01,6,2025-06-01,424.95,418.3920980904744,38.335063280445524,369.2637377281681,467.5204584527807,0.8,37.87673913043478,
sarima_dcf,carbon,USA|mississippi,US,True,rolling,2024-12-01,7,2025-07-01,427.26,418.1691286151047,38.469408790237026,368.8685975544012,467.46965967580815,0.8,37.87673913043478,
sarima_dcf,carbon,USA|mississippi,US,True,rolling,2024-12-01,8,2025-08-01,422.52,423.28499986187325,38.593175600373584,373.8258552518768,472.7441444718697,0.8,37.87673913043478,
sarima_dcf,carbon,USA|mississippi,US,True,rolling,2024-12-01,9,2025-09-01,411.96,421.7610782056275,38.712203955415276,372.1493926208832,471.3727637903718,0.8,37.87673913043478,
sarima_dcf,carbon,USA|mississippi,US,True,rolling,2024-12-01,10,2025-10-01,404.73,423.47214470319994,38.828938056586786,373.71085834834685,473.23343105805304,0.8,37.87673913043478,
sarima_dcf,carbon,USA|mississippi,US,True,rolling,2024-12-01,11,2025-11-01,401.86,419.28269475661807,38.94432987992225,369.3735278299184,469.19186168331777,0.8,37.87673913043478,
sarima_dcf,carbon,USA|mississippi,US,True,rolling,2024-12-01,12,2025-12-01,409.28,419.7378300367984,39.058324147423995,369.6825735781187,469.7930864954781,0.8,37.87673913043478,
sarima_dcf,carbon,USA|missouri,US,False,holdout,last12,1,2025-01-01,574.11,560.0973655531856,29.900311254991966,521.7785748540798,598.4161562522913,0.8,37.0218115942029,
sarima_dcf,carbon,USA|missouri,US,False,holdout,last12,2,2025-02-01,587.64,560.5342943983179,35.83394555160907,514.6112453770133,606.4573434196225,0.8,37.0218115942029,
sarima_dcf,carbon,USA|missouri,US,False,holdout,last12,3,2025-03-01,534.45,561.2909934695997,38.43009352459341,512.0408469491316,610.5411399900678,0.8,37.0218115942029,
sarima_dcf,carbon,USA|missouri,US,False,holdout,last12,4,2025-04-01,614.77,559.1591583492733,39.838018220756965,508.1046837302679,610.2136329682787,0.8,37.0218115942029,
sarima_dcf,carbon,USA|missouri,US,False,holdout,last12,5,2025-05-01,642.94,555.3931293421442,40.74313206029642,503.17870466508094,607.6075540192074,0.8,37.0218115942029,
sarima_dcf,carbon,USA|missouri,US,False,holdout,last12,6,2025-06-01,644.14,554.1264598223254,41.41139414637643,501.0556228226522,607.1972968219986,0.8,37.0218115942029,
sarima_dcf,carbon,USA|missouri,US,False,holdout,last12,7,2025-07-01,591.49,552.6966880350662,41.958919637854166,498.9241688846142,606.4692071855184,0.8,37.0218115942029,
sarima_dcf,carbon,USA|missouri,US,False,holdout,last12,8,2025-08-01,586.33,552.9405657151663,42.441034766234026,498.55019116716625,607.3309402631663,0.8,37.0218115942029,
sarima_dcf,carbon,USA|missouri,US,False,holdout,last12,9,2025-09-01,580.63,554.1662967357604,42.88587271803145,499.20583941422075,609.1267540573001,0.8,37.0218115942029,
sarima_dcf,carbon,USA|missouri,US,False,holdout,last12,10,2025-10-01,515.81,555.5678064356791,43.3084133717254,500.06584147789175,611.0697713934666,0.8,37.0218115942029,
sarima_dcf,carbon,USA|missouri,US,False,holdout,last12,11,2025-11-01,612.24,556.6795602666856,43.716888248087315,500.654113691611,612.7050068417602,0.8,37.0218115942029,
sarima_dcf,carbon,USA|missouri,US,False,holdout,last12,12,2025-12-01,574.7,553.631890238173,44.11592098311438,497.0950626368209,610.1687178395251,0.8,37.0218115942029,
sarima_dcf,carbon,USA|missouri,US,False,rolling,2022-12-01,1,2023-01-01,570.34,585.640795874334,26.970843446031886,551.0762692320135,620.2053225166545,0.8,36.14337301587302,
sarima_dcf,carbon,USA|missouri,US,False,rolling,2022-12-01,2,2023-02-01,506.38,602.5441197619062,31.951203849839903,561.5970044471093,643.4912350767032,0.8,36.14337301587302,
sarima_dcf,carbon,USA|missouri,US,False,rolling,2022-12-01,3,2023-03-01,458.57,613.6839554566426,33.97398932816545,570.1445362453367,657.2233746679485,0.8,36.14337301587302,
sarima_dcf,carbon,USA|missouri,US,False,rolling,2022-12-01,4,2023-04-01,492.21,604.3343085263202,34.99240019636174,559.4897432725097,649.1788737801307,0.8,36.14337301587302,
sarima_dcf,carbon,USA|missouri,US,False,rolling,2022-12-01,5,2023-05-01,570.52,607.649339804203,35.606405132277274,562.0178955635178,653.2807840448883,0.8,36.14337301587302,
sarima_dcf,carbon,USA|missouri,US,False,rolling,2022-12-01,6,2023-06-01,596.37,617.1207413149012,36.03859828918448,570.935419257364,663.3060633724385,0.8,36.14337301587302,
sarima_dcf,carbon,USA|missouri,US,False,rolling,2022-12-01,7,2023-07-01,591.7,613.1429259736573,36.38191221843689,566.5176294126132,659.7682225347013,0.8,36.14337301587302,
sarima_dcf,carbon,USA|missouri,US,False,rolling,2022-12-01,8,2023-08-01,589.81,613.0861670424766,36.67890896661524,566.080253833843,660.0920802511102,0.8,36.14337301587302,
sarima_dcf,carbon,USA|missouri,US,False,rolling,2022-12-01,9,2023-09-01,564.82,617.9193182520881,36.950532003059195,570.5653061158617,665.2733303883145,0.8,36.14337301587302,
sarima_dcf,carbon,USA|missouri,US,False,rolling,2022-12-01,10,2023-10-01,650.42,624.0862799128212,37.20763339605784,576.4027790838937,671.7697807417486,0.8,36.14337301587302,
sarima_dcf,carbon,USA|missouri,US,False,rolling,2022-12-01,11,2023-11-01,557.96,625.4893034390959,37.45603548244865,577.4874625274698,673.491144350722,0.8,36.14337301587302,
sarima_dcf,carbon,USA|missouri,US,False,rolling,2022-12-01,12,2023-12-01,531.11,623.1809783540144,37.698934222894835,574.8678501813006,671.4941065267283,0.8,36.14337301587302,
sarima_dcf,carbon,USA|missouri,US,False,rolling,2023-12-01,1,2024-01-01,593.47,550.7687333555116,28.408847925532683,514.3613298212267,587.1761368897965,0.8,37.11905303030303,
sarima_dcf,carbon,USA|missouri,US,False,rolling,2023-12-01,2,2024-02-01,498.25,570.6946412072995,33.94355097751338,527.1942303119242,614.1950521026747,0.8,37.11905303030303,
sarima_dcf,carbon,USA|missouri,US,False,rolling,2023-12-01,3,2024-03-01,429.92,583.5687280006807,36.35017912257262,536.9840990383211,630.1533569630403,0.8,37.11905303030303,
sarima_dcf,carbon,USA|missouri,US,False,rolling,2023-12-01,4,2024-04-01,458.1,581.866606359931,37.6612632838562,533.6017554381177,630.1314572817442,0.8,37.11905303030303,
sarima_dcf,carbon,USA|missouri,US,False,rolling,2023-12-01,5,2024-05-01,541.27,574.0038294228841,38.51463120129987,524.6453435104853,623.3623153352829,0.8,37.11905303030303,
sarima_dcf,carbon,USA|missouri,US,False,rolling,2023-12-01,6,2024-06-01,565.33,572.5164961632726,39.15448874088881,522.337999819288,622.6949925072571,0.8,37.11905303030303,
sarima_dcf,carbon,USA|missouri,US,False,rolling,2023-12-01,7,2024-07-01,598.52,573.4177367045287,39.68637783138955,522.5575970639169,624.2778763451405,0.8,37.11905303030303,
sarima_dcf,carbon,USA|missouri,US,False,rolling,2023-12-01,8,2024-08-01,588.82,573.9750505729652,40.16014927820821,522.5077483929726,625.4423527529577,0.8,37.11905303030303,
sarima_dcf,carbon,USA|missouri,US,False,rolling,2023-12-01,9,2024-09-01,554.59,577.7385094346561,40.600916028981715,525.7063419351697,629.7706769341424,0.8,37.11905303030303,
sarima_dcf,carbon,USA|missouri,US,False,rolling,2023-12-01,10,2024-10-01,513.56,567.3709433252895,41.02190415051415,514.7992578395776,619.9426288110014,0.8,37.11905303030303,
sarima_dcf,carbon,USA|missouri,US,False,rolling,2023-12-01,11,2024-11-01,485.34,579.3756553466006,41.4302918227496,526.2806000001863,632.470710693015,0.8,37.11905303030303,
sarima_dcf,carbon,USA|missouri,US,False,rolling,2023-12-01,12,2024-12-01,567.87,582.6638017318462,41.83005911955287,529.05642398036,636.2711794833324,0.8,37.11905303030303,
sarima_dcf,carbon,USA|missouri,US,False,rolling,2024-12-01,1,2025-01-01,574.11,560.0973655531856,29.900311254991966,521.7785748540798,598.4161562522913,0.8,37.0218115942029,
sarima_dcf,carbon,USA|missouri,US,False,rolling,2024-12-01,2,2025-02-01,587.64,560.5342943983179,35.83394555160907,514.6112453770133,606.4573434196225,0.8,37.0218115942029,
sarima_dcf,carbon,USA|missouri,US,False,rolling,2024-12-01,3,2025-03-01,534.45,561.2909934695997,38.43009352459341,512.0408469491316,610.5411399900678,0.8,37.0218115942029,
sarima_dcf,carbon,USA|missouri,US,False,rolling,2024-12-01,4,2025-04-01,614.77,559.1591583492733,39.838018220756965,508.1046837302679,610.2136329682787,0.8,37.0218115942029,
sarima_dcf,carbon,USA|missouri,US,False,rolling,2024-12-01,5,2025-05-01,642.94,555.3931293421442,40.74313206029642,503.17870466508094,607.6075540192074,0.8,37.0218115942029,
sarima_dcf,carbon,USA|missouri,US,False,rolling,2024-12-01,6,2025-06-01,644.14,554.1264598223254,41.41139414637643,501.0556228226522,607.1972968219986,0.8,37.0218115942029,
sarima_dcf,carbon,USA|missouri,US,False,rolling,2024-12-01,7,2025-07-01,591.49,552.6966880350662,41.958919637854166,498.9241688846142,606.4692071855184,0.8,37.0218115942029,
sarima_dcf,carbon,USA|missouri,US,False,rolling,2024-12-01,8,2025-08-01,586.33,552.9405657151663,42.441034766234026,498.55019116716625,607.3309402631663,0.8,37.0218115942029,
sarima_dcf,carbon,USA|missouri,US,False,rolling,2024-12-01,9,2025-09-01,580.63,554.1662967357604,42.88587271803145,499.20583941422075,609.1267540573001,0.8,37.0218115942029,
sarima_dcf,carbon,USA|missouri,US,False,rolling,2024-12-01,10,2025-10-01,515.81,555.5678064356791,43.3084133717254,500.06584147789175,611.0697713934666,0.8,37.0218115942029,
sarima_dcf,carbon,USA|missouri,US,False,rolling,2024-12-01,11,2025-11-01,612.24,556.6795602666856,43.716888248087315,500.654113691611,612.7050068417602,0.8,37.0218115942029,
sarima_dcf,carbon,USA|missouri,US,False,rolling,2024-12-01,12,2025-12-01,574.7,553.631890238173,44.11592098311438,497.0950626368209,610.1687178395251,0.8,37.0218115942029,
sarima_dcf,carbon,USA|montana,US,False,rolling,2022-12-01,1,2023-01-01,388.88,415.40029748656895,46.62990530417946,355.64166934280126,475.1589256303366,0.8,55.22944444444445,
sarima_dcf,carbon,USA|montana,US,False,rolling,2022-12-01,2,2023-02-01,393.08,397.88222343046965,55.80665141917955,326.3631219364183,469.401324924521,0.8,55.22944444444445,
sarima_dcf,carbon,USA|montana,US,False,rolling,2022-12-01,3,2023-03-01,456.21,386.89584936510346,59.41510259242095,310.75233162079337,463.03936710941355,0.8,55.22944444444445,
sarima_dcf,carbon,USA|montana,US,False,rolling,2022-12-01,4,2023-04-01,423.91,301.09997062160215,60.993625697590275,222.93349412061397,379.2664471225903,0.8,55.22944444444445,
sarima_dcf,carbon,USA|montana,US,False,rolling,2022-12-01,5,2023-05-01,260.98,261.92320302060807,61.73511703707375,182.80646713266708,341.03993890854906,0.8,55.22944444444445,
sarima_dcf,carbon,USA|montana,US,False,rolling,2022-12-01,6,2023-06-01,374.16,289.27320939414864,62.1093733729723,209.67684471302186,368.8695740752754,0.8,55.22944444444445,
sarima_dcf,carbon,USA|montana,US,False,rolling,2022-12-01,7,2023-07-01,458.91,371.0761439754948,62.31442733553716,291.2169920676219,450.9352958833677,0.8,55.22944444444445,
sarima_dcf,carbon,USA|montana,US,False,rolling,2022-12-01,8,2023-08-01,431.93,407.7387992916073,62.437653791672815,327.7217263259572,487.75587225725735,0.8,55.22944444444445,
sarima_dcf,carbon,USA|montana,US,False,rolling,2022-12-01,9,2023-09-01,473.55,418.5711785848238,62.51927466646654,338.44950425930074,498.6928529103469,0.8,55.22944444444445,
sarima_dcf,carbon,USA|montana,US,False,rolling,2022-12-01,10,2023-10-01,432.06,416.66397422829095,62.5786665539211,336.4661861364198,496.8617623201621,0.8,55.22944444444445,
sarima_dcf,carbon,USA|montana,US,False,rolling,2022-12-01,11,2023-11-01,405.32,393.5422802221521,62.62563231837576,313.28430308131715,473.80025736298705,0.8,55.22944444444445,
sarima_dcf,carbon,USA|montana,US,False,rolling,2022-12-01,12,2023-12-01,410.87,411.4148591517877,62.665384895696036,331.1059370332535,491.7237812703219,0.8,55.22944444444445,
sarima_dcf,carbon,USA|montana,US,False,rolling,2023-12-01,1,2024-01-01,401.42,417.00925226493774,45.24351129765752,359.0273595306899,474.99114499918556,0.8,54.542840909090906,
sarima_dcf,carbon,USA|montana,US,False,rolling,2023-12-01,2,2024-02-01,393.44,405.5697352797764,54.49501188017676,335.7315674903643,475.40790306918854,0.8,54.542840909090906,
sarima_dcf,carbon,USA|montana,US,False,rolling,2023-12-01,3,2024-03-01,354.67,403.750284767985,58.215654728989406,329.14392131084475,478.3566482251253,0.8,54.542840909090906,
sarima_dcf,carbon,USA|montana,US,False,rolling,2023-12-01,4,2024-04-01,317.03,323.07391333895123,59.848886096247135,246.37447966620525,399.7733470116972,0.8,54.542840909090906,
sarima_dcf,carbon,USA|montana,US,False,rolling,2023-12-01,5,2024-05-01,155.61,251.31375030381994,60.597288654663,173.65520016067853,328.97230044696136,0.8,54.542840909090906,
sarima_dcf,carbon,USA|montana,US,False,rolling,2023-12-01,6,2024-06-01,192.27,285.09627573726027,60.951972667911704,206.98317974166633,363.2093717328542,0.8,54.542840909090906,
sarima_dcf,carbon,USA|montana,US,False,rolling,2023-12-01,7,2024-07-01,351.68,379.06929250563996,61.12610941499407,300.7330312892038,457.40555372207615,0.8,54.542840909090906,
sarima_dcf,carbon,USA|montana,US,False,rolling,2023-12-01,8,2024-08-01,396.7,418.4458652038252,61.21525432948485,339.995360182663,496.8963702249874,0.8,54.542840909090906,
sarima_dcf,carbon,USA|montana,US,False,rolling,2023-12-01,9,2024-09-01,422.63,439.5396887864266,61.263277472841445,361.0276396307134,518.0517379421398,0.8,54.542840909090906,
sarima_dcf,carbon,USA|montana,US,False,rolling,2023-12-01,10,2024-10-01,408.68,430.31336944170425,61.29082157780626,351.76602109515187,508.86071778825664,0.8,54.542840909090906,
sarima_dcf,carbon,USA|montana,US,False,rolling,2023-12-01,11,2024-11-01,343.38,405.82396677466824,61.30790289592262,327.25472783814223,484.39320571119424,0.8,54.542840909090906,
sarima_dcf,carbon,USA|montana,US,False,rolling,2023-12-01,12,2024-12-01,363.78,411.2064271048314,61.31958329822632,332.6222191304469,489.79063507921586,0.8,54.542840909090906,
sarima_dcf,carbon,USA|nebraska,US,True,holdout,last12,1,2025-01-01,396.54,408.1563470485617,47.97967118717859,346.6679243243178,469.6447697728056,0.8,55.52025362318841,
sarima_dcf,carbon,USA|nebraska,US,True,holdout,last12,2,2025-02-01,402.81,379.9797128606572,55.14112826352449,309.31351360864176,450.6459121126726,0.8,55.52025362318841,
sarima_dcf,carbon,USA|nebraska,US,True,holdout,last12,3,2025-03-01,267.33,343.5302364854013,57.551718506450605,269.7747415336774,417.2857314371252,0.8,55.52025362318841,
sarima_dcf,carbon,USA|nebraska,US,True,holdout,last12,4,2025-04-01,225.79,303.0264075528665,58.59084185511927,227.9392224468623,378.1135926588707,0.8,55.52025362318841,
sarima_dcf,carbon,USA|nebraska,US,True,holdout,last12,5,2025-05-01,359.26,347.76948729555727,59.15643442202157,271.95746614997904,423.5815084411355,0.8,55.52025362318841,
sarima_dcf,carbon,USA|nebraska,US,True,holdout,last12,6,2025-06-01,413.79,396.7898704016007,59.535616657042134,320.49190766910516,473.08783313409623,0.8,55.52025362318841,
sarima_dcf,carbon,USA|nebraska,US,True,holdout,last12,7,2025-07-01,475.57,432.17444619819054,59.833424498340186,355.494827360448,508.85406503593305,0.8,55.52025362318841,
sarima_dcf,carbon,USA|nebraska,US,True,holdout,last12,8,2025-08-01,500.92,429.9832945808318,60.0929319500068,352.97110356213545,506.99548559952814,0.8,55.52025362318841,
sarima_dcf,carbon,USA|nebraska,US,True,holdout,last12,9,2025-09-01,473.27,394.43184707578956,60.333417618614625,317.1114612719978,471.7522328795813,0.8,55.52025362318841,
sarima_dcf,carbon,USA|nebraska,US,True,holdout,last12,10,2025-10-01,375.2,395.5481717657635,60.56403037369766,317.93224382466053,473.1640997068665,0.8,55.52025362318841,
sarima_dcf,carbon,USA|nebraska,US,True,holdout,last12,11,2025-11-01,405.12,366.84771309972655,60.789269010760094,288.9431302306751,444.752295968778,0.8,55.52025362318841,
sarima_dcf,carbon,USA|nebraska,US,True,holdout,last12,12,2025-12-01,399.17,378.9679468001361,61.01139141375651,300.778702617782,457.15719098249014,0.8,55.52025362318841,
sarima_dcf,carbon,USA|nebraska,US,True,rolling,2022-12-01,1,2023-01-01,434.24,415.3940263017757,49.32337648899185,352.1835759443625,478.6044766591889,0.8,57.21242063492065,
sarima_dcf,carbon,USA|nebraska,US,True,rolling,2022-12-01,2,2023-02-01,335.97,425.69476412044094,58.0000092563595,351.3647614563521,500.0247667845298,0.8,57.21242063492065,
sarima_dcf,carbon,USA|nebraska,US,True,rolling,2022-12-01,3,2023-03-01,343.2,425.101727317003,61.35978499811391,346.46599879119003,503.73745584281596,0.8,57.21242063492065,
sarima_dcf,carbon,USA|nebraska,US,True,rolling,2022-12-01,4,2023-04-01,223.62,434.0017865297064,62.97570354624494,353.29517505874355,514.7083980006693,0.8,57.21242063492065,
sarima_dcf,carbon,USA|nebraska,US,True,rolling,2022-12-01,5,2023-05-01,370.49,421.5207857711064,63.91391230504939,339.61181139649005,503.4297601457227,0.8,57.21242063492065,
sarima_dcf,carbon,USA|nebraska,US,True,rolling,2022-12-01,6,2023-06-01,463.74,431.4764143200394,64.55717087005063,348.74307092439574,514.209757715683,0.8,57.21242063492065,
sarima_dcf,carbon,USA|nebraska,US,True,rolling,2022-12-01,7,2023-07-01,495.72,430.55618697401786,65.06027723377673,347.1780868303056,513.9342871177302,0.8,57.21242063492065,
sarima_dcf,carbon,USA|nebraska,US,True,rolling,2022-12-01,8,2023-08-01,479.44,428.8972463687268,65.49217790295432,344.96564324627025,512.8288494911834,0.8,57.21242063492065,
sarima_dcf,carbon,USA|nebraska,US,True,rolling,2022-12-01,9,2023-09-01,460.77,434.23284126589465,65.88601327071743,349.7965178113144,518.6691647204749,0.8,57.21242063492065,
sarima_dcf,carbon,USA|nebraska,US,True,rolling,2022-12-01,10,2023-10-01,374.51,411.85726292196466,66.25861220429749,326.9434347207347,496.77109112319465,0.8,57.21242063492065,
sarima_dcf,carbon,USA|nebraska,US,True,rolling,2022-12-01,11,2023-11-01,378.84,427.22992151857375,66.61883369700001,341.854450899428,512.6053921377195,0.8,57.21242063492065,
sarima_dcf,carbon,USA|nebraska,US,True,rolling,2022-12-01,12,2023-12-01,404.75,430.28147102415204,66.97143379605095,344.4541251960564,516.1088168522476,0.8,57.21242063492065,
sarima_dcf,carbon,USA|nebraska,US,True,rolling,2023-12-01,1,2024-01-01,444.55,408.67882414280893,48.31671948306369,346.75845664730934,470.5991916383085,0.8,56.24018939393941,
sarima_dcf,carbon,USA|nebraska,US,True,rolling,2023-12-01,2,2024-02-01,365.25,394.50405056826014,55.480785569300856,323.40256296427833,465.60553817224195,0.8,56.24018939393941,
sarima_dcf,carbon,USA|nebraska,US,True,rolling,2023-12-01,3,2024-03-01,298.22,366.0784441245762,57.895255706933874,291.88268853575016,440.27419971340225,0.8,56.24018939393941,
sarima_dcf,carbon,USA|nebraska,US,True,rolling,2023-12-01,4,2024-04-01,249.34,328.9071293366664,58.946161740706785,253.36458347501838,404.4496751983144,0.8,56.24018939393941,
sarima_dcf,carbon,USA|nebraska,US,True,rolling,2023-12-01,5,2024-05-01,277.31,375.931761406286,59.527212174185024,299.6445694519536,452.2189533606184,0.8,56.24018939393941,
sarima_dcf,carbon,USA|nebraska,US,True,rolling,2023-12-01,6,2024-06-01,340.28,422.74574281674103,59.92329116150393,345.95095521613075,499.5405304173513,0.8,56.24018939393941,
sarima_dcf,carbon,USA|nebraska,US,True,rolling,2023-12-01,7,2024-07-01,463.57,444.13656852295674,60.238624386171374,366.93766513460565,521.3354719113078,0.8,56.24018939393941,
sarima_dcf,carbon,USA|nebraska,US,True,rolling,2023-12-01,8,2024-08-01,493.96,436.9618401649015,60.515987227942176,359.40748199245513,514.5161983373479,0.8,56.24018939393941,
sarima_dcf,carbon,USA|nebraska,US,True,rolling,2023-12-01,9,2024-09-01,426.37,406.83120045648303,60.77450982236722,328.94553224842264,484.7168686645434,0.8,56.24018939393941,
sarima_dcf,carbon,USA|nebraska,US,True,rolling,2023-12-01,10,2024-10-01,420.23,409.6103860714677,61.02324260263995,331.4059539794465,487.8148181634889,0.8,56.24018939393941,
sarima_dcf,carbon,USA|nebraska,US,True,rolling,2023-12-01,11,2024-11-01,359.69,386.34231121631205,61.26661385542727,307.8259863142727,464.8586361183514,0.8,56.24018939393941,
sarima_dcf,carbon,USA|nebraska,US,True,rolling,2023-12-01,12,2024-12-01,408.06,392.24284441541687,61.506832092529514,313.4186674555468,471.0670213752869,0.8,56.24018939393941,
sarima_dcf,carbon,USA|nebraska,US,True,rolling,2024-12-01,1,2025-01-01,396.54,408.1563470485617,47.97967118717859,346.6679243243178,469.6447697728056,0.8,55.52025362318841,
sarima_dcf,carbon,USA|nebraska,US,True,rolling,2024-12-01,2,2025-02-01,402.81,379.9797128606572,55.14112826352449,309.31351360864176,450.6459121126726,0.8,55.52025362318841,
sarima_dcf,carbon,USA|nebraska,US,True,rolling,2024-12-01,3,2025-03-01,267.33,343.5302364854013,57.551718506450605,269.7747415336774,417.2857314371252,0.8,55.52025362318841,
sarima_dcf,carbon,USA|nebraska,US,True,rolling,2024-12-01,4,2025-04-01,225.79,303.0264075528665,58.59084185511927,227.9392224468623,378.1135926588707,0.8,55.52025362318841,
sarima_dcf,carbon,USA|nebraska,US,True,rolling,2024-12-01,5,2025-05-01,359.26,347.76948729555727,59.15643442202157,271.95746614997904,423.5815084411355,0.8,55.52025362318841,
sarima_dcf,carbon,USA|nebraska,US,True,rolling,2024-12-01,6,2025-06-01,413.79,396.7898704016007,59.535616657042134,320.49190766910516,473.08783313409623,0.8,55.52025362318841,
sarima_dcf,carbon,USA|nebraska,US,True,rolling,2024-12-01,7,2025-07-01,475.57,432.17444619819054,59.833424498340186,355.494827360448,508.85406503593305,0.8,55.52025362318841,
sarima_dcf,carbon,USA|nebraska,US,True,rolling,2024-12-01,8,2025-08-01,500.92,429.9832945808318,60.0929319500068,352.97110356213545,506.99548559952814,0.8,55.52025362318841,
sarima_dcf,carbon,USA|nebraska,US,True,rolling,2024-12-01,9,2025-09-01,473.27,394.43184707578956,60.333417618614625,317.1114612719978,471.7522328795813,0.8,55.52025362318841,
sarima_dcf,carbon,USA|nebraska,US,True,rolling,2024-12-01,10,2025-10-01,375.2,395.5481717657635,60.56403037369766,317.93224382466053,473.1640997068665,0.8,55.52025362318841,
sarima_dcf,carbon,USA|nebraska,US,True,rolling,2024-12-01,11,2025-11-01,405.12,366.84771309972655,60.789269010760094,288.9431302306751,444.752295968778,0.8,55.52025362318841,
sarima_dcf,carbon,USA|nebraska,US,True,rolling,2024-12-01,12,2025-12-01,399.17,378.9679468001361,61.01139141375651,300.778702617782,457.15719098249014,0.8,55.52025362318841,
sarima_dcf,carbon,USA|nevada,US,True,holdout,last12,1,2025-01-01,328.69,331.69435449848146,16.185283300125935,310.9520793464222,352.43662965054074,0.8,22.262101449275363,
sarima_dcf,carbon,USA|nevada,US,True,holdout,last12,2,2025-02-01,301.76,309.62925524084073,20.239378511405768,283.69144802389894,335.5670624577825,0.8,22.262101449275363,
sarima_dcf,carbon,USA|nevada,US,True,holdout,last12,3,2025-03-01,271.94,288.4227729231828,22.365897449790662,259.7597220315936,317.08582381477197,0.8,22.262101449275363,
sarima_dcf,carbon,USA|nevada,US,True,holdout,last12,4,2025-04-01,235.51,259.1574610417551,23.686662215921913,228.80178199641423,289.51314008709596,0.8,22.262101449275363,
sarima_dcf,carbon,USA|nevada,US,True,holdout,last12,5,2025-05-01,270.25,260.97260636870647,24.60958586709341,229.43415307332864,292.5110596640843,0.8,22.262101449275363,
sarima_dcf,carbon,USA|nevada,US,True,holdout,last12,6,2025-06-01,289.03,286.99394633414715,25.317092577443084,254.5487867064874,319.43910596180694,0.8,22.262101449275363,
sarima_dcf,carbon,USA|nevada,US,True,holdout,last12,7,2025-07-01,298.29,320.80592071627245,25.900169953865014,287.61351736402554,353.99832406851937,0.8,22.262101449275363,
sarima_dcf,carbon,USA|nevada,US,True,holdout,last12,8,2025-08-01,312.04,321.14787086035864,26.407665494757143,287.3050858031745,354.99065591754277,0.8,22.262101449275363,
sarima_dcf,carbon,USA|nevada,US,True,holdout,last12,9,2025-09-01,315.88,309.53600328197433,26.86726677723831,275.1042154817001,343.96779108224854,0.8,22.262101449275363,
sarima_dcf,carbon,USA|nevada,US,True,holdout,last12,10,2025-10-01,306.88,307.79746814709904,27.295323082588954,272.8171041185615,342.7778321756366,0.8,22.262101449275363,
sarima_dcf,carbon,USA|nevada,US,True,holdout,last12,11,2025-11-01,327.27,304.967632008284,27.701791870087078,269.4663572687832,340.4689067477848,0.8,22.262101449275363,
sarima_dcf,carbon,USA|nevada,US,True,holdout,last12,12,2025-12-01,342.77,323.0361887739931,28.09288357984377,287.0337098415821,359.0386677064041,0.8,22.262101449275363,
sarima_dcf,carbon,USA|nevada,US,True,rolling,2022-12-01,1,2023-01-01,360.51,357.600841803144,16.099919096019136,336.9679652804993,378.23371832578874,0.8,22.46996031746032,
sarima_dcf,carbon,USA|nevada,US,True,rolling,2022-12-01,2,2023-02-01,337.6,336.62983834931936,20.150419298335432,310.80603695115747,362.45363974748125,0.8,22.46996031746032,
sarima_dcf,carbon,USA|nevada,US,True,rolling,2022-12-01,3,2023-03-01,332.69,319.6896195294558,22.318631202091684,291.08714277160266,348.29209628730894,0.8,22.46996031746032,
sarima_dcf,carbon,USA|nevada,US,True,rolling,2022-12-01,4,2023-04-01,282.35,302.8670092801316,23.708915395760684,272.48281163733,333.2512069229332,0.8,22.46996031746032,
sarima_dcf,carbon,USA|nevada,US,True,rolling,2022-12-01,5,2023-05-01,282.59,303.4194251066037,24.717485437589968,271.7426929477344,335.096157265473,0.8,22.46996031746032,
sarima_dcf,carbon,USA|nevada,US,True,rolling,2022-12-01,6,2023-06-01,280.27,335.4763698287711,25.519793423349896,302.7714386147023,368.18130104283995,0.8,22.46996031746032,
sarima_dcf,carbon,USA|nevada,US,True,rolling,2022-12-01,7,2023-07-01,351.98,358.8609607974191,26.202763872999384,325.28076773438124,392.441153860457,0.8,22.46996031746032,
sarima_dcf,carbon,USA|nevada,US,True,rolling,2022-12-01,8,2023-08-01,345.59,362.64886892141726,26.812795896861473,328.2868883631666,397.0108494796679,0.8,22.46996031746032,
sarima_dcf,carbon,USA|nevada,US,True,rolling,2022-12-01,9,2023-09-01,327.36,351.9126441997905,27.37601323617165,316.82887157860506,386.996416820976,0.8,22.46996031746032,
sarima_dcf,carbon,USA|nevada,US,True,rolling,2022-12-01,10,2023-10-01,332.88,346.02760883246117,27.907712794302274,310.262435810154,381.79278185476835,0.8,22.46996031746032,
sarima_dcf,carbon,USA|nevada,US,True,rolling,2022-12-01,11,2023-11-01,339.91,339.580845770055,28.41712416034602,303.1628358140883,375.99885572602176,0.8,22.46996031746032,
sarima_dcf,carbon,USA|nevada,US,True,rolling,2022-12-01,12,2023-12-01,369.01,355.5675004759589,28.90995486047081,318.51790256469883,392.617098387219,0.8,22.46996031746032,
sarima_dcf,carbon,USA|nevada,US,True,rolling,2023-12-01,1,2024-01-01,384.74,353.8627655745278,16.256847459269668,333.02877726228104,374.6967538867746,0.8,22.266287878787878,
sarima_dcf,carbon,USA|nevada,US,True,rolling,2023-12-01,2,2024-02-01,351.34,330.145298288734,20.247913948177388,304.19655246943495,356.0940441080331,0.8,22.266287878787878,
sarima_dcf,carbon,USA|nevada,US,True,rolling,2023-12-01,3,2024-03-01,301.71,314.85642730450223,22.347294482530497,286.2172170747291,343.4956375342754,0.8,22.266287878787878,
sarima_dcf,carbon,USA|nevada,US,True,rolling,2023-12-01,4,2024-04-01,251.99,289.3279858977402,23.67745668846824,258.98410421051926,319.6718675849611,0.8,22.266287878787878,
sarima_dcf,carbon,USA|nevada,US,True,rolling,2023-12-01,5,2024-05-01,256.43,289.06025703750964,24.636042772581312,257.48789785348436,320.63261622153493,0.8,22.266287878787878,
sarima_dcf,carbon,USA|nevada,US,True,rolling,2023-12-01,6,2024-06-01,293.58,311.2727814846445,25.396701486273273,278.7255989352421,343.8199640340469,0.8,22.266287878787878,
sarima_dcf,carbon,USA|nevada,US,True,rolling,2023-12-01,7,2024-07-01,329.74,345.32796388272664,26.044323579686125,311.95082022562974,378.70510753982353,0.8,22.266287878787878,
sarima_dcf,carbon,USA|nevada,US,True,rolling,2023-12-01,8,2024-08-01,326.88,346.35212569907,26.623664053981955,312.2325273501559,380.471724047984,0.8,22.266287878787878,
sarima_dcf,carbon,USA|nevada,US,True,rolling,2023-12-01,9,2024-09-01,315.73,334.051883062317,27.159626560500477,299.2454211241009,368.8583450005331,0.8,22.266287878787878,
sarima_dcf,carbon,USA|nevada,US,True,rolling,2023-12-01,10,2024-10-01,317.82,331.0651351236246,27.666626758502236,295.60892628792794,366.52134395932126,0.8,22.266287878787878,
sarima_dcf,carbon,USA|nevada,US,True,rolling,2023-12-01,11,2024-11-01,315.47,328.0606387067209,28.153263100554458,291.9807803050163,364.1404971084255,0.8,22.266287878787878,
sarima_dcf,carbon,USA|nevada,US,True,rolling,2023-12-01,12,2024-12-01,333.83,346.6743361742165,28.62479210643735,309.990189036823,383.35848331161,0.8,22.266287878787878,
sarima_dcf,carbon,USA|nevada,US,True,rolling,2024-12-01,1,2025-01-01,328.69,331.69435449848146,16.185283300125935,310.9520793464222,352.43662965054074,0.8,22.262101449275363,
sarima_dcf,carbon,USA|nevada,US,True,rolling,2024-12-01,2,2025-02-01,301.76,309.62925524084073,20.239378511405768,283.69144802389894,335.5670624577825,0.8,22.262101449275363,
sarima_dcf,carbon,USA|nevada,US,True,rolling,2024-12-01,3,2025-03-01,271.94,288.4227729231828,22.365897449790662,259.7597220315936,317.08582381477197,0.8,22.262101449275363,
sarima_dcf,carbon,USA|nevada,US,True,rolling,2024-12-01,4,2025-04-01,235.51,259.1574610417551,23.686662215921913,228.80178199641423,289.51314008709596,0.8,22.262101449275363,
sarima_dcf,carbon,USA|nevada,US,True,rolling,2024-12-01,5,2025-05-01,270.25,260.97260636870647,24.60958586709341,229.43415307332864,292.5110596640843,0.8,22.262101449275363,
sarima_dcf,carbon,USA|nevada,US,True,rolling,2024-12-01,6,2025-06-01,289.03,286.99394633414715,25.317092577443084,254.5487867064874,319.43910596180694,0.8,22.262101449275363,
sarima_dcf,carbon,USA|nevada,US,True,rolling,2024-12-01,7,2025-07-01,298.29,320.80592071627245,25.900169953865014,287.61351736402554,353.99832406851937,0.8,22.262101449275363,
sarima_dcf,carbon,USA|nevada,US,True,rolling,2024-12-01,8,2025-08-01,312.04,321.14787086035864,26.407665494757143,287.3050858031745,354.99065591754277,0.8,22.262101449275363,
sarima_dcf,carbon,USA|nevada,US,True,rolling,2024-12-01,9,2025-09-01,315.88,309.53600328197433,26.86726677723831,275.1042154817001,343.96779108224854,0.8,22.262101449275363,
sarima_dcf,carbon,USA|nevada,US,True,rolling,2024-12-01,10,2025-10-01,306.88,307.79746814709904,27.295323082588954,272.8171041185615,342.7778321756366,0.8,22.262101449275363,
sarima_dcf,carbon,USA|nevada,US,True,rolling,2024-12-01,11,2025-11-01,327.27,304.967632008284,27.701791870087078,269.4663572687832,340.4689067477848,0.8,22.262101449275363,
sarima_dcf,carbon,USA|nevada,US,True,rolling,2024-12-01,12,2025-12-01,342.77,323.0361887739931,28.09288357984377,287.0337098415821,359.0386677064041,0.8,22.262101449275363,
sarima_dcf,carbon,USA|new hampshire,US,False,holdout,last12,1,2025-01-01,189.71,175.45033123642932,59.936158811653755,98.63905307862466,252.26160939423397,0.8,56.74996376811594,
sarima_dcf,carbon,USA|new hampshire,US,False,holdout,last12,2,2025-02-01,149.42,153.02616359939697,62.055789824763835,73.49846899836419,232.55385820042974,0.8,56.74996376811594,
sarima_dcf,carbon,USA|new hampshire,US,False,holdout,last12,3,2025-03-01,88.21,132.4234458913709,62.50360120566685,52.32185791407318,212.52503386866863,0.8,56.74996376811594,
sarima_dcf,carbon,USA|new hampshire,US,False,holdout,last12,4,2025-04-01,141.34,160.97121579483294,62.76997881474307,80.52825117559756,241.4141804140683,0.8,56.74996376811594,
sarima_dcf,carbon,USA|new hampshire,US,False,holdout,last12,5,2025-05-01,130.05,123.7578442185634,63.005646314907516,43.0128595455443,204.5028288915825,0.8,56.74996376811594,
sarima_dcf,carbon,USA|new hampshire,US,False,holdout,last12,6,2025-06-01,183.15,152.1388022414281,63.23485108386506,71.10007983792116,233.17752464493503,0.8,56.74996376811594,
sarima_dcf,carbon,USA|new hampshire,US,False,holdout,last12,7,2025-07-01,224.94,169.93912782263877,63.46214340511588,88.60911858899658,251.26913705628095,0.8,56.74996376811594,
sarima_dcf,carbon,USA|new hampshire,US,False,holdout,last12,8,2025-08-01,187.03,168.31346676599043,63.68841347556917,86.69348076932293,249.9334527626579,0.8,56.74996376811594,
sarima_dcf,carbon,USA|new hampshire,US,False,holdout,last12,9,2025-09-01,165.61,154.5751950919147,63.913845411663324,72.666306444622,236.48408373920742,0.8,56.74996376811594,
sarima_dcf,carbon,USA|new hampshire,US,False,holdout,last12,10,2025-10-01,174.21,192.1462884762925,64.13849878624191,109.94949494510374,274.34308200748126,0.8,56.74996376811594,
sarima_dcf,carbon,USA|new hampshire,US,False,holdout,last12,11,2025-11-01,138.62,131.13030493929512,64.36246989803278,48.646480879153984,213.61412899943625,0.8,56.74996376811594,
sarima_dcf,carbon,USA|new hampshire,US,False,holdout,last12,12,2025-12-01,212.19,150.12777418433282,64.58599223175243,67.3574947274791,232.89805364118655,0.8,56.74996376811594,
sarima_dcf,carbon,USA|new hampshire,US,False,rolling,2022-12-01,1,2023-01-01,113.35,181.46650371045507,60.3451976935227,104.13102113322265,258.8019862876875,0.8,57.084761904761905,
sarima_dcf,carbon,USA|new hampshire,US,False,rolling,2022-12-01,2,2023-02-01,148.67,142.78206091574197,62.72127998601996,62.40150635669687,223.16261547478706,0.8,57.084761904761905,
sarima_dcf,carbon,USA|new hampshire,US,False,rolling,2022-12-01,3,2023-03-01,100.43,144.92310563543845,63.22517205706098,63.89678740388523,225.94942386699165,0.8,57.084761904761905,
sarima_dcf,carbon,USA|new hampshire,US,False,rolling,2022-12-01,4,2023-04-01,365.08,166.57443766140605,63.51275975435964,85.17956096614836,247.96931435666374,0.8,57.084761904761905,
sarima_dcf,carbon,USA|new hampshire,US,False,rolling,2022-12-01,5,2023-05-01,140.08,163.3928780811913,63.76178404060588,81.67886392203611,245.1068922403465,0.8,57.084761904761905,
sarima_dcf,carbon,USA|new hampshire,US,False,rolling,2022-12-01,6,2023-06-01,177.54,162.70011410121901,64.00232785912961,80.67783063485267,244.72239756758535,0.8,57.084761904761905,
sarima_dcf,carbon,USA|new hampshire,US,False,rolling,2022-12-01,7,2023-07-01,203.56,167.93715379215215,64.24040501380736,85.60976217548813,250.26454540881616,0.8,57.084761904761905,
sarima_dcf,carbon,USA|new hampshire,US,False,rolling,2022-12-01,8,2023-08-01,174.06,164.9294303820685,64.47727420886764,82.29847867764568,247.5603820864913,0.8,57.084761904761905,
sarima_dcf,carbon,USA|new hampshire,US,False,rolling,2022-12-01,9,2023-09-01,157.97,159.0692472018247,64.71320720586044,76.13593519574215,242.00255920790727,0.8,57.084761904761905,
sarima_dcf,carbon,USA|new hampshire,US,False,rolling,2022-12-01,10,2023-10-01,159.25,126.03040063203515,64.94826853095195,42.79584541678258,209.26495584728772,0.8,57.084761904761905,
sarima_dcf,carbon,USA|new hampshire,US,False,rolling,2022-12-01,11,2023-11-01,103.23,141.0545764957433,65.18247872764132,57.51986883625696,224.58928415522965,0.8,57.084761904761905,
sarima_dcf,carbon,USA|new hampshire,US,False,rolling,2022-12-01,12,2023-12-01,111.28,154.89419971546533,65.41584576539353,71.06042016340115,238.72797926752952,0.8,57.084761904761905,
sarima_dcf,carbon,USA|new hampshire,US,False,rolling,2023-12-01,1,2024-01-01,146.89,163.41722738379462,59.89169086219569,86.66293719623451,240.17151757135474,0.8,56.548484848484854,
sarima_dcf,carbon,USA|new hampshire,US,False,rolling,2023-12-01,2,2024-02-01,97.44,151.096771563223,62.19370576984789,71.3923305668542,230.80121255959182,0.8,56.548484848484854,
sarima_dcf,carbon,USA|new hampshire,US,False,rolling,2023-12-01,3,2024-03-01,110.41,131.03398371895148,62.68407501058092,50.70110925442634,211.3668581834766,0.8,56.548484848484854,
sarima_dcf,carbon,USA|new hampshire,US,False,rolling,2023-12-01,4,2024-04-01,129.47,158.1888794439452,62.96786276525485,77.49231633813531,238.8854425497551,0.8,56.548484848484854,
sarima_dcf,carbon,USA|new hampshire,US,False,rolling,2023-12-01,5,2024-05-01,130.26,120.21849635527741,63.21524495128441,39.20490022167348,201.23209248888134,0.8,56.548484848484854,
sarima_dcf,carbon,USA|new hampshire,US,False,rolling,2023-12-01,6,2024-06-01,177.77,146.69315455422378,63.45469759595748,65.37268750896529,228.0136215994823,0.8,56.548484848484854,
sarima_dcf,carbon,USA|new hampshire,US,False,rolling,2023-12-01,7,2024-07-01,135.98,167.91941955466052,63.69182443494696,86.29506223766242,249.54377687165862,0.8,56.548484848484854,
sarima_dcf,carbon,USA|new hampshire,US,False,rolling,2023-12-01,8,2024-08-01,195.19,162.82277926726326,63.92777927480803,80.89603365584337,244.74952487868313,0.8,56.548484848484854,
sarima_dcf,carbon,USA|new hampshire,US,False,rolling,2023-12-01,9,2024-09-01,188.96,148.92637180948384,64.162812841862,66.6984185622504,231.15432505671728,0.8,56.548484848484854,
sarima_dcf,carbon,USA|new hampshire,US,False,rolling,2023-12-01,10,2024-10-01,344.9,179.1595030619731,64.39700969155739,96.63141447536694,261.6875916485793,0.8,56.548484848484854,
sarima_dcf,carbon,USA|new hampshire,US,False,rolling,2023-12-01,11,2024-11-01,67.81,132.5547667056906,64.63050477910672,49.727442124088626,215.3820912872926,0.8,56.548484848484854,
sarima_dcf,carbon,USA|new hampshire,US,False,rolling,2023-12-01,12,2024-12-01,164.29,146.71865930980414,64.8635951178229,63.59261743970711,229.84470117990116,0.8,56.548484848484854,
sarima_dcf,carbon,USA|new hampshire,US,False,rolling,2024-12-01,1,2025-01-01,189.71,175.45033123642932,59.936158811653755,98.63905307862466,252.26160939423397,0.8,56.74996376811594,
sarima_dcf,carbon,USA|new hampshire,US,False,rolling,2024-12-01,2,2025-02-01,149.42,153.02616359939697,62.055789824763835,73.49846899836419,232.55385820042974,0.8,56.74996376811594,
sarima_dcf,carbon,USA|new hampshire,US,False,rolling,2024-12-01,3,2025-03-01,88.21,132.4234458913709,62.50360120566685,52.32185791407318,212.52503386866863,0.8,56.74996376811594,
sarima_dcf,carbon,USA|new hampshire,US,False,rolling,2024-12-01,4,2025-04-01,141.34,160.97121579483294,62.76997881474307,80.52825117559756,241.4141804140683,0.8,56.74996376811594,
sarima_dcf,carbon,USA|new hampshire,US,False,rolling,2024-12-01,5,2025-05-01,130.05,123.7578442185634,63.005646314907516,43.0128595455443,204.5028288915825,0.8,56.74996376811594,
sarima_dcf,carbon,USA|new hampshire,US,False,rolling,2024-12-01,6,2025-06-01,183.15,152.1388022414281,63.23485108386506,71.10007983792116,233.17752464493503,0.8,56.74996376811594,
sarima_dcf,carbon,USA|new hampshire,US,False,rolling,2024-12-01,7,2025-07-01,224.94,169.93912782263877,63.46214340511588,88.60911858899658,251.26913705628095,0.8,56.74996376811594,
sarima_dcf,carbon,USA|new hampshire,US,False,rolling,2024-12-01,8,2025-08-01,187.03,168.31346676599043,63.68841347556917,86.69348076932293,249.9334527626579,0.8,56.74996376811594,
sarima_dcf,carbon,USA|new hampshire,US,False,rolling,2024-12-01,9,2025-09-01,165.61,154.5751950919147,63.913845411663324,72.666306444622,236.48408373920742,0.8,56.74996376811594,
sarima_dcf,carbon,USA|new hampshire,US,False,rolling,2024-12-01,10,2025-10-01,174.21,192.1462884762925,64.13849878624191,109.94949494510374,274.34308200748126,0.8,56.74996376811594,
sarima_dcf,carbon,USA|new hampshire,US,False,rolling,2024-12-01,11,2025-11-01,138.62,131.13030493929512,64.36246989803278,48.646480879153984,213.61412899943625,0.8,56.74996376811594,
sarima_dcf,carbon,USA|new hampshire,US,False,rolling,2024-12-01,12,2025-12-01,212.19,150.12777418433282,64.58599223175243,67.3574947274791,232.89805364118655,0.8,56.74996376811594,
sarima_dcf,carbon,USA|new jersey,US,True,holdout,last12,1,2025-01-01,211.06,226.1939876350256,25.188162940222156,193.9140579857914,258.47391728425976,0.8,27.021811594202898,
sarima_dcf,carbon,USA|new jersey,US,True,holdout,last12,2,2025-02-01,215.5,225.08473154216577,27.922506598491193,189.30059949693995,260.8688635873916,0.8,27.021811594202898,
sarima_dcf,carbon,USA|new jersey,US,True,holdout,last12,3,2025-03-01,190.38,221.87293902820755,28.702055207663225,185.0897752424792,258.6561028139359,0.8,27.021811594202898,
sarima_dcf,carbon,USA|new jersey,US,True,holdout,last12,4,2025-04-01,277.64,251.02328134567608,29.04016865131361,213.8068077469059,288.23975494444625,0.8,27.021811594202898,
sarima_dcf,carbon,USA|new jersey,US,True,holdout,last12,5,2025-05-01,237.32,240.56433425032117,29.250634614469618,203.07813766697456,278.0505308336678,0.8,27.021811594202898,
sarima_dcf,carbon,USA|new jersey,US,True,holdout,last12,6,2025-06-01,245.88,255.07976141638218,29.41715754858422,217.3801571061219,292.7793657266425,0.8,27.021811594202898,
sarima_dcf,carbon,USA|new jersey,US,True,holdout,last12,7,2025-07-01,295.37,281.38005987550304,29.566752598450055,243.48874179488948,319.27137795611657,0.8,27.021811594202898,
sarima_dcf,carbon,USA|new jersey,US,True,holdout,last12,8,2025-08-01,261.04,269.0384014338316,29.709279635140785,230.96442760621463,307.1123752614486,0.8,27.021811594202898,
sarima_dcf,carbon,USA|new jersey,US,True,holdout,last12,9,2025-09-01,243.08,248.86057882815751,29.848580014660858,210.60808438108563,287.1130732752294,0.8,27.021811594202898,
sarima_dcf,carbon,USA|new jersey,US,True,holdout,last12,10,2025-10-01,293.33,267.57661694714426,29.986199694593452,229.147755783805,306.0054781104835,0.8,27.021811594202898,
sarima_dcf,carbon,USA|new jersey,US,True,holdout,last12,11,2025-11-01,235.62,255.82869993421497,30.12277404105173,217.22481170335888,294.4325881650711,0.8,27.021811594202898,
sarima_dcf,carbon,USA|new jersey,US,True,holdout,last12,12,2025-12-01,229.45,232.15128196109384,30.25856861050041,193.37336598716834,270.9291979350194,0.8,27.021811594202898,
sarima_dcf,carbon,USA|new jersey,US,True,rolling,2022-12-01,1,2023-01-01,226.73,232.72027200553822,25.400795612065473,200.1678426228173,265.2727013882591,0.8,27.684126984126983,
sarima_dcf,carbon,USA|new jersey,US,True,rolling,2022-12-01,2,2023-02-01,193.12,240.08259969198866,28.39098057512174,203.69809408859504,276.4671052953823,0.8,27.684126984126983,
sarima_dcf,carbon,USA|new jersey,US,True,rolling,2022-12-01,3,2023-03-01,206.54,238.54476371892983,29.278712417181733,201.02258398356045,276.06694345429923,0.8,27.684126984126983,
sarima_dcf,carbon,USA|new jersey,US,True,rolling,2022-12-01,4,2023-04-01,271.93,253.05856086639795,29.66193971612877,215.04525558610356,291.07186614669234,0.8,27.684126984126983,
sarima_dcf,carbon,USA|new jersey,US,True,rolling,2022-12-01,5,2023-05-01,246.4,252.6480681617557,29.89286302918975,214.33882274808727,290.9573135754241,0.8,27.684126984126983,
sarima_dcf,carbon,USA|new jersey,US,True,rolling,2022-12-01,6,2023-06-01,248.69,266.84769812856644,30.069514083677095,228.31206527946466,305.3833309776682,0.8,27.684126984126983,
sarima_dcf,carbon,USA|new jersey,US,True,rolling,2022-12-01,7,2023-07-01,300.05,289.97192496987566,30.224543937862546,251.23761336843634,328.70623657131495,0.8,27.684126984126983,
sarima_dcf,carbon,USA|new jersey,US,True,rolling,2022-12-01,8,2023-08-01,282.26,282.39918122989246,30.37027609180508,243.4781063584179,321.320256101367,0.8,27.684126984126983,
sarima_dcf,carbon,USA|new jersey,US,True,rolling,2022-12-01,9,2023-09-01,256.85,263.0240485264905,30.511710725961677,223.92171787819035,302.12637917479066,0.8,27.684126984126983,
sarima_dcf,carbon,USA|new jersey,US,True,rolling,2022-12-01,10,2023-10-01,289.49,273.5087009661688,30.650956396183926,234.22791981120002,312.7894821211376,0.8,27.684126984126983,
sarima_dcf,carbon,USA|new jersey,US,True,rolling,2022-12-01,11,2023-11-01,280.64,259.34682030630216,30.788924774496156,219.8892255601117,298.80441505249263,0.8,27.684126984126983,
sarima_dcf,carbon,USA|new jersey,US,True,rolling,2022-12-01,12,2023-12-01,252.24,241.40357487675846,30.926014230997257,201.77029292296933,281.03685683054755,0.8,27.684126984126983,
sarima_dcf,carbon,USA|new jersey,US,True,rolling,2023-12-01,1,2024-01-01,260.86,240.57016702376853,25.139669396620093,208.35238435125638,272.7879496962807,0.8,27.337500000000002,
sarima_dcf,carbon,USA|new jersey,US,True,rolling,2023-12-01,2,2024-02-01,229.15,237.36805029106193,28.055001622047534,201.4141190409706,273.32198154115326,0.8,27.337500000000002,
sarima_dcf,carbon,USA|new jersey,US,True,rolling,2023-12-01,3,2024-03-01,199.13,235.31660001410847,28.91322938751319,198.2628056275908,272.37039440062614,0.8,27.337500000000002,
sarima_dcf,carbon,USA|new jersey,US,True,rolling,2023-12-01,4,2024-04-01,284.64,254.60940030184895,29.28341519125223,217.0811937190071,292.1376068846908,0.8,27.337500000000002,
sarima_dcf,carbon,USA|new jersey,US,True,rolling,2023-12-01,5,2024-05-01,227.58,250.74462030832225,29.507490837278613,212.9292492305149,288.5599913861296,0.8,27.337500000000002,
sarima_dcf,carbon,USA|new jersey,US,True,rolling,2023-12-01,6,2024-06-01,257.7,263.52691762564734,29.67984416447287,225.49066687154738,301.5631683797473,0.8,27.337500000000002,
sarima_dcf,carbon,USA|new jersey,US,True,rolling,2023-12-01,7,2024-07-01,286.4,289.7895807775127,29.831721750130125,251.55869106574252,328.02047048928284,0.8,27.337500000000002,
sarima_dcf,carbon,USA|new jersey,US,True,rolling,2023-12-01,8,2024-08-01,248.38,280.8586401889777,29.974845775936508,242.4443296578683,319.27295072008707,0.8,27.337500000000002,
sarima_dcf,carbon,USA|new jersey,US,True,rolling,2023-12-01,9,2024-09-01,224.13,260.86163955961365,30.113939250851388,222.26907356797005,299.45420555125725,0.8,27.337500000000002,
sarima_dcf,carbon,USA|new jersey,US,True,rolling,2023-12-01,10,2024-10-01,279.37,273.43229170405834,30.25097891443486,234.66410231700766,312.20048109110905,0.8,27.337500000000002,
sarima_dcf,carbon,USA|new jersey,US,True,rolling,2023-12-01,11,2024-11-01,277.91,260.2791461002348,30.386813948698084,221.33687711236828,299.22141508810137,0.8,27.337500000000002,
sarima_dcf,carbon,USA|new jersey,US,True,rolling,2023-12-01,12,2024-12-01,222.53,241.57400698026333,30.521812165324402,202.4587308165336,280.68928314399307,0.8,27.337500000000002,
sarima_dcf,carbon,USA|new jersey,US,True,rolling,2024-12-01,1,2025-01-01,211.06,226.1939876350256,25.188162940222156,193.9140579857914,258.47391728425976,0.8,27.021811594202898,
sarima_dcf,carbon,USA|new jersey,US,True,rolling,2024-12-01,2,2025-02-01,215.5,225.08473154216577,27.922506598491193,189.30059949693995,260.8688635873916,0.8,27.021811594202898,
sarima_dcf,carbon,USA|new jersey,US,True,rolling,2024-12-01,3,2025-03-01,190.38,221.87293902820755,28.702055207663225,185.0897752424792,258.6561028139359,0.8,27.021811594202898,
sarima_dcf,carbon,USA|new jersey,US,True,rolling,2024-12-01,4,2025-04-01,277.64,251.02328134567608,29.04016865131361,213.8068077469059,288.23975494444625,0.8,27.021811594202898,
sarima_dcf,carbon,USA|new jersey,US,True,rolling,2024-12-01,5,2025-05-01,237.32,240.56433425032117,29.250634614469618,203.07813766697456,278.0505308336678,0.8,27.021811594202898,
sarima_dcf,carbon,USA|new jersey,US,True,rolling,2024-12-01,6,2025-06-01,245.88,255.07976141638218,29.41715754858422,217.3801571061219,292.7793657266425,0.8,27.021811594202898,
sarima_dcf,carbon,USA|new jersey,US,True,rolling,2024-12-01,7,2025-07-01,295.37,281.38005987550304,29.566752598450055,243.48874179488948,319.27137795611657,0.8,27.021811594202898,
sarima_dcf,carbon,USA|new jersey,US,True,rolling,2024-12-01,8,2025-08-01,261.04,269.0384014338316,29.709279635140785,230.96442760621463,307.1123752614486,0.8,27.021811594202898,
sarima_dcf,carbon,USA|new jersey,US,True,rolling,2024-12-01,9,2025-09-01,243.08,248.86057882815751,29.848580014660858,210.60808438108563,287.1130732752294,0.8,27.021811594202898,
sarima_dcf,carbon,USA|new jersey,US,True,rolling,2024-12-01,10,2025-10-01,293.33,267.57661694714426,29.986199694593452,229.147755783805,306.0054781104835,0.8,27.021811594202898,
sarima_dcf,carbon,USA|new jersey,US,True,rolling,2024-12-01,11,2025-11-01,235.62,255.82869993421497,30.12277404105173,217.22481170335888,294.4325881650711,0.8,27.021811594202898,
sarima_dcf,carbon,USA|new jersey,US,True,rolling,2024-12-01,12,2025-12-01,229.45,232.15128196109384,30.25856861050041,193.37336598716834,270.9291979350194,0.8,27.021811594202898,
sarima_dcf,carbon,USA|new mexico,US,True,holdout,last12,1,2025-01-01,253.03,280.34176532287483,26.483624078931012,246.40163542322614,314.28189522252353,0.8,30.019130434782603,
sarima_dcf,carbon,USA|new mexico,US,True,holdout,last12,2,2025-02-01,220.2,269.7421822460469,29.97161552424433,231.33201144905075,308.1523530430431,0.8,30.019130434782603,
sarima_dcf,carbon,USA|new mexico,US,True,holdout,last12,3,2025-03-01,236.14,246.5070245317239,31.254595453553613,206.45264879775914,286.5614002656887,0.8,30.019130434782603,
sarima_dcf,carbon,USA|new mexico,US,True,holdout,last12,4,2025-04-01,305.18,213.5116919104454,31.96812120964315,172.54289612670766,254.48048769418313,0.8,30.019130434782603,
sarima_dcf,carbon,USA|new mexico,US,True,holdout,last12,5,2025-05-01,319.85,257.3024316291664,32.494526743014184,215.65902001002567,298.9458432483071,0.8,30.019130434782603,
sarima_dcf,carbon,USA|new mexico,US,True,holdout,last12,6,2025-06-01,343.51,306.39560092140607,32.949256758485404,264.1694293390381,348.621772503774,0.8,30.019130434782603,
sarima_dcf,carbon,USA|new mexico,US,True,holdout,last12,7,2025-07-01,344.74,324.6131980341497,33.373044069578675,281.8439211597922,367.3824749085072,0.8,30.019130434782603,
sarima_dcf,carbon,USA|new mexico,US,True,holdout,last12,8,2025-08-01,368.85,320.2832672890729,33.78156718271461,276.9904469795149,363.5760875986309,0.8,30.019130434782603,
sarima_dcf,carbon,USA|new mexico,US,True,holdout,last12,9,2025-09-01,373.02,306.80503940963064,34.18116038852513,263.0001198015852,350.6099590176761,0.8,30.019130434782603,
sarima_dcf,carbon,USA|new mexico,US,True,holdout,last12,10,2025-10-01,319.86,268.14041766465346,34.57448000085797,223.83143869166344,312.4493966376435,0.8,30.019130434782603,
sarima_dcf,carbon,USA|new mexico,US,True,holdout,last12,11,2025-11-01,325.96,230.6548273278744,34.96269638684888,185.84832903764766,275.4613256181011,0.8,30.019130434782603,
sarima_dcf,carbon,USA|new mexico,US,True,holdout,last12,12,2025-12-01,320.7,254.1492559280712,35.34637057396272,208.85105938268967,299.4474524734527,0.8,30.019130434782603,
sarima_dcf,carbon,USA|new mexico,US,True,rolling,2022-12-01,1,2023-01-01,292.82,381.63320837237285,22.97774953810832,352.1860374791184,411.0803792656273,0.8,27.519444444444442,
sarima_dcf,carbon,USA|new mexico,US,True,rolling,2022-12-01,2,2023-02-01,358.85,349.23866423505564,26.93078091735281,314.72547978908347,383.7518486810278,0.8,27.519444444444442,
sarima_dcf,carbon,USA|new mexico,US,True,rolling,2022-12-01,3,2023-03-01,347.32,331.8566053988721,28.576090983700517,295.23487126156573,368.47833953617845,0.8,27.519444444444442,
sarima_dcf,carbon,USA|new mexico,US,True,rolling,2022-12-01,4,2023-04-01,186.14,319.0403241477417,29.49373140885406,281.24258648697287,356.8380618085106,0.8,27.519444444444442,
sarima_dcf,carbon,USA|new mexico,US,True,rolling,2022-12-01,5,2023-05-01,329.16,340.1759572317788,30.131273596201094,301.5611763827146,378.79073808084297,0.8,27.519444444444442,
sarima_dcf,carbon,USA|new mexico,US,True,rolling,2022-12-01,6,2023-06-01,397.82,387.6044815569932,30.646395914897568,348.3295448939566,426.87941822002983,0.8,27.519444444444442,
sarima_dcf,carbon,USA|new mexico,US,True,rolling,2022-12-01,7,2023-07-01,389.81,411.0810144707129,31.102805818875446,371.22116498070335,450.9408639607224,0.8,27.519444444444442,
sarima_dcf,carbon,USA|new mexico,US,True,rolling,2022-12-01,8,2023-08-01,381.19,420.76198172332755,31.52869713533909,380.3563305499522,461.1676328967029,0.8,27.519444444444442,
sarima_dcf,carbon,USA|new mexico,US,True,rolling,2022-12-01,9,2023-09-01,381.8,396.3773741828215,31.93728648093838,355.4480946939285,437.30665367171446,0.8,27.519444444444442,
sarima_dcf,carbon,USA|new mexico,US,True,rolling,2022-12-01,10,2023-10-01,294.71,385.51111738143595,32.335003361797284,344.0721432012347,426.9500915616372,0.8,27.519444444444442,
sarima_dcf,carbon,USA|new mexico,US,True,rolling,2022-12-01,11,2023-11-01,224.68,358.8444338657255,32.72506632888052,316.90557387939776,400.7832938520532,0.8,27.519444444444442,
sarima_dcf,carbon,USA|new mexico,US,True,rolling,2022-12-01,12,2023-12-01,329.75,358.40785664509986,33.10913666919607,315.9767907128615,400.8389225773382,0.8,27.519444444444442,
sarima_dcf,carbon,USA|new mexico,US,True,rolling,2023-12-01,1,2024-01-01,374.91,306.0332759665262,26.23814542526936,272.4077396197854,339.65881231326705,0.8,29.617045454545455,
sarima_dcf,carbon,USA|new mexico,US,True,rolling,2023-12-01,2,2024-02-01,332.01,292.19149413876414,29.448275372121195,254.45201073303372,329.93097754449457,0.8,29.617045454545455,
sarima_dcf,carbon,USA|new mexico,US,True,rolling,2023-12-01,3,2024-03-01,273.56,273.47728220139993,30.66507011601121,234.17841358669082,312.77615081610907,0.8,29.617045454545455,
sarima_dcf,carbon,USA|new mexico,US,True,rolling,2023-12-01,4,2024-04-01,276.08,219.88878343942014,31.398944048375036,179.6494175377778,260.12814934106245,0.8,29.617045454545455,
sarima_dcf,carbon,USA|new mexico,US,True,rolling,2023-12-01,5,2024-05-01,309.57,272.69068212601195,31.980967347744752,231.70542335387893,313.675940898145,0.8,29.617045454545455,
sarima_dcf,carbon,USA|new mexico,US,True,rolling,2023-12-01,6,2024-06-01,363.3,324.5808810126058,32.50636589099156,282.92229691484,366.2394651103716,0.8,29.617045454545455,
sarima_dcf,carbon,USA|new mexico,US,True,rolling,2023-12-01,7,2024-07-01,395.15,338.51698180178954,33.00685482442633,296.21699532784265,380.81696827573643,0.8,29.617045454545455,
sarima_dcf,carbon,USA|new mexico,US,True,rolling,2023-12-01,8,2024-08-01,362.81,343.85776303928037,33.493828469973536,300.9336947275035,386.78183135105724,0.8,29.617045454545455,
sarima_dcf,carbon,USA|new mexico,US,True,rolling,2023-12-01,9,2024-09-01,358.34,326.0515306817511,33.97160297987675,282.51516969883045,369.58789166467176,0.8,29.617045454545455,
sarima_dcf,carbon,USA|new mexico,US,True,rolling,2023-12-01,10,2024-10-01,284.4,294.80858876383513,34.441932280144854,250.66947652983438,338.9477009978359,0.8,29.617045454545455,
sarima_dcf,carbon,USA|new mexico,US,True,rolling,2023-12-01,11,2024-11-01,236.25,256.5785708006225,34.905622709347526,211.84521537114904,301.311926230096,0.8,29.617045454545455,
sarima_dcf,carbon,USA|new mexico,US,True,rolling,2023-12-01,12,2024-12-01,259.17,284.3051487607176,35.363122026689474,238.98548436486897,329.62481315656623,0.8,29.617045454545455,
sarima_dcf,carbon,USA|new mexico,US,True,rolling,2024-12-01,1,2025-01-01,253.03,280.34176532287483,26.483624078931012,246.40163542322614,314.28189522252353,0.8,30.019130434782603,
sarima_dcf,carbon,USA|new mexico,US,True,rolling,2024-12-01,2,2025-02-01,220.2,269.7421822460469,29.97161552424433,231.33201144905075,308.1523530430431,0.8,30.019130434782603,
sarima_dcf,carbon,USA|new mexico,US,True,rolling,2024-12-01,3,2025-03-01,236.14,246.5070245317239,31.254595453553613,206.45264879775914,286.5614002656887,0.8,30.019130434782603,
sarima_dcf,carbon,USA|new mexico,US,True,rolling,2024-12-01,4,2025-04-01,305.18,213.5116919104454,31.96812120964315,172.54289612670766,254.48048769418313,0.8,30.019130434782603,
sarima_dcf,carbon,USA|new mexico,US,True,rolling,2024-12-01,5,2025-05-01,319.85,257.3024316291664,32.494526743014184,215.65902001002567,298.9458432483071,0.8,30.019130434782603,
sarima_dcf,carbon,USA|new mexico,US,True,rolling,2024-12-01,6,2025-06-01,343.51,306.39560092140607,32.949256758485404,264.1694293390381,348.621772503774,0.8,30.019130434782603,
sarima_dcf,carbon,USA|new mexico,US,True,rolling,2024-12-01,7,2025-07-01,344.74,324.6131980341497,33.373044069578675,281.8439211597922,367.3824749085072,0.8,30.019130434782603,
sarima_dcf,carbon,USA|new mexico,US,True,rolling,2024-12-01,8,2025-08-01,368.85,320.2832672890729,33.78156718271461,276.9904469795149,363.5760875986309,0.8,30.019130434782603,
sarima_dcf,carbon,USA|new mexico,US,True,rolling,2024-12-01,9,2025-09-01,373.02,306.80503940963064,34.18116038852513,263.0001198015852,350.6099590176761,0.8,30.019130434782603,
sarima_dcf,carbon,USA|new mexico,US,True,rolling,2024-12-01,10,2025-10-01,319.86,268.14041766465346,34.57448000085797,223.83143869166344,312.4493966376435,0.8,30.019130434782603,
sarima_dcf,carbon,USA|new mexico,US,True,rolling,2024-12-01,11,2025-11-01,325.96,230.6548273278744,34.96269638684888,185.84832903764766,275.4613256181011,0.8,30.019130434782603,
sarima_dcf,carbon,USA|new mexico,US,True,rolling,2024-12-01,12,2025-12-01,320.7,254.1492559280712,35.34637057396272,208.85105938268967,299.4474524734527,0.8,30.019130434782603,
sarima_dcf,carbon,USA|new york,US,True,holdout,last12,1,2025-01-01,266.01,259.5538965542865,19.108833411793025,235.0649411796722,284.0428519289008,0.8,25.483804347826084,
sarima_dcf,carbon,USA|new york,US,True,holdout,last12,2,2025-02-01,257.54,248.88007360034916,22.29533234412393,220.30745553039998,277.45269167029835,0.8,25.483804347826084,
sarima_dcf,carbon,USA|new york,US,True,holdout,last12,3,2025-03-01,215.19,241.38846734511043,23.60170386896573,211.14166680231733,271.6352678879035,0.8,25.483804347826084,
sarima_dcf,carbon,USA|new york,US,True,holdout,last12,4,2025-04-01,214.58,230.25928880164486,24.32921163822909,199.08014953820646,261.43842806508326,0.8,25.483804347826084,
sarima_dcf,carbon,USA|new york,US,True,holdout,last12,5,2025-05-01,203.13,234.35417951450276,24.83815447844829,202.52280375740872,266.1855552715968,0.8,25.483804347826084,
sarima_dcf,carbon,USA|new york,US,True,holdout,last12,6,2025-06-01,254.34,261.2787502376363,25.253086220806797,228.9156180565286,293.64188241874405,0.8,25.483804347826084,
sarima_dcf,carbon,USA|new york,US,True,holdout,last12,7,2025-07-01,297.01,290.8315254714824,25.623526824042553,257.9936545553566,323.6693963876082,0.8,25.483804347826084,
sarima_dcf,carbon,USA|new york,US,True,holdout,last12,8,2025-08-01,269.71,285.309065385443,25.971046568976202,252.0258299961398,318.59230077474615,0.8,25.483804347826084,
sarima_dcf,carbon,USA|new york,US,True,holdout,last12,9,2025-09-01,247.41,265.6922914216392,26.305590428695417,231.98032082516954,299.40426201810885,0.8,25.483804347826084,
sarima_dcf,carbon,USA|new york,US,True,holdout,last12,10,2025-10-01,235.33,241.56745093133028,26.631918698253102,207.4372738301275,275.6976280325331,0.8,25.483804347826084,
sarima_dcf,carbon,USA|new york,US,True,holdout,last12,11,2025-11-01,238.7,237.52754566955196,26.95238446890377,202.98667515826835,272.0684161808356,0.8,25.483804347826084,
sarima_dcf,carbon,USA|new york,US,True,holdout,last12,12,2025-12-01,262.61,244.71466292438868,27.26818647844015,209.7690758533816,279.66024999539576,0.8,25.483804347826084,
sarima_dcf,carbon,USA|new york,US,True,rolling,2022-12-01,1,2023-01-01,230.84,265.109752233074,19.61107150407305,239.9771528450221,290.2423516211259,0.8,26.68285714285714,
sarima_dcf,carbon,USA|new york,US,True,rolling,2022-12-01,2,2023-02-01,233.9,252.26170087383022,23.0162647225446,222.76517078566422,281.7582309619962,0.8,26.68285714285714,
sarima_dcf,carbon,USA|new york,US,True,rolling,2022-12-01,3,2023-03-01,217.82,244.20172294535055,24.45055187651094,212.86707990957848,275.53636598112263,0.8,26.68285714285714,
sarima_dcf,carbon,USA|new york,US,True,rolling,2022-12-01,4,2023-04-01,224.34,232.51513664687516,25.260317840049133,200.142736772806,264.8875365209443,0.8,26.68285714285714,
sarima_dcf,carbon,USA|new york,US,True,rolling,2022-12-01,5,2023-05-01,217.71,236.82694331911915,25.828410292119987,203.72650367372452,269.9273829645138,0.8,26.68285714285714,
sarima_dcf,carbon,USA|new york,US,True,rolling,2022-12-01,6,2023-06-01,259.91,261.97846870621277,26.290337544265828,228.28604546766292,295.6708919447626,0.8,26.68285714285714,
sarima_dcf,carbon,USA|new york,US,True,rolling,2022-12-01,7,2023-07-01,296.64,291.03620841865876,26.701065304202086,256.81741637634997,325.25500046096755,0.8,26.68285714285714,
sarima_dcf,carbon,USA|new york,US,True,rolling,2022-12-01,8,2023-08-01,266.88,288.88550630451977,27.08498388798414,254.1747028001234,323.5963098089161,0.8,26.68285714285714,
sarima_dcf,carbon,USA|new york,US,True,rolling,2022-12-01,9,2023-09-01,266.14,265.1600119044058,27.453551147470698,229.97687045160598,300.3431533572056,0.8,26.68285714285714,
sarima_dcf,carbon,USA|new york,US,True,rolling,2022-12-01,10,2023-10-01,231.09,242.7646719068726,27.812359742914794,207.12169873685053,278.40764507689465,0.8,26.68285714285714,
sarima_dcf,carbon,USA|new york,US,True,rolling,2022-12-01,11,2023-11-01,250.2,235.2452940120886,28.164229984993337,199.15138098246223,271.339207041715,0.8,26.68285714285714,
sarima_dcf,carbon,USA|new york,US,True,rolling,2022-12-01,12,2023-12-01,241.3,243.85507532854882,28.51062568877211,207.31723834244684,280.3929123146508,0.8,26.68285714285714,
sarima_dcf,carbon,USA|new york,US,True,rolling,2023-12-01,1,2024-01-01,251.01,251.64951289893332,19.475304012481395,226.69090655228075,276.6081192455859,0.8,26.1573106060606,
sarima_dcf,carbon,USA|new york,US,True,rolling,2023-12-01,2,2024-02-01,238.72,243.19895542361118,22.73676042517645,214.0606245053138,272.33728634190857,0.8,26.1573106060606,
sarima_dcf,carbon,USA|new york,US,True,rolling,2023-12-01,3,2024-03-01,239.98,235.60275384524232,24.075249835627073,204.74907972751706,266.45642796296755,0.8,26.1573106060606,
sarima_dcf,carbon,USA|new york,US,True,rolling,2023-12-01,4,2024-04-01,214.86,226.610637503109,24.81954851395746,194.80310624893664,258.4181687572813,0.8,26.1573106060606,
sarima_dcf,carbon,USA|new york,US,True,rolling,2023-12-01,5,2024-05-01,230.47,229.29873595134245,25.338885199475055,196.82564795480027,261.7718239478846,0.8,26.1573106060606,
sarima_dcf,carbon,USA|new york,US,True,rolling,2023-12-01,6,2024-06-01,258.72,256.43337074353826,25.761251218400204,223.41899891420974,289.4477425728668,0.8,26.1573106060606,
sarima_dcf,carbon,USA|new york,US,True,rolling,2023-12-01,7,2024-07-01,289.89,286.0331074795055,26.137654271274844,252.5363557284897,319.52985923052125,0.8,26.1573106060606,
sarima_dcf,carbon,USA|new york,US,True,rolling,2023-12-01,8,2024-08-01,281.82,280.8743873121593,26.49037030625828,246.9256117743178,314.82316285000076,0.8,26.1573106060606,
sarima_dcf,carbon,USA|new york,US,True,rolling,2023-12-01,9,2024-09-01,270.83,259.9695941415982,26.82970103745646,225.58594877395228,294.3532395092441,0.8,26.1573106060606,
sarima_dcf,carbon,USA|new york,US,True,rolling,2023-12-01,10,2024-10-01,241.42,236.32209457781397,27.160595388962662,201.51439103596542,271.1297981196625,0.8,26.1573106060606,
sarima_dcf,carbon,USA|new york,US,True,rolling,2023-12-01,11,2024-11-01,241.28,231.6233361320148,27.48551020363411,196.39923750075542,266.8474347632742,0.8,26.1573106060606,
sarima_dcf,carbon,USA|new york,US,True,rolling,2023-12-01,12,2024-12-01,253.09,238.38417460784711,27.805698500381684,202.74973816362183,274.0186110520724,0.8,26.1573106060606,
sarima_dcf,carbon,USA|new york,US,True,rolling,2024-12-01,1,2025-01-01,266.01,259.5538965542865,19.108833411793025,235.0649411796722,284.0428519289008,0.8,25.483804347826084,
sarima_dcf,carbon,USA|new york,US,True,rolling,2024-12-01,2,2025-02-01,257.54,248.88007360034916,22.29533234412393,220.30745553039998,277.45269167029835,0.8,25.483804347826084,
sarima_dcf,carbon,USA|new york,US,True,rolling,2024-12-01,3,2025-03-01,215.19,241.38846734511043,23.60170386896573,211.14166680231733,271.6352678879035,0.8,25.483804347826084,
sarima_dcf,carbon,USA|new york,US,True,rolling,2024-12-01,4,2025-04-01,214.58,230.25928880164486,24.32921163822909,199.08014953820646,261.43842806508326,0.8,25.483804347826084,
sarima_dcf,carbon,USA|new york,US,True,rolling,2024-12-01,5,2025-05-01,203.13,234.35417951450276,24.83815447844829,202.52280375740872,266.1855552715968,0.8,25.483804347826084,
sarima_dcf,carbon,USA|new york,US,True,rolling,2024-12-01,6,2025-06-01,254.34,261.2787502376363,25.253086220806797,228.9156180565286,293.64188241874405,0.8,25.483804347826084,
sarima_dcf,carbon,USA|new york,US,True,rolling,2024-12-01,7,2025-07-01,297.01,290.8315254714824,25.623526824042553,257.9936545553566,323.6693963876082,0.8,25.483804347826084,
sarima_dcf,carbon,USA|new york,US,True,rolling,2024-12-01,8,2025-08-01,269.71,285.309065385443,25.971046568976202,252.0258299961398,318.59230077474615,0.8,25.483804347826084,
sarima_dcf,carbon,USA|new york,US,True,rolling,2024-12-01,9,2025-09-01,247.41,265.6922914216392,26.305590428695417,231.98032082516954,299.40426201810885,0.8,25.483804347826084,
sarima_dcf,carbon,USA|new york,US,True,rolling,2024-12-01,10,2025-10-01,235.33,241.56745093133028,26.631918698253102,207.4372738301275,275.6976280325331,0.8,25.483804347826084,
sarima_dcf,carbon,USA|new york,US,True,rolling,2024-12-01,11,2025-11-01,238.7,237.52754566955196,26.95238446890377,202.98667515826835,272.0684161808356,0.8,25.483804347826084,
sarima_dcf,carbon,USA|new york,US,True,rolling,2024-12-01,12,2025-12-01,262.61,244.71466292438868,27.26818647844015,209.7690758533816,279.66024999539576,0.8,25.483804347826084,
sarima_dcf,carbon,USA|north carolina,US,True,holdout,last12,1,2025-01-01,392.72,326.94100847663077,30.673874506461896,287.6308565815559,366.2511603717056,0.8,32.699999999999996,
sarima_dcf,carbon,USA|north carolina,US,True,holdout,last12,2,2025-02-01,310.88,301.2594357580974,33.23571034669739,258.6661591313005,343.85271238489435,0.8,32.699999999999996,
sarima_dcf,carbon,USA|north carolina,US,True,holdout,last12,3,2025-03-01,266.54,291.273246279901,33.89504796965294,247.83499449018294,334.71149806961904,0.8,32.699999999999996,
sarima_dcf,carbon,USA|north carolina,US,True,holdout,last12,4,2025-04-01,254.66,271.473815043131,34.198079263564566,227.64721302429152,315.3004170619705,0.8,32.699999999999996,
sarima_dcf,carbon,USA|north carolina,US,True,holdout,last12,5,2025-05-01,260.8,286.4479830131499,34.41048062940208,242.34917769139753,330.54678833490226,0.8,32.699999999999996,
sarima_dcf,carbon,USA|north carolina,US,True,holdout,last12,6,2025-06-01,331.59,317.4531535271555,34.594995931936424,273.1178823305733,361.7884247237377,0.8,32.699999999999996,
sarima_dcf,carbon,USA|north carolina,US,True,holdout,last12,7,2025-07-01,355.7,338.3178469304216,34.76985452928537,293.7584854246579,382.87720843618524,0.8,32.699999999999996,
sarima_dcf,carbon,USA|north carolina,US,True,holdout,last12,8,2025-08-01,316.08,331.7633398155201,34.94091941423889,286.98474983863457,376.54192979240565,0.8,32.699999999999996,
sarima_dcf,carbon,USA|north carolina,US,True,holdout,last12,9,2025-09-01,297.54,307.5134043287333,35.11015857315526,262.517925642787,352.5088830146796,0.8,32.699999999999996,
sarima_dcf,carbon,USA|north carolina,US,True,holdout,last12,10,2025-10-01,301.35,274.1178449043502,35.27824729843571,228.90695184937033,319.32873795933006,0.8,32.699999999999996,
sarima_dcf,carbon,USA|north carolina,US,True,holdout,last12,11,2025-11-01,285.66,285.8542217681272,35.4454234224585,240.42908388968428,331.27935964657013,0.8,32.699999999999996,
sarima_dcf,carbon,USA|north carolina,US,True,holdout,last12,12,2025-12-01,356.73,307.9011217719171,35.61177563519013,262.2627949548161,353.53944858901804,0.8,32.699999999999996,
sarima_dcf,carbon,USA|north carolina,US,True,rolling,2022-12-01,1,2023-01-01,278.5,341.0995719814356,31.09497353784493,301.2497599634425,380.9493839994287,0.8,32.78130952380952,
sarima_dcf,carbon,USA|north carolina,US,True,rolling,2022-12-01,2,2023-02-01,304.95,304.378987591946,33.85559501844513,260.9912967936136,347.76667839027834,0.8,32.78130952380952,
sarima_dcf,carbon,USA|north carolina,US,True,rolling,2022-12-01,3,2023-03-01,313.48,291.8269009285257,34.57252966939599,247.5204214058741,336.13338045117723,0.8,32.78130952380952,
sarima_dcf,carbon,USA|north carolina,US,True,rolling,2022-12-01,4,2023-04-01,239.28,274.9301496552164,34.89061592762755,230.21602619034994,319.64427312008286,0.8,32.78130952380952,
sarima_dcf,carbon,USA|north carolina,US,True,rolling,2022-12-01,5,2023-05-01,248.93,285.7002512444773,35.10454372221334,240.71196827954589,330.68853420940866,0.8,32.78130952380952,
sarima_dcf,carbon,USA|north carolina,US,True,rolling,2022-12-01,6,2023-06-01,300.04,318.71184655209123,35.2855923692542,273.4915404101049,363.93215269407756,0.8,32.78130952380952,
sarima_dcf,carbon,USA|north carolina,US,True,rolling,2022-12-01,7,2023-07-01,364.76,334.7094060921559,35.45499709777516,289.2719990551229,380.14681312918896,0.8,32.78130952380952,
sarima_dcf,carbon,USA|north carolina,US,True,rolling,2022-12-01,8,2023-08-01,358.86,331.99386034635967,35.61982757632263,286.3452145514947,377.64250614122466,0.8,32.78130952380952,
sarima_dcf,carbon,USA|north carolina,US,True,rolling,2022-12-01,9,2023-09-01,319.35,307.53096298815547,35.782556023331146,261.67377229726804,353.3881536790429,0.8,32.78130952380952,
sarima_dcf,carbon,USA|north carolina,US,True,rolling,2022-12-01,10,2023-10-01,264.9,276.2585659109168,35.94406708851209,230.19439046159397,322.3227413602396,0.8,32.78130952380952,
sarima_dcf,carbon,USA|north carolina,US,True,rolling,2022-12-01,11,2023-11-01,298.15,282.3861968153798,36.10468359703128,236.1161830281119,328.65621060264766,0.8,32.78130952380952,
sarima_dcf,carbon,USA|north carolina,US,True,rolling,2022-12-01,12,2023-12-01,327.37,298.52311616920343,36.26452766324526,252.048253968636,344.99797836977086,0.8,32.78130952380952,
sarima_dcf,carbon,USA|north carolina,US,True,rolling,2023-12-01,1,2024-01-01,355.21,313.50316954059514,30.992955404265878,273.78409902140424,353.22224005978603,0.8,32.90530303030303,
sarima_dcf,carbon,USA|north carolina,US,True,rolling,2023-12-01,2,2024-02-01,303.9,293.92200186523564,33.53017188423458,250.95135759401526,336.892646136456,0.8,32.90530303030303,
sarima_dcf,carbon,USA|north carolina,US,True,rolling,2023-12-01,3,2024-03-01,276.53,288.67658891464583,34.17023808638262,244.88566680001045,332.4675110292812,0.8,32.90530303030303,
sarima_dcf,carbon,USA|north carolina,US,True,rolling,2023-12-01,4,2024-04-01,279.42,262.3261568022983,34.4603563751689,218.16343314047577,306.4888804641209,0.8,32.90530303030303,
sarima_dcf,carbon,USA|north carolina,US,True,rolling,2023-12-01,5,2024-05-01,320.06,272.33034632518417,34.66252912995351,227.90852785295692,316.7521647974114,0.8,32.90530303030303,
sarima_dcf,carbon,USA|north carolina,US,True,rolling,2023-12-01,6,2024-06-01,342.21,307.91938174560283,34.83789929681631,263.27281736148274,352.56594612972293,0.8,32.90530303030303,
sarima_dcf,carbon,USA|north carolina,US,True,rolling,2023-12-01,7,2024-07-01,355.74,331.6747070652963,35.004080606452014,286.8151727636483,376.53424136694423,0.8,32.90530303030303,
sarima_dcf,carbon,USA|north carolina,US,True,rolling,2023-12-01,8,2024-08-01,332.47,328.5401000299273,35.16669905485165,283.4721618011464,373.60803825870823,0.8,32.90530303030303,
sarima_dcf,carbon,USA|north carolina,US,True,rolling,2023-12-01,9,2024-09-01,308.81,302.52015777224625,35.32763053701288,257.2459775505562,347.7943379939363,0.8,32.90530303030303,
sarima_dcf,carbon,USA|north carolina,US,True,rolling,2023-12-01,10,2024-10-01,269.28,267.98994923800717,35.487514157233,222.51086991251904,313.46902856349527,0.8,32.90530303030303,
sarima_dcf,carbon,USA|north carolina,US,True,rolling,2023-12-01,11,2024-11-01,289.17,278.49075895975244,35.64657319736186,232.80783727237315,324.17368064713173,0.8,32.90530303030303,
sarima_dcf,carbon,USA|north carolina,US,True,rolling,2023-12-01,12,2024-12-01,338.11,295.33252801679555,35.8048901571482,249.44671498174984,341.21834105184126,0.8,32.90530303030303,
sarima_dcf,carbon,USA|north carolina,US,True,rolling,2024-12-01,1,2025-01-01,392.72,326.94100847663077,30.673874506461896,287.6308565815559,366.2511603717056,0.8,32.699999999999996,
sarima_dcf,carbon,USA|north carolina,US,True,rolling,2024-12-01,2,2025-02-01,310.88,301.2594357580974,33.23571034669739,258.6661591313005,343.85271238489435,0.8,32.699999999999996,
sarima_dcf,carbon,USA|north carolina,US,True,rolling,2024-12-01,3,2025-03-01,266.54,291.273246279901,33.89504796965294,247.83499449018294,334.71149806961904,0.8,32.699999999999996,
sarima_dcf,carbon,USA|north carolina,US,True,rolling,2024-12-01,4,2025-04-01,254.66,271.473815043131,34.198079263564566,227.64721302429152,315.3004170619705,0.8,32.699999999999996,
sarima_dcf,carbon,USA|north carolina,US,True,rolling,2024-12-01,5,2025-05-01,260.8,286.4479830131499,34.41048062940208,242.34917769139753,330.54678833490226,0.8,32.699999999999996,
sarima_dcf,carbon,USA|north carolina,US,True,rolling,2024-12-01,6,2025-06-01,331.59,317.4531535271555,34.594995931936424,273.1178823305733,361.7884247237377,0.8,32.699999999999996,
sarima_dcf,carbon,USA|north carolina,US,True,rolling,2024-12-01,7,2025-07-01,355.7,338.3178469304216,34.76985452928537,293.7584854246579,382.87720843618524,0.8,32.699999999999996,
sarima_dcf,carbon,USA|north carolina,US,True,rolling,2024-12-01,8,2025-08-01,316.08,331.7633398155201,34.94091941423889,286.98474983863457,376.54192979240565,0.8,32.699999999999996,
sarima_dcf,carbon,USA|north carolina,US,True,rolling,2024-12-01,9,2025-09-01,297.54,307.5134043287333,35.11015857315526,262.517925642787,352.5088830146796,0.8,32.699999999999996,
sarima_dcf,carbon,USA|north carolina,US,True,rolling,2024-12-01,10,2025-10-01,301.35,274.1178449043502,35.27824729843571,228.90695184937033,319.32873795933006,0.8,32.699999999999996,
sarima_dcf,carbon,USA|north carolina,US,True,rolling,2024-12-01,11,2025-11-01,285.66,285.8542217681272,35.4454234224585,240.42908388968428,331.27935964657013,0.8,32.699999999999996,
sarima_dcf,carbon,USA|north carolina,US,True,rolling,2024-12-01,12,2025-12-01,356.73,307.9011217719171,35.61177563519013,262.2627949548161,353.53944858901804,0.8,32.699999999999996,
sarima_dcf,carbon,USA|north dakota,US,False,holdout,last12,1,2025-01-01,439.23,504.9591484980756,22.151207125395526,476.57123432782225,533.3470626683289,0.8,25.152463768115936,
sarima_dcf,carbon,USA|north dakota,US,False,holdout,last12,2,2025-02-01,474.27,472.428979098036,24.49337444335595,441.0394567346831,503.8185014613889,0.8,25.152463768115936,
sarima_dcf,carbon,USA|north dakota,US,False,holdout,last12,3,2025-03-01,425.84,449.7331652283243,25.394350245449306,417.1889959152808,482.2773345413678,0.8,25.152463768115936,
sarima_dcf,carbon,USA|north dakota,US,False,holdout,last12,4,2025-04-01,365.44,396.28590040758183,25.98388913925101,362.98620660223736,429.5855942129263,0.8,25.152463768115936,
sarima_dcf,carbon,USA|north dakota,US,False,holdout,last12,5,2025-05-01,404.49,433.5528696453391,26.4833124382542,399.6131391292877,467.49260016139056,0.8,25.152463768115936,
sarima_dcf,carbon,USA|north dakota,US,False,holdout,last12,6,2025-06-01,483.24,484.49391787990254,26.950375075537888,449.9556225098328,519.0322132499723,0.8,25.152463768115936,
sarima_dcf,carbon,USA|north dakota,US,False,holdout,last12,7,2025-07-01,564.64,546.2639532974529,27.4023118648929,511.146477627458,581.3814289674477,0.8,25.152463768115936,
sarima_dcf,carbon,USA|north dakota,US,False,holdout,last12,8,2025-08-01,536.93,518.4356056416726,27.84466667051934,482.751229478001,554.1199818053442,0.8,25.152463768115936,
sarima_dcf,carbon,USA|north dakota,US,False,holdout,last12,9,2025-09-01,538.36,479.3980831945956,28.279395014338107,443.1565802413164,515.6395861478748,0.8,25.152463768115936,
sarima_dcf,carbon,USA|north dakota,US,False,holdout,last12,10,2025-10-01,446.95,446.48482798058774,28.707317539713593,409.6949202449818,483.2747357161937,0.8,25.152463768115936,
sarima_dcf,carbon,USA|north dakota,US,False,holdout,last12,11,2025-11-01,471.9,457.8612330929535,29.12888379465009,420.53106646335294,495.1913997225541,0.8,25.152463768115936,
sarima_dcf,carbon,USA|north dakota,US,False,holdout,last12,12,2025-12-01,464.87,472.9586540534917,29.544413113226604,435.0959651751398,510.8213429318437,0.8,25.152463768115936,
sarima_dcf,carbon,USA|north dakota,US,False,rolling,2022-12-01,1,2023-01-01,528.94,503.22170395960245,21.466125396509312,475.71175735152923,530.7316505676756,0.8,25.353611111111107,
sarima_dcf,carbon,USA|north dakota,US,False,rolling,2022-12-01,2,2023-02-01,455.64,492.0648248593681,24.110572247794718,461.16588324903057,522.9637664697057,0.8,25.353611111111107,
sarima_dcf,carbon,USA|north dakota,US,False,rolling,2022-12-01,3,2023-03-01,441.54,457.3235802771451,25.16642531055216,425.07150852124573,489.57565203304443,0.8,25.353611111111107,
sarima_dcf,carbon,USA|north dakota,US,False,rolling,2022-12-01,4,2023-04-01,362.38,421.77715383708966,25.839974684824252,388.66189382612026,454.89241384805905,0.8,25.353611111111107,
sarima_dcf,carbon,USA|north dakota,US,False,rolling,2022-12-01,5,2023-05-01,428.69,436.50124853428593,26.393293951606644,402.6768813507256,470.3256157178463,0.8,25.353611111111107,
sarima_dcf,carbon,USA|north dakota,US,False,rolling,2022-12-01,6,2023-06-01,535.43,493.02292305174296,26.901014982547814,458.5478851861201,527.4979609173658,0.8,25.353611111111107,
sarima_dcf,carbon,USA|north dakota,US,False,rolling,2022-12-01,7,2023-07-01,581.26,536.9539556079881,27.387522384301047,501.85543341999926,572.0524777959769,0.8,25.353611111111107,
sarima_dcf,carbon,USA|north dakota,US,False,rolling,2022-12-01,8,2023-08-01,540.36,529.4417332957532,27.86140397447047,493.73590741400005,565.1475591775064,0.8,25.353611111111107,
sarima_dcf,carbon,USA|north dakota,US,False,rolling,2022-12-01,9,2023-09-01,532.31,479.0859488684448,28.32590397143871,442.7848422883815,515.3870554485081,0.8,25.353611111111107,
sarima_dcf,carbon,USA|north dakota,US,False,rolling,2022-12-01,10,2023-10-01,454.7,451.282554787982,28.782395191008785,414.3964311708213,488.1686784051427,0.8,25.353611111111107,
sarima_dcf,carbon,USA|north dakota,US,False,rolling,2022-12-01,11,2023-11-01,460.95,455.5787039878524,29.231577088451623,418.11693060680955,493.04047736889527,0.8,25.353611111111107,
sarima_dcf,carbon,USA|north dakota,US,False,rolling,2022-12-01,12,2023-12-01,472.58,482.18641521236066,29.673896210657063,444.15778706778514,520.2150433569362,0.8,25.353611111111107,
sarima_dcf,carbon,USA|north dakota,US,False,rolling,2023-12-01,1,2024-01-01,530.3,490.91905659442693,24.297036802770847,459.78115104174117,522.0569621471127,0.8,25.183333333333334,
sarima_dcf,carbon,USA|north dakota,US,False,rolling,2023-12-01,2,2024-02-01,483.05,467.49576009722495,32.3906956115454,425.98541342717033,509.00610676727956,0.8,25.183333333333334,
sarima_dcf,carbon,USA|north dakota,US,False,rolling,2023-12-01,3,2024-03-01,462.94,447.4707210425287,37.49527167074154,399.4185969323698,495.5228451526876,0.8,25.183333333333334,
sarima_dcf,carbon,USA|north dakota,US,False,rolling,2023-12-01,4,2024-04-01,391.87,401.9705229903095,41.02931658217153,349.38933809120255,454.5517078894165,0.8,25.183333333333334,
sarima_dcf,carbon,USA|north dakota,US,False,rolling,2023-12-01,5,2024-05-01,444.92,440.1464864418649,43.58211232818587,384.2937621579377,495.9992107257921,0.8,25.183333333333334,
sarima_dcf,carbon,USA|north dakota,US,False,rolling,2023-12-01,6,2024-06-01,463.18,516.8504577471956,45.47111300502269,458.5768816885533,575.1240338058378,0.8,25.183333333333334,
sarima_dcf,carbon,USA|north dakota,US,False,rolling,2023-12-01,7,2024-07-01,569.83,562.401916509395,46.89059274509185,502.3092039676083,622.4946290511818,0.8,25.183333333333334,
sarima_dcf,carbon,USA|north dakota,US,False,rolling,2023-12-01,8,2024-08-01,520.21,544.502922060959,47.968598005181136,483.02869019043953,605.9771539314785,0.8,25.183333333333334,
sarima_dcf,carbon,USA|north dakota,US,False,rolling,2023-12-01,9,2024-09-01,467.57,513.8595394175509,48.79359907995914,451.3280261280737,576.391052707028,0.8,25.183333333333334,
sarima_dcf,carbon,USA|north dakota,US,False,rolling,2023-12-01,10,2024-10-01,449.21,472.0306547086414,49.42869032301951,408.6852392423565,535.3760701749263,0.8,25.183333333333334,
sarima_dcf,carbon,USA|north dakota,US,False,rolling,2023-12-01,11,2024-11-01,476.36,476.59257967602616,49.91987652949181,412.6176837578628,540.5674755941895,0.8,25.183333333333334,
sarima_dcf,carbon,USA|north dakota,US,False,rolling,2023-12-01,12,2024-12-01,480.9,500.33142223192203,50.301240834666906,435.86778829141866,564.7950561724253,0.8,25.183333333333334,
sarima_dcf,carbon,USA|north dakota,US,False,rolling,2024-12-01,1,2025-01-01,439.23,504.9591484980756,22.151207125395526,476.57123432782225,533.3470626683289,0.8,25.152463768115936,
sarima_dcf,carbon,USA|north dakota,US,False,rolling,2024-12-01,2,2025-02-01,474.27,472.428979098036,24.49337444335595,441.0394567346831,503.8185014613889,0.8,25.152463768115936,
sarima_dcf,carbon,USA|north dakota,US,False,rolling,2024-12-01,3,2025-03-01,425.84,449.7331652283243,25.394350245449306,417.1889959152808,482.2773345413678,0.8,25.152463768115936,
sarima_dcf,carbon,USA|north dakota,US,False,rolling,2024-12-01,4,2025-04-01,365.44,396.28590040758183,25.98388913925101,362.98620660223736,429.5855942129263,0.8,25.152463768115936,
sarima_dcf,carbon,USA|north dakota,US,False,rolling,2024-12-01,5,2025-05-01,404.49,433.5528696453391,26.4833124382542,399.6131391292877,467.49260016139056,0.8,25.152463768115936,
sarima_dcf,carbon,USA|north dakota,US,False,rolling,2024-12-01,6,2025-06-01,483.24,484.49391787990254,26.950375075537888,449.9556225098328,519.0322132499723,0.8,25.152463768115936,
sarima_dcf,carbon,USA|north dakota,US,False,rolling,2024-12-01,7,2025-07-01,564.64,546.2639532974529,27.4023118648929,511.146477627458,581.3814289674477,0.8,25.152463768115936,
sarima_dcf,carbon,USA|north dakota,US,False,rolling,2024-12-01,8,2025-08-01,536.93,518.4356056416726,27.84466667051934,482.751229478001,554.1199818053442,0.8,25.152463768115936,
sarima_dcf,carbon,USA|north dakota,US,False,rolling,2024-12-01,9,2025-09-01,538.36,479.3980831945956,28.279395014338107,443.1565802413164,515.6395861478748,0.8,25.152463768115936,
sarima_dcf,carbon,USA|north dakota,US,False,rolling,2024-12-01,10,2025-10-01,446.95,446.48482798058774,28.707317539713593,409.6949202449818,483.2747357161937,0.8,25.152463768115936,
sarima_dcf,carbon,USA|north dakota,US,False,rolling,2024-12-01,11,2025-11-01,471.9,457.8612330929535,29.12888379465009,420.53106646335294,495.1913997225541,0.8,25.152463768115936,
sarima_dcf,carbon,USA|north dakota,US,False,rolling,2024-12-01,12,2025-12-01,464.87,472.9586540534917,29.544413113226604,435.0959651751398,510.8213429318437,0.8,25.152463768115936,
sarima_dcf,carbon,USA|ohio,US,True,holdout,last12,1,2025-01-01,505.88,489.67834364015727,22.121124963576296,461.32898131147834,518.0277059688362,0.8,26.81742753623188,
sarima_dcf,carbon,USA|ohio,US,True,holdout,last12,2,2025-02-01,490.82,474.7225361324836,25.30153536829421,442.29731387056404,507.1477583944031,0.8,26.81742753623188,
sarima_dcf,carbon,USA|ohio,US,True,holdout,last12,3,2025-03-01,495.4,477.7972990295148,26.542755100477567,443.78138967663085,511.8132083823988,0.8,26.81742753623188,
sarima_dcf,carbon,USA|ohio,US,True,holdout,last12,4,2025-04-01,481.84,460.43269533557066,27.25233131453203,425.507427474692,495.3579631964493,0.8,26.81742753623188,
sarima_dcf,carbon,USA|ohio,US,True,holdout,last12,5,2025-05-01,451.45,458.57849229352144,27.77837326280395,422.97907455029275,494.1779100367501,0.8,26.81742753623188,
sarima_dcf,carbon,USA|ohio,US,True,holdout,last12,6,2025-06-01,480.73,468.9812289778457,28.23099703620299,432.8017505292148,505.1607074264766,0.8,26.81742753623188,
sarima_dcf,carbon,USA|ohio,US,True,holdout,last12,7,2025-07-01,496.54,476.7204036284206,28.65060742992466,440.0031728227969,513.4376344340443,0.8,26.81742753623188,
sarima_dcf,carbon,USA|ohio,US,True,holdout,last12,8,2025-08-01,471.65,478.60940365257795,29.053353583188674,441.3760328837217,515.8427744214342,0.8,26.81742753623188,
sarima_dcf,carbon,USA|ohio,US,True,holdout,last12,9,2025-09-01,465.49,468.71888842739094,29.446020946661996,430.9822941841372,506.4554826706447,0.8,26.81742753623188,
sarima_dcf,carbon,USA|ohio,US,True,holdout,last12,10,2025-10-01,434.31,460.50452738335474,29.831575357509085,422.27382528127725,498.7352294854322,0.8,26.81742753623188,
sarima_dcf,carbon,USA|ohio,US,True,holdout,last12,11,2025-11-01,475.79,464.52290678587934,30.211380050926522,425.8054653843516,503.2403481874071,0.8,26.81742753623188,
sarima_dcf,carbon,USA|ohio,US,True,holdout,last12,12,2025-12-01,487.32,470.7431685095632,30.586114405336886,431.5454857094775,509.9408513096489,0.8,26.81742753623188,
sarima_dcf,carbon,USA|ohio,US,True,rolling,2022-12-01,1,2023-01-01,521.39,522.5865887064399,22.40042137179715,493.87929362855454,551.2938837843253,0.8,26.82706349206349,
sarima_dcf,carbon,USA|ohio,US,True,rolling,2022-12-01,2,2023-02-01,499.57,521.7188686734271,25.62380953353208,488.8806354505124,554.5571018963418,0.8,26.82706349206349,
sarima_dcf,carbon,USA|ohio,US,True,rolling,2022-12-01,3,2023-03-01,519.22,525.532194200335,26.877942148212444,491.08672536167614,559.9776630389938,0.8,26.82706349206349,
sarima_dcf,carbon,USA|ohio,US,True,rolling,2022-12-01,4,2023-04-01,494.1,498.437412113384,27.591411698543748,463.0775952555297,533.7972289712384,0.8,26.82706349206349,
sarima_dcf,carbon,USA|ohio,US,True,rolling,2022-12-01,5,2023-05-01,453.23,491.4251913866061,28.118102677546823,455.39039288005216,527.45998989316,0.8,26.82706349206349,
sarima_dcf,carbon,USA|ohio,US,True,rolling,2022-12-01,6,2023-06-01,460.63,512.2694274030098,28.570063649405714,475.65541760540503,548.8834372006146,0.8,26.82706349206349,
sarima_dcf,carbon,USA|ohio,US,True,rolling,2022-12-01,7,2023-07-01,493.0,519.9397455578481,28.98846474933861,482.78953317559876,557.0899579400975,0.8,26.82706349206349,
sarima_dcf,carbon,USA|ohio,US,True,rolling,2022-12-01,8,2023-08-01,506.19,521.7823323717315,29.3897945560671,484.1177951473695,559.4468695960935,0.8,26.82706349206349,
sarima_dcf,carbon,USA|ohio,US,True,rolling,2022-12-01,9,2023-09-01,493.89,512.6052732808319,29.78099620802565,474.4393909669588,550.771155594705,0.8,26.82706349206349,
sarima_dcf,carbon,USA|ohio,US,True,rolling,2022-12-01,10,2023-10-01,478.37,498.56157392641506,30.16510848914963,459.9034319173226,537.2197159355075,0.8,26.82706349206349,
sarima_dcf,carbon,USA|ohio,US,True,rolling,2022-12-01,11,2023-11-01,497.73,503.94277347320445,30.54352682946249,464.79966884765327,543.0858780987556,0.8,26.82706349206349,
sarima_dcf,carbon,USA|ohio,US,True,rolling,2022-12-01,12,2023-12-01,494.39,505.64056372410346,30.916943225728225,466.01890673131794,545.262220716889,0.8,26.82706349206349,
sarima_dcf,carbon,USA|ohio,US,True,rolling,2023-12-01,1,2024-01-01,508.67,500.50365023839,22.120847112126025,472.1546439906721,528.8526564861079,0.8,26.72299242424242,
sarima_dcf,carbon,USA|ohio,US,True,rolling,2023-12-01,2,2024-02-01,454.09,496.7117318213919,25.321492801658135,464.26093307950055,529.1625305632832,0.8,26.72299242424242,
sarima_dcf,carbon,USA|ohio,US,True,rolling,2023-12-01,3,2024-03-01,455.89,503.1343996041889,26.568460333850236,469.0855476692335,537.1832515391443,0.8,26.72299242424242,
sarima_dcf,carbon,USA|ohio,US,True,rolling,2023-12-01,4,2024-04-01,446.88,479.6521322731189,27.276746055030742,444.6955756633318,514.6086888829061,0.8,26.72299242424242,
sarima_dcf,carbon,USA|ohio,US,True,rolling,2023-12-01,5,2024-05-01,484.32,467.5977032286172,27.798334712964774,431.9727038576844,503.22270259955,0.8,26.72299242424242,
sarima_dcf,carbon,USA|ohio,US,True,rolling,2023-12-01,6,2024-06-01,484.9,483.66807850898573,28.245033185854957,447.4706120107941,519.8655450071774,0.8,26.72299242424242,
sarima_dcf,carbon,USA|ohio,US,True,rolling,2023-12-01,7,2024-07-01,488.12,494.7497916800666,28.658049387694263,458.02302362181257,531.4765597383207,0.8,26.72299242424242,
sarima_dcf,carbon,USA|ohio,US,True,rolling,2023-12-01,8,2024-08-01,485.44,498.31540144712255,29.05394347821845,461.08127469736735,535.5495281968778,0.8,26.72299242424242,
sarima_dcf,carbon,USA|ohio,US,True,rolling,2023-12-01,9,2024-09-01,460.1,489.68387673477145,29.439713894481283,451.95536530411385,527.4123881654291,0.8,26.72299242424242,
sarima_dcf,carbon,USA|ohio,US,True,rolling,2023-12-01,10,2024-10-01,460.2,476.98630240079336,29.81843347762738,438.7724422954525,515.2001625061342,0.8,26.72299242424242,
sarima_dcf,carbon,USA|ohio,US,True,rolling,2023-12-01,11,2024-11-01,456.23,484.0994036961474,30.19151591762804,445.40741920574646,522.7913881865484,0.8,26.72299242424242,
sarima_dcf,carbon,USA|ohio,US,True,rolling,2023-12-01,12,2024-12-01,490.85,484.770852853157,30.559661690342686,445.607070571385,523.9346351349291,0.8,26.72299242424242,
sarima_dcf,carbon,USA|ohio,US,True,rolling,2024-12-01,1,2025-01-01,505.88,489.67834364015727,22.121124963576296,461.32898131147834,518.0277059688362,0.8,26.81742753623188,
sarima_dcf,carbon,USA|ohio,US,True,rolling,2024-12-01,2,2025-02-01,490.82,474.7225361324836,25.30153536829421,442.29731387056404,507.1477583944031,0.8,26.81742753623188,
sarima_dcf,carbon,USA|ohio,US,True,rolling,2024-12-01,3,2025-03-01,495.4,477.7972990295148,26.542755100477567,443.78138967663085,511.8132083823988,0.8,26.81742753623188,
sarima_dcf,carbon,USA|ohio,US,True,rolling,2024-12-01,4,2025-04-01,481.84,460.43269533557066,27.25233131453203,425.507427474692,495.3579631964493,0.8,26.81742753623188,
sarima_dcf,carbon,USA|ohio,US,True,rolling,2024-12-01,5,2025-05-01,451.45,458.57849229352144,27.77837326280395,422.97907455029275,494.1779100367501,0.8,26.81742753623188,
sarima_dcf,carbon,USA|ohio,US,True,rolling,2024-12-01,6,2025-06-01,480.73,468.9812289778457,28.23099703620299,432.8017505292148,505.1607074264766,0.8,26.81742753623188,
sarima_dcf,carbon,USA|ohio,US,True,rolling,2024-12-01,7,2025-07-01,496.54,476.7204036284206,28.65060742992466,440.0031728227969,513.4376344340443,0.8,26.81742753623188,
sarima_dcf,carbon,USA|ohio,US,True,rolling,2024-12-01,8,2025-08-01,471.65,478.60940365257795,29.053353583188674,441.3760328837217,515.8427744214342,0.8,26.81742753623188,
sarima_dcf,carbon,USA|ohio,US,True,rolling,2024-12-01,9,2025-09-01,465.49,468.71888842739094,29.446020946661996,430.9822941841372,506.4554826706447,0.8,26.81742753623188,
sarima_dcf,carbon,USA|ohio,US,True,rolling,2024-12-01,10,2025-10-01,434.31,460.50452738335474,29.831575357509085,422.27382528127725,498.7352294854322,0.8,26.81742753623188,
sarima_dcf,carbon,USA|ohio,US,True,rolling,2024-12-01,11,2025-11-01,475.79,464.52290678587934,30.211380050926522,425.8054653843516,503.2403481874071,0.8,26.81742753623188,
sarima_dcf,carbon,USA|ohio,US,True,rolling,2024-12-01,12,2025-12-01,487.32,470.7431685095632,30.586114405336886,431.5454857094775,509.9408513096489,0.8,26.81742753623188,
sarima_dcf,carbon,USA|oklahoma,US,True,holdout,last12,1,2025-01-01,343.55,313.42391679873094,27.12637338662401,278.66007051755554,348.18776307990635,0.8,30.170724637681154,
sarima_dcf,carbon,USA|oklahoma,US,True,holdout,last12,2,2025-02-01,291.41,259.9328164445397,29.917118511543446,221.59248637948787,298.2731465095915,0.8,30.170724637681154,
sarima_dcf,carbon,USA|oklahoma,US,True,holdout,last12,3,2025-03-01,230.1,230.89719387619795,30.867310393675922,191.33914391703146,270.45524383536446,0.8,30.170724637681154,
sarima_dcf,carbon,USA|oklahoma,US,True,holdout,last12,4,2025-04-01,227.98,229.70613214613937,31.419513915869036,189.44040489860706,269.9718593936717,0.8,30.170724637681154,
sarima_dcf,carbon,USA|oklahoma,US,True,holdout,last12,5,2025-05-01,293.83,285.1857506484347,31.857544654983883,244.35866442143308,326.0128368754363,0.8,30.170724637681154,
sarima_dcf,carbon,USA|oklahoma,US,True,holdout,last12,6,2025-06-01,332.23,330.95609414801896,32.2564532547038,289.61778598053706,372.29440231550086,0.8,30.170724637681154,
sarima_dcf,carbon,USA|oklahoma,US,True,holdout,last12,7,2025-07-01,362.9,354.849777702818,32.63945199679074,313.020636897813,396.678918507823,0.8,30.170724637681154,
sarima_dcf,carbon,USA|oklahoma,US,True,holdout,last12,8,2025-08-01,377.53,364.4528045757646,33.0142710185345,322.143313866648,406.76229528488125,0.8,30.170724637681154,
sarima_dcf,carbon,USA|oklahoma,US,True,holdout,last12,9,2025-09-01,360.32,327.8469530019919,33.383608263911235,285.0641375678488,370.629768436135,0.8,30.170724637681154,
sarima_dcf,carbon,USA|oklahoma,US,True,holdout,last12,10,2025-10-01,297.95,276.0902310448457,33.748468590245196,232.83982828828422,319.34063380140725,0.8,30.170724637681154,
sarima_dcf,carbon,USA|oklahoma,US,True,holdout,last12,11,2025-11-01,277.3,269.63229107327805,34.10927745408118,225.91949315240518,313.34508899415096,0.8,30.170724637681154,
sarima_dcf,carbon,USA|oklahoma,US,True,holdout,last12,12,2025-12-01,256.49,273.25282057142994,34.46625847736824,229.08253306129382,317.42310808156606,0.8,30.170724637681154,
sarima_dcf,carbon,USA|oklahoma,US,True,rolling,2022-12-01,1,2023-01-01,257.89,303.6056111531513,25.47672856832638,270.9558697714578,336.2553525348448,0.8,29.541666666666668,
sarima_dcf,carbon,USA|oklahoma,US,True,rolling,2022-12-01,2,2023-02-01,227.48,292.19881857437235,28.49910440868646,255.6757467028012,328.72189044594353,0.8,29.541666666666668,
sarima_dcf,carbon,USA|oklahoma,US,True,rolling,2022-12-01,3,2023-03-01,206.18,237.86892914063867,29.57555084738027,199.96633565033454,275.7715226309428,0.8,29.541666666666668,
sarima_dcf,carbon,USA|oklahoma,US,True,rolling,2022-12-01,4,2023-04-01,218.56,205.17233538339468,30.186591380221152,166.48666194161711,243.85800882517225,0.8,29.541666666666668,
sarima_dcf,carbon,USA|oklahoma,US,True,rolling,2022-12-01,5,2023-05-01,323.6,245.6587344751049,30.65338549857205,206.37484030016773,284.942628650042,0.8,29.541666666666668,
sarima_dcf,carbon,USA|oklahoma,US,True,rolling,2022-12-01,6,2023-06-01,387.42,309.71280682693055,31.067517799566552,269.8981807533113,349.5274329005498,0.8,29.541666666666668,
sarima_dcf,carbon,USA|oklahoma,US,True,rolling,2022-12-01,7,2023-07-01,368.15,356.30350327745975,31.459552850324673,315.9864640707931,396.6205424841264,0.8,29.541666666666668,
sarima_dcf,carbon,USA|oklahoma,US,True,rolling,2022-12-01,8,2023-08-01,389.38,356.3902781917336,31.840552044238578,315.58496887163534,397.1955875118319,0.8,29.541666666666668,
sarima_dcf,carbon,USA|oklahoma,US,True,rolling,2022-12-01,9,2023-09-01,330.87,310.42802939060255,32.214707979225345,269.1432199462642,351.7128388349409,0.8,29.541666666666668,
sarima_dcf,carbon,USA|oklahoma,US,True,rolling,2022-12-01,10,2023-10-01,237.72,272.25607409745345,32.58368452377551,230.49840218479758,314.01374601010934,0.8,29.541666666666668,
sarima_dcf,carbon,USA|oklahoma,US,True,rolling,2022-12-01,11,2023-11-01,277.24,246.19933897386278,32.94819499156627,203.97452810055228,288.4241498471733,0.8,29.541666666666668,
sarima_dcf,carbon,USA|oklahoma,US,True,rolling,2022-12-01,12,2023-12-01,247.95,265.5001233344387,33.30859009414142,222.8134475532084,308.186799115669,0.8,29.541666666666668,
sarima_dcf,carbon,USA|oklahoma,US,True,rolling,2023-12-01,1,2024-01-01,358.21,263.1972351560346,26.356741516091585,229.41971180343307,296.9747585086361,0.8,30.134469696969695,
sarima_dcf,carbon,USA|oklahoma,US,True,rolling,2023-12-01,2,2024-02-01,219.16,255.39910746405252,29.635820645351473,217.41927511980336,293.3789398083017,0.8,30.134469696969695,
sarima_dcf,carbon,USA|oklahoma,US,True,rolling,2023-12-01,3,2024-03-01,211.41,217.31999318425818,30.76829551030043,177.88883590389378,256.7511504646226,0.8,30.134469696969695,
sarima_dcf,carbon,USA|oklahoma,US,True,rolling,2023-12-01,4,2024-04-01,243.76,201.10365322941226,31.36608928107441,160.90639240623963,241.3009140525849,0.8,30.134469696969695,
sarima_dcf,carbon,USA|oklahoma,US,True,rolling,2023-12-01,5,2024-05-01,303.2,258.8265608137938,31.793788162992765,218.081181818917,299.57193980867055,0.8,30.134469696969695,
sarima_dcf,carbon,USA|oklahoma,US,True,rolling,2023-12-01,6,2024-06-01,325.36,319.1890353173698,32.158217981528495,277.97662071801744,360.4014499167222,0.8,30.134469696969695,
sarima_dcf,carbon,USA|oklahoma,US,True,rolling,2023-12-01,7,2024-07-01,353.38,344.27123549865104,32.496281830793436,302.62557464401914,385.91689635328294,0.8,30.134469696969695,
sarima_dcf,carbon,USA|oklahoma,US,True,rolling,2023-12-01,8,2024-08-01,371.07,350.6105812479004,32.82197482312003,308.5475280290655,392.67363446673534,0.8,30.134469696969695,
sarima_dcf,carbon,USA|oklahoma,US,True,rolling,2023-12-01,9,2024-09-01,350.94,303.63935209947607,33.14087253660611,261.16761501667446,346.1110891822777,0.8,30.134469696969695,
sarima_dcf,carbon,USA|oklahoma,US,True,rolling,2023-12-01,10,2024-10-01,292.67,251.1625467163299,33.455268522650414,208.28789496541228,294.03719846724755,0.8,30.134469696969695,
sarima_dcf,carbon,USA|oklahoma,US,True,rolling,2023-12-01,11,2024-11-01,281.23,245.85063051579823,33.76614110086122,202.57757952558967,289.1236815060068,0.8,30.134469696969695,
sarima_dcf,carbon,USA|oklahoma,US,True,rolling,2023-12-01,12,2024-12-01,285.95,249.87476992598494,34.07393417632023,206.20726623805808,293.5422736139118,0.8,30.134469696969695,
sarima_dcf,carbon,USA|oklahoma,US,True,rolling,2024-12-01,1,2025-01-01,343.55,313.42391679873094,27.12637338662401,278.66007051755554,348.18776307990635,0.8,30.170724637681154,
sarima_dcf,carbon,USA|oklahoma,US,True,rolling,2024-12-01,2,2025-02-01,291.41,259.9328164445397,29.917118511543446,221.59248637948787,298.2731465095915,0.8,30.170724637681154,
sarima_dcf,carbon,USA|oklahoma,US,True,rolling,2024-12-01,3,2025-03-01,230.1,230.89719387619795,30.867310393675922,191.33914391703146,270.45524383536446,0.8,30.170724637681154,
sarima_dcf,carbon,USA|oklahoma,US,True,rolling,2024-12-01,4,2025-04-01,227.98,229.70613214613937,31.419513915869036,189.44040489860706,269.9718593936717,0.8,30.170724637681154,
sarima_dcf,carbon,USA|oklahoma,US,True,rolling,2024-12-01,5,2025-05-01,293.83,285.1857506484347,31.857544654983883,244.35866442143308,326.0128368754363,0.8,30.170724637681154,
sarima_dcf,carbon,USA|oklahoma,US,True,rolling,2024-12-01,6,2025-06-01,332.23,330.95609414801896,32.2564532547038,289.61778598053706,372.29440231550086,0.8,30.170724637681154,
sarima_dcf,carbon,USA|oklahoma,US,True,rolling,2024-12-01,7,2025-07-01,362.9,354.849777702818,32.63945199679074,313.020636897813,396.678918507823,0.8,30.170724637681154,
sarima_dcf,carbon,USA|oklahoma,US,True,rolling,2024-12-01,8,2025-08-01,377.53,364.4528045757646,33.0142710185345,322.143313866648,406.76229528488125,0.8,30.170724637681154,
sarima_dcf,carbon,USA|oklahoma,US,True,rolling,2024-12-01,9,2025-09-01,360.32,327.8469530019919,33.383608263911235,285.0641375678488,370.629768436135,0.8,30.170724637681154,
sarima_dcf,carbon,USA|oklahoma,US,True,rolling,2024-12-01,10,2025-10-01,297.95,276.0902310448457,33.748468590245196,232.83982828828422,319.34063380140725,0.8,30.170724637681154,
sarima_dcf,carbon,USA|oklahoma,US,True,rolling,2024-12-01,11,2025-11-01,277.3,269.63229107327805,34.10927745408118,225.91949315240518,313.34508899415096,0.8,30.170724637681154,
sarima_dcf,carbon,USA|oklahoma,US,True,rolling,2024-12-01,12,2025-12-01,256.49,273.25282057142994,34.46625847736824,229.08253306129382,317.42310808156606,0.8,30.170724637681154,
sarima_dcf,carbon,USA|oregon,US,True,holdout,last12,1,2025-01-01,205.31,193.82358958535468,35.889232657581765,147.82968728683636,239.817491883873,0.8,41.39626811594203,
sarima_dcf,carbon,USA|oregon,US,True,holdout,last12,2,2025-02-01,211.09,179.81506900642432,42.62011912161728,125.19518862241834,234.4349493904303,0.8,41.39626811594203,
sarima_dcf,carbon,USA|oregon,US,True,holdout,last12,3,2025-03-01,148.0,165.9622426727966,45.135823472838496,108.11835743903572,223.8061279065575,0.8,41.39626811594203,
sarima_dcf,carbon,USA|oregon,US,True,holdout,last12,4,2025-04-01,124.26,148.27755851748117,46.17283198322012,89.10469340375764,207.4504236312047,0.8,41.39626811594203,
sarima_dcf,carbon,USA|oregon,US,True,holdout,last12,5,2025-05-01,132.67,86.69928595880151,46.62730109555463,26.943995242674013,146.454576674929,0.8,41.39626811594203,
sarima_dcf,carbon,USA|oregon,US,True,holdout,last12,6,2025-06-01,168.27,118.78242268659574,46.839026760186805,58.75579461349291,178.80905075969855,0.8,41.39626811594203,
sarima_dcf,carbon,USA|oregon,US,True,holdout,last12,7,2025-07-01,218.35,193.75013888210245,46.94505091822109,133.58763538328523,253.91264238091966,0.8,41.39626811594203,
sarima_dcf,carbon,USA|oregon,US,True,holdout,last12,8,2025-08-01,219.95,238.39988158929373,47.00298771208114,178.16312910160252,298.63663407698493,0.8,41.39626811594203,
sarima_dcf,carbon,USA|oregon,US,True,holdout,last12,9,2025-09-01,235.68,244.25511579393202,47.03808966171591,183.9733783477327,304.53685324013134,0.8,41.39626811594203,
sarima_dcf,carbon,USA|oregon,US,True,holdout,last12,10,2025-10-01,192.9,230.68349363922837,47.06200095792734,170.37111263393513,290.9958746445216,0.8,41.39626811594203,
sarima_dcf,carbon,USA|oregon,US,True,holdout,last12,11,2025-11-01,201.71,207.10197516647713,47.080419204370955,146.76599022861947,267.4379601043348,0.8,41.39626811594203,
sarima_dcf,carbon,USA|oregon,US,True,holdout,last12,12,2025-12-01,161.58,209.72180392490418,47.096205515765334,149.36558801496489,270.0780198348435,0.8,41.39626811594203,
sarima_dcf,carbon,USA|oregon,US,True,rolling,2022-12-01,1,2023-01-01,206.59,198.9709284633982,35.17217584974217,153.89597143955115,244.04588548724524,0.8,42.924087301587306,
sarima_dcf,carbon,USA|oregon,US,True,rolling,2022-12-01,2,2023-02-01,199.05,180.22409067478856,41.69535518311568,126.78934296392849,233.6588383856486,0.8,42.924087301587306,
sarima_dcf,carbon,USA|oregon,US,True,rolling,2022-12-01,3,2023-03-01,205.75,159.54941160189657,44.11747830372083,103.0105882138832,216.08823498990995,0.8,42.924087301587306,
sarima_dcf,carbon,USA|oregon,US,True,rolling,2022-12-01,4,2023-04-01,209.49,135.27758020510748,45.11407172052689,77.46157096357487,193.0935894466401,0.8,42.924087301587306,
sarima_dcf,carbon,USA|oregon,US,True,rolling,2022-12-01,5,2023-05-01,89.8,78.26278827871263,45.55297234952417,19.884305248970044,136.64127130845523,0.8,42.924087301587306,
sarima_dcf,carbon,USA|oregon,US,True,rolling,2022-12-01,6,2023-06-01,183.8,103.16065933647425,45.76020167323021,44.51660124250943,161.80471743043907,0.8,42.924087301587306,
sarima_dcf,carbon,USA|oregon,US,True,rolling,2022-12-01,7,2023-07-01,216.33,185.35739161125417,45.86639975448616,126.57723519999796,244.13754802251037,0.8,42.924087301587306,
sarima_dcf,carbon,USA|oregon,US,True,rolling,2022-12-01,8,2023-08-01,229.44,238.1172878149667,45.92642220551495,179.2602095376267,296.9743660923067,0.8,42.924087301587306,
sarima_dcf,carbon,USA|oregon,US,True,rolling,2022-12-01,9,2023-09-01,239.63,241.90760596828775,45.96447569098158,183.0017601870736,300.81345174950195,0.8,42.924087301587306,
sarima_dcf,carbon,USA|oregon,US,True,rolling,2022-12-01,10,2023-10-01,241.54,226.8540057068488,45.99191327020977,167.91299725301997,285.7950141606776,0.8,42.924087301587306,
sarima_dcf,carbon,USA|oregon,US,True,rolling,2022-12-01,11,2023-11-01,202.83,203.37034614811142,46.01439581227864,144.40052515729684,262.340167138926,0.8,42.924087301587306,
sarima_dcf,carbon,USA|oregon,US,True,rolling,2022-12-01,12,2023-12-01,217.26,203.33460034326595,46.034586583307444,144.33890383822984,262.33029684830205,0.8,42.924087301587306,
sarima_dcf,carbon,USA|oregon,US,True,rolling,2023-12-01,1,2024-01-01,223.55,194.7484980630222,34.872277457329204,150.05787629347628,239.4391198325681,0.8,42.740492424242426,
sarima_dcf,carbon,USA|oregon,US,True,rolling,2023-12-01,2,2024-02-01,214.57,179.51564011695552,41.3055827960434,126.58040581895399,232.45087441495707,0.8,42.740492424242426,
sarima_dcf,carbon,USA|oregon,US,True,rolling,2023-12-01,3,2024-03-01,199.98,162.12857579297756,43.67293082973747,106.15946291620646,218.09768866974866,0.8,42.740492424242426,
sarima_dcf,carbon,USA|oregon,US,True,rolling,2023-12-01,4,2024-04-01,193.77,140.60885365917073,44.632814548443605,83.40960029995102,197.80810701839044,0.8,42.740492424242426,
sarima_dcf,carbon,USA|oregon,US,True,rolling,2023-12-01,5,2024-05-01,121.25,80.13412058518847,45.04625089636242,22.40502722704035,137.86321394333658,0.8,42.740492424242426,
sarima_dcf,carbon,USA|oregon,US,True,rolling,2023-12-01,6,2024-06-01,173.49,110.03617547565182,45.235383997603705,52.064698295511626,168.00765265579201,0.8,42.740492424242426,
sarima_dcf,carbon,USA|oregon,US,True,rolling,2023-12-01,7,2024-07-01,220.7,189.2117061264167,45.328320941596985,131.12112546020498,247.3022867926284,0.8,42.740492424242426,
sarima_dcf,carbon,USA|oregon,US,True,rolling,2023-12-01,8,2024-08-01,224.91,239.60137853390646,45.37820620766842,181.4468673268633,297.7558897409496,0.8,42.740492424242426,
sarima_dcf,carbon,USA|oregon,US,True,rolling,2023-12-01,9,2024-09-01,232.39,243.78317557649,45.40809096537101,185.59036551142717,301.9759856415528,0.8,42.740492424242426,
sarima_dcf,carbon,USA|oregon,US,True,rolling,2023-12-01,10,2024-10-01,225.71,230.0015783264359,45.428550471824394,171.78254834884746,288.2206083040243,0.8,42.740492424242426,
sarima_dcf,carbon,USA|oregon,US,True,rolling,2023-12-01,11,2024-11-01,209.47,205.55530918519074,45.44472340715716,147.31555275700714,263.79506561337433,0.8,42.740492424242426,
sarima_dcf,carbon,USA|oregon,US,True,rolling,2023-12-01,12,2024-12-01,209.72,206.34066915036146,45.45894116239769,148.08269193569083,264.5986463650321,0.8,42.740492424242426,
sarima_dcf,carbon,USA|oregon,US,True,rolling,2024-12-01,1,2025-01-01,205.31,193.82358958535468,35.889232657581765,147.82968728683636,239.817491883873,0.8,41.39626811594203,
sarima_dcf,carbon,USA|oregon,US,True,rolling,2024-12-01,2,2025-02-01,211.09,179.81506900642432,42.62011912161728,125.19518862241834,234.4349493904303,0.8,41.39626811594203,
sarima_dcf,carbon,USA|oregon,US,True,rolling,2024-12-01,3,2025-03-01,148.0,165.9622426727966,45.135823472838496,108.11835743903572,223.8061279065575,0.8,41.39626811594203,
sarima_dcf,carbon,USA|oregon,US,True,rolling,2024-12-01,4,2025-04-01,124.26,148.27755851748117,46.17283198322012,89.10469340375764,207.4504236312047,0.8,41.39626811594203,
sarima_dcf,carbon,USA|oregon,US,True,rolling,2024-12-01,5,2025-05-01,132.67,86.69928595880151,46.62730109555463,26.943995242674013,146.454576674929,0.8,41.39626811594203,
sarima_dcf,carbon,USA|oregon,US,True,rolling,2024-12-01,6,2025-06-01,168.27,118.78242268659574,46.839026760186805,58.75579461349291,178.80905075969855,0.8,41.39626811594203,
sarima_dcf,carbon,USA|oregon,US,True,rolling,2024-12-01,7,2025-07-01,218.35,193.75013888210245,46.94505091822109,133.58763538328523,253.91264238091966,0.8,41.39626811594203,
sarima_dcf,carbon,USA|oregon,US,True,rolling,2024-12-01,8,2025-08-01,219.95,238.39988158929373,47.00298771208114,178.16312910160252,298.63663407698493,0.8,41.39626811594203,
sarima_dcf,carbon,USA|oregon,US,True,rolling,2024-12-01,9,2025-09-01,235.68,244.25511579393202,47.03808966171591,183.9733783477327,304.53685324013134,0.8,41.39626811594203,
sarima_dcf,carbon,USA|oregon,US,True,rolling,2024-12-01,10,2025-10-01,192.9,230.68349363922837,47.06200095792734,170.37111263393513,290.9958746445216,0.8,41.39626811594203,
sarima_dcf,carbon,USA|oregon,US,True,rolling,2024-12-01,11,2025-11-01,201.71,207.10197516647713,47.080419204370955,146.76599022861947,267.4379601043348,0.8,41.39626811594203,
sarima_dcf,carbon,USA|oregon,US,True,rolling,2024-12-01,12,2025-12-01,161.58,209.72180392490418,47.096205515765334,149.36558801496489,270.0780198348435,0.8,41.39626811594203,
sarima_dcf,carbon,USA|pennsylvania,US,True,holdout,last12,1,2025-01-01,381.82,356.0145020299302,17.911927619091912,333.0594431477614,378.96956091209904,0.8,18.922391304347826,
sarima_dcf,carbon,USA|pennsylvania,US,True,holdout,last12,2,2025-02-01,363.94,346.2117156154471,19.650896355156956,321.028078627141,371.39535260375317,0.8,18.922391304347826,
sarima_dcf,carbon,USA|pennsylvania,US,True,holdout,last12,3,2025-03-01,321.83,338.384035069021,20.199003252462376,312.4979708283874,364.27009930965465,0.8,18.922391304347826,
sarima_dcf,carbon,USA|pennsylvania,US,True,holdout,last12,4,2025-04-01,331.18,336.64885353501313,20.498559601284704,310.37889238657743,362.91881468344883,0.8,18.922391304347826,
sarima_dcf,carbon,USA|pennsylvania,US,True,holdout,last12,5,2025-05-01,343.53,327.77877388400736,20.72891863764574,301.2135957518858,354.3439520161289,0.8,18.922391304347826,
sarima_dcf,carbon,USA|pennsylvania,US,True,holdout,last12,6,2025-06-01,357.7,341.3881135245064,20.936318608075325,314.55714163558696,368.2190854134259,0.8,18.922391304347826,
sarima_dcf,carbon,USA|pennsylvania,US,True,holdout,last12,7,2025-07-01,386.74,362.25621877638036,21.134888184364065,335.1707697360985,389.3416678166622,0.8,18.922391304347826,
sarima_dcf,carbon,USA|pennsylvania,US,True,holdout,last12,8,2025-08-01,363.4,355.2369855713599,21.32930069642502,327.9023868718849,382.57158427083493,0.8,18.922391304347826,
sarima_dcf,carbon,USA|pennsylvania,US,True,holdout,last12,9,2025-09-01,332.94,330.706110940538,21.521166818721667,303.12562591165874,358.28659596941725,0.8,18.922391304347826,
sarima_dcf,carbon,USA|pennsylvania,US,True,holdout,last12,10,2025-10-01,323.46,321.45558674509834,21.711066190653355,293.6317358788241,349.2794376113726,0.8,18.922391304347826,
sarima_dcf,carbon,USA|pennsylvania,US,True,holdout,last12,11,2025-11-01,326.96,323.9063578875643,21.89922570514984,295.84137090091497,351.9713448742136,0.8,18.922391304347826,
sarima_dcf,carbon,USA|pennsylvania,US,True,holdout,last12,12,2025-12-01,359.77,339.90263001564824,22.08575021181925,311.5986022554643,368.2066577758322,0.8,18.922391304347826,
sarima_dcf,carbon,USA|pennsylvania,US,True,rolling,2022-12-01,1,2023-01-01,336.62,371.5511100145661,18.16425734393452,348.2726775784918,394.8295424506404,0.8,19.095595238095235,
sarima_dcf,carbon,USA|pennsylvania,US,True,rolling,2022-12-01,2,2023-02-01,345.39,369.14229070707205,19.99597129748415,343.5164223861963,394.7681590279478,0.8,19.095595238095235,
sarima_dcf,carbon,USA|pennsylvania,US,True,rolling,2022-12-01,3,2023-03-01,354.15,354.16706077316394,20.570669099829193,327.8046875839779,380.52943396234997,0.8,19.095595238095235,
sarima_dcf,carbon,USA|pennsylvania,US,True,rolling,2022-12-01,4,2023-04-01,339.28,350.76431525622854,20.87573780634935,324.0109807886029,377.51764972385416,0.8,19.095595238095235,
sarima_dcf,carbon,USA|pennsylvania,US,True,rolling,2022-12-01,5,2023-05-01,332.04,338.84569642030493,21.10426552346766,311.799491899036,365.89190094157385,0.8,19.095595238095235,
sarima_dcf,carbon,USA|pennsylvania,US,True,rolling,2022-12-01,6,2023-06-01,331.55,352.16941958811856,21.30698536045147,324.8634191423961,379.47542003384103,0.8,19.095595238095235,
sarima_dcf,carbon,USA|pennsylvania,US,True,rolling,2022-12-01,7,2023-07-01,376.63,368.3040690204904,21.499761838550217,340.7510155774603,395.85712246352045,0.8,19.095595238095235,
sarima_dcf,carbon,USA|pennsylvania,US,True,rolling,2022-12-01,8,2023-08-01,373.53,368.0562854486539,21.687995808420965,340.26200046684727,395.85057043046055,0.8,19.095595238095235,
sarima_dcf,carbon,USA|pennsylvania,US,True,rolling,2022-12-01,9,2023-09-01,344.52,344.608709041269,21.873604470600824,316.57655698786715,372.6408610946708,0.8,19.095595238095235,
sarima_dcf,carbon,USA|pennsylvania,US,True,rolling,2022-12-01,10,2023-10-01,308.67,339.4040317119353,22.05729272228784,311.1364736920118,367.67158973185883,0.8,19.095595238095235,
sarima_dcf,carbon,USA|pennsylvania,US,True,rolling,2022-12-01,11,2023-11-01,312.89,335.8440764065872,22.23933577690643,307.3432208250207,364.3449319881537,0.8,19.095595238095235,
sarima_dcf,carbon,USA|pennsylvania,US,True,rolling,2022-12-01,12,2023-12-01,328.8,353.59059515804336,22.419854986624173,324.85839490065223,382.3227954154345,0.8,19.095595238095235,
sarima_dcf,carbon,USA|pennsylvania,US,True,rolling,2023-12-01,1,2024-01-01,368.49,340.6102292152432,18.068402741346127,317.4546393951807,363.76581903530564,0.8,19.075530303030305,
sarima_dcf,carbon,USA|pennsylvania,US,True,rolling,2023-12-01,2,2024-02-01,338.02,345.16782393231637,19.866661190596382,319.7076731813634,370.6279746832693,0.8,19.075530303030305,
sarima_dcf,carbon,USA|pennsylvania,US,True,rolling,2023-12-01,3,2024-03-01,328.62,340.0747789433481,20.43939414554198,313.8806413773457,366.26891650935056,0.8,19.075530303030305,
sarima_dcf,carbon,USA|pennsylvania,US,True,rolling,2023-12-01,4,2024-04-01,336.91,334.6630265520217,20.751912618889186,308.0683804472395,361.25767265680383,0.8,19.075530303030305,
sarima_dcf,carbon,USA|pennsylvania,US,True,rolling,2023-12-01,5,2024-05-01,327.1,325.6496236048966,20.99103362427293,298.7485316013103,352.5507156084829,0.8,19.075530303030305,
sarima_dcf,carbon,USA|pennsylvania,US,True,rolling,2023-12-01,6,2024-06-01,356.53,333.9710079980862,21.205523139974964,306.795036619859,361.14697937631337,0.8,19.075530303030305,
sarima_dcf,carbon,USA|pennsylvania,US,True,rolling,2023-12-01,7,2024-07-01,381.59,356.14113857174635,21.41046286320341,328.7025263703735,383.5797507731192,0.8,19.075530303030305,
sarima_dcf,carbon,USA|pennsylvania,US,True,rolling,2023-12-01,8,2024-08-01,358.23,354.8392763800201,21.610907518999667,327.1437840162065,382.53476874383375,0.8,19.075530303030305,
sarima_dcf,carbon,USA|pennsylvania,US,True,rolling,2023-12-01,9,2024-09-01,319.18,332.9308548017342,21.808623191782463,304.9819796079331,360.8797299955353,0.8,19.075530303030305,
sarima_dcf,carbon,USA|pennsylvania,US,True,rolling,2023-12-01,10,2024-10-01,316.15,319.8184076794231,22.00425332161975,291.6188223864613,348.0179929723849,0.8,19.075530303030305,
sarima_dcf,carbon,USA|pennsylvania,US,True,rolling,2023-12-01,11,2024-11-01,327.13,319.15292137716415,22.198051594469298,290.70497360423224,347.60086915009606,0.8,19.075530303030305,
sarima_dcf,carbon,USA|pennsylvania,US,True,rolling,2023-12-01,12,2024-12-01,351.06,333.98364061096726,22.39013485459742,305.28952823530324,362.6777529866313,0.8,19.075530303030305,
sarima_dcf,carbon,USA|pennsylvania,US,True,rolling,2024-12-01,1,2025-01-01,381.82,356.0145020299302,17.911927619091912,333.0594431477614,378.96956091209904,0.8,18.922391304347826,
sarima_dcf,carbon,USA|pennsylvania,US,True,rolling,2024-12-01,2,2025-02-01,363.94,346.2117156154471,19.650896355156956,321.028078627141,371.39535260375317,0.8,18.922391304347826,
sarima_dcf,carbon,USA|pennsylvania,US,True,rolling,2024-12-01,3,2025-03-01,321.83,338.384035069021,20.199003252462376,312.4979708283874,364.27009930965465,0.8,18.922391304347826,
sarima_dcf,carbon,USA|pennsylvania,US,True,rolling,2024-12-01,4,2025-04-01,331.18,336.64885353501313,20.498559601284704,310.37889238657743,362.91881468344883,0.8,18.922391304347826,
sarima_dcf,carbon,USA|pennsylvania,US,True,rolling,2024-12-01,5,2025-05-01,343.53,327.77877388400736,20.72891863764574,301.2135957518858,354.3439520161289,0.8,18.922391304347826,
sarima_dcf,carbon,USA|pennsylvania,US,True,rolling,2024-12-01,6,2025-06-01,357.7,341.3881135245064,20.936318608075325,314.55714163558696,368.2190854134259,0.8,18.922391304347826,
sarima_dcf,carbon,USA|pennsylvania,US,True,rolling,2024-12-01,7,2025-07-01,386.74,362.25621877638036,21.134888184364065,335.1707697360985,389.3416678166622,0.8,18.922391304347826,
sarima_dcf,carbon,USA|pennsylvania,US,True,rolling,2024-12-01,8,2025-08-01,363.4,355.2369855713599,21.32930069642502,327.9023868718849,382.57158427083493,0.8,18.922391304347826,
sarima_dcf,carbon,USA|pennsylvania,US,True,rolling,2024-12-01,9,2025-09-01,332.94,330.706110940538,21.521166818721667,303.12562591165874,358.28659596941725,0.8,18.922391304347826,
sarima_dcf,carbon,USA|pennsylvania,US,True,rolling,2024-12-01,10,2025-10-01,323.46,321.45558674509834,21.711066190653355,293.6317358788241,349.2794376113726,0.8,18.922391304347826,
sarima_dcf,carbon,USA|pennsylvania,US,True,rolling,2024-12-01,11,2025-11-01,326.96,323.9063578875643,21.89922570514984,295.84137090091497,351.9713448742136,0.8,18.922391304347826,
sarima_dcf,carbon,USA|pennsylvania,US,True,rolling,2024-12-01,12,2025-12-01,359.77,339.90263001564824,22.08575021181925,311.5986022554643,368.2066577758322,0.8,18.922391304347826,
sarima_dcf,carbon,USA|rhode island,US,False,holdout,last12,1,2025-01-01,432.22,432.2709767351908,7.6306290047035485,422.4919321881229,442.0500212822587,0.8,7.739891304347824,
sarima_dcf,carbon,USA|rhode island,US,False,holdout,last12,2,2025-02-01,424.45,415.4027860081568,9.123567762713956,403.71046345849845,427.09510855781514,0.8,7.739891304347824,
sarima_dcf,carbon,USA|rhode island,US,False,holdout,last12,3,2025-03-01,407.68,404.53181601438337,9.768182139843583,392.013386900542,417.05024512822473,0.8,7.739891304347824,
sarima_dcf,carbon,USA|rhode island,US,False,holdout,last12,4,2025-04-01,411.01,400.21677191964676,10.113613768296197,387.25565436157336,413.17788947772016,0.8,7.739891304347824,
sarima_dcf,carbon,USA|rhode island,US,False,holdout,last12,5,2025-05-01,420.8,405.61402026767803,10.333633409622092,392.37093619381284,418.8571043415432,0.8,7.739891304347824,
sarima_dcf,carbon,USA|rhode island,US,False,holdout,last12,6,2025-06-01,424.56,414.90994964749456,10.495085853313663,401.45995594165544,428.3599433533337,0.8,7.739891304347824,
sarima_dcf,carbon,USA|rhode island,US,False,holdout,last12,7,2025-07-01,435.84,421.08489512520845,10.626914432942359,407.46595629676267,434.7038339536542,0.8,7.739891304347824,
sarima_dcf,carbon,USA|rhode island,US,False,holdout,last12,8,2025-08-01,439.3,420.62147719373166,10.742810526861268,406.8540115446836,434.3889428427797,0.8,7.739891304347824,
sarima_dcf,carbon,USA|rhode island,US,False,holdout,last12,9,2025-09-01,434.71,417.42032216001326,10.849693128940451,403.5158809449411,431.3247633750854,0.8,7.739891304347824,
sarima_dcf,carbon,USA|rhode island,US,False,holdout,last12,10,2025-10-01,435.91,421.6337765498885,10.951226157886909,407.59921552261557,435.6683375771615,0.8,7.739891304347824,
sarima_dcf,carbon,USA|rhode island,US,False,holdout,last12,11,2025-11-01,442.1,423.5444745220503,11.049412522688536,409.3840826052507,437.7048664388499,0.8,7.739891304347824,
sarima_dcf,carbon,USA|rhode island,US,False,holdout,last12,12,2025-12-01,452.04,417.6784998536552,11.145371367939568,403.39513172849627,431.9618679788141,0.8,7.739891304347824,
sarima_dcf,carbon,USA|rhode island,US,False,rolling,2022-12-01,1,2023-01-01,427.63,416.8041297535409,7.203443945269108,407.5725448881685,426.0357146189133,0.8,7.315238095238094,
sarima_dcf,carbon,USA|rhode island,US,False,rolling,2022-12-01,2,2023-02-01,421.11,413.6073674641109,8.448477792467816,402.780207522705,424.4345274055168,0.8,7.315238095238094,
sarima_dcf,carbon,USA|rhode island,US,False,rolling,2022-12-01,3,2023-03-01,408.26,413.66427064312876,8.969902718406257,402.16887777157245,425.15966351468506,0.8,7.315238095238094,
sarima_dcf,carbon,USA|rhode island,US,False,rolling,2022-12-01,4,2023-04-01,403.71,411.74293320224757,9.262624951606893,399.8724016944633,423.61346471003185,0.8,7.315238095238094,
sarima_dcf,carbon,USA|rhode island,US,False,rolling,2022-12-01,5,2023-05-01,408.76,413.38402606753573,9.467082979275606,401.25147105430443,425.516581080767,0.8,7.315238095238094,
sarima_dcf,carbon,USA|rhode island,US,False,rolling,2022-12-01,6,2023-06-01,422.93,420.69951594414596,9.63286578829616,408.354501712474,433.0445301758179,0.8,7.315238095238094,
sarima_dcf,carbon,USA|rhode island,US,False,rolling,2022-12-01,7,2023-07-01,426.09,425.5447109758319,9.780047302554177,413.01107604414335,438.07834590752043,0.8,7.315238095238094,
sarima_dcf,carbon,USA|rhode island,US,False,rolling,2022-12-01,8,2023-08-01,423.01,426.4446648369573,9.917521809756996,413.7348492353405,439.1544804385741,0.8,7.315238095238094,
sarima_dcf,carbon,USA|rhode island,US,False,rolling,2022-12-01,9,2023-09-01,431.84,423.4696031921779,10.049461509803296,410.5907000614093,436.3485063229465,0.8,7.315238095238094,
sarima_dcf,carbon,USA|rhode island,US,False,rolling,2022-12-01,10,2023-10-01,435.54,425.62552768818847,10.177897319916946,412.5820274438967,438.6690279324802,0.8,7.315238095238094,
sarima_dcf,carbon,USA|rhode island,US,False,rolling,2022-12-01,11,2023-11-01,432.86,427.99913904194466,10.303847120857796,414.7942276330771,441.2040504508122,0.8,7.315238095238094,
sarima_dcf,carbon,USA|rhode island,US,False,rolling,2022-12-01,12,2023-12-01,413.94,418.71413429520044,10.427837642651049,405.3503226390161,432.0779459513848,0.8,7.315238095238094,
sarima_dcf,carbon,USA|rhode island,US,False,rolling,2023-12-01,1,2024-01-01,417.09,416.9666897014691,7.158811502725776,407.79230361271215,426.141075790226,0.8,7.3094318181818165,
sarima_dcf,carbon,USA|rhode island,US,False,rolling,2023-12-01,2,2024-02-01,388.95,412.25048953906304,8.32134189625113,401.5862608044905,422.9147182736356,0.8,7.3094318181818165,
sarima_dcf,carbon,USA|rhode island,US,False,rolling,2023-12-01,3,2024-03-01,368.02,409.1977537457764,8.788859975343556,397.9343764850226,420.46113100653025,0.8,7.3094318181818165,
sarima_dcf,carbon,USA|rhode island,US,False,rolling,2023-12-01,4,2024-04-01,367.86,406.5875927693734,9.046331860265731,394.99425201141383,418.1809335273329,0.8,7.3094318181818165,
sarima_dcf,carbon,USA|rhode island,US,False,rolling,2023-12-01,5,2024-05-01,393.21,408.65441895095597,9.225756314482574,396.83113650279785,420.4777013991141,0.8,7.3094318181818165,
sarima_dcf,carbon,USA|rhode island,US,False,rolling,2023-12-01,6,2024-06-01,412.35,416.80842950864434,9.372070699438392,404.79763763138436,428.8192213859043,0.8,7.3094318181818165,
sarima_dcf,carbon,USA|rhode island,US,False,rolling,2023-12-01,7,2024-07-01,429.02,420.98920947453314,9.502912036316257,408.8107376771594,433.1676812719069,0.8,7.3094318181818165,
sarima_dcf,carbon,USA|rhode island,US,False,rolling,2023-12-01,8,2024-08-01,427.73,421.02731135135997,9.625873148455163,408.6912585482235,433.3633641544964,0.8,7.3094318181818165,
sarima_dcf,carbon,USA|rhode island,US,False,rolling,2023-12-01,9,2024-09-01,414.96,420.5552843673019,9.744413099704284,408.06731650406255,433.04325223054127,0.8,7.3094318181818165,
sarima_dcf,carbon,USA|rhode island,US,False,rolling,2023-12-01,10,2024-10-01,427.51,422.8800181707287,9.860165419677779,410.2437077406119,435.5163286008455,0.8,7.3094318181818165,
sarima_dcf,carbon,USA|rhode island,US,False,rolling,2023-12-01,11,2024-11-01,432.69,424.10628059386954,9.9739242676623,411.32418233402365,436.88837885371544,0.8,7.3094318181818165,
sarima_dcf,carbon,USA|rhode island,US,False,rolling,2023-12-01,12,2024-12-01,442.81,413.4740876223864,10.086089102451647,400.54824434291714,426.3999309018556,0.8,7.3094318181818165,
sarima_dcf,carbon,USA|rhode island,US,False,rolling,2024-12-01,1,2025-01-01,432.22,432.2709767351908,7.6306290047035485,422.4919321881229,442.0500212822587,0.8,7.739891304347824,
sarima_dcf,carbon,USA|rhode island,US,False,rolling,2024-12-01,2,2025-02-01,424.45,415.4027860081568,9.123567762713956,403.71046345849845,427.09510855781514,0.8,7.739891304347824,
sarima_dcf,carbon,USA|rhode island,US,False,rolling,2024-12-01,3,2025-03-01,407.68,404.53181601438337,9.768182139843583,392.013386900542,417.05024512822473,0.8,7.739891304347824,
sarima_dcf,carbon,USA|rhode island,US,False,rolling,2024-12-01,4,2025-04-01,411.01,400.21677191964676,10.113613768296197,387.25565436157336,413.17788947772016,0.8,7.739891304347824,
sarima_dcf,carbon,USA|rhode island,US,False,rolling,2024-12-01,5,2025-05-01,420.8,405.61402026767803,10.333633409622092,392.37093619381284,418.8571043415432,0.8,7.739891304347824,
sarima_dcf,carbon,USA|rhode island,US,False,rolling,2024-12-01,6,2025-06-01,424.56,414.90994964749456,10.495085853313663,401.45995594165544,428.3599433533337,0.8,7.739891304347824,
sarima_dcf,carbon,USA|rhode island,US,False,rolling,2024-12-01,7,2025-07-01,435.84,421.08489512520845,10.626914432942359,407.46595629676267,434.7038339536542,0.8,7.739891304347824,
sarima_dcf,carbon,USA|rhode island,US,False,rolling,2024-12-01,8,2025-08-01,439.3,420.62147719373166,10.742810526861268,406.8540115446836,434.3889428427797,0.8,7.739891304347824,
sarima_dcf,carbon,USA|rhode island,US,False,rolling,2024-12-01,9,2025-09-01,434.71,417.42032216001326,10.849693128940451,403.5158809449411,431.3247633750854,0.8,7.739891304347824,
sarima_dcf,carbon,USA|rhode island,US,False,rolling,2024-12-01,10,2025-10-01,435.91,421.6337765498885,10.951226157886909,407.59921552261557,435.6683375771615,0.8,7.739891304347824,
sarima_dcf,carbon,USA|rhode island,US,False,rolling,2024-12-01,11,2025-11-01,442.1,423.5444745220503,11.049412522688536,409.3840826052507,437.7048664388499,0.8,7.739891304347824,
sarima_dcf,carbon,USA|rhode island,US,False,rolling,2024-12-01,12,2025-12-01,452.04,417.6784998536552,11.145371367939568,403.39513172849627,431.9618679788141,0.8,7.739891304347824,
sarima_dcf,carbon,USA|south carolina,US,True,holdout,last12,1,2025-01-01,299.63,254.13217325397048,25.990287439298005,220.82427969718395,287.440066810757,0.8,32.27409420289855,
sarima_dcf,carbon,USA|south carolina,US,True,holdout,last12,2,2025-02-01,252.43,240.8048264729307,29.971329196928608,202.39502261915425,279.21463032670715,0.8,32.27409420289855,
sarima_dcf,carbon,USA|south carolina,US,True,holdout,last12,3,2025-03-01,220.98,224.08828269401843,31.367325094478872,183.8894381122426,264.28712727579426,0.8,32.27409420289855,
sarima_dcf,carbon,USA|south carolina,US,True,holdout,last12,4,2025-04-01,226.34,234.01254677076423,32.00238307674194,192.99984263760757,275.0252509039209,0.8,32.27409420289855,
sarima_dcf,carbon,USA|south carolina,US,True,holdout,last12,5,2025-05-01,227.36,262.70062953676734,32.36795238309588,221.21942948673774,304.18182958679694,0.8,32.27409420289855,
sarima_dcf,carbon,USA|south carolina,US,True,holdout,last12,6,2025-06-01,284.88,267.6241330120404,32.62472357604161,225.8138674377044,309.43439858637635,0.8,32.27409420289855,
sarima_dcf,carbon,USA|south carolina,US,True,holdout,last12,7,2025-07-01,299.46,275.9484654285265,32.83300647115732,233.87127458387886,318.02565627317415,0.8,32.27409420289855,
sarima_dcf,carbon,USA|south carolina,US,True,holdout,last12,8,2025-08-01,261.52,270.36638729642823,33.01810274790422,228.0519860285391,312.68078856431737,0.8,32.27409420289855,
sarima_dcf,carbon,USA|south carolina,US,True,holdout,last12,9,2025-09-01,261.0,253.57822738528913,33.19153863217083,211.04155908839653,296.1148956821817,0.8,32.27409420289855,
sarima_dcf,carbon,USA|south carolina,US,True,holdout,last12,10,2025-10-01,262.46,244.05253102079917,33.35887411352719,201.30141367580313,286.8036483657952,0.8,32.27409420289855,
sarima_dcf,carbon,USA|south carolina,US,True,holdout,last12,11,2025-11-01,237.9,254.88052940043895,33.52289581638743,211.9192097853591,297.8418490155188,0.8,32.27409420289855,
sarima_dcf,carbon,USA|south carolina,US,True,holdout,last12,12,2025-12-01,257.34,243.14194407421903,33.6849332626504,199.97296511620402,286.31092303223403,0.8,32.27409420289855,
sarima_dcf,carbon,USA|south carolina,US,True,rolling,2022-12-01,1,2023-01-01,225.75,257.2052131688357,26.16736208896792,223.67038931754644,290.740037020125,0.8,32.97186507936508,
sarima_dcf,carbon,USA|south carolina,US,True,rolling,2022-12-01,2,2023-02-01,215.3,242.33362548587527,30.325679715655287,203.4697031700731,281.19754780167744,0.8,32.97186507936508,
sarima_dcf,carbon,USA|south carolina,US,True,rolling,2022-12-01,3,2023-03-01,218.49,221.3017007533055,31.816612748917915,180.52707087460345,262.07633063200757,0.8,32.97186507936508,
sarima_dcf,carbon,USA|south carolina,US,True,rolling,2022-12-01,4,2023-04-01,267.88,227.8025940402516,32.49865223231911,186.15389539383352,269.45129268666966,0.8,32.97186507936508,
sarima_dcf,carbon,USA|south carolina,US,True,rolling,2022-12-01,5,2023-05-01,281.18,258.8261724351843,32.8874005412039,216.6792727849121,300.97307208545647,0.8,32.97186507936508,
sarima_dcf,carbon,USA|south carolina,US,True,rolling,2022-12-01,6,2023-06-01,266.2,261.6482986524491,33.15561664186323,219.15766623847267,304.1389310664255,0.8,32.97186507936508,
sarima_dcf,carbon,USA|south carolina,US,True,rolling,2022-12-01,7,2023-07-01,294.56,267.31732944755373,33.36931221747242,224.5528351341054,310.08182376100206,0.8,32.97186507936508,
sarima_dcf,carbon,USA|south carolina,US,True,rolling,2022-12-01,8,2023-08-01,288.23,263.99174092168437,33.556593896504154,220.98723547927509,306.9962463640936,0.8,32.97186507936508,
sarima_dcf,carbon,USA|south carolina,US,True,rolling,2022-12-01,9,2023-09-01,246.57,247.15594025727705,33.730482278248694,203.92858788701304,290.3832926275411,0.8,32.97186507936508,
sarima_dcf,carbon,USA|south carolina,US,True,rolling,2022-12-01,10,2023-10-01,218.65,234.36933931092477,33.89740526657339,190.92806652364786,277.81061209820166,0.8,32.97186507936508,
sarima_dcf,carbon,USA|south carolina,US,True,rolling,2022-12-01,11,2023-11-01,232.08,250.56450963282728,34.060673779629255,206.9139998270395,294.21501943861506,0.8,32.97186507936508,
sarima_dcf,carbon,USA|south carolina,US,True,rolling,2022-12-01,12,2023-12-01,241.32,236.3285235555883,34.22180204146046,192.47151957359725,280.18552753757933,0.8,32.97186507936508,
sarima_dcf,carbon,USA|south carolina,US,True,rolling,2023-12-01,1,2024-01-01,256.49,239.0140523300553,25.88425295351665,205.8420474345236,272.18605722558704,0.8,32.49613636363636,
sarima_dcf,carbon,USA|south carolina,US,True,rolling,2023-12-01,2,2024-02-01,219.53,230.73174589959936,29.934253366971614,192.36945663374817,269.0940351654506,0.8,32.49613636363636,
sarima_dcf,carbon,USA|south carolina,US,True,rolling,2023-12-01,3,2024-03-01,214.96,214.4200478627175,31.37048360145262,174.2171554913847,254.6229402340503,0.8,32.49613636363636,
sarima_dcf,carbon,USA|south carolina,US,True,rolling,2023-12-01,4,2024-04-01,218.97,224.90800529800578,32.02370955442565,183.86797018398602,265.94804041202553,0.8,32.49613636363636,
sarima_dcf,carbon,USA|south carolina,US,True,rolling,2023-12-01,5,2024-05-01,254.77,256.2177584453407,32.39594664258589,214.7006823082354,297.73483458244596,0.8,32.49613636363636,
sarima_dcf,carbon,USA|south carolina,US,True,rolling,2023-12-01,6,2024-06-01,289.39,258.251901952421,32.65365189488687,216.40456324578034,300.0992406590617,0.8,32.49613636363636,
sarima_dcf,carbon,USA|south carolina,US,True,rolling,2023-12-01,7,2024-07-01,300.23,265.1211517200768,32.859910879874626,223.00948148831742,307.2328219518362,0.8,32.49613636363636,
sarima_dcf,carbon,USA|south carolina,US,True,rolling,2023-12-01,8,2024-08-01,265.77,261.80977000759646,33.04140919427119,219.46550032687847,304.15403968831447,0.8,32.49613636363636,
sarima_dcf,carbon,USA|south carolina,US,True,rolling,2023-12-01,9,2024-09-01,265.34,243.69977828357344,33.21043459339094,201.1388938379967,286.26066272915017,0.8,32.49613636363636,
sarima_dcf,carbon,USA|south carolina,US,True,rolling,2023-12-01,10,2024-10-01,311.33,230.17405453144443,33.37301715656481,187.40481214750199,272.9432969153869,0.8,32.49613636363636,
sarima_dcf,carbon,USA|south carolina,US,True,rolling,2023-12-01,11,2024-11-01,265.13,246.39946049392682,33.53224519695686,203.42615916554135,289.37276182231227,0.8,32.49613636363636,
sarima_dcf,carbon,USA|south carolina,US,True,rolling,2023-12-01,12,2024-12-01,260.35,233.48729288329224,33.689503352639775,190.31245711929668,276.66212864728783,0.8,32.49613636363636,
sarima_dcf,carbon,USA|south carolina,US,True,rolling,2024-12-01,1,2025-01-01,299.63,254.13217325397048,25.990287439298005,220.82427969718395,287.440066810757,0.8,32.27409420289855,
sarima_dcf,carbon,USA|south carolina,US,True,rolling,2024-12-01,2,2025-02-01,252.43,240.8048264729307,29.971329196928608,202.39502261915425,279.21463032670715,0.8,32.27409420289855,
sarima_dcf,carbon,USA|south carolina,US,True,rolling,2024-12-01,3,2025-03-01,220.98,224.08828269401843,31.367325094478872,183.8894381122426,264.28712727579426,0.8,32.27409420289855,
sarima_dcf,carbon,USA|south carolina,US,True,rolling,2024-12-01,4,2025-04-01,226.34,234.01254677076423,32.00238307674194,192.99984263760757,275.0252509039209,0.8,32.27409420289855,
sarima_dcf,carbon,USA|south carolina,US,True,rolling,2024-12-01,5,2025-05-01,227.36,262.70062953676734,32.36795238309588,221.21942948673774,304.18182958679694,0.8,32.27409420289855,
sarima_dcf,carbon,USA|south carolina,US,True,rolling,2024-12-01,6,2025-06-01,284.88,267.6241330120404,32.62472357604161,225.8138674377044,309.43439858637635,0.8,32.27409420289855,
sarima_dcf,carbon,USA|south carolina,US,True,rolling,2024-12-01,7,2025-07-01,299.46,275.9484654285265,32.83300647115732,233.87127458387886,318.02565627317415,0.8,32.27409420289855,
sarima_dcf,carbon,USA|south carolina,US,True,rolling,2024-12-01,8,2025-08-01,261.52,270.36638729642823,33.01810274790422,228.0519860285391,312.68078856431737,0.8,32.27409420289855,
sarima_dcf,carbon,USA|south carolina,US,True,rolling,2024-12-01,9,2025-09-01,261.0,253.57822738528913,33.19153863217083,211.04155908839653,296.1148956821817,0.8,32.27409420289855,
sarima_dcf,carbon,USA|south carolina,US,True,rolling,2024-12-01,10,2025-10-01,262.46,244.05253102079917,33.35887411352719,201.30141367580313,286.8036483657952,0.8,32.27409420289855,
sarima_dcf,carbon,USA|south carolina,US,True,rolling,2024-12-01,11,2025-11-01,237.9,254.88052940043895,33.52289581638743,211.9192097853591,297.8418490155188,0.8,32.27409420289855,
sarima_dcf,carbon,USA|south carolina,US,True,rolling,2024-12-01,12,2025-12-01,257.34,243.14194407421903,33.6849332626504,199.97296511620402,286.31092303223403,0.8,32.27409420289855,
sarima_dcf,carbon,USA|south dakota,US,False,holdout,last12,1,2025-01-01,116.78,144.8956460116416,63.77197008530665,63.16857791095343,226.62271411232973,0.8,68.49670289855072,
sarima_dcf,carbon,USA|south dakota,US,False,holdout,last12,2,2025-02-01,124.03,137.69985210131463,74.7741232898693,41.87295733695767,233.5267468656716,0.8,68.49670289855072,
sarima_dcf,carbon,USA|south dakota,US,False,holdout,last12,3,2025-03-01,82.06,128.48091007591236,78.9411795206346,27.31371787530574,229.64810227651898,0.8,68.49670289855072,
sarima_dcf,carbon,USA|south dakota,US,False,holdout,last12,4,2025-04-01,99.55,115.52190460460503,80.897258747965,11.847896007883861,219.1959132013262,0.8,68.49670289855072,
sarima_dcf,carbon,USA|south dakota,US,False,holdout,last12,5,2025-05-01,111.55,118.58643584371283,82.00717965660772,13.490006368889908,223.68286531853576,0.8,68.49670289855072,
sarima_dcf,carbon,USA|south dakota,US,False,holdout,last12,6,2025-06-01,173.14,144.63598393910445,82.75423901579458,38.58215937296086,250.68980850524804,0.8,68.49670289855072,
sarima_dcf,carbon,USA|south dakota,US,False,holdout,last12,7,2025-07-01,227.52,171.25698127952603,83.33110171257654,64.46387742121723,278.0500851378348,0.8,68.49670289855072,
sarima_dcf,carbon,USA|south dakota,US,False,holdout,last12,8,2025-08-01,201.29,162.69447731432342,83.82246732810589,55.27166308217821,270.11729154646866,0.8,68.49670289855072,
sarima_dcf,carbon,USA|south dakota,US,False,holdout,last12,9,2025-09-01,179.41,140.33189999083572,84.26861690311695,32.337322072368025,248.32647790930343,0.8,68.49670289855072,
sarima_dcf,carbon,USA|south dakota,US,False,holdout,last12,10,2025-10-01,75.3,105.68820743984435,84.6898383732452,-2.8461875131071963,214.2226023927959,0.8,68.49670289855072,
sarima_dcf,carbon,USA|south dakota,US,False,holdout,last12,11,2025-11-01,146.17,121.64951255778342,85.0967495539266,12.59363994419202,230.70538517137481,0.8,68.49670289855072,
sarima_dcf,carbon,USA|south dakota,US,False,holdout,last12,12,2025-12-01,120.45,131.5538061007427,85.49504419000404,21.98749837273823,241.12011382874715,0.8,68.49670289855072,
sarima_dcf,carbon,USA|south dakota,US,False,rolling,2022-12-01,1,2023-01-01,68.06,97.02503542458257,65.91087425342845,12.556851338688048,181.4932195104771,0.8,70.73214285714286,
sarima_dcf,carbon,USA|south dakota,US,False,rolling,2022-12-01,2,2023-02-01,90.35,116.2351927705432,77.19427921323923,17.306743393729462,215.16364214735694,0.8,70.73214285714286,
sarima_dcf,carbon,USA|south dakota,US,False,rolling,2022-12-01,3,2023-03-01,142.13,109.11225448359711,81.47687171355714,4.695441983411385,213.52906698378285,0.8,70.73214285714286,
sarima_dcf,carbon,USA|south dakota,US,False,rolling,2022-12-01,4,2023-04-01,107.25,101.05273150182721,83.51170193710225,-5.971820856960207,208.0772838606146,0.8,70.73214285714286,
sarima_dcf,carbon,USA|south dakota,US,False,rolling,2022-12-01,5,2023-05-01,145.98,109.37373169506344,84.68922082211704,0.8401281657269806,217.9073352243999,0.8,70.73214285714286,
sarima_dcf,carbon,USA|south dakota,US,False,rolling,2022-12-01,6,2023-06-01,210.33,132.01557335439423,85.49932968023555,22.443773549674447,241.587373159114,0.8,70.73214285714286,
sarima_dcf,carbon,USA|south dakota,US,False,rolling,2022-12-01,7,2023-07-01,252.58,150.88589508134498,86.13711170255914,40.4967447274402,261.27504543524975,0.8,70.73214285714286,
sarima_dcf,carbon,USA|south dakota,US,False,rolling,2022-12-01,8,2023-08-01,229.92,153.90809135241796,86.68837520529793,42.812468393550674,265.00371431128525,0.8,70.73214285714286,
sarima_dcf,carbon,USA|south dakota,US,False,rolling,2022-12-01,9,2023-09-01,207.93,127.35061889159836,87.19390700126776,15.607130868173371,239.09410691502336,0.8,70.73214285714286,
sarima_dcf,carbon,USA|south dakota,US,False,rolling,2022-12-01,10,2023-10-01,118.01,94.82682188234233,87.67418725344042,-17.53217005015469,207.18581381483935,0.8,70.73214285714286,
sarima_dcf,carbon,USA|south dakota,US,False,rolling,2022-12-01,11,2023-11-01,144.54,104.0012614848376,88.1398741716355,-8.954532246725961,216.95705521640116,0.8,70.73214285714286,
sarima_dcf,carbon,USA|south dakota,US,False,rolling,2022-12-01,12,2023-12-01,150.27,113.84961135252391,88.59664043238344,0.30844810441087134,227.39077460063695,0.8,70.73214285714286,
sarima_dcf,carbon,USA|south dakota,US,False,rolling,2023-12-01,1,2024-01-01,192.25,144.24267195823154,64.81025516488256,61.18498798833127,227.3003559281318,0.8,69.2108712121212,
sarima_dcf,carbon,USA|south dakota,US,False,rolling,2023-12-01,2,2024-02-01,135.65,147.2437863406389,76.06348847167729,49.76450360897721,244.7230690723006,0.8,69.2108712121212,
sarima_dcf,carbon,USA|south dakota,US,False,rolling,2023-12-01,3,2024-03-01,104.05,144.07476611385735,80.35171497248365,41.09989999667742,247.04963223103726,0.8,69.2108712121212,
sarima_dcf,carbon,USA|south dakota,US,False,rolling,2023-12-01,4,2024-04-01,94.44,129.3298817815503,82.3760551582937,23.760719330050676,234.89904423304995,0.8,69.2108712121212,
sarima_dcf,carbon,USA|south dakota,US,False,rolling,2023-12-01,5,2024-05-01,73.44,138.8880711785408,83.52981080448365,31.84031137241051,245.9358309846711,0.8,69.2108712121212,
sarima_dcf,carbon,USA|south dakota,US,False,rolling,2023-12-01,6,2024-06-01,130.51,162.77889805483403,84.30860880783351,54.733068448267716,270.82472766140035,0.8,69.2108712121212,
sarima_dcf,carbon,USA|south dakota,US,False,rolling,2023-12-01,7,2024-07-01,216.49,181.17665838775196,84.91087869434858,72.35898886524188,289.99432791026203,0.8,69.2108712121212,
sarima_dcf,carbon,USA|south dakota,US,False,rolling,2023-12-01,8,2024-08-01,166.73,178.9913797859499,85.42417856066567,69.51589001616733,288.4668695557325,0.8,69.2108712121212,
sarima_dcf,carbon,USA|south dakota,US,False,rolling,2023-12-01,9,2024-09-01,127.81,158.21580167562567,85.89027923323205,48.142979859214265,268.28862349203706,0.8,69.2108712121212,
sarima_dcf,carbon,USA|south dakota,US,False,rolling,2023-12-01,10,2024-10-01,69.63,122.43328801071031,86.3302764232512,11.796587106594629,233.069988914826,0.8,69.2108712121212,
sarima_dcf,carbon,USA|south dakota,US,False,rolling,2023-12-01,11,2024-11-01,117.72,132.42880349394528,86.75523871364418,21.24749150127907,243.6101154866115,0.8,69.2108712121212,
sarima_dcf,carbon,USA|south dakota,US,False,rolling,2023-12-01,12,2024-12-01,144.19,139.62306019568214,87.1711163697824,27.908779541716967,251.33734084964732,0.8,69.2108712121212,
sarima_dcf,carbon,USA|south dakota,US,False,rolling,2024-12-01,1,2025-01-01,116.78,144.8956460116416,63.77197008530665,63.16857791095343,226.62271411232973,0.8,68.49670289855072,
sarima_dcf,carbon,USA|south dakota,US,False,rolling,2024-12-01,2,2025-02-01,124.03,137.69985210131463,74.7741232898693,41.87295733695767,233.5267468656716,0.8,68.49670289855072,
sarima_dcf,carbon,USA|south dakota,US,False,rolling,2024-12-01,3,2025-03-01,82.06,128.48091007591236,78.9411795206346,27.31371787530574,229.64810227651898,0.8,68.49670289855072,
sarima_dcf,carbon,USA|south dakota,US,False,rolling,2024-12-01,4,2025-04-01,99.55,115.52190460460503,80.897258747965,11.847896007883861,219.1959132013262,0.8,68.49670289855072,
sarima_dcf,carbon,USA|south dakota,US,False,rolling,2024-12-01,5,2025-05-01,111.55,118.58643584371283,82.00717965660772,13.490006368889908,223.68286531853576,0.8,68.49670289855072,
sarima_dcf,carbon,USA|south dakota,US,False,rolling,2024-12-01,6,2025-06-01,173.14,144.63598393910445,82.75423901579458,38.58215937296086,250.68980850524804,0.8,68.49670289855072,
sarima_dcf,carbon,USA|south dakota,US,False,rolling,2024-12-01,7,2025-07-01,227.52,171.25698127952603,83.33110171257654,64.46387742121723,278.0500851378348,0.8,68.49670289855072,
sarima_dcf,carbon,USA|south dakota,US,False,rolling,2024-12-01,8,2025-08-01,201.29,162.69447731432342,83.82246732810589,55.27166308217821,270.11729154646866,0.8,68.49670289855072,
sarima_dcf,carbon,USA|south dakota,US,False,rolling,2024-12-01,9,2025-09-01,179.41,140.33189999083572,84.26861690311695,32.337322072368025,248.32647790930343,0.8,68.49670289855072,
sarima_dcf,carbon,USA|south dakota,US,False,rolling,2024-12-01,10,2025-10-01,75.3,105.68820743984435,84.6898383732452,-2.8461875131071963,214.2226023927959,0.8,68.49670289855072,
sarima_dcf,carbon,USA|south dakota,US,False,rolling,2024-12-01,11,2025-11-01,146.17,121.64951255778342,85.0967495539266,12.59363994419202,230.70538517137481,0.8,68.49670289855072,
sarima_dcf,carbon,USA|south dakota,US,False,rolling,2024-12-01,12,2025-12-01,120.45,131.5538061007427,85.49504419000404,21.98749837273823,241.12011382874715,0.8,68.49670289855072,
sarima_dcf,carbon,USA|tennessee,US,True,holdout,last12,1,2025-01-01,391.76,327.66871060467565,39.88504305160202,276.5539712400813,378.78344996927,0.8,48.89101449275363,
sarima_dcf,carbon,USA|tennessee,US,True,holdout,last12,2,2025-02-01,344.73,299.3839155101045,47.16745874097283,238.9363849178504,359.83144610235854,0.8,48.89101449275363,
sarima_dcf,carbon,USA|tennessee,US,True,holdout,last12,3,2025-03-01,338.21,280.1731626762068,50.11242432029147,215.95150683530198,344.3948185171116,0.8,48.89101449275363,
sarima_dcf,carbon,USA|tennessee,US,True,holdout,last12,4,2025-04-01,376.86,279.28409089741155,51.598644470179366,213.15776729667394,345.4104144981492,0.8,48.89101449275363,
sarima_dcf,carbon,USA|tennessee,US,True,holdout,last12,5,2025-05-01,363.13,297.9494986757321,52.50177481918502,230.66576696233545,365.2332303891288,0.8,48.89101449275363,
sarima_dcf,carbon,USA|tennessee,US,True,holdout,last12,6,2025-06-01,336.45,314.90785792220095,53.14413752187789,246.80090528152078,383.0148105628811,0.8,48.89101449275363,
sarima_dcf,carbon,USA|tennessee,US,True,holdout,last12,7,2025-07-01,359.84,331.8783877933797,53.659569728160214,263.11088220180636,400.64589338495307,0.8,48.89101449275363,
sarima_dcf,carbon,USA|tennessee,US,True,holdout,last12,8,2025-08-01,295.25,320.4943134715494,54.10911588049058,251.15069130467248,389.8379356384263,0.8,48.89101449275363,
sarima_dcf,carbon,USA|tennessee,US,True,holdout,last12,9,2025-09-01,287.17,311.6648936014823,54.522686726395904,241.79125906957182,381.53852813339273,0.8,48.89101449275363,
sarima_dcf,carbon,USA|tennessee,US,True,holdout,last12,10,2025-10-01,243.6,275.01660132626836,54.91569981111593,204.6393002603554,345.3939023921813,0.8,48.89101449275363,
sarima_dcf,carbon,USA|tennessee,US,True,holdout,last12,11,2025-11-01,264.64,274.6770726907453,55.29637455143997,203.81191731540684,345.5422280660838,0.8,48.89101449275363,
sarima_dcf,carbon,USA|tennessee,US,True,holdout,last12,12,2025-12-01,298.29,275.72891374129574,55.66918613046509,204.38598110320444,347.071846379387,0.8,48.89101449275363,
sarima_dcf,carbon,USA|tennessee,US,True,rolling,2022-12-01,1,2023-01-01,250.53,237.81313022749023,40.21491446811765,186.27564363263187,289.3506168223486,0.8,48.6590873015873,
sarima_dcf,carbon,USA|tennessee,US,True,rolling,2022-12-01,2,2023-02-01,251.4,234.37502318657738,47.37806423489389,173.65759079387647,295.0924555792783,0.8,48.6590873015873,
sarima_dcf,carbon,USA|tennessee,US,True,rolling,2022-12-01,3,2023-03-01,218.35,232.43319985965078,50.207776390707,168.089345423627,296.7770542956746,0.8,48.6590873015873,
sarima_dcf,carbon,USA|tennessee,US,True,rolling,2022-12-01,4,2023-04-01,283.62,236.96859382979878,51.605663088766924,170.83327550742234,303.1039121521752,0.8,48.6590873015873,
sarima_dcf,carbon,USA|tennessee,US,True,rolling,2022-12-01,5,2023-05-01,271.49,267.9460249074118,52.44119159539351,200.7399337193109,335.1521160955127,0.8,48.6590873015873,
sarima_dcf,carbon,USA|tennessee,US,True,rolling,2022-12-01,6,2023-06-01,282.53,278.20039646231237,53.02917423269066,210.24077520487026,346.1600177197545,0.8,48.6590873015873,
sarima_dcf,carbon,USA|tennessee,US,True,rolling,2022-12-01,7,2023-07-01,338.88,289.45542841089923,53.498318942954754,220.8945740155512,358.01628280624726,0.8,48.6590873015873,
sarima_dcf,carbon,USA|tennessee,US,True,rolling,2022-12-01,8,2023-08-01,317.8,278.5932038772507,53.906551366957245,209.5091785798162,347.6772291746852,0.8,48.6590873015873,
sarima_dcf,carbon,USA|tennessee,US,True,rolling,2022-12-01,9,2023-09-01,279.91,275.8120266208478,54.28193675469342,206.24692559207747,345.37712764961816,0.8,48.6590873015873,
sarima_dcf,carbon,USA|tennessee,US,True,rolling,2022-12-01,10,2023-10-01,198.59,239.32599682137771,54.63880135113413,169.30355541035135,309.3484382324041,0.8,48.6590873015873,
sarima_dcf,carbon,USA|tennessee,US,True,rolling,2022-12-01,11,2023-11-01,226.75,233.82609863205514,54.98471501850343,163.36035101906836,304.29184624504194,0.8,48.6590873015873,
sarima_dcf,carbon,USA|tennessee,US,True,rolling,2022-12-01,12,2023-12-01,267.87,228.73521897328726,55.32375822324936,157.83497001047107,299.63546793610345,0.8,48.6590873015873,
sarima_dcf,carbon,USA|tennessee,US,True,rolling,2023-12-01,1,2024-01-01,308.05,268.6310920813937,39.77857286781833,217.65279974751115,319.6093844152763,0.8,48.434621212121215,
sarima_dcf,carbon,USA|tennessee,US,True,rolling,2023-12-01,2,2024-02-01,267.57,252.1597439310801,46.70217043750832,192.30850429256054,312.01098356959966,0.8,48.434621212121215,
sarima_dcf,carbon,USA|tennessee,US,True,rolling,2023-12-01,3,2024-03-01,238.95,240.61554006066285,49.39581818222594,177.31225193787475,303.91882818345096,0.8,48.434621212121215,
sarima_dcf,carbon,USA|tennessee,US,True,rolling,2023-12-01,4,2024-04-01,211.86,247.80513926370352,50.716998210106844,182.8086908078184,312.8015877195886,0.8,48.434621212121215,
sarima_dcf,carbon,USA|tennessee,US,True,rolling,2023-12-01,5,2024-05-01,216.99,271.0108635292628,51.50739479249003,205.0014810958234,337.0202459627022,0.8,48.434621212121215,
sarima_dcf,carbon,USA|tennessee,US,True,rolling,2023-12-01,6,2024-06-01,328.22,279.8651857512935,52.067043101927574,213.13858515074003,346.59178635184696,0.8,48.434621212121215,
sarima_dcf,carbon,USA|tennessee,US,True,rolling,2023-12-01,7,2024-07-01,382.49,293.58628862460967,52.517089861891435,226.28292989425626,360.8896473549631,0.8,48.434621212121215,
sarima_dcf,carbon,USA|tennessee,US,True,rolling,2023-12-01,8,2024-08-01,372.9,281.90856162779005,52.91150784773546,214.09973591019929,349.7173873453808,0.8,48.434621212121215,
sarima_dcf,carbon,USA|tennessee,US,True,rolling,2023-12-01,9,2024-09-01,338.33,275.6861338708134,53.276200872176005,207.40993523680766,343.9623325048192,0.8,48.434621212121215,
sarima_dcf,carbon,USA|tennessee,US,True,rolling,2023-12-01,10,2024-10-01,309.52,236.03673435620647,53.62426160645303,167.31447794328338,304.7589907691296,0.8,48.434621212121215,
sarima_dcf,carbon,USA|tennessee,US,True,rolling,2023-12-01,11,2024-11-01,325.91,233.86692086138873,53.96253446933186,164.71115033146202,303.02269139131545,0.8,48.434621212121215,
sarima_dcf,carbon,USA|tennessee,US,True,rolling,2023-12-01,12,2024-12-01,341.59,232.59447371382512,54.294657315148534,163.01307063088893,302.1758767967613,0.8,48.434621212121215,
sarima_dcf,carbon,USA|tennessee,US,True,rolling,2024-12-01,1,2025-01-01,391.76,327.66871060467565,39.88504305160202,276.5539712400813,378.78344996927,0.8,48.89101449275363,
sarima_dcf,carbon,USA|tennessee,US,True,rolling,2024-12-01,2,2025-02-01,344.73,299.3839155101045,47.16745874097283,238.9363849178504,359.83144610235854,0.8,48.89101449275363,
sarima_dcf,carbon,USA|tennessee,US,True,rolling,2024-12-01,3,2025-03-01,338.21,280.1731626762068,50.11242432029147,215.95150683530198,344.3948185171116,0.8,48.89101449275363,
sarima_dcf,carbon,USA|tennessee,US,True,rolling,2024-12-01,4,2025-04-01,376.86,279.28409089741155,51.598644470179366,213.15776729667394,345.4104144981492,0.8,48.89101449275363,
sarima_dcf,carbon,USA|tennessee,US,True,rolling,2024-12-01,5,2025-05-01,363.13,297.9494986757321,52.50177481918502,230.66576696233545,365.2332303891288,0.8,48.89101449275363,
sarima_dcf,carbon,USA|tennessee,US,True,rolling,2024-12-01,6,2025-06-01,336.45,314.90785792220095,53.14413752187789,246.80090528152078,383.0148105628811,0.8,48.89101449275363,
sarima_dcf,carbon,USA|tennessee,US,True,rolling,2024-12-01,7,2025-07-01,359.84,331.8783877933797,53.659569728160214,263.11088220180636,400.64589338495307,0.8,48.89101449275363,
sarima_dcf,carbon,USA|tennessee,US,True,rolling,2024-12-01,8,2025-08-01,295.25,320.4943134715494,54.10911588049058,251.15069130467248,389.8379356384263,0.8,48.89101449275363,
sarima_dcf,carbon,USA|tennessee,US,True,rolling,2024-12-01,9,2025-09-01,287.17,311.6648936014823,54.522686726395904,241.79125906957182,381.53852813339273,0.8,48.89101449275363,
sarima_dcf,carbon,USA|tennessee,US,True,rolling,2024-12-01,10,2025-10-01,243.6,275.01660132626836,54.91569981111593,204.6393002603554,345.3939023921813,0.8,48.89101449275363,
sarima_dcf,carbon,USA|tennessee,US,True,rolling,2024-12-01,11,2025-11-01,264.64,274.6770726907453,55.29637455143997,203.81191731540684,345.5422280660838,0.8,48.89101449275363,
sarima_dcf,carbon,USA|tennessee,US,True,rolling,2024-12-01,12,2025-12-01,298.29,275.72891374129574,55.66918613046509,204.38598110320444,347.071846379387,0.8,48.89101449275363,
sarima_dcf,carbon,USA|texas,US,True,holdout,last12,1,2025-01-01,371.67,350.65101997554433,14.636890636301283,331.8930898658873,369.40895008520135,0.8,16.83126811594203,
sarima_dcf,carbon,USA|texas,US,True,holdout,last12,2,2025-02-01,344.19,322.0614649644235,16.416494416563534,301.0228808441223,343.10004908472473,0.8,16.83126811594203,
sarima_dcf,carbon,USA|texas,US,True,holdout,last12,3,2025-03-01,283.42,303.96138559581914,17.017691903845073,282.1523358944908,325.77043529714746,0.8,16.83126811594203,
sarima_dcf,carbon,USA|texas,US,True,holdout,last12,4,2025-04-01,291.84,307.51253263072704,17.32991225765983,285.30335644617253,329.72170881528154,0.8,16.83126811594203,
sarima_dcf,carbon,USA|texas,US,True,holdout,last12,5,2025-05-01,335.09,334.0735462609142,17.551423755417098,311.58049166962275,356.5666008522057,0.8,16.83126811594203,
sarima_dcf,carbon,USA|texas,US,True,holdout,last12,6,2025-06-01,338.96,354.20564871002915,17.739583059600193,331.47145826789006,376.93983915216825,0.8,16.83126811594203,
sarima_dcf,carbon,USA|texas,US,True,holdout,last12,7,2025-07-01,359.9,369.7247898910033,17.914014508999028,346.7670565518069,392.6825232301997,0.8,16.83126811594203,
sarima_dcf,carbon,USA|texas,US,True,holdout,last12,8,2025-08-01,378.55,377.26251746262,18.08210347107564,354.0893694509235,400.43566547431647,0.8,16.83126811594203,
sarima_dcf,carbon,USA|texas,US,True,holdout,last12,9,2025-09-01,376.57,372.2733328131284,18.24677064436951,348.8891553277034,395.65751029855335,0.8,16.83126811594203,
sarima_dcf,carbon,USA|texas,US,True,holdout,last12,10,2025-10-01,352.69,345.1086109829423,18.4092073533268,321.51626247885116,368.70095948703346,0.8,16.83126811594203,
sarima_dcf,carbon,USA|texas,US,True,holdout,last12,11,2025-11-01,322.93,333.99879966219726,18.56991609839041,310.20049461427317,357.79710471012135,0.8,16.83126811594203,
sarima_dcf,carbon,USA|texas,US,True,holdout,last12,12,2025-12-01,329.36,333.8364785448003,18.729121262931184,309.83414386901615,357.8388132205844,0.8,16.83126811594203,
sarima_dcf,carbon,USA|texas,US,True,rolling,2022-12-01,1,2023-01-01,333.54,376.0705781559687,13.810871015337165,358.3712347847288,393.76992152720857,0.8,16.439920634920636,
sarima_dcf,carbon,USA|texas,US,True,rolling,2022-12-01,2,2023-02-01,326.6,365.69448683747214,15.94300465288662,345.26270426508046,386.1262694098638,0.8,16.439920634920636,
sarima_dcf,carbon,USA|texas,US,True,rolling,2022-12-01,3,2023-03-01,319.16,330.2596716628301,16.75212405262214,308.79096085699484,351.72838246866536,0.8,16.439920634920636,
sarima_dcf,carbon,USA|texas,US,True,rolling,2022-12-01,4,2023-04-01,322.41,337.2062200372966,17.173647860988723,315.1973047349348,359.2151353396584,0.8,16.439920634920636,
sarima_dcf,carbon,USA|texas,US,True,rolling,2022-12-01,5,2023-05-01,379.01,350.40916267287486,17.45553811864327,328.03899046950414,372.77933487624557,0.8,16.439920634920636,
sarima_dcf,carbon,USA|texas,US,True,rolling,2022-12-01,6,2023-06-01,391.63,380.5071075228651,17.679816257021514,357.84951132013833,403.1647037255919,0.8,16.439920634920636,
sarima_dcf,carbon,USA|texas,US,True,rolling,2022-12-01,7,2023-07-01,391.95,395.6900210532928,17.877916396293124,372.77854930694787,418.60149279963775,0.8,16.439920634920636,
sarima_dcf,carbon,USA|texas,US,True,rolling,2022-12-01,8,2023-08-01,407.58,399.8704375235432,18.06314271255997,376.72158870160644,423.01928634548,0.8,16.439920634920636,
sarima_dcf,carbon,USA|texas,US,True,rolling,2022-12-01,9,2023-09-01,399.64,393.22591271315775,18.241480080955263,369.8485153575589,416.6033100687566,0.8,16.439920634920636,
sarima_dcf,carbon,USA|texas,US,True,rolling,2022-12-01,10,2023-10-01,361.88,371.3044837414196,18.41572073752314,347.70378799961463,394.9051794832245,0.8,16.439920634920636,
sarima_dcf,carbon,USA|texas,US,True,rolling,2022-12-01,11,2023-11-01,367.5,356.2148642720528,18.587200575005788,332.3944082760626,380.035320268043,0.8,16.439920634920636,
sarima_dcf,carbon,USA|texas,US,True,rolling,2022-12-01,12,2023-12-01,348.53,356.9917661352007,18.756574805034823,332.95424832955393,381.02928394084745,0.8,16.439920634920636,
sarima_dcf,carbon,USA|texas,US,True,rolling,2023-12-01,1,2024-01-01,387.5,344.8998008127559,14.113245753918207,326.81294862190634,362.9866530036055,0.8,16.676174242424242,
sarima_dcf,carbon,USA|texas,US,True,rolling,2023-12-01,2,2024-02-01,299.83,339.0027589597006,16.20671930356756,318.2330124638717,359.7725054555295,0.8,16.676174242424242,
sarima_dcf,carbon,USA|texas,US,True,rolling,2023-12-01,3,2024-03-01,307.27,313.8048728174827,16.97846987903101,292.04608816345865,335.56365747150676,0.8,16.676174242424242,
sarima_dcf,carbon,USA|texas,US,True,rolling,2023-12-01,4,2024-04-01,304.26,320.47866389440026,17.374053028691918,298.21291903562525,342.74440875317526,0.8,16.676174242424242,
sarima_dcf,carbon,USA|texas,US,True,rolling,2023-12-01,5,2024-05-01,344.55,343.7121316554629,17.63740117993842,321.1088925611746,366.31537074975114,0.8,16.676174242424242,
sarima_dcf,carbon,USA|texas,US,True,rolling,2023-12-01,6,2024-06-01,353.51,368.361428572354,17.84730417416541,345.48918796720164,391.23366917750633,0.8,16.676174242424242,
sarima_dcf,carbon,USA|texas,US,True,rolling,2023-12-01,7,2024-07-01,384.4,379.4810357080682,18.03337260090186,356.3703388193333,402.59173259680307,0.8,16.676174242424242,
sarima_dcf,carbon,USA|texas,US,True,rolling,2023-12-01,8,2024-08-01,395.45,386.11164305505633,18.207921333918925,362.7772529642596,409.44603314585305,0.8,16.676174242424242,
sarima_dcf,carbon,USA|texas,US,True,rolling,2023-12-01,9,2024-09-01,394.85,379.54089729921196,18.376394398915306,355.990600288217,403.0911943102069,0.8,16.676174242424242,
sarima_dcf,carbon,USA|texas,US,True,rolling,2023-12-01,10,2024-10-01,357.15,354.9562003054762,18.541285940961856,331.1945862806265,378.71781433032595,0.8,16.676174242424242,
sarima_dcf,carbon,USA|texas,US,True,rolling,2023-12-01,11,2024-11-01,340.0,345.39620106274657,18.703766920171812,321.4263592846191,369.36604284087406,0.8,16.676174242424242,
sarima_dcf,carbon,USA|texas,US,True,rolling,2023-12-01,12,2024-12-01,351.4,341.48211356847764,18.86440082999063,317.3064111517423,365.657815985213,0.8,16.676174242424242,
sarima_dcf,carbon,USA|texas,US,True,rolling,2024-12-01,1,2025-01-01,371.67,350.65101997554433,14.636890636301283,331.8930898658873,369.40895008520135,0.8,16.83126811594203,
sarima_dcf,carbon,USA|texas,US,True,rolling,2024-12-01,2,2025-02-01,344.19,322.0614649644235,16.416494416563534,301.0228808441223,343.10004908472473,0.8,16.83126811594203,
sarima_dcf,carbon,USA|texas,US,True,rolling,2024-12-01,3,2025-03-01,283.42,303.96138559581914,17.017691903845073,282.1523358944908,325.77043529714746,0.8,16.83126811594203,
sarima_dcf,carbon,USA|texas,US,True,rolling,2024-12-01,4,2025-04-01,291.84,307.51253263072704,17.32991225765983,285.30335644617253,329.72170881528154,0.8,16.83126811594203,
sarima_dcf,carbon,USA|texas,US,True,rolling,2024-12-01,5,2025-05-01,335.09,334.0735462609142,17.551423755417098,311.58049166962275,356.5666008522057,0.8,16.83126811594203,
sarima_dcf,carbon,USA|texas,US,True,rolling,2024-12-01,6,2025-06-01,338.96,354.20564871002915,17.739583059600193,331.47145826789006,376.93983915216825,0.8,16.83126811594203,
sarima_dcf,carbon,USA|texas,US,True,rolling,2024-12-01,7,2025-07-01,359.9,369.7247898910033,17.914014508999028,346.7670565518069,392.6825232301997,0.8,16.83126811594203,
sarima_dcf,carbon,USA|texas,US,True,rolling,2024-12-01,8,2025-08-01,378.55,377.26251746262,18.08210347107564,354.0893694509235,400.43566547431647,0.8,16.83126811594203,
sarima_dcf,carbon,USA|texas,US,True,rolling,2024-12-01,9,2025-09-01,376.57,372.2733328131284,18.24677064436951,348.8891553277034,395.65751029855335,0.8,16.83126811594203,
sarima_dcf,carbon,USA|texas,US,True,rolling,2024-12-01,10,2025-10-01,352.69,345.1086109829423,18.4092073533268,321.51626247885116,368.70095948703346,0.8,16.83126811594203,
sarima_dcf,carbon,USA|texas,US,True,rolling,2024-12-01,11,2025-11-01,322.93,333.99879966219726,18.56991609839041,310.20049461427317,357.79710471012135,0.8,16.83126811594203,
sarima_dcf,carbon,USA|texas,US,True,rolling,2024-12-01,12,2025-12-01,329.36,333.8364785448003,18.729121262931184,309.83414386901615,357.8388132205844,0.8,16.83126811594203,
sarima_dcf,carbon,USA|utah,US,True,holdout,last12,1,2025-01-01,617.06,600.6854609429699,15.582344276748172,580.7158832402483,620.6550386456915,0.8,17.900942028985508,
sarima_dcf,carbon,USA|utah,US,True,holdout,last12,2,2025-02-01,609.81,581.9791037527852,22.850813435355935,552.6946080207373,611.2635994848332,0.8,17.900942028985508,
sarima_dcf,carbon,USA|utah,US,True,holdout,last12,3,2025-03-01,573.92,559.2057170573673,27.982592570760108,523.3445817403131,595.0668523744216,0.8,17.900942028985508,
sarima_dcf,carbon,USA|utah,US,True,holdout,last12,4,2025-04-01,479.03,534.2298218599034,32.44997387275883,492.6435070413879,575.8161366784188,0.8,17.900942028985508,
sarima_dcf,carbon,USA|utah,US,True,holdout,last12,5,2025-05-01,489.14,529.8777541270846,36.3101673476126,483.34440231756525,576.4111059366039,0.8,17.900942028985508,
sarima_dcf,carbon,USA|utah,US,True,holdout,last12,6,2025-06-01,508.53,540.9587035981793,39.8260168039015,489.91960941373384,591.9977977826248,0.8,17.900942028985508,
sarima_dcf,carbon,USA|utah,US,True,holdout,last12,7,2025-07-01,504.68,580.9803074335463,43.04268079770043,525.8188924720168,636.1417223950757,0.8,17.900942028985508,
sarima_dcf,carbon,USA|utah,US,True,holdout,last12,8,2025-08-01,519.14,585.9116097882167,46.041186753387755,526.9074548248813,644.915764751552,0.8,17.900942028985508,
sarima_dcf,carbon,USA|utah,US,True,holdout,last12,9,2025-09-01,548.56,588.7241272867637,48.853168314048155,526.1162729520814,651.3319816214461,0.8,17.900942028985508,
sarima_dcf,carbon,USA|utah,US,True,holdout,last12,10,2025-10-01,551.35,595.9024168905124,51.5132126145864,529.8855786180574,661.9192551629675,0.8,17.900942028985508,
sarima_dcf,carbon,USA|utah,US,True,holdout,last12,11,2025-11-01,569.3,596.451081746583,54.04185014758969,527.1936640850128,665.7084994081532,0.8,17.900942028985508,
sarima_dcf,carbon,USA|utah,US,True,holdout,last12,12,2025-12-01,541.55,600.6014851725367,56.45764894193444,528.2480967840332,672.9548735610402,0.8,17.900942028985508,
sarima_dcf,carbon,USA|utah,US,True,rolling,2022-12-01,1,2023-01-01,634.96,623.5101036318384,12.670442853301477,607.2722777570465,639.7479295066304,0.8,15.20166666666667,
sarima_dcf,carbon,USA|utah,US,True,rolling,2022-12-01,2,2023-02-01,588.54,609.3977018951991,15.461001910242222,589.5836306922401,629.2117730981581,0.8,15.20166666666667,
sarima_dcf,carbon,USA|utah,US,True,rolling,2022-12-01,3,2023-03-01,547.26,586.6542363957238,16.79334532632196,565.1326984020449,608.1757743894028,0.8,15.20166666666667,
sarima_dcf,carbon,USA|utah,US,True,rolling,2022-12-01,4,2023-04-01,489.23,567.6443132356536,17.56862190003545,545.129218335202,590.1594081361052,0.8,15.20166666666667,
sarima_dcf,carbon,USA|utah,US,True,rolling,2022-12-01,5,2023-05-01,444.45,574.1484634001296,18.09152248004949,550.9632444427368,597.3336823575223,0.8,15.20166666666667,
sarima_dcf,carbon,USA|utah,US,True,rolling,2022-12-01,6,2023-06-01,478.11,580.5343748045835,18.487974408662872,556.8410822574132,604.2276673517539,0.8,15.20166666666667,
sarima_dcf,carbon,USA|utah,US,True,rolling,2022-12-01,7,2023-07-01,588.98,599.6651153313891,18.816289127273535,575.5510705425918,623.7791601201864,0.8,15.20166666666667,
sarima_dcf,carbon,USA|utah,US,True,rolling,2022-12-01,8,2023-08-01,596.5,608.0766070460495,19.105732274907606,583.5916259382657,632.5615881538333,0.8,15.20166666666667,
sarima_dcf,carbon,USA|utah,US,True,rolling,2022-12-01,9,2023-09-01,555.6,610.8975464025332,19.371890121802995,586.0714702893786,635.7236225156878,0.8,15.20166666666667,
sarima_dcf,carbon,USA|utah,US,True,rolling,2022-12-01,10,2023-10-01,577.19,607.0492039496042,19.623428538347596,581.9007683849323,632.1976395142761,0.8,15.20166666666667,
sarima_dcf,carbon,USA|utah,US,True,rolling,2022-12-01,11,2023-11-01,555.76,607.6713088220419,19.865316720268442,582.2128810791424,633.1297365649413,0.8,15.20166666666667,
sarima_dcf,carbon,USA|utah,US,True,rolling,2022-12-01,12,2023-12-01,545.17,620.6055034974947,20.100470090869827,594.8457145843581,646.3652924106314,0.8,15.20166666666667,
sarima_dcf,carbon,USA|utah,US,True,rolling,2023-12-01,1,2024-01-01,554.49,536.6438452357744,15.545390709373661,516.7216254351741,556.5660650363747,0.8,16.891022727272727,
sarima_dcf,carbon,USA|utah,US,True,rolling,2023-12-01,2,2024-02-01,526.73,517.988275612954,22.955921619979648,488.5690783223499,547.4074729035581,0.8,16.891022727272727,
sarima_dcf,carbon,USA|utah,US,True,rolling,2023-12-01,3,2024-03-01,502.25,494.22886099118483,28.10764500028506,458.20746453729765,530.2502574450721,0.8,16.891022727272727,
sarima_dcf,carbon,USA|utah,US,True,rolling,2023-12-01,4,2024-04-01,472.76,468.0815011025929,32.620564962269526,426.27656500624704,509.8864371989387,0.8,16.891022727272727,
sarima_dcf,carbon,USA|utah,US,True,rolling,2023-12-01,5,2024-05-01,470.94,462.1407154924444,36.50540231203437,415.35716000862124,508.9242709762675,0.8,16.891022727272727,
sarima_dcf,carbon,USA|utah,US,True,rolling,2023-12-01,6,2024-06-01,480.65,474.80653286190386,40.04916731284838,423.4814597933654,526.1316059304423,0.8,16.891022727272727,
sarima_dcf,carbon,USA|utah,US,True,rolling,2023-12-01,7,2024-07-01,536.34,513.8828773466197,43.2880269859057,458.4070385934953,569.358716099744,0.8,16.891022727272727,
sarima_dcf,carbon,USA|utah,US,True,rolling,2023-12-01,8,2024-08-01,535.84,521.1455934528918,46.30827472797319,461.79915147758834,580.4920354281953,0.8,16.891022727272727,
sarima_dcf,carbon,USA|utah,US,True,rolling,2023-12-01,9,2024-09-01,569.64,513.1865809664691,49.13976943500806,450.2114325165339,576.1617294164045,0.8,16.891022727272727,
sarima_dcf,carbon,USA|utah,US,True,rolling,2023-12-01,10,2024-10-01,589.31,516.6792695024892,51.81841853430513,450.2712941058051,583.0872448991732,0.8,16.891022727272727,
sarima_dcf,carbon,USA|utah,US,True,rolling,2023-12-01,11,2024-11-01,604.15,512.1312472562518,54.36446182717784,442.4603860916423,581.8021084208611,0.8,16.891022727272727,
sarima_dcf,carbon,USA|utah,US,True,rolling,2023-12-01,12,2024-12-01,605.96,517.4401909183712,56.79686199273242,444.6520835135643,590.228298323178,0.8,16.891022727272727,
sarima_dcf,carbon,USA|utah,US,True,rolling,2024-12-01,1,2025-01-01,617.06,600.6854609429699,15.582344276748172,580.7158832402483,620.6550386456915,0.8,17.900942028985508,
sarima_dcf,carbon,USA|utah,US,True,rolling,2024-12-01,2,2025-02-01,609.81,581.9791037527852,22.850813435355935,552.6946080207373,611.2635994848332,0.8,17.900942028985508,
sarima_dcf,carbon,USA|utah,US,True,rolling,2024-12-01,3,2025-03-01,573.92,559.2057170573673,27.982592570760108,523.3445817403131,595.0668523744216,0.8,17.900942028985508,
sarima_dcf,carbon,USA|utah,US,True,rolling,2024-12-01,4,2025-04-01,479.03,534.2298218599034,32.44997387275883,492.6435070413879,575.8161366784188,0.8,17.900942028985508,
sarima_dcf,carbon,USA|utah,US,True,rolling,2024-12-01,5,2025-05-01,489.14,529.8777541270846,36.3101673476126,483.34440231756525,576.4111059366039,0.8,17.900942028985508,
sarima_dcf,carbon,USA|utah,US,True,rolling,2024-12-01,6,2025-06-01,508.53,540.9587035981793,39.8260168039015,489.91960941373384,591.9977977826248,0.8,17.900942028985508,
sarima_dcf,carbon,USA|utah,US,True,rolling,2024-12-01,7,2025-07-01,504.68,580.9803074335463,43.04268079770043,525.8188924720168,636.1417223950757,0.8,17.900942028985508,
sarima_dcf,carbon,USA|utah,US,True,rolling,2024-12-01,8,2025-08-01,519.14,585.9116097882167,46.041186753387755,526.9074548248813,644.915764751552,0.8,17.900942028985508,
sarima_dcf,carbon,USA|utah,US,True,rolling,2024-12-01,9,2025-09-01,548.56,588.7241272867637,48.853168314048155,526.1162729520814,651.3319816214461,0.8,17.900942028985508,
sarima_dcf,carbon,USA|utah,US,True,rolling,2024-12-01,10,2025-10-01,551.35,595.9024168905124,51.5132126145864,529.8855786180574,661.9192551629675,0.8,17.900942028985508,
sarima_dcf,carbon,USA|utah,US,True,rolling,2024-12-01,11,2025-11-01,569.3,596.451081746583,54.04185014758969,527.1936640850128,665.7084994081532,0.8,17.900942028985508,
sarima_dcf,carbon,USA|utah,US,True,rolling,2024-12-01,12,2025-12-01,541.55,600.6014851725367,56.45764894193444,528.2480967840332,672.9548735610402,0.8,17.900942028985508,
sarima_dcf,carbon,USA|vermont,US,False,holdout,last12,1,2025-01-01,68.21,68.70565698632356,11.358530263423319,54.14911474494768,83.26219922769944,0.8,10.29855072463768,
sarima_dcf,carbon,USA|vermont,US,False,holdout,last12,2,2025-02-01,69.0,64.70228024461947,13.072783915430946,47.94883355177267,81.45572693746627,0.8,10.29855072463768,
sarima_dcf,carbon,USA|vermont,US,False,holdout,last12,3,2025-03-01,50.09,56.780908038964306,13.752070183397317,39.15692096595225,74.40489511197636,0.8,10.29855072463768,
sarima_dcf,carbon,USA|vermont,US,False,holdout,last12,4,2025-04-01,28.01,49.70165589852749,14.136816958211277,31.584595993914373,67.8187158031406,0.8,10.29855072463768,
sarima_dcf,carbon,USA|vermont,US,False,holdout,last12,5,2025-05-01,55.16,45.47535987806684,14.416920629685825,26.999332674760726,63.95138708137296,0.8,10.29855072463768,
sarima_dcf,carbon,USA|vermont,US,False,holdout,last12,6,2025-06-01,60.84,59.40596225903158,14.654182330568272,40.62587195151579,78.18605256654737,0.8,10.29855072463768,
sarima_dcf,carbon,USA|vermont,US,False,holdout,last12,7,2025-07-01,70.53,64.88931933267749,14.871887845377485,45.83022818183026,83.94841048352473,0.8,10.29855072463768,
sarima_dcf,carbon,USA|vermont,US,False,holdout,last12,8,2025-08-01,76.23,64.13635442068605,15.079616113412001,44.81104878273132,83.46166005864077,0.8,10.29855072463768,
sarima_dcf,carbon,USA|vermont,US,False,holdout,last12,9,2025-09-01,74.58,58.72553437611338,15.281516282692168,39.14148326013393,78.30958549209282,0.8,10.29855072463768,
sarima_dcf,carbon,USA|vermont,US,False,holdout,last12,10,2025-10-01,44.51,51.10127305903325,15.479453311721764,31.263555433621672,70.93899068444482,0.8,10.29855072463768,
sarima_dcf,carbon,USA|vermont,US,False,holdout,last12,11,2025-11-01,57.1,57.144787146633945,15.674300338176602,37.05736300942746,77.23221128384043,0.8,10.29855072463768,
sarima_dcf,carbon,USA|vermont,US,False,holdout,last12,12,2025-12-01,66.32,60.846370441789794,15.866492015705496,40.51264275936151,81.18009812421808,0.8,10.29855072463768,
sarima_dcf,carbon,USA|vermont,US,False,rolling,2022-12-01,1,2023-01-01,73.91,72.47289242545574,11.056698748668243,58.30316283434493,86.64262201656655,0.8,10.18845238095238,
sarima_dcf,carbon,USA|vermont,US,False,rolling,2022-12-01,2,2023-02-01,72.49,72.579981050168,12.987689785921823,55.93558687221227,89.22437522812373,0.8,10.18845238095238,
sarima_dcf,carbon,USA|vermont,US,False,rolling,2022-12-01,3,2023-03-01,61.14,64.81351762463646,13.802035926719268,47.125496875046565,82.50153837422636,0.8,10.18845238095238,
sarima_dcf,carbon,USA|vermont,US,False,rolling,2022-12-01,4,2023-04-01,28.97,55.02864168476522,14.26083537816588,36.75264577990291,73.30463758962753,0.8,10.18845238095238,
sarima_dcf,carbon,USA|vermont,US,False,rolling,2022-12-01,5,2023-05-01,29.76,58.37266350632407,14.581542246231747,39.68566521261105,77.0596618000371,0.8,10.18845238095238,
sarima_dcf,carbon,USA|vermont,US,False,rolling,2022-12-01,6,2023-06-01,69.37,67.57598863332173,14.84140950141555,48.555957051894126,86.59602021474933,0.8,10.18845238095238,
sarima_dcf,carbon,USA|vermont,US,False,rolling,2022-12-01,7,2023-07-01,78.81,77.20659609057144,15.071872389081122,57.89121443465609,96.52197774648678,0.8,10.18845238095238,
sarima_dcf,carbon,USA|vermont,US,False,rolling,2022-12-01,8,2023-08-01,60.91,80.71993202531614,15.28692586435749,61.12894825148456,100.31091579914772,0.8,10.18845238095238,
sarima_dcf,carbon,USA|vermont,US,False,rolling,2022-12-01,9,2023-09-01,52.97,66.43026202599766,15.493166356348647,46.57497042677612,86.28555362521921,0.8,10.18845238095238,
sarima_dcf,carbon,USA|vermont,US,False,rolling,2022-12-01,10,2023-10-01,29.05,67.71438516990523,15.693820793826472,47.601944562200515,87.82682577760994,0.8,10.18845238095238,
sarima_dcf,carbon,USA|vermont,US,False,rolling,2022-12-01,11,2023-11-01,59.77,63.55513402813471,15.890514641089029,43.19062011253767,83.91964794373175,0.8,10.18845238095238,
sarima_dcf,carbon,USA|vermont,US,False,rolling,2022-12-01,12,2023-12-01,59.03,68.06179401290517,16.08409308380273,47.4491993409927,88.67438868481764,0.8,10.18845238095238,
sarima_dcf,carbon,USA|vermont,US,False,rolling,2023-12-01,1,2024-01-01,70.35,62.301148836916354,11.273266063295885,47.8538770646987,76.74842060913402,0.8,10.253636363636364,
sarima_dcf,carbon,USA|vermont,US,False,rolling,2023-12-01,2,2024-02-01,62.01,62.325114919995194,13.109396771843137,45.52474696369429,79.1254828762961,0.8,10.253636363636364,
sarima_dcf,carbon,USA|vermont,US,False,rolling,2023-12-01,3,2024-03-01,51.27,54.51268377402187,13.86569249739904,36.74308384662011,72.28228370142364,0.8,10.253636363636364,
sarima_dcf,carbon,USA|vermont,US,False,rolling,2023-12-01,4,2024-04-01,57.95,41.6775097025253,14.296966457346844,23.355209956573812,59.99980944847678,0.8,10.253636363636364,
sarima_dcf,carbon,USA|vermont,US,False,rolling,2023-12-01,5,2024-05-01,30.05,44.27816165043811,14.607416682001451,25.558003933056835,62.99831936781938,0.8,10.253636363636364,
sarima_dcf,carbon,USA|vermont,US,False,rolling,2023-12-01,6,2024-06-01,55.84,58.36947312312277,14.866483757291503,39.31730758982248,77.42163865642307,0.8,10.253636363636364,
sarima_dcf,carbon,USA|vermont,US,False,rolling,2023-12-01,7,2024-07-01,57.1,67.24626103345828,15.1013606129972,47.893088698018154,86.59943336889842,0.8,10.253636363636364,
sarima_dcf,carbon,USA|vermont,US,False,rolling,2023-12-01,8,2024-08-01,58.85,66.3998755038271,15.323677335816226,46.76179282421151,86.0379581834427,0.8,10.253636363636364,
sarima_dcf,carbon,USA|vermont,US,False,rolling,2023-12-01,9,2024-09-01,71.04,53.787638899700355,15.53868152573418,33.87401726389676,73.70126053550395,0.8,10.253636363636364,
sarima_dcf,carbon,USA|vermont,US,False,rolling,2023-12-01,10,2024-10-01,44.46,50.48735589186689,15.748829732284932,30.304418492961787,70.670293290772,0.8,10.253636363636364,
sarima_dcf,carbon,USA|vermont,US,False,rolling,2023-12-01,11,2024-11-01,60.74,53.441630199506655,15.955313594732308,32.99407308342242,73.88918731559089,0.8,10.253636363636364,
sarima_dcf,carbon,USA|vermont,US,False,rolling,2023-12-01,12,2024-12-01,69.54,56.79580693332986,16.158739665538487,36.087548817731374,77.50406504892834,0.8,10.253636363636364,
sarima_dcf,carbon,USA|vermont,US,False,rolling,2024-12-01,1,2025-01-01,68.21,68.70565698632356,11.358530263423319,54.14911474494768,83.26219922769944,0.8,10.29855072463768,
sarima_dcf,carbon,USA|vermont,US,False,rolling,2024-12-01,2,2025-02-01,69.0,64.70228024461947,13.072783915430946,47.94883355177267,81.45572693746627,0.8,10.29855072463768,
sarima_dcf,carbon,USA|vermont,US,False,rolling,2024-12-01,3,2025-03-01,50.09,56.780908038964306,13.752070183397317,39.15692096595225,74.40489511197636,0.8,10.29855072463768,
sarima_dcf,carbon,USA|vermont,US,False,rolling,2024-12-01,4,2025-04-01,28.01,49.70165589852749,14.136816958211277,31.584595993914373,67.8187158031406,0.8,10.29855072463768,
sarima_dcf,carbon,USA|vermont,US,False,rolling,2024-12-01,5,2025-05-01,55.16,45.47535987806684,14.416920629685825,26.999332674760726,63.95138708137296,0.8,10.29855072463768,
sarima_dcf,carbon,USA|vermont,US,False,rolling,2024-12-01,6,2025-06-01,60.84,59.40596225903158,14.654182330568272,40.62587195151579,78.18605256654737,0.8,10.29855072463768,
sarima_dcf,carbon,USA|vermont,US,False,rolling,2024-12-01,7,2025-07-01,70.53,64.88931933267749,14.871887845377485,45.83022818183026,83.94841048352473,0.8,10.29855072463768,
sarima_dcf,carbon,USA|vermont,US,False,rolling,2024-12-01,8,2025-08-01,76.23,64.13635442068605,15.079616113412001,44.81104878273132,83.46166005864077,0.8,10.29855072463768,
sarima_dcf,carbon,USA|vermont,US,False,rolling,2024-12-01,9,2025-09-01,74.58,58.72553437611338,15.281516282692168,39.14148326013393,78.30958549209282,0.8,10.29855072463768,
sarima_dcf,carbon,USA|vermont,US,False,rolling,2024-12-01,10,2025-10-01,44.51,51.10127305903325,15.479453311721764,31.263555433621672,70.93899068444482,0.8,10.29855072463768,
sarima_dcf,carbon,USA|vermont,US,False,rolling,2024-12-01,11,2025-11-01,57.1,57.144787146633945,15.674300338176602,37.05736300942746,77.23221128384043,0.8,10.29855072463768,
sarima_dcf,carbon,USA|vermont,US,False,rolling,2024-12-01,12,2025-12-01,66.32,60.846370441789794,15.866492015705496,40.51264275936151,81.18009812421808,0.8,10.29855072463768,
sarima_dcf,carbon,USA|virginia,US,True,holdout,last12,1,2025-01-01,343.27,322.3281247573864,27.478283570743713,287.1132874288213,357.54296208595144,0.8,30.050905797101453,
sarima_dcf,carbon,USA|virginia,US,True,holdout,last12,2,2025-02-01,328.25,311.61391719914025,29.81259417971914,273.4075404551753,349.8202939431052,0.8,30.050905797101453,
sarima_dcf,carbon,USA|virginia,US,True,holdout,last12,3,2025-03-01,331.59,304.0916778369515,30.390484207533788,265.1447052231281,343.03865045077487,0.8,30.050905797101453,
sarima_dcf,carbon,USA|virginia,US,True,holdout,last12,4,2025-04-01,252.84,270.4120440302019,30.63726883726756,231.14880418779086,309.67528387261297,0.8,30.050905797101453,
sarima_dcf,carbon,USA|virginia,US,True,holdout,last12,5,2025-05-01,250.75,288.58728845026286,30.800047046297173,249.11543993923337,328.0591369612923,0.8,30.050905797101453,
sarima_dcf,carbon,USA|virginia,US,True,holdout,last12,6,2025-06-01,328.99,314.43838661078723,30.936887650632126,274.79116980904223,354.08560341253224,0.8,30.050905797101453,
sarima_dcf,carbon,USA|virginia,US,True,holdout,last12,7,2025-07-01,348.99,332.53133490821784,31.06473829641013,292.72027091122015,372.34239890521553,0.8,30.050905797101453,
sarima_dcf,carbon,USA|virginia,US,True,holdout,last12,8,2025-08-01,335.17,327.60069300730004,31.189155852463063,287.6301814965615,367.5712045180386,0.8,30.050905797101453,
sarima_dcf,carbon,USA|virginia,US,True,holdout,last12,9,2025-09-01,339.26,311.5656205543102,31.31205936314837,271.43760185704195,351.6936392515785,0.8,30.050905797101453,
sarima_dcf,carbon,USA|virginia,US,True,holdout,last12,10,2025-10-01,316.95,280.8139509110489,31.43413216009028,240.52948962974932,321.09841219234846,0.8,30.050905797101453,
sarima_dcf,carbon,USA|virginia,US,True,holdout,last12,11,2025-11-01,330.13,300.77531260253954,31.555633459525524,260.335141140733,341.2154840643461,0.8,30.050905797101453,
sarima_dcf,carbon,USA|virginia,US,True,holdout,last12,12,2025-12-01,371.41,307.97922739451013,31.676668215874383,267.38394365121945,348.5745111378008,0.8,30.050905797101453,
sarima_dcf,carbon,USA|virginia,US,True,rolling,2022-12-01,1,2023-01-01,316.55,339.458138620192,28.297349191156357,303.19362646350334,375.7226507768807,0.8,30.821865079365082,
sarima_dcf,carbon,USA|virginia,US,True,rolling,2022-12-01,2,2023-02-01,305.1,324.48004389538465,30.668329406365565,285.17699833201937,363.78308945874994,0.8,30.821865079365082,
sarima_dcf,carbon,USA|virginia,US,True,rolling,2022-12-01,3,2023-03-01,280.87,315.09941145449227,31.257190817779836,275.04170962744024,355.1571132815443,0.8,30.821865079365082,
sarima_dcf,carbon,USA|virginia,US,True,rolling,2022-12-01,4,2023-04-01,252.5,279.9380042862431,31.51291021173438,239.55258486952846,320.3234237029577,0.8,30.821865079365082,
sarima_dcf,carbon,USA|virginia,US,True,rolling,2022-12-01,5,2023-05-01,280.09,300.3339313866566,31.68444824783874,259.728677131222,340.9391856420912,0.8,30.821865079365082,
sarima_dcf,carbon,USA|virginia,US,True,rolling,2022-12-01,6,2023-06-01,317.27,324.2769466720669,31.83012053688082,283.48500586655393,365.0688874775799,0.8,30.821865079365082,
sarima_dcf,carbon,USA|virginia,US,True,rolling,2022-12-01,7,2023-07-01,336.01,343.0580828084932,31.966871621370807,302.0908884365622,384.02527718042427,0.8,30.821865079365082,
sarima_dcf,carbon,USA|virginia,US,True,rolling,2022-12-01,8,2023-08-01,335.53,337.70833825959335,32.10021209796069,296.5702611911381,378.8464153280486,0.8,30.821865079365082,
sarima_dcf,carbon,USA|virginia,US,True,rolling,2022-12-01,9,2023-09-01,328.58,320.11550105407343,32.23202713499354,278.80849621854645,361.4225058896004,0.8,30.821865079365082,
sarima_dcf,carbon,USA|virginia,US,True,rolling,2022-12-01,10,2023-10-01,253.83,294.3211189499164,32.36298797748587,252.8462810416683,335.7959568581645,0.8,30.821865079365082,
sarima_dcf,carbon,USA|virginia,US,True,rolling,2022-12-01,11,2023-11-01,278.53,313.42851297681983,32.49336418304815,271.78659123822365,355.070434715416,0.8,30.821865079365082,
sarima_dcf,carbon,USA|virginia,US,True,rolling,2022-12-01,12,2023-12-01,323.83,314.7880426610055,32.6232751430594,272.9796333282255,356.5964519937855,0.8,30.821865079365082,
sarima_dcf,carbon,USA|virginia,US,True,rolling,2023-12-01,1,2024-01-01,341.46,316.05397007417497,27.928221758873523,280.2625137562138,351.8454263921361,0.8,30.466742424242426,
sarima_dcf,carbon,USA|virginia,US,True,rolling,2023-12-01,2,2024-02-01,328.11,305.37735244929974,30.209400596189035,266.6624478210897,344.09225707750977,0.8,30.466742424242426,
sarima_dcf,carbon,USA|virginia,US,True,rolling,2023-12-01,3,2024-03-01,333.2,296.15937359913744,30.766638689246715,256.73033962038824,335.58840757788664,0.8,30.466742424242426,
sarima_dcf,carbon,USA|virginia,US,True,rolling,2023-12-01,4,2024-04-01,294.5,262.35953436576335,31.007595748077378,222.6217014910407,302.097367240486,0.8,30.466742424242426,
sarima_dcf,carbon,USA|virginia,US,True,rolling,2023-12-01,5,2024-05-01,291.99,283.5023893269645,31.169722502124554,243.556782656776,323.44799599715293,0.8,30.466742424242426,
sarima_dcf,carbon,USA|virginia,US,True,rolling,2023-12-01,6,2024-06-01,326.97,308.81960802478204,31.307905892727607,268.69691221403394,348.94230383553014,0.8,30.466742424242426,
sarima_dcf,carbon,USA|virginia,US,True,rolling,2023-12-01,7,2024-07-01,342.26,327.67333174939944,31.437922921666807,287.38401241166684,367.96265108713203,0.8,30.466742424242426,
sarima_dcf,carbon,USA|virginia,US,True,rolling,2023-12-01,8,2024-08-01,334.38,323.00180673666245,31.564846684982435,282.5498280513479,363.453785421977,0.8,30.466742424242426,
sarima_dcf,carbon,USA|virginia,US,True,rolling,2023-12-01,9,2024-09-01,319.3,306.4849991376617,31.690389943420744,265.87213029295197,347.09786798237144,0.8,30.466742424242426,
sarima_dcf,carbon,USA|virginia,US,True,rolling,2023-12-01,10,2024-10-01,287.1,275.1990751815761,31.815150422342896,234.42631934978562,315.9718310133666,0.8,30.466742424242426,
sarima_dcf,carbon,USA|virginia,US,True,rolling,2023-12-01,11,2024-11-01,312.55,294.9401358634275,31.93935627467398,254.0082038271323,335.87206789972265,0.8,30.466742424242426,
sarima_dcf,carbon,USA|virginia,US,True,rolling,2023-12-01,12,2024-12-01,326.84,301.455164937315,32.06310439273702,260.3646433065829,342.5456865680471,0.8,30.466742424242426,
sarima_dcf,carbon,USA|virginia,US,True,rolling,2024-12-01,1,2025-01-01,343.27,322.3281247573864,27.478283570743713,287.1132874288213,357.54296208595144,0.8,30.050905797101453,
sarima_dcf,carbon,USA|virginia,US,True,rolling,2024-12-01,2,2025-02-01,328.25,311.61391719914025,29.81259417971914,273.4075404551753,349.8202939431052,0.8,30.050905797101453,
sarima_dcf,carbon,USA|virginia,US,True,rolling,2024-12-01,3,2025-03-01,331.59,304.0916778369515,30.390484207533788,265.1447052231281,343.03865045077487,0.8,30.050905797101453,
sarima_dcf,carbon,USA|virginia,US,True,rolling,2024-12-01,4,2025-04-01,252.84,270.4120440302019,30.63726883726756,231.14880418779086,309.67528387261297,0.8,30.050905797101453,
sarima_dcf,carbon,USA|virginia,US,True,rolling,2024-12-01,5,2025-05-01,250.75,288.58728845026286,30.800047046297173,249.11543993923337,328.0591369612923,0.8,30.050905797101453,
sarima_dcf,carbon,USA|virginia,US,True,rolling,2024-12-01,6,2025-06-01,328.99,314.43838661078723,30.936887650632126,274.79116980904223,354.08560341253224,0.8,30.050905797101453,
sarima_dcf,carbon,USA|virginia,US,True,rolling,2024-12-01,7,2025-07-01,348.99,332.53133490821784,31.06473829641013,292.72027091122015,372.34239890521553,0.8,30.050905797101453,
sarima_dcf,carbon,USA|virginia,US,True,rolling,2024-12-01,8,2025-08-01,335.17,327.60069300730004,31.189155852463063,287.6301814965615,367.5712045180386,0.8,30.050905797101453,
sarima_dcf,carbon,USA|virginia,US,True,rolling,2024-12-01,9,2025-09-01,339.26,311.5656205543102,31.31205936314837,271.43760185704195,351.6936392515785,0.8,30.050905797101453,
sarima_dcf,carbon,USA|virginia,US,True,rolling,2024-12-01,10,2025-10-01,316.95,280.8139509110489,31.43413216009028,240.52948962974932,321.09841219234846,0.8,30.050905797101453,
sarima_dcf,carbon,USA|virginia,US,True,rolling,2024-12-01,11,2025-11-01,330.13,300.77531260253954,31.555633459525524,260.335141140733,341.2154840643461,0.8,30.050905797101453,
sarima_dcf,carbon,USA|virginia,US,True,rolling,2024-12-01,12,2025-12-01,371.41,307.97922739451013,31.676668215874383,267.38394365121945,348.5745111378008,0.8,30.050905797101453,
sarima_dcf,carbon,USA|washington,US,True,holdout,last12,1,2025-01-01,143.03,118.51710365732632,26.375026211108185,84.71614752520075,152.31805978945187,0.8,31.420833333333338,
sarima_dcf,carbon,USA|washington,US,True,holdout,last12,2,2025-02-01,148.25,110.66445991156131,31.318751238351926,70.5278652311495,150.80105459197313,0.8,31.420833333333338,
sarima_dcf,carbon,USA|washington,US,True,holdout,last12,3,2025-03-01,115.54,114.11234534558108,33.14197408369837,71.63919657337885,156.5854941177833,0.8,31.420833333333338,
sarima_dcf,carbon,USA|washington,US,True,holdout,last12,4,2025-04-01,80.39,99.85857742936693,33.870174117517365,56.45220276379435,143.26495209493953,0.8,31.420833333333338,
sarima_dcf,carbon,USA|washington,US,True,holdout,last12,5,2025-05-01,74.82,55.48228693233934,34.17145683303031,11.689802931029611,99.27477093364908,0.8,31.420833333333338,
sarima_dcf,carbon,USA|washington,US,True,holdout,last12,6,2025-06-01,130.47,73.86290808094611,34.29946894073143,29.906369962603357,117.81944619928888,0.8,31.420833333333338,
sarima_dcf,carbon,USA|washington,US,True,holdout,last12,7,2025-07-01,153.76,128.91002819499934,34.355502383352395,84.88168033054282,172.93837605945586,0.8,31.420833333333338,
sarima_dcf,carbon,USA|washington,US,True,holdout,last12,8,2025-08-01,143.21,153.79445836357854,34.38101011999307,109.73342101929667,197.85549570786043,0.8,31.420833333333338,
sarima_dcf,carbon,USA|washington,US,True,holdout,last12,9,2025-09-01,181.2,178.31696004676195,34.393255482701505,134.24022963873043,222.39369045479347,0.8,31.420833333333338,
sarima_dcf,carbon,USA|washington,US,True,holdout,last12,10,2025-10-01,151.27,165.7243505973136,34.39956097468455,121.63953937615966,209.80916181846752,0.8,31.420833333333338,
sarima_dcf,carbon,USA|washington,US,True,holdout,last12,11,2025-11-01,118.92,134.36689613859156,34.40310615328853,90.27754158824757,178.45625068893554,0.8,31.420833333333338,
sarima_dcf,carbon,USA|washington,US,True,holdout,last12,12,2025-12-01,76.62,138.66257920711288,34.40531390171931,94.5703953133111,182.75476310091466,0.8,31.420833333333338,
sarima_dcf,carbon,USA|washington,US,True,rolling,2022-12-01,1,2023-01-01,145.31,121.97957168943393,26.253655963599517,88.33415778801363,155.62498559085424,0.8,31.858174603174604,
sarima_dcf,carbon,USA|washington,US,True,rolling,2022-12-01,2,2023-02-01,133.88,107.87820376040571,31.261251303957888,67.81529821093531,147.9411093098761,0.8,31.858174603174604,
sarima_dcf,carbon,USA|washington,US,True,rolling,2022-12-01,3,2023-03-01,167.62,104.01738158189896,33.162288151786065,61.518199283936376,146.51656387986154,0.8,31.858174603174604,
sarima_dcf,carbon,USA|washington,US,True,rolling,2022-12-01,4,2023-04-01,169.97,79.12430193120451,33.957171063671446,35.60643619309057,122.64216766931845,0.8,31.858174603174604,
sarima_dcf,carbon,USA|washington,US,True,rolling,2022-12-01,5,2023-05-01,54.44,48.600256805404044,34.30947322891549,4.630897675876838,92.56961593493125,0.8,31.858174603174604,
sarima_dcf,carbon,USA|washington,US,True,rolling,2022-12-01,6,2023-06-01,102.84,59.184376016479135,34.47462321451172,15.00336866436141,103.36538336859687,0.8,31.858174603174604,
sarima_dcf,carbon,USA|washington,US,True,rolling,2022-12-01,7,2023-07-01,149.38,115.85195709454118,34.557268093384735,71.5650360685195,160.13887812056285,0.8,31.858174603174604,
sarima_dcf,carbon,USA|washington,US,True,rolling,2022-12-01,8,2023-08-01,156.0,152.68923009206938,34.6020870291392,108.34487128876553,197.0335888953732,0.8,31.858174603174604,
sarima_dcf,carbon,USA|washington,US,True,rolling,2022-12-01,9,2023-09-01,183.19,176.35737158041684,34.62895801748254,131.97857621993384,220.73616694089984,0.8,31.858174603174604,
sarima_dcf,carbon,USA|washington,US,True,rolling,2022-12-01,10,2023-10-01,183.9,159.2826833603968,34.64717766739174,114.88053857904899,203.6848281417446,0.8,31.858174603174604,
sarima_dcf,carbon,USA|washington,US,True,rolling,2022-12-01,11,2023-11-01,134.12,130.0052357085792,34.6613130400279,85.58497571829997,174.4254956988584,0.8,31.858174603174604,
sarima_dcf,carbon,USA|washington,US,True,rolling,2022-12-01,12,2023-12-01,144.57,132.00851685390407,34.67347397889975,87.57267199337514,176.444361714433,0.8,31.858174603174604,
sarima_dcf,carbon,USA|washington,US,True,rolling,2023-12-01,1,2024-01-01,150.63,122.18460767359784,26.370734783795182,88.38915122686367,155.980064120332,0.8,31.920795454545456,
sarima_dcf,carbon,USA|washington,US,True,rolling,2023-12-01,2,2024-02-01,156.23,109.375119072725,31.445220900285605,69.0764469990682,149.6737911463818,0.8,31.920795454545456,
sarima_dcf,carbon,USA|washington,US,True,rolling,2023-12-01,3,2024-03-01,122.75,109.54201204813575,33.394731021915526,66.74494222605907,152.33908187021242,0.8,31.920795454545456,
sarima_dcf,carbon,USA|washington,US,True,rolling,2023-12-01,4,2024-04-01,98.93,87.617499772481,34.22432378850493,43.75726404161719,131.4777355033448,0.8,31.920795454545456,
sarima_dcf,carbon,USA|washington,US,True,rolling,2023-12-01,5,2024-05-01,62.14,51.052376929838054,34.601362231765684,6.708946991742934,95.39580686793317,0.8,31.920795454545456,
sarima_dcf,carbon,USA|washington,US,True,rolling,2023-12-01,6,2024-06-01,77.41,64.90395127662791,34.7843226338122,20.326048148857403,109.4818544043984,0.8,31.920795454545456,
sarima_dcf,carbon,USA|washington,US,True,rolling,2023-12-01,7,2024-07-01,143.48,121.04033779860302,34.880102924725975,76.33968728906365,165.7409883081424,0.8,31.920795454545456,
sarima_dcf,carbon,USA|washington,US,True,rolling,2023-12-01,8,2024-08-01,151.59,155.62235182970113,34.934942104692745,110.85142208322216,200.3932815761801,0.8,31.920795454545456,
sarima_dcf,carbon,USA|washington,US,True,rolling,2023-12-01,9,2024-09-01,167.59,179.86203044074702,34.96975220487901,135.0464897558776,224.67757112561645,0.8,31.920795454545456,
sarima_dcf,carbon,USA|washington,US,True,rolling,2023-12-01,10,2024-10-01,157.38,164.05720343946467,34.99449921790304,119.20994818131174,208.9044586976176,0.8,31.920795454545456,
sarima_dcf,carbon,USA|washington,US,True,rolling,2023-12-01,11,2024-11-01,134.35,133.1019967932815,35.01420349913543,88.22948948266728,177.97450410389573,0.8,31.920795454545456,
sarima_dcf,carbon,USA|washington,US,True,rolling,2023-12-01,12,2024-12-01,128.88,136.03335055384855,35.03138599738632,91.13882298570091,180.92787812199617,0.8,31.920795454545456,
sarima_dcf,carbon,USA|washington,US,True,rolling,2024-12-01,1,2025-01-01,143.03,118.51710365732632,26.375026211108185,84.71614752520075,152.31805978945187,0.8,31.420833333333338,
sarima_dcf,carbon,USA|washington,US,True,rolling,2024-12-01,2,2025-02-01,148.25,110.66445991156131,31.318751238351926,70.5278652311495,150.80105459197313,0.8,31.420833333333338,
sarima_dcf,carbon,USA|washington,US,True,rolling,2024-12-01,3,2025-03-01,115.54,114.11234534558108,33.14197408369837,71.63919657337885,156.5854941177833,0.8,31.420833333333338,
sarima_dcf,carbon,USA|washington,US,True,rolling,2024-12-01,4,2025-04-01,80.39,99.85857742936693,33.870174117517365,56.45220276379435,143.26495209493953,0.8,31.420833333333338,
sarima_dcf,carbon,USA|washington,US,True,rolling,2024-12-01,5,2025-05-01,74.82,55.48228693233934,34.17145683303031,11.689802931029611,99.27477093364908,0.8,31.420833333333338,
sarima_dcf,carbon,USA|washington,US,True,rolling,2024-12-01,6,2025-06-01,130.47,73.86290808094611,34.29946894073143,29.906369962603357,117.81944619928888,0.8,31.420833333333338,
sarima_dcf,carbon,USA|washington,US,True,rolling,2024-12-01,7,2025-07-01,153.76,128.91002819499934,34.355502383352395,84.88168033054282,172.93837605945586,0.8,31.420833333333338,
sarima_dcf,carbon,USA|washington,US,True,rolling,2024-12-01,8,2025-08-01,143.21,153.79445836357854,34.38101011999307,109.73342101929667,197.85549570786043,0.8,31.420833333333338,
sarima_dcf,carbon,USA|washington,US,True,rolling,2024-12-01,9,2025-09-01,181.2,178.31696004676195,34.393255482701505,134.24022963873043,222.39369045479347,0.8,31.420833333333338,
sarima_dcf,carbon,USA|washington,US,True,rolling,2024-12-01,10,2025-10-01,151.27,165.7243505973136,34.39956097468455,121.63953937615966,209.80916181846752,0.8,31.420833333333338,
sarima_dcf,carbon,USA|washington,US,True,rolling,2024-12-01,11,2025-11-01,118.92,134.36689613859156,34.40310615328853,90.27754158824757,178.45625068893554,0.8,31.420833333333338,
sarima_dcf,carbon,USA|washington,US,True,rolling,2024-12-01,12,2025-12-01,76.62,138.66257920711288,34.40531390171931,94.5703953133111,182.75476310091466,0.8,31.420833333333338,
sarima_dcf,carbon,USA|washington dc,US,False,holdout,last12,1,2025-01-01,181.77,193.4161151712895,32.5224513961321,151.73691666922824,235.09531367335077,0.8,45.47684873949579,
sarima_dcf,carbon,USA|washington dc,US,False,holdout,last12,2,2025-02-01,182.01,184.49883486516703,40.96623843080142,131.9984878697001,236.99918186063394,0.8,45.47684873949579,
sarima_dcf,carbon,USA|washington dc,US,False,holdout,last12,3,2025-03-01,124.81,170.7361980655519,45.806315539704144,112.0330426738141,229.43935345728968,0.8,45.47684873949579,
sarima_dcf,carbon,USA|washington dc,US,False,holdout,last12,4,2025-04-01,65.95,140.44476329712694,49.190797289381734,77.40422002053269,203.48530657372118,0.8,45.47684873949579,
sarima_dcf,carbon,USA|washington dc,US,False,holdout,last12,5,2025-05-01,66.68,139.83352699174682,51.86653692364028,73.3638853978788,206.30316858561486,0.8,45.47684873949579,
sarima_dcf,carbon,USA|washington dc,US,False,holdout,last12,6,2025-06-01,127.96,166.71327739726036,54.15635819230748,97.30911177171457,236.11744302280613,0.8,45.47684873949579,
sarima_dcf,carbon,USA|washington dc,US,False,holdout,last12,7,2025-07-01,136.96,167.39264181272154,56.21686364659541,95.34783219641986,239.4374514290232,0.8,45.47684873949579,
sarima_dcf,carbon,USA|washington dc,US,False,holdout,last12,8,2025-08-01,137.84,166.4020952649036,58.12989247114791,91.90564056356472,240.8985499662425,0.8,45.47684873949579,
sarima_dcf,carbon,USA|washington dc,US,False,holdout,last12,9,2025-09-01,136.56,172.32518050861535,59.9406072012419,95.50820151016984,249.14215950706085,0.8,45.47684873949579,
sarima_dcf,carbon,USA|washington dc,US,False,holdout,last12,10,2025-10-01,61.19,138.49694894975494,61.67510412773168,59.45712269973416,217.53677519977572,0.8,45.47684873949579,
sarima_dcf,carbon,USA|washington dc,US,False,holdout,last12,11,2025-11-01,127.57,169.24138187911848,63.349157295366744,88.05617017131009,250.42659358692686,0.8,45.47684873949579,
sarima_dcf,carbon,USA|washington dc,US,False,holdout,last12,12,2025-12-01,74.27,177.03808001110986,64.97277570689934,93.77211758615482,260.3040424360649,0.8,45.47684873949579,
sarima_dcf,carbon,USA|washington dc,US,False,rolling,2022-12-01,1,2023-01-01,179.18,154.81386366622573,29.93982586042059,116.44443296267102,193.18329436978044,0.8,47.02976635514018,
sarima_dcf,carbon,USA|washington dc,US,False,rolling,2022-12-01,2,2023-02-01,179.58,151.95839596005484,38.914163122637206,102.08788928838118,201.8289026317285,0.8,47.02976635514018,
sarima_dcf,carbon,USA|washington dc,US,False,rolling,2022-12-01,3,2023-03-01,81.22,157.49454855950611,44.513100451996145,100.4487149880064,214.54038213100583,0.8,47.02976635514018,
sarima_dcf,carbon,USA|washington dc,US,False,rolling,2022-12-01,4,2023-04-01,78.27,157.414563856871,48.613045522861704,95.11443926115666,219.71468845258536,0.8,47.02976635514018,
sarima_dcf,carbon,USA|washington dc,US,False,rolling,2022-12-01,5,2023-05-01,75.26,158.08159708006238,51.91402568487857,91.55109618988367,224.6120979702411,0.8,47.02976635514018,
sarima_dcf,carbon,USA|washington dc,US,False,rolling,2022-12-01,6,2023-06-01,167.95,152.09596121745957,54.743242138956276,81.93967355129303,222.25224888362612,0.8,47.02976635514018,
sarima_dcf,carbon,USA|washington dc,US,False,rolling,2022-12-01,7,2023-07-01,176.98,153.37749611810406,57.2722978465728,79.98009315049205,226.77489908571607,0.8,47.02976635514018,
sarima_dcf,carbon,USA|washington dc,US,False,rolling,2022-12-01,8,2023-08-01,178.88,154.11097251373855,59.598017711757656,77.7330396118807,230.48890541559638,0.8,47.02976635514018,
sarima_dcf,carbon,USA|washington dc,US,False,rolling,2022-12-01,9,2023-09-01,184.37,153.22279441896706,61.77799382852249,74.0511097118194,232.39447912611473,0.8,47.02976635514018,
sarima_dcf,carbon,USA|washington dc,US,False,rolling,2022-12-01,10,2023-10-01,80.36,153.11677525443505,63.84796835241116,71.29231145556044,234.9412390533097,0.8,47.02976635514018,
sarima_dcf,carbon,USA|washington dc,US,False,rolling,2022-12-01,11,2023-11-01,163.88,154.43238860580394,65.83097927860727,70.06659404997063,238.79818316163724,0.8,47.02976635514018,
sarima_dcf,carbon,USA|washington dc,US,False,rolling,2022-12-01,12,2023-12-01,180.87,155.1308441167534,67.74243015301221,68.31542670036485,241.94626153314192,0.8,47.02976635514018,
sarima_dcf,carbon,USA|washington dc,US,False,rolling,2023-12-01,1,2024-01-01,200.75,173.24590982639228,31.462363634820644,132.92526845445437,213.5665511983302,0.8,46.74451327433628,
sarima_dcf,carbon,USA|washington dc,US,False,rolling,2023-12-01,2,2024-02-01,195.5,167.40555142056368,40.240443592535826,115.83534793634021,218.97575490478715,0.8,46.74451327433628,
sarima_dcf,carbon,USA|washington dc,US,False,rolling,2023-12-01,3,2024-03-01,195.08,150.36619569236484,45.49670756564242,92.05981888449094,208.67257250023874,0.8,46.74451327433628,
sarima_dcf,carbon,USA|washington dc,US,False,rolling,2023-12-01,4,2024-04-01,73.77,144.21086894503478,49.263122891440965,81.07763667989256,207.34410121017697,0.8,46.74451327433628,
sarima_dcf,carbon,USA|washington dc,US,False,rolling,2023-12-01,5,2024-05-01,73.19,144.3596638043862,52.2714449231283,77.37111172987278,211.34821587889962,0.8,46.74451327433628,
sarima_dcf,carbon,USA|washington dc,US,False,rolling,2023-12-01,6,2024-06-01,159.63,158.47635622588587,54.850189771970015,88.18300965319926,228.76970279857247,0.8,46.74451327433628,
sarima_dcf,carbon,USA|washington dc,US,False,rolling,2023-12-01,7,2024-07-01,157.01,160.50443679983124,57.16476772306537,87.24483923034337,233.76403436931912,0.8,46.74451327433628,
sarima_dcf,carbon,USA|washington dc,US,False,rolling,2023-12-01,8,2024-08-01,152.76,160.54746415165246,59.3048352880935,84.54525964383157,236.54966865947335,0.8,46.74451327433628,
sarima_dcf,carbon,USA|washington dc,US,False,rolling,2023-12-01,9,2024-09-01,178.16,161.65586172101317,61.321681987458525,83.06896416815758,240.24275927386876,0.8,46.74451327433628,
sarima_dcf,carbon,USA|washington dc,US,False,rolling,2023-12-01,10,2024-10-01,72.08,143.7147622596442,63.24599436797181,62.661759162944946,224.76776535634346,0.8,46.74451327433628,
sarima_dcf,carbon,USA|washington dc,US,False,rolling,2023-12-01,11,2024-11-01,175.91,157.99736833503974,65.0969230944682,74.57230463118758,241.42243203889188,0.8,46.74451327433628,
sarima_dcf,carbon,USA|washington dc,US,False,rolling,2023-12-01,12,2024-12-01,201.25,161.71546837888764,66.88694802471619,75.9963954233123,247.43454133446298,0.8,46.74451327433628,
sarima_dcf,carbon,USA|washington dc,US,False,rolling,2024-12-01,1,2025-01-01,181.77,193.4161151712895,32.5224513961321,151.73691666922824,235.09531367335077,0.8,45.47684873949579,
sarima_dcf,carbon,USA|washington dc,US,False,rolling,2024-12-01,2,2025-02-01,182.01,184.49883486516703,40.96623843080142,131.9984878697001,236.99918186063394,0.8,45.47684873949579,
sarima_dcf,carbon,USA|washington dc,US,False,rolling,2024-12-01,3,2025-03-01,124.81,170.7361980655519,45.806315539704144,112.0330426738141,229.43935345728968,0.8,45.47684873949579,
sarima_dcf,carbon,USA|washington dc,US,False,rolling,2024-12-01,4,2025-04-01,65.95,140.44476329712694,49.190797289381734,77.40422002053269,203.48530657372118,0.8,45.47684873949579,
sarima_dcf,carbon,USA|washington dc,US,False,rolling,2024-12-01,5,2025-05-01,66.68,139.83352699174682,51.86653692364028,73.3638853978788,206.30316858561486,0.8,45.47684873949579,
sarima_dcf,carbon,USA|washington dc,US,False,rolling,2024-12-01,6,2025-06-01,127.96,166.71327739726036,54.15635819230748,97.30911177171457,236.11744302280613,0.8,45.47684873949579,
sarima_dcf,carbon,USA|washington dc,US,False,rolling,2024-12-01,7,2025-07-01,136.96,167.39264181272154,56.21686364659541,95.34783219641986,239.4374514290232,0.8,45.47684873949579,
sarima_dcf,carbon,USA|washington dc,US,False,rolling,2024-12-01,8,2025-08-01,137.84,166.4020952649036,58.12989247114791,91.90564056356472,240.8985499662425,0.8,45.47684873949579,
sarima_dcf,carbon,USA|washington dc,US,False,rolling,2024-12-01,9,2025-09-01,136.56,172.32518050861535,59.9406072012419,95.50820151016984,249.14215950706085,0.8,45.47684873949579,
sarima_dcf,carbon,USA|washington dc,US,False,rolling,2024-12-01,10,2025-10-01,61.19,138.49694894975494,61.67510412773168,59.45712269973416,217.53677519977572,0.8,45.47684873949579,
sarima_dcf,carbon,USA|washington dc,US,False,rolling,2024-12-01,11,2025-11-01,127.57,169.24138187911848,63.349157295366744,88.05617017131009,250.42659358692686,0.8,45.47684873949579,
sarima_dcf,carbon,USA|washington dc,US,False,rolling,2024-12-01,12,2025-12-01,74.27,177.03808001110986,64.97277570689934,93.77211758615482,260.3040424360649,0.8,45.47684873949579,
sarima_dcf,carbon,USA|west virginia,US,False,holdout,last12,1,2025-01-01,754.42,736.4879690543216,9.079567671547403,724.8520348903819,748.1239032182614,0.8,8.948586956521737,
sarima_dcf,carbon,USA|west virginia,US,False,holdout,last12,2,2025-02-01,746.28,723.8776400313479,10.020770574219325,711.035505813994,736.7197742487019,0.8,8.948586956521737,
sarima_dcf,carbon,USA|west virginia,US,False,holdout,last12,3,2025-03-01,693.58,707.5968710341818,10.265982256552865,694.4404854014434,720.7532566669203,0.8,8.948586956521737,
sarima_dcf,carbon,USA|west virginia,US,False,holdout,last12,4,2025-04-01,727.2,716.3219485158914,10.360451138622974,703.0444961394409,729.599400892342,0.8,8.948586956521737,
sarima_dcf,carbon,USA|west virginia,US,False,holdout,last12,5,2025-05-01,715.13,728.250373806747,10.413462384161543,714.9049847855849,741.5957628279091,0.8,8.948586956521737,
sarima_dcf,carbon,USA|west virginia,US,False,holdout,last12,6,2025-06-01,763.18,741.392220025205,10.452759075862495,727.9964702672729,754.7879697831371,0.8,8.948586956521737,
sarima_dcf,carbon,USA|west virginia,US,False,holdout,last12,7,2025-07-01,765.39,749.7420365055732,10.486921089091501,736.3025063661053,763.1815666450411,0.8,8.948586956521737,
sarima_dcf,carbon,USA|west virginia,US,False,holdout,last12,8,2025-08-01,761.2,750.4833874524313,10.519006889922233,737.0027377046771,763.9640372001855,0.8,8.948586956521737,
sarima_dcf,carbon,USA|west virginia,US,False,holdout,last12,9,2025-09-01,746.08,732.5284559133391,10.550198560793412,719.0078324309479,746.0490793957304,0.8,8.948586956521737,
sarima_dcf,carbon,USA|west virginia,US,False,holdout,last12,10,2025-10-01,725.38,706.3891601858701,10.580971424932597,692.829099691265,719.9492206804752,0.8,8.948586956521737,
sarima_dcf,carbon,USA|west virginia,US,False,holdout,last12,11,2025-11-01,724.22,698.0438090481858,10.611520222544511,684.4445986941757,711.6430194021959,0.8,8.948586956521737,
sarima_dcf,carbon,USA|west virginia,US,False,holdout,last12,12,2025-12-01,758.72,728.8196675365849,10.641925589522979,715.1814911369225,742.4578439362473,0.8,8.948586956521737,
sarima_dcf,carbon,USA|west virginia,US,False,rolling,2022-12-01,1,2023-01-01,732.61,757.5456834787303,7.9417452466599965,747.3679274247169,767.7234395327438,0.8,7.810634920634918,
sarima_dcf,carbon,USA|west virginia,US,False,rolling,2022-12-01,2,2023-02-01,727.8,754.5004388367845,8.892082253395925,743.1047769039936,765.8961007695754,0.8,7.810634920634918,
sarima_dcf,carbon,USA|west virginia,US,False,rolling,2022-12-01,3,2023-03-01,740.84,719.4832246579385,9.150927529079903,707.755839156861,731.210610159016,0.8,7.810634920634918,
sarima_dcf,carbon,USA|west virginia,US,False,rolling,2022-12-01,4,2023-04-01,745.53,730.616488610467,9.243303858705962,718.7707180795379,742.462259141396,0.8,7.810634920634918,
sarima_dcf,carbon,USA|west virginia,US,False,rolling,2022-12-01,5,2023-05-01,732.61,748.3352916684566,9.28736025399594,736.4330605951715,760.2375227417418,0.8,7.810634920634918,
sarima_dcf,carbon,USA|west virginia,US,False,rolling,2022-12-01,6,2023-06-01,741.46,760.9827619545736,9.31499481351034,749.0451157682795,772.9204081408676,0.8,7.810634920634918,
sarima_dcf,carbon,USA|west virginia,US,False,rolling,2022-12-01,7,2023-07-01,763.38,770.5414853072169,9.336272864758154,758.5765702010345,782.5064004133993,0.8,7.810634920634918,
sarima_dcf,carbon,USA|west virginia,US,False,rolling,2022-12-01,8,2023-08-01,756.3,772.3585444357578,9.35485786762037,760.3698116900617,784.3472771814539,0.8,7.810634920634918,
sarima_dcf,carbon,USA|west virginia,US,False,rolling,2022-12-01,9,2023-09-01,755.52,754.0479579459179,9.372234792562056,742.0369557748585,766.0589601169773,0.8,7.810634920634918,
sarima_dcf,carbon,USA|west virginia,US,False,rolling,2022-12-01,10,2023-10-01,739.68,729.247604736856,9.389047288009973,717.2150564859346,741.2801529877775,0.8,7.810634920634918,
sarima_dcf,carbon,USA|west virginia,US,False,rolling,2022-12-01,11,2023-11-01,705.44,729.0477850227312,9.405584738679039,716.9940431760147,741.1015268694478,0.8,7.810634920634918,
sarima_dcf,carbon,USA|west virginia,US,False,rolling,2022-12-01,12,2023-12-01,730.86,751.6020422671035,9.421979708042203,739.5272894217325,763.6767951124745,0.8,7.810634920634918,
sarima_dcf,carbon,USA|west virginia,US,False,rolling,2023-12-01,1,2024-01-01,748.32,734.4532887870635,8.618039934339913,723.4088262172843,745.4977513568426,0.8,8.42397727272727,
sarima_dcf,carbon,USA|west virginia,US,False,rolling,2023-12-01,2,2024-02-01,715.88,735.5286249727181,9.517693446068229,723.3312100365358,747.7260399089005,0.8,8.42397727272727,
sarima_dcf,carbon,USA|west virginia,US,False,rolling,2023-12-01,3,2024-03-01,701.65,720.3179618506699,9.752834157086884,707.8192019681584,732.8167217331815,0.8,8.42397727272727,
sarima_dcf,carbon,USA|west virginia,US,False,rolling,2023-12-01,4,2024-04-01,717.04,727.1337921276953,9.843295730764606,714.5191010738155,739.7484831815751,0.8,8.42397727272727,
sarima_dcf,carbon,USA|west virginia,US,False,rolling,2023-12-01,5,2024-05-01,740.43,735.2234289071886,9.893835045025835,722.5439691159957,747.9028886983815,0.8,8.42397727272727,
sarima_dcf,carbon,USA|west virginia,US,False,rolling,2023-12-01,6,2024-06-01,760.43,746.0064062416373,9.931135553088922,733.2791439259405,758.733668557334,0.8,8.42397727272727,
sarima_dcf,carbon,USA|west virginia,US,False,rolling,2023-12-01,7,2024-07-01,760.24,757.9647913500615,9.963466546766348,745.1960951988019,770.7334875013212,0.8,8.42397727272727,
sarima_dcf,carbon,USA|west virginia,US,False,rolling,2023-12-01,8,2024-08-01,765.19,757.0772857707271,9.993782630640492,744.2697379947174,769.8848335467369,0.8,8.42397727272727,
sarima_dcf,carbon,USA|west virginia,US,False,rolling,2023-12-01,9,2024-09-01,729.29,746.2368582261699,10.023229420517255,733.3915728704934,759.0821435818465,0.8,8.42397727272727,
sarima_dcf,carbon,USA|west virginia,US,False,rolling,2023-12-01,10,2024-10-01,686.97,726.2693688322468,10.052269398138163,713.3868672477868,739.1518704167067,0.8,8.42397727272727,
sarima_dcf,carbon,USA|west virginia,US,False,rolling,2023-12-01,11,2024-11-01,680.28,717.529179885666,10.081092866505639,704.6097395401953,730.4486202311368,0.8,8.42397727272727,
sarima_dcf,carbon,USA|west virginia,US,False,rolling,2023-12-01,12,2024-12-01,738.51,737.1965780196776,10.109778972647401,724.2403749499715,750.1527810893838,0.8,8.42397727272727,
sarima_dcf,carbon,USA|west virginia,US,False,rolling,2024-12-01,1,2025-01-01,754.42,736.4879690543216,9.079567671547403,724.8520348903819,748.1239032182614,0.8,8.948586956521737,
sarima_dcf,carbon,USA|west virginia,US,False,rolling,2024-12-01,2,2025-02-01,746.28,723.8776400313479,10.020770574219325,711.035505813994,736.7197742487019,0.8,8.948586956521737,
sarima_dcf,carbon,USA|west virginia,US,False,rolling,2024-12-01,3,2025-03-01,693.58,707.5968710341818,10.265982256552865,694.4404854014434,720.7532566669203,0.8,8.948586956521737,
sarima_dcf,carbon,USA|west virginia,US,False,rolling,2024-12-01,4,2025-04-01,727.2,716.3219485158914,10.360451138622974,703.0444961394409,729.599400892342,0.8,8.948586956521737,
sarima_dcf,carbon,USA|west virginia,US,False,rolling,2024-12-01,5,2025-05-01,715.13,728.250373806747,10.413462384161543,714.9049847855849,741.5957628279091,0.8,8.948586956521737,
sarima_dcf,carbon,USA|west virginia,US,False,rolling,2024-12-01,6,2025-06-01,763.18,741.392220025205,10.452759075862495,727.9964702672729,754.7879697831371,0.8,8.948586956521737,
sarima_dcf,carbon,USA|west virginia,US,False,rolling,2024-12-01,7,2025-07-01,765.39,749.7420365055732,10.486921089091501,736.3025063661053,763.1815666450411,0.8,8.948586956521737,
sarima_dcf,carbon,USA|west virginia,US,False,rolling,2024-12-01,8,2025-08-01,761.2,750.4833874524313,10.519006889922233,737.0027377046771,763.9640372001855,0.8,8.948586956521737,
sarima_dcf,carbon,USA|west virginia,US,False,rolling,2024-12-01,9,2025-09-01,746.08,732.5284559133391,10.550198560793412,719.0078324309479,746.0490793957304,0.8,8.948586956521737,
sarima_dcf,carbon,USA|west virginia,US,False,rolling,2024-12-01,10,2025-10-01,725.38,706.3891601858701,10.580971424932597,692.829099691265,719.9492206804752,0.8,8.948586956521737,
sarima_dcf,carbon,USA|west virginia,US,False,rolling,2024-12-01,11,2025-11-01,724.22,698.0438090481858,10.611520222544511,684.4445986941757,711.6430194021959,0.8,8.948586956521737,
sarima_dcf,carbon,USA|west virginia,US,False,rolling,2024-12-01,12,2025-12-01,758.72,728.8196675365849,10.641925589522979,715.1814911369225,742.4578439362473,0.8,8.948586956521737,
sarima_dcf,carbon,USA|wisconsin,US,True,holdout,last12,1,2025-01-01,513.73,505.1535746293151,25.84969754345154,472.02585427365034,538.2812949849798,0.8,30.687173913043477,
sarima_dcf,carbon,USA|wisconsin,US,True,holdout,last12,2,2025-02-01,501.39,479.23781214423315,29.939757128170868,440.86846952460064,517.6071547638657,0.8,30.687173913043477,
sarima_dcf,carbon,USA|wisconsin,US,True,holdout,last12,3,2025-03-01,457.9,471.24081900129875,31.37185278243493,431.0361719539345,511.445466048663,0.8,30.687173913043477,
sarima_dcf,carbon,USA|wisconsin,US,True,holdout,last12,4,2025-04-01,435.23,447.20098158304415,31.99990378550096,406.1914547894588,488.2105083766295,0.8,30.687173913043477,
sarima_dcf,carbon,USA|wisconsin,US,True,holdout,last12,5,2025-05-01,423.46,448.58831394407605,32.33951579411507,407.14355684917354,490.03307103897856,0.8,30.687173913043477,
sarima_dcf,carbon,USA|wisconsin,US,True,holdout,last12,6,2025-06-01,461.95,470.84012688763147,32.562241532078836,429.10993527455446,512.5703185007085,0.8,30.687173913043477,
sarima_dcf,carbon,USA|wisconsin,US,True,holdout,last12,7,2025-07-01,477.44,488.3177617234673,32.73271177451803,446.36910370431355,530.2664197426211,0.8,30.687173913043477,
sarima_dcf,carbon,USA|wisconsin,US,True,holdout,last12,8,2025-08-01,477.24,489.4982922062084,32.87802020981984,447.3634139343068,531.6331704781101,0.8,30.687173913043477,
sarima_dcf,carbon,USA|wisconsin,US,True,holdout,last12,9,2025-09-01,479.85,477.03379396653975,33.010544978206966,434.72907837023814,519.3385095628413,0.8,30.687173913043477,
sarima_dcf,carbon,USA|wisconsin,US,True,holdout,last12,10,2025-10-01,437.27,468.1826525910652,33.13629866122837,425.71677716541456,510.6485280167159,0.8,30.687173913043477,
sarima_dcf,carbon,USA|wisconsin,US,True,holdout,last12,11,2025-11-01,463.81,454.897514835686,33.25831918364945,412.27526381849805,497.519765852874,0.8,30.687173913043477,
sarima_dcf,carbon,USA|wisconsin,US,True,holdout,last12,12,2025-12-01,483.28,472.24679102920544,33.37817847273018,429.470934152451,515.0226479059598,0.8,30.687173913043477,
sarima_dcf,carbon,USA|wisconsin,US,True,rolling,2022-12-01,1,2023-01-01,485.91,500.3348043540714,25.465458778086603,467.69950578970304,532.9701029184398,0.8,30.044047619047614,
sarima_dcf,carbon,USA|wisconsin,US,True,rolling,2022-12-01,2,2023-02-01,450.75,500.3402484488408,29.584991721594058,462.42555599140786,538.2549409062736,0.8,30.044047619047614,
sarima_dcf,carbon,USA|wisconsin,US,True,rolling,2022-12-01,3,2023-03-01,489.41,487.3796817794321,31.061481265035873,447.5727918360911,527.1865717227731,0.8,30.044047619047614,
sarima_dcf,carbon,USA|wisconsin,US,True,rolling,2022-12-01,4,2023-04-01,403.46,477.9757417413695,31.724684522838775,437.31892262471695,518.6325608580221,0.8,30.044047619047614,
sarima_dcf,carbon,USA|wisconsin,US,True,rolling,2022-12-01,5,2023-05-01,410.15,473.0985163501366,32.090884929929565,431.97239252847373,514.2246401717995,0.8,30.044047619047614,
sarima_dcf,carbon,USA|wisconsin,US,True,rolling,2022-12-01,6,2023-06-01,491.84,487.856327960145,32.33473574265159,446.4176967476789,529.2949591726111,0.8,30.044047619047614,
sarima_dcf,carbon,USA|wisconsin,US,True,rolling,2022-12-01,7,2023-07-01,533.56,505.65453310957287,32.5231160868156,463.97448277212555,547.3345834470201,0.8,30.044047619047614,
sarima_dcf,carbon,USA|wisconsin,US,True,rolling,2022-12-01,8,2023-08-01,528.17,505.82048757404306,32.6844632002092,463.93366259083007,547.707312557256,0.8,30.044047619047614,
sarima_dcf,carbon,USA|wisconsin,US,True,rolling,2022-12-01,9,2023-09-01,525.01,486.5557465367798,32.83192084347387,444.47994697998945,528.6315460935701,0.8,30.044047619047614,
sarima_dcf,carbon,USA|wisconsin,US,True,rolling,2022-12-01,10,2023-10-01,517.51,475.674057580178,32.97193478334676,433.41882293954546,517.9292922208105,0.8,30.044047619047614,
sarima_dcf,carbon,USA|wisconsin,US,True,rolling,2022-12-01,11,2023-11-01,458.75,465.20356903555296,33.10778904829486,422.7742301489903,507.63290792211563,0.8,30.044047619047614,
sarima_dcf,carbon,USA|wisconsin,US,True,rolling,2022-12-01,12,2023-12-01,479.19,480.21917346258834,33.241196213080336,437.61886641514,522.8194805100367,0.8,30.044047619047614,
sarima_dcf,carbon,USA|wisconsin,US,True,rolling,2023-12-01,1,2024-01-01,524.24,487.73531756219154,25.82914072408225,454.63394183057216,520.836693293811,0.8,30.544924242424244,
sarima_dcf,carbon,USA|wisconsin,US,True,rolling,2023-12-01,2,2024-02-01,442.83,483.13807925489175,29.89903251170069,444.82092733125285,521.4552311785307,0.8,30.544924242424244,
sarima_dcf,carbon,USA|wisconsin,US,True,rolling,2023-12-01,3,2024-03-01,439.28,479.85614339515644,31.32356718886468,439.71337682582543,519.9989099644874,0.8,30.544924242424244,
sarima_dcf,carbon,USA|wisconsin,US,True,rolling,2023-12-01,4,2024-04-01,404.94,459.1585475015054,31.95068516127008,418.2120969128571,500.1049980901537,0.8,30.544924242424244,
sarima_dcf,carbon,USA|wisconsin,US,True,rolling,2023-12-01,5,2024-05-01,434.79,456.5201498949751,32.292254569783324,415.1359604961045,497.9043392938457,0.8,30.544924242424244,
sarima_dcf,carbon,USA|wisconsin,US,True,rolling,2023-12-01,6,2024-06-01,456.65,482.1302383939321,32.518170179713294,440.45652649147473,523.8039502963894,0.8,30.544924242424244,
sarima_dcf,carbon,USA|wisconsin,US,True,rolling,2023-12-01,7,2024-07-01,469.31,502.90992666662237,32.69239431094502,461.0129375560294,544.8069157772153,0.8,30.544924242424244,
sarima_dcf,carbon,USA|wisconsin,US,True,rolling,2023-12-01,8,2024-08-01,481.53,502.17051207529477,32.84174328032869,460.08212455917567,544.2588995914139,0.8,30.544924242424244,
sarima_dcf,carbon,USA|wisconsin,US,True,rolling,2023-12-01,9,2024-09-01,479.59,486.3099841171549,32.97846487426767,444.04638082827955,528.5735874060302,0.8,30.544924242424244,
sarima_dcf,carbon,USA|wisconsin,US,True,rolling,2023-12-01,10,2024-10-01,468.57,477.1692088406406,33.10850035855111,434.7389583733054,519.5994593079757,0.8,30.544924242424244,
sarima_dcf,carbon,USA|wisconsin,US,True,rolling,2023-12-01,11,2024-11-01,471.93,459.07737876885216,33.234844381088834,416.4852119216366,501.6695456160677,0.8,30.544924242424244,
sarima_dcf,carbon,USA|wisconsin,US,True,rolling,2023-12-01,12,2024-12-01,508.87,474.07559237004324,33.35904152411608,431.32426047974496,516.8269242603416,0.8,30.544924242424244,
sarima_dcf,carbon,USA|wisconsin,US,True,rolling,2024-12-01,1,2025-01-01,513.73,505.1535746293151,25.84969754345154,472.02585427365034,538.2812949849798,0.8,30.687173913043477,
sarima_dcf,carbon,USA|wisconsin,US,True,rolling,2024-12-01,2,2025-02-01,501.39,479.23781214423315,29.939757128170868,440.86846952460064,517.6071547638657,0.8,30.687173913043477,
sarima_dcf,carbon,USA|wisconsin,US,True,rolling,2024-12-01,3,2025-03-01,457.9,471.24081900129875,31.37185278243493,431.0361719539345,511.445466048663,0.8,30.687173913043477,
sarima_dcf,carbon,USA|wisconsin,US,True,rolling,2024-12-01,4,2025-04-01,435.23,447.20098158304415,31.99990378550096,406.1914547894588,488.2105083766295,0.8,30.687173913043477,
sarima_dcf,carbon,USA|wisconsin,US,True,rolling,2024-12-01,5,2025-05-01,423.46,448.58831394407605,32.33951579411507,407.14355684917354,490.03307103897856,0.8,30.687173913043477,
sarima_dcf,carbon,USA|wisconsin,US,True,rolling,2024-12-01,6,2025-06-01,461.95,470.84012688763147,32.562241532078836,429.10993527455446,512.5703185007085,0.8,30.687173913043477,
sarima_dcf,carbon,USA|wisconsin,US,True,rolling,2024-12-01,7,2025-07-01,477.44,488.3177617234673,32.73271177451803,446.36910370431355,530.2664197426211,0.8,30.687173913043477,
sarima_dcf,carbon,USA|wisconsin,US,True,rolling,2024-12-01,8,2025-08-01,477.24,489.4982922062084,32.87802020981984,447.3634139343068,531.6331704781101,0.8,30.687173913043477,
sarima_dcf,carbon,USA|wisconsin,US,True,rolling,2024-12-01,9,2025-09-01,479.85,477.03379396653975,33.010544978206966,434.72907837023814,519.3385095628413,0.8,30.687173913043477,
sarima_dcf,carbon,USA|wisconsin,US,True,rolling,2024-12-01,10,2025-10-01,437.27,468.1826525910652,33.13629866122837,425.71677716541456,510.6485280167159,0.8,30.687173913043477,
sarima_dcf,carbon,USA|wisconsin,US,True,rolling,2024-12-01,11,2025-11-01,463.81,454.897514835686,33.25831918364945,412.27526381849805,497.519765852874,0.8,30.687173913043477,
sarima_dcf,carbon,USA|wisconsin,US,True,rolling,2024-12-01,12,2025-12-01,483.28,472.24679102920544,33.37817847273018,429.470934152451,515.0226479059598,0.8,30.687173913043477,
sarima_dcf,carbon,USA|wyoming,US,True,holdout,last12,1,2025-01-01,541.92,546.4514750079044,17.63762626529648,523.8479474551231,569.0550025606857,0.8,19.338152173913045,
sarima_dcf,carbon,USA|wyoming,US,True,holdout,last12,2,2025-02-01,529.72,525.8817764036215,23.452483538076244,495.82620940949096,555.9373433977521,0.8,19.338152173913045,
sarima_dcf,carbon,USA|wyoming,US,True,holdout,last12,3,2025-03-01,499.71,518.8264617756085,28.776588673070133,481.9477795106025,555.7051440406146,0.8,19.338152173913045,
sarima_dcf,carbon,USA|wyoming,US,True,holdout,last12,4,2025-04-01,484.45,495.1754561404672,32.92311908766606,452.9827813310574,537.3681309498769,0.8,19.338152173913045,
sarima_dcf,carbon,USA|wyoming,US,True,holdout,last12,5,2025-05-01,500.11,510.93238371885525,36.77062838214055,463.8089273496643,558.0558400880462,0.8,19.338152173913045,
sarima_dcf,carbon,USA|wyoming,US,True,holdout,last12,6,2025-06-01,570.18,539.43065595605,40.16608668665778,487.9557446809636,590.9055672311364,0.8,19.338152173913045,
sarima_dcf,carbon,USA|wyoming,US,True,holdout,last12,7,2025-07-01,607.44,595.5711973565355,43.34051810977826,540.0280885214352,651.1143061916359,0.8,19.338152173913045,
sarima_dcf,carbon,USA|wyoming,US,True,holdout,last12,8,2025-08-01,611.63,590.9794866790643,46.274525400682435,531.6762962069863,650.2826771511423,0.8,19.338152173913045,
sarima_dcf,carbon,USA|wyoming,US,True,holdout,last12,9,2025-09-01,613.22,580.5834252633327,49.0455471762185,517.7290274966583,643.4378230300072,0.8,19.338152173913045,
sarima_dcf,carbon,USA|wyoming,US,True,holdout,last12,10,2025-10-01,552.37,562.8990944346895,51.66166225278505,496.6920102959964,629.1061785733825,0.8,19.338152173913045,
sarima_dcf,carbon,USA|wyoming,US,True,holdout,last12,11,2025-11-01,517.05,520.7158025500569,54.15500467927857,451.3133715212523,590.1182335788615,0.8,19.338152173913045,
sarima_dcf,carbon,USA|wyoming,US,True,holdout,last12,12,2025-12-01,454.97,511.7143495948093,56.53664184642128,439.2597277258937,584.1689714637248,0.8,19.338152173913045,
sarima_dcf,carbon,USA|wyoming,US,True,rolling,2022-12-01,1,2023-01-01,615.55,565.1575513936799,15.297141023794195,545.5534763662799,584.7616264210799,0.8,17.201944444444447,
sarima_dcf,carbon,USA|wyoming,US,True,rolling,2022-12-01,2,2023-02-01,548.46,568.7928556866291,19.562973055378635,543.7218969408018,593.8638144324564,0.8,17.201944444444447,
sarima_dcf,carbon,USA|wyoming,US,True,rolling,2022-12-01,3,2023-03-01,566.17,589.1188284468351,21.929255477538966,561.0153567583675,617.2223001353027,0.8,17.201944444444447,
sarima_dcf,carbon,USA|wyoming,US,True,rolling,2022-12-01,4,2023-04-01,537.8,572.2383032932362,23.420837355690537,542.2232925136855,602.2533140727869,0.8,17.201944444444447,
sarima_dcf,carbon,USA|wyoming,US,True,rolling,2022-12-01,5,2023-05-01,581.99,589.8021104793555,24.43989244465085,558.4811280551716,621.1230929035395,0.8,17.201944444444447,
sarima_dcf,carbon,USA|wyoming,US,True,rolling,2022-12-01,6,2023-06-01,655.13,614.4083213076873,25.182293893596587,582.1359131443444,646.6807294710302,0.8,17.201944444444447,
sarima_dcf,carbon,USA|wyoming,US,True,rolling,2022-12-01,7,2023-07-01,696.86,650.9495350894866,25.753931827827422,617.9445434366055,683.9545267423678,0.8,17.201944444444447,
sarima_dcf,carbon,USA|wyoming,US,True,rolling,2022-12-01,8,2023-08-01,690.19,652.22982927547,26.21589048621806,618.6328137807114,685.8268447702286,0.8,17.201944444444447,
sarima_dcf,carbon,USA|wyoming,US,True,rolling,2022-12-01,9,2023-09-01,665.48,646.8947327307094,26.605106193138656,612.7989172374122,680.9905482240066,0.8,17.201944444444447,
sarima_dcf,carbon,USA|wyoming,US,True,rolling,2022-12-01,10,2023-10-01,655.31,618.8554118053095,26.944763399219063,584.3243080878115,653.3865155228075,0.8,17.201944444444447,
sarima_dcf,carbon,USA|wyoming,US,True,rolling,2022-12-01,11,2023-11-01,585.55,582.7277053756291,27.249871021415704,547.8055905072454,617.6498202440127,0.8,17.201944444444447,
sarima_dcf,carbon,USA|wyoming,US,True,rolling,2022-12-01,12,2023-12-01,594.97,559.2887557822851,27.530399535687522,524.0071291572564,594.5703824073138,0.8,17.201944444444447,
sarima_dcf,carbon,USA|wyoming,US,True,rolling,2023-12-01,1,2024-01-01,604.41,607.7758500283113,16.92565304686769,586.0847528682333,629.4669471883893,0.8,17.462272727272726,
sarima_dcf,carbon,USA|wyoming,US,True,rolling,2023-12-01,2,2024-02-01,581.48,589.1068969770209,22.465302949477888,560.3164528116838,617.8973411423581,0.8,17.462272727272726,
sarima_dcf,carbon,USA|wyoming,US,True,rolling,2023-12-01,3,2024-03-01,531.08,603.1194814816881,27.61443733206508,567.7301560871468,638.5088068762294,0.8,17.462272727272726,
sarima_dcf,carbon,USA|wyoming,US,True,rolling,2023-12-01,4,2024-04-01,497.02,583.7545269279005,31.564899157718465,543.302480996069,624.2065728597321,0.8,17.462272727272726,
sarima_dcf,carbon,USA|wyoming,US,True,rolling,2023-12-01,5,2024-05-01,501.11,607.4743289784208,35.27561612088372,562.2668079131519,652.6818500436897,0.8,17.462272727272726,
sarima_dcf,carbon,USA|wyoming,US,True,rolling,2023-12-01,6,2024-06-01,517.97,646.9111589903034,38.52063986225912,597.5449726690455,696.2773453115614,0.8,17.462272727272726,
sarima_dcf,carbon,USA|wyoming,US,True,rolling,2023-12-01,7,2024-07-01,623.87,682.0052608299891,41.574054350108604,628.7259663915711,735.2845552684071,0.8,17.462272727272726,
sarima_dcf,carbon,USA|wyoming,US,True,rolling,2023-12-01,8,2024-08-01,613.32,680.3208154781792,44.383745809658805,623.4407565510774,737.200874405281,0.8,17.462272727272726,
sarima_dcf,carbon,USA|wyoming,US,True,rolling,2023-12-01,9,2024-09-01,602.96,668.3632026613227,47.04518593140452,608.0723709795944,728.654034343051,0.8,17.462272727272726,
sarima_dcf,carbon,USA|wyoming,US,True,rolling,2023-12-01,10,2024-10-01,586.57,648.144384989541,49.552958613144035,584.6397133014995,711.6490566775825,0.8,17.462272727272726,
sarima_dcf,carbon,USA|wyoming,US,True,rolling,2023-12-01,11,2024-11-01,540.0,602.8009383594809,51.94603417926743,536.2294169332074,669.3724597857545,0.8,17.462272727272726,
sarima_dcf,carbon,USA|wyoming,US,True,rolling,2023-12-01,12,2024-12-01,532.42,592.1146246325522,54.23004490091848,522.6160256902263,661.6132235748782,0.8,17.462272727272726,
sarima_dcf,carbon,USA|wyoming,US,True,rolling,2024-12-01,1,2025-01-01,541.92,546.4514750079044,17.63762626529648,523.8479474551231,569.0550025606857,0.8,19.338152173913045,
sarima_dcf,carbon,USA|wyoming,US,True,rolling,2024-12-01,2,2025-02-01,529.72,525.8817764036215,23.452483538076244,495.82620940949096,555.9373433977521,0.8,19.338152173913045,
sarima_dcf,carbon,USA|wyoming,US,True,rolling,2024-12-01,3,2025-03-01,499.71,518.8264617756085,28.776588673070133,481.9477795106025,555.7051440406146,0.8,19.338152173913045,
sarima_dcf,carbon,USA|wyoming,US,True,rolling,2024-12-01,4,2025-04-01,484.45,495.1754561404672,32.92311908766606,452.9827813310574,537.3681309498769,0.8,19.338152173913045,
sarima_dcf,carbon,USA|wyoming,US,True,rolling,2024-12-01,5,2025-05-01,500.11,510.93238371885525,36.77062838214055,463.8089273496643,558.0558400880462,0.8,19.338152173913045,
sarima_dcf,carbon,USA|wyoming,US,True,rolling,2024-12-01,6,2025-06-01,570.18,539.43065595605,40.16608668665778,487.9557446809636,590.9055672311364,0.8,19.338152173913045,
sarima_dcf,carbon,USA|wyoming,US,True,rolling,2024-12-01,7,2025-07-01,607.44,595.5711973565355,43.34051810977826,540.0280885214352,651.1143061916359,0.8,19.338152173913045,
sarima_dcf,carbon,USA|wyoming,US,True,rolling,2024-12-01,8,2025-08-01,611.63,590.9794866790643,46.274525400682435,531.6762962069863,650.2826771511423,0.8,19.338152173913045,
sarima_dcf,carbon,USA|wyoming,US,True,rolling,2024-12-01,9,2025-09-01,613.22,580.5834252633327,49.0455471762185,517.7290274966583,643.4378230300072,0.8,19.338152173913045,
sarima_dcf,carbon,USA|wyoming,US,True,rolling,2024-12-01,10,2025-10-01,552.37,562.8990944346895,51.66166225278505,496.6920102959964,629.1061785733825,0.8,19.338152173913045,
sarima_dcf,carbon,USA|wyoming,US,True,rolling,2024-12-01,11,2025-11-01,517.05,520.7158025500569,54.15500467927857,451.3133715212523,590.1182335788615,0.8,19.338152173913045,
sarima_dcf,carbon,USA|wyoming,US,True,rolling,2024-12-01,12,2025-12-01,454.97,511.7143495948093,56.53664184642128,439.2597277258937,584.1689714637248,0.8,19.338152173913045,
